sample_id,target_id,scenario,borehole_id,depth_from_m,depth_to_m,sample_type,mn_pct,fe_pct,sio2_pct,sample_quality,provenance
SIM_T01_SS01,T01,POSITIVE_GEOCHEMICAL_SUPPORT,,0.0,0.2,soil / rock chip (simulated),19.51,6.13,38.54,SIMULATED_SCREENING,SIMULATED
SIM_T01_SS02,T01,POSITIVE_GEOCHEMICAL_SUPPORT,,0.0,0.2,soil / rock chip (simulated),9.51,5.15,52.08,SIMULATED_SCREENING,SIMULATED
SIM_T01_SS03,T01,POSITIVE_GEOCHEMICAL_SUPPORT,,0.0,0.2,soil / rock chip (simulated),14.91,3.98,53.08,SIMULATED_SCREENING,SIMULATED
SIM_T01_SS04,T01,POSITIVE_GEOCHEMICAL_SUPPORT,,0.0,0.2,soil / rock chip (simulated),19.69,5.08,50.72,SIMULATED_SCREENING,SIMULATED
SIM_T01_SS05,T01,POSITIVE_GEOCHEMICAL_SUPPORT,,0.0,0.2,soil / rock chip (simulated),17.67,3.97,49.11,SIMULATED_SCREENING,SIMULATED
SIM_T01_SS06,T01,POSITIVE_GEOCHEMICAL_SUPPORT,,0.0,0.2,soil / rock chip (simulated),10.72,6.05,52.29,SIMULATED_SCREENING,SIMULATED
SIM_T01_SS07,T01,POSITIVE_GEOCHEMICAL_SUPPORT,,0.0,0.2,soil / rock chip (simulated),14.06,4.18,55.05,SIMULATED_SCREENING,SIMULATED
SIM_T01_SS08,T01,POSITIVE_GEOCHEMICAL_SUPPORT,,0.0,0.2,soil / rock chip (simulated),14.21,4.49,48.64,SIMULATED_SCREENING,SIMULATED
SIM_T01_POS_BH01_001,T01,POSITIVE_DRILLING_INTERSECTION,SIM_T01_POS_BH01,0.0,2.15,drill core (simulated),0.57,4.0,61.26,SIMULATED_ASSAY,SIMULATED
SIM_T01_POS_BH01_002,T01,POSITIVE_DRILLING_INTERSECTION,SIM_T01_POS_BH01,2.15,14.21,drill core (simulated),0.45,6.31,59.31,SIMULATED_ASSAY,SIMULATED
SIM_T01_POS_BH01_003,T01,POSITIVE_DRILLING_INTERSECTION,SIM_T01_POS_BH01,14.21,15.95,drill core (simulated),36.85,6.1,16.11,SIMULATED_ASSAY,SIMULATED
SIM_T01_POS_BH01_004,T01,POSITIVE_DRILLING_INTERSECTION,SIM_T01_POS_BH01,15.95,16.3,drill core (simulated),0.47,4.52,49.26,SIMULATED_ASSAY,SIMULATED
SIM_T01_POS_BH01_005,T01,POSITIVE_DRILLING_INTERSECTION,SIM_T01_POS_BH01,16.3,17.91,drill core (simulated),29.08,5.59,21.28,SIMULATED_ASSAY,SIMULATED
SIM_T01_POS_BH01_006,T01,POSITIVE_DRILLING_INTERSECTION,SIM_T01_POS_BH01,17.91,52.2,drill core (simulated),0.82,2.48,63.81,SIMULATED_ASSAY,SIMULATED
SIM_T01_POS_BH02_007,T01,POSITIVE_DRILLING_INTERSECTION,SIM_T01_POS_BH02,0.0,2.55,drill core (simulated),0.52,4.36,62.14,SIMULATED_ASSAY,SIMULATED
SIM_T01_POS_BH02_008,T01,POSITIVE_DRILLING_INTERSECTION,SIM_T01_POS_BH02,2.55,37.06,drill core (simulated),0.44,5.69,56.14,SIMULATED_ASSAY,SIMULATED
SIM_T01_POS_BH02_009,T01,POSITIVE_DRILLING_INTERSECTION,SIM_T01_POS_BH02,37.06,38.68,drill core (simulated),28.38,5.43,22.05,SIMULATED_ASSAY,SIMULATED
SIM_T01_POS_BH02_010,T01,POSITIVE_DRILLING_INTERSECTION,SIM_T01_POS_BH02,38.68,61.71,drill core (simulated),0.22,5.02,55.18,SIMULATED_ASSAY,SIMULATED
SIM_T01_POS_BH02_011,T01,POSITIVE_DRILLING_INTERSECTION,SIM_T01_POS_BH02,61.71,63.24,drill core (simulated),34.86,7.0,17.48,SIMULATED_ASSAY,SIMULATED
SIM_T01_POS_BH02_012,T01,POSITIVE_DRILLING_INTERSECTION,SIM_T01_POS_BH02,63.24,81.7,drill core (simulated),0.38,2.47,57.52,SIMULATED_ASSAY,SIMULATED
SIM_T01_POS_BH03_013,T01,POSITIVE_DRILLING_INTERSECTION,SIM_T01_POS_BH03,0.0,2.96,drill core (simulated),0.35,6.26,55.97,SIMULATED_ASSAY,SIMULATED
SIM_T01_POS_BH03_014,T01,POSITIVE_DRILLING_INTERSECTION,SIM_T01_POS_BH03,2.96,37.47,drill core (simulated),0.17,4.11,59.43,SIMULATED_ASSAY,SIMULATED
SIM_T01_POS_BH03_015,T01,POSITIVE_DRILLING_INTERSECTION,SIM_T01_POS_BH03,37.47,39.19,drill core (simulated),24.82,5.21,25.18,SIMULATED_ASSAY,SIMULATED
SIM_T01_POS_BH03_016,T01,POSITIVE_DRILLING_INTERSECTION,SIM_T01_POS_BH03,39.19,55.9,drill core (simulated),0.45,4.64,67.61,SIMULATED_ASSAY,SIMULATED
SIM_T01_NEG_BH01_001,T01,NEGATIVE_DRILLING_RESULT,SIM_T01_NEG_BH01,0.0,2.33,drill core (simulated),0.25,5.95,49.74,SIMULATED_ASSAY,SIMULATED
SIM_T01_NEG_BH01_002,T01,NEGATIVE_DRILLING_RESULT,SIM_T01_NEG_BH01,2.33,74.7,drill core (simulated),0.34,5.47,51.91,SIMULATED_ASSAY,SIMULATED
SIM_T01_NEG_BH02_003,T01,NEGATIVE_DRILLING_RESULT,SIM_T01_NEG_BH02,0.0,2.49,drill core (simulated),0.26,4.79,54.33,SIMULATED_ASSAY,SIMULATED
SIM_T01_NEG_BH02_004,T01,NEGATIVE_DRILLING_RESULT,SIM_T01_NEG_BH02,2.49,74.3,drill core (simulated),0.68,3.45,57.05,SIMULATED_ASSAY,SIMULATED
SIM_T01_NEG_BH03_005,T01,NEGATIVE_DRILLING_RESULT,SIM_T01_NEG_BH03,0.0,2.28,drill core (simulated),0.3,3.91,52.21,SIMULATED_ASSAY,SIMULATED
SIM_T01_NEG_BH03_006,T01,NEGATIVE_DRILLING_RESULT,SIM_T01_NEG_BH03,2.28,83.6,drill core (simulated),1.13,3.65,63.03,SIMULATED_ASSAY,SIMULATED
SIM_T01_AMB_BH01_001,T01,AMBIGUOUS_DRILLING_RESULT,SIM_T01_AMB_BH01,0.0,2.94,drill core (simulated),0.38,5.33,65.84,SIMULATED_ASSAY,SIMULATED
SIM_T01_AMB_BH01_002,T01,AMBIGUOUS_DRILLING_RESULT,SIM_T01_AMB_BH01,2.94,49.28,drill core (simulated),0.34,7.3,60.57,SIMULATED_ASSAY,SIMULATED
SIM_T01_AMB_BH01_003,T01,AMBIGUOUS_DRILLING_RESULT,SIM_T01_AMB_BH01,49.28,50.16,drill core (simulated),17.26,3.95,30.67,SIMULATED_ASSAY,SIMULATED
SIM_T01_AMB_BH01_004,T01,AMBIGUOUS_DRILLING_RESULT,SIM_T01_AMB_BH01,50.16,62.8,drill core (simulated),0.96,4.43,56.92,SIMULATED_ASSAY,SIMULATED
SIM_T01_AMB_BH02_005,T01,AMBIGUOUS_DRILLING_RESULT,SIM_T01_AMB_BH02,0.0,2.2,drill core (simulated),0.52,3.74,57.71,SIMULATED_ASSAY,SIMULATED
SIM_T01_AMB_BH02_006,T01,AMBIGUOUS_DRILLING_RESULT,SIM_T01_AMB_BH02,2.2,16.81,drill core (simulated),0.21,6.37,56.0,SIMULATED_ASSAY,SIMULATED
SIM_T01_AMB_BH02_007,T01,AMBIGUOUS_DRILLING_RESULT,SIM_T01_AMB_BH02,16.81,17.2,drill core (simulated),10.38,5.27,36.71,SIMULATED_ASSAY,SIMULATED
SIM_T01_AMB_BH02_008,T01,AMBIGUOUS_DRILLING_RESULT,SIM_T01_AMB_BH02,17.2,93.7,drill core (simulated),0.35,7.01,61.23,SIMULATED_ASSAY,SIMULATED
SIM_T01_AMB_BH03_009,T01,AMBIGUOUS_DRILLING_RESULT,SIM_T01_AMB_BH03,0.0,2.02,drill core (simulated),0.26,4.11,49.22,SIMULATED_ASSAY,SIMULATED
SIM_T01_AMB_BH03_010,T01,AMBIGUOUS_DRILLING_RESULT,SIM_T01_AMB_BH03,2.02,43.78,drill core (simulated),0.49,4.02,53.63,SIMULATED_ASSAY,SIMULATED
SIM_T01_AMB_BH03_011,T01,AMBIGUOUS_DRILLING_RESULT,SIM_T01_AMB_BH03,43.78,44.53,drill core (simulated),7.96,4.41,38.6,SIMULATED_ASSAY,SIMULATED
SIM_T01_AMB_BH03_012,T01,AMBIGUOUS_DRILLING_RESULT,SIM_T01_AMB_BH03,44.53,96.2,drill core (simulated),0.3,2.36,57.43,SIMULATED_ASSAY,SIMULATED
SIM_T02_SS01,T02,POSITIVE_GEOCHEMICAL_SUPPORT,,0.0,0.2,soil / rock chip (simulated),28.53,8.49,35.34,SIMULATED_SCREENING,SIMULATED
SIM_T02_SS02,T02,POSITIVE_GEOCHEMICAL_SUPPORT,,0.0,0.2,soil / rock chip (simulated),13.19,5.41,57.68,SIMULATED_SCREENING,SIMULATED
SIM_T02_SS03,T02,POSITIVE_GEOCHEMICAL_SUPPORT,,0.0,0.2,soil / rock chip (simulated),10.62,4.71,55.68,SIMULATED_SCREENING,SIMULATED
SIM_T02_SS04,T02,POSITIVE_GEOCHEMICAL_SUPPORT,,0.0,0.2,soil / rock chip (simulated),17.47,4.55,47.24,SIMULATED_SCREENING,SIMULATED
SIM_T02_SS05,T02,POSITIVE_GEOCHEMICAL_SUPPORT,,0.0,0.2,soil / rock chip (simulated),9.27,4.71,52.45,SIMULATED_SCREENING,SIMULATED
SIM_T02_SS06,T02,POSITIVE_GEOCHEMICAL_SUPPORT,,0.0,0.2,soil / rock chip (simulated),16.27,4.33,50.5,SIMULATED_SCREENING,SIMULATED
SIM_T02_SS07,T02,POSITIVE_GEOCHEMICAL_SUPPORT,,0.0,0.2,soil / rock chip (simulated),21.38,5.19,46.44,SIMULATED_SCREENING,SIMULATED
SIM_T02_SS08,T02,POSITIVE_GEOCHEMICAL_SUPPORT,,0.0,0.2,soil / rock chip (simulated),15.28,5.0,46.42,SIMULATED_SCREENING,SIMULATED
SIM_T02_POS_BH01_001,T02,POSITIVE_DRILLING_INTERSECTION,SIM_T02_POS_BH01,0.0,2.24,drill core (simulated),0.17,3.33,60.73,SIMULATED_ASSAY,SIMULATED
SIM_T02_POS_BH01_002,T02,POSITIVE_DRILLING_INTERSECTION,SIM_T02_POS_BH01,2.24,14.81,drill core (simulated),0.32,4.56,58.31,SIMULATED_ASSAY,SIMULATED
SIM_T02_POS_BH01_003,T02,POSITIVE_DRILLING_INTERSECTION,SIM_T02_POS_BH01,14.81,16.34,drill core (simulated),34.22,6.23,17.41,SIMULATED_ASSAY,SIMULATED
SIM_T02_POS_BH01_004,T02,POSITIVE_DRILLING_INTERSECTION,SIM_T02_POS_BH01,16.34,43.94,drill core (simulated),0.77,5.26,56.58,SIMULATED_ASSAY,SIMULATED
SIM_T02_POS_BH01_005,T02,POSITIVE_DRILLING_INTERSECTION,SIM_T02_POS_BH01,43.94,45.9,drill core (simulated),33.11,3.36,18.22,SIMULATED_ASSAY,SIMULATED
SIM_T02_POS_BH01_006,T02,POSITIVE_DRILLING_INTERSECTION,SIM_T02_POS_BH01,45.9,59.1,drill core (simulated),0.5,6.3,48.8,SIMULATED_ASSAY,SIMULATED
SIM_T02_POS_BH02_007,T02,POSITIVE_DRILLING_INTERSECTION,SIM_T02_POS_BH02,0.0,2.69,drill core (simulated),0.35,6.48,53.82,SIMULATED_ASSAY,SIMULATED
SIM_T02_POS_BH02_008,T02,POSITIVE_DRILLING_INTERSECTION,SIM_T02_POS_BH02,2.69,37.49,drill core (simulated),0.23,6.76,56.86,SIMULATED_ASSAY,SIMULATED
SIM_T02_POS_BH02_009,T02,POSITIVE_DRILLING_INTERSECTION,SIM_T02_POS_BH02,37.49,39.31,drill core (simulated),37.71,7.1,16.4,SIMULATED_ASSAY,SIMULATED
SIM_T02_POS_BH02_010,T02,POSITIVE_DRILLING_INTERSECTION,SIM_T02_POS_BH02,39.31,52.02,drill core (simulated),0.18,4.22,50.97,SIMULATED_ASSAY,SIMULATED
SIM_T02_POS_BH02_011,T02,POSITIVE_DRILLING_INTERSECTION,SIM_T02_POS_BH02,52.02,53.93,drill core (simulated),40.31,4.95,13.36,SIMULATED_ASSAY,SIMULATED
SIM_T02_POS_BH02_012,T02,POSITIVE_DRILLING_INTERSECTION,SIM_T02_POS_BH02,53.93,69.0,drill core (simulated),0.24,3.99,50.7,SIMULATED_ASSAY,SIMULATED
SIM_T02_POS_BH03_013,T02,POSITIVE_DRILLING_INTERSECTION,SIM_T02_POS_BH03,0.0,2.56,drill core (simulated),0.3,7.21,48.51,SIMULATED_ASSAY,SIMULATED
SIM_T02_POS_BH03_014,T02,POSITIVE_DRILLING_INTERSECTION,SIM_T02_POS_BH03,2.56,30.27,drill core (simulated),0.49,6.22,54.57,SIMULATED_ASSAY,SIMULATED
SIM_T02_POS_BH03_015,T02,POSITIVE_DRILLING_INTERSECTION,SIM_T02_POS_BH03,30.27,32.07,drill core (simulated),37.6,6.35,15.13,SIMULATED_ASSAY,SIMULATED
SIM_T02_POS_BH03_016,T02,POSITIVE_DRILLING_INTERSECTION,SIM_T02_POS_BH03,32.07,58.6,drill core (simulated),0.45,4.77,57.11,SIMULATED_ASSAY,SIMULATED
SIM_T02_NEG_BH01_001,T02,NEGATIVE_DRILLING_RESULT,SIM_T02_NEG_BH01,0.0,2.73,drill core (simulated),0.42,6.26,63.14,SIMULATED_ASSAY,SIMULATED
SIM_T02_NEG_BH01_002,T02,NEGATIVE_DRILLING_RESULT,SIM_T02_NEG_BH01,2.73,69.2,drill core (simulated),0.56,1.99,56.77,SIMULATED_ASSAY,SIMULATED
SIM_T02_NEG_BH02_003,T02,NEGATIVE_DRILLING_RESULT,SIM_T02_NEG_BH02,0.0,2.01,drill core (simulated),0.27,5.41,61.15,SIMULATED_ASSAY,SIMULATED
SIM_T02_NEG_BH02_004,T02,NEGATIVE_DRILLING_RESULT,SIM_T02_NEG_BH02,2.01,84.3,drill core (simulated),0.18,4.29,58.33,SIMULATED_ASSAY,SIMULATED
SIM_T02_NEG_BH03_005,T02,NEGATIVE_DRILLING_RESULT,SIM_T02_NEG_BH03,0.0,3.0,drill core (simulated),0.51,5.3,56.92,SIMULATED_ASSAY,SIMULATED
SIM_T02_NEG_BH03_006,T02,NEGATIVE_DRILLING_RESULT,SIM_T02_NEG_BH03,3.0,55.3,drill core (simulated),0.6,4.6,61.13,SIMULATED_ASSAY,SIMULATED
SIM_T02_AMB_BH01_001,T02,AMBIGUOUS_DRILLING_RESULT,SIM_T02_AMB_BH01,0.0,2.24,drill core (simulated),0.4,3.74,58.55,SIMULATED_ASSAY,SIMULATED
SIM_T02_AMB_BH01_002,T02,AMBIGUOUS_DRILLING_RESULT,SIM_T02_AMB_BH01,2.24,62.9,drill core (simulated),0.28,4.46,52.67,SIMULATED_ASSAY,SIMULATED
SIM_T02_AMB_BH01_003,T02,AMBIGUOUS_DRILLING_RESULT,SIM_T02_AMB_BH01,62.9,63.74,drill core (simulated),22.1,3.93,28.19,SIMULATED_ASSAY,SIMULATED
SIM_T02_AMB_BH01_004,T02,AMBIGUOUS_DRILLING_RESULT,SIM_T02_AMB_BH01,63.74,90.1,drill core (simulated),0.47,4.8,60.85,SIMULATED_ASSAY,SIMULATED
SIM_T02_AMB_BH02_005,T02,AMBIGUOUS_DRILLING_RESULT,SIM_T02_AMB_BH02,0.0,2.09,drill core (simulated),0.32,4.5,64.4,SIMULATED_ASSAY,SIMULATED
SIM_T02_AMB_BH02_006,T02,AMBIGUOUS_DRILLING_RESULT,SIM_T02_AMB_BH02,2.09,33.27,drill core (simulated),0.71,5.52,57.21,SIMULATED_ASSAY,SIMULATED
SIM_T02_AMB_BH02_007,T02,AMBIGUOUS_DRILLING_RESULT,SIM_T02_AMB_BH02,33.27,34.03,drill core (simulated),28.42,6.1,23.6,SIMULATED_ASSAY,SIMULATED
SIM_T02_AMB_BH02_008,T02,AMBIGUOUS_DRILLING_RESULT,SIM_T02_AMB_BH02,34.03,58.7,drill core (simulated),0.45,5.5,52.93,SIMULATED_ASSAY,SIMULATED
SIM_T02_AMB_BH03_009,T02,AMBIGUOUS_DRILLING_RESULT,SIM_T02_AMB_BH03,0.0,2.41,drill core (simulated),0.25,4.57,55.56,SIMULATED_ASSAY,SIMULATED
SIM_T02_AMB_BH03_010,T02,AMBIGUOUS_DRILLING_RESULT,SIM_T02_AMB_BH03,2.41,32.61,drill core (simulated),0.45,6.6,55.96,SIMULATED_ASSAY,SIMULATED
SIM_T02_AMB_BH03_011,T02,AMBIGUOUS_DRILLING_RESULT,SIM_T02_AMB_BH03,32.61,33.07,drill core (simulated),11.29,9.9,35.97,SIMULATED_ASSAY,SIMULATED
SIM_T02_AMB_BH03_012,T02,AMBIGUOUS_DRILLING_RESULT,SIM_T02_AMB_BH03,33.07,70.6,drill core (simulated),0.47,5.87,58.55,SIMULATED_ASSAY,SIMULATED
SIM_T03_SS01,T03,POSITIVE_GEOCHEMICAL_SUPPORT,,0.0,0.2,soil / rock chip (simulated),11.13,5.8,56.55,SIMULATED_SCREENING,SIMULATED
SIM_T03_SS02,T03,POSITIVE_GEOCHEMICAL_SUPPORT,,0.0,0.2,soil / rock chip (simulated),17.05,4.66,49.88,SIMULATED_SCREENING,SIMULATED
SIM_T03_SS03,T03,POSITIVE_GEOCHEMICAL_SUPPORT,,0.0,0.2,soil / rock chip (simulated),13.46,6.12,43.25,SIMULATED_SCREENING,SIMULATED
SIM_T03_SS04,T03,POSITIVE_GEOCHEMICAL_SUPPORT,,0.0,0.2,soil / rock chip (simulated),13.34,2.61,44.68,SIMULATED_SCREENING,SIMULATED
SIM_T03_SS05,T03,POSITIVE_GEOCHEMICAL_SUPPORT,,0.0,0.2,soil / rock chip (simulated),24.18,6.07,40.2,SIMULATED_SCREENING,SIMULATED
SIM_T03_SS06,T03,POSITIVE_GEOCHEMICAL_SUPPORT,,0.0,0.2,soil / rock chip (simulated),8.87,1.44,51.62,SIMULATED_SCREENING,SIMULATED
SIM_T03_SS07,T03,POSITIVE_GEOCHEMICAL_SUPPORT,,0.0,0.2,soil / rock chip (simulated),34.99,5.52,33.27,SIMULATED_SCREENING,SIMULATED
SIM_T03_SS08,T03,POSITIVE_GEOCHEMICAL_SUPPORT,,0.0,0.2,soil / rock chip (simulated),17.65,3.13,46.45,SIMULATED_SCREENING,SIMULATED
SIM_T03_POS_BH01_001,T03,POSITIVE_DRILLING_INTERSECTION,SIM_T03_POS_BH01,0.0,2.21,drill core (simulated),0.78,4.34,66.42,SIMULATED_ASSAY,SIMULATED
SIM_T03_POS_BH01_002,T03,POSITIVE_DRILLING_INTERSECTION,SIM_T03_POS_BH01,2.21,28.25,drill core (simulated),0.83,7.35,59.55,SIMULATED_ASSAY,SIMULATED
SIM_T03_POS_BH01_003,T03,POSITIVE_DRILLING_INTERSECTION,SIM_T03_POS_BH01,28.25,30.17,drill core (simulated),29.34,5.33,20.85,SIMULATED_ASSAY,SIMULATED
SIM_T03_POS_BH01_004,T03,POSITIVE_DRILLING_INTERSECTION,SIM_T03_POS_BH01,30.17,50.5,drill core (simulated),0.48,4.19,61.82,SIMULATED_ASSAY,SIMULATED
SIM_T03_POS_BH02_005,T03,POSITIVE_DRILLING_INTERSECTION,SIM_T03_POS_BH02,0.0,2.08,drill core (simulated),0.43,5.99,62.24,SIMULATED_ASSAY,SIMULATED
SIM_T03_POS_BH02_006,T03,POSITIVE_DRILLING_INTERSECTION,SIM_T03_POS_BH02,2.08,47.04,drill core (simulated),0.49,8.05,59.78,SIMULATED_ASSAY,SIMULATED
SIM_T03_POS_BH02_007,T03,POSITIVE_DRILLING_INTERSECTION,SIM_T03_POS_BH02,47.04,48.93,drill core (simulated),31.27,4.87,19.75,SIMULATED_ASSAY,SIMULATED
SIM_T03_POS_BH02_008,T03,POSITIVE_DRILLING_INTERSECTION,SIM_T03_POS_BH02,48.93,74.7,drill core (simulated),0.23,4.89,52.67,SIMULATED_ASSAY,SIMULATED
SIM_T03_POS_BH03_009,T03,POSITIVE_DRILLING_INTERSECTION,SIM_T03_POS_BH03,0.0,2.18,drill core (simulated),0.39,5.28,52.6,SIMULATED_ASSAY,SIMULATED
SIM_T03_POS_BH03_010,T03,POSITIVE_DRILLING_INTERSECTION,SIM_T03_POS_BH03,2.18,31.15,drill core (simulated),0.2,4.62,65.49,SIMULATED_ASSAY,SIMULATED
SIM_T03_POS_BH03_011,T03,POSITIVE_DRILLING_INTERSECTION,SIM_T03_POS_BH03,31.15,32.95,drill core (simulated),31.37,4.27,17.95,SIMULATED_ASSAY,SIMULATED
SIM_T03_POS_BH03_012,T03,POSITIVE_DRILLING_INTERSECTION,SIM_T03_POS_BH03,32.95,81.5,drill core (simulated),0.33,8.0,62.29,SIMULATED_ASSAY,SIMULATED
SIM_T03_NEG_BH01_001,T03,NEGATIVE_DRILLING_RESULT,SIM_T03_NEG_BH01,0.0,2.98,drill core (simulated),0.32,5.36,62.88,SIMULATED_ASSAY,SIMULATED
SIM_T03_NEG_BH01_002,T03,NEGATIVE_DRILLING_RESULT,SIM_T03_NEG_BH01,2.98,98.5,drill core (simulated),0.17,6.91,54.53,SIMULATED_ASSAY,SIMULATED
SIM_T03_NEG_BH02_003,T03,NEGATIVE_DRILLING_RESULT,SIM_T03_NEG_BH02,0.0,2.92,drill core (simulated),0.24,5.67,49.46,SIMULATED_ASSAY,SIMULATED
SIM_T03_NEG_BH02_004,T03,NEGATIVE_DRILLING_RESULT,SIM_T03_NEG_BH02,2.92,90.1,drill core (simulated),0.26,5.36,62.28,SIMULATED_ASSAY,SIMULATED
SIM_T03_NEG_BH03_005,T03,NEGATIVE_DRILLING_RESULT,SIM_T03_NEG_BH03,0.0,2.86,drill core (simulated),0.3,3.44,66.18,SIMULATED_ASSAY,SIMULATED
SIM_T03_NEG_BH03_006,T03,NEGATIVE_DRILLING_RESULT,SIM_T03_NEG_BH03,2.86,81.1,drill core (simulated),0.13,4.39,73.3,SIMULATED_ASSAY,SIMULATED
SIM_T03_AMB_BH01_001,T03,AMBIGUOUS_DRILLING_RESULT,SIM_T03_AMB_BH01,0.0,2.19,drill core (simulated),0.38,5.25,47.62,SIMULATED_ASSAY,SIMULATED
SIM_T03_AMB_BH01_002,T03,AMBIGUOUS_DRILLING_RESULT,SIM_T03_AMB_BH01,2.19,80.4,drill core (simulated),0.35,7.5,56.95,SIMULATED_ASSAY,SIMULATED
SIM_T03_AMB_BH01_003,T03,AMBIGUOUS_DRILLING_RESULT,SIM_T03_AMB_BH01,80.4,80.93,drill core (simulated),11.68,6.48,35.81,SIMULATED_ASSAY,SIMULATED
SIM_T03_AMB_BH01_004,T03,AMBIGUOUS_DRILLING_RESULT,SIM_T03_AMB_BH01,80.93,94.3,drill core (simulated),0.26,4.51,65.28,SIMULATED_ASSAY,SIMULATED
SIM_T03_AMB_BH02_005,T03,AMBIGUOUS_DRILLING_RESULT,SIM_T03_AMB_BH02,0.0,2.54,drill core (simulated),0.45,6.25,50.1,SIMULATED_ASSAY,SIMULATED
SIM_T03_AMB_BH02_006,T03,AMBIGUOUS_DRILLING_RESULT,SIM_T03_AMB_BH02,2.54,46.83,drill core (simulated),0.51,5.58,60.52,SIMULATED_ASSAY,SIMULATED
SIM_T03_AMB_BH02_007,T03,AMBIGUOUS_DRILLING_RESULT,SIM_T03_AMB_BH02,46.83,47.54,drill core (simulated),16.56,6.94,32.07,SIMULATED_ASSAY,SIMULATED
SIM_T03_AMB_BH02_008,T03,AMBIGUOUS_DRILLING_RESULT,SIM_T03_AMB_BH02,47.54,87.6,drill core (simulated),0.74,4.28,55.39,SIMULATED_ASSAY,SIMULATED
SIM_T03_AMB_BH03_009,T03,AMBIGUOUS_DRILLING_RESULT,SIM_T03_AMB_BH03,0.0,2.65,drill core (simulated),0.12,4.7,52.51,SIMULATED_ASSAY,SIMULATED
SIM_T03_AMB_BH03_010,T03,AMBIGUOUS_DRILLING_RESULT,SIM_T03_AMB_BH03,2.65,45.76,drill core (simulated),0.69,4.91,51.82,SIMULATED_ASSAY,SIMULATED
SIM_T03_AMB_BH03_011,T03,AMBIGUOUS_DRILLING_RESULT,SIM_T03_AMB_BH03,45.76,46.09,drill core (simulated),21.59,4.63,27.2,SIMULATED_ASSAY,SIMULATED
SIM_T03_AMB_BH03_012,T03,AMBIGUOUS_DRILLING_RESULT,SIM_T03_AMB_BH03,46.09,55.1,drill core (simulated),0.53,4.98,61.88,SIMULATED_ASSAY,SIMULATED
SIM_T04_SS01,T04,POSITIVE_GEOCHEMICAL_SUPPORT,,0.0,0.2,soil / rock chip (simulated),9.8,3.12,55.88,SIMULATED_SCREENING,SIMULATED
SIM_T04_SS02,T04,POSITIVE_GEOCHEMICAL_SUPPORT,,0.0,0.2,soil / rock chip (simulated),13.27,3.77,50.33,SIMULATED_SCREENING,SIMULATED
SIM_T04_SS03,T04,POSITIVE_GEOCHEMICAL_SUPPORT,,0.0,0.2,soil / rock chip (simulated),22.26,2.26,38.43,SIMULATED_SCREENING,SIMULATED
SIM_T04_SS04,T04,POSITIVE_GEOCHEMICAL_SUPPORT,,0.0,0.2,soil / rock chip (simulated),10.86,6.75,53.53,SIMULATED_SCREENING,SIMULATED
SIM_T04_SS05,T04,POSITIVE_GEOCHEMICAL_SUPPORT,,0.0,0.2,soil / rock chip (simulated),19.62,3.63,41.79,SIMULATED_SCREENING,SIMULATED
SIM_T04_SS06,T04,POSITIVE_GEOCHEMICAL_SUPPORT,,0.0,0.2,soil / rock chip (simulated),17.55,5.07,49.91,SIMULATED_SCREENING,SIMULATED
SIM_T04_SS07,T04,POSITIVE_GEOCHEMICAL_SUPPORT,,0.0,0.2,soil / rock chip (simulated),14.05,5.33,50.8,SIMULATED_SCREENING,SIMULATED
SIM_T04_SS08,T04,POSITIVE_GEOCHEMICAL_SUPPORT,,0.0,0.2,soil / rock chip (simulated),19.69,5.97,39.74,SIMULATED_SCREENING,SIMULATED
SIM_T04_POS_BH01_001,T04,POSITIVE_DRILLING_INTERSECTION,SIM_T04_POS_BH01,0.0,2.57,drill core (simulated),0.26,3.48,56.2,SIMULATED_ASSAY,SIMULATED
SIM_T04_POS_BH01_002,T04,POSITIVE_DRILLING_INTERSECTION,SIM_T04_POS_BH01,2.57,18.28,drill core (simulated),1.17,3.62,64.82,SIMULATED_ASSAY,SIMULATED
SIM_T04_POS_BH01_003,T04,POSITIVE_DRILLING_INTERSECTION,SIM_T04_POS_BH01,18.28,20.17,drill core (simulated),36.97,6.66,15.98,SIMULATED_ASSAY,SIMULATED
SIM_T04_POS_BH01_004,T04,POSITIVE_DRILLING_INTERSECTION,SIM_T04_POS_BH01,20.17,62.1,drill core (simulated),0.76,5.96,62.44,SIMULATED_ASSAY,SIMULATED
SIM_T04_POS_BH02_005,T04,POSITIVE_DRILLING_INTERSECTION,SIM_T04_POS_BH02,0.0,2.02,drill core (simulated),0.79,3.36,59.22,SIMULATED_ASSAY,SIMULATED
SIM_T04_POS_BH02_006,T04,POSITIVE_DRILLING_INTERSECTION,SIM_T04_POS_BH02,2.02,26.3,drill core (simulated),0.49,4.92,50.18,SIMULATED_ASSAY,SIMULATED
SIM_T04_POS_BH02_007,T04,POSITIVE_DRILLING_INTERSECTION,SIM_T04_POS_BH02,26.3,28.25,drill core (simulated),33.31,7.34,19.72,SIMULATED_ASSAY,SIMULATED
SIM_T04_POS_BH02_008,T04,POSITIVE_DRILLING_INTERSECTION,SIM_T04_POS_BH02,28.25,67.3,drill core (simulated),0.41,4.7,58.27,SIMULATED_ASSAY,SIMULATED
SIM_T04_POS_BH03_009,T04,POSITIVE_DRILLING_INTERSECTION,SIM_T04_POS_BH03,0.0,2.05,drill core (simulated),0.67,3.37,52.93,SIMULATED_ASSAY,SIMULATED
SIM_T04_POS_BH03_010,T04,POSITIVE_DRILLING_INTERSECTION,SIM_T04_POS_BH03,2.05,37.01,drill core (simulated),0.48,6.65,65.72,SIMULATED_ASSAY,SIMULATED
SIM_T04_POS_BH03_011,T04,POSITIVE_DRILLING_INTERSECTION,SIM_T04_POS_BH03,37.01,38.62,drill core (simulated),30.17,5.52,19.93,SIMULATED_ASSAY,SIMULATED
SIM_T04_POS_BH03_012,T04,POSITIVE_DRILLING_INTERSECTION,SIM_T04_POS_BH03,38.62,63.7,drill core (simulated),0.44,5.38,54.53,SIMULATED_ASSAY,SIMULATED
SIM_T04_NEG_BH01_001,T04,NEGATIVE_DRILLING_RESULT,SIM_T04_NEG_BH01,0.0,2.68,drill core (simulated),0.21,5.04,46.83,SIMULATED_ASSAY,SIMULATED
SIM_T04_NEG_BH01_002,T04,NEGATIVE_DRILLING_RESULT,SIM_T04_NEG_BH01,2.68,69.8,drill core (simulated),0.4,0.99,65.29,SIMULATED_ASSAY,SIMULATED
SIM_T04_NEG_BH02_003,T04,NEGATIVE_DRILLING_RESULT,SIM_T04_NEG_BH02,0.0,2.1,drill core (simulated),0.86,7.86,55.98,SIMULATED_ASSAY,SIMULATED
SIM_T04_NEG_BH02_004,T04,NEGATIVE_DRILLING_RESULT,SIM_T04_NEG_BH02,2.1,78.5,drill core (simulated),0.43,5.2,57.44,SIMULATED_ASSAY,SIMULATED
SIM_T04_NEG_BH03_005,T04,NEGATIVE_DRILLING_RESULT,SIM_T04_NEG_BH03,0.0,2.58,drill core (simulated),0.63,5.02,59.67,SIMULATED_ASSAY,SIMULATED
SIM_T04_NEG_BH03_006,T04,NEGATIVE_DRILLING_RESULT,SIM_T04_NEG_BH03,2.58,80.4,drill core (simulated),0.48,6.0,46.38,SIMULATED_ASSAY,SIMULATED
SIM_T04_AMB_BH01_001,T04,AMBIGUOUS_DRILLING_RESULT,SIM_T04_AMB_BH01,0.0,2.28,drill core (simulated),0.58,2.06,46.65,SIMULATED_ASSAY,SIMULATED
SIM_T04_AMB_BH01_002,T04,AMBIGUOUS_DRILLING_RESULT,SIM_T04_AMB_BH01,2.28,32.73,drill core (simulated),0.39,4.96,57.38,SIMULATED_ASSAY,SIMULATED
SIM_T04_AMB_BH01_003,T04,AMBIGUOUS_DRILLING_RESULT,SIM_T04_AMB_BH01,32.73,33.25,drill core (simulated),18.64,4.33,30.5,SIMULATED_ASSAY,SIMULATED
SIM_T04_AMB_BH01_004,T04,AMBIGUOUS_DRILLING_RESULT,SIM_T04_AMB_BH01,33.25,94.1,drill core (simulated),0.22,6.87,59.73,SIMULATED_ASSAY,SIMULATED
SIM_T04_AMB_BH02_005,T04,AMBIGUOUS_DRILLING_RESULT,SIM_T04_AMB_BH02,0.0,2.85,drill core (simulated),0.48,5.15,60.34,SIMULATED_ASSAY,SIMULATED
SIM_T04_AMB_BH02_006,T04,AMBIGUOUS_DRILLING_RESULT,SIM_T04_AMB_BH02,2.85,41.62,drill core (simulated),0.39,8.09,54.27,SIMULATED_ASSAY,SIMULATED
SIM_T04_AMB_BH02_007,T04,AMBIGUOUS_DRILLING_RESULT,SIM_T04_AMB_BH02,41.62,42.38,drill core (simulated),15.26,6.1,32.3,SIMULATED_ASSAY,SIMULATED
SIM_T04_AMB_BH02_008,T04,AMBIGUOUS_DRILLING_RESULT,SIM_T04_AMB_BH02,42.38,54.8,drill core (simulated),0.23,5.83,60.38,SIMULATED_ASSAY,SIMULATED
SIM_T04_AMB_BH03_009,T04,AMBIGUOUS_DRILLING_RESULT,SIM_T04_AMB_BH03,0.0,2.85,drill core (simulated),0.3,4.75,69.29,SIMULATED_ASSAY,SIMULATED
SIM_T04_AMB_BH03_010,T04,AMBIGUOUS_DRILLING_RESULT,SIM_T04_AMB_BH03,2.85,24.58,drill core (simulated),0.49,5.01,58.45,SIMULATED_ASSAY,SIMULATED
SIM_T04_AMB_BH03_011,T04,AMBIGUOUS_DRILLING_RESULT,SIM_T04_AMB_BH03,24.58,25.5,drill core (simulated),19.91,8.47,29.61,SIMULATED_ASSAY,SIMULATED
SIM_T04_AMB_BH03_012,T04,AMBIGUOUS_DRILLING_RESULT,SIM_T04_AMB_BH03,25.5,85.5,drill core (simulated),0.48,4.87,51.09,SIMULATED_ASSAY,SIMULATED
SIM_T05_SS01,T05,POSITIVE_GEOCHEMICAL_SUPPORT,,0.0,0.2,soil / rock chip (simulated),17.81,6.44,48.69,SIMULATED_SCREENING,SIMULATED
SIM_T05_SS02,T05,POSITIVE_GEOCHEMICAL_SUPPORT,,0.0,0.2,soil / rock chip (simulated),13.24,5.4,39.01,SIMULATED_SCREENING,SIMULATED
SIM_T05_SS03,T05,POSITIVE_GEOCHEMICAL_SUPPORT,,0.0,0.2,soil / rock chip (simulated),17.15,0.62,41.1,SIMULATED_SCREENING,SIMULATED
SIM_T05_SS04,T05,POSITIVE_GEOCHEMICAL_SUPPORT,,0.0,0.2,soil / rock chip (simulated),17.57,5.57,43.05,SIMULATED_SCREENING,SIMULATED
SIM_T05_SS05,T05,POSITIVE_GEOCHEMICAL_SUPPORT,,0.0,0.2,soil / rock chip (simulated),11.69,6.64,49.88,SIMULATED_SCREENING,SIMULATED
SIM_T05_SS06,T05,POSITIVE_GEOCHEMICAL_SUPPORT,,0.0,0.2,soil / rock chip (simulated),32.89,5.0,38.61,SIMULATED_SCREENING,SIMULATED
SIM_T05_SS07,T05,POSITIVE_GEOCHEMICAL_SUPPORT,,0.0,0.2,soil / rock chip (simulated),26.42,5.16,37.5,SIMULATED_SCREENING,SIMULATED
SIM_T05_SS08,T05,POSITIVE_GEOCHEMICAL_SUPPORT,,0.0,0.2,soil / rock chip (simulated),14.43,4.96,44.44,SIMULATED_SCREENING,SIMULATED
SIM_T05_POS_BH01_001,T05,POSITIVE_DRILLING_INTERSECTION,SIM_T05_POS_BH01,0.0,2.46,drill core (simulated),0.51,5.34,48.82,SIMULATED_ASSAY,SIMULATED
SIM_T05_POS_BH01_002,T05,POSITIVE_DRILLING_INTERSECTION,SIM_T05_POS_BH01,2.46,26.4,drill core (simulated),0.58,2.89,61.79,SIMULATED_ASSAY,SIMULATED
SIM_T05_POS_BH01_003,T05,POSITIVE_DRILLING_INTERSECTION,SIM_T05_POS_BH01,26.4,28.23,drill core (simulated),33.35,5.28,18.08,SIMULATED_ASSAY,SIMULATED
SIM_T05_POS_BH01_004,T05,POSITIVE_DRILLING_INTERSECTION,SIM_T05_POS_BH01,28.23,35.8,drill core (simulated),0.65,6.97,68.77,SIMULATED_ASSAY,SIMULATED
SIM_T05_POS_BH01_005,T05,POSITIVE_DRILLING_INTERSECTION,SIM_T05_POS_BH01,35.8,37.6,drill core (simulated),31.78,7.15,19.84,SIMULATED_ASSAY,SIMULATED
SIM_T05_POS_BH01_006,T05,POSITIVE_DRILLING_INTERSECTION,SIM_T05_POS_BH01,37.6,53.1,drill core (simulated),0.43,4.91,62.94,SIMULATED_ASSAY,SIMULATED
SIM_T05_POS_BH02_007,T05,POSITIVE_DRILLING_INTERSECTION,SIM_T05_POS_BH02,0.0,2.44,drill core (simulated),0.23,2.52,55.0,SIMULATED_ASSAY,SIMULATED
SIM_T05_POS_BH02_008,T05,POSITIVE_DRILLING_INTERSECTION,SIM_T05_POS_BH02,2.44,44.17,drill core (simulated),0.23,4.59,58.31,SIMULATED_ASSAY,SIMULATED
SIM_T05_POS_BH02_009,T05,POSITIVE_DRILLING_INTERSECTION,SIM_T05_POS_BH02,44.17,45.68,drill core (simulated),30.88,6.51,20.75,SIMULATED_ASSAY,SIMULATED
SIM_T05_POS_BH02_010,T05,POSITIVE_DRILLING_INTERSECTION,SIM_T05_POS_BH02,45.68,70.4,drill core (simulated),0.47,1.84,61.7,SIMULATED_ASSAY,SIMULATED
SIM_T05_POS_BH03_011,T05,POSITIVE_DRILLING_INTERSECTION,SIM_T05_POS_BH03,0.0,2.26,drill core (simulated),0.61,6.46,52.27,SIMULATED_ASSAY,SIMULATED
SIM_T05_POS_BH03_012,T05,POSITIVE_DRILLING_INTERSECTION,SIM_T05_POS_BH03,2.26,35.9,drill core (simulated),0.57,3.71,53.43,SIMULATED_ASSAY,SIMULATED
SIM_T05_POS_BH03_013,T05,POSITIVE_DRILLING_INTERSECTION,SIM_T05_POS_BH03,35.9,37.71,drill core (simulated),29.79,4.57,21.55,SIMULATED_ASSAY,SIMULATED
SIM_T05_POS_BH03_014,T05,POSITIVE_DRILLING_INTERSECTION,SIM_T05_POS_BH03,37.71,61.92,drill core (simulated),0.48,5.16,56.78,SIMULATED_ASSAY,SIMULATED
SIM_T05_POS_BH03_015,T05,POSITIVE_DRILLING_INTERSECTION,SIM_T05_POS_BH03,61.92,63.64,drill core (simulated),42.4,8.21,9.62,SIMULATED_ASSAY,SIMULATED
SIM_T05_POS_BH03_016,T05,POSITIVE_DRILLING_INTERSECTION,SIM_T05_POS_BH03,63.64,80.5,drill core (simulated),0.44,5.67,58.71,SIMULATED_ASSAY,SIMULATED
SIM_T05_NEG_BH01_001,T05,NEGATIVE_DRILLING_RESULT,SIM_T05_NEG_BH01,0.0,2.17,drill core (simulated),0.38,4.66,51.31,SIMULATED_ASSAY,SIMULATED
SIM_T05_NEG_BH01_002,T05,NEGATIVE_DRILLING_RESULT,SIM_T05_NEG_BH01,2.17,93.0,drill core (simulated),0.18,6.98,59.36,SIMULATED_ASSAY,SIMULATED
SIM_T05_NEG_BH02_003,T05,NEGATIVE_DRILLING_RESULT,SIM_T05_NEG_BH02,0.0,2.98,drill core (simulated),0.42,2.68,49.61,SIMULATED_ASSAY,SIMULATED
SIM_T05_NEG_BH02_004,T05,NEGATIVE_DRILLING_RESULT,SIM_T05_NEG_BH02,2.98,96.6,drill core (simulated),0.55,5.01,54.42,SIMULATED_ASSAY,SIMULATED
SIM_T05_NEG_BH03_005,T05,NEGATIVE_DRILLING_RESULT,SIM_T05_NEG_BH03,0.0,2.99,drill core (simulated),0.77,5.9,61.68,SIMULATED_ASSAY,SIMULATED
SIM_T05_NEG_BH03_006,T05,NEGATIVE_DRILLING_RESULT,SIM_T05_NEG_BH03,2.99,82.6,drill core (simulated),0.5,2.97,62.2,SIMULATED_ASSAY,SIMULATED
SIM_T05_AMB_BH01_001,T05,AMBIGUOUS_DRILLING_RESULT,SIM_T05_AMB_BH01,0.0,2.8,drill core (simulated),0.25,3.88,58.02,SIMULATED_ASSAY,SIMULATED
SIM_T05_AMB_BH01_002,T05,AMBIGUOUS_DRILLING_RESULT,SIM_T05_AMB_BH01,2.8,21.18,drill core (simulated),0.35,7.66,56.38,SIMULATED_ASSAY,SIMULATED
SIM_T05_AMB_BH01_003,T05,AMBIGUOUS_DRILLING_RESULT,SIM_T05_AMB_BH01,21.18,21.75,drill core (simulated),16.39,2.85,31.79,SIMULATED_ASSAY,SIMULATED
SIM_T05_AMB_BH01_004,T05,AMBIGUOUS_DRILLING_RESULT,SIM_T05_AMB_BH01,21.75,87.4,drill core (simulated),0.25,7.07,53.88,SIMULATED_ASSAY,SIMULATED
SIM_T05_AMB_BH02_005,T05,AMBIGUOUS_DRILLING_RESULT,SIM_T05_AMB_BH02,0.0,2.26,drill core (simulated),0.57,6.53,55.69,SIMULATED_ASSAY,SIMULATED
SIM_T05_AMB_BH02_006,T05,AMBIGUOUS_DRILLING_RESULT,SIM_T05_AMB_BH02,2.26,27.94,drill core (simulated),0.67,5.41,63.78,SIMULATED_ASSAY,SIMULATED
SIM_T05_AMB_BH02_007,T05,AMBIGUOUS_DRILLING_RESULT,SIM_T05_AMB_BH02,27.94,28.62,drill core (simulated),14.49,6.17,33.65,SIMULATED_ASSAY,SIMULATED
SIM_T05_AMB_BH02_008,T05,AMBIGUOUS_DRILLING_RESULT,SIM_T05_AMB_BH02,28.62,86.9,drill core (simulated),0.42,2.87,43.29,SIMULATED_ASSAY,SIMULATED
SIM_T05_AMB_BH03_009,T05,AMBIGUOUS_DRILLING_RESULT,SIM_T05_AMB_BH03,0.0,2.29,drill core (simulated),0.21,3.5,57.3,SIMULATED_ASSAY,SIMULATED
SIM_T05_AMB_BH03_010,T05,AMBIGUOUS_DRILLING_RESULT,SIM_T05_AMB_BH03,2.29,54.41,drill core (simulated),0.36,5.22,53.43,SIMULATED_ASSAY,SIMULATED
SIM_T05_AMB_BH03_011,T05,AMBIGUOUS_DRILLING_RESULT,SIM_T05_AMB_BH03,54.41,54.73,drill core (simulated),19.07,4.02,29.94,SIMULATED_ASSAY,SIMULATED
SIM_T05_AMB_BH03_012,T05,AMBIGUOUS_DRILLING_RESULT,SIM_T05_AMB_BH03,54.73,82.8,drill core (simulated),0.6,4.98,61.8,SIMULATED_ASSAY,SIMULATED
SIM_T06_SS01,T06,POSITIVE_GEOCHEMICAL_SUPPORT,,0.0,0.2,soil / rock chip (simulated),14.28,6.84,54.04,SIMULATED_SCREENING,SIMULATED
SIM_T06_SS02,T06,POSITIVE_GEOCHEMICAL_SUPPORT,,0.0,0.2,soil / rock chip (simulated),13.71,5.9,58.14,SIMULATED_SCREENING,SIMULATED
SIM_T06_SS03,T06,POSITIVE_GEOCHEMICAL_SUPPORT,,0.0,0.2,soil / rock chip (simulated),29.79,3.53,35.44,SIMULATED_SCREENING,SIMULATED
SIM_T06_SS04,T06,POSITIVE_GEOCHEMICAL_SUPPORT,,0.0,0.2,soil / rock chip (simulated),25.22,3.73,37.05,SIMULATED_SCREENING,SIMULATED
SIM_T06_SS05,T06,POSITIVE_GEOCHEMICAL_SUPPORT,,0.0,0.2,soil / rock chip (simulated),12.65,5.5,50.73,SIMULATED_SCREENING,SIMULATED
SIM_T06_SS06,T06,POSITIVE_GEOCHEMICAL_SUPPORT,,0.0,0.2,soil / rock chip (simulated),11.95,4.19,48.79,SIMULATED_SCREENING,SIMULATED
SIM_T06_SS07,T06,POSITIVE_GEOCHEMICAL_SUPPORT,,0.0,0.2,soil / rock chip (simulated),11.03,7.74,53.47,SIMULATED_SCREENING,SIMULATED
SIM_T06_SS08,T06,POSITIVE_GEOCHEMICAL_SUPPORT,,0.0,0.2,soil / rock chip (simulated),20.46,4.41,44.93,SIMULATED_SCREENING,SIMULATED
SIM_T06_POS_BH01_001,T06,POSITIVE_DRILLING_INTERSECTION,SIM_T06_POS_BH01,0.0,2.11,drill core (simulated),0.58,6.09,61.14,SIMULATED_ASSAY,SIMULATED
SIM_T06_POS_BH01_002,T06,POSITIVE_DRILLING_INTERSECTION,SIM_T06_POS_BH01,2.11,40.39,drill core (simulated),0.3,4.18,61.4,SIMULATED_ASSAY,SIMULATED
SIM_T06_POS_BH01_003,T06,POSITIVE_DRILLING_INTERSECTION,SIM_T06_POS_BH01,40.39,42.16,drill core (simulated),25.45,6.13,23.89,SIMULATED_ASSAY,SIMULATED
SIM_T06_POS_BH01_004,T06,POSITIVE_DRILLING_INTERSECTION,SIM_T06_POS_BH01,42.16,55.0,drill core (simulated),0.46,5.86,58.16,SIMULATED_ASSAY,SIMULATED
SIM_T06_POS_BH02_005,T06,POSITIVE_DRILLING_INTERSECTION,SIM_T06_POS_BH02,0.0,2.87,drill core (simulated),0.68,5.45,53.22,SIMULATED_ASSAY,SIMULATED
SIM_T06_POS_BH02_006,T06,POSITIVE_DRILLING_INTERSECTION,SIM_T06_POS_BH02,2.87,44.67,drill core (simulated),0.27,4.94,62.65,SIMULATED_ASSAY,SIMULATED
SIM_T06_POS_BH02_007,T06,POSITIVE_DRILLING_INTERSECTION,SIM_T06_POS_BH02,44.67,46.36,drill core (simulated),40.11,7.5,12.44,SIMULATED_ASSAY,SIMULATED
SIM_T06_POS_BH02_008,T06,POSITIVE_DRILLING_INTERSECTION,SIM_T06_POS_BH02,46.36,48.03,drill core (simulated),33.26,5.33,19.01,SIMULATED_ASSAY,SIMULATED
SIM_T06_POS_BH02_009,T06,POSITIVE_DRILLING_INTERSECTION,SIM_T06_POS_BH02,48.03,55.2,drill core (simulated),0.39,5.99,52.98,SIMULATED_ASSAY,SIMULATED
SIM_T06_POS_BH03_010,T06,POSITIVE_DRILLING_INTERSECTION,SIM_T06_POS_BH03,0.0,2.05,drill core (simulated),0.48,1.74,65.16,SIMULATED_ASSAY,SIMULATED
SIM_T06_POS_BH03_011,T06,POSITIVE_DRILLING_INTERSECTION,SIM_T06_POS_BH03,2.05,16.45,drill core (simulated),0.15,5.38,58.36,SIMULATED_ASSAY,SIMULATED
SIM_T06_POS_BH03_012,T06,POSITIVE_DRILLING_INTERSECTION,SIM_T06_POS_BH03,16.45,18.29,drill core (simulated),25.35,9.01,24.71,SIMULATED_ASSAY,SIMULATED
SIM_T06_POS_BH03_013,T06,POSITIVE_DRILLING_INTERSECTION,SIM_T06_POS_BH03,18.29,83.4,drill core (simulated),0.61,4.41,55.37,SIMULATED_ASSAY,SIMULATED
SIM_T06_NEG_BH01_001,T06,NEGATIVE_DRILLING_RESULT,SIM_T06_NEG_BH01,0.0,2.86,drill core (simulated),0.11,4.62,62.52,SIMULATED_ASSAY,SIMULATED
SIM_T06_NEG_BH01_002,T06,NEGATIVE_DRILLING_RESULT,SIM_T06_NEG_BH01,2.86,98.2,drill core (simulated),0.11,0.83,65.4,SIMULATED_ASSAY,SIMULATED
SIM_T06_NEG_BH02_003,T06,NEGATIVE_DRILLING_RESULT,SIM_T06_NEG_BH02,0.0,2.79,drill core (simulated),0.37,6.79,49.09,SIMULATED_ASSAY,SIMULATED
SIM_T06_NEG_BH02_004,T06,NEGATIVE_DRILLING_RESULT,SIM_T06_NEG_BH02,2.79,55.9,drill core (simulated),0.27,2.66,57.87,SIMULATED_ASSAY,SIMULATED
SIM_T06_NEG_BH03_005,T06,NEGATIVE_DRILLING_RESULT,SIM_T06_NEG_BH03,0.0,2.52,drill core (simulated),0.24,5.62,59.62,SIMULATED_ASSAY,SIMULATED
SIM_T06_NEG_BH03_006,T06,NEGATIVE_DRILLING_RESULT,SIM_T06_NEG_BH03,2.52,73.1,drill core (simulated),1.03,9.07,61.95,SIMULATED_ASSAY,SIMULATED
SIM_T06_AMB_BH01_001,T06,AMBIGUOUS_DRILLING_RESULT,SIM_T06_AMB_BH01,0.0,2.53,drill core (simulated),0.51,7.87,60.12,SIMULATED_ASSAY,SIMULATED
SIM_T06_AMB_BH01_002,T06,AMBIGUOUS_DRILLING_RESULT,SIM_T06_AMB_BH01,2.53,20.33,drill core (simulated),0.5,4.38,54.96,SIMULATED_ASSAY,SIMULATED
SIM_T06_AMB_BH01_003,T06,AMBIGUOUS_DRILLING_RESULT,SIM_T06_AMB_BH01,20.33,20.75,drill core (simulated),15.55,7.37,32.42,SIMULATED_ASSAY,SIMULATED
SIM_T06_AMB_BH01_004,T06,AMBIGUOUS_DRILLING_RESULT,SIM_T06_AMB_BH01,20.75,51.8,drill core (simulated),0.17,5.57,55.72,SIMULATED_ASSAY,SIMULATED
SIM_T06_AMB_BH02_005,T06,AMBIGUOUS_DRILLING_RESULT,SIM_T06_AMB_BH02,0.0,2.87,drill core (simulated),0.44,6.84,66.84,SIMULATED_ASSAY,SIMULATED
SIM_T06_AMB_BH02_006,T06,AMBIGUOUS_DRILLING_RESULT,SIM_T06_AMB_BH02,2.87,15.25,drill core (simulated),0.09,2.37,57.01,SIMULATED_ASSAY,SIMULATED
SIM_T06_AMB_BH02_007,T06,AMBIGUOUS_DRILLING_RESULT,SIM_T06_AMB_BH02,15.25,15.94,drill core (simulated),18.13,4.37,31.02,SIMULATED_ASSAY,SIMULATED
SIM_T06_AMB_BH02_008,T06,AMBIGUOUS_DRILLING_RESULT,SIM_T06_AMB_BH02,15.94,54.7,drill core (simulated),0.46,7.22,53.97,SIMULATED_ASSAY,SIMULATED
SIM_T06_AMB_BH03_009,T06,AMBIGUOUS_DRILLING_RESULT,SIM_T06_AMB_BH03,0.0,2.21,drill core (simulated),0.36,6.04,54.52,SIMULATED_ASSAY,SIMULATED
SIM_T06_AMB_BH03_010,T06,AMBIGUOUS_DRILLING_RESULT,SIM_T06_AMB_BH03,2.21,48.66,drill core (simulated),0.46,5.77,57.95,SIMULATED_ASSAY,SIMULATED
SIM_T06_AMB_BH03_011,T06,AMBIGUOUS_DRILLING_RESULT,SIM_T06_AMB_BH03,48.66,49.0,drill core (simulated),15.9,3.65,33.08,SIMULATED_ASSAY,SIMULATED
SIM_T06_AMB_BH03_012,T06,AMBIGUOUS_DRILLING_RESULT,SIM_T06_AMB_BH03,49.0,57.9,drill core (simulated),0.78,8.34,52.89,SIMULATED_ASSAY,SIMULATED
SIM_T07_SS01,T07,POSITIVE_GEOCHEMICAL_SUPPORT,,0.0,0.2,soil / rock chip (simulated),13.94,5.47,55.85,SIMULATED_SCREENING,SIMULATED
SIM_T07_SS02,T07,POSITIVE_GEOCHEMICAL_SUPPORT,,0.0,0.2,soil / rock chip (simulated),15.98,3.91,52.11,SIMULATED_SCREENING,SIMULATED
SIM_T07_SS03,T07,POSITIVE_GEOCHEMICAL_SUPPORT,,0.0,0.2,soil / rock chip (simulated),20.71,5.79,48.49,SIMULATED_SCREENING,SIMULATED
SIM_T07_SS04,T07,POSITIVE_GEOCHEMICAL_SUPPORT,,0.0,0.2,soil / rock chip (simulated),13.64,3.89,46.98,SIMULATED_SCREENING,SIMULATED
SIM_T07_SS05,T07,POSITIVE_GEOCHEMICAL_SUPPORT,,0.0,0.2,soil / rock chip (simulated),8.46,5.28,53.74,SIMULATED_SCREENING,SIMULATED
SIM_T07_SS06,T07,POSITIVE_GEOCHEMICAL_SUPPORT,,0.0,0.2,soil / rock chip (simulated),12.86,1.45,46.01,SIMULATED_SCREENING,SIMULATED
SIM_T07_SS07,T07,POSITIVE_GEOCHEMICAL_SUPPORT,,0.0,0.2,soil / rock chip (simulated),22.21,4.2,45.9,SIMULATED_SCREENING,SIMULATED
SIM_T07_SS08,T07,POSITIVE_GEOCHEMICAL_SUPPORT,,0.0,0.2,soil / rock chip (simulated),9.22,6.73,52.97,SIMULATED_SCREENING,SIMULATED
SIM_T07_POS_BH01_001,T07,POSITIVE_DRILLING_INTERSECTION,SIM_T07_POS_BH01,0.0,2.47,drill core (simulated),0.4,7.68,58.54,SIMULATED_ASSAY,SIMULATED
SIM_T07_POS_BH01_002,T07,POSITIVE_DRILLING_INTERSECTION,SIM_T07_POS_BH01,2.47,69.84,drill core (simulated),0.49,3.72,53.65,SIMULATED_ASSAY,SIMULATED
SIM_T07_POS_BH01_003,T07,POSITIVE_DRILLING_INTERSECTION,SIM_T07_POS_BH01,69.84,71.56,drill core (simulated),35.32,6.06,17.56,SIMULATED_ASSAY,SIMULATED
SIM_T07_POS_BH01_004,T07,POSITIVE_DRILLING_INTERSECTION,SIM_T07_POS_BH01,71.56,99.1,drill core (simulated),0.2,2.35,49.44,SIMULATED_ASSAY,SIMULATED
SIM_T07_POS_BH02_005,T07,POSITIVE_DRILLING_INTERSECTION,SIM_T07_POS_BH02,0.0,2.63,drill core (simulated),0.43,3.79,62.67,SIMULATED_ASSAY,SIMULATED
SIM_T07_POS_BH02_006,T07,POSITIVE_DRILLING_INTERSECTION,SIM_T07_POS_BH02,2.63,17.41,drill core (simulated),0.59,5.27,59.97,SIMULATED_ASSAY,SIMULATED
SIM_T07_POS_BH02_007,T07,POSITIVE_DRILLING_INTERSECTION,SIM_T07_POS_BH02,17.41,19.05,drill core (simulated),28.9,5.07,21.87,SIMULATED_ASSAY,SIMULATED
SIM_T07_POS_BH02_008,T07,POSITIVE_DRILLING_INTERSECTION,SIM_T07_POS_BH02,19.05,19.14,drill core (simulated),0.23,5.48,51.38,SIMULATED_ASSAY,SIMULATED
SIM_T07_POS_BH02_009,T07,POSITIVE_DRILLING_INTERSECTION,SIM_T07_POS_BH02,19.14,20.91,drill core (simulated),26.81,4.23,24.0,SIMULATED_ASSAY,SIMULATED
SIM_T07_POS_BH02_010,T07,POSITIVE_DRILLING_INTERSECTION,SIM_T07_POS_BH02,20.91,59.9,drill core (simulated),0.3,5.5,65.95,SIMULATED_ASSAY,SIMULATED
SIM_T07_POS_BH03_011,T07,POSITIVE_DRILLING_INTERSECTION,SIM_T07_POS_BH03,0.0,2.24,drill core (simulated),0.76,3.1,46.39,SIMULATED_ASSAY,SIMULATED
SIM_T07_POS_BH03_012,T07,POSITIVE_DRILLING_INTERSECTION,SIM_T07_POS_BH03,2.24,23.47,drill core (simulated),0.1,4.36,56.87,SIMULATED_ASSAY,SIMULATED
SIM_T07_POS_BH03_013,T07,POSITIVE_DRILLING_INTERSECTION,SIM_T07_POS_BH03,23.47,25.35,drill core (simulated),38.74,5.74,15.08,SIMULATED_ASSAY,SIMULATED
SIM_T07_POS_BH03_014,T07,POSITIVE_DRILLING_INTERSECTION,SIM_T07_POS_BH03,25.35,29.76,drill core (simulated),0.14,5.46,61.33,SIMULATED_ASSAY,SIMULATED
SIM_T07_POS_BH03_015,T07,POSITIVE_DRILLING_INTERSECTION,SIM_T07_POS_BH03,29.76,31.72,drill core (simulated),35.62,9.01,15.47,SIMULATED_ASSAY,SIMULATED
SIM_T07_POS_BH03_016,T07,POSITIVE_DRILLING_INTERSECTION,SIM_T07_POS_BH03,31.72,69.6,drill core (simulated),0.25,3.6,47.88,SIMULATED_ASSAY,SIMULATED
SIM_T07_NEG_BH01_001,T07,NEGATIVE_DRILLING_RESULT,SIM_T07_NEG_BH01,0.0,2.27,drill core (simulated),0.53,3.91,48.6,SIMULATED_ASSAY,SIMULATED
SIM_T07_NEG_BH01_002,T07,NEGATIVE_DRILLING_RESULT,SIM_T07_NEG_BH01,2.27,70.1,drill core (simulated),0.3,4.06,49.74,SIMULATED_ASSAY,SIMULATED
SIM_T07_NEG_BH02_003,T07,NEGATIVE_DRILLING_RESULT,SIM_T07_NEG_BH02,0.0,2.81,drill core (simulated),0.22,3.25,54.19,SIMULATED_ASSAY,SIMULATED
SIM_T07_NEG_BH02_004,T07,NEGATIVE_DRILLING_RESULT,SIM_T07_NEG_BH02,2.81,58.8,drill core (simulated),0.44,5.04,48.48,SIMULATED_ASSAY,SIMULATED
SIM_T07_NEG_BH03_005,T07,NEGATIVE_DRILLING_RESULT,SIM_T07_NEG_BH03,0.0,2.38,drill core (simulated),0.13,4.77,65.14,SIMULATED_ASSAY,SIMULATED
SIM_T07_NEG_BH03_006,T07,NEGATIVE_DRILLING_RESULT,SIM_T07_NEG_BH03,2.38,88.6,drill core (simulated),0.52,2.57,57.28,SIMULATED_ASSAY,SIMULATED
SIM_T07_AMB_BH01_001,T07,AMBIGUOUS_DRILLING_RESULT,SIM_T07_AMB_BH01,0.0,2.48,drill core (simulated),0.85,6.7,57.67,SIMULATED_ASSAY,SIMULATED
SIM_T07_AMB_BH01_002,T07,AMBIGUOUS_DRILLING_RESULT,SIM_T07_AMB_BH01,2.48,32.29,drill core (simulated),0.72,7.04,56.13,SIMULATED_ASSAY,SIMULATED
SIM_T07_AMB_BH01_003,T07,AMBIGUOUS_DRILLING_RESULT,SIM_T07_AMB_BH01,32.29,33.1,drill core (simulated),19.65,5.67,29.37,SIMULATED_ASSAY,SIMULATED
SIM_T07_AMB_BH01_004,T07,AMBIGUOUS_DRILLING_RESULT,SIM_T07_AMB_BH01,33.1,70.5,drill core (simulated),0.33,4.94,56.49,SIMULATED_ASSAY,SIMULATED
SIM_T07_AMB_BH02_005,T07,AMBIGUOUS_DRILLING_RESULT,SIM_T07_AMB_BH02,0.0,2.4,drill core (simulated),0.46,7.39,43.93,SIMULATED_ASSAY,SIMULATED
SIM_T07_AMB_BH02_006,T07,AMBIGUOUS_DRILLING_RESULT,SIM_T07_AMB_BH02,2.4,59.04,drill core (simulated),0.5,3.75,50.68,SIMULATED_ASSAY,SIMULATED
SIM_T07_AMB_BH02_007,T07,AMBIGUOUS_DRILLING_RESULT,SIM_T07_AMB_BH02,59.04,59.54,drill core (simulated),17.72,6.42,30.82,SIMULATED_ASSAY,SIMULATED
SIM_T07_AMB_BH02_008,T07,AMBIGUOUS_DRILLING_RESULT,SIM_T07_AMB_BH02,59.54,97.2,drill core (simulated),0.65,5.01,63.84,SIMULATED_ASSAY,SIMULATED
SIM_T07_AMB_BH03_009,T07,AMBIGUOUS_DRILLING_RESULT,SIM_T07_AMB_BH03,0.0,2.82,drill core (simulated),0.28,5.8,65.64,SIMULATED_ASSAY,SIMULATED
SIM_T07_AMB_BH03_010,T07,AMBIGUOUS_DRILLING_RESULT,SIM_T07_AMB_BH03,2.82,45.32,drill core (simulated),0.33,5.58,48.6,SIMULATED_ASSAY,SIMULATED
SIM_T07_AMB_BH03_011,T07,AMBIGUOUS_DRILLING_RESULT,SIM_T07_AMB_BH03,45.32,45.89,drill core (simulated),8.39,6.19,38.44,SIMULATED_ASSAY,SIMULATED
SIM_T07_AMB_BH03_012,T07,AMBIGUOUS_DRILLING_RESULT,SIM_T07_AMB_BH03,45.89,87.2,drill core (simulated),1.28,7.7,57.38,SIMULATED_ASSAY,SIMULATED
SIM_T08_SS01,T08,POSITIVE_GEOCHEMICAL_SUPPORT,,0.0,0.2,soil / rock chip (simulated),16.56,4.16,48.05,SIMULATED_SCREENING,SIMULATED
SIM_T08_SS02,T08,POSITIVE_GEOCHEMICAL_SUPPORT,,0.0,0.2,soil / rock chip (simulated),8.57,5.16,55.8,SIMULATED_SCREENING,SIMULATED
SIM_T08_SS03,T08,POSITIVE_GEOCHEMICAL_SUPPORT,,0.0,0.2,soil / rock chip (simulated),13.85,3.06,54.26,SIMULATED_SCREENING,SIMULATED
SIM_T08_SS04,T08,POSITIVE_GEOCHEMICAL_SUPPORT,,0.0,0.2,soil / rock chip (simulated),17.04,4.13,46.95,SIMULATED_SCREENING,SIMULATED
SIM_T08_SS05,T08,POSITIVE_GEOCHEMICAL_SUPPORT,,0.0,0.2,soil / rock chip (simulated),8.87,3.77,51.64,SIMULATED_SCREENING,SIMULATED
SIM_T08_SS06,T08,POSITIVE_GEOCHEMICAL_SUPPORT,,0.0,0.2,soil / rock chip (simulated),23.06,4.23,46.42,SIMULATED_SCREENING,SIMULATED
SIM_T08_SS07,T08,POSITIVE_GEOCHEMICAL_SUPPORT,,0.0,0.2,soil / rock chip (simulated),12.42,5.3,50.74,SIMULATED_SCREENING,SIMULATED
SIM_T08_SS08,T08,POSITIVE_GEOCHEMICAL_SUPPORT,,0.0,0.2,soil / rock chip (simulated),20.36,4.36,39.46,SIMULATED_SCREENING,SIMULATED
SIM_T08_POS_BH01_001,T08,POSITIVE_DRILLING_INTERSECTION,SIM_T08_POS_BH01,0.0,2.89,drill core (simulated),0.48,5.39,55.28,SIMULATED_ASSAY,SIMULATED
SIM_T08_POS_BH01_002,T08,POSITIVE_DRILLING_INTERSECTION,SIM_T08_POS_BH01,2.89,57.5,drill core (simulated),0.66,1.59,54.51,SIMULATED_ASSAY,SIMULATED
SIM_T08_POS_BH01_003,T08,POSITIVE_DRILLING_INTERSECTION,SIM_T08_POS_BH01,57.5,59.32,drill core (simulated),35.09,4.48,16.84,SIMULATED_ASSAY,SIMULATED
SIM_T08_POS_BH01_004,T08,POSITIVE_DRILLING_INTERSECTION,SIM_T08_POS_BH01,59.32,72.19,drill core (simulated),0.42,5.91,54.83,SIMULATED_ASSAY,SIMULATED
SIM_T08_POS_BH01_005,T08,POSITIVE_DRILLING_INTERSECTION,SIM_T08_POS_BH01,72.19,74.06,drill core (simulated),26.1,3.9,24.75,SIMULATED_ASSAY,SIMULATED
SIM_T08_POS_BH01_006,T08,POSITIVE_DRILLING_INTERSECTION,SIM_T08_POS_BH01,74.06,87.3,drill core (simulated),0.3,5.15,64.76,SIMULATED_ASSAY,SIMULATED
SIM_T08_POS_BH02_007,T08,POSITIVE_DRILLING_INTERSECTION,SIM_T08_POS_BH02,0.0,2.77,drill core (simulated),0.61,3.77,56.86,SIMULATED_ASSAY,SIMULATED
SIM_T08_POS_BH02_008,T08,POSITIVE_DRILLING_INTERSECTION,SIM_T08_POS_BH02,2.77,52.24,drill core (simulated),0.42,5.76,66.86,SIMULATED_ASSAY,SIMULATED
SIM_T08_POS_BH02_009,T08,POSITIVE_DRILLING_INTERSECTION,SIM_T08_POS_BH02,52.24,53.96,drill core (simulated),25.95,4.84,24.65,SIMULATED_ASSAY,SIMULATED
SIM_T08_POS_BH02_010,T08,POSITIVE_DRILLING_INTERSECTION,SIM_T08_POS_BH02,53.96,79.0,drill core (simulated),0.3,6.34,55.05,SIMULATED_ASSAY,SIMULATED
SIM_T08_POS_BH03_011,T08,POSITIVE_DRILLING_INTERSECTION,SIM_T08_POS_BH03,0.0,2.3,drill core (simulated),0.22,3.41,54.22,SIMULATED_ASSAY,SIMULATED
SIM_T08_POS_BH03_012,T08,POSITIVE_DRILLING_INTERSECTION,SIM_T08_POS_BH03,2.3,56.96,drill core (simulated),0.24,6.26,50.7,SIMULATED_ASSAY,SIMULATED
SIM_T08_POS_BH03_013,T08,POSITIVE_DRILLING_INTERSECTION,SIM_T08_POS_BH03,56.96,58.53,drill core (simulated),29.72,5.32,23.07,SIMULATED_ASSAY,SIMULATED
SIM_T08_POS_BH03_014,T08,POSITIVE_DRILLING_INTERSECTION,SIM_T08_POS_BH03,58.53,95.5,drill core (simulated),0.4,6.68,68.24,SIMULATED_ASSAY,SIMULATED
SIM_T08_NEG_BH01_001,T08,NEGATIVE_DRILLING_RESULT,SIM_T08_NEG_BH01,0.0,2.74,drill core (simulated),0.58,2.61,64.66,SIMULATED_ASSAY,SIMULATED
SIM_T08_NEG_BH01_002,T08,NEGATIVE_DRILLING_RESULT,SIM_T08_NEG_BH01,2.74,80.1,drill core (simulated),0.48,4.99,48.05,SIMULATED_ASSAY,SIMULATED
SIM_T08_NEG_BH02_003,T08,NEGATIVE_DRILLING_RESULT,SIM_T08_NEG_BH02,0.0,2.73,drill core (simulated),0.32,4.54,60.65,SIMULATED_ASSAY,SIMULATED
SIM_T08_NEG_BH02_004,T08,NEGATIVE_DRILLING_RESULT,SIM_T08_NEG_BH02,2.73,88.5,drill core (simulated),0.33,5.72,46.47,SIMULATED_ASSAY,SIMULATED
SIM_T08_NEG_BH03_005,T08,NEGATIVE_DRILLING_RESULT,SIM_T08_NEG_BH03,0.0,2.85,drill core (simulated),0.43,6.4,61.99,SIMULATED_ASSAY,SIMULATED
SIM_T08_NEG_BH03_006,T08,NEGATIVE_DRILLING_RESULT,SIM_T08_NEG_BH03,2.85,87.8,drill core (simulated),0.51,6.15,45.35,SIMULATED_ASSAY,SIMULATED
SIM_T08_AMB_BH01_001,T08,AMBIGUOUS_DRILLING_RESULT,SIM_T08_AMB_BH01,0.0,2.44,drill core (simulated),0.54,4.61,59.32,SIMULATED_ASSAY,SIMULATED
SIM_T08_AMB_BH01_002,T08,AMBIGUOUS_DRILLING_RESULT,SIM_T08_AMB_BH01,2.44,23.68,drill core (simulated),0.82,5.02,54.48,SIMULATED_ASSAY,SIMULATED
SIM_T08_AMB_BH01_003,T08,AMBIGUOUS_DRILLING_RESULT,SIM_T08_AMB_BH01,23.68,24.28,drill core (simulated),20.43,4.03,27.88,SIMULATED_ASSAY,SIMULATED
SIM_T08_AMB_BH01_004,T08,AMBIGUOUS_DRILLING_RESULT,SIM_T08_AMB_BH01,24.28,65.2,drill core (simulated),0.14,4.42,51.29,SIMULATED_ASSAY,SIMULATED
SIM_T08_AMB_BH02_005,T08,AMBIGUOUS_DRILLING_RESULT,SIM_T08_AMB_BH02,0.0,2.66,drill core (simulated),0.54,6.54,66.48,SIMULATED_ASSAY,SIMULATED
SIM_T08_AMB_BH02_006,T08,AMBIGUOUS_DRILLING_RESULT,SIM_T08_AMB_BH02,2.66,44.51,drill core (simulated),0.46,6.02,56.75,SIMULATED_ASSAY,SIMULATED
SIM_T08_AMB_BH02_007,T08,AMBIGUOUS_DRILLING_RESULT,SIM_T08_AMB_BH02,44.51,45.11,drill core (simulated),15.25,7.31,32.88,SIMULATED_ASSAY,SIMULATED
SIM_T08_AMB_BH02_008,T08,AMBIGUOUS_DRILLING_RESULT,SIM_T08_AMB_BH02,45.11,58.9,drill core (simulated),0.3,3.4,50.83,SIMULATED_ASSAY,SIMULATED
SIM_T08_AMB_BH03_009,T08,AMBIGUOUS_DRILLING_RESULT,SIM_T08_AMB_BH03,0.0,2.48,drill core (simulated),0.44,2.66,59.2,SIMULATED_ASSAY,SIMULATED
SIM_T08_AMB_BH03_010,T08,AMBIGUOUS_DRILLING_RESULT,SIM_T08_AMB_BH03,2.48,42.99,drill core (simulated),0.54,3.29,53.3,SIMULATED_ASSAY,SIMULATED
SIM_T08_AMB_BH03_011,T08,AMBIGUOUS_DRILLING_RESULT,SIM_T08_AMB_BH03,42.99,43.49,drill core (simulated),7.94,5.13,38.6,SIMULATED_ASSAY,SIMULATED
SIM_T08_AMB_BH03_012,T08,AMBIGUOUS_DRILLING_RESULT,SIM_T08_AMB_BH03,43.49,65.0,drill core (simulated),0.19,3.39,55.3,SIMULATED_ASSAY,SIMULATED
SIM_T09_SS01,T09,POSITIVE_GEOCHEMICAL_SUPPORT,,0.0,0.2,soil / rock chip (simulated),18.63,3.61,47.09,SIMULATED_SCREENING,SIMULATED
SIM_T09_SS02,T09,POSITIVE_GEOCHEMICAL_SUPPORT,,0.0,0.2,soil / rock chip (simulated),15.79,4.44,50.69,SIMULATED_SCREENING,SIMULATED
SIM_T09_SS03,T09,POSITIVE_GEOCHEMICAL_SUPPORT,,0.0,0.2,soil / rock chip (simulated),11.41,5.61,54.22,SIMULATED_SCREENING,SIMULATED
SIM_T09_SS04,T09,POSITIVE_GEOCHEMICAL_SUPPORT,,0.0,0.2,soil / rock chip (simulated),5.4,6.43,44.03,SIMULATED_SCREENING,SIMULATED
SIM_T09_SS05,T09,POSITIVE_GEOCHEMICAL_SUPPORT,,0.0,0.2,soil / rock chip (simulated),12.09,6.23,50.27,SIMULATED_SCREENING,SIMULATED
SIM_T09_SS06,T09,POSITIVE_GEOCHEMICAL_SUPPORT,,0.0,0.2,soil / rock chip (simulated),8.98,3.69,57.82,SIMULATED_SCREENING,SIMULATED
SIM_T09_SS07,T09,POSITIVE_GEOCHEMICAL_SUPPORT,,0.0,0.2,soil / rock chip (simulated),7.66,6.35,54.42,SIMULATED_SCREENING,SIMULATED
SIM_T09_SS08,T09,POSITIVE_GEOCHEMICAL_SUPPORT,,0.0,0.2,soil / rock chip (simulated),9.88,4.3,49.01,SIMULATED_SCREENING,SIMULATED
SIM_T09_POS_BH01_001,T09,POSITIVE_DRILLING_INTERSECTION,SIM_T09_POS_BH01,0.0,2.22,drill core (simulated),0.4,4.43,44.92,SIMULATED_ASSAY,SIMULATED
SIM_T09_POS_BH01_002,T09,POSITIVE_DRILLING_INTERSECTION,SIM_T09_POS_BH01,2.22,20.25,drill core (simulated),0.16,3.69,52.55,SIMULATED_ASSAY,SIMULATED
SIM_T09_POS_BH01_003,T09,POSITIVE_DRILLING_INTERSECTION,SIM_T09_POS_BH01,20.25,22.06,drill core (simulated),42.08,6.37,11.4,SIMULATED_ASSAY,SIMULATED
SIM_T09_POS_BH01_004,T09,POSITIVE_DRILLING_INTERSECTION,SIM_T09_POS_BH01,22.06,44.37,drill core (simulated),0.16,3.46,59.29,SIMULATED_ASSAY,SIMULATED
SIM_T09_POS_BH01_005,T09,POSITIVE_DRILLING_INTERSECTION,SIM_T09_POS_BH01,44.37,46.33,drill core (simulated),35.22,5.57,15.77,SIMULATED_ASSAY,SIMULATED
SIM_T09_POS_BH01_006,T09,POSITIVE_DRILLING_INTERSECTION,SIM_T09_POS_BH01,46.33,58.7,drill core (simulated),0.3,4.59,54.16,SIMULATED_ASSAY,SIMULATED
SIM_T09_POS_BH02_007,T09,POSITIVE_DRILLING_INTERSECTION,SIM_T09_POS_BH02,0.0,2.05,drill core (simulated),0.55,7.36,59.3,SIMULATED_ASSAY,SIMULATED
SIM_T09_POS_BH02_008,T09,POSITIVE_DRILLING_INTERSECTION,SIM_T09_POS_BH02,2.05,16.25,drill core (simulated),0.51,5.05,54.64,SIMULATED_ASSAY,SIMULATED
SIM_T09_POS_BH02_009,T09,POSITIVE_DRILLING_INTERSECTION,SIM_T09_POS_BH02,16.25,18.05,drill core (simulated),30.01,5.57,20.41,SIMULATED_ASSAY,SIMULATED
SIM_T09_POS_BH02_010,T09,POSITIVE_DRILLING_INTERSECTION,SIM_T09_POS_BH02,18.05,30.52,drill core (simulated),0.43,2.96,53.16,SIMULATED_ASSAY,SIMULATED
SIM_T09_POS_BH02_011,T09,POSITIVE_DRILLING_INTERSECTION,SIM_T09_POS_BH02,30.52,32.21,drill core (simulated),34.51,6.35,17.84,SIMULATED_ASSAY,SIMULATED
SIM_T09_POS_BH02_012,T09,POSITIVE_DRILLING_INTERSECTION,SIM_T09_POS_BH02,32.21,84.4,drill core (simulated),0.65,5.46,60.35,SIMULATED_ASSAY,SIMULATED
SIM_T09_POS_BH03_013,T09,POSITIVE_DRILLING_INTERSECTION,SIM_T09_POS_BH03,0.0,2.98,drill core (simulated),0.22,4.98,61.95,SIMULATED_ASSAY,SIMULATED
SIM_T09_POS_BH03_014,T09,POSITIVE_DRILLING_INTERSECTION,SIM_T09_POS_BH03,2.98,18.07,drill core (simulated),0.89,4.01,57.83,SIMULATED_ASSAY,SIMULATED
SIM_T09_POS_BH03_015,T09,POSITIVE_DRILLING_INTERSECTION,SIM_T09_POS_BH03,18.07,19.99,drill core (simulated),35.41,6.02,17.07,SIMULATED_ASSAY,SIMULATED
SIM_T09_POS_BH03_016,T09,POSITIVE_DRILLING_INTERSECTION,SIM_T09_POS_BH03,19.99,46.63,drill core (simulated),0.27,3.0,57.58,SIMULATED_ASSAY,SIMULATED
SIM_T09_POS_BH03_017,T09,POSITIVE_DRILLING_INTERSECTION,SIM_T09_POS_BH03,46.63,48.29,drill core (simulated),25.06,2.1,25.29,SIMULATED_ASSAY,SIMULATED
SIM_T09_POS_BH03_018,T09,POSITIVE_DRILLING_INTERSECTION,SIM_T09_POS_BH03,48.29,96.5,drill core (simulated),0.44,4.26,65.85,SIMULATED_ASSAY,SIMULATED
SIM_T09_NEG_BH01_001,T09,NEGATIVE_DRILLING_RESULT,SIM_T09_NEG_BH01,0.0,2.68,drill core (simulated),0.59,2.93,53.42,SIMULATED_ASSAY,SIMULATED
SIM_T09_NEG_BH01_002,T09,NEGATIVE_DRILLING_RESULT,SIM_T09_NEG_BH01,2.68,60.0,drill core (simulated),0.25,5.15,60.99,SIMULATED_ASSAY,SIMULATED
SIM_T09_NEG_BH02_003,T09,NEGATIVE_DRILLING_RESULT,SIM_T09_NEG_BH02,0.0,2.49,drill core (simulated),0.3,3.36,54.38,SIMULATED_ASSAY,SIMULATED
SIM_T09_NEG_BH02_004,T09,NEGATIVE_DRILLING_RESULT,SIM_T09_NEG_BH02,2.49,51.9,drill core (simulated),0.2,5.57,59.64,SIMULATED_ASSAY,SIMULATED
SIM_T09_NEG_BH03_005,T09,NEGATIVE_DRILLING_RESULT,SIM_T09_NEG_BH03,0.0,2.61,drill core (simulated),0.19,5.08,56.43,SIMULATED_ASSAY,SIMULATED
SIM_T09_NEG_BH03_006,T09,NEGATIVE_DRILLING_RESULT,SIM_T09_NEG_BH03,2.61,58.9,drill core (simulated),0.21,1.77,58.32,SIMULATED_ASSAY,SIMULATED
SIM_T09_AMB_BH01_001,T09,AMBIGUOUS_DRILLING_RESULT,SIM_T09_AMB_BH01,0.0,2.76,drill core (simulated),0.55,5.14,62.91,SIMULATED_ASSAY,SIMULATED
SIM_T09_AMB_BH01_002,T09,AMBIGUOUS_DRILLING_RESULT,SIM_T09_AMB_BH01,2.76,23.99,drill core (simulated),0.61,2.29,53.17,SIMULATED_ASSAY,SIMULATED
SIM_T09_AMB_BH01_003,T09,AMBIGUOUS_DRILLING_RESULT,SIM_T09_AMB_BH01,23.99,24.8,drill core (simulated),24.91,3.43,25.23,SIMULATED_ASSAY,SIMULATED
SIM_T09_AMB_BH01_004,T09,AMBIGUOUS_DRILLING_RESULT,SIM_T09_AMB_BH01,24.8,60.1,drill core (simulated),0.29,4.23,56.32,SIMULATED_ASSAY,SIMULATED
SIM_T09_AMB_BH02_005,T09,AMBIGUOUS_DRILLING_RESULT,SIM_T09_AMB_BH02,0.0,2.1,drill core (simulated),0.42,5.83,62.64,SIMULATED_ASSAY,SIMULATED
SIM_T09_AMB_BH02_006,T09,AMBIGUOUS_DRILLING_RESULT,SIM_T09_AMB_BH02,2.1,40.64,drill core (simulated),0.4,4.96,58.41,SIMULATED_ASSAY,SIMULATED
SIM_T09_AMB_BH02_007,T09,AMBIGUOUS_DRILLING_RESULT,SIM_T09_AMB_BH02,40.64,41.43,drill core (simulated),19.16,5.21,30.63,SIMULATED_ASSAY,SIMULATED
SIM_T09_AMB_BH02_008,T09,AMBIGUOUS_DRILLING_RESULT,SIM_T09_AMB_BH02,41.43,92.8,drill core (simulated),0.51,8.51,58.59,SIMULATED_ASSAY,SIMULATED
SIM_T09_AMB_BH03_009,T09,AMBIGUOUS_DRILLING_RESULT,SIM_T09_AMB_BH03,0.0,2.84,drill core (simulated),1.56,3.96,53.68,SIMULATED_ASSAY,SIMULATED
SIM_T09_AMB_BH03_010,T09,AMBIGUOUS_DRILLING_RESULT,SIM_T09_AMB_BH03,2.84,56.25,drill core (simulated),0.26,5.19,55.81,SIMULATED_ASSAY,SIMULATED
SIM_T09_AMB_BH03_011,T09,AMBIGUOUS_DRILLING_RESULT,SIM_T09_AMB_BH03,56.25,57.03,drill core (simulated),17.05,4.73,31.65,SIMULATED_ASSAY,SIMULATED
SIM_T09_AMB_BH03_012,T09,AMBIGUOUS_DRILLING_RESULT,SIM_T09_AMB_BH03,57.03,98.4,drill core (simulated),0.24,5.5,61.61,SIMULATED_ASSAY,SIMULATED
SIM_T10_SS01,T10,POSITIVE_GEOCHEMICAL_SUPPORT,,0.0,0.2,soil / rock chip (simulated),10.78,6.56,54.99,SIMULATED_SCREENING,SIMULATED
SIM_T10_SS02,T10,POSITIVE_GEOCHEMICAL_SUPPORT,,0.0,0.2,soil / rock chip (simulated),18.54,6.5,58.27,SIMULATED_SCREENING,SIMULATED
SIM_T10_SS03,T10,POSITIVE_GEOCHEMICAL_SUPPORT,,0.0,0.2,soil / rock chip (simulated),8.25,4.11,51.76,SIMULATED_SCREENING,SIMULATED
SIM_T10_SS04,T10,POSITIVE_GEOCHEMICAL_SUPPORT,,0.0,0.2,soil / rock chip (simulated),11.14,3.71,51.01,SIMULATED_SCREENING,SIMULATED
SIM_T10_SS05,T10,POSITIVE_GEOCHEMICAL_SUPPORT,,0.0,0.2,soil / rock chip (simulated),9.8,5.4,53.35,SIMULATED_SCREENING,SIMULATED
SIM_T10_SS06,T10,POSITIVE_GEOCHEMICAL_SUPPORT,,0.0,0.2,soil / rock chip (simulated),17.75,5.61,49.99,SIMULATED_SCREENING,SIMULATED
SIM_T10_SS07,T10,POSITIVE_GEOCHEMICAL_SUPPORT,,0.0,0.2,soil / rock chip (simulated),13.16,7.55,51.72,SIMULATED_SCREENING,SIMULATED
SIM_T10_SS08,T10,POSITIVE_GEOCHEMICAL_SUPPORT,,0.0,0.2,soil / rock chip (simulated),7.82,3.8,47.57,SIMULATED_SCREENING,SIMULATED
SIM_T10_POS_BH01_001,T10,POSITIVE_DRILLING_INTERSECTION,SIM_T10_POS_BH01,0.0,2.32,drill core (simulated),0.35,4.73,54.76,SIMULATED_ASSAY,SIMULATED
SIM_T10_POS_BH01_002,T10,POSITIVE_DRILLING_INTERSECTION,SIM_T10_POS_BH01,2.32,18.0,drill core (simulated),0.43,4.56,64.49,SIMULATED_ASSAY,SIMULATED
SIM_T10_POS_BH01_003,T10,POSITIVE_DRILLING_INTERSECTION,SIM_T10_POS_BH01,18.0,19.63,drill core (simulated),30.11,6.92,21.22,SIMULATED_ASSAY,SIMULATED
SIM_T10_POS_BH01_004,T10,POSITIVE_DRILLING_INTERSECTION,SIM_T10_POS_BH01,19.63,25.21,drill core (simulated),0.33,6.94,63.88,SIMULATED_ASSAY,SIMULATED
SIM_T10_POS_BH01_005,T10,POSITIVE_DRILLING_INTERSECTION,SIM_T10_POS_BH01,25.21,27.02,drill core (simulated),39.83,6.02,12.29,SIMULATED_ASSAY,SIMULATED
SIM_T10_POS_BH01_006,T10,POSITIVE_DRILLING_INTERSECTION,SIM_T10_POS_BH01,27.02,56.8,drill core (simulated),0.4,2.77,54.1,SIMULATED_ASSAY,SIMULATED
SIM_T10_POS_BH02_007,T10,POSITIVE_DRILLING_INTERSECTION,SIM_T10_POS_BH02,0.0,2.75,drill core (simulated),0.47,3.07,51.53,SIMULATED_ASSAY,SIMULATED
SIM_T10_POS_BH02_008,T10,POSITIVE_DRILLING_INTERSECTION,SIM_T10_POS_BH02,2.75,26.22,drill core (simulated),0.86,4.94,51.74,SIMULATED_ASSAY,SIMULATED
SIM_T10_POS_BH02_009,T10,POSITIVE_DRILLING_INTERSECTION,SIM_T10_POS_BH02,26.22,28.15,drill core (simulated),30.69,5.54,19.76,SIMULATED_ASSAY,SIMULATED
SIM_T10_POS_BH02_010,T10,POSITIVE_DRILLING_INTERSECTION,SIM_T10_POS_BH02,28.15,80.6,drill core (simulated),0.72,6.41,49.64,SIMULATED_ASSAY,SIMULATED
SIM_T10_POS_BH03_011,T10,POSITIVE_DRILLING_INTERSECTION,SIM_T10_POS_BH03,0.0,2.73,drill core (simulated),0.65,5.37,59.99,SIMULATED_ASSAY,SIMULATED
SIM_T10_POS_BH03_012,T10,POSITIVE_DRILLING_INTERSECTION,SIM_T10_POS_BH03,2.73,26.39,drill core (simulated),0.7,3.82,43.74,SIMULATED_ASSAY,SIMULATED
SIM_T10_POS_BH03_013,T10,POSITIVE_DRILLING_INTERSECTION,SIM_T10_POS_BH03,26.39,28.13,drill core (simulated),32.5,6.72,18.85,SIMULATED_ASSAY,SIMULATED
SIM_T10_POS_BH03_014,T10,POSITIVE_DRILLING_INTERSECTION,SIM_T10_POS_BH03,28.13,52.0,drill core (simulated),0.6,2.23,56.71,SIMULATED_ASSAY,SIMULATED
SIM_T10_NEG_BH01_001,T10,NEGATIVE_DRILLING_RESULT,SIM_T10_NEG_BH01,0.0,2.08,drill core (simulated),0.29,5.02,65.41,SIMULATED_ASSAY,SIMULATED
SIM_T10_NEG_BH01_002,T10,NEGATIVE_DRILLING_RESULT,SIM_T10_NEG_BH01,2.08,70.2,drill core (simulated),0.7,5.54,60.75,SIMULATED_ASSAY,SIMULATED
SIM_T10_NEG_BH02_003,T10,NEGATIVE_DRILLING_RESULT,SIM_T10_NEG_BH02,0.0,2.57,drill core (simulated),0.33,8.86,63.57,SIMULATED_ASSAY,SIMULATED
SIM_T10_NEG_BH02_004,T10,NEGATIVE_DRILLING_RESULT,SIM_T10_NEG_BH02,2.57,68.5,drill core (simulated),0.27,4.26,56.16,SIMULATED_ASSAY,SIMULATED
SIM_T10_NEG_BH03_005,T10,NEGATIVE_DRILLING_RESULT,SIM_T10_NEG_BH03,0.0,2.55,drill core (simulated),0.77,5.42,62.96,SIMULATED_ASSAY,SIMULATED
SIM_T10_NEG_BH03_006,T10,NEGATIVE_DRILLING_RESULT,SIM_T10_NEG_BH03,2.55,61.7,drill core (simulated),0.79,5.55,60.98,SIMULATED_ASSAY,SIMULATED
SIM_T10_AMB_BH01_001,T10,AMBIGUOUS_DRILLING_RESULT,SIM_T10_AMB_BH01,0.0,2.46,drill core (simulated),0.45,2.67,52.59,SIMULATED_ASSAY,SIMULATED
SIM_T10_AMB_BH01_002,T10,AMBIGUOUS_DRILLING_RESULT,SIM_T10_AMB_BH01,2.46,21.24,drill core (simulated),0.46,5.13,55.05,SIMULATED_ASSAY,SIMULATED
SIM_T10_AMB_BH01_003,T10,AMBIGUOUS_DRILLING_RESULT,SIM_T10_AMB_BH01,21.24,21.97,drill core (simulated),30.75,7.57,21.0,SIMULATED_ASSAY,SIMULATED
SIM_T10_AMB_BH01_004,T10,AMBIGUOUS_DRILLING_RESULT,SIM_T10_AMB_BH01,21.97,76.1,drill core (simulated),0.64,1.92,56.86,SIMULATED_ASSAY,SIMULATED
SIM_T10_AMB_BH02_005,T10,AMBIGUOUS_DRILLING_RESULT,SIM_T10_AMB_BH02,0.0,2.99,drill core (simulated),0.21,5.49,58.9,SIMULATED_ASSAY,SIMULATED
SIM_T10_AMB_BH02_006,T10,AMBIGUOUS_DRILLING_RESULT,SIM_T10_AMB_BH02,2.99,57.11,drill core (simulated),0.77,3.5,67.42,SIMULATED_ASSAY,SIMULATED
SIM_T10_AMB_BH02_007,T10,AMBIGUOUS_DRILLING_RESULT,SIM_T10_AMB_BH02,57.11,57.99,drill core (simulated),15.46,9.8,32.81,SIMULATED_ASSAY,SIMULATED
SIM_T10_AMB_BH02_008,T10,AMBIGUOUS_DRILLING_RESULT,SIM_T10_AMB_BH02,57.99,79.8,drill core (simulated),0.87,3.68,55.67,SIMULATED_ASSAY,SIMULATED
SIM_T10_AMB_BH03_009,T10,AMBIGUOUS_DRILLING_RESULT,SIM_T10_AMB_BH03,0.0,2.2,drill core (simulated),0.38,2.7,62.74,SIMULATED_ASSAY,SIMULATED
SIM_T10_AMB_BH03_010,T10,AMBIGUOUS_DRILLING_RESULT,SIM_T10_AMB_BH03,2.2,12.89,drill core (simulated),0.32,2.59,54.32,SIMULATED_ASSAY,SIMULATED
SIM_T10_AMB_BH03_011,T10,AMBIGUOUS_DRILLING_RESULT,SIM_T10_AMB_BH03,12.89,13.61,drill core (simulated),24.13,5.93,26.33,SIMULATED_ASSAY,SIMULATED
SIM_T10_AMB_BH03_012,T10,AMBIGUOUS_DRILLING_RESULT,SIM_T10_AMB_BH03,13.61,56.2,drill core (simulated),0.15,5.46,48.04,SIMULATED_ASSAY,SIMULATED
SIM_T11_SS01,T11,POSITIVE_GEOCHEMICAL_SUPPORT,,0.0,0.2,soil / rock chip (simulated),11.97,5.71,49.84,SIMULATED_SCREENING,SIMULATED
SIM_T11_SS02,T11,POSITIVE_GEOCHEMICAL_SUPPORT,,0.0,0.2,soil / rock chip (simulated),21.14,5.34,42.41,SIMULATED_SCREENING,SIMULATED
SIM_T11_SS03,T11,POSITIVE_GEOCHEMICAL_SUPPORT,,0.0,0.2,soil / rock chip (simulated),11.08,3.02,53.41,SIMULATED_SCREENING,SIMULATED
SIM_T11_SS04,T11,POSITIVE_GEOCHEMICAL_SUPPORT,,0.0,0.2,soil / rock chip (simulated),13.25,2.15,48.58,SIMULATED_SCREENING,SIMULATED
SIM_T11_SS05,T11,POSITIVE_GEOCHEMICAL_SUPPORT,,0.0,0.2,soil / rock chip (simulated),10.94,6.89,45.53,SIMULATED_SCREENING,SIMULATED
SIM_T11_SS06,T11,POSITIVE_GEOCHEMICAL_SUPPORT,,0.0,0.2,soil / rock chip (simulated),9.06,6.33,59.09,SIMULATED_SCREENING,SIMULATED
SIM_T11_SS07,T11,POSITIVE_GEOCHEMICAL_SUPPORT,,0.0,0.2,soil / rock chip (simulated),11.56,4.24,54.37,SIMULATED_SCREENING,SIMULATED
SIM_T11_SS08,T11,POSITIVE_GEOCHEMICAL_SUPPORT,,0.0,0.2,soil / rock chip (simulated),6.64,2.77,54.23,SIMULATED_SCREENING,SIMULATED
SIM_T11_POS_BH01_001,T11,POSITIVE_DRILLING_INTERSECTION,SIM_T11_POS_BH01,0.0,2.14,drill core (simulated),0.24,3.56,56.54,SIMULATED_ASSAY,SIMULATED
SIM_T11_POS_BH01_002,T11,POSITIVE_DRILLING_INTERSECTION,SIM_T11_POS_BH01,2.14,13.42,drill core (simulated),0.25,4.81,63.97,SIMULATED_ASSAY,SIMULATED
SIM_T11_POS_BH01_003,T11,POSITIVE_DRILLING_INTERSECTION,SIM_T11_POS_BH01,13.42,15.09,drill core (simulated),35.96,4.54,16.72,SIMULATED_ASSAY,SIMULATED
SIM_T11_POS_BH01_004,T11,POSITIVE_DRILLING_INTERSECTION,SIM_T11_POS_BH01,15.09,52.5,drill core (simulated),0.59,4.44,73.62,SIMULATED_ASSAY,SIMULATED
SIM_T11_POS_BH02_005,T11,POSITIVE_DRILLING_INTERSECTION,SIM_T11_POS_BH02,0.0,2.83,drill core (simulated),0.65,2.13,46.95,SIMULATED_ASSAY,SIMULATED
SIM_T11_POS_BH02_006,T11,POSITIVE_DRILLING_INTERSECTION,SIM_T11_POS_BH02,2.83,52.31,drill core (simulated),0.2,3.22,57.07,SIMULATED_ASSAY,SIMULATED
SIM_T11_POS_BH02_007,T11,POSITIVE_DRILLING_INTERSECTION,SIM_T11_POS_BH02,52.31,54.13,drill core (simulated),27.82,5.34,22.21,SIMULATED_ASSAY,SIMULATED
SIM_T11_POS_BH02_008,T11,POSITIVE_DRILLING_INTERSECTION,SIM_T11_POS_BH02,54.13,97.5,drill core (simulated),0.79,4.31,58.1,SIMULATED_ASSAY,SIMULATED
SIM_T11_POS_BH03_009,T11,POSITIVE_DRILLING_INTERSECTION,SIM_T11_POS_BH03,0.0,2.9,drill core (simulated),0.26,4.85,57.79,SIMULATED_ASSAY,SIMULATED
SIM_T11_POS_BH03_010,T11,POSITIVE_DRILLING_INTERSECTION,SIM_T11_POS_BH03,2.9,17.89,drill core (simulated),0.38,7.07,63.09,SIMULATED_ASSAY,SIMULATED
SIM_T11_POS_BH03_011,T11,POSITIVE_DRILLING_INTERSECTION,SIM_T11_POS_BH03,17.89,19.87,drill core (simulated),32.77,4.95,19.41,SIMULATED_ASSAY,SIMULATED
SIM_T11_POS_BH03_012,T11,POSITIVE_DRILLING_INTERSECTION,SIM_T11_POS_BH03,19.87,95.7,drill core (simulated),0.57,8.32,64.54,SIMULATED_ASSAY,SIMULATED
SIM_T11_NEG_BH01_001,T11,NEGATIVE_DRILLING_RESULT,SIM_T11_NEG_BH01,0.0,2.03,drill core (simulated),0.66,6.36,60.15,SIMULATED_ASSAY,SIMULATED
SIM_T11_NEG_BH01_002,T11,NEGATIVE_DRILLING_RESULT,SIM_T11_NEG_BH01,2.03,84.6,drill core (simulated),0.34,5.32,68.24,SIMULATED_ASSAY,SIMULATED
SIM_T11_NEG_BH02_003,T11,NEGATIVE_DRILLING_RESULT,SIM_T11_NEG_BH02,0.0,2.56,drill core (simulated),0.38,2.3,56.72,SIMULATED_ASSAY,SIMULATED
SIM_T11_NEG_BH02_004,T11,NEGATIVE_DRILLING_RESULT,SIM_T11_NEG_BH02,2.56,50.8,drill core (simulated),1.05,4.44,57.58,SIMULATED_ASSAY,SIMULATED
SIM_T11_NEG_BH03_005,T11,NEGATIVE_DRILLING_RESULT,SIM_T11_NEG_BH03,0.0,2.45,drill core (simulated),0.66,5.92,48.27,SIMULATED_ASSAY,SIMULATED
SIM_T11_NEG_BH03_006,T11,NEGATIVE_DRILLING_RESULT,SIM_T11_NEG_BH03,2.45,58.3,drill core (simulated),0.56,4.52,60.45,SIMULATED_ASSAY,SIMULATED
SIM_T11_AMB_BH01_001,T11,AMBIGUOUS_DRILLING_RESULT,SIM_T11_AMB_BH01,0.0,2.61,drill core (simulated),0.31,7.15,63.04,SIMULATED_ASSAY,SIMULATED
SIM_T11_AMB_BH01_002,T11,AMBIGUOUS_DRILLING_RESULT,SIM_T11_AMB_BH01,2.61,42.11,drill core (simulated),0.85,6.99,58.28,SIMULATED_ASSAY,SIMULATED
SIM_T11_AMB_BH01_003,T11,AMBIGUOUS_DRILLING_RESULT,SIM_T11_AMB_BH01,42.11,42.86,drill core (simulated),26.28,4.59,24.67,SIMULATED_ASSAY,SIMULATED
SIM_T11_AMB_BH01_004,T11,AMBIGUOUS_DRILLING_RESULT,SIM_T11_AMB_BH01,42.86,57.2,drill core (simulated),0.45,5.7,47.14,SIMULATED_ASSAY,SIMULATED
SIM_T11_AMB_BH02_005,T11,AMBIGUOUS_DRILLING_RESULT,SIM_T11_AMB_BH02,0.0,2.5,drill core (simulated),0.65,5.69,60.04,SIMULATED_ASSAY,SIMULATED
SIM_T11_AMB_BH02_006,T11,AMBIGUOUS_DRILLING_RESULT,SIM_T11_AMB_BH02,2.5,17.8,drill core (simulated),0.66,5.46,66.46,SIMULATED_ASSAY,SIMULATED
SIM_T11_AMB_BH02_007,T11,AMBIGUOUS_DRILLING_RESULT,SIM_T11_AMB_BH02,17.8,18.29,drill core (simulated),19.62,9.24,28.9,SIMULATED_ASSAY,SIMULATED
SIM_T11_AMB_BH02_008,T11,AMBIGUOUS_DRILLING_RESULT,SIM_T11_AMB_BH02,18.29,54.1,drill core (simulated),0.52,3.77,48.35,SIMULATED_ASSAY,SIMULATED
SIM_T11_AMB_BH03_009,T11,AMBIGUOUS_DRILLING_RESULT,SIM_T11_AMB_BH03,0.0,2.57,drill core (simulated),0.24,3.0,62.96,SIMULATED_ASSAY,SIMULATED
SIM_T11_AMB_BH03_010,T11,AMBIGUOUS_DRILLING_RESULT,SIM_T11_AMB_BH03,2.57,31.16,drill core (simulated),0.18,4.41,54.38,SIMULATED_ASSAY,SIMULATED
SIM_T11_AMB_BH03_011,T11,AMBIGUOUS_DRILLING_RESULT,SIM_T11_AMB_BH03,31.16,31.72,drill core (simulated),7.84,5.99,38.6,SIMULATED_ASSAY,SIMULATED
SIM_T11_AMB_BH03_012,T11,AMBIGUOUS_DRILLING_RESULT,SIM_T11_AMB_BH03,31.72,69.7,drill core (simulated),0.62,3.97,67.94,SIMULATED_ASSAY,SIMULATED
SIM_T12_SS01,T12,POSITIVE_GEOCHEMICAL_SUPPORT,,0.0,0.2,soil / rock chip (simulated),14.21,6.62,55.92,SIMULATED_SCREENING,SIMULATED
SIM_T12_SS02,T12,POSITIVE_GEOCHEMICAL_SUPPORT,,0.0,0.2,soil / rock chip (simulated),11.27,4.95,52.47,SIMULATED_SCREENING,SIMULATED
SIM_T12_SS03,T12,POSITIVE_GEOCHEMICAL_SUPPORT,,0.0,0.2,soil / rock chip (simulated),10.62,4.93,52.59,SIMULATED_SCREENING,SIMULATED
SIM_T12_SS04,T12,POSITIVE_GEOCHEMICAL_SUPPORT,,0.0,0.2,soil / rock chip (simulated),22.36,6.45,43.03,SIMULATED_SCREENING,SIMULATED
SIM_T12_SS05,T12,POSITIVE_GEOCHEMICAL_SUPPORT,,0.0,0.2,soil / rock chip (simulated),13.92,5.8,47.92,SIMULATED_SCREENING,SIMULATED
SIM_T12_SS06,T12,POSITIVE_GEOCHEMICAL_SUPPORT,,0.0,0.2,soil / rock chip (simulated),18.43,4.89,43.22,SIMULATED_SCREENING,SIMULATED
SIM_T12_SS07,T12,POSITIVE_GEOCHEMICAL_SUPPORT,,0.0,0.2,soil / rock chip (simulated),10.73,6.74,51.86,SIMULATED_SCREENING,SIMULATED
SIM_T12_SS08,T12,POSITIVE_GEOCHEMICAL_SUPPORT,,0.0,0.2,soil / rock chip (simulated),26.63,4.38,42.52,SIMULATED_SCREENING,SIMULATED
SIM_T12_POS_BH01_001,T12,POSITIVE_DRILLING_INTERSECTION,SIM_T12_POS_BH01,0.0,2.25,drill core (simulated),0.37,3.95,51.95,SIMULATED_ASSAY,SIMULATED
SIM_T12_POS_BH01_002,T12,POSITIVE_DRILLING_INTERSECTION,SIM_T12_POS_BH01,2.25,11.78,drill core (simulated),0.32,5.18,55.46,SIMULATED_ASSAY,SIMULATED
SIM_T12_POS_BH01_003,T12,POSITIVE_DRILLING_INTERSECTION,SIM_T12_POS_BH01,11.78,13.56,drill core (simulated),32.73,5.97,18.6,SIMULATED_ASSAY,SIMULATED
SIM_T12_POS_BH01_004,T12,POSITIVE_DRILLING_INTERSECTION,SIM_T12_POS_BH01,13.56,62.4,drill core (simulated),0.29,4.3,66.62,SIMULATED_ASSAY,SIMULATED
SIM_T12_POS_BH02_005,T12,POSITIVE_DRILLING_INTERSECTION,SIM_T12_POS_BH02,0.0,2.53,drill core (simulated),0.64,5.21,49.09,SIMULATED_ASSAY,SIMULATED
SIM_T12_POS_BH02_006,T12,POSITIVE_DRILLING_INTERSECTION,SIM_T12_POS_BH02,2.53,17.94,drill core (simulated),0.17,2.14,65.72,SIMULATED_ASSAY,SIMULATED
SIM_T12_POS_BH02_007,T12,POSITIVE_DRILLING_INTERSECTION,SIM_T12_POS_BH02,17.94,19.83,drill core (simulated),24.81,5.91,24.52,SIMULATED_ASSAY,SIMULATED
SIM_T12_POS_BH02_008,T12,POSITIVE_DRILLING_INTERSECTION,SIM_T12_POS_BH02,19.83,59.1,drill core (simulated),0.35,5.74,63.73,SIMULATED_ASSAY,SIMULATED
SIM_T12_POS_BH03_009,T12,POSITIVE_DRILLING_INTERSECTION,SIM_T12_POS_BH03,0.0,2.92,drill core (simulated),0.1,4.92,57.32,SIMULATED_ASSAY,SIMULATED
SIM_T12_POS_BH03_010,T12,POSITIVE_DRILLING_INTERSECTION,SIM_T12_POS_BH03,2.92,52.54,drill core (simulated),0.57,4.79,51.16,SIMULATED_ASSAY,SIMULATED
SIM_T12_POS_BH03_011,T12,POSITIVE_DRILLING_INTERSECTION,SIM_T12_POS_BH03,52.54,54.46,drill core (simulated),32.45,6.24,19.13,SIMULATED_ASSAY,SIMULATED
SIM_T12_POS_BH03_012,T12,POSITIVE_DRILLING_INTERSECTION,SIM_T12_POS_BH03,54.46,82.6,drill core (simulated),0.65,6.93,59.05,SIMULATED_ASSAY,SIMULATED
SIM_T12_NEG_BH01_001,T12,NEGATIVE_DRILLING_RESULT,SIM_T12_NEG_BH01,0.0,2.93,drill core (simulated),0.22,4.96,55.23,SIMULATED_ASSAY,SIMULATED
SIM_T12_NEG_BH01_002,T12,NEGATIVE_DRILLING_RESULT,SIM_T12_NEG_BH01,2.93,77.0,drill core (simulated),0.32,8.69,56.59,SIMULATED_ASSAY,SIMULATED
SIM_T12_NEG_BH02_003,T12,NEGATIVE_DRILLING_RESULT,SIM_T12_NEG_BH02,0.0,2.6,drill core (simulated),0.67,6.12,57.0,SIMULATED_ASSAY,SIMULATED
SIM_T12_NEG_BH02_004,T12,NEGATIVE_DRILLING_RESULT,SIM_T12_NEG_BH02,2.6,53.1,drill core (simulated),0.48,5.17,48.29,SIMULATED_ASSAY,SIMULATED
SIM_T12_NEG_BH03_005,T12,NEGATIVE_DRILLING_RESULT,SIM_T12_NEG_BH03,0.0,2.92,drill core (simulated),0.18,4.19,63.33,SIMULATED_ASSAY,SIMULATED
SIM_T12_NEG_BH03_006,T12,NEGATIVE_DRILLING_RESULT,SIM_T12_NEG_BH03,2.92,71.7,drill core (simulated),0.27,6.24,68.52,SIMULATED_ASSAY,SIMULATED
SIM_T12_AMB_BH01_001,T12,AMBIGUOUS_DRILLING_RESULT,SIM_T12_AMB_BH01,0.0,2.65,drill core (simulated),0.29,5.58,64.4,SIMULATED_ASSAY,SIMULATED
SIM_T12_AMB_BH01_002,T12,AMBIGUOUS_DRILLING_RESULT,SIM_T12_AMB_BH01,2.65,38.69,drill core (simulated),0.42,4.13,57.66,SIMULATED_ASSAY,SIMULATED
SIM_T12_AMB_BH01_003,T12,AMBIGUOUS_DRILLING_RESULT,SIM_T12_AMB_BH01,38.69,39.16,drill core (simulated),15.41,5.84,33.2,SIMULATED_ASSAY,SIMULATED
SIM_T12_AMB_BH01_004,T12,AMBIGUOUS_DRILLING_RESULT,SIM_T12_AMB_BH01,39.16,82.2,drill core (simulated),0.27,6.01,64.6,SIMULATED_ASSAY,SIMULATED
SIM_T12_AMB_BH02_005,T12,AMBIGUOUS_DRILLING_RESULT,SIM_T12_AMB_BH02,0.0,2.32,drill core (simulated),0.15,4.05,49.74,SIMULATED_ASSAY,SIMULATED
SIM_T12_AMB_BH02_006,T12,AMBIGUOUS_DRILLING_RESULT,SIM_T12_AMB_BH02,2.32,61.61,drill core (simulated),0.33,5.01,54.8,SIMULATED_ASSAY,SIMULATED
SIM_T12_AMB_BH02_007,T12,AMBIGUOUS_DRILLING_RESULT,SIM_T12_AMB_BH02,61.61,62.2,drill core (simulated),13.7,7.17,33.54,SIMULATED_ASSAY,SIMULATED
SIM_T12_AMB_BH02_008,T12,AMBIGUOUS_DRILLING_RESULT,SIM_T12_AMB_BH02,62.2,76.3,drill core (simulated),0.6,5.45,48.76,SIMULATED_ASSAY,SIMULATED
SIM_T12_AMB_BH03_009,T12,AMBIGUOUS_DRILLING_RESULT,SIM_T12_AMB_BH03,0.0,2.13,drill core (simulated),0.63,4.84,60.96,SIMULATED_ASSAY,SIMULATED
SIM_T12_AMB_BH03_010,T12,AMBIGUOUS_DRILLING_RESULT,SIM_T12_AMB_BH03,2.13,46.91,drill core (simulated),0.53,5.11,65.18,SIMULATED_ASSAY,SIMULATED
SIM_T12_AMB_BH03_011,T12,AMBIGUOUS_DRILLING_RESULT,SIM_T12_AMB_BH03,46.91,47.67,drill core (simulated),16.69,6.87,32.07,SIMULATED_ASSAY,SIMULATED
SIM_T12_AMB_BH03_012,T12,AMBIGUOUS_DRILLING_RESULT,SIM_T12_AMB_BH03,47.67,55.4,drill core (simulated),0.57,4.15,51.73,SIMULATED_ASSAY,SIMULATED
SIM_T13_SS01,T13,POSITIVE_GEOCHEMICAL_SUPPORT,,0.0,0.2,soil / rock chip (simulated),24.75,6.64,43.65,SIMULATED_SCREENING,SIMULATED
SIM_T13_SS02,T13,POSITIVE_GEOCHEMICAL_SUPPORT,,0.0,0.2,soil / rock chip (simulated),11.25,6.89,51.88,SIMULATED_SCREENING,SIMULATED
SIM_T13_SS03,T13,POSITIVE_GEOCHEMICAL_SUPPORT,,0.0,0.2,soil / rock chip (simulated),15.68,4.59,45.47,SIMULATED_SCREENING,SIMULATED
SIM_T13_SS04,T13,POSITIVE_GEOCHEMICAL_SUPPORT,,0.0,0.2,soil / rock chip (simulated),8.97,5.76,50.59,SIMULATED_SCREENING,SIMULATED
SIM_T13_SS05,T13,POSITIVE_GEOCHEMICAL_SUPPORT,,0.0,0.2,soil / rock chip (simulated),40.0,3.7,26.97,SIMULATED_SCREENING,SIMULATED
SIM_T13_SS06,T13,POSITIVE_GEOCHEMICAL_SUPPORT,,0.0,0.2,soil / rock chip (simulated),17.93,6.84,47.71,SIMULATED_SCREENING,SIMULATED
SIM_T13_SS07,T13,POSITIVE_GEOCHEMICAL_SUPPORT,,0.0,0.2,soil / rock chip (simulated),18.33,2.79,44.46,SIMULATED_SCREENING,SIMULATED
SIM_T13_SS08,T13,POSITIVE_GEOCHEMICAL_SUPPORT,,0.0,0.2,soil / rock chip (simulated),10.3,2.73,53.26,SIMULATED_SCREENING,SIMULATED
SIM_T13_POS_BH01_001,T13,POSITIVE_DRILLING_INTERSECTION,SIM_T13_POS_BH01,0.0,2.81,drill core (simulated),0.32,5.63,53.09,SIMULATED_ASSAY,SIMULATED
SIM_T13_POS_BH01_002,T13,POSITIVE_DRILLING_INTERSECTION,SIM_T13_POS_BH01,2.81,17.82,drill core (simulated),0.37,3.18,54.03,SIMULATED_ASSAY,SIMULATED
SIM_T13_POS_BH01_003,T13,POSITIVE_DRILLING_INTERSECTION,SIM_T13_POS_BH01,17.82,19.71,drill core (simulated),36.98,4.71,15.48,SIMULATED_ASSAY,SIMULATED
SIM_T13_POS_BH01_004,T13,POSITIVE_DRILLING_INTERSECTION,SIM_T13_POS_BH01,19.71,47.27,drill core (simulated),0.59,6.53,49.56,SIMULATED_ASSAY,SIMULATED
SIM_T13_POS_BH01_005,T13,POSITIVE_DRILLING_INTERSECTION,SIM_T13_POS_BH01,47.27,48.84,drill core (simulated),28.95,6.06,21.55,SIMULATED_ASSAY,SIMULATED
SIM_T13_POS_BH01_006,T13,POSITIVE_DRILLING_INTERSECTION,SIM_T13_POS_BH01,48.84,61.1,drill core (simulated),0.71,5.82,50.81,SIMULATED_ASSAY,SIMULATED
SIM_T13_POS_BH02_007,T13,POSITIVE_DRILLING_INTERSECTION,SIM_T13_POS_BH02,0.0,2.88,drill core (simulated),0.62,3.09,59.35,SIMULATED_ASSAY,SIMULATED
SIM_T13_POS_BH02_008,T13,POSITIVE_DRILLING_INTERSECTION,SIM_T13_POS_BH02,2.88,19.17,drill core (simulated),0.28,6.2,63.39,SIMULATED_ASSAY,SIMULATED
SIM_T13_POS_BH02_009,T13,POSITIVE_DRILLING_INTERSECTION,SIM_T13_POS_BH02,19.17,20.79,drill core (simulated),32.03,5.53,18.29,SIMULATED_ASSAY,SIMULATED
SIM_T13_POS_BH02_010,T13,POSITIVE_DRILLING_INTERSECTION,SIM_T13_POS_BH02,20.79,85.8,drill core (simulated),0.28,6.58,65.07,SIMULATED_ASSAY,SIMULATED
SIM_T13_POS_BH03_011,T13,POSITIVE_DRILLING_INTERSECTION,SIM_T13_POS_BH03,0.0,2.75,drill core (simulated),0.5,3.25,65.02,SIMULATED_ASSAY,SIMULATED
SIM_T13_POS_BH03_012,T13,POSITIVE_DRILLING_INTERSECTION,SIM_T13_POS_BH03,2.75,23.86,drill core (simulated),0.58,1.81,42.9,SIMULATED_ASSAY,SIMULATED
SIM_T13_POS_BH03_013,T13,POSITIVE_DRILLING_INTERSECTION,SIM_T13_POS_BH03,23.86,25.74,drill core (simulated),27.34,6.17,23.47,SIMULATED_ASSAY,SIMULATED
SIM_T13_POS_BH03_014,T13,POSITIVE_DRILLING_INTERSECTION,SIM_T13_POS_BH03,25.74,48.67,drill core (simulated),0.46,4.96,50.39,SIMULATED_ASSAY,SIMULATED
SIM_T13_POS_BH03_015,T13,POSITIVE_DRILLING_INTERSECTION,SIM_T13_POS_BH03,48.67,50.52,drill core (simulated),32.78,6.04,18.18,SIMULATED_ASSAY,SIMULATED
SIM_T13_POS_BH03_016,T13,POSITIVE_DRILLING_INTERSECTION,SIM_T13_POS_BH03,50.52,62.2,drill core (simulated),0.19,8.05,53.91,SIMULATED_ASSAY,SIMULATED
SIM_T13_NEG_BH01_001,T13,NEGATIVE_DRILLING_RESULT,SIM_T13_NEG_BH01,0.0,2.92,drill core (simulated),0.32,7.32,57.46,SIMULATED_ASSAY,SIMULATED
SIM_T13_NEG_BH01_002,T13,NEGATIVE_DRILLING_RESULT,SIM_T13_NEG_BH01,2.92,69.0,drill core (simulated),0.37,4.33,50.07,SIMULATED_ASSAY,SIMULATED
SIM_T13_NEG_BH02_003,T13,NEGATIVE_DRILLING_RESULT,SIM_T13_NEG_BH02,0.0,2.27,drill core (simulated),1.3,3.18,53.4,SIMULATED_ASSAY,SIMULATED
SIM_T13_NEG_BH02_004,T13,NEGATIVE_DRILLING_RESULT,SIM_T13_NEG_BH02,2.27,60.8,drill core (simulated),1.31,6.87,56.0,SIMULATED_ASSAY,SIMULATED
SIM_T13_NEG_BH03_005,T13,NEGATIVE_DRILLING_RESULT,SIM_T13_NEG_BH03,0.0,2.87,drill core (simulated),0.36,4.47,72.16,SIMULATED_ASSAY,SIMULATED
SIM_T13_NEG_BH03_006,T13,NEGATIVE_DRILLING_RESULT,SIM_T13_NEG_BH03,2.87,86.2,drill core (simulated),0.33,4.15,63.92,SIMULATED_ASSAY,SIMULATED
SIM_T13_AMB_BH01_001,T13,AMBIGUOUS_DRILLING_RESULT,SIM_T13_AMB_BH01,0.0,2.92,drill core (simulated),0.31,3.74,49.85,SIMULATED_ASSAY,SIMULATED
SIM_T13_AMB_BH01_002,T13,AMBIGUOUS_DRILLING_RESULT,SIM_T13_AMB_BH01,2.92,21.84,drill core (simulated),0.46,3.16,61.43,SIMULATED_ASSAY,SIMULATED
SIM_T13_AMB_BH01_003,T13,AMBIGUOUS_DRILLING_RESULT,SIM_T13_AMB_BH01,21.84,22.31,drill core (simulated),19.4,6.73,29.97,SIMULATED_ASSAY,SIMULATED
SIM_T13_AMB_BH01_004,T13,AMBIGUOUS_DRILLING_RESULT,SIM_T13_AMB_BH01,22.31,93.7,drill core (simulated),0.43,4.89,52.99,SIMULATED_ASSAY,SIMULATED
SIM_T13_AMB_BH02_005,T13,AMBIGUOUS_DRILLING_RESULT,SIM_T13_AMB_BH02,0.0,2.16,drill core (simulated),0.24,4.32,57.55,SIMULATED_ASSAY,SIMULATED
SIM_T13_AMB_BH02_006,T13,AMBIGUOUS_DRILLING_RESULT,SIM_T13_AMB_BH02,2.16,32.5,drill core (simulated),0.22,3.99,55.15,SIMULATED_ASSAY,SIMULATED
SIM_T13_AMB_BH02_007,T13,AMBIGUOUS_DRILLING_RESULT,SIM_T13_AMB_BH02,32.5,32.94,drill core (simulated),15.97,6.3,32.66,SIMULATED_ASSAY,SIMULATED
SIM_T13_AMB_BH02_008,T13,AMBIGUOUS_DRILLING_RESULT,SIM_T13_AMB_BH02,32.94,81.6,drill core (simulated),1.38,5.01,56.26,SIMULATED_ASSAY,SIMULATED
SIM_T13_AMB_BH03_009,T13,AMBIGUOUS_DRILLING_RESULT,SIM_T13_AMB_BH03,0.0,3.0,drill core (simulated),0.38,6.57,50.45,SIMULATED_ASSAY,SIMULATED
SIM_T13_AMB_BH03_010,T13,AMBIGUOUS_DRILLING_RESULT,SIM_T13_AMB_BH03,3.0,39.1,drill core (simulated),0.31,4.22,59.38,SIMULATED_ASSAY,SIMULATED
SIM_T13_AMB_BH03_011,T13,AMBIGUOUS_DRILLING_RESULT,SIM_T13_AMB_BH03,39.1,39.6,drill core (simulated),14.97,4.26,33.28,SIMULATED_ASSAY,SIMULATED
SIM_T13_AMB_BH03_012,T13,AMBIGUOUS_DRILLING_RESULT,SIM_T13_AMB_BH03,39.6,58.7,drill core (simulated),0.26,6.86,63.82,SIMULATED_ASSAY,SIMULATED
SIM_T14_SS01,T14,POSITIVE_GEOCHEMICAL_SUPPORT,,0.0,0.2,soil / rock chip (simulated),10.09,6.59,50.31,SIMULATED_SCREENING,SIMULATED
SIM_T14_SS02,T14,POSITIVE_GEOCHEMICAL_SUPPORT,,0.0,0.2,soil / rock chip (simulated),30.35,5.71,34.69,SIMULATED_SCREENING,SIMULATED
SIM_T14_SS03,T14,POSITIVE_GEOCHEMICAL_SUPPORT,,0.0,0.2,soil / rock chip (simulated),12.49,5.94,55.46,SIMULATED_SCREENING,SIMULATED
SIM_T14_SS04,T14,POSITIVE_GEOCHEMICAL_SUPPORT,,0.0,0.2,soil / rock chip (simulated),14.63,5.05,52.79,SIMULATED_SCREENING,SIMULATED
SIM_T14_SS05,T14,POSITIVE_GEOCHEMICAL_SUPPORT,,0.0,0.2,soil / rock chip (simulated),15.71,3.45,45.75,SIMULATED_SCREENING,SIMULATED
SIM_T14_SS06,T14,POSITIVE_GEOCHEMICAL_SUPPORT,,0.0,0.2,soil / rock chip (simulated),16.29,6.46,55.06,SIMULATED_SCREENING,SIMULATED
SIM_T14_SS07,T14,POSITIVE_GEOCHEMICAL_SUPPORT,,0.0,0.2,soil / rock chip (simulated),19.71,5.34,49.2,SIMULATED_SCREENING,SIMULATED
SIM_T14_SS08,T14,POSITIVE_GEOCHEMICAL_SUPPORT,,0.0,0.2,soil / rock chip (simulated),11.88,4.82,48.39,SIMULATED_SCREENING,SIMULATED
SIM_T14_POS_BH01_001,T14,POSITIVE_DRILLING_INTERSECTION,SIM_T14_POS_BH01,0.0,2.39,drill core (simulated),0.49,5.08,53.98,SIMULATED_ASSAY,SIMULATED
SIM_T14_POS_BH01_002,T14,POSITIVE_DRILLING_INTERSECTION,SIM_T14_POS_BH01,2.39,66.07,drill core (simulated),0.29,6.9,51.25,SIMULATED_ASSAY,SIMULATED
SIM_T14_POS_BH01_003,T14,POSITIVE_DRILLING_INTERSECTION,SIM_T14_POS_BH01,66.07,68.03,drill core (simulated),37.93,8.96,15.14,SIMULATED_ASSAY,SIMULATED
SIM_T14_POS_BH01_004,T14,POSITIVE_DRILLING_INTERSECTION,SIM_T14_POS_BH01,68.03,82.4,drill core (simulated),0.4,5.38,56.63,SIMULATED_ASSAY,SIMULATED
SIM_T14_POS_BH02_005,T14,POSITIVE_DRILLING_INTERSECTION,SIM_T14_POS_BH02,0.0,2.81,drill core (simulated),0.37,9.01,53.34,SIMULATED_ASSAY,SIMULATED
SIM_T14_POS_BH02_006,T14,POSITIVE_DRILLING_INTERSECTION,SIM_T14_POS_BH02,2.81,40.81,drill core (simulated),0.34,4.92,53.81,SIMULATED_ASSAY,SIMULATED
SIM_T14_POS_BH02_007,T14,POSITIVE_DRILLING_INTERSECTION,SIM_T14_POS_BH02,40.81,42.41,drill core (simulated),35.31,7.01,17.21,SIMULATED_ASSAY,SIMULATED
SIM_T14_POS_BH02_008,T14,POSITIVE_DRILLING_INTERSECTION,SIM_T14_POS_BH02,42.41,63.7,drill core (simulated),0.29,4.07,52.74,SIMULATED_ASSAY,SIMULATED
SIM_T14_POS_BH03_009,T14,POSITIVE_DRILLING_INTERSECTION,SIM_T14_POS_BH03,0.0,2.56,drill core (simulated),0.19,6.04,61.39,SIMULATED_ASSAY,SIMULATED
SIM_T14_POS_BH03_010,T14,POSITIVE_DRILLING_INTERSECTION,SIM_T14_POS_BH03,2.56,20.61,drill core (simulated),0.2,4.46,53.66,SIMULATED_ASSAY,SIMULATED
SIM_T14_POS_BH03_011,T14,POSITIVE_DRILLING_INTERSECTION,SIM_T14_POS_BH03,20.61,22.13,drill core (simulated),24.12,4.77,24.85,SIMULATED_ASSAY,SIMULATED
SIM_T14_POS_BH03_012,T14,POSITIVE_DRILLING_INTERSECTION,SIM_T14_POS_BH03,22.13,28.72,drill core (simulated),0.4,6.59,57.31,SIMULATED_ASSAY,SIMULATED
SIM_T14_POS_BH03_013,T14,POSITIVE_DRILLING_INTERSECTION,SIM_T14_POS_BH03,28.72,30.62,drill core (simulated),25.33,7.54,24.61,SIMULATED_ASSAY,SIMULATED
SIM_T14_POS_BH03_014,T14,POSITIVE_DRILLING_INTERSECTION,SIM_T14_POS_BH03,30.62,55.7,drill core (simulated),0.32,4.54,64.98,SIMULATED_ASSAY,SIMULATED
SIM_T14_NEG_BH01_001,T14,NEGATIVE_DRILLING_RESULT,SIM_T14_NEG_BH01,0.0,2.28,drill core (simulated),0.55,5.7,64.1,SIMULATED_ASSAY,SIMULATED
SIM_T14_NEG_BH01_002,T14,NEGATIVE_DRILLING_RESULT,SIM_T14_NEG_BH01,2.28,51.7,drill core (simulated),0.21,6.5,71.4,SIMULATED_ASSAY,SIMULATED
SIM_T14_NEG_BH02_003,T14,NEGATIVE_DRILLING_RESULT,SIM_T14_NEG_BH02,0.0,2.5,drill core (simulated),0.39,4.33,49.28,SIMULATED_ASSAY,SIMULATED
SIM_T14_NEG_BH02_004,T14,NEGATIVE_DRILLING_RESULT,SIM_T14_NEG_BH02,2.5,87.8,drill core (simulated),0.82,4.27,63.22,SIMULATED_ASSAY,SIMULATED
SIM_T14_NEG_BH03_005,T14,NEGATIVE_DRILLING_RESULT,SIM_T14_NEG_BH03,0.0,2.29,drill core (simulated),0.46,5.51,60.91,SIMULATED_ASSAY,SIMULATED
SIM_T14_NEG_BH03_006,T14,NEGATIVE_DRILLING_RESULT,SIM_T14_NEG_BH03,2.29,80.8,drill core (simulated),0.25,5.28,63.23,SIMULATED_ASSAY,SIMULATED
SIM_T14_AMB_BH01_001,T14,AMBIGUOUS_DRILLING_RESULT,SIM_T14_AMB_BH01,0.0,2.27,drill core (simulated),0.49,5.59,55.06,SIMULATED_ASSAY,SIMULATED
SIM_T14_AMB_BH01_002,T14,AMBIGUOUS_DRILLING_RESULT,SIM_T14_AMB_BH01,2.27,51.38,drill core (simulated),0.1,3.77,56.12,SIMULATED_ASSAY,SIMULATED
SIM_T14_AMB_BH01_003,T14,AMBIGUOUS_DRILLING_RESULT,SIM_T14_AMB_BH01,51.38,51.94,drill core (simulated),22.19,5.73,27.07,SIMULATED_ASSAY,SIMULATED
SIM_T14_AMB_BH01_004,T14,AMBIGUOUS_DRILLING_RESULT,SIM_T14_AMB_BH01,51.94,97.2,drill core (simulated),0.31,6.44,51.21,SIMULATED_ASSAY,SIMULATED
SIM_T14_AMB_BH02_005,T14,AMBIGUOUS_DRILLING_RESULT,SIM_T14_AMB_BH02,0.0,2.56,drill core (simulated),0.32,5.42,56.7,SIMULATED_ASSAY,SIMULATED
SIM_T14_AMB_BH02_006,T14,AMBIGUOUS_DRILLING_RESULT,SIM_T14_AMB_BH02,2.56,39.07,drill core (simulated),0.32,5.93,54.5,SIMULATED_ASSAY,SIMULATED
SIM_T14_AMB_BH02_007,T14,AMBIGUOUS_DRILLING_RESULT,SIM_T14_AMB_BH02,39.07,39.6,drill core (simulated),19.18,5.34,29.63,SIMULATED_ASSAY,SIMULATED
SIM_T14_AMB_BH02_008,T14,AMBIGUOUS_DRILLING_RESULT,SIM_T14_AMB_BH02,39.6,67.8,drill core (simulated),0.44,6.41,70.37,SIMULATED_ASSAY,SIMULATED
SIM_T14_AMB_BH03_009,T14,AMBIGUOUS_DRILLING_RESULT,SIM_T14_AMB_BH03,0.0,2.92,drill core (simulated),0.44,4.76,63.18,SIMULATED_ASSAY,SIMULATED
SIM_T14_AMB_BH03_010,T14,AMBIGUOUS_DRILLING_RESULT,SIM_T14_AMB_BH03,2.92,76.23,drill core (simulated),0.3,2.59,62.64,SIMULATED_ASSAY,SIMULATED
SIM_T14_AMB_BH03_011,T14,AMBIGUOUS_DRILLING_RESULT,SIM_T14_AMB_BH03,76.23,76.72,drill core (simulated),15.51,7.17,32.65,SIMULATED_ASSAY,SIMULATED
SIM_T14_AMB_BH03_012,T14,AMBIGUOUS_DRILLING_RESULT,SIM_T14_AMB_BH03,76.72,93.3,drill core (simulated),0.64,5.1,61.51,SIMULATED_ASSAY,SIMULATED
SIM_T15_SS01,T15,POSITIVE_GEOCHEMICAL_SUPPORT,,0.0,0.2,soil / rock chip (simulated),7.75,4.52,54.8,SIMULATED_SCREENING,SIMULATED
SIM_T15_SS02,T15,POSITIVE_GEOCHEMICAL_SUPPORT,,0.0,0.2,soil / rock chip (simulated),13.59,4.7,52.44,SIMULATED_SCREENING,SIMULATED
SIM_T15_SS03,T15,POSITIVE_GEOCHEMICAL_SUPPORT,,0.0,0.2,soil / rock chip (simulated),10.28,3.05,51.41,SIMULATED_SCREENING,SIMULATED
SIM_T15_SS04,T15,POSITIVE_GEOCHEMICAL_SUPPORT,,0.0,0.2,soil / rock chip (simulated),19.6,7.03,49.41,SIMULATED_SCREENING,SIMULATED
SIM_T15_SS05,T15,POSITIVE_GEOCHEMICAL_SUPPORT,,0.0,0.2,soil / rock chip (simulated),8.97,4.72,54.75,SIMULATED_SCREENING,SIMULATED
SIM_T15_SS06,T15,POSITIVE_GEOCHEMICAL_SUPPORT,,0.0,0.2,soil / rock chip (simulated),15.96,5.65,45.16,SIMULATED_SCREENING,SIMULATED
SIM_T15_SS07,T15,POSITIVE_GEOCHEMICAL_SUPPORT,,0.0,0.2,soil / rock chip (simulated),15.34,5.5,52.56,SIMULATED_SCREENING,SIMULATED
SIM_T15_SS08,T15,POSITIVE_GEOCHEMICAL_SUPPORT,,0.0,0.2,soil / rock chip (simulated),11.31,4.59,41.26,SIMULATED_SCREENING,SIMULATED
SIM_T15_POS_BH01_001,T15,POSITIVE_DRILLING_INTERSECTION,SIM_T15_POS_BH01,0.0,2.56,drill core (simulated),0.21,5.45,56.3,SIMULATED_ASSAY,SIMULATED
SIM_T15_POS_BH01_002,T15,POSITIVE_DRILLING_INTERSECTION,SIM_T15_POS_BH01,2.56,16.99,drill core (simulated),0.42,2.78,48.78,SIMULATED_ASSAY,SIMULATED
SIM_T15_POS_BH01_003,T15,POSITIVE_DRILLING_INTERSECTION,SIM_T15_POS_BH01,16.99,18.51,drill core (simulated),29.07,5.09,21.74,SIMULATED_ASSAY,SIMULATED
SIM_T15_POS_BH01_004,T15,POSITIVE_DRILLING_INTERSECTION,SIM_T15_POS_BH01,18.51,53.8,drill core (simulated),0.54,4.58,52.21,SIMULATED_ASSAY,SIMULATED
SIM_T15_POS_BH02_005,T15,POSITIVE_DRILLING_INTERSECTION,SIM_T15_POS_BH02,0.0,2.45,drill core (simulated),0.3,3.81,47.64,SIMULATED_ASSAY,SIMULATED
SIM_T15_POS_BH02_006,T15,POSITIVE_DRILLING_INTERSECTION,SIM_T15_POS_BH02,2.45,63.9,drill core (simulated),0.24,3.64,61.61,SIMULATED_ASSAY,SIMULATED
SIM_T15_POS_BH02_007,T15,POSITIVE_DRILLING_INTERSECTION,SIM_T15_POS_BH02,63.9,65.71,drill core (simulated),28.99,5.26,20.44,SIMULATED_ASSAY,SIMULATED
SIM_T15_POS_BH02_008,T15,POSITIVE_DRILLING_INTERSECTION,SIM_T15_POS_BH02,65.71,89.6,drill core (simulated),0.5,6.58,53.72,SIMULATED_ASSAY,SIMULATED
SIM_T15_POS_BH03_009,T15,POSITIVE_DRILLING_INTERSECTION,SIM_T15_POS_BH03,0.0,2.7,drill core (simulated),0.23,6.42,58.69,SIMULATED_ASSAY,SIMULATED
SIM_T15_POS_BH03_010,T15,POSITIVE_DRILLING_INTERSECTION,SIM_T15_POS_BH03,2.7,20.83,drill core (simulated),0.44,4.83,58.05,SIMULATED_ASSAY,SIMULATED
SIM_T15_POS_BH03_011,T15,POSITIVE_DRILLING_INTERSECTION,SIM_T15_POS_BH03,20.83,22.73,drill core (simulated),36.23,10.22,15.14,SIMULATED_ASSAY,SIMULATED
SIM_T15_POS_BH03_012,T15,POSITIVE_DRILLING_INTERSECTION,SIM_T15_POS_BH03,22.73,78.1,drill core (simulated),0.49,7.82,61.15,SIMULATED_ASSAY,SIMULATED
SIM_T15_NEG_BH01_001,T15,NEGATIVE_DRILLING_RESULT,SIM_T15_NEG_BH01,0.0,2.76,drill core (simulated),0.37,5.07,69.89,SIMULATED_ASSAY,SIMULATED
SIM_T15_NEG_BH01_002,T15,NEGATIVE_DRILLING_RESULT,SIM_T15_NEG_BH01,2.76,95.9,drill core (simulated),0.41,4.51,64.64,SIMULATED_ASSAY,SIMULATED
SIM_T15_NEG_BH02_003,T15,NEGATIVE_DRILLING_RESULT,SIM_T15_NEG_BH02,0.0,2.05,drill core (simulated),0.6,5.35,52.92,SIMULATED_ASSAY,SIMULATED
SIM_T15_NEG_BH02_004,T15,NEGATIVE_DRILLING_RESULT,SIM_T15_NEG_BH02,2.05,74.2,drill core (simulated),0.25,5.15,62.63,SIMULATED_ASSAY,SIMULATED
SIM_T15_NEG_BH03_005,T15,NEGATIVE_DRILLING_RESULT,SIM_T15_NEG_BH03,0.0,2.47,drill core (simulated),0.84,4.55,48.73,SIMULATED_ASSAY,SIMULATED
SIM_T15_NEG_BH03_006,T15,NEGATIVE_DRILLING_RESULT,SIM_T15_NEG_BH03,2.47,66.5,drill core (simulated),0.7,5.92,50.15,SIMULATED_ASSAY,SIMULATED
SIM_T15_AMB_BH01_001,T15,AMBIGUOUS_DRILLING_RESULT,SIM_T15_AMB_BH01,0.0,2.9,drill core (simulated),0.42,3.57,50.73,SIMULATED_ASSAY,SIMULATED
SIM_T15_AMB_BH01_002,T15,AMBIGUOUS_DRILLING_RESULT,SIM_T15_AMB_BH01,2.9,38.19,drill core (simulated),0.35,4.94,66.64,SIMULATED_ASSAY,SIMULATED
SIM_T15_AMB_BH01_003,T15,AMBIGUOUS_DRILLING_RESULT,SIM_T15_AMB_BH01,38.19,38.75,drill core (simulated),22.73,5.65,27.39,SIMULATED_ASSAY,SIMULATED
SIM_T15_AMB_BH01_004,T15,AMBIGUOUS_DRILLING_RESULT,SIM_T15_AMB_BH01,38.75,75.2,drill core (simulated),0.53,5.95,65.93,SIMULATED_ASSAY,SIMULATED
SIM_T15_AMB_BH02_005,T15,AMBIGUOUS_DRILLING_RESULT,SIM_T15_AMB_BH02,0.0,2.48,drill core (simulated),0.47,4.91,60.68,SIMULATED_ASSAY,SIMULATED
SIM_T15_AMB_BH02_006,T15,AMBIGUOUS_DRILLING_RESULT,SIM_T15_AMB_BH02,2.48,16.61,drill core (simulated),0.41,5.06,53.64,SIMULATED_ASSAY,SIMULATED
SIM_T15_AMB_BH02_007,T15,AMBIGUOUS_DRILLING_RESULT,SIM_T15_AMB_BH02,16.61,17.37,drill core (simulated),14.7,4.62,32.65,SIMULATED_ASSAY,SIMULATED
SIM_T15_AMB_BH02_008,T15,AMBIGUOUS_DRILLING_RESULT,SIM_T15_AMB_BH02,17.37,69.5,drill core (simulated),0.89,2.69,50.06,SIMULATED_ASSAY,SIMULATED
SIM_T15_AMB_BH03_009,T15,AMBIGUOUS_DRILLING_RESULT,SIM_T15_AMB_BH03,0.0,2.69,drill core (simulated),0.27,4.77,60.11,SIMULATED_ASSAY,SIMULATED
SIM_T15_AMB_BH03_010,T15,AMBIGUOUS_DRILLING_RESULT,SIM_T15_AMB_BH03,2.69,48.0,drill core (simulated),0.49,7.41,54.11,SIMULATED_ASSAY,SIMULATED
SIM_T15_AMB_BH03_011,T15,AMBIGUOUS_DRILLING_RESULT,SIM_T15_AMB_BH03,48.0,48.55,drill core (simulated),21.74,6.85,27.2,SIMULATED_ASSAY,SIMULATED
SIM_T15_AMB_BH03_012,T15,AMBIGUOUS_DRILLING_RESULT,SIM_T15_AMB_BH03,48.55,80.1,drill core (simulated),0.27,2.44,64.2,SIMULATED_ASSAY,SIMULATED
SIM_T16_SS01,T16,POSITIVE_GEOCHEMICAL_SUPPORT,,0.0,0.2,soil / rock chip (simulated),18.38,4.01,50.0,SIMULATED_SCREENING,SIMULATED
SIM_T16_SS02,T16,POSITIVE_GEOCHEMICAL_SUPPORT,,0.0,0.2,soil / rock chip (simulated),15.61,3.49,48.4,SIMULATED_SCREENING,SIMULATED
SIM_T16_SS03,T16,POSITIVE_GEOCHEMICAL_SUPPORT,,0.0,0.2,soil / rock chip (simulated),24.32,7.01,45.84,SIMULATED_SCREENING,SIMULATED
SIM_T16_SS04,T16,POSITIVE_GEOCHEMICAL_SUPPORT,,0.0,0.2,soil / rock chip (simulated),9.89,5.59,56.48,SIMULATED_SCREENING,SIMULATED
SIM_T16_SS05,T16,POSITIVE_GEOCHEMICAL_SUPPORT,,0.0,0.2,soil / rock chip (simulated),19.34,5.94,47.92,SIMULATED_SCREENING,SIMULATED
SIM_T16_SS06,T16,POSITIVE_GEOCHEMICAL_SUPPORT,,0.0,0.2,soil / rock chip (simulated),14.62,4.27,42.17,SIMULATED_SCREENING,SIMULATED
SIM_T16_SS07,T16,POSITIVE_GEOCHEMICAL_SUPPORT,,0.0,0.2,soil / rock chip (simulated),16.89,5.22,50.4,SIMULATED_SCREENING,SIMULATED
SIM_T16_SS08,T16,POSITIVE_GEOCHEMICAL_SUPPORT,,0.0,0.2,soil / rock chip (simulated),9.39,5.77,61.64,SIMULATED_SCREENING,SIMULATED
SIM_T16_POS_BH01_001,T16,POSITIVE_DRILLING_INTERSECTION,SIM_T16_POS_BH01,0.0,2.58,drill core (simulated),1.37,2.34,54.57,SIMULATED_ASSAY,SIMULATED
SIM_T16_POS_BH01_002,T16,POSITIVE_DRILLING_INTERSECTION,SIM_T16_POS_BH01,2.58,27.51,drill core (simulated),0.83,2.92,72.51,SIMULATED_ASSAY,SIMULATED
SIM_T16_POS_BH01_003,T16,POSITIVE_DRILLING_INTERSECTION,SIM_T16_POS_BH01,27.51,29.15,drill core (simulated),39.37,7.21,13.57,SIMULATED_ASSAY,SIMULATED
SIM_T16_POS_BH01_004,T16,POSITIVE_DRILLING_INTERSECTION,SIM_T16_POS_BH01,29.15,39.11,drill core (simulated),0.18,4.94,62.72,SIMULATED_ASSAY,SIMULATED
SIM_T16_POS_BH01_005,T16,POSITIVE_DRILLING_INTERSECTION,SIM_T16_POS_BH01,39.11,40.64,drill core (simulated),34.42,5.13,16.82,SIMULATED_ASSAY,SIMULATED
SIM_T16_POS_BH01_006,T16,POSITIVE_DRILLING_INTERSECTION,SIM_T16_POS_BH01,40.64,69.0,drill core (simulated),0.3,6.79,63.17,SIMULATED_ASSAY,SIMULATED
SIM_T16_POS_BH02_007,T16,POSITIVE_DRILLING_INTERSECTION,SIM_T16_POS_BH02,0.0,2.33,drill core (simulated),0.4,5.95,65.36,SIMULATED_ASSAY,SIMULATED
SIM_T16_POS_BH02_008,T16,POSITIVE_DRILLING_INTERSECTION,SIM_T16_POS_BH02,2.33,40.03,drill core (simulated),0.6,4.81,54.08,SIMULATED_ASSAY,SIMULATED
SIM_T16_POS_BH02_009,T16,POSITIVE_DRILLING_INTERSECTION,SIM_T16_POS_BH02,40.03,42.03,drill core (simulated),29.94,5.6,20.09,SIMULATED_ASSAY,SIMULATED
SIM_T16_POS_BH02_010,T16,POSITIVE_DRILLING_INTERSECTION,SIM_T16_POS_BH02,42.03,57.7,drill core (simulated),0.79,2.67,49.92,SIMULATED_ASSAY,SIMULATED
SIM_T16_POS_BH03_011,T16,POSITIVE_DRILLING_INTERSECTION,SIM_T16_POS_BH03,0.0,2.94,drill core (simulated),0.55,7.87,56.6,SIMULATED_ASSAY,SIMULATED
SIM_T16_POS_BH03_012,T16,POSITIVE_DRILLING_INTERSECTION,SIM_T16_POS_BH03,2.94,58.72,drill core (simulated),0.25,5.6,58.09,SIMULATED_ASSAY,SIMULATED
SIM_T16_POS_BH03_013,T16,POSITIVE_DRILLING_INTERSECTION,SIM_T16_POS_BH03,58.72,60.44,drill core (simulated),30.13,5.75,21.12,SIMULATED_ASSAY,SIMULATED
SIM_T16_POS_BH03_014,T16,POSITIVE_DRILLING_INTERSECTION,SIM_T16_POS_BH03,60.44,62.94,drill core (simulated),0.18,2.4,51.4,SIMULATED_ASSAY,SIMULATED
SIM_T16_POS_BH03_015,T16,POSITIVE_DRILLING_INTERSECTION,SIM_T16_POS_BH03,62.94,64.55,drill core (simulated),33.16,6.79,18.85,SIMULATED_ASSAY,SIMULATED
SIM_T16_POS_BH03_016,T16,POSITIVE_DRILLING_INTERSECTION,SIM_T16_POS_BH03,64.55,87.8,drill core (simulated),0.5,7.96,49.83,SIMULATED_ASSAY,SIMULATED
SIM_T16_NEG_BH01_001,T16,NEGATIVE_DRILLING_RESULT,SIM_T16_NEG_BH01,0.0,2.34,drill core (simulated),0.44,8.94,60.56,SIMULATED_ASSAY,SIMULATED
SIM_T16_NEG_BH01_002,T16,NEGATIVE_DRILLING_RESULT,SIM_T16_NEG_BH01,2.34,75.6,drill core (simulated),0.8,2.09,57.49,SIMULATED_ASSAY,SIMULATED
SIM_T16_NEG_BH02_003,T16,NEGATIVE_DRILLING_RESULT,SIM_T16_NEG_BH02,0.0,2.93,drill core (simulated),0.38,3.83,53.55,SIMULATED_ASSAY,SIMULATED
SIM_T16_NEG_BH02_004,T16,NEGATIVE_DRILLING_RESULT,SIM_T16_NEG_BH02,2.93,91.8,drill core (simulated),0.52,5.9,56.93,SIMULATED_ASSAY,SIMULATED
SIM_T16_NEG_BH03_005,T16,NEGATIVE_DRILLING_RESULT,SIM_T16_NEG_BH03,0.0,2.78,drill core (simulated),0.27,5.68,60.67,SIMULATED_ASSAY,SIMULATED
SIM_T16_NEG_BH03_006,T16,NEGATIVE_DRILLING_RESULT,SIM_T16_NEG_BH03,2.78,82.4,drill core (simulated),0.46,6.4,62.18,SIMULATED_ASSAY,SIMULATED
SIM_T16_AMB_BH01_001,T16,AMBIGUOUS_DRILLING_RESULT,SIM_T16_AMB_BH01,0.0,2.43,drill core (simulated),0.32,3.99,67.27,SIMULATED_ASSAY,SIMULATED
SIM_T16_AMB_BH01_002,T16,AMBIGUOUS_DRILLING_RESULT,SIM_T16_AMB_BH01,2.43,39.86,drill core (simulated),0.3,2.44,53.45,SIMULATED_ASSAY,SIMULATED
SIM_T16_AMB_BH01_003,T16,AMBIGUOUS_DRILLING_RESULT,SIM_T16_AMB_BH01,39.86,40.59,drill core (simulated),21.85,5.45,28.87,SIMULATED_ASSAY,SIMULATED
SIM_T16_AMB_BH01_004,T16,AMBIGUOUS_DRILLING_RESULT,SIM_T16_AMB_BH01,40.59,53.1,drill core (simulated),0.18,6.95,53.64,SIMULATED_ASSAY,SIMULATED
SIM_T16_AMB_BH02_005,T16,AMBIGUOUS_DRILLING_RESULT,SIM_T16_AMB_BH02,0.0,2.28,drill core (simulated),0.16,5.45,62.56,SIMULATED_ASSAY,SIMULATED
SIM_T16_AMB_BH02_006,T16,AMBIGUOUS_DRILLING_RESULT,SIM_T16_AMB_BH02,2.28,46.55,drill core (simulated),0.54,6.39,65.02,SIMULATED_ASSAY,SIMULATED
SIM_T16_AMB_BH02_007,T16,AMBIGUOUS_DRILLING_RESULT,SIM_T16_AMB_BH02,46.55,47.32,drill core (simulated),19.77,7.13,29.62,SIMULATED_ASSAY,SIMULATED
SIM_T16_AMB_BH02_008,T16,AMBIGUOUS_DRILLING_RESULT,SIM_T16_AMB_BH02,47.32,89.8,drill core (simulated),0.31,5.82,60.52,SIMULATED_ASSAY,SIMULATED
SIM_T16_AMB_BH03_009,T16,AMBIGUOUS_DRILLING_RESULT,SIM_T16_AMB_BH03,0.0,2.32,drill core (simulated),0.96,5.06,56.02,SIMULATED_ASSAY,SIMULATED
SIM_T16_AMB_BH03_010,T16,AMBIGUOUS_DRILLING_RESULT,SIM_T16_AMB_BH03,2.32,41.29,drill core (simulated),0.96,7.32,55.14,SIMULATED_ASSAY,SIMULATED
SIM_T16_AMB_BH03_011,T16,AMBIGUOUS_DRILLING_RESULT,SIM_T16_AMB_BH03,41.29,41.67,drill core (simulated),15.45,3.78,32.9,SIMULATED_ASSAY,SIMULATED
SIM_T16_AMB_BH03_012,T16,AMBIGUOUS_DRILLING_RESULT,SIM_T16_AMB_BH03,41.67,97.5,drill core (simulated),0.35,6.26,51.67,SIMULATED_ASSAY,SIMULATED
SIM_T17_SS01,T17,POSITIVE_GEOCHEMICAL_SUPPORT,,0.0,0.2,soil / rock chip (simulated),16.67,6.18,37.83,SIMULATED_SCREENING,SIMULATED
SIM_T17_SS02,T17,POSITIVE_GEOCHEMICAL_SUPPORT,,0.0,0.2,soil / rock chip (simulated),11.21,5.19,51.76,SIMULATED_SCREENING,SIMULATED
SIM_T17_SS03,T17,POSITIVE_GEOCHEMICAL_SUPPORT,,0.0,0.2,soil / rock chip (simulated),17.27,5.32,46.69,SIMULATED_SCREENING,SIMULATED
SIM_T17_SS04,T17,POSITIVE_GEOCHEMICAL_SUPPORT,,0.0,0.2,soil / rock chip (simulated),12.47,4.71,55.86,SIMULATED_SCREENING,SIMULATED
SIM_T17_SS05,T17,POSITIVE_GEOCHEMICAL_SUPPORT,,0.0,0.2,soil / rock chip (simulated),11.61,4.92,52.61,SIMULATED_SCREENING,SIMULATED
SIM_T17_SS06,T17,POSITIVE_GEOCHEMICAL_SUPPORT,,0.0,0.2,soil / rock chip (simulated),25.9,4.64,45.71,SIMULATED_SCREENING,SIMULATED
SIM_T17_SS07,T17,POSITIVE_GEOCHEMICAL_SUPPORT,,0.0,0.2,soil / rock chip (simulated),23.09,4.92,43.0,SIMULATED_SCREENING,SIMULATED
SIM_T17_SS08,T17,POSITIVE_GEOCHEMICAL_SUPPORT,,0.0,0.2,soil / rock chip (simulated),13.37,4.69,54.06,SIMULATED_SCREENING,SIMULATED
SIM_T17_POS_BH01_001,T17,POSITIVE_DRILLING_INTERSECTION,SIM_T17_POS_BH01,0.0,2.22,drill core (simulated),0.2,7.78,59.78,SIMULATED_ASSAY,SIMULATED
SIM_T17_POS_BH01_002,T17,POSITIVE_DRILLING_INTERSECTION,SIM_T17_POS_BH01,2.22,19.34,drill core (simulated),0.39,9.11,57.44,SIMULATED_ASSAY,SIMULATED
SIM_T17_POS_BH01_003,T17,POSITIVE_DRILLING_INTERSECTION,SIM_T17_POS_BH01,19.34,21.3,drill core (simulated),35.45,6.89,15.93,SIMULATED_ASSAY,SIMULATED
SIM_T17_POS_BH01_004,T17,POSITIVE_DRILLING_INTERSECTION,SIM_T17_POS_BH01,21.3,52.8,drill core (simulated),0.26,5.14,55.91,SIMULATED_ASSAY,SIMULATED
SIM_T17_POS_BH01_005,T17,POSITIVE_DRILLING_INTERSECTION,SIM_T17_POS_BH01,52.8,54.56,drill core (simulated),21.86,6.02,26.89,SIMULATED_ASSAY,SIMULATED
SIM_T17_POS_BH01_006,T17,POSITIVE_DRILLING_INTERSECTION,SIM_T17_POS_BH01,54.56,71.5,drill core (simulated),0.33,6.07,50.71,SIMULATED_ASSAY,SIMULATED
SIM_T17_POS_BH02_007,T17,POSITIVE_DRILLING_INTERSECTION,SIM_T17_POS_BH02,0.0,2.59,drill core (simulated),0.21,5.48,51.26,SIMULATED_ASSAY,SIMULATED
SIM_T17_POS_BH02_008,T17,POSITIVE_DRILLING_INTERSECTION,SIM_T17_POS_BH02,2.59,14.83,drill core (simulated),0.21,7.11,55.07,SIMULATED_ASSAY,SIMULATED
SIM_T17_POS_BH02_009,T17,POSITIVE_DRILLING_INTERSECTION,SIM_T17_POS_BH02,14.83,16.47,drill core (simulated),37.98,4.87,15.71,SIMULATED_ASSAY,SIMULATED
SIM_T17_POS_BH02_010,T17,POSITIVE_DRILLING_INTERSECTION,SIM_T17_POS_BH02,16.47,34.92,drill core (simulated),0.4,4.61,55.52,SIMULATED_ASSAY,SIMULATED
SIM_T17_POS_BH02_011,T17,POSITIVE_DRILLING_INTERSECTION,SIM_T17_POS_BH02,34.92,36.6,drill core (simulated),27.34,3.88,22.3,SIMULATED_ASSAY,SIMULATED
SIM_T17_POS_BH02_012,T17,POSITIVE_DRILLING_INTERSECTION,SIM_T17_POS_BH02,36.6,53.4,drill core (simulated),0.12,2.6,61.76,SIMULATED_ASSAY,SIMULATED
SIM_T17_POS_BH03_013,T17,POSITIVE_DRILLING_INTERSECTION,SIM_T17_POS_BH03,0.0,2.98,drill core (simulated),0.2,4.29,72.53,SIMULATED_ASSAY,SIMULATED
SIM_T17_POS_BH03_014,T17,POSITIVE_DRILLING_INTERSECTION,SIM_T17_POS_BH03,2.98,40.52,drill core (simulated),0.19,4.53,56.54,SIMULATED_ASSAY,SIMULATED
SIM_T17_POS_BH03_015,T17,POSITIVE_DRILLING_INTERSECTION,SIM_T17_POS_BH03,40.52,42.11,drill core (simulated),28.93,6.59,22.01,SIMULATED_ASSAY,SIMULATED
SIM_T17_POS_BH03_016,T17,POSITIVE_DRILLING_INTERSECTION,SIM_T17_POS_BH03,42.11,48.22,drill core (simulated),0.47,6.0,51.39,SIMULATED_ASSAY,SIMULATED
SIM_T17_POS_BH03_017,T17,POSITIVE_DRILLING_INTERSECTION,SIM_T17_POS_BH03,48.22,50.08,drill core (simulated),32.92,7.19,19.35,SIMULATED_ASSAY,SIMULATED
SIM_T17_POS_BH03_018,T17,POSITIVE_DRILLING_INTERSECTION,SIM_T17_POS_BH03,50.08,99.8,drill core (simulated),0.19,3.42,53.47,SIMULATED_ASSAY,SIMULATED
SIM_T17_NEG_BH01_001,T17,NEGATIVE_DRILLING_RESULT,SIM_T17_NEG_BH01,0.0,2.66,drill core (simulated),0.42,6.05,52.97,SIMULATED_ASSAY,SIMULATED
SIM_T17_NEG_BH01_002,T17,NEGATIVE_DRILLING_RESULT,SIM_T17_NEG_BH01,2.66,82.6,drill core (simulated),0.74,2.04,65.85,SIMULATED_ASSAY,SIMULATED
SIM_T17_NEG_BH02_003,T17,NEGATIVE_DRILLING_RESULT,SIM_T17_NEG_BH02,0.0,2.92,drill core (simulated),0.62,6.47,53.44,SIMULATED_ASSAY,SIMULATED
SIM_T17_NEG_BH02_004,T17,NEGATIVE_DRILLING_RESULT,SIM_T17_NEG_BH02,2.92,56.8,drill core (simulated),0.28,7.01,65.86,SIMULATED_ASSAY,SIMULATED
SIM_T17_NEG_BH03_005,T17,NEGATIVE_DRILLING_RESULT,SIM_T17_NEG_BH03,0.0,2.4,drill core (simulated),0.23,5.35,59.32,SIMULATED_ASSAY,SIMULATED
SIM_T17_NEG_BH03_006,T17,NEGATIVE_DRILLING_RESULT,SIM_T17_NEG_BH03,2.4,97.7,drill core (simulated),0.92,5.47,59.78,SIMULATED_ASSAY,SIMULATED
SIM_T17_AMB_BH01_001,T17,AMBIGUOUS_DRILLING_RESULT,SIM_T17_AMB_BH01,0.0,2.41,drill core (simulated),0.26,4.54,51.8,SIMULATED_ASSAY,SIMULATED
SIM_T17_AMB_BH01_002,T17,AMBIGUOUS_DRILLING_RESULT,SIM_T17_AMB_BH01,2.41,22.47,drill core (simulated),0.29,6.52,53.93,SIMULATED_ASSAY,SIMULATED
SIM_T17_AMB_BH01_003,T17,AMBIGUOUS_DRILLING_RESULT,SIM_T17_AMB_BH01,22.47,23.15,drill core (simulated),15.46,4.12,32.38,SIMULATED_ASSAY,SIMULATED
SIM_T17_AMB_BH01_004,T17,AMBIGUOUS_DRILLING_RESULT,SIM_T17_AMB_BH01,23.15,51.5,drill core (simulated),0.47,8.36,59.64,SIMULATED_ASSAY,SIMULATED
SIM_T17_AMB_BH02_005,T17,AMBIGUOUS_DRILLING_RESULT,SIM_T17_AMB_BH02,0.0,2.3,drill core (simulated),0.4,4.52,63.81,SIMULATED_ASSAY,SIMULATED
SIM_T17_AMB_BH02_006,T17,AMBIGUOUS_DRILLING_RESULT,SIM_T17_AMB_BH02,2.3,62.6,drill core (simulated),0.4,2.97,60.17,SIMULATED_ASSAY,SIMULATED
SIM_T17_AMB_BH02_007,T17,AMBIGUOUS_DRILLING_RESULT,SIM_T17_AMB_BH02,62.6,63.48,drill core (simulated),9.04,4.55,37.57,SIMULATED_ASSAY,SIMULATED
SIM_T17_AMB_BH02_008,T17,AMBIGUOUS_DRILLING_RESULT,SIM_T17_AMB_BH02,63.48,95.3,drill core (simulated),0.3,5.29,56.99,SIMULATED_ASSAY,SIMULATED
SIM_T17_AMB_BH03_009,T17,AMBIGUOUS_DRILLING_RESULT,SIM_T17_AMB_BH03,0.0,2.52,drill core (simulated),0.42,2.83,57.81,SIMULATED_ASSAY,SIMULATED
SIM_T17_AMB_BH03_010,T17,AMBIGUOUS_DRILLING_RESULT,SIM_T17_AMB_BH03,2.52,34.95,drill core (simulated),0.25,4.15,57.01,SIMULATED_ASSAY,SIMULATED
SIM_T17_AMB_BH03_011,T17,AMBIGUOUS_DRILLING_RESULT,SIM_T17_AMB_BH03,34.95,35.55,drill core (simulated),16.14,7.33,32.11,SIMULATED_ASSAY,SIMULATED
SIM_T17_AMB_BH03_012,T17,AMBIGUOUS_DRILLING_RESULT,SIM_T17_AMB_BH03,35.55,57.6,drill core (simulated),0.39,5.86,54.75,SIMULATED_ASSAY,SIMULATED
SIM_T18_SS01,T18,POSITIVE_GEOCHEMICAL_SUPPORT,,0.0,0.2,soil / rock chip (simulated),14.49,5.29,54.11,SIMULATED_SCREENING,SIMULATED
SIM_T18_SS02,T18,POSITIVE_GEOCHEMICAL_SUPPORT,,0.0,0.2,soil / rock chip (simulated),11.94,4.25,52.37,SIMULATED_SCREENING,SIMULATED
SIM_T18_SS03,T18,POSITIVE_GEOCHEMICAL_SUPPORT,,0.0,0.2,soil / rock chip (simulated),17.35,4.01,47.56,SIMULATED_SCREENING,SIMULATED
SIM_T18_SS04,T18,POSITIVE_GEOCHEMICAL_SUPPORT,,0.0,0.2,soil / rock chip (simulated),14.51,2.34,48.96,SIMULATED_SCREENING,SIMULATED
SIM_T18_SS05,T18,POSITIVE_GEOCHEMICAL_SUPPORT,,0.0,0.2,soil / rock chip (simulated),14.2,4.81,55.73,SIMULATED_SCREENING,SIMULATED
SIM_T18_SS06,T18,POSITIVE_GEOCHEMICAL_SUPPORT,,0.0,0.2,soil / rock chip (simulated),9.8,4.01,42.69,SIMULATED_SCREENING,SIMULATED
SIM_T18_SS07,T18,POSITIVE_GEOCHEMICAL_SUPPORT,,0.0,0.2,soil / rock chip (simulated),12.68,4.53,49.09,SIMULATED_SCREENING,SIMULATED
SIM_T18_SS08,T18,POSITIVE_GEOCHEMICAL_SUPPORT,,0.0,0.2,soil / rock chip (simulated),22.1,6.03,44.84,SIMULATED_SCREENING,SIMULATED
SIM_T18_POS_BH01_001,T18,POSITIVE_DRILLING_INTERSECTION,SIM_T18_POS_BH01,0.0,2.13,drill core (simulated),0.22,5.83,47.41,SIMULATED_ASSAY,SIMULATED
SIM_T18_POS_BH01_002,T18,POSITIVE_DRILLING_INTERSECTION,SIM_T18_POS_BH01,2.13,22.64,drill core (simulated),0.61,5.85,56.68,SIMULATED_ASSAY,SIMULATED
SIM_T18_POS_BH01_003,T18,POSITIVE_DRILLING_INTERSECTION,SIM_T18_POS_BH01,22.64,24.18,drill core (simulated),32.09,8.78,18.72,SIMULATED_ASSAY,SIMULATED
SIM_T18_POS_BH01_004,T18,POSITIVE_DRILLING_INTERSECTION,SIM_T18_POS_BH01,24.18,86.3,drill core (simulated),0.34,6.91,43.49,SIMULATED_ASSAY,SIMULATED
SIM_T18_POS_BH02_005,T18,POSITIVE_DRILLING_INTERSECTION,SIM_T18_POS_BH02,0.0,2.19,drill core (simulated),0.64,4.03,53.6,SIMULATED_ASSAY,SIMULATED
SIM_T18_POS_BH02_006,T18,POSITIVE_DRILLING_INTERSECTION,SIM_T18_POS_BH02,2.19,36.33,drill core (simulated),0.56,6.12,60.14,SIMULATED_ASSAY,SIMULATED
SIM_T18_POS_BH02_007,T18,POSITIVE_DRILLING_INTERSECTION,SIM_T18_POS_BH02,36.33,38.05,drill core (simulated),32.52,5.54,19.75,SIMULATED_ASSAY,SIMULATED
SIM_T18_POS_BH02_008,T18,POSITIVE_DRILLING_INTERSECTION,SIM_T18_POS_BH02,38.05,87.6,drill core (simulated),0.35,3.85,64.1,SIMULATED_ASSAY,SIMULATED
SIM_T18_POS_BH03_009,T18,POSITIVE_DRILLING_INTERSECTION,SIM_T18_POS_BH03,0.0,2.98,drill core (simulated),0.77,7.99,58.57,SIMULATED_ASSAY,SIMULATED
SIM_T18_POS_BH03_010,T18,POSITIVE_DRILLING_INTERSECTION,SIM_T18_POS_BH03,2.98,34.44,drill core (simulated),0.36,7.18,55.62,SIMULATED_ASSAY,SIMULATED
SIM_T18_POS_BH03_011,T18,POSITIVE_DRILLING_INTERSECTION,SIM_T18_POS_BH03,34.44,36.27,drill core (simulated),33.03,4.97,17.9,SIMULATED_ASSAY,SIMULATED
SIM_T18_POS_BH03_012,T18,POSITIVE_DRILLING_INTERSECTION,SIM_T18_POS_BH03,36.27,48.31,drill core (simulated),0.31,6.58,66.03,SIMULATED_ASSAY,SIMULATED
SIM_T18_POS_BH03_013,T18,POSITIVE_DRILLING_INTERSECTION,SIM_T18_POS_BH03,48.31,50.2,drill core (simulated),32.91,4.01,17.58,SIMULATED_ASSAY,SIMULATED
SIM_T18_POS_BH03_014,T18,POSITIVE_DRILLING_INTERSECTION,SIM_T18_POS_BH03,50.2,62.8,drill core (simulated),0.5,5.46,56.65,SIMULATED_ASSAY,SIMULATED
SIM_T18_NEG_BH01_001,T18,NEGATIVE_DRILLING_RESULT,SIM_T18_NEG_BH01,0.0,2.82,drill core (simulated),0.31,1.85,60.02,SIMULATED_ASSAY,SIMULATED
SIM_T18_NEG_BH01_002,T18,NEGATIVE_DRILLING_RESULT,SIM_T18_NEG_BH01,2.82,71.1,drill core (simulated),0.28,2.87,58.48,SIMULATED_ASSAY,SIMULATED
SIM_T18_NEG_BH02_003,T18,NEGATIVE_DRILLING_RESULT,SIM_T18_NEG_BH02,0.0,2.9,drill core (simulated),0.68,3.5,61.46,SIMULATED_ASSAY,SIMULATED
SIM_T18_NEG_BH02_004,T18,NEGATIVE_DRILLING_RESULT,SIM_T18_NEG_BH02,2.9,56.5,drill core (simulated),0.74,2.54,59.7,SIMULATED_ASSAY,SIMULATED
SIM_T18_NEG_BH03_005,T18,NEGATIVE_DRILLING_RESULT,SIM_T18_NEG_BH03,0.0,2.69,drill core (simulated),0.35,6.68,63.33,SIMULATED_ASSAY,SIMULATED
SIM_T18_NEG_BH03_006,T18,NEGATIVE_DRILLING_RESULT,SIM_T18_NEG_BH03,2.69,76.7,drill core (simulated),0.34,5.83,59.8,SIMULATED_ASSAY,SIMULATED
SIM_T18_AMB_BH01_001,T18,AMBIGUOUS_DRILLING_RESULT,SIM_T18_AMB_BH01,0.0,2.79,drill core (simulated),0.5,4.0,69.7,SIMULATED_ASSAY,SIMULATED
SIM_T18_AMB_BH01_002,T18,AMBIGUOUS_DRILLING_RESULT,SIM_T18_AMB_BH01,2.79,57.54,drill core (simulated),0.65,3.56,62.23,SIMULATED_ASSAY,SIMULATED
SIM_T18_AMB_BH01_003,T18,AMBIGUOUS_DRILLING_RESULT,SIM_T18_AMB_BH01,57.54,57.94,drill core (simulated),24.93,6.9,25.77,SIMULATED_ASSAY,SIMULATED
SIM_T18_AMB_BH01_004,T18,AMBIGUOUS_DRILLING_RESULT,SIM_T18_AMB_BH01,57.94,96.7,drill core (simulated),0.45,5.96,57.53,SIMULATED_ASSAY,SIMULATED
SIM_T18_AMB_BH02_005,T18,AMBIGUOUS_DRILLING_RESULT,SIM_T18_AMB_BH02,0.0,2.57,drill core (simulated),0.83,5.72,55.4,SIMULATED_ASSAY,SIMULATED
SIM_T18_AMB_BH02_006,T18,AMBIGUOUS_DRILLING_RESULT,SIM_T18_AMB_BH02,2.57,30.12,drill core (simulated),0.16,2.39,63.89,SIMULATED_ASSAY,SIMULATED
SIM_T18_AMB_BH02_007,T18,AMBIGUOUS_DRILLING_RESULT,SIM_T18_AMB_BH02,30.12,30.61,drill core (simulated),23.61,5.45,26.93,SIMULATED_ASSAY,SIMULATED
SIM_T18_AMB_BH02_008,T18,AMBIGUOUS_DRILLING_RESULT,SIM_T18_AMB_BH02,30.61,56.2,drill core (simulated),0.48,6.3,55.2,SIMULATED_ASSAY,SIMULATED
SIM_T18_AMB_BH03_009,T18,AMBIGUOUS_DRILLING_RESULT,SIM_T18_AMB_BH03,0.0,2.43,drill core (simulated),0.48,4.64,62.6,SIMULATED_ASSAY,SIMULATED
SIM_T18_AMB_BH03_010,T18,AMBIGUOUS_DRILLING_RESULT,SIM_T18_AMB_BH03,2.43,33.34,drill core (simulated),0.32,1.19,66.45,SIMULATED_ASSAY,SIMULATED
SIM_T18_AMB_BH03_011,T18,AMBIGUOUS_DRILLING_RESULT,SIM_T18_AMB_BH03,33.34,34.0,drill core (simulated),20.7,5.38,28.21,SIMULATED_ASSAY,SIMULATED
SIM_T18_AMB_BH03_012,T18,AMBIGUOUS_DRILLING_RESULT,SIM_T18_AMB_BH03,34.0,57.3,drill core (simulated),0.91,4.8,53.92,SIMULATED_ASSAY,SIMULATED
SIM_T19_SS01,T19,POSITIVE_GEOCHEMICAL_SUPPORT,,0.0,0.2,soil / rock chip (simulated),23.49,5.09,45.36,SIMULATED_SCREENING,SIMULATED
SIM_T19_SS02,T19,POSITIVE_GEOCHEMICAL_SUPPORT,,0.0,0.2,soil / rock chip (simulated),13.69,4.21,57.13,SIMULATED_SCREENING,SIMULATED
SIM_T19_SS03,T19,POSITIVE_GEOCHEMICAL_SUPPORT,,0.0,0.2,soil / rock chip (simulated),14.04,4.47,54.55,SIMULATED_SCREENING,SIMULATED
SIM_T19_SS04,T19,POSITIVE_GEOCHEMICAL_SUPPORT,,0.0,0.2,soil / rock chip (simulated),11.65,4.29,51.89,SIMULATED_SCREENING,SIMULATED
SIM_T19_SS05,T19,POSITIVE_GEOCHEMICAL_SUPPORT,,0.0,0.2,soil / rock chip (simulated),15.0,5.31,57.87,SIMULATED_SCREENING,SIMULATED
SIM_T19_SS06,T19,POSITIVE_GEOCHEMICAL_SUPPORT,,0.0,0.2,soil / rock chip (simulated),16.87,2.15,49.49,SIMULATED_SCREENING,SIMULATED
SIM_T19_SS07,T19,POSITIVE_GEOCHEMICAL_SUPPORT,,0.0,0.2,soil / rock chip (simulated),15.2,5.05,50.34,SIMULATED_SCREENING,SIMULATED
SIM_T19_SS08,T19,POSITIVE_GEOCHEMICAL_SUPPORT,,0.0,0.2,soil / rock chip (simulated),14.85,4.94,52.06,SIMULATED_SCREENING,SIMULATED
SIM_T19_POS_BH01_001,T19,POSITIVE_DRILLING_INTERSECTION,SIM_T19_POS_BH01,0.0,2.23,drill core (simulated),0.97,6.53,67.17,SIMULATED_ASSAY,SIMULATED
SIM_T19_POS_BH01_002,T19,POSITIVE_DRILLING_INTERSECTION,SIM_T19_POS_BH01,2.23,30.92,drill core (simulated),0.52,4.29,58.91,SIMULATED_ASSAY,SIMULATED
SIM_T19_POS_BH01_003,T19,POSITIVE_DRILLING_INTERSECTION,SIM_T19_POS_BH01,30.92,32.84,drill core (simulated),31.9,2.94,19.28,SIMULATED_ASSAY,SIMULATED
SIM_T19_POS_BH01_004,T19,POSITIVE_DRILLING_INTERSECTION,SIM_T19_POS_BH01,32.84,63.54,drill core (simulated),0.7,4.16,55.09,SIMULATED_ASSAY,SIMULATED
SIM_T19_POS_BH01_005,T19,POSITIVE_DRILLING_INTERSECTION,SIM_T19_POS_BH01,63.54,65.23,drill core (simulated),32.89,2.62,17.97,SIMULATED_ASSAY,SIMULATED
SIM_T19_POS_BH01_006,T19,POSITIVE_DRILLING_INTERSECTION,SIM_T19_POS_BH01,65.23,80.7,drill core (simulated),0.5,3.28,56.8,SIMULATED_ASSAY,SIMULATED
SIM_T19_POS_BH02_007,T19,POSITIVE_DRILLING_INTERSECTION,SIM_T19_POS_BH02,0.0,2.04,drill core (simulated),0.14,4.73,60.69,SIMULATED_ASSAY,SIMULATED
SIM_T19_POS_BH02_008,T19,POSITIVE_DRILLING_INTERSECTION,SIM_T19_POS_BH02,2.04,21.79,drill core (simulated),0.38,4.12,48.67,SIMULATED_ASSAY,SIMULATED
SIM_T19_POS_BH02_009,T19,POSITIVE_DRILLING_INTERSECTION,SIM_T19_POS_BH02,21.79,23.37,drill core (simulated),27.72,7.31,23.95,SIMULATED_ASSAY,SIMULATED
SIM_T19_POS_BH02_010,T19,POSITIVE_DRILLING_INTERSECTION,SIM_T19_POS_BH02,23.37,25.2,drill core (simulated),20.03,5.8,28.21,SIMULATED_ASSAY,SIMULATED
SIM_T19_POS_BH02_011,T19,POSITIVE_DRILLING_INTERSECTION,SIM_T19_POS_BH02,25.2,79.2,drill core (simulated),0.3,5.47,69.67,SIMULATED_ASSAY,SIMULATED
SIM_T19_POS_BH03_012,T19,POSITIVE_DRILLING_INTERSECTION,SIM_T19_POS_BH03,0.0,2.29,drill core (simulated),0.23,5.38,51.03,SIMULATED_ASSAY,SIMULATED
SIM_T19_POS_BH03_013,T19,POSITIVE_DRILLING_INTERSECTION,SIM_T19_POS_BH03,2.29,20.41,drill core (simulated),0.41,3.1,51.92,SIMULATED_ASSAY,SIMULATED
SIM_T19_POS_BH03_014,T19,POSITIVE_DRILLING_INTERSECTION,SIM_T19_POS_BH03,20.41,22.09,drill core (simulated),31.31,4.97,19.59,SIMULATED_ASSAY,SIMULATED
SIM_T19_POS_BH03_015,T19,POSITIVE_DRILLING_INTERSECTION,SIM_T19_POS_BH03,22.09,55.6,drill core (simulated),0.86,4.2,65.62,SIMULATED_ASSAY,SIMULATED
SIM_T19_NEG_BH01_001,T19,NEGATIVE_DRILLING_RESULT,SIM_T19_NEG_BH01,0.0,2.3,drill core (simulated),0.75,7.04,60.2,SIMULATED_ASSAY,SIMULATED
SIM_T19_NEG_BH01_002,T19,NEGATIVE_DRILLING_RESULT,SIM_T19_NEG_BH01,2.3,55.7,drill core (simulated),0.73,3.96,49.47,SIMULATED_ASSAY,SIMULATED
SIM_T19_NEG_BH02_003,T19,NEGATIVE_DRILLING_RESULT,SIM_T19_NEG_BH02,0.0,2.77,drill core (simulated),0.18,7.86,60.27,SIMULATED_ASSAY,SIMULATED
SIM_T19_NEG_BH02_004,T19,NEGATIVE_DRILLING_RESULT,SIM_T19_NEG_BH02,2.77,77.5,drill core (simulated),0.6,2.9,62.91,SIMULATED_ASSAY,SIMULATED
SIM_T19_NEG_BH03_005,T19,NEGATIVE_DRILLING_RESULT,SIM_T19_NEG_BH03,0.0,2.98,drill core (simulated),0.49,5.01,66.4,SIMULATED_ASSAY,SIMULATED
SIM_T19_NEG_BH03_006,T19,NEGATIVE_DRILLING_RESULT,SIM_T19_NEG_BH03,2.98,63.7,drill core (simulated),0.27,5.61,49.93,SIMULATED_ASSAY,SIMULATED
SIM_T19_AMB_BH01_001,T19,AMBIGUOUS_DRILLING_RESULT,SIM_T19_AMB_BH01,0.0,2.81,drill core (simulated),0.39,3.77,72.56,SIMULATED_ASSAY,SIMULATED
SIM_T19_AMB_BH01_002,T19,AMBIGUOUS_DRILLING_RESULT,SIM_T19_AMB_BH01,2.81,35.55,drill core (simulated),0.45,6.33,68.71,SIMULATED_ASSAY,SIMULATED
SIM_T19_AMB_BH01_003,T19,AMBIGUOUS_DRILLING_RESULT,SIM_T19_AMB_BH01,35.55,36.07,drill core (simulated),13.82,6.39,34.11,SIMULATED_ASSAY,SIMULATED
SIM_T19_AMB_BH01_004,T19,AMBIGUOUS_DRILLING_RESULT,SIM_T19_AMB_BH01,36.07,63.7,drill core (simulated),0.32,5.32,60.34,SIMULATED_ASSAY,SIMULATED
SIM_T19_AMB_BH02_005,T19,AMBIGUOUS_DRILLING_RESULT,SIM_T19_AMB_BH02,0.0,2.64,drill core (simulated),0.27,2.94,59.94,SIMULATED_ASSAY,SIMULATED
SIM_T19_AMB_BH02_006,T19,AMBIGUOUS_DRILLING_RESULT,SIM_T19_AMB_BH02,2.64,30.34,drill core (simulated),0.29,4.25,59.44,SIMULATED_ASSAY,SIMULATED
SIM_T19_AMB_BH02_007,T19,AMBIGUOUS_DRILLING_RESULT,SIM_T19_AMB_BH02,30.34,31.0,drill core (simulated),9.87,4.04,37.35,SIMULATED_ASSAY,SIMULATED
SIM_T19_AMB_BH02_008,T19,AMBIGUOUS_DRILLING_RESULT,SIM_T19_AMB_BH02,31.0,95.6,drill core (simulated),0.58,6.12,67.61,SIMULATED_ASSAY,SIMULATED
SIM_T19_AMB_BH03_009,T19,AMBIGUOUS_DRILLING_RESULT,SIM_T19_AMB_BH03,0.0,2.32,drill core (simulated),0.37,3.42,47.57,SIMULATED_ASSAY,SIMULATED
SIM_T19_AMB_BH03_010,T19,AMBIGUOUS_DRILLING_RESULT,SIM_T19_AMB_BH03,2.32,38.47,drill core (simulated),0.47,6.56,58.45,SIMULATED_ASSAY,SIMULATED
SIM_T19_AMB_BH03_011,T19,AMBIGUOUS_DRILLING_RESULT,SIM_T19_AMB_BH03,38.47,39.24,drill core (simulated),10.98,6.28,36.15,SIMULATED_ASSAY,SIMULATED
SIM_T19_AMB_BH03_012,T19,AMBIGUOUS_DRILLING_RESULT,SIM_T19_AMB_BH03,39.24,73.4,drill core (simulated),0.29,5.44,63.45,SIMULATED_ASSAY,SIMULATED
SIM_T20_SS01,T20,POSITIVE_GEOCHEMICAL_SUPPORT,,0.0,0.2,soil / rock chip (simulated),10.89,5.36,47.95,SIMULATED_SCREENING,SIMULATED
SIM_T20_SS02,T20,POSITIVE_GEOCHEMICAL_SUPPORT,,0.0,0.2,soil / rock chip (simulated),19.1,6.27,47.72,SIMULATED_SCREENING,SIMULATED
SIM_T20_SS03,T20,POSITIVE_GEOCHEMICAL_SUPPORT,,0.0,0.2,soil / rock chip (simulated),7.84,3.84,56.77,SIMULATED_SCREENING,SIMULATED
SIM_T20_SS04,T20,POSITIVE_GEOCHEMICAL_SUPPORT,,0.0,0.2,soil / rock chip (simulated),15.11,1.77,54.39,SIMULATED_SCREENING,SIMULATED
SIM_T20_SS05,T20,POSITIVE_GEOCHEMICAL_SUPPORT,,0.0,0.2,soil / rock chip (simulated),15.73,4.02,52.97,SIMULATED_SCREENING,SIMULATED
SIM_T20_SS06,T20,POSITIVE_GEOCHEMICAL_SUPPORT,,0.0,0.2,soil / rock chip (simulated),11.83,4.17,53.15,SIMULATED_SCREENING,SIMULATED
SIM_T20_SS07,T20,POSITIVE_GEOCHEMICAL_SUPPORT,,0.0,0.2,soil / rock chip (simulated),27.98,6.95,41.85,SIMULATED_SCREENING,SIMULATED
SIM_T20_SS08,T20,POSITIVE_GEOCHEMICAL_SUPPORT,,0.0,0.2,soil / rock chip (simulated),17.63,5.95,42.63,SIMULATED_SCREENING,SIMULATED
SIM_T20_POS_BH01_001,T20,POSITIVE_DRILLING_INTERSECTION,SIM_T20_POS_BH01,0.0,2.16,drill core (simulated),0.56,7.46,57.38,SIMULATED_ASSAY,SIMULATED
SIM_T20_POS_BH01_002,T20,POSITIVE_DRILLING_INTERSECTION,SIM_T20_POS_BH01,2.16,16.19,drill core (simulated),0.47,5.54,64.27,SIMULATED_ASSAY,SIMULATED
SIM_T20_POS_BH01_003,T20,POSITIVE_DRILLING_INTERSECTION,SIM_T20_POS_BH01,16.19,17.75,drill core (simulated),25.5,5.28,22.99,SIMULATED_ASSAY,SIMULATED
SIM_T20_POS_BH01_004,T20,POSITIVE_DRILLING_INTERSECTION,SIM_T20_POS_BH01,17.75,63.7,drill core (simulated),0.58,5.22,62.81,SIMULATED_ASSAY,SIMULATED
SIM_T20_POS_BH02_005,T20,POSITIVE_DRILLING_INTERSECTION,SIM_T20_POS_BH02,0.0,2.78,drill core (simulated),0.6,5.5,55.84,SIMULATED_ASSAY,SIMULATED
SIM_T20_POS_BH02_006,T20,POSITIVE_DRILLING_INTERSECTION,SIM_T20_POS_BH02,2.78,18.23,drill core (simulated),0.76,5.07,62.46,SIMULATED_ASSAY,SIMULATED
SIM_T20_POS_BH02_007,T20,POSITIVE_DRILLING_INTERSECTION,SIM_T20_POS_BH02,18.23,19.95,drill core (simulated),32.26,5.83,19.62,SIMULATED_ASSAY,SIMULATED
SIM_T20_POS_BH02_008,T20,POSITIVE_DRILLING_INTERSECTION,SIM_T20_POS_BH02,19.95,29.05,drill core (simulated),0.43,3.29,65.78,SIMULATED_ASSAY,SIMULATED
SIM_T20_POS_BH02_009,T20,POSITIVE_DRILLING_INTERSECTION,SIM_T20_POS_BH02,29.05,30.64,drill core (simulated),29.93,8.99,21.13,SIMULATED_ASSAY,SIMULATED
SIM_T20_POS_BH02_010,T20,POSITIVE_DRILLING_INTERSECTION,SIM_T20_POS_BH02,30.64,76.2,drill core (simulated),0.32,7.49,54.7,SIMULATED_ASSAY,SIMULATED
SIM_T20_POS_BH03_011,T20,POSITIVE_DRILLING_INTERSECTION,SIM_T20_POS_BH03,0.0,2.75,drill core (simulated),0.31,3.45,53.81,SIMULATED_ASSAY,SIMULATED
SIM_T20_POS_BH03_012,T20,POSITIVE_DRILLING_INTERSECTION,SIM_T20_POS_BH03,2.75,31.31,drill core (simulated),0.16,3.23,52.62,SIMULATED_ASSAY,SIMULATED
SIM_T20_POS_BH03_013,T20,POSITIVE_DRILLING_INTERSECTION,SIM_T20_POS_BH03,31.31,33.2,drill core (simulated),32.36,1.28,18.15,SIMULATED_ASSAY,SIMULATED
SIM_T20_POS_BH03_014,T20,POSITIVE_DRILLING_INTERSECTION,SIM_T20_POS_BH03,33.2,95.5,drill core (simulated),0.23,7.28,54.37,SIMULATED_ASSAY,SIMULATED
SIM_T20_NEG_BH01_001,T20,NEGATIVE_DRILLING_RESULT,SIM_T20_NEG_BH01,0.0,2.92,drill core (simulated),0.26,4.33,60.56,SIMULATED_ASSAY,SIMULATED
SIM_T20_NEG_BH01_002,T20,NEGATIVE_DRILLING_RESULT,SIM_T20_NEG_BH01,2.92,75.2,drill core (simulated),0.43,5.11,52.79,SIMULATED_ASSAY,SIMULATED
SIM_T20_NEG_BH02_003,T20,NEGATIVE_DRILLING_RESULT,SIM_T20_NEG_BH02,0.0,2.08,drill core (simulated),0.65,7.78,62.77,SIMULATED_ASSAY,SIMULATED
SIM_T20_NEG_BH02_004,T20,NEGATIVE_DRILLING_RESULT,SIM_T20_NEG_BH02,2.08,71.5,drill core (simulated),0.25,5.84,55.32,SIMULATED_ASSAY,SIMULATED
SIM_T20_NEG_BH03_005,T20,NEGATIVE_DRILLING_RESULT,SIM_T20_NEG_BH03,0.0,2.96,drill core (simulated),0.9,4.07,54.26,SIMULATED_ASSAY,SIMULATED
SIM_T20_NEG_BH03_006,T20,NEGATIVE_DRILLING_RESULT,SIM_T20_NEG_BH03,2.96,63.7,drill core (simulated),0.28,2.75,50.3,SIMULATED_ASSAY,SIMULATED
SIM_T20_AMB_BH01_001,T20,AMBIGUOUS_DRILLING_RESULT,SIM_T20_AMB_BH01,0.0,2.52,drill core (simulated),0.59,5.4,47.12,SIMULATED_ASSAY,SIMULATED
SIM_T20_AMB_BH01_002,T20,AMBIGUOUS_DRILLING_RESULT,SIM_T20_AMB_BH01,2.52,14.84,drill core (simulated),0.58,4.48,60.53,SIMULATED_ASSAY,SIMULATED
SIM_T20_AMB_BH01_003,T20,AMBIGUOUS_DRILLING_RESULT,SIM_T20_AMB_BH01,14.84,15.41,drill core (simulated),16.23,6.64,32.23,SIMULATED_ASSAY,SIMULATED
SIM_T20_AMB_BH01_004,T20,AMBIGUOUS_DRILLING_RESULT,SIM_T20_AMB_BH01,15.41,79.0,drill core (simulated),0.31,4.12,52.7,SIMULATED_ASSAY,SIMULATED
SIM_T20_AMB_BH02_005,T20,AMBIGUOUS_DRILLING_RESULT,SIM_T20_AMB_BH02,0.0,2.83,drill core (simulated),0.33,4.51,59.95,SIMULATED_ASSAY,SIMULATED
SIM_T20_AMB_BH02_006,T20,AMBIGUOUS_DRILLING_RESULT,SIM_T20_AMB_BH02,2.83,31.36,drill core (simulated),0.37,1.64,71.45,SIMULATED_ASSAY,SIMULATED
SIM_T20_AMB_BH02_007,T20,AMBIGUOUS_DRILLING_RESULT,SIM_T20_AMB_BH02,31.36,31.9,drill core (simulated),15.06,4.83,32.95,SIMULATED_ASSAY,SIMULATED
SIM_T20_AMB_BH02_008,T20,AMBIGUOUS_DRILLING_RESULT,SIM_T20_AMB_BH02,31.9,66.6,drill core (simulated),0.64,4.59,57.71,SIMULATED_ASSAY,SIMULATED
SIM_T20_AMB_BH03_009,T20,AMBIGUOUS_DRILLING_RESULT,SIM_T20_AMB_BH03,0.0,2.89,drill core (simulated),0.46,7.68,49.42,SIMULATED_ASSAY,SIMULATED
SIM_T20_AMB_BH03_010,T20,AMBIGUOUS_DRILLING_RESULT,SIM_T20_AMB_BH03,2.89,28.62,drill core (simulated),0.3,3.52,63.13,SIMULATED_ASSAY,SIMULATED
SIM_T20_AMB_BH03_011,T20,AMBIGUOUS_DRILLING_RESULT,SIM_T20_AMB_BH03,28.62,29.16,drill core (simulated),14.35,10.29,33.59,SIMULATED_ASSAY,SIMULATED
SIM_T20_AMB_BH03_012,T20,AMBIGUOUS_DRILLING_RESULT,SIM_T20_AMB_BH03,29.16,75.3,drill core (simulated),0.49,5.55,65.23,SIMULATED_ASSAY,SIMULATED
SIM_T21_SS01,T21,POSITIVE_GEOCHEMICAL_SUPPORT,,0.0,0.2,soil / rock chip (simulated),16.09,1.82,47.38,SIMULATED_SCREENING,SIMULATED
SIM_T21_SS02,T21,POSITIVE_GEOCHEMICAL_SUPPORT,,0.0,0.2,soil / rock chip (simulated),18.86,4.72,49.66,SIMULATED_SCREENING,SIMULATED
SIM_T21_SS03,T21,POSITIVE_GEOCHEMICAL_SUPPORT,,0.0,0.2,soil / rock chip (simulated),11.14,3.43,51.92,SIMULATED_SCREENING,SIMULATED
SIM_T21_SS04,T21,POSITIVE_GEOCHEMICAL_SUPPORT,,0.0,0.2,soil / rock chip (simulated),15.17,4.58,54.29,SIMULATED_SCREENING,SIMULATED
SIM_T21_SS05,T21,POSITIVE_GEOCHEMICAL_SUPPORT,,0.0,0.2,soil / rock chip (simulated),11.14,5.38,52.47,SIMULATED_SCREENING,SIMULATED
SIM_T21_SS06,T21,POSITIVE_GEOCHEMICAL_SUPPORT,,0.0,0.2,soil / rock chip (simulated),8.7,3.42,53.96,SIMULATED_SCREENING,SIMULATED
SIM_T21_SS07,T21,POSITIVE_GEOCHEMICAL_SUPPORT,,0.0,0.2,soil / rock chip (simulated),30.01,5.7,32.09,SIMULATED_SCREENING,SIMULATED
SIM_T21_SS08,T21,POSITIVE_GEOCHEMICAL_SUPPORT,,0.0,0.2,soil / rock chip (simulated),5.05,5.88,56.08,SIMULATED_SCREENING,SIMULATED
SIM_T21_POS_BH01_001,T21,POSITIVE_DRILLING_INTERSECTION,SIM_T21_POS_BH01,0.0,2.81,drill core (simulated),1.06,4.9,54.59,SIMULATED_ASSAY,SIMULATED
SIM_T21_POS_BH01_002,T21,POSITIVE_DRILLING_INTERSECTION,SIM_T21_POS_BH01,2.81,33.37,drill core (simulated),0.41,4.94,57.9,SIMULATED_ASSAY,SIMULATED
SIM_T21_POS_BH01_003,T21,POSITIVE_DRILLING_INTERSECTION,SIM_T21_POS_BH01,33.37,35.04,drill core (simulated),30.55,8.82,18.7,SIMULATED_ASSAY,SIMULATED
SIM_T21_POS_BH01_004,T21,POSITIVE_DRILLING_INTERSECTION,SIM_T21_POS_BH01,35.04,51.36,drill core (simulated),0.38,4.29,49.73,SIMULATED_ASSAY,SIMULATED
SIM_T21_POS_BH01_005,T21,POSITIVE_DRILLING_INTERSECTION,SIM_T21_POS_BH01,51.36,52.97,drill core (simulated),29.9,5.12,22.09,SIMULATED_ASSAY,SIMULATED
SIM_T21_POS_BH01_006,T21,POSITIVE_DRILLING_INTERSECTION,SIM_T21_POS_BH01,52.97,66.2,drill core (simulated),0.57,4.63,55.28,SIMULATED_ASSAY,SIMULATED
SIM_T21_POS_BH02_007,T21,POSITIVE_DRILLING_INTERSECTION,SIM_T21_POS_BH02,0.0,2.74,drill core (simulated),0.43,3.29,48.78,SIMULATED_ASSAY,SIMULATED
SIM_T21_POS_BH02_008,T21,POSITIVE_DRILLING_INTERSECTION,SIM_T21_POS_BH02,2.74,21.52,drill core (simulated),0.4,5.95,63.41,SIMULATED_ASSAY,SIMULATED
SIM_T21_POS_BH02_009,T21,POSITIVE_DRILLING_INTERSECTION,SIM_T21_POS_BH02,21.52,23.38,drill core (simulated),28.33,5.52,22.35,SIMULATED_ASSAY,SIMULATED
SIM_T21_POS_BH02_010,T21,POSITIVE_DRILLING_INTERSECTION,SIM_T21_POS_BH02,23.38,26.36,drill core (simulated),0.38,4.65,47.43,SIMULATED_ASSAY,SIMULATED
SIM_T21_POS_BH02_011,T21,POSITIVE_DRILLING_INTERSECTION,SIM_T21_POS_BH02,26.36,27.94,drill core (simulated),36.39,5.03,14.55,SIMULATED_ASSAY,SIMULATED
SIM_T21_POS_BH02_012,T21,POSITIVE_DRILLING_INTERSECTION,SIM_T21_POS_BH02,27.94,61.4,drill core (simulated),0.3,5.89,48.42,SIMULATED_ASSAY,SIMULATED
SIM_T21_POS_BH03_013,T21,POSITIVE_DRILLING_INTERSECTION,SIM_T21_POS_BH03,0.0,2.33,drill core (simulated),0.33,5.78,61.47,SIMULATED_ASSAY,SIMULATED
SIM_T21_POS_BH03_014,T21,POSITIVE_DRILLING_INTERSECTION,SIM_T21_POS_BH03,2.33,27.48,drill core (simulated),0.23,4.06,59.63,SIMULATED_ASSAY,SIMULATED
SIM_T21_POS_BH03_015,T21,POSITIVE_DRILLING_INTERSECTION,SIM_T21_POS_BH03,27.48,29.28,drill core (simulated),31.01,5.48,20.51,SIMULATED_ASSAY,SIMULATED
SIM_T21_POS_BH03_016,T21,POSITIVE_DRILLING_INTERSECTION,SIM_T21_POS_BH03,29.28,42.86,drill core (simulated),0.47,6.77,56.97,SIMULATED_ASSAY,SIMULATED
SIM_T21_POS_BH03_017,T21,POSITIVE_DRILLING_INTERSECTION,SIM_T21_POS_BH03,42.86,44.47,drill core (simulated),33.27,4.35,17.16,SIMULATED_ASSAY,SIMULATED
SIM_T21_POS_BH03_018,T21,POSITIVE_DRILLING_INTERSECTION,SIM_T21_POS_BH03,44.47,65.4,drill core (simulated),0.26,5.92,57.46,SIMULATED_ASSAY,SIMULATED
SIM_T21_NEG_BH01_001,T21,NEGATIVE_DRILLING_RESULT,SIM_T21_NEG_BH01,0.0,2.88,drill core (simulated),0.58,4.86,54.92,SIMULATED_ASSAY,SIMULATED
SIM_T21_NEG_BH01_002,T21,NEGATIVE_DRILLING_RESULT,SIM_T21_NEG_BH01,2.88,92.0,drill core (simulated),0.28,3.37,60.14,SIMULATED_ASSAY,SIMULATED
SIM_T21_NEG_BH02_003,T21,NEGATIVE_DRILLING_RESULT,SIM_T21_NEG_BH02,0.0,2.19,drill core (simulated),0.61,2.88,50.11,SIMULATED_ASSAY,SIMULATED
SIM_T21_NEG_BH02_004,T21,NEGATIVE_DRILLING_RESULT,SIM_T21_NEG_BH02,2.19,94.8,drill core (simulated),0.73,7.24,59.94,SIMULATED_ASSAY,SIMULATED
SIM_T21_NEG_BH03_005,T21,NEGATIVE_DRILLING_RESULT,SIM_T21_NEG_BH03,0.0,2.56,drill core (simulated),0.43,3.57,62.2,SIMULATED_ASSAY,SIMULATED
SIM_T21_NEG_BH03_006,T21,NEGATIVE_DRILLING_RESULT,SIM_T21_NEG_BH03,2.56,71.1,drill core (simulated),0.47,3.86,56.41,SIMULATED_ASSAY,SIMULATED
SIM_T21_AMB_BH01_001,T21,AMBIGUOUS_DRILLING_RESULT,SIM_T21_AMB_BH01,0.0,2.5,drill core (simulated),0.39,3.64,61.65,SIMULATED_ASSAY,SIMULATED
SIM_T21_AMB_BH01_002,T21,AMBIGUOUS_DRILLING_RESULT,SIM_T21_AMB_BH01,2.5,53.93,drill core (simulated),0.29,4.27,59.53,SIMULATED_ASSAY,SIMULATED
SIM_T21_AMB_BH01_003,T21,AMBIGUOUS_DRILLING_RESULT,SIM_T21_AMB_BH01,53.93,54.49,drill core (simulated),13.8,5.39,34.0,SIMULATED_ASSAY,SIMULATED
SIM_T21_AMB_BH01_004,T21,AMBIGUOUS_DRILLING_RESULT,SIM_T21_AMB_BH01,54.49,63.8,drill core (simulated),0.23,4.73,60.04,SIMULATED_ASSAY,SIMULATED
SIM_T21_AMB_BH02_005,T21,AMBIGUOUS_DRILLING_RESULT,SIM_T21_AMB_BH02,0.0,2.99,drill core (simulated),0.18,5.63,49.37,SIMULATED_ASSAY,SIMULATED
SIM_T21_AMB_BH02_006,T21,AMBIGUOUS_DRILLING_RESULT,SIM_T21_AMB_BH02,2.99,38.48,drill core (simulated),0.49,6.24,55.03,SIMULATED_ASSAY,SIMULATED
SIM_T21_AMB_BH02_007,T21,AMBIGUOUS_DRILLING_RESULT,SIM_T21_AMB_BH02,38.48,38.83,drill core (simulated),9.18,5.15,37.64,SIMULATED_ASSAY,SIMULATED
SIM_T21_AMB_BH02_008,T21,AMBIGUOUS_DRILLING_RESULT,SIM_T21_AMB_BH02,38.83,68.2,drill core (simulated),0.29,4.49,64.46,SIMULATED_ASSAY,SIMULATED
SIM_T21_AMB_BH03_009,T21,AMBIGUOUS_DRILLING_RESULT,SIM_T21_AMB_BH03,0.0,2.62,drill core (simulated),0.48,6.17,59.81,SIMULATED_ASSAY,SIMULATED
SIM_T21_AMB_BH03_010,T21,AMBIGUOUS_DRILLING_RESULT,SIM_T21_AMB_BH03,2.62,15.65,drill core (simulated),0.2,5.53,68.05,SIMULATED_ASSAY,SIMULATED
SIM_T21_AMB_BH03_011,T21,AMBIGUOUS_DRILLING_RESULT,SIM_T21_AMB_BH03,15.65,16.11,drill core (simulated),14.49,5.23,33.08,SIMULATED_ASSAY,SIMULATED
SIM_T21_AMB_BH03_012,T21,AMBIGUOUS_DRILLING_RESULT,SIM_T21_AMB_BH03,16.11,75.3,drill core (simulated),0.23,6.64,53.34,SIMULATED_ASSAY,SIMULATED
SIM_T22_SS01,T22,POSITIVE_GEOCHEMICAL_SUPPORT,,0.0,0.2,soil / rock chip (simulated),14.38,4.8,53.23,SIMULATED_SCREENING,SIMULATED
SIM_T22_SS02,T22,POSITIVE_GEOCHEMICAL_SUPPORT,,0.0,0.2,soil / rock chip (simulated),7.75,6.39,57.86,SIMULATED_SCREENING,SIMULATED
SIM_T22_SS03,T22,POSITIVE_GEOCHEMICAL_SUPPORT,,0.0,0.2,soil / rock chip (simulated),23.25,4.94,47.78,SIMULATED_SCREENING,SIMULATED
SIM_T22_SS04,T22,POSITIVE_GEOCHEMICAL_SUPPORT,,0.0,0.2,soil / rock chip (simulated),8.96,5.86,50.64,SIMULATED_SCREENING,SIMULATED
SIM_T22_SS05,T22,POSITIVE_GEOCHEMICAL_SUPPORT,,0.0,0.2,soil / rock chip (simulated),8.42,3.65,54.13,SIMULATED_SCREENING,SIMULATED
SIM_T22_SS06,T22,POSITIVE_GEOCHEMICAL_SUPPORT,,0.0,0.2,soil / rock chip (simulated),11.24,5.45,44.9,SIMULATED_SCREENING,SIMULATED
SIM_T22_SS07,T22,POSITIVE_GEOCHEMICAL_SUPPORT,,0.0,0.2,soil / rock chip (simulated),7.12,6.65,58.63,SIMULATED_SCREENING,SIMULATED
SIM_T22_SS08,T22,POSITIVE_GEOCHEMICAL_SUPPORT,,0.0,0.2,soil / rock chip (simulated),10.39,5.0,56.81,SIMULATED_SCREENING,SIMULATED
SIM_T22_POS_BH01_001,T22,POSITIVE_DRILLING_INTERSECTION,SIM_T22_POS_BH01,0.0,2.05,drill core (simulated),0.24,4.67,52.14,SIMULATED_ASSAY,SIMULATED
SIM_T22_POS_BH01_002,T22,POSITIVE_DRILLING_INTERSECTION,SIM_T22_POS_BH01,2.05,25.81,drill core (simulated),0.35,6.34,45.29,SIMULATED_ASSAY,SIMULATED
SIM_T22_POS_BH01_003,T22,POSITIVE_DRILLING_INTERSECTION,SIM_T22_POS_BH01,25.81,27.31,drill core (simulated),29.66,5.28,22.11,SIMULATED_ASSAY,SIMULATED
SIM_T22_POS_BH01_004,T22,POSITIVE_DRILLING_INTERSECTION,SIM_T22_POS_BH01,27.31,58.7,drill core (simulated),0.41,6.86,56.34,SIMULATED_ASSAY,SIMULATED
SIM_T22_POS_BH02_005,T22,POSITIVE_DRILLING_INTERSECTION,SIM_T22_POS_BH02,0.0,2.26,drill core (simulated),0.27,5.46,70.18,SIMULATED_ASSAY,SIMULATED
SIM_T22_POS_BH02_006,T22,POSITIVE_DRILLING_INTERSECTION,SIM_T22_POS_BH02,2.26,16.21,drill core (simulated),0.49,5.76,57.99,SIMULATED_ASSAY,SIMULATED
SIM_T22_POS_BH02_007,T22,POSITIVE_DRILLING_INTERSECTION,SIM_T22_POS_BH02,16.21,17.75,drill core (simulated),31.73,9.47,20.41,SIMULATED_ASSAY,SIMULATED
SIM_T22_POS_BH02_008,T22,POSITIVE_DRILLING_INTERSECTION,SIM_T22_POS_BH02,17.75,62.2,drill core (simulated),0.24,7.41,52.73,SIMULATED_ASSAY,SIMULATED
SIM_T22_POS_BH02_009,T22,POSITIVE_DRILLING_INTERSECTION,SIM_T22_POS_BH02,62.2,63.74,drill core (simulated),37.06,6.05,15.23,SIMULATED_ASSAY,SIMULATED
SIM_T22_POS_BH02_010,T22,POSITIVE_DRILLING_INTERSECTION,SIM_T22_POS_BH02,63.74,77.1,drill core (simulated),0.27,4.61,55.72,SIMULATED_ASSAY,SIMULATED
SIM_T22_POS_BH03_011,T22,POSITIVE_DRILLING_INTERSECTION,SIM_T22_POS_BH03,0.0,2.71,drill core (simulated),0.34,7.22,54.94,SIMULATED_ASSAY,SIMULATED
SIM_T22_POS_BH03_012,T22,POSITIVE_DRILLING_INTERSECTION,SIM_T22_POS_BH03,2.71,26.73,drill core (simulated),0.53,5.12,59.58,SIMULATED_ASSAY,SIMULATED
SIM_T22_POS_BH03_013,T22,POSITIVE_DRILLING_INTERSECTION,SIM_T22_POS_BH03,26.73,28.36,drill core (simulated),27.33,6.02,23.15,SIMULATED_ASSAY,SIMULATED
SIM_T22_POS_BH03_014,T22,POSITIVE_DRILLING_INTERSECTION,SIM_T22_POS_BH03,28.36,30.09,drill core (simulated),24.76,5.52,24.87,SIMULATED_ASSAY,SIMULATED
SIM_T22_POS_BH03_015,T22,POSITIVE_DRILLING_INTERSECTION,SIM_T22_POS_BH03,30.09,70.3,drill core (simulated),0.5,5.7,54.51,SIMULATED_ASSAY,SIMULATED
SIM_T22_NEG_BH01_001,T22,NEGATIVE_DRILLING_RESULT,SIM_T22_NEG_BH01,0.0,2.87,drill core (simulated),0.22,5.07,57.5,SIMULATED_ASSAY,SIMULATED
SIM_T22_NEG_BH01_002,T22,NEGATIVE_DRILLING_RESULT,SIM_T22_NEG_BH01,2.87,66.4,drill core (simulated),0.8,4.03,52.75,SIMULATED_ASSAY,SIMULATED
SIM_T22_NEG_BH02_003,T22,NEGATIVE_DRILLING_RESULT,SIM_T22_NEG_BH02,0.0,2.99,drill core (simulated),0.25,3.35,46.66,SIMULATED_ASSAY,SIMULATED
SIM_T22_NEG_BH02_004,T22,NEGATIVE_DRILLING_RESULT,SIM_T22_NEG_BH02,2.99,65.1,drill core (simulated),0.71,4.86,62.36,SIMULATED_ASSAY,SIMULATED
SIM_T22_NEG_BH03_005,T22,NEGATIVE_DRILLING_RESULT,SIM_T22_NEG_BH03,0.0,2.24,drill core (simulated),0.28,4.91,57.52,SIMULATED_ASSAY,SIMULATED
SIM_T22_NEG_BH03_006,T22,NEGATIVE_DRILLING_RESULT,SIM_T22_NEG_BH03,2.24,99.6,drill core (simulated),1.73,5.92,59.37,SIMULATED_ASSAY,SIMULATED
SIM_T22_AMB_BH01_001,T22,AMBIGUOUS_DRILLING_RESULT,SIM_T22_AMB_BH01,0.0,2.4,drill core (simulated),0.29,4.28,59.51,SIMULATED_ASSAY,SIMULATED
SIM_T22_AMB_BH01_002,T22,AMBIGUOUS_DRILLING_RESULT,SIM_T22_AMB_BH01,2.4,16.06,drill core (simulated),0.24,4.65,48.09,SIMULATED_ASSAY,SIMULATED
SIM_T22_AMB_BH01_003,T22,AMBIGUOUS_DRILLING_RESULT,SIM_T22_AMB_BH01,16.06,16.9,drill core (simulated),9.36,5.41,37.28,SIMULATED_ASSAY,SIMULATED
SIM_T22_AMB_BH01_004,T22,AMBIGUOUS_DRILLING_RESULT,SIM_T22_AMB_BH01,16.9,67.3,drill core (simulated),0.21,4.18,62.44,SIMULATED_ASSAY,SIMULATED
SIM_T22_AMB_BH02_005,T22,AMBIGUOUS_DRILLING_RESULT,SIM_T22_AMB_BH02,0.0,2.34,drill core (simulated),0.67,4.59,58.29,SIMULATED_ASSAY,SIMULATED
SIM_T22_AMB_BH02_006,T22,AMBIGUOUS_DRILLING_RESULT,SIM_T22_AMB_BH02,2.34,42.75,drill core (simulated),0.48,2.62,63.21,SIMULATED_ASSAY,SIMULATED
SIM_T22_AMB_BH02_007,T22,AMBIGUOUS_DRILLING_RESULT,SIM_T22_AMB_BH02,42.75,43.5,drill core (simulated),15.17,5.06,33.57,SIMULATED_ASSAY,SIMULATED
SIM_T22_AMB_BH02_008,T22,AMBIGUOUS_DRILLING_RESULT,SIM_T22_AMB_BH02,43.5,63.9,drill core (simulated),0.35,3.9,60.02,SIMULATED_ASSAY,SIMULATED
SIM_T22_AMB_BH03_009,T22,AMBIGUOUS_DRILLING_RESULT,SIM_T22_AMB_BH03,0.0,2.43,drill core (simulated),0.46,7.14,57.42,SIMULATED_ASSAY,SIMULATED
SIM_T22_AMB_BH03_010,T22,AMBIGUOUS_DRILLING_RESULT,SIM_T22_AMB_BH03,2.43,83.13,drill core (simulated),0.98,3.12,62.71,SIMULATED_ASSAY,SIMULATED
SIM_T22_AMB_BH03_011,T22,AMBIGUOUS_DRILLING_RESULT,SIM_T22_AMB_BH03,83.13,83.7,drill core (simulated),18.71,3.77,29.45,SIMULATED_ASSAY,SIMULATED
SIM_T22_AMB_BH03_012,T22,AMBIGUOUS_DRILLING_RESULT,SIM_T22_AMB_BH03,83.7,97.6,drill core (simulated),0.46,5.75,63.42,SIMULATED_ASSAY,SIMULATED
SIM_T23_SS01,T23,POSITIVE_GEOCHEMICAL_SUPPORT,,0.0,0.2,soil / rock chip (simulated),7.44,5.89,51.78,SIMULATED_SCREENING,SIMULATED
SIM_T23_SS02,T23,POSITIVE_GEOCHEMICAL_SUPPORT,,0.0,0.2,soil / rock chip (simulated),20.36,6.33,43.27,SIMULATED_SCREENING,SIMULATED
SIM_T23_SS03,T23,POSITIVE_GEOCHEMICAL_SUPPORT,,0.0,0.2,soil / rock chip (simulated),18.44,4.21,39.71,SIMULATED_SCREENING,SIMULATED
SIM_T23_SS04,T23,POSITIVE_GEOCHEMICAL_SUPPORT,,0.0,0.2,soil / rock chip (simulated),15.66,4.43,47.28,SIMULATED_SCREENING,SIMULATED
SIM_T23_SS05,T23,POSITIVE_GEOCHEMICAL_SUPPORT,,0.0,0.2,soil / rock chip (simulated),29.95,3.17,40.57,SIMULATED_SCREENING,SIMULATED
SIM_T23_SS06,T23,POSITIVE_GEOCHEMICAL_SUPPORT,,0.0,0.2,soil / rock chip (simulated),10.59,6.09,53.78,SIMULATED_SCREENING,SIMULATED
SIM_T23_SS07,T23,POSITIVE_GEOCHEMICAL_SUPPORT,,0.0,0.2,soil / rock chip (simulated),17.13,3.87,44.95,SIMULATED_SCREENING,SIMULATED
SIM_T23_SS08,T23,POSITIVE_GEOCHEMICAL_SUPPORT,,0.0,0.2,soil / rock chip (simulated),20.75,7.12,47.4,SIMULATED_SCREENING,SIMULATED
SIM_T23_POS_BH01_001,T23,POSITIVE_DRILLING_INTERSECTION,SIM_T23_POS_BH01,0.0,2.35,drill core (simulated),0.9,4.53,58.81,SIMULATED_ASSAY,SIMULATED
SIM_T23_POS_BH01_002,T23,POSITIVE_DRILLING_INTERSECTION,SIM_T23_POS_BH01,2.35,42.11,drill core (simulated),0.8,3.45,52.11,SIMULATED_ASSAY,SIMULATED
SIM_T23_POS_BH01_003,T23,POSITIVE_DRILLING_INTERSECTION,SIM_T23_POS_BH01,42.11,44.07,drill core (simulated),34.28,5.96,17.43,SIMULATED_ASSAY,SIMULATED
SIM_T23_POS_BH01_004,T23,POSITIVE_DRILLING_INTERSECTION,SIM_T23_POS_BH01,44.07,47.24,drill core (simulated),0.7,2.1,65.98,SIMULATED_ASSAY,SIMULATED
SIM_T23_POS_BH01_005,T23,POSITIVE_DRILLING_INTERSECTION,SIM_T23_POS_BH01,47.24,49.04,drill core (simulated),33.96,3.71,18.39,SIMULATED_ASSAY,SIMULATED
SIM_T23_POS_BH01_006,T23,POSITIVE_DRILLING_INTERSECTION,SIM_T23_POS_BH01,49.04,57.4,drill core (simulated),0.28,7.44,58.13,SIMULATED_ASSAY,SIMULATED
SIM_T23_POS_BH02_007,T23,POSITIVE_DRILLING_INTERSECTION,SIM_T23_POS_BH02,0.0,2.93,drill core (simulated),0.48,5.3,59.13,SIMULATED_ASSAY,SIMULATED
SIM_T23_POS_BH02_008,T23,POSITIVE_DRILLING_INTERSECTION,SIM_T23_POS_BH02,2.93,15.62,drill core (simulated),0.4,4.0,57.52,SIMULATED_ASSAY,SIMULATED
SIM_T23_POS_BH02_009,T23,POSITIVE_DRILLING_INTERSECTION,SIM_T23_POS_BH02,15.62,17.17,drill core (simulated),27.19,6.76,24.15,SIMULATED_ASSAY,SIMULATED
SIM_T23_POS_BH02_010,T23,POSITIVE_DRILLING_INTERSECTION,SIM_T23_POS_BH02,17.17,38.05,drill core (simulated),0.39,6.49,59.78,SIMULATED_ASSAY,SIMULATED
SIM_T23_POS_BH02_011,T23,POSITIVE_DRILLING_INTERSECTION,SIM_T23_POS_BH02,38.05,39.92,drill core (simulated),27.86,7.3,22.71,SIMULATED_ASSAY,SIMULATED
SIM_T23_POS_BH02_012,T23,POSITIVE_DRILLING_INTERSECTION,SIM_T23_POS_BH02,39.92,58.7,drill core (simulated),0.15,4.8,55.42,SIMULATED_ASSAY,SIMULATED
SIM_T23_POS_BH03_013,T23,POSITIVE_DRILLING_INTERSECTION,SIM_T23_POS_BH03,0.0,2.75,drill core (simulated),0.29,4.98,63.38,SIMULATED_ASSAY,SIMULATED
SIM_T23_POS_BH03_014,T23,POSITIVE_DRILLING_INTERSECTION,SIM_T23_POS_BH03,2.75,27.47,drill core (simulated),0.34,6.84,63.95,SIMULATED_ASSAY,SIMULATED
SIM_T23_POS_BH03_015,T23,POSITIVE_DRILLING_INTERSECTION,SIM_T23_POS_BH03,27.47,28.98,drill core (simulated),28.09,6.57,22.07,SIMULATED_ASSAY,SIMULATED
SIM_T23_POS_BH03_016,T23,POSITIVE_DRILLING_INTERSECTION,SIM_T23_POS_BH03,28.98,58.73,drill core (simulated),0.89,4.6,50.49,SIMULATED_ASSAY,SIMULATED
SIM_T23_POS_BH03_017,T23,POSITIVE_DRILLING_INTERSECTION,SIM_T23_POS_BH03,58.73,60.36,drill core (simulated),27.13,8.41,23.12,SIMULATED_ASSAY,SIMULATED
SIM_T23_POS_BH03_018,T23,POSITIVE_DRILLING_INTERSECTION,SIM_T23_POS_BH03,60.36,70.6,drill core (simulated),0.19,5.43,53.03,SIMULATED_ASSAY,SIMULATED
SIM_T23_NEG_BH01_001,T23,NEGATIVE_DRILLING_RESULT,SIM_T23_NEG_BH01,0.0,2.81,drill core (simulated),0.21,6.73,59.42,SIMULATED_ASSAY,SIMULATED
SIM_T23_NEG_BH01_002,T23,NEGATIVE_DRILLING_RESULT,SIM_T23_NEG_BH01,2.81,97.7,drill core (simulated),0.18,5.76,51.49,SIMULATED_ASSAY,SIMULATED
SIM_T23_NEG_BH02_003,T23,NEGATIVE_DRILLING_RESULT,SIM_T23_NEG_BH02,0.0,2.55,drill core (simulated),0.64,6.41,50.74,SIMULATED_ASSAY,SIMULATED
SIM_T23_NEG_BH02_004,T23,NEGATIVE_DRILLING_RESULT,SIM_T23_NEG_BH02,2.55,80.0,drill core (simulated),0.22,6.07,57.76,SIMULATED_ASSAY,SIMULATED
SIM_T23_NEG_BH03_005,T23,NEGATIVE_DRILLING_RESULT,SIM_T23_NEG_BH03,0.0,2.15,drill core (simulated),0.24,3.99,52.37,SIMULATED_ASSAY,SIMULATED
SIM_T23_NEG_BH03_006,T23,NEGATIVE_DRILLING_RESULT,SIM_T23_NEG_BH03,2.15,83.5,drill core (simulated),0.3,5.73,59.94,SIMULATED_ASSAY,SIMULATED
SIM_T23_AMB_BH01_001,T23,AMBIGUOUS_DRILLING_RESULT,SIM_T23_AMB_BH01,0.0,2.98,drill core (simulated),0.93,5.86,53.65,SIMULATED_ASSAY,SIMULATED
SIM_T23_AMB_BH01_002,T23,AMBIGUOUS_DRILLING_RESULT,SIM_T23_AMB_BH01,2.98,25.37,drill core (simulated),0.16,6.35,61.75,SIMULATED_ASSAY,SIMULATED
SIM_T23_AMB_BH01_003,T23,AMBIGUOUS_DRILLING_RESULT,SIM_T23_AMB_BH01,25.37,26.06,drill core (simulated),19.69,4.41,29.17,SIMULATED_ASSAY,SIMULATED
SIM_T23_AMB_BH01_004,T23,AMBIGUOUS_DRILLING_RESULT,SIM_T23_AMB_BH01,26.06,56.4,drill core (simulated),0.36,6.21,60.92,SIMULATED_ASSAY,SIMULATED
SIM_T23_AMB_BH02_005,T23,AMBIGUOUS_DRILLING_RESULT,SIM_T23_AMB_BH02,0.0,2.07,drill core (simulated),0.6,4.2,62.02,SIMULATED_ASSAY,SIMULATED
SIM_T23_AMB_BH02_006,T23,AMBIGUOUS_DRILLING_RESULT,SIM_T23_AMB_BH02,2.07,44.44,drill core (simulated),0.42,6.19,62.84,SIMULATED_ASSAY,SIMULATED
SIM_T23_AMB_BH02_007,T23,AMBIGUOUS_DRILLING_RESULT,SIM_T23_AMB_BH02,44.44,45.15,drill core (simulated),25.98,4.52,23.76,SIMULATED_ASSAY,SIMULATED
SIM_T23_AMB_BH02_008,T23,AMBIGUOUS_DRILLING_RESULT,SIM_T23_AMB_BH02,45.15,76.6,drill core (simulated),0.28,4.69,43.87,SIMULATED_ASSAY,SIMULATED
SIM_T23_AMB_BH03_009,T23,AMBIGUOUS_DRILLING_RESULT,SIM_T23_AMB_BH03,0.0,2.77,drill core (simulated),0.28,4.23,52.33,SIMULATED_ASSAY,SIMULATED
SIM_T23_AMB_BH03_010,T23,AMBIGUOUS_DRILLING_RESULT,SIM_T23_AMB_BH03,2.77,40.08,drill core (simulated),0.22,5.6,60.55,SIMULATED_ASSAY,SIMULATED
SIM_T23_AMB_BH03_011,T23,AMBIGUOUS_DRILLING_RESULT,SIM_T23_AMB_BH03,40.08,40.44,drill core (simulated),16.27,5.07,31.35,SIMULATED_ASSAY,SIMULATED
SIM_T23_AMB_BH03_012,T23,AMBIGUOUS_DRILLING_RESULT,SIM_T23_AMB_BH03,40.44,86.7,drill core (simulated),0.32,7.14,58.45,SIMULATED_ASSAY,SIMULATED
SIM_T24_SS01,T24,POSITIVE_GEOCHEMICAL_SUPPORT,,0.0,0.2,soil / rock chip (simulated),11.31,6.02,51.44,SIMULATED_SCREENING,SIMULATED
SIM_T24_SS02,T24,POSITIVE_GEOCHEMICAL_SUPPORT,,0.0,0.2,soil / rock chip (simulated),9.16,5.55,54.46,SIMULATED_SCREENING,SIMULATED
SIM_T24_SS03,T24,POSITIVE_GEOCHEMICAL_SUPPORT,,0.0,0.2,soil / rock chip (simulated),13.85,4.96,47.43,SIMULATED_SCREENING,SIMULATED
SIM_T24_SS04,T24,POSITIVE_GEOCHEMICAL_SUPPORT,,0.0,0.2,soil / rock chip (simulated),18.57,4.95,47.67,SIMULATED_SCREENING,SIMULATED
SIM_T24_SS05,T24,POSITIVE_GEOCHEMICAL_SUPPORT,,0.0,0.2,soil / rock chip (simulated),17.0,3.61,44.52,SIMULATED_SCREENING,SIMULATED
SIM_T24_SS06,T24,POSITIVE_GEOCHEMICAL_SUPPORT,,0.0,0.2,soil / rock chip (simulated),6.92,5.68,50.31,SIMULATED_SCREENING,SIMULATED
SIM_T24_SS07,T24,POSITIVE_GEOCHEMICAL_SUPPORT,,0.0,0.2,soil / rock chip (simulated),15.71,5.45,51.41,SIMULATED_SCREENING,SIMULATED
SIM_T24_SS08,T24,POSITIVE_GEOCHEMICAL_SUPPORT,,0.0,0.2,soil / rock chip (simulated),9.84,4.92,59.79,SIMULATED_SCREENING,SIMULATED
SIM_T24_POS_BH01_001,T24,POSITIVE_DRILLING_INTERSECTION,SIM_T24_POS_BH01,0.0,2.17,drill core (simulated),0.21,5.67,72.94,SIMULATED_ASSAY,SIMULATED
SIM_T24_POS_BH01_002,T24,POSITIVE_DRILLING_INTERSECTION,SIM_T24_POS_BH01,2.17,37.56,drill core (simulated),0.2,7.01,61.05,SIMULATED_ASSAY,SIMULATED
SIM_T24_POS_BH01_003,T24,POSITIVE_DRILLING_INTERSECTION,SIM_T24_POS_BH01,37.56,39.12,drill core (simulated),25.84,6.29,24.25,SIMULATED_ASSAY,SIMULATED
SIM_T24_POS_BH01_004,T24,POSITIVE_DRILLING_INTERSECTION,SIM_T24_POS_BH01,39.12,53.69,drill core (simulated),0.61,5.93,48.62,SIMULATED_ASSAY,SIMULATED
SIM_T24_POS_BH01_005,T24,POSITIVE_DRILLING_INTERSECTION,SIM_T24_POS_BH01,53.69,55.46,drill core (simulated),37.53,6.61,14.9,SIMULATED_ASSAY,SIMULATED
SIM_T24_POS_BH01_006,T24,POSITIVE_DRILLING_INTERSECTION,SIM_T24_POS_BH01,55.46,68.7,drill core (simulated),0.31,5.58,64.16,SIMULATED_ASSAY,SIMULATED
SIM_T24_POS_BH02_007,T24,POSITIVE_DRILLING_INTERSECTION,SIM_T24_POS_BH02,0.0,2.1,drill core (simulated),0.49,4.72,59.92,SIMULATED_ASSAY,SIMULATED
SIM_T24_POS_BH02_008,T24,POSITIVE_DRILLING_INTERSECTION,SIM_T24_POS_BH02,2.1,71.5,drill core (simulated),0.28,7.53,56.0,SIMULATED_ASSAY,SIMULATED
SIM_T24_POS_BH02_009,T24,POSITIVE_DRILLING_INTERSECTION,SIM_T24_POS_BH02,71.5,73.32,drill core (simulated),39.45,6.57,14.03,SIMULATED_ASSAY,SIMULATED
SIM_T24_POS_BH02_010,T24,POSITIVE_DRILLING_INTERSECTION,SIM_T24_POS_BH02,73.32,77.04,drill core (simulated),0.37,5.15,56.7,SIMULATED_ASSAY,SIMULATED
SIM_T24_POS_BH02_011,T24,POSITIVE_DRILLING_INTERSECTION,SIM_T24_POS_BH02,77.04,78.71,drill core (simulated),33.61,7.38,18.48,SIMULATED_ASSAY,SIMULATED
SIM_T24_POS_BH02_012,T24,POSITIVE_DRILLING_INTERSECTION,SIM_T24_POS_BH02,78.71,99.8,drill core (simulated),0.28,6.16,66.71,SIMULATED_ASSAY,SIMULATED
SIM_T24_POS_BH03_013,T24,POSITIVE_DRILLING_INTERSECTION,SIM_T24_POS_BH03,0.0,2.76,drill core (simulated),0.62,7.88,62.04,SIMULATED_ASSAY,SIMULATED
SIM_T24_POS_BH03_014,T24,POSITIVE_DRILLING_INTERSECTION,SIM_T24_POS_BH03,2.76,15.18,drill core (simulated),0.15,6.41,41.37,SIMULATED_ASSAY,SIMULATED
SIM_T24_POS_BH03_015,T24,POSITIVE_DRILLING_INTERSECTION,SIM_T24_POS_BH03,15.18,17.14,drill core (simulated),29.7,6.67,19.43,SIMULATED_ASSAY,SIMULATED
SIM_T24_POS_BH03_016,T24,POSITIVE_DRILLING_INTERSECTION,SIM_T24_POS_BH03,17.14,19.01,drill core (simulated),38.17,6.88,14.8,SIMULATED_ASSAY,SIMULATED
SIM_T24_POS_BH03_017,T24,POSITIVE_DRILLING_INTERSECTION,SIM_T24_POS_BH03,19.01,69.1,drill core (simulated),0.31,7.62,62.15,SIMULATED_ASSAY,SIMULATED
SIM_T24_NEG_BH01_001,T24,NEGATIVE_DRILLING_RESULT,SIM_T24_NEG_BH01,0.0,2.74,drill core (simulated),0.53,2.08,56.96,SIMULATED_ASSAY,SIMULATED
SIM_T24_NEG_BH01_002,T24,NEGATIVE_DRILLING_RESULT,SIM_T24_NEG_BH01,2.74,62.2,drill core (simulated),0.34,5.57,59.01,SIMULATED_ASSAY,SIMULATED
SIM_T24_NEG_BH02_003,T24,NEGATIVE_DRILLING_RESULT,SIM_T24_NEG_BH02,0.0,2.41,drill core (simulated),0.29,5.58,54.67,SIMULATED_ASSAY,SIMULATED
SIM_T24_NEG_BH02_004,T24,NEGATIVE_DRILLING_RESULT,SIM_T24_NEG_BH02,2.41,69.8,drill core (simulated),0.4,4.24,56.03,SIMULATED_ASSAY,SIMULATED
SIM_T24_NEG_BH03_005,T24,NEGATIVE_DRILLING_RESULT,SIM_T24_NEG_BH03,0.0,2.79,drill core (simulated),0.25,7.3,47.6,SIMULATED_ASSAY,SIMULATED
SIM_T24_NEG_BH03_006,T24,NEGATIVE_DRILLING_RESULT,SIM_T24_NEG_BH03,2.79,76.2,drill core (simulated),0.81,7.72,52.62,SIMULATED_ASSAY,SIMULATED
SIM_T24_AMB_BH01_001,T24,AMBIGUOUS_DRILLING_RESULT,SIM_T24_AMB_BH01,0.0,2.33,drill core (simulated),0.39,6.52,59.36,SIMULATED_ASSAY,SIMULATED
SIM_T24_AMB_BH01_002,T24,AMBIGUOUS_DRILLING_RESULT,SIM_T24_AMB_BH01,2.33,34.17,drill core (simulated),0.5,6.3,53.22,SIMULATED_ASSAY,SIMULATED
SIM_T24_AMB_BH01_003,T24,AMBIGUOUS_DRILLING_RESULT,SIM_T24_AMB_BH01,34.17,34.62,drill core (simulated),8.09,9.86,38.6,SIMULATED_ASSAY,SIMULATED
SIM_T24_AMB_BH01_004,T24,AMBIGUOUS_DRILLING_RESULT,SIM_T24_AMB_BH01,34.62,64.9,drill core (simulated),0.19,4.31,57.95,SIMULATED_ASSAY,SIMULATED
SIM_T24_AMB_BH02_005,T24,AMBIGUOUS_DRILLING_RESULT,SIM_T24_AMB_BH02,0.0,2.51,drill core (simulated),0.19,7.06,58.19,SIMULATED_ASSAY,SIMULATED
SIM_T24_AMB_BH02_006,T24,AMBIGUOUS_DRILLING_RESULT,SIM_T24_AMB_BH02,2.51,53.37,drill core (simulated),0.4,5.68,46.85,SIMULATED_ASSAY,SIMULATED
SIM_T24_AMB_BH02_007,T24,AMBIGUOUS_DRILLING_RESULT,SIM_T24_AMB_BH02,53.37,53.93,drill core (simulated),19.22,7.7,28.75,SIMULATED_ASSAY,SIMULATED
SIM_T24_AMB_BH02_008,T24,AMBIGUOUS_DRILLING_RESULT,SIM_T24_AMB_BH02,53.93,79.1,drill core (simulated),0.61,5.98,61.5,SIMULATED_ASSAY,SIMULATED
SIM_T24_AMB_BH03_009,T24,AMBIGUOUS_DRILLING_RESULT,SIM_T24_AMB_BH03,0.0,2.96,drill core (simulated),0.26,4.72,52.91,SIMULATED_ASSAY,SIMULATED
SIM_T24_AMB_BH03_010,T24,AMBIGUOUS_DRILLING_RESULT,SIM_T24_AMB_BH03,2.96,66.85,drill core (simulated),0.42,5.85,72.47,SIMULATED_ASSAY,SIMULATED
SIM_T24_AMB_BH03_011,T24,AMBIGUOUS_DRILLING_RESULT,SIM_T24_AMB_BH03,66.85,67.6,drill core (simulated),14.83,5.48,33.78,SIMULATED_ASSAY,SIMULATED
SIM_T24_AMB_BH03_012,T24,AMBIGUOUS_DRILLING_RESULT,SIM_T24_AMB_BH03,67.6,89.3,drill core (simulated),0.42,4.84,67.91,SIMULATED_ASSAY,SIMULATED
SIM_T25_SS01,T25,POSITIVE_GEOCHEMICAL_SUPPORT,,0.0,0.2,soil / rock chip (simulated),22.12,8.05,45.78,SIMULATED_SCREENING,SIMULATED
SIM_T25_SS02,T25,POSITIVE_GEOCHEMICAL_SUPPORT,,0.0,0.2,soil / rock chip (simulated),15.63,5.2,54.3,SIMULATED_SCREENING,SIMULATED
SIM_T25_SS03,T25,POSITIVE_GEOCHEMICAL_SUPPORT,,0.0,0.2,soil / rock chip (simulated),12.16,4.67,45.34,SIMULATED_SCREENING,SIMULATED
SIM_T25_SS04,T25,POSITIVE_GEOCHEMICAL_SUPPORT,,0.0,0.2,soil / rock chip (simulated),9.91,4.38,52.84,SIMULATED_SCREENING,SIMULATED
SIM_T25_SS05,T25,POSITIVE_GEOCHEMICAL_SUPPORT,,0.0,0.2,soil / rock chip (simulated),27.86,5.64,36.85,SIMULATED_SCREENING,SIMULATED
SIM_T25_SS06,T25,POSITIVE_GEOCHEMICAL_SUPPORT,,0.0,0.2,soil / rock chip (simulated),11.63,6.65,56.37,SIMULATED_SCREENING,SIMULATED
SIM_T25_SS07,T25,POSITIVE_GEOCHEMICAL_SUPPORT,,0.0,0.2,soil / rock chip (simulated),15.15,4.47,53.9,SIMULATED_SCREENING,SIMULATED
SIM_T25_SS08,T25,POSITIVE_GEOCHEMICAL_SUPPORT,,0.0,0.2,soil / rock chip (simulated),10.6,5.47,61.67,SIMULATED_SCREENING,SIMULATED
SIM_T25_POS_BH01_001,T25,POSITIVE_DRILLING_INTERSECTION,SIM_T25_POS_BH01,0.0,2.39,drill core (simulated),0.36,7.84,51.93,SIMULATED_ASSAY,SIMULATED
SIM_T25_POS_BH01_002,T25,POSITIVE_DRILLING_INTERSECTION,SIM_T25_POS_BH01,2.39,45.39,drill core (simulated),0.51,6.16,63.3,SIMULATED_ASSAY,SIMULATED
SIM_T25_POS_BH01_003,T25,POSITIVE_DRILLING_INTERSECTION,SIM_T25_POS_BH01,45.39,46.91,drill core (simulated),30.18,5.6,21.05,SIMULATED_ASSAY,SIMULATED
SIM_T25_POS_BH01_004,T25,POSITIVE_DRILLING_INTERSECTION,SIM_T25_POS_BH01,46.91,62.0,drill core (simulated),0.5,3.01,55.7,SIMULATED_ASSAY,SIMULATED
SIM_T25_POS_BH02_005,T25,POSITIVE_DRILLING_INTERSECTION,SIM_T25_POS_BH02,0.0,2.5,drill core (simulated),0.45,4.74,53.13,SIMULATED_ASSAY,SIMULATED
SIM_T25_POS_BH02_006,T25,POSITIVE_DRILLING_INTERSECTION,SIM_T25_POS_BH02,2.5,21.88,drill core (simulated),0.15,4.95,53.38,SIMULATED_ASSAY,SIMULATED
SIM_T25_POS_BH02_007,T25,POSITIVE_DRILLING_INTERSECTION,SIM_T25_POS_BH02,21.88,23.69,drill core (simulated),24.43,5.58,25.11,SIMULATED_ASSAY,SIMULATED
SIM_T25_POS_BH02_008,T25,POSITIVE_DRILLING_INTERSECTION,SIM_T25_POS_BH02,23.69,57.8,drill core (simulated),0.4,6.1,66.63,SIMULATED_ASSAY,SIMULATED
SIM_T25_POS_BH03_009,T25,POSITIVE_DRILLING_INTERSECTION,SIM_T25_POS_BH03,0.0,2.04,drill core (simulated),0.8,3.44,65.23,SIMULATED_ASSAY,SIMULATED
SIM_T25_POS_BH03_010,T25,POSITIVE_DRILLING_INTERSECTION,SIM_T25_POS_BH03,2.04,38.51,drill core (simulated),0.5,4.57,48.11,SIMULATED_ASSAY,SIMULATED
SIM_T25_POS_BH03_011,T25,POSITIVE_DRILLING_INTERSECTION,SIM_T25_POS_BH03,38.51,40.2,drill core (simulated),39.16,9.03,14.1,SIMULATED_ASSAY,SIMULATED
SIM_T25_POS_BH03_012,T25,POSITIVE_DRILLING_INTERSECTION,SIM_T25_POS_BH03,40.2,54.09,drill core (simulated),0.47,5.03,59.07,SIMULATED_ASSAY,SIMULATED
SIM_T25_POS_BH03_013,T25,POSITIVE_DRILLING_INTERSECTION,SIM_T25_POS_BH03,54.09,55.88,drill core (simulated),26.46,5.25,24.52,SIMULATED_ASSAY,SIMULATED
SIM_T25_POS_BH03_014,T25,POSITIVE_DRILLING_INTERSECTION,SIM_T25_POS_BH03,55.88,68.3,drill core (simulated),0.3,6.7,64.95,SIMULATED_ASSAY,SIMULATED
SIM_T25_NEG_BH01_001,T25,NEGATIVE_DRILLING_RESULT,SIM_T25_NEG_BH01,0.0,2.87,drill core (simulated),0.64,6.78,69.99,SIMULATED_ASSAY,SIMULATED
SIM_T25_NEG_BH01_002,T25,NEGATIVE_DRILLING_RESULT,SIM_T25_NEG_BH01,2.87,91.9,drill core (simulated),0.4,7.51,61.46,SIMULATED_ASSAY,SIMULATED
SIM_T25_NEG_BH02_003,T25,NEGATIVE_DRILLING_RESULT,SIM_T25_NEG_BH02,0.0,2.01,drill core (simulated),0.36,6.07,52.81,SIMULATED_ASSAY,SIMULATED
SIM_T25_NEG_BH02_004,T25,NEGATIVE_DRILLING_RESULT,SIM_T25_NEG_BH02,2.01,72.7,drill core (simulated),0.83,5.86,59.22,SIMULATED_ASSAY,SIMULATED
SIM_T25_NEG_BH03_005,T25,NEGATIVE_DRILLING_RESULT,SIM_T25_NEG_BH03,0.0,2.81,drill core (simulated),0.37,3.19,74.26,SIMULATED_ASSAY,SIMULATED
SIM_T25_NEG_BH03_006,T25,NEGATIVE_DRILLING_RESULT,SIM_T25_NEG_BH03,2.81,78.5,drill core (simulated),0.21,6.34,57.38,SIMULATED_ASSAY,SIMULATED
SIM_T25_AMB_BH01_001,T25,AMBIGUOUS_DRILLING_RESULT,SIM_T25_AMB_BH01,0.0,2.52,drill core (simulated),0.15,0.83,61.98,SIMULATED_ASSAY,SIMULATED
SIM_T25_AMB_BH01_002,T25,AMBIGUOUS_DRILLING_RESULT,SIM_T25_AMB_BH01,2.52,27.54,drill core (simulated),0.7,3.67,63.06,SIMULATED_ASSAY,SIMULATED
SIM_T25_AMB_BH01_003,T25,AMBIGUOUS_DRILLING_RESULT,SIM_T25_AMB_BH01,27.54,28.1,drill core (simulated),24.39,2.59,27.2,SIMULATED_ASSAY,SIMULATED
SIM_T25_AMB_BH01_004,T25,AMBIGUOUS_DRILLING_RESULT,SIM_T25_AMB_BH01,28.1,90.5,drill core (simulated),0.54,4.69,60.56,SIMULATED_ASSAY,SIMULATED
SIM_T25_AMB_BH02_005,T25,AMBIGUOUS_DRILLING_RESULT,SIM_T25_AMB_BH02,0.0,2.2,drill core (simulated),0.27,7.29,58.73,SIMULATED_ASSAY,SIMULATED
SIM_T25_AMB_BH02_006,T25,AMBIGUOUS_DRILLING_RESULT,SIM_T25_AMB_BH02,2.2,20.33,drill core (simulated),0.5,4.92,56.8,SIMULATED_ASSAY,SIMULATED
SIM_T25_AMB_BH02_007,T25,AMBIGUOUS_DRILLING_RESULT,SIM_T25_AMB_BH02,20.33,20.97,drill core (simulated),23.53,5.41,26.18,SIMULATED_ASSAY,SIMULATED
SIM_T25_AMB_BH02_008,T25,AMBIGUOUS_DRILLING_RESULT,SIM_T25_AMB_BH02,20.97,77.6,drill core (simulated),0.3,3.87,49.59,SIMULATED_ASSAY,SIMULATED
SIM_T25_AMB_BH03_009,T25,AMBIGUOUS_DRILLING_RESULT,SIM_T25_AMB_BH03,0.0,2.01,drill core (simulated),0.14,4.53,59.46,SIMULATED_ASSAY,SIMULATED
SIM_T25_AMB_BH03_010,T25,AMBIGUOUS_DRILLING_RESULT,SIM_T25_AMB_BH03,2.01,41.59,drill core (simulated),0.24,7.42,59.34,SIMULATED_ASSAY,SIMULATED
SIM_T25_AMB_BH03_011,T25,AMBIGUOUS_DRILLING_RESULT,SIM_T25_AMB_BH03,41.59,42.08,drill core (simulated),17.27,6.34,30.59,SIMULATED_ASSAY,SIMULATED
SIM_T25_AMB_BH03_012,T25,AMBIGUOUS_DRILLING_RESULT,SIM_T25_AMB_BH03,42.08,62.2,drill core (simulated),0.4,0.52,61.64,SIMULATED_ASSAY,SIMULATED
SIM_T26_SS01,T26,POSITIVE_GEOCHEMICAL_SUPPORT,,0.0,0.2,soil / rock chip (simulated),17.32,3.03,50.69,SIMULATED_SCREENING,SIMULATED
SIM_T26_SS02,T26,POSITIVE_GEOCHEMICAL_SUPPORT,,0.0,0.2,soil / rock chip (simulated),19.59,5.06,42.81,SIMULATED_SCREENING,SIMULATED
SIM_T26_SS03,T26,POSITIVE_GEOCHEMICAL_SUPPORT,,0.0,0.2,soil / rock chip (simulated),10.65,6.23,46.5,SIMULATED_SCREENING,SIMULATED
SIM_T26_SS04,T26,POSITIVE_GEOCHEMICAL_SUPPORT,,0.0,0.2,soil / rock chip (simulated),21.77,4.8,44.38,SIMULATED_SCREENING,SIMULATED
SIM_T26_SS05,T26,POSITIVE_GEOCHEMICAL_SUPPORT,,0.0,0.2,soil / rock chip (simulated),8.25,4.82,56.68,SIMULATED_SCREENING,SIMULATED
SIM_T26_SS06,T26,POSITIVE_GEOCHEMICAL_SUPPORT,,0.0,0.2,soil / rock chip (simulated),9.4,5.6,53.78,SIMULATED_SCREENING,SIMULATED
SIM_T26_SS07,T26,POSITIVE_GEOCHEMICAL_SUPPORT,,0.0,0.2,soil / rock chip (simulated),11.97,6.03,42.81,SIMULATED_SCREENING,SIMULATED
SIM_T26_SS08,T26,POSITIVE_GEOCHEMICAL_SUPPORT,,0.0,0.2,soil / rock chip (simulated),16.94,6.94,53.91,SIMULATED_SCREENING,SIMULATED
SIM_T26_POS_BH01_001,T26,POSITIVE_DRILLING_INTERSECTION,SIM_T26_POS_BH01,0.0,2.53,drill core (simulated),0.21,6.32,57.64,SIMULATED_ASSAY,SIMULATED
SIM_T26_POS_BH01_002,T26,POSITIVE_DRILLING_INTERSECTION,SIM_T26_POS_BH01,2.53,18.97,drill core (simulated),0.31,3.9,57.05,SIMULATED_ASSAY,SIMULATED
SIM_T26_POS_BH01_003,T26,POSITIVE_DRILLING_INTERSECTION,SIM_T26_POS_BH01,18.97,20.79,drill core (simulated),28.92,8.98,21.0,SIMULATED_ASSAY,SIMULATED
SIM_T26_POS_BH01_004,T26,POSITIVE_DRILLING_INTERSECTION,SIM_T26_POS_BH01,20.79,51.8,drill core (simulated),0.39,3.42,54.78,SIMULATED_ASSAY,SIMULATED
SIM_T26_POS_BH02_005,T26,POSITIVE_DRILLING_INTERSECTION,SIM_T26_POS_BH02,0.0,2.03,drill core (simulated),0.22,5.44,62.77,SIMULATED_ASSAY,SIMULATED
SIM_T26_POS_BH02_006,T26,POSITIVE_DRILLING_INTERSECTION,SIM_T26_POS_BH02,2.03,34.73,drill core (simulated),0.38,3.66,70.33,SIMULATED_ASSAY,SIMULATED
SIM_T26_POS_BH02_007,T26,POSITIVE_DRILLING_INTERSECTION,SIM_T26_POS_BH02,34.73,36.32,drill core (simulated),40.42,4.78,11.19,SIMULATED_ASSAY,SIMULATED
SIM_T26_POS_BH02_008,T26,POSITIVE_DRILLING_INTERSECTION,SIM_T26_POS_BH02,36.32,41.82,drill core (simulated),0.13,3.39,51.39,SIMULATED_ASSAY,SIMULATED
SIM_T26_POS_BH02_009,T26,POSITIVE_DRILLING_INTERSECTION,SIM_T26_POS_BH02,41.82,43.54,drill core (simulated),25.72,7.07,24.89,SIMULATED_ASSAY,SIMULATED
SIM_T26_POS_BH02_010,T26,POSITIVE_DRILLING_INTERSECTION,SIM_T26_POS_BH02,43.54,64.5,drill core (simulated),0.97,3.07,59.31,SIMULATED_ASSAY,SIMULATED
SIM_T26_POS_BH03_011,T26,POSITIVE_DRILLING_INTERSECTION,SIM_T26_POS_BH03,0.0,2.17,drill core (simulated),0.32,5.26,59.84,SIMULATED_ASSAY,SIMULATED
SIM_T26_POS_BH03_012,T26,POSITIVE_DRILLING_INTERSECTION,SIM_T26_POS_BH03,2.17,66.28,drill core (simulated),0.38,3.92,65.83,SIMULATED_ASSAY,SIMULATED
SIM_T26_POS_BH03_013,T26,POSITIVE_DRILLING_INTERSECTION,SIM_T26_POS_BH03,66.28,67.88,drill core (simulated),30.44,6.22,20.49,SIMULATED_ASSAY,SIMULATED
SIM_T26_POS_BH03_014,T26,POSITIVE_DRILLING_INTERSECTION,SIM_T26_POS_BH03,67.88,89.6,drill core (simulated),0.29,3.03,66.71,SIMULATED_ASSAY,SIMULATED
SIM_T26_NEG_BH01_001,T26,NEGATIVE_DRILLING_RESULT,SIM_T26_NEG_BH01,0.0,2.22,drill core (simulated),0.6,4.68,65.72,SIMULATED_ASSAY,SIMULATED
SIM_T26_NEG_BH01_002,T26,NEGATIVE_DRILLING_RESULT,SIM_T26_NEG_BH01,2.22,73.1,drill core (simulated),0.37,2.79,63.35,SIMULATED_ASSAY,SIMULATED
SIM_T26_NEG_BH02_003,T26,NEGATIVE_DRILLING_RESULT,SIM_T26_NEG_BH02,0.0,2.97,drill core (simulated),0.51,6.43,57.74,SIMULATED_ASSAY,SIMULATED
SIM_T26_NEG_BH02_004,T26,NEGATIVE_DRILLING_RESULT,SIM_T26_NEG_BH02,2.97,75.2,drill core (simulated),0.31,1.91,53.93,SIMULATED_ASSAY,SIMULATED
SIM_T26_NEG_BH03_005,T26,NEGATIVE_DRILLING_RESULT,SIM_T26_NEG_BH03,0.0,2.52,drill core (simulated),1.03,4.47,48.03,SIMULATED_ASSAY,SIMULATED
SIM_T26_NEG_BH03_006,T26,NEGATIVE_DRILLING_RESULT,SIM_T26_NEG_BH03,2.52,75.0,drill core (simulated),0.25,4.05,59.72,SIMULATED_ASSAY,SIMULATED
SIM_T26_AMB_BH01_001,T26,AMBIGUOUS_DRILLING_RESULT,SIM_T26_AMB_BH01,0.0,2.6,drill core (simulated),0.95,5.05,53.39,SIMULATED_ASSAY,SIMULATED
SIM_T26_AMB_BH01_002,T26,AMBIGUOUS_DRILLING_RESULT,SIM_T26_AMB_BH01,2.6,43.4,drill core (simulated),0.11,6.27,58.22,SIMULATED_ASSAY,SIMULATED
SIM_T26_AMB_BH01_003,T26,AMBIGUOUS_DRILLING_RESULT,SIM_T26_AMB_BH01,43.4,44.13,drill core (simulated),7.91,7.51,38.6,SIMULATED_ASSAY,SIMULATED
SIM_T26_AMB_BH01_004,T26,AMBIGUOUS_DRILLING_RESULT,SIM_T26_AMB_BH01,44.13,74.4,drill core (simulated),0.19,7.57,58.4,SIMULATED_ASSAY,SIMULATED
SIM_T26_AMB_BH02_005,T26,AMBIGUOUS_DRILLING_RESULT,SIM_T26_AMB_BH02,0.0,2.95,drill core (simulated),0.28,3.75,66.94,SIMULATED_ASSAY,SIMULATED
SIM_T26_AMB_BH02_006,T26,AMBIGUOUS_DRILLING_RESULT,SIM_T26_AMB_BH02,2.95,29.92,drill core (simulated),0.43,2.55,57.62,SIMULATED_ASSAY,SIMULATED
SIM_T26_AMB_BH02_007,T26,AMBIGUOUS_DRILLING_RESULT,SIM_T26_AMB_BH02,29.92,30.44,drill core (simulated),23.5,7.54,25.76,SIMULATED_ASSAY,SIMULATED
SIM_T26_AMB_BH02_008,T26,AMBIGUOUS_DRILLING_RESULT,SIM_T26_AMB_BH02,30.44,81.9,drill core (simulated),0.29,6.49,65.28,SIMULATED_ASSAY,SIMULATED
SIM_T26_AMB_BH03_009,T26,AMBIGUOUS_DRILLING_RESULT,SIM_T26_AMB_BH03,0.0,2.3,drill core (simulated),0.58,4.95,56.21,SIMULATED_ASSAY,SIMULATED
SIM_T26_AMB_BH03_010,T26,AMBIGUOUS_DRILLING_RESULT,SIM_T26_AMB_BH03,2.3,46.33,drill core (simulated),0.61,5.02,57.24,SIMULATED_ASSAY,SIMULATED
SIM_T26_AMB_BH03_011,T26,AMBIGUOUS_DRILLING_RESULT,SIM_T26_AMB_BH03,46.33,47.11,drill core (simulated),21.26,8.71,27.94,SIMULATED_ASSAY,SIMULATED
SIM_T26_AMB_BH03_012,T26,AMBIGUOUS_DRILLING_RESULT,SIM_T26_AMB_BH03,47.11,60.2,drill core (simulated),0.37,3.03,56.97,SIMULATED_ASSAY,SIMULATED
SIM_T27_SS01,T27,POSITIVE_GEOCHEMICAL_SUPPORT,,0.0,0.2,soil / rock chip (simulated),12.66,6.47,57.34,SIMULATED_SCREENING,SIMULATED
SIM_T27_SS02,T27,POSITIVE_GEOCHEMICAL_SUPPORT,,0.0,0.2,soil / rock chip (simulated),23.28,3.98,41.73,SIMULATED_SCREENING,SIMULATED
SIM_T27_SS03,T27,POSITIVE_GEOCHEMICAL_SUPPORT,,0.0,0.2,soil / rock chip (simulated),28.3,5.29,39.12,SIMULATED_SCREENING,SIMULATED
SIM_T27_SS04,T27,POSITIVE_GEOCHEMICAL_SUPPORT,,0.0,0.2,soil / rock chip (simulated),19.29,6.21,44.21,SIMULATED_SCREENING,SIMULATED
SIM_T27_SS05,T27,POSITIVE_GEOCHEMICAL_SUPPORT,,0.0,0.2,soil / rock chip (simulated),16.2,6.11,44.02,SIMULATED_SCREENING,SIMULATED
SIM_T27_SS06,T27,POSITIVE_GEOCHEMICAL_SUPPORT,,0.0,0.2,soil / rock chip (simulated),15.06,3.66,45.52,SIMULATED_SCREENING,SIMULATED
SIM_T27_SS07,T27,POSITIVE_GEOCHEMICAL_SUPPORT,,0.0,0.2,soil / rock chip (simulated),12.32,5.57,50.09,SIMULATED_SCREENING,SIMULATED
SIM_T27_SS08,T27,POSITIVE_GEOCHEMICAL_SUPPORT,,0.0,0.2,soil / rock chip (simulated),11.95,5.06,47.04,SIMULATED_SCREENING,SIMULATED
SIM_T27_POS_BH01_001,T27,POSITIVE_DRILLING_INTERSECTION,SIM_T27_POS_BH01,0.0,2.14,drill core (simulated),0.61,1.77,63.85,SIMULATED_ASSAY,SIMULATED
SIM_T27_POS_BH01_002,T27,POSITIVE_DRILLING_INTERSECTION,SIM_T27_POS_BH01,2.14,32.17,drill core (simulated),0.57,3.27,61.73,SIMULATED_ASSAY,SIMULATED
SIM_T27_POS_BH01_003,T27,POSITIVE_DRILLING_INTERSECTION,SIM_T27_POS_BH01,32.17,33.92,drill core (simulated),32.13,7.85,18.27,SIMULATED_ASSAY,SIMULATED
SIM_T27_POS_BH01_004,T27,POSITIVE_DRILLING_INTERSECTION,SIM_T27_POS_BH01,33.92,73.3,drill core (simulated),0.25,4.18,52.85,SIMULATED_ASSAY,SIMULATED
SIM_T27_POS_BH02_005,T27,POSITIVE_DRILLING_INTERSECTION,SIM_T27_POS_BH02,0.0,2.67,drill core (simulated),0.86,3.38,56.57,SIMULATED_ASSAY,SIMULATED
SIM_T27_POS_BH02_006,T27,POSITIVE_DRILLING_INTERSECTION,SIM_T27_POS_BH02,2.67,42.28,drill core (simulated),0.7,4.48,47.43,SIMULATED_ASSAY,SIMULATED
SIM_T27_POS_BH02_007,T27,POSITIVE_DRILLING_INTERSECTION,SIM_T27_POS_BH02,42.28,43.89,drill core (simulated),36.66,6.85,14.34,SIMULATED_ASSAY,SIMULATED
SIM_T27_POS_BH02_008,T27,POSITIVE_DRILLING_INTERSECTION,SIM_T27_POS_BH02,43.89,63.7,drill core (simulated),0.74,7.64,61.3,SIMULATED_ASSAY,SIMULATED
SIM_T27_POS_BH03_009,T27,POSITIVE_DRILLING_INTERSECTION,SIM_T27_POS_BH03,0.0,2.47,drill core (simulated),1.44,6.52,55.39,SIMULATED_ASSAY,SIMULATED
SIM_T27_POS_BH03_010,T27,POSITIVE_DRILLING_INTERSECTION,SIM_T27_POS_BH03,2.47,54.7,drill core (simulated),0.47,4.63,58.99,SIMULATED_ASSAY,SIMULATED
SIM_T27_POS_BH03_011,T27,POSITIVE_DRILLING_INTERSECTION,SIM_T27_POS_BH03,54.7,56.21,drill core (simulated),21.96,3.25,26.53,SIMULATED_ASSAY,SIMULATED
SIM_T27_POS_BH03_012,T27,POSITIVE_DRILLING_INTERSECTION,SIM_T27_POS_BH03,56.21,87.9,drill core (simulated),0.46,5.05,65.53,SIMULATED_ASSAY,SIMULATED
SIM_T27_NEG_BH01_001,T27,NEGATIVE_DRILLING_RESULT,SIM_T27_NEG_BH01,0.0,2.59,drill core (simulated),0.41,8.11,53.1,SIMULATED_ASSAY,SIMULATED
SIM_T27_NEG_BH01_002,T27,NEGATIVE_DRILLING_RESULT,SIM_T27_NEG_BH01,2.59,52.3,drill core (simulated),0.31,6.21,56.87,SIMULATED_ASSAY,SIMULATED
SIM_T27_NEG_BH02_003,T27,NEGATIVE_DRILLING_RESULT,SIM_T27_NEG_BH02,0.0,2.22,drill core (simulated),0.3,3.49,68.27,SIMULATED_ASSAY,SIMULATED
SIM_T27_NEG_BH02_004,T27,NEGATIVE_DRILLING_RESULT,SIM_T27_NEG_BH02,2.22,52.2,drill core (simulated),0.26,8.18,61.75,SIMULATED_ASSAY,SIMULATED
SIM_T27_NEG_BH03_005,T27,NEGATIVE_DRILLING_RESULT,SIM_T27_NEG_BH03,0.0,2.74,drill core (simulated),0.38,6.09,52.63,SIMULATED_ASSAY,SIMULATED
SIM_T27_NEG_BH03_006,T27,NEGATIVE_DRILLING_RESULT,SIM_T27_NEG_BH03,2.74,75.3,drill core (simulated),0.23,7.23,70.45,SIMULATED_ASSAY,SIMULATED
SIM_T27_AMB_BH01_001,T27,AMBIGUOUS_DRILLING_RESULT,SIM_T27_AMB_BH01,0.0,2.85,drill core (simulated),0.59,5.04,52.26,SIMULATED_ASSAY,SIMULATED
SIM_T27_AMB_BH01_002,T27,AMBIGUOUS_DRILLING_RESULT,SIM_T27_AMB_BH01,2.85,29.11,drill core (simulated),0.2,4.35,63.02,SIMULATED_ASSAY,SIMULATED
SIM_T27_AMB_BH01_003,T27,AMBIGUOUS_DRILLING_RESULT,SIM_T27_AMB_BH01,29.11,29.86,drill core (simulated),15.22,5.03,32.4,SIMULATED_ASSAY,SIMULATED
SIM_T27_AMB_BH01_004,T27,AMBIGUOUS_DRILLING_RESULT,SIM_T27_AMB_BH01,29.86,69.0,drill core (simulated),0.97,4.53,51.99,SIMULATED_ASSAY,SIMULATED
SIM_T27_AMB_BH02_005,T27,AMBIGUOUS_DRILLING_RESULT,SIM_T27_AMB_BH02,0.0,2.75,drill core (simulated),0.87,6.86,51.2,SIMULATED_ASSAY,SIMULATED
SIM_T27_AMB_BH02_006,T27,AMBIGUOUS_DRILLING_RESULT,SIM_T27_AMB_BH02,2.75,61.13,drill core (simulated),0.34,4.7,59.18,SIMULATED_ASSAY,SIMULATED
SIM_T27_AMB_BH02_007,T27,AMBIGUOUS_DRILLING_RESULT,SIM_T27_AMB_BH02,61.13,61.61,drill core (simulated),24.94,6.31,25.25,SIMULATED_ASSAY,SIMULATED
SIM_T27_AMB_BH02_008,T27,AMBIGUOUS_DRILLING_RESULT,SIM_T27_AMB_BH02,61.61,80.1,drill core (simulated),0.65,7.13,62.7,SIMULATED_ASSAY,SIMULATED
SIM_T27_AMB_BH03_009,T27,AMBIGUOUS_DRILLING_RESULT,SIM_T27_AMB_BH03,0.0,2.72,drill core (simulated),0.6,5.5,56.07,SIMULATED_ASSAY,SIMULATED
SIM_T27_AMB_BH03_010,T27,AMBIGUOUS_DRILLING_RESULT,SIM_T27_AMB_BH03,2.72,14.08,drill core (simulated),0.39,5.4,58.77,SIMULATED_ASSAY,SIMULATED
SIM_T27_AMB_BH03_011,T27,AMBIGUOUS_DRILLING_RESULT,SIM_T27_AMB_BH03,14.08,14.85,drill core (simulated),18.61,7.93,30.5,SIMULATED_ASSAY,SIMULATED
SIM_T27_AMB_BH03_012,T27,AMBIGUOUS_DRILLING_RESULT,SIM_T27_AMB_BH03,14.85,50.5,drill core (simulated),0.64,5.12,62.53,SIMULATED_ASSAY,SIMULATED
SIM_T28_SS01,T28,POSITIVE_GEOCHEMICAL_SUPPORT,,0.0,0.2,soil / rock chip (simulated),24.98,5.85,43.51,SIMULATED_SCREENING,SIMULATED
SIM_T28_SS02,T28,POSITIVE_GEOCHEMICAL_SUPPORT,,0.0,0.2,soil / rock chip (simulated),15.88,3.8,41.92,SIMULATED_SCREENING,SIMULATED
SIM_T28_SS03,T28,POSITIVE_GEOCHEMICAL_SUPPORT,,0.0,0.2,soil / rock chip (simulated),11.05,4.94,43.84,SIMULATED_SCREENING,SIMULATED
SIM_T28_SS04,T28,POSITIVE_GEOCHEMICAL_SUPPORT,,0.0,0.2,soil / rock chip (simulated),12.4,4.7,50.46,SIMULATED_SCREENING,SIMULATED
SIM_T28_SS05,T28,POSITIVE_GEOCHEMICAL_SUPPORT,,0.0,0.2,soil / rock chip (simulated),11.9,4.59,58.57,SIMULATED_SCREENING,SIMULATED
SIM_T28_SS06,T28,POSITIVE_GEOCHEMICAL_SUPPORT,,0.0,0.2,soil / rock chip (simulated),18.91,4.33,46.49,SIMULATED_SCREENING,SIMULATED
SIM_T28_SS07,T28,POSITIVE_GEOCHEMICAL_SUPPORT,,0.0,0.2,soil / rock chip (simulated),14.85,4.08,46.53,SIMULATED_SCREENING,SIMULATED
SIM_T28_SS08,T28,POSITIVE_GEOCHEMICAL_SUPPORT,,0.0,0.2,soil / rock chip (simulated),21.36,4.5,40.67,SIMULATED_SCREENING,SIMULATED
SIM_T28_POS_BH01_001,T28,POSITIVE_DRILLING_INTERSECTION,SIM_T28_POS_BH01,0.0,2.85,drill core (simulated),0.3,5.6,54.11,SIMULATED_ASSAY,SIMULATED
SIM_T28_POS_BH01_002,T28,POSITIVE_DRILLING_INTERSECTION,SIM_T28_POS_BH01,2.85,23.05,drill core (simulated),0.28,4.79,60.48,SIMULATED_ASSAY,SIMULATED
SIM_T28_POS_BH01_003,T28,POSITIVE_DRILLING_INTERSECTION,SIM_T28_POS_BH01,23.05,24.81,drill core (simulated),21.39,4.28,27.11,SIMULATED_ASSAY,SIMULATED
SIM_T28_POS_BH01_004,T28,POSITIVE_DRILLING_INTERSECTION,SIM_T28_POS_BH01,24.81,24.82,drill core (simulated),0.26,6.6,59.31,SIMULATED_ASSAY,SIMULATED
SIM_T28_POS_BH01_005,T28,POSITIVE_DRILLING_INTERSECTION,SIM_T28_POS_BH01,24.82,26.54,drill core (simulated),36.91,6.91,16.39,SIMULATED_ASSAY,SIMULATED
SIM_T28_POS_BH01_006,T28,POSITIVE_DRILLING_INTERSECTION,SIM_T28_POS_BH01,26.54,56.8,drill core (simulated),0.46,5.56,63.52,SIMULATED_ASSAY,SIMULATED
SIM_T28_POS_BH02_007,T28,POSITIVE_DRILLING_INTERSECTION,SIM_T28_POS_BH02,0.0,2.72,drill core (simulated),0.22,2.66,56.09,SIMULATED_ASSAY,SIMULATED
SIM_T28_POS_BH02_008,T28,POSITIVE_DRILLING_INTERSECTION,SIM_T28_POS_BH02,2.72,15.33,drill core (simulated),0.56,4.35,64.32,SIMULATED_ASSAY,SIMULATED
SIM_T28_POS_BH02_009,T28,POSITIVE_DRILLING_INTERSECTION,SIM_T28_POS_BH02,15.33,17.05,drill core (simulated),31.77,8.53,19.56,SIMULATED_ASSAY,SIMULATED
SIM_T28_POS_BH02_010,T28,POSITIVE_DRILLING_INTERSECTION,SIM_T28_POS_BH02,17.05,56.2,drill core (simulated),0.09,3.37,58.03,SIMULATED_ASSAY,SIMULATED
SIM_T28_POS_BH03_011,T28,POSITIVE_DRILLING_INTERSECTION,SIM_T28_POS_BH03,0.0,2.42,drill core (simulated),0.56,4.44,51.93,SIMULATED_ASSAY,SIMULATED
SIM_T28_POS_BH03_012,T28,POSITIVE_DRILLING_INTERSECTION,SIM_T28_POS_BH03,2.42,39.34,drill core (simulated),0.21,7.23,65.51,SIMULATED_ASSAY,SIMULATED
SIM_T28_POS_BH03_013,T28,POSITIVE_DRILLING_INTERSECTION,SIM_T28_POS_BH03,39.34,41.11,drill core (simulated),25.9,5.89,23.99,SIMULATED_ASSAY,SIMULATED
SIM_T28_POS_BH03_014,T28,POSITIVE_DRILLING_INTERSECTION,SIM_T28_POS_BH03,41.11,49.98,drill core (simulated),0.51,5.73,48.38,SIMULATED_ASSAY,SIMULATED
SIM_T28_POS_BH03_015,T28,POSITIVE_DRILLING_INTERSECTION,SIM_T28_POS_BH03,49.98,51.91,drill core (simulated),21.96,6.24,27.2,SIMULATED_ASSAY,SIMULATED
SIM_T28_POS_BH03_016,T28,POSITIVE_DRILLING_INTERSECTION,SIM_T28_POS_BH03,51.91,69.0,drill core (simulated),0.49,6.27,55.81,SIMULATED_ASSAY,SIMULATED
SIM_T28_NEG_BH01_001,T28,NEGATIVE_DRILLING_RESULT,SIM_T28_NEG_BH01,0.0,2.24,drill core (simulated),0.35,6.9,51.95,SIMULATED_ASSAY,SIMULATED
SIM_T28_NEG_BH01_002,T28,NEGATIVE_DRILLING_RESULT,SIM_T28_NEG_BH01,2.24,70.7,drill core (simulated),0.62,5.33,61.85,SIMULATED_ASSAY,SIMULATED
SIM_T28_NEG_BH02_003,T28,NEGATIVE_DRILLING_RESULT,SIM_T28_NEG_BH02,0.0,2.52,drill core (simulated),0.23,7.53,58.38,SIMULATED_ASSAY,SIMULATED
SIM_T28_NEG_BH02_004,T28,NEGATIVE_DRILLING_RESULT,SIM_T28_NEG_BH02,2.52,98.9,drill core (simulated),0.54,6.66,57.81,SIMULATED_ASSAY,SIMULATED
SIM_T28_NEG_BH03_005,T28,NEGATIVE_DRILLING_RESULT,SIM_T28_NEG_BH03,0.0,2.85,drill core (simulated),0.51,4.02,54.79,SIMULATED_ASSAY,SIMULATED
SIM_T28_NEG_BH03_006,T28,NEGATIVE_DRILLING_RESULT,SIM_T28_NEG_BH03,2.85,87.9,drill core (simulated),0.47,3.0,55.28,SIMULATED_ASSAY,SIMULATED
SIM_T28_AMB_BH01_001,T28,AMBIGUOUS_DRILLING_RESULT,SIM_T28_AMB_BH01,0.0,2.95,drill core (simulated),0.27,2.51,52.21,SIMULATED_ASSAY,SIMULATED
SIM_T28_AMB_BH01_002,T28,AMBIGUOUS_DRILLING_RESULT,SIM_T28_AMB_BH01,2.95,31.31,drill core (simulated),0.59,3.36,52.98,SIMULATED_ASSAY,SIMULATED
SIM_T28_AMB_BH01_003,T28,AMBIGUOUS_DRILLING_RESULT,SIM_T28_AMB_BH01,31.31,31.86,drill core (simulated),19.9,5.4,29.71,SIMULATED_ASSAY,SIMULATED
SIM_T28_AMB_BH01_004,T28,AMBIGUOUS_DRILLING_RESULT,SIM_T28_AMB_BH01,31.86,76.3,drill core (simulated),0.37,7.95,47.14,SIMULATED_ASSAY,SIMULATED
SIM_T28_AMB_BH02_005,T28,AMBIGUOUS_DRILLING_RESULT,SIM_T28_AMB_BH02,0.0,2.26,drill core (simulated),0.21,4.04,69.96,SIMULATED_ASSAY,SIMULATED
SIM_T28_AMB_BH02_006,T28,AMBIGUOUS_DRILLING_RESULT,SIM_T28_AMB_BH02,2.26,68.19,drill core (simulated),0.37,7.66,61.29,SIMULATED_ASSAY,SIMULATED
SIM_T28_AMB_BH02_007,T28,AMBIGUOUS_DRILLING_RESULT,SIM_T28_AMB_BH02,68.19,68.99,drill core (simulated),18.99,3.92,29.08,SIMULATED_ASSAY,SIMULATED
SIM_T28_AMB_BH02_008,T28,AMBIGUOUS_DRILLING_RESULT,SIM_T28_AMB_BH02,68.99,80.9,drill core (simulated),0.33,6.23,47.67,SIMULATED_ASSAY,SIMULATED
SIM_T28_AMB_BH03_009,T28,AMBIGUOUS_DRILLING_RESULT,SIM_T28_AMB_BH03,0.0,2.11,drill core (simulated),0.31,3.82,63.7,SIMULATED_ASSAY,SIMULATED
SIM_T28_AMB_BH03_010,T28,AMBIGUOUS_DRILLING_RESULT,SIM_T28_AMB_BH03,2.11,32.62,drill core (simulated),0.91,3.48,67.69,SIMULATED_ASSAY,SIMULATED
SIM_T28_AMB_BH03_011,T28,AMBIGUOUS_DRILLING_RESULT,SIM_T28_AMB_BH03,32.62,33.22,drill core (simulated),16.75,5.48,31.4,SIMULATED_ASSAY,SIMULATED
SIM_T28_AMB_BH03_012,T28,AMBIGUOUS_DRILLING_RESULT,SIM_T28_AMB_BH03,33.22,60.8,drill core (simulated),0.62,4.39,65.14,SIMULATED_ASSAY,SIMULATED
SIM_T29_SS01,T29,POSITIVE_GEOCHEMICAL_SUPPORT,,0.0,0.2,soil / rock chip (simulated),12.87,5.3,43.34,SIMULATED_SCREENING,SIMULATED
SIM_T29_SS02,T29,POSITIVE_GEOCHEMICAL_SUPPORT,,0.0,0.2,soil / rock chip (simulated),14.76,6.82,54.16,SIMULATED_SCREENING,SIMULATED
SIM_T29_SS03,T29,POSITIVE_GEOCHEMICAL_SUPPORT,,0.0,0.2,soil / rock chip (simulated),12.22,3.32,53.28,SIMULATED_SCREENING,SIMULATED
SIM_T29_SS04,T29,POSITIVE_GEOCHEMICAL_SUPPORT,,0.0,0.2,soil / rock chip (simulated),6.67,6.33,54.48,SIMULATED_SCREENING,SIMULATED
SIM_T29_SS05,T29,POSITIVE_GEOCHEMICAL_SUPPORT,,0.0,0.2,soil / rock chip (simulated),28.47,2.93,43.74,SIMULATED_SCREENING,SIMULATED
SIM_T29_SS06,T29,POSITIVE_GEOCHEMICAL_SUPPORT,,0.0,0.2,soil / rock chip (simulated),14.48,4.6,44.38,SIMULATED_SCREENING,SIMULATED
SIM_T29_SS07,T29,POSITIVE_GEOCHEMICAL_SUPPORT,,0.0,0.2,soil / rock chip (simulated),18.48,5.81,54.21,SIMULATED_SCREENING,SIMULATED
SIM_T29_SS08,T29,POSITIVE_GEOCHEMICAL_SUPPORT,,0.0,0.2,soil / rock chip (simulated),21.35,4.29,41.04,SIMULATED_SCREENING,SIMULATED
SIM_T29_POS_BH01_001,T29,POSITIVE_DRILLING_INTERSECTION,SIM_T29_POS_BH01,0.0,2.67,drill core (simulated),0.54,4.32,60.93,SIMULATED_ASSAY,SIMULATED
SIM_T29_POS_BH01_002,T29,POSITIVE_DRILLING_INTERSECTION,SIM_T29_POS_BH01,2.67,37.05,drill core (simulated),0.23,6.33,67.28,SIMULATED_ASSAY,SIMULATED
SIM_T29_POS_BH01_003,T29,POSITIVE_DRILLING_INTERSECTION,SIM_T29_POS_BH01,37.05,38.81,drill core (simulated),29.79,8.07,20.95,SIMULATED_ASSAY,SIMULATED
SIM_T29_POS_BH01_004,T29,POSITIVE_DRILLING_INTERSECTION,SIM_T29_POS_BH01,38.81,57.16,drill core (simulated),0.33,4.93,69.23,SIMULATED_ASSAY,SIMULATED
SIM_T29_POS_BH01_005,T29,POSITIVE_DRILLING_INTERSECTION,SIM_T29_POS_BH01,57.16,58.82,drill core (simulated),39.13,6.78,12.33,SIMULATED_ASSAY,SIMULATED
SIM_T29_POS_BH01_006,T29,POSITIVE_DRILLING_INTERSECTION,SIM_T29_POS_BH01,58.82,80.1,drill core (simulated),1.13,3.25,56.42,SIMULATED_ASSAY,SIMULATED
SIM_T29_POS_BH02_007,T29,POSITIVE_DRILLING_INTERSECTION,SIM_T29_POS_BH02,0.0,2.89,drill core (simulated),0.32,4.03,47.43,SIMULATED_ASSAY,SIMULATED
SIM_T29_POS_BH02_008,T29,POSITIVE_DRILLING_INTERSECTION,SIM_T29_POS_BH02,2.89,56.93,drill core (simulated),0.19,4.44,62.47,SIMULATED_ASSAY,SIMULATED
SIM_T29_POS_BH02_009,T29,POSITIVE_DRILLING_INTERSECTION,SIM_T29_POS_BH02,56.93,58.67,drill core (simulated),33.05,6.1,17.98,SIMULATED_ASSAY,SIMULATED
SIM_T29_POS_BH02_010,T29,POSITIVE_DRILLING_INTERSECTION,SIM_T29_POS_BH02,58.67,85.8,drill core (simulated),1.03,2.65,60.31,SIMULATED_ASSAY,SIMULATED
SIM_T29_POS_BH03_011,T29,POSITIVE_DRILLING_INTERSECTION,SIM_T29_POS_BH03,0.0,2.56,drill core (simulated),0.33,5.07,55.23,SIMULATED_ASSAY,SIMULATED
SIM_T29_POS_BH03_012,T29,POSITIVE_DRILLING_INTERSECTION,SIM_T29_POS_BH03,2.56,81.27,drill core (simulated),0.24,4.19,58.27,SIMULATED_ASSAY,SIMULATED
SIM_T29_POS_BH03_013,T29,POSITIVE_DRILLING_INTERSECTION,SIM_T29_POS_BH03,81.27,83.25,drill core (simulated),31.85,5.08,19.62,SIMULATED_ASSAY,SIMULATED
SIM_T29_POS_BH03_014,T29,POSITIVE_DRILLING_INTERSECTION,SIM_T29_POS_BH03,83.25,97.6,drill core (simulated),0.36,6.59,72.07,SIMULATED_ASSAY,SIMULATED
SIM_T29_NEG_BH01_001,T29,NEGATIVE_DRILLING_RESULT,SIM_T29_NEG_BH01,0.0,2.9,drill core (simulated),0.23,5.52,58.09,SIMULATED_ASSAY,SIMULATED
SIM_T29_NEG_BH01_002,T29,NEGATIVE_DRILLING_RESULT,SIM_T29_NEG_BH01,2.9,87.2,drill core (simulated),0.32,7.66,57.38,SIMULATED_ASSAY,SIMULATED
SIM_T29_NEG_BH02_003,T29,NEGATIVE_DRILLING_RESULT,SIM_T29_NEG_BH02,0.0,2.38,drill core (simulated),0.09,7.83,65.38,SIMULATED_ASSAY,SIMULATED
SIM_T29_NEG_BH02_004,T29,NEGATIVE_DRILLING_RESULT,SIM_T29_NEG_BH02,2.38,98.4,drill core (simulated),0.38,5.02,55.48,SIMULATED_ASSAY,SIMULATED
SIM_T29_NEG_BH03_005,T29,NEGATIVE_DRILLING_RESULT,SIM_T29_NEG_BH03,0.0,2.12,drill core (simulated),0.41,4.12,60.89,SIMULATED_ASSAY,SIMULATED
SIM_T29_NEG_BH03_006,T29,NEGATIVE_DRILLING_RESULT,SIM_T29_NEG_BH03,2.12,60.5,drill core (simulated),0.41,4.84,64.52,SIMULATED_ASSAY,SIMULATED
SIM_T29_AMB_BH01_001,T29,AMBIGUOUS_DRILLING_RESULT,SIM_T29_AMB_BH01,0.0,2.22,drill core (simulated),0.33,4.81,58.97,SIMULATED_ASSAY,SIMULATED
SIM_T29_AMB_BH01_002,T29,AMBIGUOUS_DRILLING_RESULT,SIM_T29_AMB_BH01,2.22,74.78,drill core (simulated),0.24,3.42,63.96,SIMULATED_ASSAY,SIMULATED
SIM_T29_AMB_BH01_003,T29,AMBIGUOUS_DRILLING_RESULT,SIM_T29_AMB_BH01,74.78,75.37,drill core (simulated),14.5,7.41,32.9,SIMULATED_ASSAY,SIMULATED
SIM_T29_AMB_BH01_004,T29,AMBIGUOUS_DRILLING_RESULT,SIM_T29_AMB_BH01,75.37,99.0,drill core (simulated),0.37,3.19,58.55,SIMULATED_ASSAY,SIMULATED
SIM_T29_AMB_BH02_005,T29,AMBIGUOUS_DRILLING_RESULT,SIM_T29_AMB_BH02,0.0,2.99,drill core (simulated),1.31,6.03,54.44,SIMULATED_ASSAY,SIMULATED
SIM_T29_AMB_BH02_006,T29,AMBIGUOUS_DRILLING_RESULT,SIM_T29_AMB_BH02,2.99,20.27,drill core (simulated),1.11,4.64,52.95,SIMULATED_ASSAY,SIMULATED
SIM_T29_AMB_BH02_007,T29,AMBIGUOUS_DRILLING_RESULT,SIM_T29_AMB_BH02,20.27,21.04,drill core (simulated),14.77,4.04,33.07,SIMULATED_ASSAY,SIMULATED
SIM_T29_AMB_BH02_008,T29,AMBIGUOUS_DRILLING_RESULT,SIM_T29_AMB_BH02,21.04,61.4,drill core (simulated),0.77,6.57,56.8,SIMULATED_ASSAY,SIMULATED
SIM_T29_AMB_BH03_009,T29,AMBIGUOUS_DRILLING_RESULT,SIM_T29_AMB_BH03,0.0,2.06,drill core (simulated),0.81,4.18,53.65,SIMULATED_ASSAY,SIMULATED
SIM_T29_AMB_BH03_010,T29,AMBIGUOUS_DRILLING_RESULT,SIM_T29_AMB_BH03,2.06,31.62,drill core (simulated),0.36,1.97,53.02,SIMULATED_ASSAY,SIMULATED
SIM_T29_AMB_BH03_011,T29,AMBIGUOUS_DRILLING_RESULT,SIM_T29_AMB_BH03,31.62,32.39,drill core (simulated),14.35,6.2,33.64,SIMULATED_ASSAY,SIMULATED
SIM_T29_AMB_BH03_012,T29,AMBIGUOUS_DRILLING_RESULT,SIM_T29_AMB_BH03,32.39,78.6,drill core (simulated),0.77,7.07,62.56,SIMULATED_ASSAY,SIMULATED
SIM_T30_SS01,T30,POSITIVE_GEOCHEMICAL_SUPPORT,,0.0,0.2,soil / rock chip (simulated),19.21,4.75,46.39,SIMULATED_SCREENING,SIMULATED
SIM_T30_SS02,T30,POSITIVE_GEOCHEMICAL_SUPPORT,,0.0,0.2,soil / rock chip (simulated),13.33,5.75,47.79,SIMULATED_SCREENING,SIMULATED
SIM_T30_SS03,T30,POSITIVE_GEOCHEMICAL_SUPPORT,,0.0,0.2,soil / rock chip (simulated),14.03,2.17,57.07,SIMULATED_SCREENING,SIMULATED
SIM_T30_SS04,T30,POSITIVE_GEOCHEMICAL_SUPPORT,,0.0,0.2,soil / rock chip (simulated),13.89,5.55,56.11,SIMULATED_SCREENING,SIMULATED
SIM_T30_SS05,T30,POSITIVE_GEOCHEMICAL_SUPPORT,,0.0,0.2,soil / rock chip (simulated),16.66,6.73,43.37,SIMULATED_SCREENING,SIMULATED
SIM_T30_SS06,T30,POSITIVE_GEOCHEMICAL_SUPPORT,,0.0,0.2,soil / rock chip (simulated),34.71,6.3,36.54,SIMULATED_SCREENING,SIMULATED
SIM_T30_SS07,T30,POSITIVE_GEOCHEMICAL_SUPPORT,,0.0,0.2,soil / rock chip (simulated),24.7,3.6,41.56,SIMULATED_SCREENING,SIMULATED
SIM_T30_SS08,T30,POSITIVE_GEOCHEMICAL_SUPPORT,,0.0,0.2,soil / rock chip (simulated),24.87,2.76,44.83,SIMULATED_SCREENING,SIMULATED
SIM_T30_POS_BH01_001,T30,POSITIVE_DRILLING_INTERSECTION,SIM_T30_POS_BH01,0.0,2.86,drill core (simulated),0.57,4.21,50.72,SIMULATED_ASSAY,SIMULATED
SIM_T30_POS_BH01_002,T30,POSITIVE_DRILLING_INTERSECTION,SIM_T30_POS_BH01,2.86,49.2,drill core (simulated),0.47,6.04,58.21,SIMULATED_ASSAY,SIMULATED
SIM_T30_POS_BH01_003,T30,POSITIVE_DRILLING_INTERSECTION,SIM_T30_POS_BH01,49.2,51.1,drill core (simulated),37.06,4.43,15.07,SIMULATED_ASSAY,SIMULATED
SIM_T30_POS_BH01_004,T30,POSITIVE_DRILLING_INTERSECTION,SIM_T30_POS_BH01,51.1,87.2,drill core (simulated),0.42,3.66,49.24,SIMULATED_ASSAY,SIMULATED
SIM_T30_POS_BH02_005,T30,POSITIVE_DRILLING_INTERSECTION,SIM_T30_POS_BH02,0.0,2.44,drill core (simulated),0.42,5.73,66.87,SIMULATED_ASSAY,SIMULATED
SIM_T30_POS_BH02_006,T30,POSITIVE_DRILLING_INTERSECTION,SIM_T30_POS_BH02,2.44,18.4,drill core (simulated),0.27,6.82,58.74,SIMULATED_ASSAY,SIMULATED
SIM_T30_POS_BH02_007,T30,POSITIVE_DRILLING_INTERSECTION,SIM_T30_POS_BH02,18.4,20.23,drill core (simulated),29.67,6.06,21.8,SIMULATED_ASSAY,SIMULATED
SIM_T30_POS_BH02_008,T30,POSITIVE_DRILLING_INTERSECTION,SIM_T30_POS_BH02,20.23,25.26,drill core (simulated),0.88,4.61,59.18,SIMULATED_ASSAY,SIMULATED
SIM_T30_POS_BH02_009,T30,POSITIVE_DRILLING_INTERSECTION,SIM_T30_POS_BH02,25.26,27.02,drill core (simulated),34.35,8.52,17.37,SIMULATED_ASSAY,SIMULATED
SIM_T30_POS_BH02_010,T30,POSITIVE_DRILLING_INTERSECTION,SIM_T30_POS_BH02,27.02,62.9,drill core (simulated),0.41,3.18,55.24,SIMULATED_ASSAY,SIMULATED
SIM_T30_POS_BH03_011,T30,POSITIVE_DRILLING_INTERSECTION,SIM_T30_POS_BH03,0.0,2.69,drill core (simulated),0.67,5.78,68.57,SIMULATED_ASSAY,SIMULATED
SIM_T30_POS_BH03_012,T30,POSITIVE_DRILLING_INTERSECTION,SIM_T30_POS_BH03,2.69,15.11,drill core (simulated),1.1,8.92,47.17,SIMULATED_ASSAY,SIMULATED
SIM_T30_POS_BH03_013,T30,POSITIVE_DRILLING_INTERSECTION,SIM_T30_POS_BH03,15.11,16.66,drill core (simulated),30.44,6.04,21.7,SIMULATED_ASSAY,SIMULATED
SIM_T30_POS_BH03_014,T30,POSITIVE_DRILLING_INTERSECTION,SIM_T30_POS_BH03,16.66,33.7,drill core (simulated),0.67,4.62,61.75,SIMULATED_ASSAY,SIMULATED
SIM_T30_POS_BH03_015,T30,POSITIVE_DRILLING_INTERSECTION,SIM_T30_POS_BH03,33.7,35.21,drill core (simulated),40.42,7.4,13.08,SIMULATED_ASSAY,SIMULATED
SIM_T30_POS_BH03_016,T30,POSITIVE_DRILLING_INTERSECTION,SIM_T30_POS_BH03,35.21,53.4,drill core (simulated),0.14,5.34,60.46,SIMULATED_ASSAY,SIMULATED
SIM_T30_NEG_BH01_001,T30,NEGATIVE_DRILLING_RESULT,SIM_T30_NEG_BH01,0.0,2.61,drill core (simulated),0.76,6.31,57.19,SIMULATED_ASSAY,SIMULATED
SIM_T30_NEG_BH01_002,T30,NEGATIVE_DRILLING_RESULT,SIM_T30_NEG_BH01,2.61,92.7,drill core (simulated),0.62,4.05,53.84,SIMULATED_ASSAY,SIMULATED
SIM_T30_NEG_BH02_003,T30,NEGATIVE_DRILLING_RESULT,SIM_T30_NEG_BH02,0.0,2.91,drill core (simulated),0.71,4.74,57.73,SIMULATED_ASSAY,SIMULATED
SIM_T30_NEG_BH02_004,T30,NEGATIVE_DRILLING_RESULT,SIM_T30_NEG_BH02,2.91,81.4,drill core (simulated),0.5,5.85,50.02,SIMULATED_ASSAY,SIMULATED
SIM_T30_NEG_BH03_005,T30,NEGATIVE_DRILLING_RESULT,SIM_T30_NEG_BH03,0.0,2.13,drill core (simulated),0.25,5.28,65.0,SIMULATED_ASSAY,SIMULATED
SIM_T30_NEG_BH03_006,T30,NEGATIVE_DRILLING_RESULT,SIM_T30_NEG_BH03,2.13,57.9,drill core (simulated),0.19,3.28,59.17,SIMULATED_ASSAY,SIMULATED
SIM_T30_AMB_BH01_001,T30,AMBIGUOUS_DRILLING_RESULT,SIM_T30_AMB_BH01,0.0,2.46,drill core (simulated),0.41,4.37,56.86,SIMULATED_ASSAY,SIMULATED
SIM_T30_AMB_BH01_002,T30,AMBIGUOUS_DRILLING_RESULT,SIM_T30_AMB_BH01,2.46,39.67,drill core (simulated),0.36,4.16,53.38,SIMULATED_ASSAY,SIMULATED
SIM_T30_AMB_BH01_003,T30,AMBIGUOUS_DRILLING_RESULT,SIM_T30_AMB_BH01,39.67,40.34,drill core (simulated),30.38,3.93,21.0,SIMULATED_ASSAY,SIMULATED
SIM_T30_AMB_BH01_004,T30,AMBIGUOUS_DRILLING_RESULT,SIM_T30_AMB_BH01,40.34,82.2,drill core (simulated),0.59,4.68,63.45,SIMULATED_ASSAY,SIMULATED
SIM_T30_AMB_BH02_005,T30,AMBIGUOUS_DRILLING_RESULT,SIM_T30_AMB_BH02,0.0,2.35,drill core (simulated),0.45,3.12,58.82,SIMULATED_ASSAY,SIMULATED
SIM_T30_AMB_BH02_006,T30,AMBIGUOUS_DRILLING_RESULT,SIM_T30_AMB_BH02,2.35,67.14,drill core (simulated),0.38,5.51,55.5,SIMULATED_ASSAY,SIMULATED
SIM_T30_AMB_BH02_007,T30,AMBIGUOUS_DRILLING_RESULT,SIM_T30_AMB_BH02,67.14,67.81,drill core (simulated),17.5,6.99,31.31,SIMULATED_ASSAY,SIMULATED
SIM_T30_AMB_BH02_008,T30,AMBIGUOUS_DRILLING_RESULT,SIM_T30_AMB_BH02,67.81,86.5,drill core (simulated),0.42,4.79,68.74,SIMULATED_ASSAY,SIMULATED
SIM_T30_AMB_BH03_009,T30,AMBIGUOUS_DRILLING_RESULT,SIM_T30_AMB_BH03,0.0,2.16,drill core (simulated),0.47,5.31,59.51,SIMULATED_ASSAY,SIMULATED
SIM_T30_AMB_BH03_010,T30,AMBIGUOUS_DRILLING_RESULT,SIM_T30_AMB_BH03,2.16,34.22,drill core (simulated),0.53,3.64,62.26,SIMULATED_ASSAY,SIMULATED
SIM_T30_AMB_BH03_011,T30,AMBIGUOUS_DRILLING_RESULT,SIM_T30_AMB_BH03,34.22,34.67,drill core (simulated),13.91,4.39,33.69,SIMULATED_ASSAY,SIMULATED
SIM_T30_AMB_BH03_012,T30,AMBIGUOUS_DRILLING_RESULT,SIM_T30_AMB_BH03,34.67,51.8,drill core (simulated),0.65,6.88,53.81,SIMULATED_ASSAY,SIMULATED
SIM_T31_SS01,T31,POSITIVE_GEOCHEMICAL_SUPPORT,,0.0,0.2,soil / rock chip (simulated),20.17,5.89,48.03,SIMULATED_SCREENING,SIMULATED
SIM_T31_SS02,T31,POSITIVE_GEOCHEMICAL_SUPPORT,,0.0,0.2,soil / rock chip (simulated),15.39,4.37,45.97,SIMULATED_SCREENING,SIMULATED
SIM_T31_SS03,T31,POSITIVE_GEOCHEMICAL_SUPPORT,,0.0,0.2,soil / rock chip (simulated),23.56,5.92,40.74,SIMULATED_SCREENING,SIMULATED
SIM_T31_SS04,T31,POSITIVE_GEOCHEMICAL_SUPPORT,,0.0,0.2,soil / rock chip (simulated),15.21,4.64,44.84,SIMULATED_SCREENING,SIMULATED
SIM_T31_SS05,T31,POSITIVE_GEOCHEMICAL_SUPPORT,,0.0,0.2,soil / rock chip (simulated),15.96,4.5,45.02,SIMULATED_SCREENING,SIMULATED
SIM_T31_SS06,T31,POSITIVE_GEOCHEMICAL_SUPPORT,,0.0,0.2,soil / rock chip (simulated),8.94,3.12,52.26,SIMULATED_SCREENING,SIMULATED
SIM_T31_SS07,T31,POSITIVE_GEOCHEMICAL_SUPPORT,,0.0,0.2,soil / rock chip (simulated),14.56,3.95,52.41,SIMULATED_SCREENING,SIMULATED
SIM_T31_SS08,T31,POSITIVE_GEOCHEMICAL_SUPPORT,,0.0,0.2,soil / rock chip (simulated),14.66,5.69,49.01,SIMULATED_SCREENING,SIMULATED
SIM_T31_POS_BH01_001,T31,POSITIVE_DRILLING_INTERSECTION,SIM_T31_POS_BH01,0.0,2.96,drill core (simulated),0.5,5.06,68.0,SIMULATED_ASSAY,SIMULATED
SIM_T31_POS_BH01_002,T31,POSITIVE_DRILLING_INTERSECTION,SIM_T31_POS_BH01,2.96,13.3,drill core (simulated),0.99,3.59,64.59,SIMULATED_ASSAY,SIMULATED
SIM_T31_POS_BH01_003,T31,POSITIVE_DRILLING_INTERSECTION,SIM_T31_POS_BH01,13.3,15.1,drill core (simulated),34.49,4.32,15.32,SIMULATED_ASSAY,SIMULATED
SIM_T31_POS_BH01_004,T31,POSITIVE_DRILLING_INTERSECTION,SIM_T31_POS_BH01,15.1,50.7,drill core (simulated),0.49,6.36,60.56,SIMULATED_ASSAY,SIMULATED
SIM_T31_POS_BH02_005,T31,POSITIVE_DRILLING_INTERSECTION,SIM_T31_POS_BH02,0.0,2.65,drill core (simulated),0.75,5.83,55.48,SIMULATED_ASSAY,SIMULATED
SIM_T31_POS_BH02_006,T31,POSITIVE_DRILLING_INTERSECTION,SIM_T31_POS_BH02,2.65,29.92,drill core (simulated),0.49,7.79,61.7,SIMULATED_ASSAY,SIMULATED
SIM_T31_POS_BH02_007,T31,POSITIVE_DRILLING_INTERSECTION,SIM_T31_POS_BH02,29.92,31.88,drill core (simulated),34.94,7.01,17.51,SIMULATED_ASSAY,SIMULATED
SIM_T31_POS_BH02_008,T31,POSITIVE_DRILLING_INTERSECTION,SIM_T31_POS_BH02,31.88,38.27,drill core (simulated),0.2,4.12,51.9,SIMULATED_ASSAY,SIMULATED
SIM_T31_POS_BH02_009,T31,POSITIVE_DRILLING_INTERSECTION,SIM_T31_POS_BH02,38.27,40.21,drill core (simulated),42.48,4.89,10.75,SIMULATED_ASSAY,SIMULATED
SIM_T31_POS_BH02_010,T31,POSITIVE_DRILLING_INTERSECTION,SIM_T31_POS_BH02,40.21,91.6,drill core (simulated),0.69,6.87,55.32,SIMULATED_ASSAY,SIMULATED
SIM_T31_POS_BH03_011,T31,POSITIVE_DRILLING_INTERSECTION,SIM_T31_POS_BH03,0.0,2.18,drill core (simulated),0.47,4.66,59.62,SIMULATED_ASSAY,SIMULATED
SIM_T31_POS_BH03_012,T31,POSITIVE_DRILLING_INTERSECTION,SIM_T31_POS_BH03,2.18,29.79,drill core (simulated),0.35,5.25,58.43,SIMULATED_ASSAY,SIMULATED
SIM_T31_POS_BH03_013,T31,POSITIVE_DRILLING_INTERSECTION,SIM_T31_POS_BH03,29.79,31.48,drill core (simulated),28.52,5.82,21.8,SIMULATED_ASSAY,SIMULATED
SIM_T31_POS_BH03_014,T31,POSITIVE_DRILLING_INTERSECTION,SIM_T31_POS_BH03,31.48,60.6,drill core (simulated),0.39,2.28,59.94,SIMULATED_ASSAY,SIMULATED
SIM_T31_NEG_BH01_001,T31,NEGATIVE_DRILLING_RESULT,SIM_T31_NEG_BH01,0.0,2.74,drill core (simulated),0.38,3.59,56.98,SIMULATED_ASSAY,SIMULATED
SIM_T31_NEG_BH01_002,T31,NEGATIVE_DRILLING_RESULT,SIM_T31_NEG_BH01,2.74,94.9,drill core (simulated),0.32,7.2,51.23,SIMULATED_ASSAY,SIMULATED
SIM_T31_NEG_BH02_003,T31,NEGATIVE_DRILLING_RESULT,SIM_T31_NEG_BH02,0.0,2.6,drill core (simulated),0.44,7.96,55.81,SIMULATED_ASSAY,SIMULATED
SIM_T31_NEG_BH02_004,T31,NEGATIVE_DRILLING_RESULT,SIM_T31_NEG_BH02,2.6,79.2,drill core (simulated),0.38,3.47,68.18,SIMULATED_ASSAY,SIMULATED
SIM_T31_NEG_BH03_005,T31,NEGATIVE_DRILLING_RESULT,SIM_T31_NEG_BH03,0.0,2.23,drill core (simulated),0.16,5.8,55.91,SIMULATED_ASSAY,SIMULATED
SIM_T31_NEG_BH03_006,T31,NEGATIVE_DRILLING_RESULT,SIM_T31_NEG_BH03,2.23,59.5,drill core (simulated),0.57,1.81,57.37,SIMULATED_ASSAY,SIMULATED
SIM_T31_AMB_BH01_001,T31,AMBIGUOUS_DRILLING_RESULT,SIM_T31_AMB_BH01,0.0,2.65,drill core (simulated),0.41,7.02,60.78,SIMULATED_ASSAY,SIMULATED
SIM_T31_AMB_BH01_002,T31,AMBIGUOUS_DRILLING_RESULT,SIM_T31_AMB_BH01,2.65,15.18,drill core (simulated),0.56,2.93,61.64,SIMULATED_ASSAY,SIMULATED
SIM_T31_AMB_BH01_003,T31,AMBIGUOUS_DRILLING_RESULT,SIM_T31_AMB_BH01,15.18,15.49,drill core (simulated),12.54,4.91,34.9,SIMULATED_ASSAY,SIMULATED
SIM_T31_AMB_BH01_004,T31,AMBIGUOUS_DRILLING_RESULT,SIM_T31_AMB_BH01,15.49,69.2,drill core (simulated),0.22,4.62,49.92,SIMULATED_ASSAY,SIMULATED
SIM_T31_AMB_BH02_005,T31,AMBIGUOUS_DRILLING_RESULT,SIM_T31_AMB_BH02,0.0,2.63,drill core (simulated),0.37,2.99,60.29,SIMULATED_ASSAY,SIMULATED
SIM_T31_AMB_BH02_006,T31,AMBIGUOUS_DRILLING_RESULT,SIM_T31_AMB_BH02,2.63,22.37,drill core (simulated),0.41,3.85,63.45,SIMULATED_ASSAY,SIMULATED
SIM_T31_AMB_BH02_007,T31,AMBIGUOUS_DRILLING_RESULT,SIM_T31_AMB_BH02,22.37,23.12,drill core (simulated),17.18,8.32,31.33,SIMULATED_ASSAY,SIMULATED
SIM_T31_AMB_BH02_008,T31,AMBIGUOUS_DRILLING_RESULT,SIM_T31_AMB_BH02,23.12,51.8,drill core (simulated),0.19,4.59,74.83,SIMULATED_ASSAY,SIMULATED
SIM_T31_AMB_BH03_009,T31,AMBIGUOUS_DRILLING_RESULT,SIM_T31_AMB_BH03,0.0,2.62,drill core (simulated),0.35,3.1,56.24,SIMULATED_ASSAY,SIMULATED
SIM_T31_AMB_BH03_010,T31,AMBIGUOUS_DRILLING_RESULT,SIM_T31_AMB_BH03,2.62,52.77,drill core (simulated),0.44,5.3,61.3,SIMULATED_ASSAY,SIMULATED
SIM_T31_AMB_BH03_011,T31,AMBIGUOUS_DRILLING_RESULT,SIM_T31_AMB_BH03,52.77,53.76,drill core (simulated),17.25,6.74,30.57,SIMULATED_ASSAY,SIMULATED
SIM_T31_AMB_BH03_012,T31,AMBIGUOUS_DRILLING_RESULT,SIM_T31_AMB_BH03,53.76,90.6,drill core (simulated),0.34,3.92,64.29,SIMULATED_ASSAY,SIMULATED
SIM_T32_SS01,T32,POSITIVE_GEOCHEMICAL_SUPPORT,,0.0,0.2,soil / rock chip (simulated),6.98,6.29,55.56,SIMULATED_SCREENING,SIMULATED
SIM_T32_SS02,T32,POSITIVE_GEOCHEMICAL_SUPPORT,,0.0,0.2,soil / rock chip (simulated),11.56,6.41,48.46,SIMULATED_SCREENING,SIMULATED
SIM_T32_SS03,T32,POSITIVE_GEOCHEMICAL_SUPPORT,,0.0,0.2,soil / rock chip (simulated),12.93,5.63,46.49,SIMULATED_SCREENING,SIMULATED
SIM_T32_SS04,T32,POSITIVE_GEOCHEMICAL_SUPPORT,,0.0,0.2,soil / rock chip (simulated),14.44,6.31,50.74,SIMULATED_SCREENING,SIMULATED
SIM_T32_SS05,T32,POSITIVE_GEOCHEMICAL_SUPPORT,,0.0,0.2,soil / rock chip (simulated),23.21,6.36,43.78,SIMULATED_SCREENING,SIMULATED
SIM_T32_SS06,T32,POSITIVE_GEOCHEMICAL_SUPPORT,,0.0,0.2,soil / rock chip (simulated),6.62,3.67,58.42,SIMULATED_SCREENING,SIMULATED
SIM_T32_SS07,T32,POSITIVE_GEOCHEMICAL_SUPPORT,,0.0,0.2,soil / rock chip (simulated),8.72,4.61,55.25,SIMULATED_SCREENING,SIMULATED
SIM_T32_SS08,T32,POSITIVE_GEOCHEMICAL_SUPPORT,,0.0,0.2,soil / rock chip (simulated),25.09,4.31,39.86,SIMULATED_SCREENING,SIMULATED
SIM_T32_POS_BH01_001,T32,POSITIVE_DRILLING_INTERSECTION,SIM_T32_POS_BH01,0.0,2.39,drill core (simulated),0.6,4.05,60.26,SIMULATED_ASSAY,SIMULATED
SIM_T32_POS_BH01_002,T32,POSITIVE_DRILLING_INTERSECTION,SIM_T32_POS_BH01,2.39,17.63,drill core (simulated),0.3,3.47,61.81,SIMULATED_ASSAY,SIMULATED
SIM_T32_POS_BH01_003,T32,POSITIVE_DRILLING_INTERSECTION,SIM_T32_POS_BH01,17.63,19.51,drill core (simulated),30.56,5.14,18.68,SIMULATED_ASSAY,SIMULATED
SIM_T32_POS_BH01_004,T32,POSITIVE_DRILLING_INTERSECTION,SIM_T32_POS_BH01,19.51,53.2,drill core (simulated),0.64,0.5,58.71,SIMULATED_ASSAY,SIMULATED
SIM_T32_POS_BH02_005,T32,POSITIVE_DRILLING_INTERSECTION,SIM_T32_POS_BH02,0.0,2.4,drill core (simulated),0.15,4.59,67.05,SIMULATED_ASSAY,SIMULATED
SIM_T32_POS_BH02_006,T32,POSITIVE_DRILLING_INTERSECTION,SIM_T32_POS_BH02,2.4,76.79,drill core (simulated),0.44,6.4,47.26,SIMULATED_ASSAY,SIMULATED
SIM_T32_POS_BH02_007,T32,POSITIVE_DRILLING_INTERSECTION,SIM_T32_POS_BH02,76.79,78.78,drill core (simulated),20.79,5.92,28.09,SIMULATED_ASSAY,SIMULATED
SIM_T32_POS_BH02_008,T32,POSITIVE_DRILLING_INTERSECTION,SIM_T32_POS_BH02,78.78,96.8,drill core (simulated),0.44,3.8,46.97,SIMULATED_ASSAY,SIMULATED
SIM_T32_POS_BH03_009,T32,POSITIVE_DRILLING_INTERSECTION,SIM_T32_POS_BH03,0.0,2.11,drill core (simulated),0.47,5.57,42.17,SIMULATED_ASSAY,SIMULATED
SIM_T32_POS_BH03_010,T32,POSITIVE_DRILLING_INTERSECTION,SIM_T32_POS_BH03,2.11,42.26,drill core (simulated),0.5,7.23,54.85,SIMULATED_ASSAY,SIMULATED
SIM_T32_POS_BH03_011,T32,POSITIVE_DRILLING_INTERSECTION,SIM_T32_POS_BH03,42.26,44.02,drill core (simulated),30.08,6.89,21.24,SIMULATED_ASSAY,SIMULATED
SIM_T32_POS_BH03_012,T32,POSITIVE_DRILLING_INTERSECTION,SIM_T32_POS_BH03,44.02,91.5,drill core (simulated),0.94,2.75,54.08,SIMULATED_ASSAY,SIMULATED
SIM_T32_NEG_BH01_001,T32,NEGATIVE_DRILLING_RESULT,SIM_T32_NEG_BH01,0.0,2.39,drill core (simulated),0.32,7.39,49.64,SIMULATED_ASSAY,SIMULATED
SIM_T32_NEG_BH01_002,T32,NEGATIVE_DRILLING_RESULT,SIM_T32_NEG_BH01,2.39,92.8,drill core (simulated),0.46,5.71,62.55,SIMULATED_ASSAY,SIMULATED
SIM_T32_NEG_BH02_003,T32,NEGATIVE_DRILLING_RESULT,SIM_T32_NEG_BH02,0.0,2.51,drill core (simulated),0.85,5.62,60.35,SIMULATED_ASSAY,SIMULATED
SIM_T32_NEG_BH02_004,T32,NEGATIVE_DRILLING_RESULT,SIM_T32_NEG_BH02,2.51,72.0,drill core (simulated),0.29,4.26,55.88,SIMULATED_ASSAY,SIMULATED
SIM_T32_NEG_BH03_005,T32,NEGATIVE_DRILLING_RESULT,SIM_T32_NEG_BH03,0.0,2.91,drill core (simulated),0.31,4.71,57.92,SIMULATED_ASSAY,SIMULATED
SIM_T32_NEG_BH03_006,T32,NEGATIVE_DRILLING_RESULT,SIM_T32_NEG_BH03,2.91,71.2,drill core (simulated),0.38,4.97,66.07,SIMULATED_ASSAY,SIMULATED
SIM_T32_AMB_BH01_001,T32,AMBIGUOUS_DRILLING_RESULT,SIM_T32_AMB_BH01,0.0,2.09,drill core (simulated),0.42,3.05,57.73,SIMULATED_ASSAY,SIMULATED
SIM_T32_AMB_BH01_002,T32,AMBIGUOUS_DRILLING_RESULT,SIM_T32_AMB_BH01,2.09,42.08,drill core (simulated),0.38,6.39,55.63,SIMULATED_ASSAY,SIMULATED
SIM_T32_AMB_BH01_003,T32,AMBIGUOUS_DRILLING_RESULT,SIM_T32_AMB_BH01,42.08,42.74,drill core (simulated),17.46,7.28,30.38,SIMULATED_ASSAY,SIMULATED
SIM_T32_AMB_BH01_004,T32,AMBIGUOUS_DRILLING_RESULT,SIM_T32_AMB_BH01,42.74,54.6,drill core (simulated),0.39,4.75,62.48,SIMULATED_ASSAY,SIMULATED
SIM_T32_AMB_BH02_005,T32,AMBIGUOUS_DRILLING_RESULT,SIM_T32_AMB_BH02,0.0,2.88,drill core (simulated),0.37,4.6,62.49,SIMULATED_ASSAY,SIMULATED
SIM_T32_AMB_BH02_006,T32,AMBIGUOUS_DRILLING_RESULT,SIM_T32_AMB_BH02,2.88,31.85,drill core (simulated),0.37,5.01,53.01,SIMULATED_ASSAY,SIMULATED
SIM_T32_AMB_BH02_007,T32,AMBIGUOUS_DRILLING_RESULT,SIM_T32_AMB_BH02,31.85,32.5,drill core (simulated),17.6,5.72,30.17,SIMULATED_ASSAY,SIMULATED
SIM_T32_AMB_BH02_008,T32,AMBIGUOUS_DRILLING_RESULT,SIM_T32_AMB_BH02,32.5,62.2,drill core (simulated),0.35,4.43,46.93,SIMULATED_ASSAY,SIMULATED
SIM_T32_AMB_BH03_009,T32,AMBIGUOUS_DRILLING_RESULT,SIM_T32_AMB_BH03,0.0,2.25,drill core (simulated),0.27,1.7,65.35,SIMULATED_ASSAY,SIMULATED
SIM_T32_AMB_BH03_010,T32,AMBIGUOUS_DRILLING_RESULT,SIM_T32_AMB_BH03,2.25,47.64,drill core (simulated),0.79,0.5,46.7,SIMULATED_ASSAY,SIMULATED
SIM_T32_AMB_BH03_011,T32,AMBIGUOUS_DRILLING_RESULT,SIM_T32_AMB_BH03,47.64,48.42,drill core (simulated),9.35,5.9,37.52,SIMULATED_ASSAY,SIMULATED
SIM_T32_AMB_BH03_012,T32,AMBIGUOUS_DRILLING_RESULT,SIM_T32_AMB_BH03,48.42,65.9,drill core (simulated),0.54,4.38,51.35,SIMULATED_ASSAY,SIMULATED
SIM_T33_SS01,T33,POSITIVE_GEOCHEMICAL_SUPPORT,,0.0,0.2,soil / rock chip (simulated),12.07,3.96,49.38,SIMULATED_SCREENING,SIMULATED
SIM_T33_SS02,T33,POSITIVE_GEOCHEMICAL_SUPPORT,,0.0,0.2,soil / rock chip (simulated),21.85,4.84,41.93,SIMULATED_SCREENING,SIMULATED
SIM_T33_SS03,T33,POSITIVE_GEOCHEMICAL_SUPPORT,,0.0,0.2,soil / rock chip (simulated),20.74,7.57,46.32,SIMULATED_SCREENING,SIMULATED
SIM_T33_SS04,T33,POSITIVE_GEOCHEMICAL_SUPPORT,,0.0,0.2,soil / rock chip (simulated),23.1,6.24,41.41,SIMULATED_SCREENING,SIMULATED
SIM_T33_SS05,T33,POSITIVE_GEOCHEMICAL_SUPPORT,,0.0,0.2,soil / rock chip (simulated),15.14,3.46,48.58,SIMULATED_SCREENING,SIMULATED
SIM_T33_SS06,T33,POSITIVE_GEOCHEMICAL_SUPPORT,,0.0,0.2,soil / rock chip (simulated),12.05,4.52,48.57,SIMULATED_SCREENING,SIMULATED
SIM_T33_SS07,T33,POSITIVE_GEOCHEMICAL_SUPPORT,,0.0,0.2,soil / rock chip (simulated),13.57,5.64,50.03,SIMULATED_SCREENING,SIMULATED
SIM_T33_SS08,T33,POSITIVE_GEOCHEMICAL_SUPPORT,,0.0,0.2,soil / rock chip (simulated),7.81,4.1,48.45,SIMULATED_SCREENING,SIMULATED
SIM_T33_POS_BH01_001,T33,POSITIVE_DRILLING_INTERSECTION,SIM_T33_POS_BH01,0.0,2.97,drill core (simulated),0.55,1.37,56.66,SIMULATED_ASSAY,SIMULATED
SIM_T33_POS_BH01_002,T33,POSITIVE_DRILLING_INTERSECTION,SIM_T33_POS_BH01,2.97,33.79,drill core (simulated),0.34,7.63,55.54,SIMULATED_ASSAY,SIMULATED
SIM_T33_POS_BH01_003,T33,POSITIVE_DRILLING_INTERSECTION,SIM_T33_POS_BH01,33.79,35.4,drill core (simulated),25.74,4.64,24.05,SIMULATED_ASSAY,SIMULATED
SIM_T33_POS_BH01_004,T33,POSITIVE_DRILLING_INTERSECTION,SIM_T33_POS_BH01,35.4,37.5,drill core (simulated),0.31,3.95,66.87,SIMULATED_ASSAY,SIMULATED
SIM_T33_POS_BH01_005,T33,POSITIVE_DRILLING_INTERSECTION,SIM_T33_POS_BH01,37.5,39.35,drill core (simulated),27.4,7.96,22.29,SIMULATED_ASSAY,SIMULATED
SIM_T33_POS_BH01_006,T33,POSITIVE_DRILLING_INTERSECTION,SIM_T33_POS_BH01,39.35,88.9,drill core (simulated),0.7,3.04,49.62,SIMULATED_ASSAY,SIMULATED
SIM_T33_POS_BH02_007,T33,POSITIVE_DRILLING_INTERSECTION,SIM_T33_POS_BH02,0.0,2.87,drill core (simulated),0.26,6.62,52.14,SIMULATED_ASSAY,SIMULATED
SIM_T33_POS_BH02_008,T33,POSITIVE_DRILLING_INTERSECTION,SIM_T33_POS_BH02,2.87,33.29,drill core (simulated),0.32,4.1,61.37,SIMULATED_ASSAY,SIMULATED
SIM_T33_POS_BH02_009,T33,POSITIVE_DRILLING_INTERSECTION,SIM_T33_POS_BH02,33.29,34.98,drill core (simulated),32.7,6.66,17.13,SIMULATED_ASSAY,SIMULATED
SIM_T33_POS_BH02_010,T33,POSITIVE_DRILLING_INTERSECTION,SIM_T33_POS_BH02,34.98,43.86,drill core (simulated),0.12,5.93,63.13,SIMULATED_ASSAY,SIMULATED
SIM_T33_POS_BH02_011,T33,POSITIVE_DRILLING_INTERSECTION,SIM_T33_POS_BH02,43.86,45.77,drill core (simulated),24.61,4.97,24.59,SIMULATED_ASSAY,SIMULATED
SIM_T33_POS_BH02_012,T33,POSITIVE_DRILLING_INTERSECTION,SIM_T33_POS_BH02,45.77,70.5,drill core (simulated),0.41,5.47,57.92,SIMULATED_ASSAY,SIMULATED
SIM_T33_POS_BH03_013,T33,POSITIVE_DRILLING_INTERSECTION,SIM_T33_POS_BH03,0.0,2.9,drill core (simulated),0.45,4.19,65.38,SIMULATED_ASSAY,SIMULATED
SIM_T33_POS_BH03_014,T33,POSITIVE_DRILLING_INTERSECTION,SIM_T33_POS_BH03,2.9,23.13,drill core (simulated),0.37,3.34,57.45,SIMULATED_ASSAY,SIMULATED
SIM_T33_POS_BH03_015,T33,POSITIVE_DRILLING_INTERSECTION,SIM_T33_POS_BH03,23.13,24.68,drill core (simulated),43.31,5.9,9.19,SIMULATED_ASSAY,SIMULATED
SIM_T33_POS_BH03_016,T33,POSITIVE_DRILLING_INTERSECTION,SIM_T33_POS_BH03,24.68,27.59,drill core (simulated),0.48,4.72,56.86,SIMULATED_ASSAY,SIMULATED
SIM_T33_POS_BH03_017,T33,POSITIVE_DRILLING_INTERSECTION,SIM_T33_POS_BH03,27.59,29.56,drill core (simulated),29.79,9.23,20.34,SIMULATED_ASSAY,SIMULATED
SIM_T33_POS_BH03_018,T33,POSITIVE_DRILLING_INTERSECTION,SIM_T33_POS_BH03,29.56,64.3,drill core (simulated),0.36,4.47,55.99,SIMULATED_ASSAY,SIMULATED
SIM_T33_NEG_BH01_001,T33,NEGATIVE_DRILLING_RESULT,SIM_T33_NEG_BH01,0.0,2.94,drill core (simulated),0.26,4.78,63.82,SIMULATED_ASSAY,SIMULATED
SIM_T33_NEG_BH01_002,T33,NEGATIVE_DRILLING_RESULT,SIM_T33_NEG_BH01,2.94,60.1,drill core (simulated),0.19,3.11,63.16,SIMULATED_ASSAY,SIMULATED
SIM_T33_NEG_BH02_003,T33,NEGATIVE_DRILLING_RESULT,SIM_T33_NEG_BH02,0.0,2.03,drill core (simulated),0.27,3.45,61.89,SIMULATED_ASSAY,SIMULATED
SIM_T33_NEG_BH02_004,T33,NEGATIVE_DRILLING_RESULT,SIM_T33_NEG_BH02,2.03,63.9,drill core (simulated),0.53,6.49,58.1,SIMULATED_ASSAY,SIMULATED
SIM_T33_NEG_BH03_005,T33,NEGATIVE_DRILLING_RESULT,SIM_T33_NEG_BH03,0.0,2.33,drill core (simulated),0.34,5.42,70.73,SIMULATED_ASSAY,SIMULATED
SIM_T33_NEG_BH03_006,T33,NEGATIVE_DRILLING_RESULT,SIM_T33_NEG_BH03,2.33,85.5,drill core (simulated),0.55,3.03,50.88,SIMULATED_ASSAY,SIMULATED
SIM_T33_AMB_BH01_001,T33,AMBIGUOUS_DRILLING_RESULT,SIM_T33_AMB_BH01,0.0,2.87,drill core (simulated),0.55,8.18,65.47,SIMULATED_ASSAY,SIMULATED
SIM_T33_AMB_BH01_002,T33,AMBIGUOUS_DRILLING_RESULT,SIM_T33_AMB_BH01,2.87,15.58,drill core (simulated),0.17,5.26,53.55,SIMULATED_ASSAY,SIMULATED
SIM_T33_AMB_BH01_003,T33,AMBIGUOUS_DRILLING_RESULT,SIM_T33_AMB_BH01,15.58,16.35,drill core (simulated),16.95,7.54,31.35,SIMULATED_ASSAY,SIMULATED
SIM_T33_AMB_BH01_004,T33,AMBIGUOUS_DRILLING_RESULT,SIM_T33_AMB_BH01,16.35,50.1,drill core (simulated),0.22,4.46,51.85,SIMULATED_ASSAY,SIMULATED
SIM_T33_AMB_BH02_005,T33,AMBIGUOUS_DRILLING_RESULT,SIM_T33_AMB_BH02,0.0,2.65,drill core (simulated),0.56,3.78,61.11,SIMULATED_ASSAY,SIMULATED
SIM_T33_AMB_BH02_006,T33,AMBIGUOUS_DRILLING_RESULT,SIM_T33_AMB_BH02,2.65,24.53,drill core (simulated),0.57,5.09,63.11,SIMULATED_ASSAY,SIMULATED
SIM_T33_AMB_BH02_007,T33,AMBIGUOUS_DRILLING_RESULT,SIM_T33_AMB_BH02,24.53,24.93,drill core (simulated),23.75,3.79,25.32,SIMULATED_ASSAY,SIMULATED
SIM_T33_AMB_BH02_008,T33,AMBIGUOUS_DRILLING_RESULT,SIM_T33_AMB_BH02,24.93,94.1,drill core (simulated),0.28,5.93,49.7,SIMULATED_ASSAY,SIMULATED
SIM_T33_AMB_BH03_009,T33,AMBIGUOUS_DRILLING_RESULT,SIM_T33_AMB_BH03,0.0,2.94,drill core (simulated),0.32,4.22,64.49,SIMULATED_ASSAY,SIMULATED
SIM_T33_AMB_BH03_010,T33,AMBIGUOUS_DRILLING_RESULT,SIM_T33_AMB_BH03,2.94,20.14,drill core (simulated),0.28,2.88,61.45,SIMULATED_ASSAY,SIMULATED
SIM_T33_AMB_BH03_011,T33,AMBIGUOUS_DRILLING_RESULT,SIM_T33_AMB_BH03,20.14,20.95,drill core (simulated),10.49,6.89,35.91,SIMULATED_ASSAY,SIMULATED
SIM_T33_AMB_BH03_012,T33,AMBIGUOUS_DRILLING_RESULT,SIM_T33_AMB_BH03,20.95,90.9,drill core (simulated),0.35,3.35,47.85,SIMULATED_ASSAY,SIMULATED
SIM_T34_SS01,T34,POSITIVE_GEOCHEMICAL_SUPPORT,,0.0,0.2,soil / rock chip (simulated),33.2,4.98,41.22,SIMULATED_SCREENING,SIMULATED
SIM_T34_SS02,T34,POSITIVE_GEOCHEMICAL_SUPPORT,,0.0,0.2,soil / rock chip (simulated),11.22,2.99,50.74,SIMULATED_SCREENING,SIMULATED
SIM_T34_SS03,T34,POSITIVE_GEOCHEMICAL_SUPPORT,,0.0,0.2,soil / rock chip (simulated),8.57,5.02,50.88,SIMULATED_SCREENING,SIMULATED
SIM_T34_SS04,T34,POSITIVE_GEOCHEMICAL_SUPPORT,,0.0,0.2,soil / rock chip (simulated),7.57,7.08,52.55,SIMULATED_SCREENING,SIMULATED
SIM_T34_SS05,T34,POSITIVE_GEOCHEMICAL_SUPPORT,,0.0,0.2,soil / rock chip (simulated),8.46,6.08,51.17,SIMULATED_SCREENING,SIMULATED
SIM_T34_SS06,T34,POSITIVE_GEOCHEMICAL_SUPPORT,,0.0,0.2,soil / rock chip (simulated),21.97,4.12,42.46,SIMULATED_SCREENING,SIMULATED
SIM_T34_SS07,T34,POSITIVE_GEOCHEMICAL_SUPPORT,,0.0,0.2,soil / rock chip (simulated),16.92,5.71,51.23,SIMULATED_SCREENING,SIMULATED
SIM_T34_SS08,T34,POSITIVE_GEOCHEMICAL_SUPPORT,,0.0,0.2,soil / rock chip (simulated),14.54,5.63,52.81,SIMULATED_SCREENING,SIMULATED
SIM_T34_POS_BH01_001,T34,POSITIVE_DRILLING_INTERSECTION,SIM_T34_POS_BH01,0.0,2.32,drill core (simulated),0.38,4.7,62.06,SIMULATED_ASSAY,SIMULATED
SIM_T34_POS_BH01_002,T34,POSITIVE_DRILLING_INTERSECTION,SIM_T34_POS_BH01,2.32,27.7,drill core (simulated),0.13,3.36,70.31,SIMULATED_ASSAY,SIMULATED
SIM_T34_POS_BH01_003,T34,POSITIVE_DRILLING_INTERSECTION,SIM_T34_POS_BH01,27.7,29.62,drill core (simulated),38.04,5.73,13.69,SIMULATED_ASSAY,SIMULATED
SIM_T34_POS_BH01_004,T34,POSITIVE_DRILLING_INTERSECTION,SIM_T34_POS_BH01,29.62,30.68,drill core (simulated),0.53,5.11,67.55,SIMULATED_ASSAY,SIMULATED
SIM_T34_POS_BH01_005,T34,POSITIVE_DRILLING_INTERSECTION,SIM_T34_POS_BH01,30.68,32.22,drill core (simulated),34.03,6.99,17.56,SIMULATED_ASSAY,SIMULATED
SIM_T34_POS_BH01_006,T34,POSITIVE_DRILLING_INTERSECTION,SIM_T34_POS_BH01,32.22,88.5,drill core (simulated),0.88,4.08,68.38,SIMULATED_ASSAY,SIMULATED
SIM_T34_POS_BH02_007,T34,POSITIVE_DRILLING_INTERSECTION,SIM_T34_POS_BH02,0.0,2.08,drill core (simulated),0.39,5.21,55.79,SIMULATED_ASSAY,SIMULATED
SIM_T34_POS_BH02_008,T34,POSITIVE_DRILLING_INTERSECTION,SIM_T34_POS_BH02,2.08,33.87,drill core (simulated),0.31,4.12,49.54,SIMULATED_ASSAY,SIMULATED
SIM_T34_POS_BH02_009,T34,POSITIVE_DRILLING_INTERSECTION,SIM_T34_POS_BH02,33.87,35.5,drill core (simulated),31.28,4.02,21.42,SIMULATED_ASSAY,SIMULATED
SIM_T34_POS_BH02_010,T34,POSITIVE_DRILLING_INTERSECTION,SIM_T34_POS_BH02,35.5,77.0,drill core (simulated),0.5,6.85,60.0,SIMULATED_ASSAY,SIMULATED
SIM_T34_POS_BH03_011,T34,POSITIVE_DRILLING_INTERSECTION,SIM_T34_POS_BH03,0.0,2.02,drill core (simulated),0.73,7.34,64.9,SIMULATED_ASSAY,SIMULATED
SIM_T34_POS_BH03_012,T34,POSITIVE_DRILLING_INTERSECTION,SIM_T34_POS_BH03,2.02,24.35,drill core (simulated),0.28,6.12,49.21,SIMULATED_ASSAY,SIMULATED
SIM_T34_POS_BH03_013,T34,POSITIVE_DRILLING_INTERSECTION,SIM_T34_POS_BH03,24.35,26.34,drill core (simulated),28.71,6.92,21.37,SIMULATED_ASSAY,SIMULATED
SIM_T34_POS_BH03_014,T34,POSITIVE_DRILLING_INTERSECTION,SIM_T34_POS_BH03,26.34,36.65,drill core (simulated),0.66,5.2,59.29,SIMULATED_ASSAY,SIMULATED
SIM_T34_POS_BH03_015,T34,POSITIVE_DRILLING_INTERSECTION,SIM_T34_POS_BH03,36.65,38.36,drill core (simulated),34.95,6.81,17.29,SIMULATED_ASSAY,SIMULATED
SIM_T34_POS_BH03_016,T34,POSITIVE_DRILLING_INTERSECTION,SIM_T34_POS_BH03,38.36,60.1,drill core (simulated),0.45,4.8,48.24,SIMULATED_ASSAY,SIMULATED
SIM_T34_NEG_BH01_001,T34,NEGATIVE_DRILLING_RESULT,SIM_T34_NEG_BH01,0.0,2.52,drill core (simulated),0.09,6.5,64.61,SIMULATED_ASSAY,SIMULATED
SIM_T34_NEG_BH01_002,T34,NEGATIVE_DRILLING_RESULT,SIM_T34_NEG_BH01,2.52,96.3,drill core (simulated),0.5,5.83,59.29,SIMULATED_ASSAY,SIMULATED
SIM_T34_NEG_BH02_003,T34,NEGATIVE_DRILLING_RESULT,SIM_T34_NEG_BH02,0.0,2.73,drill core (simulated),0.26,5.49,61.26,SIMULATED_ASSAY,SIMULATED
SIM_T34_NEG_BH02_004,T34,NEGATIVE_DRILLING_RESULT,SIM_T34_NEG_BH02,2.73,56.9,drill core (simulated),0.3,5.95,51.49,SIMULATED_ASSAY,SIMULATED
SIM_T34_NEG_BH03_005,T34,NEGATIVE_DRILLING_RESULT,SIM_T34_NEG_BH03,0.0,2.35,drill core (simulated),0.4,8.72,61.7,SIMULATED_ASSAY,SIMULATED
SIM_T34_NEG_BH03_006,T34,NEGATIVE_DRILLING_RESULT,SIM_T34_NEG_BH03,2.35,86.6,drill core (simulated),0.27,3.21,65.34,SIMULATED_ASSAY,SIMULATED
SIM_T34_AMB_BH01_001,T34,AMBIGUOUS_DRILLING_RESULT,SIM_T34_AMB_BH01,0.0,2.4,drill core (simulated),0.35,7.67,57.9,SIMULATED_ASSAY,SIMULATED
SIM_T34_AMB_BH01_002,T34,AMBIGUOUS_DRILLING_RESULT,SIM_T34_AMB_BH01,2.4,11.14,drill core (simulated),0.74,7.01,50.75,SIMULATED_ASSAY,SIMULATED
SIM_T34_AMB_BH01_003,T34,AMBIGUOUS_DRILLING_RESULT,SIM_T34_AMB_BH01,11.14,11.74,drill core (simulated),18.73,7.07,29.2,SIMULATED_ASSAY,SIMULATED
SIM_T34_AMB_BH01_004,T34,AMBIGUOUS_DRILLING_RESULT,SIM_T34_AMB_BH01,11.74,58.4,drill core (simulated),0.62,4.83,53.05,SIMULATED_ASSAY,SIMULATED
SIM_T34_AMB_BH02_005,T34,AMBIGUOUS_DRILLING_RESULT,SIM_T34_AMB_BH02,0.0,2.31,drill core (simulated),0.3,2.72,66.16,SIMULATED_ASSAY,SIMULATED
SIM_T34_AMB_BH02_006,T34,AMBIGUOUS_DRILLING_RESULT,SIM_T34_AMB_BH02,2.31,24.49,drill core (simulated),0.78,3.97,63.16,SIMULATED_ASSAY,SIMULATED
SIM_T34_AMB_BH02_007,T34,AMBIGUOUS_DRILLING_RESULT,SIM_T34_AMB_BH02,24.49,25.04,drill core (simulated),12.84,4.06,34.67,SIMULATED_ASSAY,SIMULATED
SIM_T34_AMB_BH02_008,T34,AMBIGUOUS_DRILLING_RESULT,SIM_T34_AMB_BH02,25.04,51.6,drill core (simulated),0.25,3.43,61.9,SIMULATED_ASSAY,SIMULATED
SIM_T34_AMB_BH03_009,T34,AMBIGUOUS_DRILLING_RESULT,SIM_T34_AMB_BH03,0.0,2.73,drill core (simulated),0.36,5.59,61.81,SIMULATED_ASSAY,SIMULATED
SIM_T34_AMB_BH03_010,T34,AMBIGUOUS_DRILLING_RESULT,SIM_T34_AMB_BH03,2.73,52.0,drill core (simulated),0.36,5.52,64.58,SIMULATED_ASSAY,SIMULATED
SIM_T34_AMB_BH03_011,T34,AMBIGUOUS_DRILLING_RESULT,SIM_T34_AMB_BH03,52.0,52.68,drill core (simulated),11.84,3.39,35.47,SIMULATED_ASSAY,SIMULATED
SIM_T34_AMB_BH03_012,T34,AMBIGUOUS_DRILLING_RESULT,SIM_T34_AMB_BH03,52.68,70.0,drill core (simulated),0.4,7.38,54.55,SIMULATED_ASSAY,SIMULATED
SIM_T35_SS01,T35,POSITIVE_GEOCHEMICAL_SUPPORT,,0.0,0.2,soil / rock chip (simulated),14.84,3.64,44.17,SIMULATED_SCREENING,SIMULATED
SIM_T35_SS02,T35,POSITIVE_GEOCHEMICAL_SUPPORT,,0.0,0.2,soil / rock chip (simulated),12.99,4.18,48.03,SIMULATED_SCREENING,SIMULATED
SIM_T35_SS03,T35,POSITIVE_GEOCHEMICAL_SUPPORT,,0.0,0.2,soil / rock chip (simulated),13.38,4.88,52.57,SIMULATED_SCREENING,SIMULATED
SIM_T35_SS04,T35,POSITIVE_GEOCHEMICAL_SUPPORT,,0.0,0.2,soil / rock chip (simulated),9.73,4.18,52.55,SIMULATED_SCREENING,SIMULATED
SIM_T35_SS05,T35,POSITIVE_GEOCHEMICAL_SUPPORT,,0.0,0.2,soil / rock chip (simulated),14.01,7.2,51.12,SIMULATED_SCREENING,SIMULATED
SIM_T35_SS06,T35,POSITIVE_GEOCHEMICAL_SUPPORT,,0.0,0.2,soil / rock chip (simulated),8.53,5.5,56.21,SIMULATED_SCREENING,SIMULATED
SIM_T35_SS07,T35,POSITIVE_GEOCHEMICAL_SUPPORT,,0.0,0.2,soil / rock chip (simulated),14.36,3.54,56.98,SIMULATED_SCREENING,SIMULATED
SIM_T35_SS08,T35,POSITIVE_GEOCHEMICAL_SUPPORT,,0.0,0.2,soil / rock chip (simulated),10.31,5.79,53.58,SIMULATED_SCREENING,SIMULATED
SIM_T35_POS_BH01_001,T35,POSITIVE_DRILLING_INTERSECTION,SIM_T35_POS_BH01,0.0,2.7,drill core (simulated),0.46,3.77,60.98,SIMULATED_ASSAY,SIMULATED
SIM_T35_POS_BH01_002,T35,POSITIVE_DRILLING_INTERSECTION,SIM_T35_POS_BH01,2.7,51.98,drill core (simulated),0.75,5.11,51.26,SIMULATED_ASSAY,SIMULATED
SIM_T35_POS_BH01_003,T35,POSITIVE_DRILLING_INTERSECTION,SIM_T35_POS_BH01,51.98,53.73,drill core (simulated),28.46,6.0,23.06,SIMULATED_ASSAY,SIMULATED
SIM_T35_POS_BH01_004,T35,POSITIVE_DRILLING_INTERSECTION,SIM_T35_POS_BH01,53.73,72.4,drill core (simulated),0.38,3.07,51.97,SIMULATED_ASSAY,SIMULATED
SIM_T35_POS_BH02_005,T35,POSITIVE_DRILLING_INTERSECTION,SIM_T35_POS_BH02,0.0,2.33,drill core (simulated),0.62,2.97,61.46,SIMULATED_ASSAY,SIMULATED
SIM_T35_POS_BH02_006,T35,POSITIVE_DRILLING_INTERSECTION,SIM_T35_POS_BH02,2.33,77.12,drill core (simulated),0.29,4.85,60.71,SIMULATED_ASSAY,SIMULATED
SIM_T35_POS_BH02_007,T35,POSITIVE_DRILLING_INTERSECTION,SIM_T35_POS_BH02,77.12,78.79,drill core (simulated),33.32,5.75,18.41,SIMULATED_ASSAY,SIMULATED
SIM_T35_POS_BH02_008,T35,POSITIVE_DRILLING_INTERSECTION,SIM_T35_POS_BH02,78.79,92.8,drill core (simulated),0.34,5.62,59.39,SIMULATED_ASSAY,SIMULATED
SIM_T35_POS_BH03_009,T35,POSITIVE_DRILLING_INTERSECTION,SIM_T35_POS_BH03,0.0,2.32,drill core (simulated),0.28,6.97,54.84,SIMULATED_ASSAY,SIMULATED
SIM_T35_POS_BH03_010,T35,POSITIVE_DRILLING_INTERSECTION,SIM_T35_POS_BH03,2.32,46.77,drill core (simulated),0.36,3.89,61.44,SIMULATED_ASSAY,SIMULATED
SIM_T35_POS_BH03_011,T35,POSITIVE_DRILLING_INTERSECTION,SIM_T35_POS_BH03,46.77,48.31,drill core (simulated),33.24,3.67,18.63,SIMULATED_ASSAY,SIMULATED
SIM_T35_POS_BH03_012,T35,POSITIVE_DRILLING_INTERSECTION,SIM_T35_POS_BH03,48.31,53.37,drill core (simulated),0.45,5.05,58.78,SIMULATED_ASSAY,SIMULATED
SIM_T35_POS_BH03_013,T35,POSITIVE_DRILLING_INTERSECTION,SIM_T35_POS_BH03,53.37,54.95,drill core (simulated),34.63,4.23,18.36,SIMULATED_ASSAY,SIMULATED
SIM_T35_POS_BH03_014,T35,POSITIVE_DRILLING_INTERSECTION,SIM_T35_POS_BH03,54.95,65.4,drill core (simulated),0.34,5.69,60.89,SIMULATED_ASSAY,SIMULATED
SIM_T35_NEG_BH01_001,T35,NEGATIVE_DRILLING_RESULT,SIM_T35_NEG_BH01,0.0,2.81,drill core (simulated),0.36,6.09,56.92,SIMULATED_ASSAY,SIMULATED
SIM_T35_NEG_BH01_002,T35,NEGATIVE_DRILLING_RESULT,SIM_T35_NEG_BH01,2.81,64.0,drill core (simulated),0.59,4.02,62.57,SIMULATED_ASSAY,SIMULATED
SIM_T35_NEG_BH02_003,T35,NEGATIVE_DRILLING_RESULT,SIM_T35_NEG_BH02,0.0,2.61,drill core (simulated),0.38,4.34,54.92,SIMULATED_ASSAY,SIMULATED
SIM_T35_NEG_BH02_004,T35,NEGATIVE_DRILLING_RESULT,SIM_T35_NEG_BH02,2.61,94.4,drill core (simulated),0.68,5.47,61.4,SIMULATED_ASSAY,SIMULATED
SIM_T35_NEG_BH03_005,T35,NEGATIVE_DRILLING_RESULT,SIM_T35_NEG_BH03,0.0,2.86,drill core (simulated),0.44,4.09,53.16,SIMULATED_ASSAY,SIMULATED
SIM_T35_NEG_BH03_006,T35,NEGATIVE_DRILLING_RESULT,SIM_T35_NEG_BH03,2.86,97.3,drill core (simulated),0.51,8.02,43.39,SIMULATED_ASSAY,SIMULATED
SIM_T35_AMB_BH01_001,T35,AMBIGUOUS_DRILLING_RESULT,SIM_T35_AMB_BH01,0.0,2.82,drill core (simulated),1.31,6.91,67.8,SIMULATED_ASSAY,SIMULATED
SIM_T35_AMB_BH01_002,T35,AMBIGUOUS_DRILLING_RESULT,SIM_T35_AMB_BH01,2.82,28.4,drill core (simulated),0.4,2.67,57.42,SIMULATED_ASSAY,SIMULATED
SIM_T35_AMB_BH01_003,T35,AMBIGUOUS_DRILLING_RESULT,SIM_T35_AMB_BH01,28.4,29.23,drill core (simulated),25.35,5.95,25.39,SIMULATED_ASSAY,SIMULATED
SIM_T35_AMB_BH01_004,T35,AMBIGUOUS_DRILLING_RESULT,SIM_T35_AMB_BH01,29.23,91.7,drill core (simulated),0.21,6.42,47.07,SIMULATED_ASSAY,SIMULATED
SIM_T35_AMB_BH02_005,T35,AMBIGUOUS_DRILLING_RESULT,SIM_T35_AMB_BH02,0.0,2.8,drill core (simulated),0.14,5.14,70.5,SIMULATED_ASSAY,SIMULATED
SIM_T35_AMB_BH02_006,T35,AMBIGUOUS_DRILLING_RESULT,SIM_T35_AMB_BH02,2.8,31.49,drill core (simulated),0.26,4.23,63.24,SIMULATED_ASSAY,SIMULATED
SIM_T35_AMB_BH02_007,T35,AMBIGUOUS_DRILLING_RESULT,SIM_T35_AMB_BH02,31.49,32.05,drill core (simulated),18.18,5.15,30.45,SIMULATED_ASSAY,SIMULATED
SIM_T35_AMB_BH02_008,T35,AMBIGUOUS_DRILLING_RESULT,SIM_T35_AMB_BH02,32.05,82.5,drill core (simulated),0.31,5.68,52.14,SIMULATED_ASSAY,SIMULATED
SIM_T35_AMB_BH03_009,T35,AMBIGUOUS_DRILLING_RESULT,SIM_T35_AMB_BH03,0.0,2.62,drill core (simulated),0.4,4.68,53.29,SIMULATED_ASSAY,SIMULATED
SIM_T35_AMB_BH03_010,T35,AMBIGUOUS_DRILLING_RESULT,SIM_T35_AMB_BH03,2.62,11.76,drill core (simulated),0.47,5.67,67.39,SIMULATED_ASSAY,SIMULATED
SIM_T35_AMB_BH03_011,T35,AMBIGUOUS_DRILLING_RESULT,SIM_T35_AMB_BH03,11.76,12.35,drill core (simulated),26.35,4.89,23.69,SIMULATED_ASSAY,SIMULATED
SIM_T35_AMB_BH03_012,T35,AMBIGUOUS_DRILLING_RESULT,SIM_T35_AMB_BH03,12.35,63.0,drill core (simulated),0.34,4.42,60.9,SIMULATED_ASSAY,SIMULATED
SIM_T36_SS01,T36,POSITIVE_GEOCHEMICAL_SUPPORT,,0.0,0.2,soil / rock chip (simulated),12.69,6.39,49.55,SIMULATED_SCREENING,SIMULATED
SIM_T36_SS02,T36,POSITIVE_GEOCHEMICAL_SUPPORT,,0.0,0.2,soil / rock chip (simulated),18.71,5.22,49.88,SIMULATED_SCREENING,SIMULATED
SIM_T36_SS03,T36,POSITIVE_GEOCHEMICAL_SUPPORT,,0.0,0.2,soil / rock chip (simulated),15.59,3.0,53.12,SIMULATED_SCREENING,SIMULATED
SIM_T36_SS04,T36,POSITIVE_GEOCHEMICAL_SUPPORT,,0.0,0.2,soil / rock chip (simulated),14.55,5.95,52.58,SIMULATED_SCREENING,SIMULATED
SIM_T36_SS05,T36,POSITIVE_GEOCHEMICAL_SUPPORT,,0.0,0.2,soil / rock chip (simulated),11.44,3.9,54.61,SIMULATED_SCREENING,SIMULATED
SIM_T36_SS06,T36,POSITIVE_GEOCHEMICAL_SUPPORT,,0.0,0.2,soil / rock chip (simulated),13.49,6.12,49.84,SIMULATED_SCREENING,SIMULATED
SIM_T36_SS07,T36,POSITIVE_GEOCHEMICAL_SUPPORT,,0.0,0.2,soil / rock chip (simulated),21.46,5.51,46.13,SIMULATED_SCREENING,SIMULATED
SIM_T36_SS08,T36,POSITIVE_GEOCHEMICAL_SUPPORT,,0.0,0.2,soil / rock chip (simulated),13.16,5.28,55.56,SIMULATED_SCREENING,SIMULATED
SIM_T36_POS_BH01_001,T36,POSITIVE_DRILLING_INTERSECTION,SIM_T36_POS_BH01,0.0,2.01,drill core (simulated),0.24,3.52,57.47,SIMULATED_ASSAY,SIMULATED
SIM_T36_POS_BH01_002,T36,POSITIVE_DRILLING_INTERSECTION,SIM_T36_POS_BH01,2.01,13.82,drill core (simulated),0.81,6.06,59.58,SIMULATED_ASSAY,SIMULATED
SIM_T36_POS_BH01_003,T36,POSITIVE_DRILLING_INTERSECTION,SIM_T36_POS_BH01,13.82,15.82,drill core (simulated),40.46,7.09,13.93,SIMULATED_ASSAY,SIMULATED
SIM_T36_POS_BH01_004,T36,POSITIVE_DRILLING_INTERSECTION,SIM_T36_POS_BH01,15.82,27.77,drill core (simulated),0.22,4.24,64.39,SIMULATED_ASSAY,SIMULATED
SIM_T36_POS_BH01_005,T36,POSITIVE_DRILLING_INTERSECTION,SIM_T36_POS_BH01,27.77,29.3,drill core (simulated),27.26,5.58,23.52,SIMULATED_ASSAY,SIMULATED
SIM_T36_POS_BH01_006,T36,POSITIVE_DRILLING_INTERSECTION,SIM_T36_POS_BH01,29.3,75.8,drill core (simulated),0.48,3.33,54.6,SIMULATED_ASSAY,SIMULATED
SIM_T36_POS_BH02_007,T36,POSITIVE_DRILLING_INTERSECTION,SIM_T36_POS_BH02,0.0,2.69,drill core (simulated),0.31,5.31,67.01,SIMULATED_ASSAY,SIMULATED
SIM_T36_POS_BH02_008,T36,POSITIVE_DRILLING_INTERSECTION,SIM_T36_POS_BH02,2.69,19.45,drill core (simulated),0.18,3.07,70.26,SIMULATED_ASSAY,SIMULATED
SIM_T36_POS_BH02_009,T36,POSITIVE_DRILLING_INTERSECTION,SIM_T36_POS_BH02,19.45,21.32,drill core (simulated),31.93,6.14,19.28,SIMULATED_ASSAY,SIMULATED
SIM_T36_POS_BH02_010,T36,POSITIVE_DRILLING_INTERSECTION,SIM_T36_POS_BH02,21.32,22.15,drill core (simulated),0.46,6.92,58.51,SIMULATED_ASSAY,SIMULATED
SIM_T36_POS_BH02_011,T36,POSITIVE_DRILLING_INTERSECTION,SIM_T36_POS_BH02,22.15,24.04,drill core (simulated),31.08,5.0,19.87,SIMULATED_ASSAY,SIMULATED
SIM_T36_POS_BH02_012,T36,POSITIVE_DRILLING_INTERSECTION,SIM_T36_POS_BH02,24.04,72.8,drill core (simulated),0.16,5.69,70.32,SIMULATED_ASSAY,SIMULATED
SIM_T36_POS_BH03_013,T36,POSITIVE_DRILLING_INTERSECTION,SIM_T36_POS_BH03,0.0,2.55,drill core (simulated),0.33,4.52,57.78,SIMULATED_ASSAY,SIMULATED
SIM_T36_POS_BH03_014,T36,POSITIVE_DRILLING_INTERSECTION,SIM_T36_POS_BH03,2.55,13.26,drill core (simulated),0.22,4.08,56.07,SIMULATED_ASSAY,SIMULATED
SIM_T36_POS_BH03_015,T36,POSITIVE_DRILLING_INTERSECTION,SIM_T36_POS_BH03,13.26,15.12,drill core (simulated),37.37,3.02,13.29,SIMULATED_ASSAY,SIMULATED
SIM_T36_POS_BH03_016,T36,POSITIVE_DRILLING_INTERSECTION,SIM_T36_POS_BH03,15.12,26.75,drill core (simulated),0.4,4.19,60.43,SIMULATED_ASSAY,SIMULATED
SIM_T36_POS_BH03_017,T36,POSITIVE_DRILLING_INTERSECTION,SIM_T36_POS_BH03,26.75,28.32,drill core (simulated),27.4,5.34,23.07,SIMULATED_ASSAY,SIMULATED
SIM_T36_POS_BH03_018,T36,POSITIVE_DRILLING_INTERSECTION,SIM_T36_POS_BH03,28.32,63.8,drill core (simulated),0.86,8.71,57.68,SIMULATED_ASSAY,SIMULATED
SIM_T36_NEG_BH01_001,T36,NEGATIVE_DRILLING_RESULT,SIM_T36_NEG_BH01,0.0,2.78,drill core (simulated),1.14,6.28,59.82,SIMULATED_ASSAY,SIMULATED
SIM_T36_NEG_BH01_002,T36,NEGATIVE_DRILLING_RESULT,SIM_T36_NEG_BH01,2.78,66.8,drill core (simulated),0.26,7.23,63.69,SIMULATED_ASSAY,SIMULATED
SIM_T36_NEG_BH02_003,T36,NEGATIVE_DRILLING_RESULT,SIM_T36_NEG_BH02,0.0,2.83,drill core (simulated),0.35,3.45,66.15,SIMULATED_ASSAY,SIMULATED
SIM_T36_NEG_BH02_004,T36,NEGATIVE_DRILLING_RESULT,SIM_T36_NEG_BH02,2.83,89.5,drill core (simulated),0.34,4.26,57.22,SIMULATED_ASSAY,SIMULATED
SIM_T36_NEG_BH03_005,T36,NEGATIVE_DRILLING_RESULT,SIM_T36_NEG_BH03,0.0,2.57,drill core (simulated),0.39,3.4,53.7,SIMULATED_ASSAY,SIMULATED
SIM_T36_NEG_BH03_006,T36,NEGATIVE_DRILLING_RESULT,SIM_T36_NEG_BH03,2.57,99.2,drill core (simulated),0.47,2.21,51.93,SIMULATED_ASSAY,SIMULATED
SIM_T36_AMB_BH01_001,T36,AMBIGUOUS_DRILLING_RESULT,SIM_T36_AMB_BH01,0.0,2.23,drill core (simulated),0.29,3.87,44.54,SIMULATED_ASSAY,SIMULATED
SIM_T36_AMB_BH01_002,T36,AMBIGUOUS_DRILLING_RESULT,SIM_T36_AMB_BH01,2.23,66.94,drill core (simulated),0.27,4.79,56.78,SIMULATED_ASSAY,SIMULATED
SIM_T36_AMB_BH01_003,T36,AMBIGUOUS_DRILLING_RESULT,SIM_T36_AMB_BH01,66.94,67.52,drill core (simulated),16.14,6.81,32.1,SIMULATED_ASSAY,SIMULATED
SIM_T36_AMB_BH01_004,T36,AMBIGUOUS_DRILLING_RESULT,SIM_T36_AMB_BH01,67.52,86.3,drill core (simulated),0.43,6.24,60.41,SIMULATED_ASSAY,SIMULATED
SIM_T36_AMB_BH02_005,T36,AMBIGUOUS_DRILLING_RESULT,SIM_T36_AMB_BH02,0.0,2.82,drill core (simulated),0.33,4.8,56.03,SIMULATED_ASSAY,SIMULATED
SIM_T36_AMB_BH02_006,T36,AMBIGUOUS_DRILLING_RESULT,SIM_T36_AMB_BH02,2.82,71.61,drill core (simulated),0.07,6.56,58.11,SIMULATED_ASSAY,SIMULATED
SIM_T36_AMB_BH02_007,T36,AMBIGUOUS_DRILLING_RESULT,SIM_T36_AMB_BH02,71.61,72.43,drill core (simulated),23.41,7.22,26.16,SIMULATED_ASSAY,SIMULATED
SIM_T36_AMB_BH02_008,T36,AMBIGUOUS_DRILLING_RESULT,SIM_T36_AMB_BH02,72.43,94.0,drill core (simulated),0.24,3.22,54.57,SIMULATED_ASSAY,SIMULATED
SIM_T36_AMB_BH03_009,T36,AMBIGUOUS_DRILLING_RESULT,SIM_T36_AMB_BH03,0.0,2.65,drill core (simulated),0.44,7.6,63.28,SIMULATED_ASSAY,SIMULATED
SIM_T36_AMB_BH03_010,T36,AMBIGUOUS_DRILLING_RESULT,SIM_T36_AMB_BH03,2.65,15.31,drill core (simulated),0.28,4.5,61.0,SIMULATED_ASSAY,SIMULATED
SIM_T36_AMB_BH03_011,T36,AMBIGUOUS_DRILLING_RESULT,SIM_T36_AMB_BH03,15.31,15.91,drill core (simulated),16.62,5.32,31.92,SIMULATED_ASSAY,SIMULATED
SIM_T36_AMB_BH03_012,T36,AMBIGUOUS_DRILLING_RESULT,SIM_T36_AMB_BH03,15.91,54.1,drill core (simulated),0.35,5.05,66.82,SIMULATED_ASSAY,SIMULATED
SIM_T37_SS01,T37,POSITIVE_GEOCHEMICAL_SUPPORT,,0.0,0.2,soil / rock chip (simulated),8.68,5.76,56.66,SIMULATED_SCREENING,SIMULATED
SIM_T37_SS02,T37,POSITIVE_GEOCHEMICAL_SUPPORT,,0.0,0.2,soil / rock chip (simulated),13.19,5.35,51.52,SIMULATED_SCREENING,SIMULATED
SIM_T37_SS03,T37,POSITIVE_GEOCHEMICAL_SUPPORT,,0.0,0.2,soil / rock chip (simulated),18.52,5.73,36.61,SIMULATED_SCREENING,SIMULATED
SIM_T37_SS04,T37,POSITIVE_GEOCHEMICAL_SUPPORT,,0.0,0.2,soil / rock chip (simulated),13.79,5.62,48.71,SIMULATED_SCREENING,SIMULATED
SIM_T37_SS05,T37,POSITIVE_GEOCHEMICAL_SUPPORT,,0.0,0.2,soil / rock chip (simulated),15.19,5.9,49.69,SIMULATED_SCREENING,SIMULATED
SIM_T37_SS06,T37,POSITIVE_GEOCHEMICAL_SUPPORT,,0.0,0.2,soil / rock chip (simulated),25.43,6.35,41.73,SIMULATED_SCREENING,SIMULATED
SIM_T37_SS07,T37,POSITIVE_GEOCHEMICAL_SUPPORT,,0.0,0.2,soil / rock chip (simulated),14.0,1.58,48.9,SIMULATED_SCREENING,SIMULATED
SIM_T37_SS08,T37,POSITIVE_GEOCHEMICAL_SUPPORT,,0.0,0.2,soil / rock chip (simulated),9.34,5.27,54.07,SIMULATED_SCREENING,SIMULATED
SIM_T37_POS_BH01_001,T37,POSITIVE_DRILLING_INTERSECTION,SIM_T37_POS_BH01,0.0,2.75,drill core (simulated),0.61,4.5,65.0,SIMULATED_ASSAY,SIMULATED
SIM_T37_POS_BH01_002,T37,POSITIVE_DRILLING_INTERSECTION,SIM_T37_POS_BH01,2.75,25.25,drill core (simulated),0.7,3.18,49.67,SIMULATED_ASSAY,SIMULATED
SIM_T37_POS_BH01_003,T37,POSITIVE_DRILLING_INTERSECTION,SIM_T37_POS_BH01,25.25,27.2,drill core (simulated),33.2,5.1,19.36,SIMULATED_ASSAY,SIMULATED
SIM_T37_POS_BH01_004,T37,POSITIVE_DRILLING_INTERSECTION,SIM_T37_POS_BH01,27.2,29.09,drill core (simulated),29.42,6.86,21.31,SIMULATED_ASSAY,SIMULATED
SIM_T37_POS_BH01_005,T37,POSITIVE_DRILLING_INTERSECTION,SIM_T37_POS_BH01,29.09,85.3,drill core (simulated),0.31,4.14,49.93,SIMULATED_ASSAY,SIMULATED
SIM_T37_POS_BH02_006,T37,POSITIVE_DRILLING_INTERSECTION,SIM_T37_POS_BH02,0.0,2.34,drill core (simulated),1.27,6.43,56.06,SIMULATED_ASSAY,SIMULATED
SIM_T37_POS_BH02_007,T37,POSITIVE_DRILLING_INTERSECTION,SIM_T37_POS_BH02,2.34,22.29,drill core (simulated),0.59,5.48,54.03,SIMULATED_ASSAY,SIMULATED
SIM_T37_POS_BH02_008,T37,POSITIVE_DRILLING_INTERSECTION,SIM_T37_POS_BH02,22.29,23.97,drill core (simulated),26.59,5.97,24.14,SIMULATED_ASSAY,SIMULATED
SIM_T37_POS_BH02_009,T37,POSITIVE_DRILLING_INTERSECTION,SIM_T37_POS_BH02,23.97,50.3,drill core (simulated),0.46,3.7,56.49,SIMULATED_ASSAY,SIMULATED
SIM_T37_POS_BH03_010,T37,POSITIVE_DRILLING_INTERSECTION,SIM_T37_POS_BH03,0.0,2.45,drill core (simulated),0.13,7.96,57.99,SIMULATED_ASSAY,SIMULATED
SIM_T37_POS_BH03_011,T37,POSITIVE_DRILLING_INTERSECTION,SIM_T37_POS_BH03,2.45,36.83,drill core (simulated),0.29,5.08,55.12,SIMULATED_ASSAY,SIMULATED
SIM_T37_POS_BH03_012,T37,POSITIVE_DRILLING_INTERSECTION,SIM_T37_POS_BH03,36.83,38.65,drill core (simulated),37.68,4.96,14.54,SIMULATED_ASSAY,SIMULATED
SIM_T37_POS_BH03_013,T37,POSITIVE_DRILLING_INTERSECTION,SIM_T37_POS_BH03,38.65,54.48,drill core (simulated),0.81,3.97,64.55,SIMULATED_ASSAY,SIMULATED
SIM_T37_POS_BH03_014,T37,POSITIVE_DRILLING_INTERSECTION,SIM_T37_POS_BH03,54.48,55.98,drill core (simulated),39.35,6.65,13.77,SIMULATED_ASSAY,SIMULATED
SIM_T37_POS_BH03_015,T37,POSITIVE_DRILLING_INTERSECTION,SIM_T37_POS_BH03,55.98,86.2,drill core (simulated),0.42,4.34,57.99,SIMULATED_ASSAY,SIMULATED
SIM_T37_NEG_BH01_001,T37,NEGATIVE_DRILLING_RESULT,SIM_T37_NEG_BH01,0.0,2.75,drill core (simulated),0.39,0.94,58.95,SIMULATED_ASSAY,SIMULATED
SIM_T37_NEG_BH01_002,T37,NEGATIVE_DRILLING_RESULT,SIM_T37_NEG_BH01,2.75,79.8,drill core (simulated),0.34,7.53,67.84,SIMULATED_ASSAY,SIMULATED
SIM_T37_NEG_BH02_003,T37,NEGATIVE_DRILLING_RESULT,SIM_T37_NEG_BH02,0.0,2.87,drill core (simulated),0.83,5.69,64.95,SIMULATED_ASSAY,SIMULATED
SIM_T37_NEG_BH02_004,T37,NEGATIVE_DRILLING_RESULT,SIM_T37_NEG_BH02,2.87,82.1,drill core (simulated),0.34,4.71,62.9,SIMULATED_ASSAY,SIMULATED
SIM_T37_NEG_BH03_005,T37,NEGATIVE_DRILLING_RESULT,SIM_T37_NEG_BH03,0.0,2.84,drill core (simulated),0.33,5.8,60.53,SIMULATED_ASSAY,SIMULATED
SIM_T37_NEG_BH03_006,T37,NEGATIVE_DRILLING_RESULT,SIM_T37_NEG_BH03,2.84,98.7,drill core (simulated),0.95,3.12,57.47,SIMULATED_ASSAY,SIMULATED
SIM_T37_AMB_BH01_001,T37,AMBIGUOUS_DRILLING_RESULT,SIM_T37_AMB_BH01,0.0,2.4,drill core (simulated),0.17,7.15,51.02,SIMULATED_ASSAY,SIMULATED
SIM_T37_AMB_BH01_002,T37,AMBIGUOUS_DRILLING_RESULT,SIM_T37_AMB_BH01,2.4,53.12,drill core (simulated),0.21,4.38,58.8,SIMULATED_ASSAY,SIMULATED
SIM_T37_AMB_BH01_003,T37,AMBIGUOUS_DRILLING_RESULT,SIM_T37_AMB_BH01,53.12,53.48,drill core (simulated),9.63,3.01,37.42,SIMULATED_ASSAY,SIMULATED
SIM_T37_AMB_BH01_004,T37,AMBIGUOUS_DRILLING_RESULT,SIM_T37_AMB_BH01,53.48,95.9,drill core (simulated),0.23,6.94,62.81,SIMULATED_ASSAY,SIMULATED
SIM_T37_AMB_BH02_005,T37,AMBIGUOUS_DRILLING_RESULT,SIM_T37_AMB_BH02,0.0,2.99,drill core (simulated),0.23,3.23,55.41,SIMULATED_ASSAY,SIMULATED
SIM_T37_AMB_BH02_006,T37,AMBIGUOUS_DRILLING_RESULT,SIM_T37_AMB_BH02,2.99,58.27,drill core (simulated),0.87,3.28,55.71,SIMULATED_ASSAY,SIMULATED
SIM_T37_AMB_BH02_007,T37,AMBIGUOUS_DRILLING_RESULT,SIM_T37_AMB_BH02,58.27,58.88,drill core (simulated),27.22,8.1,23.21,SIMULATED_ASSAY,SIMULATED
SIM_T37_AMB_BH02_008,T37,AMBIGUOUS_DRILLING_RESULT,SIM_T37_AMB_BH02,58.88,81.8,drill core (simulated),0.62,7.17,54.92,SIMULATED_ASSAY,SIMULATED
SIM_T37_AMB_BH03_009,T37,AMBIGUOUS_DRILLING_RESULT,SIM_T37_AMB_BH03,0.0,2.21,drill core (simulated),0.37,5.74,67.44,SIMULATED_ASSAY,SIMULATED
SIM_T37_AMB_BH03_010,T37,AMBIGUOUS_DRILLING_RESULT,SIM_T37_AMB_BH03,2.21,30.05,drill core (simulated),0.98,7.64,54.71,SIMULATED_ASSAY,SIMULATED
SIM_T37_AMB_BH03_011,T37,AMBIGUOUS_DRILLING_RESULT,SIM_T37_AMB_BH03,30.05,30.74,drill core (simulated),14.03,7.08,33.71,SIMULATED_ASSAY,SIMULATED
SIM_T37_AMB_BH03_012,T37,AMBIGUOUS_DRILLING_RESULT,SIM_T37_AMB_BH03,30.74,55.9,drill core (simulated),0.22,6.9,61.5,SIMULATED_ASSAY,SIMULATED
SIM_T38_SS01,T38,POSITIVE_GEOCHEMICAL_SUPPORT,,0.0,0.2,soil / rock chip (simulated),31.39,3.17,32.32,SIMULATED_SCREENING,SIMULATED
SIM_T38_SS02,T38,POSITIVE_GEOCHEMICAL_SUPPORT,,0.0,0.2,soil / rock chip (simulated),18.28,6.95,47.96,SIMULATED_SCREENING,SIMULATED
SIM_T38_SS03,T38,POSITIVE_GEOCHEMICAL_SUPPORT,,0.0,0.2,soil / rock chip (simulated),21.28,2.61,43.11,SIMULATED_SCREENING,SIMULATED
SIM_T38_SS04,T38,POSITIVE_GEOCHEMICAL_SUPPORT,,0.0,0.2,soil / rock chip (simulated),7.78,5.94,48.36,SIMULATED_SCREENING,SIMULATED
SIM_T38_SS05,T38,POSITIVE_GEOCHEMICAL_SUPPORT,,0.0,0.2,soil / rock chip (simulated),9.59,5.62,57.53,SIMULATED_SCREENING,SIMULATED
SIM_T38_SS06,T38,POSITIVE_GEOCHEMICAL_SUPPORT,,0.0,0.2,soil / rock chip (simulated),14.19,5.68,52.22,SIMULATED_SCREENING,SIMULATED
SIM_T38_SS07,T38,POSITIVE_GEOCHEMICAL_SUPPORT,,0.0,0.2,soil / rock chip (simulated),13.91,3.69,52.52,SIMULATED_SCREENING,SIMULATED
SIM_T38_SS08,T38,POSITIVE_GEOCHEMICAL_SUPPORT,,0.0,0.2,soil / rock chip (simulated),18.59,6.07,48.24,SIMULATED_SCREENING,SIMULATED
SIM_T38_POS_BH01_001,T38,POSITIVE_DRILLING_INTERSECTION,SIM_T38_POS_BH01,0.0,2.63,drill core (simulated),0.92,7.03,48.15,SIMULATED_ASSAY,SIMULATED
SIM_T38_POS_BH01_002,T38,POSITIVE_DRILLING_INTERSECTION,SIM_T38_POS_BH01,2.63,47.6,drill core (simulated),0.76,4.89,42.87,SIMULATED_ASSAY,SIMULATED
SIM_T38_POS_BH01_003,T38,POSITIVE_DRILLING_INTERSECTION,SIM_T38_POS_BH01,47.6,49.12,drill core (simulated),39.41,4.69,14.91,SIMULATED_ASSAY,SIMULATED
SIM_T38_POS_BH01_004,T38,POSITIVE_DRILLING_INTERSECTION,SIM_T38_POS_BH01,49.12,74.8,drill core (simulated),0.9,4.37,55.79,SIMULATED_ASSAY,SIMULATED
SIM_T38_POS_BH02_005,T38,POSITIVE_DRILLING_INTERSECTION,SIM_T38_POS_BH02,0.0,2.68,drill core (simulated),0.67,4.69,50.29,SIMULATED_ASSAY,SIMULATED
SIM_T38_POS_BH02_006,T38,POSITIVE_DRILLING_INTERSECTION,SIM_T38_POS_BH02,2.68,24.18,drill core (simulated),0.48,7.83,48.69,SIMULATED_ASSAY,SIMULATED
SIM_T38_POS_BH02_007,T38,POSITIVE_DRILLING_INTERSECTION,SIM_T38_POS_BH02,24.18,25.76,drill core (simulated),36.65,5.56,15.38,SIMULATED_ASSAY,SIMULATED
SIM_T38_POS_BH02_008,T38,POSITIVE_DRILLING_INTERSECTION,SIM_T38_POS_BH02,25.76,93.3,drill core (simulated),0.46,3.0,59.94,SIMULATED_ASSAY,SIMULATED
SIM_T38_POS_BH03_009,T38,POSITIVE_DRILLING_INTERSECTION,SIM_T38_POS_BH03,0.0,2.75,drill core (simulated),0.75,3.5,44.55,SIMULATED_ASSAY,SIMULATED
SIM_T38_POS_BH03_010,T38,POSITIVE_DRILLING_INTERSECTION,SIM_T38_POS_BH03,2.75,34.7,drill core (simulated),0.24,4.33,41.7,SIMULATED_ASSAY,SIMULATED
SIM_T38_POS_BH03_011,T38,POSITIVE_DRILLING_INTERSECTION,SIM_T38_POS_BH03,34.7,36.27,drill core (simulated),39.14,7.34,13.7,SIMULATED_ASSAY,SIMULATED
SIM_T38_POS_BH03_012,T38,POSITIVE_DRILLING_INTERSECTION,SIM_T38_POS_BH03,36.27,50.12,drill core (simulated),0.17,5.15,66.62,SIMULATED_ASSAY,SIMULATED
SIM_T38_POS_BH03_013,T38,POSITIVE_DRILLING_INTERSECTION,SIM_T38_POS_BH03,50.12,51.91,drill core (simulated),31.43,6.15,18.99,SIMULATED_ASSAY,SIMULATED
SIM_T38_POS_BH03_014,T38,POSITIVE_DRILLING_INTERSECTION,SIM_T38_POS_BH03,51.91,99.3,drill core (simulated),0.23,5.73,74.37,SIMULATED_ASSAY,SIMULATED
SIM_T38_NEG_BH01_001,T38,NEGATIVE_DRILLING_RESULT,SIM_T38_NEG_BH01,0.0,2.69,drill core (simulated),0.33,4.14,54.23,SIMULATED_ASSAY,SIMULATED
SIM_T38_NEG_BH01_002,T38,NEGATIVE_DRILLING_RESULT,SIM_T38_NEG_BH01,2.69,66.7,drill core (simulated),0.49,5.66,70.79,SIMULATED_ASSAY,SIMULATED
SIM_T38_NEG_BH02_003,T38,NEGATIVE_DRILLING_RESULT,SIM_T38_NEG_BH02,0.0,2.79,drill core (simulated),0.44,6.77,66.57,SIMULATED_ASSAY,SIMULATED
SIM_T38_NEG_BH02_004,T38,NEGATIVE_DRILLING_RESULT,SIM_T38_NEG_BH02,2.79,84.2,drill core (simulated),0.62,7.06,49.38,SIMULATED_ASSAY,SIMULATED
SIM_T38_NEG_BH03_005,T38,NEGATIVE_DRILLING_RESULT,SIM_T38_NEG_BH03,0.0,2.78,drill core (simulated),0.37,5.63,78.62,SIMULATED_ASSAY,SIMULATED
SIM_T38_NEG_BH03_006,T38,NEGATIVE_DRILLING_RESULT,SIM_T38_NEG_BH03,2.78,85.2,drill core (simulated),0.27,3.59,56.05,SIMULATED_ASSAY,SIMULATED
SIM_T38_AMB_BH01_001,T38,AMBIGUOUS_DRILLING_RESULT,SIM_T38_AMB_BH01,0.0,2.06,drill core (simulated),0.65,2.5,67.08,SIMULATED_ASSAY,SIMULATED
SIM_T38_AMB_BH01_002,T38,AMBIGUOUS_DRILLING_RESULT,SIM_T38_AMB_BH01,2.06,18.68,drill core (simulated),0.26,5.74,42.09,SIMULATED_ASSAY,SIMULATED
SIM_T38_AMB_BH01_003,T38,AMBIGUOUS_DRILLING_RESULT,SIM_T38_AMB_BH01,18.68,19.09,drill core (simulated),21.91,5.35,27.16,SIMULATED_ASSAY,SIMULATED
SIM_T38_AMB_BH01_004,T38,AMBIGUOUS_DRILLING_RESULT,SIM_T38_AMB_BH01,19.09,93.6,drill core (simulated),0.23,3.98,55.04,SIMULATED_ASSAY,SIMULATED
SIM_T38_AMB_BH02_005,T38,AMBIGUOUS_DRILLING_RESULT,SIM_T38_AMB_BH02,0.0,2.39,drill core (simulated),0.45,4.18,47.28,SIMULATED_ASSAY,SIMULATED
SIM_T38_AMB_BH02_006,T38,AMBIGUOUS_DRILLING_RESULT,SIM_T38_AMB_BH02,2.39,25.07,drill core (simulated),0.2,4.33,64.45,SIMULATED_ASSAY,SIMULATED
SIM_T38_AMB_BH02_007,T38,AMBIGUOUS_DRILLING_RESULT,SIM_T38_AMB_BH02,25.07,25.68,drill core (simulated),17.49,6.69,31.59,SIMULATED_ASSAY,SIMULATED
SIM_T38_AMB_BH02_008,T38,AMBIGUOUS_DRILLING_RESULT,SIM_T38_AMB_BH02,25.68,58.0,drill core (simulated),0.27,5.63,53.03,SIMULATED_ASSAY,SIMULATED
SIM_T38_AMB_BH03_009,T38,AMBIGUOUS_DRILLING_RESULT,SIM_T38_AMB_BH03,0.0,2.28,drill core (simulated),0.19,3.77,57.58,SIMULATED_ASSAY,SIMULATED
SIM_T38_AMB_BH03_010,T38,AMBIGUOUS_DRILLING_RESULT,SIM_T38_AMB_BH03,2.28,45.86,drill core (simulated),0.46,5.71,54.12,SIMULATED_ASSAY,SIMULATED
SIM_T38_AMB_BH03_011,T38,AMBIGUOUS_DRILLING_RESULT,SIM_T38_AMB_BH03,45.86,46.19,drill core (simulated),12.0,5.16,35.52,SIMULATED_ASSAY,SIMULATED
SIM_T38_AMB_BH03_012,T38,AMBIGUOUS_DRILLING_RESULT,SIM_T38_AMB_BH03,46.19,87.0,drill core (simulated),0.4,5.14,63.72,SIMULATED_ASSAY,SIMULATED
SIM_T39_SS01,T39,POSITIVE_GEOCHEMICAL_SUPPORT,,0.0,0.2,soil / rock chip (simulated),14.09,4.54,49.72,SIMULATED_SCREENING,SIMULATED
SIM_T39_SS02,T39,POSITIVE_GEOCHEMICAL_SUPPORT,,0.0,0.2,soil / rock chip (simulated),10.54,2.78,54.71,SIMULATED_SCREENING,SIMULATED
SIM_T39_SS03,T39,POSITIVE_GEOCHEMICAL_SUPPORT,,0.0,0.2,soil / rock chip (simulated),21.02,2.85,46.76,SIMULATED_SCREENING,SIMULATED
SIM_T39_SS04,T39,POSITIVE_GEOCHEMICAL_SUPPORT,,0.0,0.2,soil / rock chip (simulated),21.91,5.72,42.99,SIMULATED_SCREENING,SIMULATED
SIM_T39_SS05,T39,POSITIVE_GEOCHEMICAL_SUPPORT,,0.0,0.2,soil / rock chip (simulated),10.78,5.1,53.44,SIMULATED_SCREENING,SIMULATED
SIM_T39_SS06,T39,POSITIVE_GEOCHEMICAL_SUPPORT,,0.0,0.2,soil / rock chip (simulated),15.51,4.78,44.81,SIMULATED_SCREENING,SIMULATED
SIM_T39_SS07,T39,POSITIVE_GEOCHEMICAL_SUPPORT,,0.0,0.2,soil / rock chip (simulated),17.39,5.57,48.63,SIMULATED_SCREENING,SIMULATED
SIM_T39_SS08,T39,POSITIVE_GEOCHEMICAL_SUPPORT,,0.0,0.2,soil / rock chip (simulated),15.59,7.02,46.59,SIMULATED_SCREENING,SIMULATED
SIM_T39_POS_BH01_001,T39,POSITIVE_DRILLING_INTERSECTION,SIM_T39_POS_BH01,0.0,2.22,drill core (simulated),0.44,5.35,72.15,SIMULATED_ASSAY,SIMULATED
SIM_T39_POS_BH01_002,T39,POSITIVE_DRILLING_INTERSECTION,SIM_T39_POS_BH01,2.22,39.99,drill core (simulated),0.4,6.51,55.81,SIMULATED_ASSAY,SIMULATED
SIM_T39_POS_BH01_003,T39,POSITIVE_DRILLING_INTERSECTION,SIM_T39_POS_BH01,39.99,41.73,drill core (simulated),23.34,7.57,26.07,SIMULATED_ASSAY,SIMULATED
SIM_T39_POS_BH01_004,T39,POSITIVE_DRILLING_INTERSECTION,SIM_T39_POS_BH01,41.73,63.37,drill core (simulated),0.86,5.85,52.66,SIMULATED_ASSAY,SIMULATED
SIM_T39_POS_BH01_005,T39,POSITIVE_DRILLING_INTERSECTION,SIM_T39_POS_BH01,63.37,65.13,drill core (simulated),28.65,7.31,21.89,SIMULATED_ASSAY,SIMULATED
SIM_T39_POS_BH01_006,T39,POSITIVE_DRILLING_INTERSECTION,SIM_T39_POS_BH01,65.13,78.7,drill core (simulated),0.29,5.01,50.19,SIMULATED_ASSAY,SIMULATED
SIM_T39_POS_BH02_007,T39,POSITIVE_DRILLING_INTERSECTION,SIM_T39_POS_BH02,0.0,2.34,drill core (simulated),0.26,4.34,38.42,SIMULATED_ASSAY,SIMULATED
SIM_T39_POS_BH02_008,T39,POSITIVE_DRILLING_INTERSECTION,SIM_T39_POS_BH02,2.34,43.87,drill core (simulated),0.38,6.8,63.18,SIMULATED_ASSAY,SIMULATED
SIM_T39_POS_BH02_009,T39,POSITIVE_DRILLING_INTERSECTION,SIM_T39_POS_BH02,43.87,45.4,drill core (simulated),26.51,3.87,25.05,SIMULATED_ASSAY,SIMULATED
SIM_T39_POS_BH02_010,T39,POSITIVE_DRILLING_INTERSECTION,SIM_T39_POS_BH02,45.4,68.95,drill core (simulated),0.77,4.39,54.98,SIMULATED_ASSAY,SIMULATED
SIM_T39_POS_BH02_011,T39,POSITIVE_DRILLING_INTERSECTION,SIM_T39_POS_BH02,68.95,70.47,drill core (simulated),32.03,4.62,19.53,SIMULATED_ASSAY,SIMULATED
SIM_T39_POS_BH02_012,T39,POSITIVE_DRILLING_INTERSECTION,SIM_T39_POS_BH02,70.47,82.3,drill core (simulated),0.35,3.77,50.71,SIMULATED_ASSAY,SIMULATED
SIM_T39_POS_BH03_013,T39,POSITIVE_DRILLING_INTERSECTION,SIM_T39_POS_BH03,0.0,2.54,drill core (simulated),0.37,5.92,53.54,SIMULATED_ASSAY,SIMULATED
SIM_T39_POS_BH03_014,T39,POSITIVE_DRILLING_INTERSECTION,SIM_T39_POS_BH03,2.54,46.29,drill core (simulated),0.16,4.27,57.86,SIMULATED_ASSAY,SIMULATED
SIM_T39_POS_BH03_015,T39,POSITIVE_DRILLING_INTERSECTION,SIM_T39_POS_BH03,46.29,48.13,drill core (simulated),30.69,7.95,20.33,SIMULATED_ASSAY,SIMULATED
SIM_T39_POS_BH03_016,T39,POSITIVE_DRILLING_INTERSECTION,SIM_T39_POS_BH03,48.13,64.1,drill core (simulated),2.09,5.94,54.61,SIMULATED_ASSAY,SIMULATED
SIM_T39_NEG_BH01_001,T39,NEGATIVE_DRILLING_RESULT,SIM_T39_NEG_BH01,0.0,2.08,drill core (simulated),0.78,2.69,72.11,SIMULATED_ASSAY,SIMULATED
SIM_T39_NEG_BH01_002,T39,NEGATIVE_DRILLING_RESULT,SIM_T39_NEG_BH01,2.08,51.0,drill core (simulated),0.14,4.94,51.19,SIMULATED_ASSAY,SIMULATED
SIM_T39_NEG_BH02_003,T39,NEGATIVE_DRILLING_RESULT,SIM_T39_NEG_BH02,0.0,2.96,drill core (simulated),0.23,3.1,56.97,SIMULATED_ASSAY,SIMULATED
SIM_T39_NEG_BH02_004,T39,NEGATIVE_DRILLING_RESULT,SIM_T39_NEG_BH02,2.96,75.6,drill core (simulated),0.21,7.12,47.33,SIMULATED_ASSAY,SIMULATED
SIM_T39_NEG_BH03_005,T39,NEGATIVE_DRILLING_RESULT,SIM_T39_NEG_BH03,0.0,2.21,drill core (simulated),0.16,5.52,51.28,SIMULATED_ASSAY,SIMULATED
SIM_T39_NEG_BH03_006,T39,NEGATIVE_DRILLING_RESULT,SIM_T39_NEG_BH03,2.21,81.6,drill core (simulated),0.41,5.86,52.48,SIMULATED_ASSAY,SIMULATED
SIM_T39_AMB_BH01_001,T39,AMBIGUOUS_DRILLING_RESULT,SIM_T39_AMB_BH01,0.0,2.92,drill core (simulated),0.24,5.28,62.4,SIMULATED_ASSAY,SIMULATED
SIM_T39_AMB_BH01_002,T39,AMBIGUOUS_DRILLING_RESULT,SIM_T39_AMB_BH01,2.92,32.7,drill core (simulated),0.3,1.4,61.81,SIMULATED_ASSAY,SIMULATED
SIM_T39_AMB_BH01_003,T39,AMBIGUOUS_DRILLING_RESULT,SIM_T39_AMB_BH01,32.7,33.09,drill core (simulated),19.81,3.88,28.21,SIMULATED_ASSAY,SIMULATED
SIM_T39_AMB_BH01_004,T39,AMBIGUOUS_DRILLING_RESULT,SIM_T39_AMB_BH01,33.09,56.9,drill core (simulated),0.33,6.06,68.06,SIMULATED_ASSAY,SIMULATED
SIM_T39_AMB_BH02_005,T39,AMBIGUOUS_DRILLING_RESULT,SIM_T39_AMB_BH02,0.0,2.28,drill core (simulated),0.33,5.25,51.3,SIMULATED_ASSAY,SIMULATED
SIM_T39_AMB_BH02_006,T39,AMBIGUOUS_DRILLING_RESULT,SIM_T39_AMB_BH02,2.28,20.17,drill core (simulated),0.35,4.77,55.18,SIMULATED_ASSAY,SIMULATED
SIM_T39_AMB_BH02_007,T39,AMBIGUOUS_DRILLING_RESULT,SIM_T39_AMB_BH02,20.17,20.59,drill core (simulated),13.16,5.58,34.47,SIMULATED_ASSAY,SIMULATED
SIM_T39_AMB_BH02_008,T39,AMBIGUOUS_DRILLING_RESULT,SIM_T39_AMB_BH02,20.59,79.9,drill core (simulated),0.31,4.43,60.49,SIMULATED_ASSAY,SIMULATED
SIM_T39_AMB_BH03_009,T39,AMBIGUOUS_DRILLING_RESULT,SIM_T39_AMB_BH03,0.0,2.65,drill core (simulated),0.27,6.14,48.4,SIMULATED_ASSAY,SIMULATED
SIM_T39_AMB_BH03_010,T39,AMBIGUOUS_DRILLING_RESULT,SIM_T39_AMB_BH03,2.65,16.07,drill core (simulated),0.76,6.11,65.67,SIMULATED_ASSAY,SIMULATED
SIM_T39_AMB_BH03_011,T39,AMBIGUOUS_DRILLING_RESULT,SIM_T39_AMB_BH03,16.07,16.5,drill core (simulated),15.93,6.27,32.16,SIMULATED_ASSAY,SIMULATED
SIM_T39_AMB_BH03_012,T39,AMBIGUOUS_DRILLING_RESULT,SIM_T39_AMB_BH03,16.5,56.0,drill core (simulated),0.63,4.74,53.94,SIMULATED_ASSAY,SIMULATED
SIM_T40_SS01,T40,POSITIVE_GEOCHEMICAL_SUPPORT,,0.0,0.2,soil / rock chip (simulated),16.51,5.13,52.04,SIMULATED_SCREENING,SIMULATED
SIM_T40_SS02,T40,POSITIVE_GEOCHEMICAL_SUPPORT,,0.0,0.2,soil / rock chip (simulated),19.29,5.32,43.72,SIMULATED_SCREENING,SIMULATED
SIM_T40_SS03,T40,POSITIVE_GEOCHEMICAL_SUPPORT,,0.0,0.2,soil / rock chip (simulated),17.17,4.92,46.75,SIMULATED_SCREENING,SIMULATED
SIM_T40_SS04,T40,POSITIVE_GEOCHEMICAL_SUPPORT,,0.0,0.2,soil / rock chip (simulated),38.31,3.15,37.02,SIMULATED_SCREENING,SIMULATED
SIM_T40_SS05,T40,POSITIVE_GEOCHEMICAL_SUPPORT,,0.0,0.2,soil / rock chip (simulated),11.09,5.16,62.51,SIMULATED_SCREENING,SIMULATED
SIM_T40_SS06,T40,POSITIVE_GEOCHEMICAL_SUPPORT,,0.0,0.2,soil / rock chip (simulated),10.71,4.13,52.43,SIMULATED_SCREENING,SIMULATED
SIM_T40_SS07,T40,POSITIVE_GEOCHEMICAL_SUPPORT,,0.0,0.2,soil / rock chip (simulated),11.15,6.06,50.06,SIMULATED_SCREENING,SIMULATED
SIM_T40_SS08,T40,POSITIVE_GEOCHEMICAL_SUPPORT,,0.0,0.2,soil / rock chip (simulated),18.86,3.4,39.57,SIMULATED_SCREENING,SIMULATED
SIM_T40_POS_BH01_001,T40,POSITIVE_DRILLING_INTERSECTION,SIM_T40_POS_BH01,0.0,2.22,drill core (simulated),0.36,5.69,62.26,SIMULATED_ASSAY,SIMULATED
SIM_T40_POS_BH01_002,T40,POSITIVE_DRILLING_INTERSECTION,SIM_T40_POS_BH01,2.22,28.05,drill core (simulated),0.26,6.12,56.64,SIMULATED_ASSAY,SIMULATED
SIM_T40_POS_BH01_003,T40,POSITIVE_DRILLING_INTERSECTION,SIM_T40_POS_BH01,28.05,29.71,drill core (simulated),27.74,4.86,24.07,SIMULATED_ASSAY,SIMULATED
SIM_T40_POS_BH01_004,T40,POSITIVE_DRILLING_INTERSECTION,SIM_T40_POS_BH01,29.71,85.0,drill core (simulated),0.38,3.69,50.21,SIMULATED_ASSAY,SIMULATED
SIM_T40_POS_BH02_005,T40,POSITIVE_DRILLING_INTERSECTION,SIM_T40_POS_BH02,0.0,2.67,drill core (simulated),0.19,6.96,50.33,SIMULATED_ASSAY,SIMULATED
SIM_T40_POS_BH02_006,T40,POSITIVE_DRILLING_INTERSECTION,SIM_T40_POS_BH02,2.67,25.03,drill core (simulated),0.51,3.76,54.61,SIMULATED_ASSAY,SIMULATED
SIM_T40_POS_BH02_007,T40,POSITIVE_DRILLING_INTERSECTION,SIM_T40_POS_BH02,25.03,26.91,drill core (simulated),27.95,5.57,22.94,SIMULATED_ASSAY,SIMULATED
SIM_T40_POS_BH02_008,T40,POSITIVE_DRILLING_INTERSECTION,SIM_T40_POS_BH02,26.91,28.55,drill core (simulated),44.0,7.96,11.08,SIMULATED_ASSAY,SIMULATED
SIM_T40_POS_BH02_009,T40,POSITIVE_DRILLING_INTERSECTION,SIM_T40_POS_BH02,28.55,58.2,drill core (simulated),0.55,4.48,61.59,SIMULATED_ASSAY,SIMULATED
SIM_T40_POS_BH03_010,T40,POSITIVE_DRILLING_INTERSECTION,SIM_T40_POS_BH03,0.0,2.14,drill core (simulated),0.45,4.6,53.97,SIMULATED_ASSAY,SIMULATED
SIM_T40_POS_BH03_011,T40,POSITIVE_DRILLING_INTERSECTION,SIM_T40_POS_BH03,2.14,19.6,drill core (simulated),0.21,6.17,73.44,SIMULATED_ASSAY,SIMULATED
SIM_T40_POS_BH03_012,T40,POSITIVE_DRILLING_INTERSECTION,SIM_T40_POS_BH03,19.6,21.13,drill core (simulated),30.11,5.94,20.46,SIMULATED_ASSAY,SIMULATED
SIM_T40_POS_BH03_013,T40,POSITIVE_DRILLING_INTERSECTION,SIM_T40_POS_BH03,21.13,43.61,drill core (simulated),0.42,3.57,61.18,SIMULATED_ASSAY,SIMULATED
SIM_T40_POS_BH03_014,T40,POSITIVE_DRILLING_INTERSECTION,SIM_T40_POS_BH03,43.61,45.39,drill core (simulated),27.51,4.25,23.23,SIMULATED_ASSAY,SIMULATED
SIM_T40_POS_BH03_015,T40,POSITIVE_DRILLING_INTERSECTION,SIM_T40_POS_BH03,45.39,64.5,drill core (simulated),0.58,5.16,47.03,SIMULATED_ASSAY,SIMULATED
SIM_T40_NEG_BH01_001,T40,NEGATIVE_DRILLING_RESULT,SIM_T40_NEG_BH01,0.0,2.99,drill core (simulated),1.0,4.57,63.6,SIMULATED_ASSAY,SIMULATED
SIM_T40_NEG_BH01_002,T40,NEGATIVE_DRILLING_RESULT,SIM_T40_NEG_BH01,2.99,86.5,drill core (simulated),0.37,5.47,64.64,SIMULATED_ASSAY,SIMULATED
SIM_T40_NEG_BH02_003,T40,NEGATIVE_DRILLING_RESULT,SIM_T40_NEG_BH02,0.0,2.02,drill core (simulated),0.42,4.45,54.55,SIMULATED_ASSAY,SIMULATED
SIM_T40_NEG_BH02_004,T40,NEGATIVE_DRILLING_RESULT,SIM_T40_NEG_BH02,2.02,79.5,drill core (simulated),0.51,6.42,56.61,SIMULATED_ASSAY,SIMULATED
SIM_T40_NEG_BH03_005,T40,NEGATIVE_DRILLING_RESULT,SIM_T40_NEG_BH03,0.0,2.89,drill core (simulated),0.15,4.82,67.66,SIMULATED_ASSAY,SIMULATED
SIM_T40_NEG_BH03_006,T40,NEGATIVE_DRILLING_RESULT,SIM_T40_NEG_BH03,2.89,97.8,drill core (simulated),0.59,3.85,60.42,SIMULATED_ASSAY,SIMULATED
SIM_T40_AMB_BH01_001,T40,AMBIGUOUS_DRILLING_RESULT,SIM_T40_AMB_BH01,0.0,2.09,drill core (simulated),0.31,3.98,61.53,SIMULATED_ASSAY,SIMULATED
SIM_T40_AMB_BH01_002,T40,AMBIGUOUS_DRILLING_RESULT,SIM_T40_AMB_BH01,2.09,59.45,drill core (simulated),0.37,5.18,42.27,SIMULATED_ASSAY,SIMULATED
SIM_T40_AMB_BH01_003,T40,AMBIGUOUS_DRILLING_RESULT,SIM_T40_AMB_BH01,59.45,59.82,drill core (simulated),16.7,6.01,32.13,SIMULATED_ASSAY,SIMULATED
SIM_T40_AMB_BH01_004,T40,AMBIGUOUS_DRILLING_RESULT,SIM_T40_AMB_BH01,59.82,84.7,drill core (simulated),0.21,3.18,45.45,SIMULATED_ASSAY,SIMULATED
SIM_T40_AMB_BH02_005,T40,AMBIGUOUS_DRILLING_RESULT,SIM_T40_AMB_BH02,0.0,2.19,drill core (simulated),0.76,6.13,51.51,SIMULATED_ASSAY,SIMULATED
SIM_T40_AMB_BH02_006,T40,AMBIGUOUS_DRILLING_RESULT,SIM_T40_AMB_BH02,2.19,11.39,drill core (simulated),0.19,6.61,58.61,SIMULATED_ASSAY,SIMULATED
SIM_T40_AMB_BH02_007,T40,AMBIGUOUS_DRILLING_RESULT,SIM_T40_AMB_BH02,11.39,12.13,drill core (simulated),19.74,6.76,29.24,SIMULATED_ASSAY,SIMULATED
SIM_T40_AMB_BH02_008,T40,AMBIGUOUS_DRILLING_RESULT,SIM_T40_AMB_BH02,12.13,52.2,drill core (simulated),0.28,4.96,60.85,SIMULATED_ASSAY,SIMULATED
SIM_T40_AMB_BH03_009,T40,AMBIGUOUS_DRILLING_RESULT,SIM_T40_AMB_BH03,0.0,2.82,drill core (simulated),0.87,6.1,63.74,SIMULATED_ASSAY,SIMULATED
SIM_T40_AMB_BH03_010,T40,AMBIGUOUS_DRILLING_RESULT,SIM_T40_AMB_BH03,2.82,19.5,drill core (simulated),0.72,4.75,67.42,SIMULATED_ASSAY,SIMULATED
SIM_T40_AMB_BH03_011,T40,AMBIGUOUS_DRILLING_RESULT,SIM_T40_AMB_BH03,19.5,20.18,drill core (simulated),10.57,7.17,36.71,SIMULATED_ASSAY,SIMULATED
SIM_T40_AMB_BH03_012,T40,AMBIGUOUS_DRILLING_RESULT,SIM_T40_AMB_BH03,20.18,94.2,drill core (simulated),0.91,5.93,69.67,SIMULATED_ASSAY,SIMULATED
