borehole_id,target_id,scenario,depth_from_m,depth_to_m,interval_thickness_m,formation,host_lithology,weathering_zone,manganese_presence,mn_grade_pct,grade_category,confidence,evidence_level,provenance
SIM_T01_POS_BH01,T01,POSITIVE_DRILLING_INTERSECTION,0.0,2.15,2.15,Sausar Group,weathered zone / laterite cover,True,False,0.57,BELOW 25% Mn,MODERATE,3,SIMULATED
SIM_T01_POS_BH01,T01,POSITIVE_DRILLING_INTERSECTION,2.15,14.21,12.06,Sausar Group,quartz-mica schist / calc-silicate (host),True,False,0.45,BELOW 25% Mn,MODERATE,3,SIMULATED
SIM_T01_POS_BH01,T01,POSITIVE_DRILLING_INTERSECTION,14.21,15.95,1.74,Sausar Group,Mn ore / gondite horizon H3 (Mansar/Lohangi-Sitasaongi contact),True,True,36.85,MEDIUM (35-46% Mn),MODERATE,3,SIMULATED
SIM_T01_POS_BH01,T01,POSITIVE_DRILLING_INTERSECTION,15.95,16.3,0.35,Sausar Group,quartz-mica schist / calc-silicate (host),False,False,0.47,BELOW 25% Mn,MODERATE,3,SIMULATED
SIM_T01_POS_BH01,T01,POSITIVE_DRILLING_INTERSECTION,16.3,17.91,1.61,Sausar Group,Mn ore / gondite horizon H2 (within Mansar Formation),False,True,29.08,LOW (25-35% Mn),MODERATE,3,SIMULATED
SIM_T01_POS_BH01,T01,POSITIVE_DRILLING_INTERSECTION,17.91,52.2,34.29,Sausar Group,quartz-mica schist / calc-silicate (host),False,False,0.82,BELOW 25% Mn,MODERATE,3,SIMULATED
SIM_T01_POS_BH02,T01,POSITIVE_DRILLING_INTERSECTION,0.0,2.55,2.55,Sausar Group,weathered zone / laterite cover,True,False,0.52,BELOW 25% Mn,MODERATE,3,SIMULATED
SIM_T01_POS_BH02,T01,POSITIVE_DRILLING_INTERSECTION,2.55,37.06,34.51,Sausar Group,quartz-mica schist / calc-silicate (host),True,False,0.44,BELOW 25% Mn,MODERATE,3,SIMULATED
SIM_T01_POS_BH02,T01,POSITIVE_DRILLING_INTERSECTION,37.06,38.68,1.62,Sausar Group,Mn ore / gondite horizon H3 (Mansar/Lohangi-Sitasaongi contact),False,True,28.38,LOW (25-35% Mn),MODERATE,3,SIMULATED
SIM_T01_POS_BH02,T01,POSITIVE_DRILLING_INTERSECTION,38.68,61.71,23.03,Sausar Group,quartz-mica schist / calc-silicate (host),False,False,0.22,BELOW 25% Mn,MODERATE,3,SIMULATED
SIM_T01_POS_BH02,T01,POSITIVE_DRILLING_INTERSECTION,61.71,63.24,1.53,Sausar Group,Mn ore / gondite horizon H1 (Mansar/Chorbaoli contact),False,True,34.86,LOW (25-35% Mn),MODERATE,3,SIMULATED
SIM_T01_POS_BH02,T01,POSITIVE_DRILLING_INTERSECTION,63.24,81.7,18.46,Sausar Group,quartz-mica schist / calc-silicate (host),False,False,0.38,BELOW 25% Mn,MODERATE,3,SIMULATED
SIM_T01_POS_BH03,T01,POSITIVE_DRILLING_INTERSECTION,0.0,2.96,2.96,Sausar Group,weathered zone / laterite cover,True,False,0.35,BELOW 25% Mn,MODERATE,3,SIMULATED
SIM_T01_POS_BH03,T01,POSITIVE_DRILLING_INTERSECTION,2.96,37.47,34.51,Sausar Group,quartz-mica schist / calc-silicate (host),True,False,0.17,BELOW 25% Mn,MODERATE,3,SIMULATED
SIM_T01_POS_BH03,T01,POSITIVE_DRILLING_INTERSECTION,37.47,39.19,1.72,Sausar Group,Mn ore / gondite horizon H1 (Mansar/Chorbaoli contact),False,True,24.82,BELOW 25% Mn,MODERATE,3,SIMULATED
SIM_T01_POS_BH03,T01,POSITIVE_DRILLING_INTERSECTION,39.19,55.9,16.71,Sausar Group,quartz-mica schist / calc-silicate (host),False,False,0.45,BELOW 25% Mn,MODERATE,3,SIMULATED
SIM_T01_NEG_BH01,T01,NEGATIVE_DRILLING_RESULT,0.0,2.33,2.33,Sausar Group,weathered zone / laterite cover,True,False,0.25,BELOW 25% Mn,MODERATE,3,SIMULATED
SIM_T01_NEG_BH01,T01,NEGATIVE_DRILLING_RESULT,2.33,74.7,72.37,Sausar Group,quartz-mica schist / calc-silicate (host),True,False,0.34,BELOW 25% Mn,MODERATE,3,SIMULATED
SIM_T01_NEG_BH02,T01,NEGATIVE_DRILLING_RESULT,0.0,2.49,2.49,Sausar Group,weathered zone / laterite cover,True,False,0.26,BELOW 25% Mn,MODERATE,3,SIMULATED
SIM_T01_NEG_BH02,T01,NEGATIVE_DRILLING_RESULT,2.49,74.3,71.81,Sausar Group,quartz-mica schist / calc-silicate (host),True,False,0.68,BELOW 25% Mn,MODERATE,3,SIMULATED
SIM_T01_NEG_BH03,T01,NEGATIVE_DRILLING_RESULT,0.0,2.28,2.28,Sausar Group,weathered zone / laterite cover,True,False,0.3,BELOW 25% Mn,MODERATE,3,SIMULATED
SIM_T01_NEG_BH03,T01,NEGATIVE_DRILLING_RESULT,2.28,83.6,81.32,Sausar Group,quartz-mica schist / calc-silicate (host),True,False,1.13,BELOW 25% Mn,MODERATE,3,SIMULATED
SIM_T01_AMB_BH01,T01,AMBIGUOUS_DRILLING_RESULT,0.0,2.94,2.94,Sausar Group,weathered zone / laterite cover,True,False,0.38,BELOW 25% Mn,LOW,3,SIMULATED
SIM_T01_AMB_BH01,T01,AMBIGUOUS_DRILLING_RESULT,2.94,49.28,46.35,Sausar Group,quartz-mica schist / calc-silicate (host),True,False,0.34,BELOW 25% Mn,LOW,3,SIMULATED
SIM_T01_AMB_BH01,T01,AMBIGUOUS_DRILLING_RESULT,49.28,50.16,0.88,Sausar Group,Mn ore / gondite horizon H3 (Mansar/Lohangi-Sitasaongi contact),False,True,17.26,BELOW 25% Mn,LOW,3,SIMULATED
SIM_T01_AMB_BH01,T01,AMBIGUOUS_DRILLING_RESULT,50.16,62.8,12.64,Sausar Group,quartz-mica schist / calc-silicate (host),False,False,0.96,BELOW 25% Mn,LOW,3,SIMULATED
SIM_T01_AMB_BH02,T01,AMBIGUOUS_DRILLING_RESULT,0.0,2.2,2.2,Sausar Group,weathered zone / laterite cover,True,False,0.52,BELOW 25% Mn,LOW,3,SIMULATED
SIM_T01_AMB_BH02,T01,AMBIGUOUS_DRILLING_RESULT,2.2,16.81,14.62,Sausar Group,quartz-mica schist / calc-silicate (host),True,False,0.21,BELOW 25% Mn,LOW,3,SIMULATED
SIM_T01_AMB_BH02,T01,AMBIGUOUS_DRILLING_RESULT,16.81,17.2,0.39,Sausar Group,Mn ore / gondite horizon H2 (within Mansar Formation),False,True,10.38,BELOW 25% Mn,LOW,3,SIMULATED
SIM_T01_AMB_BH02,T01,AMBIGUOUS_DRILLING_RESULT,17.2,93.7,76.5,Sausar Group,quartz-mica schist / calc-silicate (host),False,False,0.35,BELOW 25% Mn,LOW,3,SIMULATED
SIM_T01_AMB_BH03,T01,AMBIGUOUS_DRILLING_RESULT,0.0,2.02,2.02,Sausar Group,weathered zone / laterite cover,True,False,0.26,BELOW 25% Mn,LOW,3,SIMULATED
SIM_T01_AMB_BH03,T01,AMBIGUOUS_DRILLING_RESULT,2.02,43.78,41.76,Sausar Group,quartz-mica schist / calc-silicate (host),True,False,0.49,BELOW 25% Mn,LOW,3,SIMULATED
SIM_T01_AMB_BH03,T01,AMBIGUOUS_DRILLING_RESULT,43.78,44.53,0.75,Sausar Group,Mn ore / gondite horizon H1 (Mansar/Chorbaoli contact),False,False,7.96,BELOW 25% Mn,LOW,3,SIMULATED
SIM_T01_AMB_BH03,T01,AMBIGUOUS_DRILLING_RESULT,44.53,96.2,51.67,Sausar Group,quartz-mica schist / calc-silicate (host),False,False,0.3,BELOW 25% Mn,LOW,3,SIMULATED
SIM_T02_POS_BH01,T02,POSITIVE_DRILLING_INTERSECTION,0.0,2.24,2.24,Sausar Group,weathered zone / laterite cover,True,False,0.17,BELOW 25% Mn,MODERATE,3,SIMULATED
SIM_T02_POS_BH01,T02,POSITIVE_DRILLING_INTERSECTION,2.24,14.81,12.58,Sausar Group,quartz-mica schist / calc-silicate (host),True,False,0.32,BELOW 25% Mn,MODERATE,3,SIMULATED
SIM_T02_POS_BH01,T02,POSITIVE_DRILLING_INTERSECTION,14.81,16.34,1.53,Sausar Group,Mn ore / gondite horizon H1 (Mansar/Chorbaoli contact),True,True,34.22,LOW (25-35% Mn),MODERATE,3,SIMULATED
SIM_T02_POS_BH01,T02,POSITIVE_DRILLING_INTERSECTION,16.34,43.94,27.6,Sausar Group,quartz-mica schist / calc-silicate (host),False,False,0.77,BELOW 25% Mn,MODERATE,3,SIMULATED
SIM_T02_POS_BH01,T02,POSITIVE_DRILLING_INTERSECTION,43.94,45.9,1.96,Sausar Group,Mn ore / gondite horizon H2 (within Mansar Formation),False,True,33.11,LOW (25-35% Mn),MODERATE,3,SIMULATED
SIM_T02_POS_BH01,T02,POSITIVE_DRILLING_INTERSECTION,45.9,59.1,13.2,Sausar Group,quartz-mica schist / calc-silicate (host),False,False,0.5,BELOW 25% Mn,MODERATE,3,SIMULATED
SIM_T02_POS_BH02,T02,POSITIVE_DRILLING_INTERSECTION,0.0,2.69,2.69,Sausar Group,weathered zone / laterite cover,True,False,0.35,BELOW 25% Mn,MODERATE,3,SIMULATED
SIM_T02_POS_BH02,T02,POSITIVE_DRILLING_INTERSECTION,2.69,37.49,34.8,Sausar Group,quartz-mica schist / calc-silicate (host),True,False,0.23,BELOW 25% Mn,MODERATE,3,SIMULATED
SIM_T02_POS_BH02,T02,POSITIVE_DRILLING_INTERSECTION,37.49,39.31,1.83,Sausar Group,Mn ore / gondite horizon H3 (Mansar/Lohangi-Sitasaongi contact),False,True,37.71,MEDIUM (35-46% Mn),MODERATE,3,SIMULATED
SIM_T02_POS_BH02,T02,POSITIVE_DRILLING_INTERSECTION,39.31,52.02,12.71,Sausar Group,quartz-mica schist / calc-silicate (host),False,False,0.18,BELOW 25% Mn,MODERATE,3,SIMULATED
SIM_T02_POS_BH02,T02,POSITIVE_DRILLING_INTERSECTION,52.02,53.93,1.9,Sausar Group,Mn ore / gondite horizon H2 (within Mansar Formation),False,True,40.31,MEDIUM (35-46% Mn),MODERATE,3,SIMULATED
SIM_T02_POS_BH02,T02,POSITIVE_DRILLING_INTERSECTION,53.93,69.0,15.07,Sausar Group,quartz-mica schist / calc-silicate (host),False,False,0.24,BELOW 25% Mn,MODERATE,3,SIMULATED
SIM_T02_POS_BH03,T02,POSITIVE_DRILLING_INTERSECTION,0.0,2.56,2.56,Sausar Group,weathered zone / laterite cover,True,False,0.3,BELOW 25% Mn,MODERATE,3,SIMULATED
SIM_T02_POS_BH03,T02,POSITIVE_DRILLING_INTERSECTION,2.56,30.27,27.71,Sausar Group,quartz-mica schist / calc-silicate (host),True,False,0.49,BELOW 25% Mn,MODERATE,3,SIMULATED
SIM_T02_POS_BH03,T02,POSITIVE_DRILLING_INTERSECTION,30.27,32.07,1.8,Sausar Group,Mn ore / gondite horizon H3 (Mansar/Lohangi-Sitasaongi contact),False,True,37.6,MEDIUM (35-46% Mn),MODERATE,3,SIMULATED
SIM_T02_POS_BH03,T02,POSITIVE_DRILLING_INTERSECTION,32.07,58.6,26.53,Sausar Group,quartz-mica schist / calc-silicate (host),False,False,0.45,BELOW 25% Mn,MODERATE,3,SIMULATED
SIM_T02_NEG_BH01,T02,NEGATIVE_DRILLING_RESULT,0.0,2.73,2.73,Sausar Group,weathered zone / laterite cover,True,False,0.42,BELOW 25% Mn,MODERATE,3,SIMULATED
SIM_T02_NEG_BH01,T02,NEGATIVE_DRILLING_RESULT,2.73,69.2,66.47,Sausar Group,quartz-mica schist / calc-silicate (host),True,False,0.56,BELOW 25% Mn,MODERATE,3,SIMULATED
SIM_T02_NEG_BH02,T02,NEGATIVE_DRILLING_RESULT,0.0,2.01,2.01,Sausar Group,weathered zone / laterite cover,True,False,0.27,BELOW 25% Mn,MODERATE,3,SIMULATED
SIM_T02_NEG_BH02,T02,NEGATIVE_DRILLING_RESULT,2.01,84.3,82.29,Sausar Group,quartz-mica schist / calc-silicate (host),True,False,0.18,BELOW 25% Mn,MODERATE,3,SIMULATED
SIM_T02_NEG_BH03,T02,NEGATIVE_DRILLING_RESULT,0.0,3.0,3.0,Sausar Group,weathered zone / laterite cover,True,False,0.51,BELOW 25% Mn,MODERATE,3,SIMULATED
SIM_T02_NEG_BH03,T02,NEGATIVE_DRILLING_RESULT,3.0,55.3,52.3,Sausar Group,quartz-mica schist / calc-silicate (host),True,False,0.6,BELOW 25% Mn,MODERATE,3,SIMULATED
SIM_T02_AMB_BH01,T02,AMBIGUOUS_DRILLING_RESULT,0.0,2.24,2.24,Sausar Group,weathered zone / laterite cover,True,False,0.4,BELOW 25% Mn,LOW,3,SIMULATED
SIM_T02_AMB_BH01,T02,AMBIGUOUS_DRILLING_RESULT,2.24,62.9,60.67,Sausar Group,quartz-mica schist / calc-silicate (host),True,False,0.28,BELOW 25% Mn,LOW,3,SIMULATED
SIM_T02_AMB_BH01,T02,AMBIGUOUS_DRILLING_RESULT,62.9,63.74,0.83,Sausar Group,Mn ore / gondite horizon H3 (Mansar/Lohangi-Sitasaongi contact),False,True,22.1,BELOW 25% Mn,LOW,3,SIMULATED
SIM_T02_AMB_BH01,T02,AMBIGUOUS_DRILLING_RESULT,63.74,90.1,26.36,Sausar Group,quartz-mica schist / calc-silicate (host),False,False,0.47,BELOW 25% Mn,LOW,3,SIMULATED
SIM_T02_AMB_BH02,T02,AMBIGUOUS_DRILLING_RESULT,0.0,2.09,2.09,Sausar Group,weathered zone / laterite cover,True,False,0.32,BELOW 25% Mn,LOW,3,SIMULATED
SIM_T02_AMB_BH02,T02,AMBIGUOUS_DRILLING_RESULT,2.09,33.27,31.17,Sausar Group,quartz-mica schist / calc-silicate (host),True,False,0.71,BELOW 25% Mn,LOW,3,SIMULATED
SIM_T02_AMB_BH02,T02,AMBIGUOUS_DRILLING_RESULT,33.27,34.03,0.76,Sausar Group,Mn ore / gondite horizon H1 (Mansar/Chorbaoli contact),False,True,28.42,LOW (25-35% Mn),LOW,3,SIMULATED
SIM_T02_AMB_BH02,T02,AMBIGUOUS_DRILLING_RESULT,34.03,58.7,24.67,Sausar Group,quartz-mica schist / calc-silicate (host),False,False,0.45,BELOW 25% Mn,LOW,3,SIMULATED
SIM_T02_AMB_BH03,T02,AMBIGUOUS_DRILLING_RESULT,0.0,2.41,2.41,Sausar Group,weathered zone / laterite cover,True,False,0.25,BELOW 25% Mn,LOW,3,SIMULATED
SIM_T02_AMB_BH03,T02,AMBIGUOUS_DRILLING_RESULT,2.41,32.61,30.2,Sausar Group,quartz-mica schist / calc-silicate (host),True,False,0.45,BELOW 25% Mn,LOW,3,SIMULATED
SIM_T02_AMB_BH03,T02,AMBIGUOUS_DRILLING_RESULT,32.61,33.07,0.47,Sausar Group,Mn ore / gondite horizon H2 (within Mansar Formation),False,True,11.29,BELOW 25% Mn,LOW,3,SIMULATED
SIM_T02_AMB_BH03,T02,AMBIGUOUS_DRILLING_RESULT,33.07,70.6,37.53,Sausar Group,quartz-mica schist / calc-silicate (host),False,False,0.47,BELOW 25% Mn,LOW,3,SIMULATED
SIM_T03_POS_BH01,T03,POSITIVE_DRILLING_INTERSECTION,0.0,2.21,2.21,Sausar Group,weathered zone / laterite cover,True,False,0.78,BELOW 25% Mn,MODERATE,3,SIMULATED
SIM_T03_POS_BH01,T03,POSITIVE_DRILLING_INTERSECTION,2.21,28.25,26.04,Sausar Group,quartz-mica schist / calc-silicate (host),True,False,0.83,BELOW 25% Mn,MODERATE,3,SIMULATED
SIM_T03_POS_BH01,T03,POSITIVE_DRILLING_INTERSECTION,28.25,30.17,1.92,Sausar Group,Mn ore / gondite horizon H3 (Mansar/Lohangi-Sitasaongi contact),False,True,29.34,LOW (25-35% Mn),MODERATE,3,SIMULATED
SIM_T03_POS_BH01,T03,POSITIVE_DRILLING_INTERSECTION,30.17,50.5,20.33,Sausar Group,quartz-mica schist / calc-silicate (host),False,False,0.48,BELOW 25% Mn,MODERATE,3,SIMULATED
SIM_T03_POS_BH02,T03,POSITIVE_DRILLING_INTERSECTION,0.0,2.08,2.08,Sausar Group,weathered zone / laterite cover,True,False,0.43,BELOW 25% Mn,MODERATE,3,SIMULATED
SIM_T03_POS_BH02,T03,POSITIVE_DRILLING_INTERSECTION,2.08,47.04,44.96,Sausar Group,quartz-mica schist / calc-silicate (host),True,False,0.49,BELOW 25% Mn,MODERATE,3,SIMULATED
SIM_T03_POS_BH02,T03,POSITIVE_DRILLING_INTERSECTION,47.04,48.93,1.88,Sausar Group,Mn ore / gondite horizon H3 (Mansar/Lohangi-Sitasaongi contact),False,True,31.27,LOW (25-35% Mn),MODERATE,3,SIMULATED
SIM_T03_POS_BH02,T03,POSITIVE_DRILLING_INTERSECTION,48.93,74.7,25.77,Sausar Group,quartz-mica schist / calc-silicate (host),False,False,0.23,BELOW 25% Mn,MODERATE,3,SIMULATED
SIM_T03_POS_BH03,T03,POSITIVE_DRILLING_INTERSECTION,0.0,2.18,2.18,Sausar Group,weathered zone / laterite cover,True,False,0.39,BELOW 25% Mn,MODERATE,3,SIMULATED
SIM_T03_POS_BH03,T03,POSITIVE_DRILLING_INTERSECTION,2.18,31.15,28.97,Sausar Group,quartz-mica schist / calc-silicate (host),True,False,0.2,BELOW 25% Mn,MODERATE,3,SIMULATED
SIM_T03_POS_BH03,T03,POSITIVE_DRILLING_INTERSECTION,31.15,32.95,1.8,Sausar Group,Mn ore / gondite horizon H3 (Mansar/Lohangi-Sitasaongi contact),False,True,31.37,LOW (25-35% Mn),MODERATE,3,SIMULATED
SIM_T03_POS_BH03,T03,POSITIVE_DRILLING_INTERSECTION,32.95,81.5,48.55,Sausar Group,quartz-mica schist / calc-silicate (host),False,False,0.33,BELOW 25% Mn,MODERATE,3,SIMULATED
SIM_T03_NEG_BH01,T03,NEGATIVE_DRILLING_RESULT,0.0,2.98,2.98,Sausar Group,weathered zone / laterite cover,True,False,0.32,BELOW 25% Mn,MODERATE,3,SIMULATED
SIM_T03_NEG_BH01,T03,NEGATIVE_DRILLING_RESULT,2.98,98.5,95.52,Sausar Group,quartz-mica schist / calc-silicate (host),True,False,0.17,BELOW 25% Mn,MODERATE,3,SIMULATED
SIM_T03_NEG_BH02,T03,NEGATIVE_DRILLING_RESULT,0.0,2.92,2.92,Sausar Group,weathered zone / laterite cover,True,False,0.24,BELOW 25% Mn,MODERATE,3,SIMULATED
SIM_T03_NEG_BH02,T03,NEGATIVE_DRILLING_RESULT,2.92,90.1,87.18,Sausar Group,quartz-mica schist / calc-silicate (host),True,False,0.26,BELOW 25% Mn,MODERATE,3,SIMULATED
SIM_T03_NEG_BH03,T03,NEGATIVE_DRILLING_RESULT,0.0,2.86,2.86,Sausar Group,weathered zone / laterite cover,True,False,0.3,BELOW 25% Mn,MODERATE,3,SIMULATED
SIM_T03_NEG_BH03,T03,NEGATIVE_DRILLING_RESULT,2.86,81.1,78.24,Sausar Group,quartz-mica schist / calc-silicate (host),True,False,0.13,BELOW 25% Mn,MODERATE,3,SIMULATED
SIM_T03_AMB_BH01,T03,AMBIGUOUS_DRILLING_RESULT,0.0,2.19,2.19,Sausar Group,weathered zone / laterite cover,True,False,0.38,BELOW 25% Mn,LOW,3,SIMULATED
SIM_T03_AMB_BH01,T03,AMBIGUOUS_DRILLING_RESULT,2.19,80.4,78.21,Sausar Group,quartz-mica schist / calc-silicate (host),True,False,0.35,BELOW 25% Mn,LOW,3,SIMULATED
SIM_T03_AMB_BH01,T03,AMBIGUOUS_DRILLING_RESULT,80.4,80.93,0.53,Sausar Group,Mn ore / gondite horizon H2 (within Mansar Formation),False,True,11.68,BELOW 25% Mn,LOW,3,SIMULATED
SIM_T03_AMB_BH01,T03,AMBIGUOUS_DRILLING_RESULT,80.93,94.3,13.37,Sausar Group,quartz-mica schist / calc-silicate (host),False,False,0.26,BELOW 25% Mn,LOW,3,SIMULATED
SIM_T03_AMB_BH02,T03,AMBIGUOUS_DRILLING_RESULT,0.0,2.54,2.54,Sausar Group,weathered zone / laterite cover,True,False,0.45,BELOW 25% Mn,LOW,3,SIMULATED
SIM_T03_AMB_BH02,T03,AMBIGUOUS_DRILLING_RESULT,2.54,46.83,44.29,Sausar Group,quartz-mica schist / calc-silicate (host),True,False,0.51,BELOW 25% Mn,LOW,3,SIMULATED
SIM_T03_AMB_BH02,T03,AMBIGUOUS_DRILLING_RESULT,46.83,47.54,0.71,Sausar Group,Mn ore / gondite horizon H3 (Mansar/Lohangi-Sitasaongi contact),False,True,16.56,BELOW 25% Mn,LOW,3,SIMULATED
SIM_T03_AMB_BH02,T03,AMBIGUOUS_DRILLING_RESULT,47.54,87.6,40.06,Sausar Group,quartz-mica schist / calc-silicate (host),False,False,0.74,BELOW 25% Mn,LOW,3,SIMULATED
SIM_T03_AMB_BH03,T03,AMBIGUOUS_DRILLING_RESULT,0.0,2.65,2.65,Sausar Group,weathered zone / laterite cover,True,False,0.12,BELOW 25% Mn,LOW,3,SIMULATED
SIM_T03_AMB_BH03,T03,AMBIGUOUS_DRILLING_RESULT,2.65,45.76,43.1,Sausar Group,quartz-mica schist / calc-silicate (host),True,False,0.69,BELOW 25% Mn,LOW,3,SIMULATED
SIM_T03_AMB_BH03,T03,AMBIGUOUS_DRILLING_RESULT,45.76,46.09,0.33,Sausar Group,Mn ore / gondite horizon H3 (Mansar/Lohangi-Sitasaongi contact),False,True,21.59,BELOW 25% Mn,LOW,3,SIMULATED
SIM_T03_AMB_BH03,T03,AMBIGUOUS_DRILLING_RESULT,46.09,55.1,9.01,Sausar Group,quartz-mica schist / calc-silicate (host),False,False,0.53,BELOW 25% Mn,LOW,3,SIMULATED
SIM_T04_POS_BH01,T04,POSITIVE_DRILLING_INTERSECTION,0.0,2.57,2.57,Sausar Group,weathered zone / laterite cover,True,False,0.26,BELOW 25% Mn,MODERATE,3,SIMULATED
SIM_T04_POS_BH01,T04,POSITIVE_DRILLING_INTERSECTION,2.57,18.28,15.71,Sausar Group,quartz-mica schist / calc-silicate (host),True,False,1.17,BELOW 25% Mn,MODERATE,3,SIMULATED
SIM_T04_POS_BH01,T04,POSITIVE_DRILLING_INTERSECTION,18.28,20.17,1.89,Sausar Group,Mn ore / gondite horizon H2 (within Mansar Formation),False,True,36.97,MEDIUM (35-46% Mn),MODERATE,3,SIMULATED
SIM_T04_POS_BH01,T04,POSITIVE_DRILLING_INTERSECTION,20.17,62.1,41.93,Sausar Group,quartz-mica schist / calc-silicate (host),False,False,0.76,BELOW 25% Mn,MODERATE,3,SIMULATED
SIM_T04_POS_BH02,T04,POSITIVE_DRILLING_INTERSECTION,0.0,2.02,2.02,Sausar Group,weathered zone / laterite cover,True,False,0.79,BELOW 25% Mn,MODERATE,3,SIMULATED
SIM_T04_POS_BH02,T04,POSITIVE_DRILLING_INTERSECTION,2.02,26.3,24.28,Sausar Group,quartz-mica schist / calc-silicate (host),True,False,0.49,BELOW 25% Mn,MODERATE,3,SIMULATED
SIM_T04_POS_BH02,T04,POSITIVE_DRILLING_INTERSECTION,26.3,28.25,1.95,Sausar Group,Mn ore / gondite horizon H2 (within Mansar Formation),False,True,33.31,LOW (25-35% Mn),MODERATE,3,SIMULATED
SIM_T04_POS_BH02,T04,POSITIVE_DRILLING_INTERSECTION,28.25,67.3,39.05,Sausar Group,quartz-mica schist / calc-silicate (host),False,False,0.41,BELOW 25% Mn,MODERATE,3,SIMULATED
SIM_T04_POS_BH03,T04,POSITIVE_DRILLING_INTERSECTION,0.0,2.05,2.05,Sausar Group,weathered zone / laterite cover,True,False,0.67,BELOW 25% Mn,MODERATE,3,SIMULATED
SIM_T04_POS_BH03,T04,POSITIVE_DRILLING_INTERSECTION,2.05,37.01,34.96,Sausar Group,quartz-mica schist / calc-silicate (host),True,False,0.48,BELOW 25% Mn,MODERATE,3,SIMULATED
SIM_T04_POS_BH03,T04,POSITIVE_DRILLING_INTERSECTION,37.01,38.62,1.62,Sausar Group,Mn ore / gondite horizon H1 (Mansar/Chorbaoli contact),False,True,30.17,LOW (25-35% Mn),MODERATE,3,SIMULATED
SIM_T04_POS_BH03,T04,POSITIVE_DRILLING_INTERSECTION,38.62,63.7,25.08,Sausar Group,quartz-mica schist / calc-silicate (host),False,False,0.44,BELOW 25% Mn,MODERATE,3,SIMULATED
SIM_T04_NEG_BH01,T04,NEGATIVE_DRILLING_RESULT,0.0,2.68,2.68,Sausar Group,weathered zone / laterite cover,True,False,0.21,BELOW 25% Mn,MODERATE,3,SIMULATED
SIM_T04_NEG_BH01,T04,NEGATIVE_DRILLING_RESULT,2.68,69.8,67.12,Sausar Group,quartz-mica schist / calc-silicate (host),True,False,0.4,BELOW 25% Mn,MODERATE,3,SIMULATED
SIM_T04_NEG_BH02,T04,NEGATIVE_DRILLING_RESULT,0.0,2.1,2.1,Sausar Group,weathered zone / laterite cover,True,False,0.86,BELOW 25% Mn,MODERATE,3,SIMULATED
SIM_T04_NEG_BH02,T04,NEGATIVE_DRILLING_RESULT,2.1,78.5,76.4,Sausar Group,quartz-mica schist / calc-silicate (host),True,False,0.43,BELOW 25% Mn,MODERATE,3,SIMULATED
SIM_T04_NEG_BH03,T04,NEGATIVE_DRILLING_RESULT,0.0,2.58,2.58,Sausar Group,weathered zone / laterite cover,True,False,0.63,BELOW 25% Mn,MODERATE,3,SIMULATED
SIM_T04_NEG_BH03,T04,NEGATIVE_DRILLING_RESULT,2.58,80.4,77.82,Sausar Group,quartz-mica schist / calc-silicate (host),True,False,0.48,BELOW 25% Mn,MODERATE,3,SIMULATED
SIM_T04_AMB_BH01,T04,AMBIGUOUS_DRILLING_RESULT,0.0,2.28,2.28,Sausar Group,weathered zone / laterite cover,True,False,0.58,BELOW 25% Mn,LOW,3,SIMULATED
SIM_T04_AMB_BH01,T04,AMBIGUOUS_DRILLING_RESULT,2.28,32.73,30.45,Sausar Group,quartz-mica schist / calc-silicate (host),True,False,0.39,BELOW 25% Mn,LOW,3,SIMULATED
SIM_T04_AMB_BH01,T04,AMBIGUOUS_DRILLING_RESULT,32.73,33.25,0.52,Sausar Group,Mn ore / gondite horizon H1 (Mansar/Chorbaoli contact),False,True,18.64,BELOW 25% Mn,LOW,3,SIMULATED
SIM_T04_AMB_BH01,T04,AMBIGUOUS_DRILLING_RESULT,33.25,94.1,60.85,Sausar Group,quartz-mica schist / calc-silicate (host),False,False,0.22,BELOW 25% Mn,LOW,3,SIMULATED
SIM_T04_AMB_BH02,T04,AMBIGUOUS_DRILLING_RESULT,0.0,2.85,2.85,Sausar Group,weathered zone / laterite cover,True,False,0.48,BELOW 25% Mn,LOW,3,SIMULATED
SIM_T04_AMB_BH02,T04,AMBIGUOUS_DRILLING_RESULT,2.85,41.62,38.78,Sausar Group,quartz-mica schist / calc-silicate (host),True,False,0.39,BELOW 25% Mn,LOW,3,SIMULATED
SIM_T04_AMB_BH02,T04,AMBIGUOUS_DRILLING_RESULT,41.62,42.38,0.75,Sausar Group,Mn ore / gondite horizon H2 (within Mansar Formation),False,True,15.26,BELOW 25% Mn,LOW,3,SIMULATED
SIM_T04_AMB_BH02,T04,AMBIGUOUS_DRILLING_RESULT,42.38,54.8,12.42,Sausar Group,quartz-mica schist / calc-silicate (host),False,False,0.23,BELOW 25% Mn,LOW,3,SIMULATED
SIM_T04_AMB_BH03,T04,AMBIGUOUS_DRILLING_RESULT,0.0,2.85,2.85,Sausar Group,weathered zone / laterite cover,True,False,0.3,BELOW 25% Mn,LOW,3,SIMULATED
SIM_T04_AMB_BH03,T04,AMBIGUOUS_DRILLING_RESULT,2.85,24.58,21.73,Sausar Group,quartz-mica schist / calc-silicate (host),True,False,0.49,BELOW 25% Mn,LOW,3,SIMULATED
SIM_T04_AMB_BH03,T04,AMBIGUOUS_DRILLING_RESULT,24.58,25.5,0.92,Sausar Group,Mn ore / gondite horizon H1 (Mansar/Chorbaoli contact),False,True,19.91,BELOW 25% Mn,LOW,3,SIMULATED
SIM_T04_AMB_BH03,T04,AMBIGUOUS_DRILLING_RESULT,25.5,85.5,60.0,Sausar Group,quartz-mica schist / calc-silicate (host),False,False,0.48,BELOW 25% Mn,LOW,3,SIMULATED
SIM_T05_POS_BH01,T05,POSITIVE_DRILLING_INTERSECTION,0.0,2.46,2.46,Sausar Group,weathered zone / laterite cover,True,False,0.51,BELOW 25% Mn,MODERATE,3,SIMULATED
SIM_T05_POS_BH01,T05,POSITIVE_DRILLING_INTERSECTION,2.46,26.4,23.94,Sausar Group,quartz-mica schist / calc-silicate (host),True,False,0.58,BELOW 25% Mn,MODERATE,3,SIMULATED
SIM_T05_POS_BH01,T05,POSITIVE_DRILLING_INTERSECTION,26.4,28.23,1.83,Sausar Group,Mn ore / gondite horizon H1 (Mansar/Chorbaoli contact),False,True,33.35,LOW (25-35% Mn),MODERATE,3,SIMULATED
SIM_T05_POS_BH01,T05,POSITIVE_DRILLING_INTERSECTION,28.23,35.8,7.57,Sausar Group,quartz-mica schist / calc-silicate (host),False,False,0.65,BELOW 25% Mn,MODERATE,3,SIMULATED
SIM_T05_POS_BH01,T05,POSITIVE_DRILLING_INTERSECTION,35.8,37.6,1.8,Sausar Group,Mn ore / gondite horizon H3 (Mansar/Lohangi-Sitasaongi contact),False,True,31.78,LOW (25-35% Mn),MODERATE,3,SIMULATED
SIM_T05_POS_BH01,T05,POSITIVE_DRILLING_INTERSECTION,37.6,53.1,15.5,Sausar Group,quartz-mica schist / calc-silicate (host),False,False,0.43,BELOW 25% Mn,MODERATE,3,SIMULATED
SIM_T05_POS_BH02,T05,POSITIVE_DRILLING_INTERSECTION,0.0,2.44,2.44,Sausar Group,weathered zone / laterite cover,True,False,0.23,BELOW 25% Mn,MODERATE,3,SIMULATED
SIM_T05_POS_BH02,T05,POSITIVE_DRILLING_INTERSECTION,2.44,44.17,41.73,Sausar Group,quartz-mica schist / calc-silicate (host),True,False,0.23,BELOW 25% Mn,MODERATE,3,SIMULATED
SIM_T05_POS_BH02,T05,POSITIVE_DRILLING_INTERSECTION,44.17,45.68,1.51,Sausar Group,Mn ore / gondite horizon H1 (Mansar/Chorbaoli contact),False,True,30.88,LOW (25-35% Mn),MODERATE,3,SIMULATED
SIM_T05_POS_BH02,T05,POSITIVE_DRILLING_INTERSECTION,45.68,70.4,24.72,Sausar Group,quartz-mica schist / calc-silicate (host),False,False,0.47,BELOW 25% Mn,MODERATE,3,SIMULATED
SIM_T05_POS_BH03,T05,POSITIVE_DRILLING_INTERSECTION,0.0,2.26,2.26,Sausar Group,weathered zone / laterite cover,True,False,0.61,BELOW 25% Mn,MODERATE,3,SIMULATED
SIM_T05_POS_BH03,T05,POSITIVE_DRILLING_INTERSECTION,2.26,35.9,33.65,Sausar Group,quartz-mica schist / calc-silicate (host),True,False,0.57,BELOW 25% Mn,MODERATE,3,SIMULATED
SIM_T05_POS_BH03,T05,POSITIVE_DRILLING_INTERSECTION,35.9,37.71,1.81,Sausar Group,Mn ore / gondite horizon H1 (Mansar/Chorbaoli contact),False,True,29.79,LOW (25-35% Mn),MODERATE,3,SIMULATED
SIM_T05_POS_BH03,T05,POSITIVE_DRILLING_INTERSECTION,37.71,61.92,24.21,Sausar Group,quartz-mica schist / calc-silicate (host),False,False,0.48,BELOW 25% Mn,MODERATE,3,SIMULATED
SIM_T05_POS_BH03,T05,POSITIVE_DRILLING_INTERSECTION,61.92,63.64,1.72,Sausar Group,Mn ore / gondite horizon H3 (Mansar/Lohangi-Sitasaongi contact),False,True,42.4,MEDIUM (35-46% Mn),MODERATE,3,SIMULATED
SIM_T05_POS_BH03,T05,POSITIVE_DRILLING_INTERSECTION,63.64,80.5,16.86,Sausar Group,quartz-mica schist / calc-silicate (host),False,False,0.44,BELOW 25% Mn,MODERATE,3,SIMULATED
SIM_T05_NEG_BH01,T05,NEGATIVE_DRILLING_RESULT,0.0,2.17,2.17,Sausar Group,weathered zone / laterite cover,True,False,0.38,BELOW 25% Mn,MODERATE,3,SIMULATED
SIM_T05_NEG_BH01,T05,NEGATIVE_DRILLING_RESULT,2.17,93.0,90.83,Sausar Group,quartz-mica schist / calc-silicate (host),True,False,0.18,BELOW 25% Mn,MODERATE,3,SIMULATED
SIM_T05_NEG_BH02,T05,NEGATIVE_DRILLING_RESULT,0.0,2.98,2.98,Sausar Group,weathered zone / laterite cover,True,False,0.42,BELOW 25% Mn,MODERATE,3,SIMULATED
SIM_T05_NEG_BH02,T05,NEGATIVE_DRILLING_RESULT,2.98,96.6,93.62,Sausar Group,quartz-mica schist / calc-silicate (host),True,False,0.55,BELOW 25% Mn,MODERATE,3,SIMULATED
SIM_T05_NEG_BH03,T05,NEGATIVE_DRILLING_RESULT,0.0,2.99,2.99,Sausar Group,weathered zone / laterite cover,True,False,0.77,BELOW 25% Mn,MODERATE,3,SIMULATED
SIM_T05_NEG_BH03,T05,NEGATIVE_DRILLING_RESULT,2.99,82.6,79.61,Sausar Group,quartz-mica schist / calc-silicate (host),True,False,0.5,BELOW 25% Mn,MODERATE,3,SIMULATED
SIM_T05_AMB_BH01,T05,AMBIGUOUS_DRILLING_RESULT,0.0,2.8,2.8,Sausar Group,weathered zone / laterite cover,True,False,0.25,BELOW 25% Mn,LOW,3,SIMULATED
SIM_T05_AMB_BH01,T05,AMBIGUOUS_DRILLING_RESULT,2.8,21.18,18.38,Sausar Group,quartz-mica schist / calc-silicate (host),True,False,0.35,BELOW 25% Mn,LOW,3,SIMULATED
SIM_T05_AMB_BH01,T05,AMBIGUOUS_DRILLING_RESULT,21.18,21.75,0.57,Sausar Group,Mn ore / gondite horizon H1 (Mansar/Chorbaoli contact),False,True,16.39,BELOW 25% Mn,LOW,3,SIMULATED
SIM_T05_AMB_BH01,T05,AMBIGUOUS_DRILLING_RESULT,21.75,87.4,65.65,Sausar Group,quartz-mica schist / calc-silicate (host),False,False,0.25,BELOW 25% Mn,LOW,3,SIMULATED
SIM_T05_AMB_BH02,T05,AMBIGUOUS_DRILLING_RESULT,0.0,2.26,2.26,Sausar Group,weathered zone / laterite cover,True,False,0.57,BELOW 25% Mn,LOW,3,SIMULATED
SIM_T05_AMB_BH02,T05,AMBIGUOUS_DRILLING_RESULT,2.26,27.94,25.68,Sausar Group,quartz-mica schist / calc-silicate (host),True,False,0.67,BELOW 25% Mn,LOW,3,SIMULATED
SIM_T05_AMB_BH02,T05,AMBIGUOUS_DRILLING_RESULT,27.94,28.62,0.68,Sausar Group,Mn ore / gondite horizon H1 (Mansar/Chorbaoli contact),False,True,14.49,BELOW 25% Mn,LOW,3,SIMULATED
SIM_T05_AMB_BH02,T05,AMBIGUOUS_DRILLING_RESULT,28.62,86.9,58.28,Sausar Group,quartz-mica schist / calc-silicate (host),False,False,0.42,BELOW 25% Mn,LOW,3,SIMULATED
SIM_T05_AMB_BH03,T05,AMBIGUOUS_DRILLING_RESULT,0.0,2.29,2.29,Sausar Group,weathered zone / laterite cover,True,False,0.21,BELOW 25% Mn,LOW,3,SIMULATED
SIM_T05_AMB_BH03,T05,AMBIGUOUS_DRILLING_RESULT,2.29,54.41,52.12,Sausar Group,quartz-mica schist / calc-silicate (host),True,False,0.36,BELOW 25% Mn,LOW,3,SIMULATED
SIM_T05_AMB_BH03,T05,AMBIGUOUS_DRILLING_RESULT,54.41,54.73,0.33,Sausar Group,Mn ore / gondite horizon H2 (within Mansar Formation),False,True,19.07,BELOW 25% Mn,LOW,3,SIMULATED
SIM_T05_AMB_BH03,T05,AMBIGUOUS_DRILLING_RESULT,54.73,82.8,28.07,Sausar Group,quartz-mica schist / calc-silicate (host),False,False,0.6,BELOW 25% Mn,LOW,3,SIMULATED
SIM_T06_POS_BH01,T06,POSITIVE_DRILLING_INTERSECTION,0.0,2.11,2.11,Sausar Group,weathered zone / laterite cover,True,False,0.58,BELOW 25% Mn,MODERATE,3,SIMULATED
SIM_T06_POS_BH01,T06,POSITIVE_DRILLING_INTERSECTION,2.11,40.39,38.29,Sausar Group,quartz-mica schist / calc-silicate (host),True,False,0.3,BELOW 25% Mn,MODERATE,3,SIMULATED
SIM_T06_POS_BH01,T06,POSITIVE_DRILLING_INTERSECTION,40.39,42.16,1.76,Sausar Group,Mn ore / gondite horizon H3 (Mansar/Lohangi-Sitasaongi contact),False,True,25.45,LOW (25-35% Mn),MODERATE,3,SIMULATED
SIM_T06_POS_BH01,T06,POSITIVE_DRILLING_INTERSECTION,42.16,55.0,12.84,Sausar Group,quartz-mica schist / calc-silicate (host),False,False,0.46,BELOW 25% Mn,MODERATE,3,SIMULATED
SIM_T06_POS_BH02,T06,POSITIVE_DRILLING_INTERSECTION,0.0,2.87,2.87,Sausar Group,weathered zone / laterite cover,True,False,0.68,BELOW 25% Mn,MODERATE,3,SIMULATED
SIM_T06_POS_BH02,T06,POSITIVE_DRILLING_INTERSECTION,2.87,44.67,41.8,Sausar Group,quartz-mica schist / calc-silicate (host),True,False,0.27,BELOW 25% Mn,MODERATE,3,SIMULATED
SIM_T06_POS_BH02,T06,POSITIVE_DRILLING_INTERSECTION,44.67,46.36,1.7,Sausar Group,Mn ore / gondite horizon H2 (within Mansar Formation),False,True,40.11,MEDIUM (35-46% Mn),MODERATE,3,SIMULATED
SIM_T06_POS_BH02,T06,POSITIVE_DRILLING_INTERSECTION,46.36,48.03,1.66,Sausar Group,Mn ore / gondite horizon H3 (Mansar/Lohangi-Sitasaongi contact),False,True,33.26,LOW (25-35% Mn),MODERATE,3,SIMULATED
SIM_T06_POS_BH02,T06,POSITIVE_DRILLING_INTERSECTION,48.03,55.2,7.17,Sausar Group,quartz-mica schist / calc-silicate (host),False,False,0.39,BELOW 25% Mn,MODERATE,3,SIMULATED
SIM_T06_POS_BH03,T06,POSITIVE_DRILLING_INTERSECTION,0.0,2.05,2.05,Sausar Group,weathered zone / laterite cover,True,False,0.48,BELOW 25% Mn,MODERATE,3,SIMULATED
SIM_T06_POS_BH03,T06,POSITIVE_DRILLING_INTERSECTION,2.05,16.45,14.4,Sausar Group,quartz-mica schist / calc-silicate (host),True,False,0.15,BELOW 25% Mn,MODERATE,3,SIMULATED
SIM_T06_POS_BH03,T06,POSITIVE_DRILLING_INTERSECTION,16.45,18.29,1.84,Sausar Group,Mn ore / gondite horizon H3 (Mansar/Lohangi-Sitasaongi contact),False,True,25.35,LOW (25-35% Mn),MODERATE,3,SIMULATED
SIM_T06_POS_BH03,T06,POSITIVE_DRILLING_INTERSECTION,18.29,83.4,65.11,Sausar Group,quartz-mica schist / calc-silicate (host),False,False,0.61,BELOW 25% Mn,MODERATE,3,SIMULATED
SIM_T06_NEG_BH01,T06,NEGATIVE_DRILLING_RESULT,0.0,2.86,2.86,Sausar Group,weathered zone / laterite cover,True,False,0.11,BELOW 25% Mn,MODERATE,3,SIMULATED
SIM_T06_NEG_BH01,T06,NEGATIVE_DRILLING_RESULT,2.86,98.2,95.34,Sausar Group,quartz-mica schist / calc-silicate (host),True,False,0.11,BELOW 25% Mn,MODERATE,3,SIMULATED
SIM_T06_NEG_BH02,T06,NEGATIVE_DRILLING_RESULT,0.0,2.79,2.79,Sausar Group,weathered zone / laterite cover,True,False,0.37,BELOW 25% Mn,MODERATE,3,SIMULATED
SIM_T06_NEG_BH02,T06,NEGATIVE_DRILLING_RESULT,2.79,55.9,53.11,Sausar Group,quartz-mica schist / calc-silicate (host),True,False,0.27,BELOW 25% Mn,MODERATE,3,SIMULATED
SIM_T06_NEG_BH03,T06,NEGATIVE_DRILLING_RESULT,0.0,2.52,2.52,Sausar Group,weathered zone / laterite cover,True,False,0.24,BELOW 25% Mn,MODERATE,3,SIMULATED
SIM_T06_NEG_BH03,T06,NEGATIVE_DRILLING_RESULT,2.52,73.1,70.58,Sausar Group,quartz-mica schist / calc-silicate (host),True,False,1.03,BELOW 25% Mn,MODERATE,3,SIMULATED
SIM_T06_AMB_BH01,T06,AMBIGUOUS_DRILLING_RESULT,0.0,2.53,2.53,Sausar Group,weathered zone / laterite cover,True,False,0.51,BELOW 25% Mn,LOW,3,SIMULATED
SIM_T06_AMB_BH01,T06,AMBIGUOUS_DRILLING_RESULT,2.53,20.33,17.8,Sausar Group,quartz-mica schist / calc-silicate (host),True,False,0.5,BELOW 25% Mn,LOW,3,SIMULATED
SIM_T06_AMB_BH01,T06,AMBIGUOUS_DRILLING_RESULT,20.33,20.75,0.42,Sausar Group,Mn ore / gondite horizon H1 (Mansar/Chorbaoli contact),False,True,15.55,BELOW 25% Mn,LOW,3,SIMULATED
SIM_T06_AMB_BH01,T06,AMBIGUOUS_DRILLING_RESULT,20.75,51.8,31.05,Sausar Group,quartz-mica schist / calc-silicate (host),False,False,0.17,BELOW 25% Mn,LOW,3,SIMULATED
SIM_T06_AMB_BH02,T06,AMBIGUOUS_DRILLING_RESULT,0.0,2.87,2.87,Sausar Group,weathered zone / laterite cover,True,False,0.44,BELOW 25% Mn,LOW,3,SIMULATED
SIM_T06_AMB_BH02,T06,AMBIGUOUS_DRILLING_RESULT,2.87,15.25,12.38,Sausar Group,quartz-mica schist / calc-silicate (host),True,False,0.09,BELOW 25% Mn,LOW,3,SIMULATED
SIM_T06_AMB_BH02,T06,AMBIGUOUS_DRILLING_RESULT,15.25,15.94,0.69,Sausar Group,Mn ore / gondite horizon H2 (within Mansar Formation),False,True,18.13,BELOW 25% Mn,LOW,3,SIMULATED
SIM_T06_AMB_BH02,T06,AMBIGUOUS_DRILLING_RESULT,15.94,54.7,38.76,Sausar Group,quartz-mica schist / calc-silicate (host),False,False,0.46,BELOW 25% Mn,LOW,3,SIMULATED
SIM_T06_AMB_BH03,T06,AMBIGUOUS_DRILLING_RESULT,0.0,2.21,2.21,Sausar Group,weathered zone / laterite cover,True,False,0.36,BELOW 25% Mn,LOW,3,SIMULATED
SIM_T06_AMB_BH03,T06,AMBIGUOUS_DRILLING_RESULT,2.21,48.66,46.45,Sausar Group,quartz-mica schist / calc-silicate (host),True,False,0.46,BELOW 25% Mn,LOW,3,SIMULATED
SIM_T06_AMB_BH03,T06,AMBIGUOUS_DRILLING_RESULT,48.66,49.0,0.35,Sausar Group,Mn ore / gondite horizon H3 (Mansar/Lohangi-Sitasaongi contact),False,True,15.9,BELOW 25% Mn,LOW,3,SIMULATED
SIM_T06_AMB_BH03,T06,AMBIGUOUS_DRILLING_RESULT,49.0,57.9,8.9,Sausar Group,quartz-mica schist / calc-silicate (host),False,False,0.78,BELOW 25% Mn,LOW,3,SIMULATED
SIM_T07_POS_BH01,T07,POSITIVE_DRILLING_INTERSECTION,0.0,2.47,2.47,Sausar Group,weathered zone / laterite cover,True,False,0.4,BELOW 25% Mn,MODERATE,3,SIMULATED
SIM_T07_POS_BH01,T07,POSITIVE_DRILLING_INTERSECTION,2.47,69.84,67.37,Sausar Group,quartz-mica schist / calc-silicate (host),True,False,0.49,BELOW 25% Mn,MODERATE,3,SIMULATED
SIM_T07_POS_BH01,T07,POSITIVE_DRILLING_INTERSECTION,69.84,71.56,1.71,Sausar Group,Mn ore / gondite horizon H3 (Mansar/Lohangi-Sitasaongi contact),False,True,35.32,MEDIUM (35-46% Mn),MODERATE,3,SIMULATED
SIM_T07_POS_BH01,T07,POSITIVE_DRILLING_INTERSECTION,71.56,99.1,27.54,Sausar Group,quartz-mica schist / calc-silicate (host),False,False,0.2,BELOW 25% Mn,MODERATE,3,SIMULATED
SIM_T07_POS_BH02,T07,POSITIVE_DRILLING_INTERSECTION,0.0,2.63,2.63,Sausar Group,weathered zone / laterite cover,True,False,0.43,BELOW 25% Mn,MODERATE,3,SIMULATED
SIM_T07_POS_BH02,T07,POSITIVE_DRILLING_INTERSECTION,2.63,17.41,14.78,Sausar Group,quartz-mica schist / calc-silicate (host),True,False,0.59,BELOW 25% Mn,MODERATE,3,SIMULATED
SIM_T07_POS_BH02,T07,POSITIVE_DRILLING_INTERSECTION,17.41,19.05,1.65,Sausar Group,Mn ore / gondite horizon H2 (within Mansar Formation),False,True,28.9,LOW (25-35% Mn),MODERATE,3,SIMULATED
SIM_T07_POS_BH02,T07,POSITIVE_DRILLING_INTERSECTION,19.05,19.14,0.09,Sausar Group,quartz-mica schist / calc-silicate (host),False,False,0.23,BELOW 25% Mn,MODERATE,3,SIMULATED
SIM_T07_POS_BH02,T07,POSITIVE_DRILLING_INTERSECTION,19.14,20.91,1.76,Sausar Group,Mn ore / gondite horizon H1 (Mansar/Chorbaoli contact),False,True,26.81,LOW (25-35% Mn),MODERATE,3,SIMULATED
SIM_T07_POS_BH02,T07,POSITIVE_DRILLING_INTERSECTION,20.91,59.9,38.99,Sausar Group,quartz-mica schist / calc-silicate (host),False,False,0.3,BELOW 25% Mn,MODERATE,3,SIMULATED
SIM_T07_POS_BH03,T07,POSITIVE_DRILLING_INTERSECTION,0.0,2.24,2.24,Sausar Group,weathered zone / laterite cover,True,False,0.76,BELOW 25% Mn,MODERATE,3,SIMULATED
SIM_T07_POS_BH03,T07,POSITIVE_DRILLING_INTERSECTION,2.24,23.47,21.23,Sausar Group,quartz-mica schist / calc-silicate (host),True,False,0.1,BELOW 25% Mn,MODERATE,3,SIMULATED
SIM_T07_POS_BH03,T07,POSITIVE_DRILLING_INTERSECTION,23.47,25.35,1.88,Sausar Group,Mn ore / gondite horizon H1 (Mansar/Chorbaoli contact),False,True,38.74,MEDIUM (35-46% Mn),MODERATE,3,SIMULATED
SIM_T07_POS_BH03,T07,POSITIVE_DRILLING_INTERSECTION,25.35,29.76,4.4,Sausar Group,quartz-mica schist / calc-silicate (host),False,False,0.14,BELOW 25% Mn,MODERATE,3,SIMULATED
SIM_T07_POS_BH03,T07,POSITIVE_DRILLING_INTERSECTION,29.76,31.72,1.97,Sausar Group,Mn ore / gondite horizon H2 (within Mansar Formation),False,True,35.62,MEDIUM (35-46% Mn),MODERATE,3,SIMULATED
SIM_T07_POS_BH03,T07,POSITIVE_DRILLING_INTERSECTION,31.72,69.6,37.88,Sausar Group,quartz-mica schist / calc-silicate (host),False,False,0.25,BELOW 25% Mn,MODERATE,3,SIMULATED
SIM_T07_NEG_BH01,T07,NEGATIVE_DRILLING_RESULT,0.0,2.27,2.27,Sausar Group,weathered zone / laterite cover,True,False,0.53,BELOW 25% Mn,MODERATE,3,SIMULATED
SIM_T07_NEG_BH01,T07,NEGATIVE_DRILLING_RESULT,2.27,70.1,67.83,Sausar Group,quartz-mica schist / calc-silicate (host),True,False,0.3,BELOW 25% Mn,MODERATE,3,SIMULATED
SIM_T07_NEG_BH02,T07,NEGATIVE_DRILLING_RESULT,0.0,2.81,2.81,Sausar Group,weathered zone / laterite cover,True,False,0.22,BELOW 25% Mn,MODERATE,3,SIMULATED
SIM_T07_NEG_BH02,T07,NEGATIVE_DRILLING_RESULT,2.81,58.8,55.99,Sausar Group,quartz-mica schist / calc-silicate (host),True,False,0.44,BELOW 25% Mn,MODERATE,3,SIMULATED
SIM_T07_NEG_BH03,T07,NEGATIVE_DRILLING_RESULT,0.0,2.38,2.38,Sausar Group,weathered zone / laterite cover,True,False,0.13,BELOW 25% Mn,MODERATE,3,SIMULATED
SIM_T07_NEG_BH03,T07,NEGATIVE_DRILLING_RESULT,2.38,88.6,86.22,Sausar Group,quartz-mica schist / calc-silicate (host),True,False,0.52,BELOW 25% Mn,MODERATE,3,SIMULATED
SIM_T07_AMB_BH01,T07,AMBIGUOUS_DRILLING_RESULT,0.0,2.48,2.48,Sausar Group,weathered zone / laterite cover,True,False,0.85,BELOW 25% Mn,LOW,3,SIMULATED
SIM_T07_AMB_BH01,T07,AMBIGUOUS_DRILLING_RESULT,2.48,32.29,29.81,Sausar Group,quartz-mica schist / calc-silicate (host),True,False,0.72,BELOW 25% Mn,LOW,3,SIMULATED
SIM_T07_AMB_BH01,T07,AMBIGUOUS_DRILLING_RESULT,32.29,33.1,0.81,Sausar Group,Mn ore / gondite horizon H1 (Mansar/Chorbaoli contact),False,True,19.65,BELOW 25% Mn,LOW,3,SIMULATED
SIM_T07_AMB_BH01,T07,AMBIGUOUS_DRILLING_RESULT,33.1,70.5,37.4,Sausar Group,quartz-mica schist / calc-silicate (host),False,False,0.33,BELOW 25% Mn,LOW,3,SIMULATED
SIM_T07_AMB_BH02,T07,AMBIGUOUS_DRILLING_RESULT,0.0,2.4,2.4,Sausar Group,weathered zone / laterite cover,True,False,0.46,BELOW 25% Mn,LOW,3,SIMULATED
SIM_T07_AMB_BH02,T07,AMBIGUOUS_DRILLING_RESULT,2.4,59.04,56.64,Sausar Group,quartz-mica schist / calc-silicate (host),True,False,0.5,BELOW 25% Mn,LOW,3,SIMULATED
SIM_T07_AMB_BH02,T07,AMBIGUOUS_DRILLING_RESULT,59.04,59.54,0.5,Sausar Group,Mn ore / gondite horizon H1 (Mansar/Chorbaoli contact),False,True,17.72,BELOW 25% Mn,LOW,3,SIMULATED
SIM_T07_AMB_BH02,T07,AMBIGUOUS_DRILLING_RESULT,59.54,97.2,37.66,Sausar Group,quartz-mica schist / calc-silicate (host),False,False,0.65,BELOW 25% Mn,LOW,3,SIMULATED
SIM_T07_AMB_BH03,T07,AMBIGUOUS_DRILLING_RESULT,0.0,2.82,2.82,Sausar Group,weathered zone / laterite cover,True,False,0.28,BELOW 25% Mn,LOW,3,SIMULATED
SIM_T07_AMB_BH03,T07,AMBIGUOUS_DRILLING_RESULT,2.82,45.32,42.5,Sausar Group,quartz-mica schist / calc-silicate (host),True,False,0.33,BELOW 25% Mn,LOW,3,SIMULATED
SIM_T07_AMB_BH03,T07,AMBIGUOUS_DRILLING_RESULT,45.32,45.89,0.57,Sausar Group,Mn ore / gondite horizon H1 (Mansar/Chorbaoli contact),False,False,8.39,BELOW 25% Mn,LOW,3,SIMULATED
SIM_T07_AMB_BH03,T07,AMBIGUOUS_DRILLING_RESULT,45.89,87.2,41.31,Sausar Group,quartz-mica schist / calc-silicate (host),False,False,1.28,BELOW 25% Mn,LOW,3,SIMULATED
SIM_T08_POS_BH01,T08,POSITIVE_DRILLING_INTERSECTION,0.0,2.89,2.89,Sausar Group,weathered zone / laterite cover,True,False,0.48,BELOW 25% Mn,MODERATE,3,SIMULATED
SIM_T08_POS_BH01,T08,POSITIVE_DRILLING_INTERSECTION,2.89,57.5,54.62,Sausar Group,quartz-mica schist / calc-silicate (host),True,False,0.66,BELOW 25% Mn,MODERATE,3,SIMULATED
SIM_T08_POS_BH01,T08,POSITIVE_DRILLING_INTERSECTION,57.5,59.32,1.82,Sausar Group,Mn ore / gondite horizon H1 (Mansar/Chorbaoli contact),False,True,35.09,MEDIUM (35-46% Mn),MODERATE,3,SIMULATED
SIM_T08_POS_BH01,T08,POSITIVE_DRILLING_INTERSECTION,59.32,72.19,12.87,Sausar Group,quartz-mica schist / calc-silicate (host),False,False,0.42,BELOW 25% Mn,MODERATE,3,SIMULATED
SIM_T08_POS_BH01,T08,POSITIVE_DRILLING_INTERSECTION,72.19,74.06,1.87,Sausar Group,Mn ore / gondite horizon H2 (within Mansar Formation),False,True,26.1,LOW (25-35% Mn),MODERATE,3,SIMULATED
SIM_T08_POS_BH01,T08,POSITIVE_DRILLING_INTERSECTION,74.06,87.3,13.24,Sausar Group,quartz-mica schist / calc-silicate (host),False,False,0.3,BELOW 25% Mn,MODERATE,3,SIMULATED
SIM_T08_POS_BH02,T08,POSITIVE_DRILLING_INTERSECTION,0.0,2.77,2.77,Sausar Group,weathered zone / laterite cover,True,False,0.61,BELOW 25% Mn,MODERATE,3,SIMULATED
SIM_T08_POS_BH02,T08,POSITIVE_DRILLING_INTERSECTION,2.77,52.24,49.46,Sausar Group,quartz-mica schist / calc-silicate (host),True,False,0.42,BELOW 25% Mn,MODERATE,3,SIMULATED
SIM_T08_POS_BH02,T08,POSITIVE_DRILLING_INTERSECTION,52.24,53.96,1.72,Sausar Group,Mn ore / gondite horizon H1 (Mansar/Chorbaoli contact),False,True,25.95,LOW (25-35% Mn),MODERATE,3,SIMULATED
SIM_T08_POS_BH02,T08,POSITIVE_DRILLING_INTERSECTION,53.96,79.0,25.04,Sausar Group,quartz-mica schist / calc-silicate (host),False,False,0.3,BELOW 25% Mn,MODERATE,3,SIMULATED
SIM_T08_POS_BH03,T08,POSITIVE_DRILLING_INTERSECTION,0.0,2.3,2.3,Sausar Group,weathered zone / laterite cover,True,False,0.22,BELOW 25% Mn,MODERATE,3,SIMULATED
SIM_T08_POS_BH03,T08,POSITIVE_DRILLING_INTERSECTION,2.3,56.96,54.66,Sausar Group,quartz-mica schist / calc-silicate (host),True,False,0.24,BELOW 25% Mn,MODERATE,3,SIMULATED
SIM_T08_POS_BH03,T08,POSITIVE_DRILLING_INTERSECTION,56.96,58.53,1.57,Sausar Group,Mn ore / gondite horizon H2 (within Mansar Formation),False,True,29.72,LOW (25-35% Mn),MODERATE,3,SIMULATED
SIM_T08_POS_BH03,T08,POSITIVE_DRILLING_INTERSECTION,58.53,95.5,36.97,Sausar Group,quartz-mica schist / calc-silicate (host),False,False,0.4,BELOW 25% Mn,MODERATE,3,SIMULATED
SIM_T08_NEG_BH01,T08,NEGATIVE_DRILLING_RESULT,0.0,2.74,2.74,Sausar Group,weathered zone / laterite cover,True,False,0.58,BELOW 25% Mn,MODERATE,3,SIMULATED
SIM_T08_NEG_BH01,T08,NEGATIVE_DRILLING_RESULT,2.74,80.1,77.36,Sausar Group,quartz-mica schist / calc-silicate (host),True,False,0.48,BELOW 25% Mn,MODERATE,3,SIMULATED
SIM_T08_NEG_BH02,T08,NEGATIVE_DRILLING_RESULT,0.0,2.73,2.73,Sausar Group,weathered zone / laterite cover,True,False,0.32,BELOW 25% Mn,MODERATE,3,SIMULATED
SIM_T08_NEG_BH02,T08,NEGATIVE_DRILLING_RESULT,2.73,88.5,85.77,Sausar Group,quartz-mica schist / calc-silicate (host),True,False,0.33,BELOW 25% Mn,MODERATE,3,SIMULATED
SIM_T08_NEG_BH03,T08,NEGATIVE_DRILLING_RESULT,0.0,2.85,2.85,Sausar Group,weathered zone / laterite cover,True,False,0.43,BELOW 25% Mn,MODERATE,3,SIMULATED
SIM_T08_NEG_BH03,T08,NEGATIVE_DRILLING_RESULT,2.85,87.8,84.95,Sausar Group,quartz-mica schist / calc-silicate (host),True,False,0.51,BELOW 25% Mn,MODERATE,3,SIMULATED
SIM_T08_AMB_BH01,T08,AMBIGUOUS_DRILLING_RESULT,0.0,2.44,2.44,Sausar Group,weathered zone / laterite cover,True,False,0.54,BELOW 25% Mn,LOW,3,SIMULATED
SIM_T08_AMB_BH01,T08,AMBIGUOUS_DRILLING_RESULT,2.44,23.68,21.24,Sausar Group,quartz-mica schist / calc-silicate (host),True,False,0.82,BELOW 25% Mn,LOW,3,SIMULATED
SIM_T08_AMB_BH01,T08,AMBIGUOUS_DRILLING_RESULT,23.68,24.28,0.6,Sausar Group,Mn ore / gondite horizon H2 (within Mansar Formation),False,True,20.43,BELOW 25% Mn,LOW,3,SIMULATED
SIM_T08_AMB_BH01,T08,AMBIGUOUS_DRILLING_RESULT,24.28,65.2,40.92,Sausar Group,quartz-mica schist / calc-silicate (host),False,False,0.14,BELOW 25% Mn,LOW,3,SIMULATED
SIM_T08_AMB_BH02,T08,AMBIGUOUS_DRILLING_RESULT,0.0,2.66,2.66,Sausar Group,weathered zone / laterite cover,True,False,0.54,BELOW 25% Mn,LOW,3,SIMULATED
SIM_T08_AMB_BH02,T08,AMBIGUOUS_DRILLING_RESULT,2.66,44.51,41.85,Sausar Group,quartz-mica schist / calc-silicate (host),True,False,0.46,BELOW 25% Mn,LOW,3,SIMULATED
SIM_T08_AMB_BH02,T08,AMBIGUOUS_DRILLING_RESULT,44.51,45.11,0.6,Sausar Group,Mn ore / gondite horizon H3 (Mansar/Lohangi-Sitasaongi contact),False,True,15.25,BELOW 25% Mn,LOW,3,SIMULATED
SIM_T08_AMB_BH02,T08,AMBIGUOUS_DRILLING_RESULT,45.11,58.9,13.79,Sausar Group,quartz-mica schist / calc-silicate (host),False,False,0.3,BELOW 25% Mn,LOW,3,SIMULATED
SIM_T08_AMB_BH03,T08,AMBIGUOUS_DRILLING_RESULT,0.0,2.48,2.48,Sausar Group,weathered zone / laterite cover,True,False,0.44,BELOW 25% Mn,LOW,3,SIMULATED
SIM_T08_AMB_BH03,T08,AMBIGUOUS_DRILLING_RESULT,2.48,42.99,40.51,Sausar Group,quartz-mica schist / calc-silicate (host),True,False,0.54,BELOW 25% Mn,LOW,3,SIMULATED
SIM_T08_AMB_BH03,T08,AMBIGUOUS_DRILLING_RESULT,42.99,43.49,0.5,Sausar Group,Mn ore / gondite horizon H1 (Mansar/Chorbaoli contact),False,False,7.94,BELOW 25% Mn,LOW,3,SIMULATED
SIM_T08_AMB_BH03,T08,AMBIGUOUS_DRILLING_RESULT,43.49,65.0,21.51,Sausar Group,quartz-mica schist / calc-silicate (host),False,False,0.19,BELOW 25% Mn,LOW,3,SIMULATED
SIM_T09_POS_BH01,T09,POSITIVE_DRILLING_INTERSECTION,0.0,2.22,2.22,Sausar Group,weathered zone / laterite cover,True,False,0.4,BELOW 25% Mn,MODERATE,3,SIMULATED
SIM_T09_POS_BH01,T09,POSITIVE_DRILLING_INTERSECTION,2.22,20.25,18.03,Sausar Group,quartz-mica schist / calc-silicate (host),True,False,0.16,BELOW 25% Mn,MODERATE,3,SIMULATED
SIM_T09_POS_BH01,T09,POSITIVE_DRILLING_INTERSECTION,20.25,22.06,1.81,Sausar Group,Mn ore / gondite horizon H2 (within Mansar Formation),False,True,42.08,MEDIUM (35-46% Mn),MODERATE,3,SIMULATED
SIM_T09_POS_BH01,T09,POSITIVE_DRILLING_INTERSECTION,22.06,44.37,22.31,Sausar Group,quartz-mica schist / calc-silicate (host),False,False,0.16,BELOW 25% Mn,MODERATE,3,SIMULATED
SIM_T09_POS_BH01,T09,POSITIVE_DRILLING_INTERSECTION,44.37,46.33,1.96,Sausar Group,Mn ore / gondite horizon H3 (Mansar/Lohangi-Sitasaongi contact),False,True,35.22,MEDIUM (35-46% Mn),MODERATE,3,SIMULATED
SIM_T09_POS_BH01,T09,POSITIVE_DRILLING_INTERSECTION,46.33,58.7,12.37,Sausar Group,quartz-mica schist / calc-silicate (host),False,False,0.3,BELOW 25% Mn,MODERATE,3,SIMULATED
SIM_T09_POS_BH02,T09,POSITIVE_DRILLING_INTERSECTION,0.0,2.05,2.05,Sausar Group,weathered zone / laterite cover,True,False,0.55,BELOW 25% Mn,MODERATE,3,SIMULATED
SIM_T09_POS_BH02,T09,POSITIVE_DRILLING_INTERSECTION,2.05,16.25,14.2,Sausar Group,quartz-mica schist / calc-silicate (host),True,False,0.51,BELOW 25% Mn,MODERATE,3,SIMULATED
SIM_T09_POS_BH02,T09,POSITIVE_DRILLING_INTERSECTION,16.25,18.05,1.81,Sausar Group,Mn ore / gondite horizon H1 (Mansar/Chorbaoli contact),False,True,30.01,LOW (25-35% Mn),MODERATE,3,SIMULATED
SIM_T09_POS_BH02,T09,POSITIVE_DRILLING_INTERSECTION,18.05,30.52,12.47,Sausar Group,quartz-mica schist / calc-silicate (host),False,False,0.43,BELOW 25% Mn,MODERATE,3,SIMULATED
SIM_T09_POS_BH02,T09,POSITIVE_DRILLING_INTERSECTION,30.52,32.21,1.69,Sausar Group,Mn ore / gondite horizon H2 (within Mansar Formation),False,True,34.51,LOW (25-35% Mn),MODERATE,3,SIMULATED
SIM_T09_POS_BH02,T09,POSITIVE_DRILLING_INTERSECTION,32.21,84.4,52.19,Sausar Group,quartz-mica schist / calc-silicate (host),False,False,0.65,BELOW 25% Mn,MODERATE,3,SIMULATED
SIM_T09_POS_BH03,T09,POSITIVE_DRILLING_INTERSECTION,0.0,2.98,2.98,Sausar Group,weathered zone / laterite cover,True,False,0.22,BELOW 25% Mn,MODERATE,3,SIMULATED
SIM_T09_POS_BH03,T09,POSITIVE_DRILLING_INTERSECTION,2.98,18.07,15.09,Sausar Group,quartz-mica schist / calc-silicate (host),True,False,0.89,BELOW 25% Mn,MODERATE,3,SIMULATED
SIM_T09_POS_BH03,T09,POSITIVE_DRILLING_INTERSECTION,18.07,19.99,1.92,Sausar Group,Mn ore / gondite horizon H3 (Mansar/Lohangi-Sitasaongi contact),False,True,35.41,MEDIUM (35-46% Mn),MODERATE,3,SIMULATED
SIM_T09_POS_BH03,T09,POSITIVE_DRILLING_INTERSECTION,19.99,46.63,26.64,Sausar Group,quartz-mica schist / calc-silicate (host),False,False,0.27,BELOW 25% Mn,MODERATE,3,SIMULATED
SIM_T09_POS_BH03,T09,POSITIVE_DRILLING_INTERSECTION,46.63,48.29,1.66,Sausar Group,Mn ore / gondite horizon H2 (within Mansar Formation),False,True,25.06,LOW (25-35% Mn),MODERATE,3,SIMULATED
SIM_T09_POS_BH03,T09,POSITIVE_DRILLING_INTERSECTION,48.29,96.5,48.21,Sausar Group,quartz-mica schist / calc-silicate (host),False,False,0.44,BELOW 25% Mn,MODERATE,3,SIMULATED
SIM_T09_NEG_BH01,T09,NEGATIVE_DRILLING_RESULT,0.0,2.68,2.68,Sausar Group,weathered zone / laterite cover,True,False,0.59,BELOW 25% Mn,MODERATE,3,SIMULATED
SIM_T09_NEG_BH01,T09,NEGATIVE_DRILLING_RESULT,2.68,60.0,57.32,Sausar Group,quartz-mica schist / calc-silicate (host),True,False,0.25,BELOW 25% Mn,MODERATE,3,SIMULATED
SIM_T09_NEG_BH02,T09,NEGATIVE_DRILLING_RESULT,0.0,2.49,2.49,Sausar Group,weathered zone / laterite cover,True,False,0.3,BELOW 25% Mn,MODERATE,3,SIMULATED
SIM_T09_NEG_BH02,T09,NEGATIVE_DRILLING_RESULT,2.49,51.9,49.41,Sausar Group,quartz-mica schist / calc-silicate (host),True,False,0.2,BELOW 25% Mn,MODERATE,3,SIMULATED
SIM_T09_NEG_BH03,T09,NEGATIVE_DRILLING_RESULT,0.0,2.61,2.61,Sausar Group,weathered zone / laterite cover,True,False,0.19,BELOW 25% Mn,MODERATE,3,SIMULATED
SIM_T09_NEG_BH03,T09,NEGATIVE_DRILLING_RESULT,2.61,58.9,56.29,Sausar Group,quartz-mica schist / calc-silicate (host),True,False,0.21,BELOW 25% Mn,MODERATE,3,SIMULATED
SIM_T09_AMB_BH01,T09,AMBIGUOUS_DRILLING_RESULT,0.0,2.76,2.76,Sausar Group,weathered zone / laterite cover,True,False,0.55,BELOW 25% Mn,LOW,3,SIMULATED
SIM_T09_AMB_BH01,T09,AMBIGUOUS_DRILLING_RESULT,2.76,23.99,21.23,Sausar Group,quartz-mica schist / calc-silicate (host),True,False,0.61,BELOW 25% Mn,LOW,3,SIMULATED
SIM_T09_AMB_BH01,T09,AMBIGUOUS_DRILLING_RESULT,23.99,24.8,0.81,Sausar Group,Mn ore / gondite horizon H3 (Mansar/Lohangi-Sitasaongi contact),False,True,24.91,BELOW 25% Mn,LOW,3,SIMULATED
SIM_T09_AMB_BH01,T09,AMBIGUOUS_DRILLING_RESULT,24.8,60.1,35.3,Sausar Group,quartz-mica schist / calc-silicate (host),False,False,0.29,BELOW 25% Mn,LOW,3,SIMULATED
SIM_T09_AMB_BH02,T09,AMBIGUOUS_DRILLING_RESULT,0.0,2.1,2.1,Sausar Group,weathered zone / laterite cover,True,False,0.42,BELOW 25% Mn,LOW,3,SIMULATED
SIM_T09_AMB_BH02,T09,AMBIGUOUS_DRILLING_RESULT,2.1,40.64,38.54,Sausar Group,quartz-mica schist / calc-silicate (host),True,False,0.4,BELOW 25% Mn,LOW,3,SIMULATED
SIM_T09_AMB_BH02,T09,AMBIGUOUS_DRILLING_RESULT,40.64,41.43,0.79,Sausar Group,Mn ore / gondite horizon H2 (within Mansar Formation),False,True,19.16,BELOW 25% Mn,LOW,3,SIMULATED
SIM_T09_AMB_BH02,T09,AMBIGUOUS_DRILLING_RESULT,41.43,92.8,51.37,Sausar Group,quartz-mica schist / calc-silicate (host),False,False,0.51,BELOW 25% Mn,LOW,3,SIMULATED
SIM_T09_AMB_BH03,T09,AMBIGUOUS_DRILLING_RESULT,0.0,2.84,2.84,Sausar Group,weathered zone / laterite cover,True,False,1.56,BELOW 25% Mn,LOW,3,SIMULATED
SIM_T09_AMB_BH03,T09,AMBIGUOUS_DRILLING_RESULT,2.84,56.25,53.41,Sausar Group,quartz-mica schist / calc-silicate (host),True,False,0.26,BELOW 25% Mn,LOW,3,SIMULATED
SIM_T09_AMB_BH03,T09,AMBIGUOUS_DRILLING_RESULT,56.25,57.03,0.78,Sausar Group,Mn ore / gondite horizon H1 (Mansar/Chorbaoli contact),False,True,17.05,BELOW 25% Mn,LOW,3,SIMULATED
SIM_T09_AMB_BH03,T09,AMBIGUOUS_DRILLING_RESULT,57.03,98.4,41.37,Sausar Group,quartz-mica schist / calc-silicate (host),False,False,0.24,BELOW 25% Mn,LOW,3,SIMULATED
SIM_T10_POS_BH01,T10,POSITIVE_DRILLING_INTERSECTION,0.0,2.32,2.32,Sausar Group,weathered zone / laterite cover,True,False,0.35,BELOW 25% Mn,MODERATE,3,SIMULATED
SIM_T10_POS_BH01,T10,POSITIVE_DRILLING_INTERSECTION,2.32,18.0,15.68,Sausar Group,quartz-mica schist / calc-silicate (host),True,False,0.43,BELOW 25% Mn,MODERATE,3,SIMULATED
SIM_T10_POS_BH01,T10,POSITIVE_DRILLING_INTERSECTION,18.0,19.63,1.63,Sausar Group,Mn ore / gondite horizon H1 (Mansar/Chorbaoli contact),False,True,30.11,LOW (25-35% Mn),MODERATE,3,SIMULATED
SIM_T10_POS_BH01,T10,POSITIVE_DRILLING_INTERSECTION,19.63,25.21,5.58,Sausar Group,quartz-mica schist / calc-silicate (host),False,False,0.33,BELOW 25% Mn,MODERATE,3,SIMULATED
SIM_T10_POS_BH01,T10,POSITIVE_DRILLING_INTERSECTION,25.21,27.02,1.81,Sausar Group,Mn ore / gondite horizon H2 (within Mansar Formation),False,True,39.83,MEDIUM (35-46% Mn),MODERATE,3,SIMULATED
SIM_T10_POS_BH01,T10,POSITIVE_DRILLING_INTERSECTION,27.02,56.8,29.78,Sausar Group,quartz-mica schist / calc-silicate (host),False,False,0.4,BELOW 25% Mn,MODERATE,3,SIMULATED
SIM_T10_POS_BH02,T10,POSITIVE_DRILLING_INTERSECTION,0.0,2.75,2.75,Sausar Group,weathered zone / laterite cover,True,False,0.47,BELOW 25% Mn,MODERATE,3,SIMULATED
SIM_T10_POS_BH02,T10,POSITIVE_DRILLING_INTERSECTION,2.75,26.22,23.46,Sausar Group,quartz-mica schist / calc-silicate (host),True,False,0.86,BELOW 25% Mn,MODERATE,3,SIMULATED
SIM_T10_POS_BH02,T10,POSITIVE_DRILLING_INTERSECTION,26.22,28.15,1.93,Sausar Group,Mn ore / gondite horizon H1 (Mansar/Chorbaoli contact),False,True,30.69,LOW (25-35% Mn),MODERATE,3,SIMULATED
SIM_T10_POS_BH02,T10,POSITIVE_DRILLING_INTERSECTION,28.15,80.6,52.45,Sausar Group,quartz-mica schist / calc-silicate (host),False,False,0.72,BELOW 25% Mn,MODERATE,3,SIMULATED
SIM_T10_POS_BH03,T10,POSITIVE_DRILLING_INTERSECTION,0.0,2.73,2.73,Sausar Group,weathered zone / laterite cover,True,False,0.65,BELOW 25% Mn,MODERATE,3,SIMULATED
SIM_T10_POS_BH03,T10,POSITIVE_DRILLING_INTERSECTION,2.73,26.39,23.66,Sausar Group,quartz-mica schist / calc-silicate (host),True,False,0.7,BELOW 25% Mn,MODERATE,3,SIMULATED
SIM_T10_POS_BH03,T10,POSITIVE_DRILLING_INTERSECTION,26.39,28.13,1.74,Sausar Group,Mn ore / gondite horizon H1 (Mansar/Chorbaoli contact),False,True,32.5,LOW (25-35% Mn),MODERATE,3,SIMULATED
SIM_T10_POS_BH03,T10,POSITIVE_DRILLING_INTERSECTION,28.13,52.0,23.87,Sausar Group,quartz-mica schist / calc-silicate (host),False,False,0.6,BELOW 25% Mn,MODERATE,3,SIMULATED
SIM_T10_NEG_BH01,T10,NEGATIVE_DRILLING_RESULT,0.0,2.08,2.08,Sausar Group,weathered zone / laterite cover,True,False,0.29,BELOW 25% Mn,MODERATE,3,SIMULATED
SIM_T10_NEG_BH01,T10,NEGATIVE_DRILLING_RESULT,2.08,70.2,68.12,Sausar Group,quartz-mica schist / calc-silicate (host),True,False,0.7,BELOW 25% Mn,MODERATE,3,SIMULATED
SIM_T10_NEG_BH02,T10,NEGATIVE_DRILLING_RESULT,0.0,2.57,2.57,Sausar Group,weathered zone / laterite cover,True,False,0.33,BELOW 25% Mn,MODERATE,3,SIMULATED
SIM_T10_NEG_BH02,T10,NEGATIVE_DRILLING_RESULT,2.57,68.5,65.93,Sausar Group,quartz-mica schist / calc-silicate (host),True,False,0.27,BELOW 25% Mn,MODERATE,3,SIMULATED
SIM_T10_NEG_BH03,T10,NEGATIVE_DRILLING_RESULT,0.0,2.55,2.55,Sausar Group,weathered zone / laterite cover,True,False,0.77,BELOW 25% Mn,MODERATE,3,SIMULATED
SIM_T10_NEG_BH03,T10,NEGATIVE_DRILLING_RESULT,2.55,61.7,59.15,Sausar Group,quartz-mica schist / calc-silicate (host),True,False,0.79,BELOW 25% Mn,MODERATE,3,SIMULATED
SIM_T10_AMB_BH01,T10,AMBIGUOUS_DRILLING_RESULT,0.0,2.46,2.46,Sausar Group,weathered zone / laterite cover,True,False,0.45,BELOW 25% Mn,LOW,3,SIMULATED
SIM_T10_AMB_BH01,T10,AMBIGUOUS_DRILLING_RESULT,2.46,21.24,18.77,Sausar Group,quartz-mica schist / calc-silicate (host),True,False,0.46,BELOW 25% Mn,LOW,3,SIMULATED
SIM_T10_AMB_BH01,T10,AMBIGUOUS_DRILLING_RESULT,21.24,21.97,0.74,Sausar Group,Mn ore / gondite horizon H3 (Mansar/Lohangi-Sitasaongi contact),False,True,30.75,LOW (25-35% Mn),LOW,3,SIMULATED
SIM_T10_AMB_BH01,T10,AMBIGUOUS_DRILLING_RESULT,21.97,76.1,54.13,Sausar Group,quartz-mica schist / calc-silicate (host),False,False,0.64,BELOW 25% Mn,LOW,3,SIMULATED
SIM_T10_AMB_BH02,T10,AMBIGUOUS_DRILLING_RESULT,0.0,2.99,2.99,Sausar Group,weathered zone / laterite cover,True,False,0.21,BELOW 25% Mn,LOW,3,SIMULATED
SIM_T10_AMB_BH02,T10,AMBIGUOUS_DRILLING_RESULT,2.99,57.11,54.12,Sausar Group,quartz-mica schist / calc-silicate (host),True,False,0.77,BELOW 25% Mn,LOW,3,SIMULATED
SIM_T10_AMB_BH02,T10,AMBIGUOUS_DRILLING_RESULT,57.11,57.99,0.88,Sausar Group,Mn ore / gondite horizon H2 (within Mansar Formation),False,True,15.46,BELOW 25% Mn,LOW,3,SIMULATED
SIM_T10_AMB_BH02,T10,AMBIGUOUS_DRILLING_RESULT,57.99,79.8,21.81,Sausar Group,quartz-mica schist / calc-silicate (host),False,False,0.87,BELOW 25% Mn,LOW,3,SIMULATED
SIM_T10_AMB_BH03,T10,AMBIGUOUS_DRILLING_RESULT,0.0,2.2,2.2,Sausar Group,weathered zone / laterite cover,True,False,0.38,BELOW 25% Mn,LOW,3,SIMULATED
SIM_T10_AMB_BH03,T10,AMBIGUOUS_DRILLING_RESULT,2.2,12.89,10.69,Sausar Group,quartz-mica schist / calc-silicate (host),True,False,0.32,BELOW 25% Mn,LOW,3,SIMULATED
SIM_T10_AMB_BH03,T10,AMBIGUOUS_DRILLING_RESULT,12.89,13.61,0.72,Sausar Group,Mn ore / gondite horizon H2 (within Mansar Formation),True,True,24.13,BELOW 25% Mn,LOW,3,SIMULATED
SIM_T10_AMB_BH03,T10,AMBIGUOUS_DRILLING_RESULT,13.61,56.2,42.59,Sausar Group,quartz-mica schist / calc-silicate (host),True,False,0.15,BELOW 25% Mn,LOW,3,SIMULATED
SIM_T11_POS_BH01,T11,POSITIVE_DRILLING_INTERSECTION,0.0,2.14,2.14,Sausar Group,weathered zone / laterite cover,True,False,0.24,BELOW 25% Mn,MODERATE,3,SIMULATED
SIM_T11_POS_BH01,T11,POSITIVE_DRILLING_INTERSECTION,2.14,13.42,11.28,Sausar Group,quartz-mica schist / calc-silicate (host),True,False,0.25,BELOW 25% Mn,MODERATE,3,SIMULATED
SIM_T11_POS_BH01,T11,POSITIVE_DRILLING_INTERSECTION,13.42,15.09,1.67,Sausar Group,Mn ore / gondite horizon H3 (Mansar/Lohangi-Sitasaongi contact),True,True,35.96,MEDIUM (35-46% Mn),MODERATE,3,SIMULATED
SIM_T11_POS_BH01,T11,POSITIVE_DRILLING_INTERSECTION,15.09,52.5,37.41,Sausar Group,quartz-mica schist / calc-silicate (host),False,False,0.59,BELOW 25% Mn,MODERATE,3,SIMULATED
SIM_T11_POS_BH02,T11,POSITIVE_DRILLING_INTERSECTION,0.0,2.83,2.83,Sausar Group,weathered zone / laterite cover,True,False,0.65,BELOW 25% Mn,MODERATE,3,SIMULATED
SIM_T11_POS_BH02,T11,POSITIVE_DRILLING_INTERSECTION,2.83,52.31,49.48,Sausar Group,quartz-mica schist / calc-silicate (host),True,False,0.2,BELOW 25% Mn,MODERATE,3,SIMULATED
SIM_T11_POS_BH02,T11,POSITIVE_DRILLING_INTERSECTION,52.31,54.13,1.82,Sausar Group,Mn ore / gondite horizon H1 (Mansar/Chorbaoli contact),False,True,27.82,LOW (25-35% Mn),MODERATE,3,SIMULATED
SIM_T11_POS_BH02,T11,POSITIVE_DRILLING_INTERSECTION,54.13,97.5,43.37,Sausar Group,quartz-mica schist / calc-silicate (host),False,False,0.79,BELOW 25% Mn,MODERATE,3,SIMULATED
SIM_T11_POS_BH03,T11,POSITIVE_DRILLING_INTERSECTION,0.0,2.9,2.9,Sausar Group,weathered zone / laterite cover,True,False,0.26,BELOW 25% Mn,MODERATE,3,SIMULATED
SIM_T11_POS_BH03,T11,POSITIVE_DRILLING_INTERSECTION,2.9,17.89,14.99,Sausar Group,quartz-mica schist / calc-silicate (host),True,False,0.38,BELOW 25% Mn,MODERATE,3,SIMULATED
SIM_T11_POS_BH03,T11,POSITIVE_DRILLING_INTERSECTION,17.89,19.87,1.98,Sausar Group,Mn ore / gondite horizon H2 (within Mansar Formation),False,True,32.77,LOW (25-35% Mn),MODERATE,3,SIMULATED
SIM_T11_POS_BH03,T11,POSITIVE_DRILLING_INTERSECTION,19.87,95.7,75.83,Sausar Group,quartz-mica schist / calc-silicate (host),False,False,0.57,BELOW 25% Mn,MODERATE,3,SIMULATED
SIM_T11_NEG_BH01,T11,NEGATIVE_DRILLING_RESULT,0.0,2.03,2.03,Sausar Group,weathered zone / laterite cover,True,False,0.66,BELOW 25% Mn,MODERATE,3,SIMULATED
SIM_T11_NEG_BH01,T11,NEGATIVE_DRILLING_RESULT,2.03,84.6,82.57,Sausar Group,quartz-mica schist / calc-silicate (host),True,False,0.34,BELOW 25% Mn,MODERATE,3,SIMULATED
SIM_T11_NEG_BH02,T11,NEGATIVE_DRILLING_RESULT,0.0,2.56,2.56,Sausar Group,weathered zone / laterite cover,True,False,0.38,BELOW 25% Mn,MODERATE,3,SIMULATED
SIM_T11_NEG_BH02,T11,NEGATIVE_DRILLING_RESULT,2.56,50.8,48.24,Sausar Group,quartz-mica schist / calc-silicate (host),True,False,1.05,BELOW 25% Mn,MODERATE,3,SIMULATED
SIM_T11_NEG_BH03,T11,NEGATIVE_DRILLING_RESULT,0.0,2.45,2.45,Sausar Group,weathered zone / laterite cover,True,False,0.66,BELOW 25% Mn,MODERATE,3,SIMULATED
SIM_T11_NEG_BH03,T11,NEGATIVE_DRILLING_RESULT,2.45,58.3,55.85,Sausar Group,quartz-mica schist / calc-silicate (host),True,False,0.56,BELOW 25% Mn,MODERATE,3,SIMULATED
SIM_T11_AMB_BH01,T11,AMBIGUOUS_DRILLING_RESULT,0.0,2.61,2.61,Sausar Group,weathered zone / laterite cover,True,False,0.31,BELOW 25% Mn,LOW,3,SIMULATED
SIM_T11_AMB_BH01,T11,AMBIGUOUS_DRILLING_RESULT,2.61,42.11,39.49,Sausar Group,quartz-mica schist / calc-silicate (host),True,False,0.85,BELOW 25% Mn,LOW,3,SIMULATED
SIM_T11_AMB_BH01,T11,AMBIGUOUS_DRILLING_RESULT,42.11,42.86,0.75,Sausar Group,Mn ore / gondite horizon H3 (Mansar/Lohangi-Sitasaongi contact),False,True,26.28,LOW (25-35% Mn),LOW,3,SIMULATED
SIM_T11_AMB_BH01,T11,AMBIGUOUS_DRILLING_RESULT,42.86,57.2,14.34,Sausar Group,quartz-mica schist / calc-silicate (host),False,False,0.45,BELOW 25% Mn,LOW,3,SIMULATED
SIM_T11_AMB_BH02,T11,AMBIGUOUS_DRILLING_RESULT,0.0,2.5,2.5,Sausar Group,weathered zone / laterite cover,True,False,0.65,BELOW 25% Mn,LOW,3,SIMULATED
SIM_T11_AMB_BH02,T11,AMBIGUOUS_DRILLING_RESULT,2.5,17.8,15.3,Sausar Group,quartz-mica schist / calc-silicate (host),True,False,0.66,BELOW 25% Mn,LOW,3,SIMULATED
SIM_T11_AMB_BH02,T11,AMBIGUOUS_DRILLING_RESULT,17.8,18.29,0.5,Sausar Group,Mn ore / gondite horizon H1 (Mansar/Chorbaoli contact),False,True,19.62,BELOW 25% Mn,LOW,3,SIMULATED
SIM_T11_AMB_BH02,T11,AMBIGUOUS_DRILLING_RESULT,18.29,54.1,35.81,Sausar Group,quartz-mica schist / calc-silicate (host),False,False,0.52,BELOW 25% Mn,LOW,3,SIMULATED
SIM_T11_AMB_BH03,T11,AMBIGUOUS_DRILLING_RESULT,0.0,2.57,2.57,Sausar Group,weathered zone / laterite cover,True,False,0.24,BELOW 25% Mn,LOW,3,SIMULATED
SIM_T11_AMB_BH03,T11,AMBIGUOUS_DRILLING_RESULT,2.57,31.16,28.59,Sausar Group,quartz-mica schist / calc-silicate (host),True,False,0.18,BELOW 25% Mn,LOW,3,SIMULATED
SIM_T11_AMB_BH03,T11,AMBIGUOUS_DRILLING_RESULT,31.16,31.72,0.56,Sausar Group,Mn ore / gondite horizon H2 (within Mansar Formation),False,False,7.84,BELOW 25% Mn,LOW,3,SIMULATED
SIM_T11_AMB_BH03,T11,AMBIGUOUS_DRILLING_RESULT,31.72,69.7,37.98,Sausar Group,quartz-mica schist / calc-silicate (host),False,False,0.62,BELOW 25% Mn,LOW,3,SIMULATED
SIM_T12_POS_BH01,T12,POSITIVE_DRILLING_INTERSECTION,0.0,2.25,2.25,Sausar Group,weathered zone / laterite cover,True,False,0.37,BELOW 25% Mn,MODERATE,3,SIMULATED
SIM_T12_POS_BH01,T12,POSITIVE_DRILLING_INTERSECTION,2.25,11.78,9.53,Sausar Group,quartz-mica schist / calc-silicate (host),True,False,0.32,BELOW 25% Mn,MODERATE,3,SIMULATED
SIM_T12_POS_BH01,T12,POSITIVE_DRILLING_INTERSECTION,11.78,13.56,1.78,Sausar Group,Mn ore / gondite horizon H2 (within Mansar Formation),True,True,32.73,LOW (25-35% Mn),MODERATE,3,SIMULATED
SIM_T12_POS_BH01,T12,POSITIVE_DRILLING_INTERSECTION,13.56,62.4,48.84,Sausar Group,quartz-mica schist / calc-silicate (host),True,False,0.29,BELOW 25% Mn,MODERATE,3,SIMULATED
SIM_T12_POS_BH02,T12,POSITIVE_DRILLING_INTERSECTION,0.0,2.53,2.53,Sausar Group,weathered zone / laterite cover,True,False,0.64,BELOW 25% Mn,MODERATE,3,SIMULATED
SIM_T12_POS_BH02,T12,POSITIVE_DRILLING_INTERSECTION,2.53,17.94,15.41,Sausar Group,quartz-mica schist / calc-silicate (host),True,False,0.17,BELOW 25% Mn,MODERATE,3,SIMULATED
SIM_T12_POS_BH02,T12,POSITIVE_DRILLING_INTERSECTION,17.94,19.83,1.88,Sausar Group,Mn ore / gondite horizon H3 (Mansar/Lohangi-Sitasaongi contact),False,True,24.81,BELOW 25% Mn,MODERATE,3,SIMULATED
SIM_T12_POS_BH02,T12,POSITIVE_DRILLING_INTERSECTION,19.83,59.1,39.27,Sausar Group,quartz-mica schist / calc-silicate (host),False,False,0.35,BELOW 25% Mn,MODERATE,3,SIMULATED
SIM_T12_POS_BH03,T12,POSITIVE_DRILLING_INTERSECTION,0.0,2.92,2.92,Sausar Group,weathered zone / laterite cover,True,False,0.1,BELOW 25% Mn,MODERATE,3,SIMULATED
SIM_T12_POS_BH03,T12,POSITIVE_DRILLING_INTERSECTION,2.92,52.54,49.62,Sausar Group,quartz-mica schist / calc-silicate (host),True,False,0.57,BELOW 25% Mn,MODERATE,3,SIMULATED
SIM_T12_POS_BH03,T12,POSITIVE_DRILLING_INTERSECTION,52.54,54.46,1.92,Sausar Group,Mn ore / gondite horizon H2 (within Mansar Formation),False,True,32.45,LOW (25-35% Mn),MODERATE,3,SIMULATED
SIM_T12_POS_BH03,T12,POSITIVE_DRILLING_INTERSECTION,54.46,82.6,28.14,Sausar Group,quartz-mica schist / calc-silicate (host),False,False,0.65,BELOW 25% Mn,MODERATE,3,SIMULATED
SIM_T12_NEG_BH01,T12,NEGATIVE_DRILLING_RESULT,0.0,2.93,2.93,Sausar Group,weathered zone / laterite cover,True,False,0.22,BELOW 25% Mn,MODERATE,3,SIMULATED
SIM_T12_NEG_BH01,T12,NEGATIVE_DRILLING_RESULT,2.93,77.0,74.07,Sausar Group,quartz-mica schist / calc-silicate (host),True,False,0.32,BELOW 25% Mn,MODERATE,3,SIMULATED
SIM_T12_NEG_BH02,T12,NEGATIVE_DRILLING_RESULT,0.0,2.6,2.6,Sausar Group,weathered zone / laterite cover,True,False,0.67,BELOW 25% Mn,MODERATE,3,SIMULATED
SIM_T12_NEG_BH02,T12,NEGATIVE_DRILLING_RESULT,2.6,53.1,50.5,Sausar Group,quartz-mica schist / calc-silicate (host),True,False,0.48,BELOW 25% Mn,MODERATE,3,SIMULATED
SIM_T12_NEG_BH03,T12,NEGATIVE_DRILLING_RESULT,0.0,2.92,2.92,Sausar Group,weathered zone / laterite cover,True,False,0.18,BELOW 25% Mn,MODERATE,3,SIMULATED
SIM_T12_NEG_BH03,T12,NEGATIVE_DRILLING_RESULT,2.92,71.7,68.78,Sausar Group,quartz-mica schist / calc-silicate (host),True,False,0.27,BELOW 25% Mn,MODERATE,3,SIMULATED
SIM_T12_AMB_BH01,T12,AMBIGUOUS_DRILLING_RESULT,0.0,2.65,2.65,Sausar Group,weathered zone / laterite cover,True,False,0.29,BELOW 25% Mn,LOW,3,SIMULATED
SIM_T12_AMB_BH01,T12,AMBIGUOUS_DRILLING_RESULT,2.65,38.69,36.04,Sausar Group,quartz-mica schist / calc-silicate (host),True,False,0.42,BELOW 25% Mn,LOW,3,SIMULATED
SIM_T12_AMB_BH01,T12,AMBIGUOUS_DRILLING_RESULT,38.69,39.16,0.47,Sausar Group,Mn ore / gondite horizon H2 (within Mansar Formation),False,True,15.41,BELOW 25% Mn,LOW,3,SIMULATED
SIM_T12_AMB_BH01,T12,AMBIGUOUS_DRILLING_RESULT,39.16,82.2,43.04,Sausar Group,quartz-mica schist / calc-silicate (host),False,False,0.27,BELOW 25% Mn,LOW,3,SIMULATED
SIM_T12_AMB_BH02,T12,AMBIGUOUS_DRILLING_RESULT,0.0,2.32,2.32,Sausar Group,weathered zone / laterite cover,True,False,0.15,BELOW 25% Mn,LOW,3,SIMULATED
SIM_T12_AMB_BH02,T12,AMBIGUOUS_DRILLING_RESULT,2.32,61.61,59.3,Sausar Group,quartz-mica schist / calc-silicate (host),True,False,0.33,BELOW 25% Mn,LOW,3,SIMULATED
SIM_T12_AMB_BH02,T12,AMBIGUOUS_DRILLING_RESULT,61.61,62.2,0.59,Sausar Group,Mn ore / gondite horizon H2 (within Mansar Formation),False,True,13.7,BELOW 25% Mn,LOW,3,SIMULATED
SIM_T12_AMB_BH02,T12,AMBIGUOUS_DRILLING_RESULT,62.2,76.3,14.1,Sausar Group,quartz-mica schist / calc-silicate (host),False,False,0.6,BELOW 25% Mn,LOW,3,SIMULATED
SIM_T12_AMB_BH03,T12,AMBIGUOUS_DRILLING_RESULT,0.0,2.13,2.13,Sausar Group,weathered zone / laterite cover,True,False,0.63,BELOW 25% Mn,LOW,3,SIMULATED
SIM_T12_AMB_BH03,T12,AMBIGUOUS_DRILLING_RESULT,2.13,46.91,44.79,Sausar Group,quartz-mica schist / calc-silicate (host),True,False,0.53,BELOW 25% Mn,LOW,3,SIMULATED
SIM_T12_AMB_BH03,T12,AMBIGUOUS_DRILLING_RESULT,46.91,47.67,0.76,Sausar Group,Mn ore / gondite horizon H2 (within Mansar Formation),False,True,16.69,BELOW 25% Mn,LOW,3,SIMULATED
SIM_T12_AMB_BH03,T12,AMBIGUOUS_DRILLING_RESULT,47.67,55.4,7.73,Sausar Group,quartz-mica schist / calc-silicate (host),False,False,0.57,BELOW 25% Mn,LOW,3,SIMULATED
SIM_T13_POS_BH01,T13,POSITIVE_DRILLING_INTERSECTION,0.0,2.81,2.81,Sausar Group,weathered zone / laterite cover,True,False,0.32,BELOW 25% Mn,MODERATE,3,SIMULATED
SIM_T13_POS_BH01,T13,POSITIVE_DRILLING_INTERSECTION,2.81,17.82,15.01,Sausar Group,quartz-mica schist / calc-silicate (host),True,False,0.37,BELOW 25% Mn,MODERATE,3,SIMULATED
SIM_T13_POS_BH01,T13,POSITIVE_DRILLING_INTERSECTION,17.82,19.71,1.89,Sausar Group,Mn ore / gondite horizon H3 (Mansar/Lohangi-Sitasaongi contact),False,True,36.98,MEDIUM (35-46% Mn),MODERATE,3,SIMULATED
SIM_T13_POS_BH01,T13,POSITIVE_DRILLING_INTERSECTION,19.71,47.27,27.56,Sausar Group,quartz-mica schist / calc-silicate (host),False,False,0.59,BELOW 25% Mn,MODERATE,3,SIMULATED
SIM_T13_POS_BH01,T13,POSITIVE_DRILLING_INTERSECTION,47.27,48.84,1.57,Sausar Group,Mn ore / gondite horizon H2 (within Mansar Formation),False,True,28.95,LOW (25-35% Mn),MODERATE,3,SIMULATED
SIM_T13_POS_BH01,T13,POSITIVE_DRILLING_INTERSECTION,48.84,61.1,12.26,Sausar Group,quartz-mica schist / calc-silicate (host),False,False,0.71,BELOW 25% Mn,MODERATE,3,SIMULATED
SIM_T13_POS_BH02,T13,POSITIVE_DRILLING_INTERSECTION,0.0,2.88,2.88,Sausar Group,weathered zone / laterite cover,True,False,0.62,BELOW 25% Mn,MODERATE,3,SIMULATED
SIM_T13_POS_BH02,T13,POSITIVE_DRILLING_INTERSECTION,2.88,19.17,16.29,Sausar Group,quartz-mica schist / calc-silicate (host),True,False,0.28,BELOW 25% Mn,MODERATE,3,SIMULATED
SIM_T13_POS_BH02,T13,POSITIVE_DRILLING_INTERSECTION,19.17,20.79,1.62,Sausar Group,Mn ore / gondite horizon H3 (Mansar/Lohangi-Sitasaongi contact),False,True,32.03,LOW (25-35% Mn),MODERATE,3,SIMULATED
SIM_T13_POS_BH02,T13,POSITIVE_DRILLING_INTERSECTION,20.79,85.8,65.01,Sausar Group,quartz-mica schist / calc-silicate (host),False,False,0.28,BELOW 25% Mn,MODERATE,3,SIMULATED
SIM_T13_POS_BH03,T13,POSITIVE_DRILLING_INTERSECTION,0.0,2.75,2.75,Sausar Group,weathered zone / laterite cover,True,False,0.5,BELOW 25% Mn,MODERATE,3,SIMULATED
SIM_T13_POS_BH03,T13,POSITIVE_DRILLING_INTERSECTION,2.75,23.86,21.11,Sausar Group,quartz-mica schist / calc-silicate (host),True,False,0.58,BELOW 25% Mn,MODERATE,3,SIMULATED
SIM_T13_POS_BH03,T13,POSITIVE_DRILLING_INTERSECTION,23.86,25.74,1.88,Sausar Group,Mn ore / gondite horizon H1 (Mansar/Chorbaoli contact),False,True,27.34,LOW (25-35% Mn),MODERATE,3,SIMULATED
SIM_T13_POS_BH03,T13,POSITIVE_DRILLING_INTERSECTION,25.74,48.67,22.94,Sausar Group,quartz-mica schist / calc-silicate (host),False,False,0.46,BELOW 25% Mn,MODERATE,3,SIMULATED
SIM_T13_POS_BH03,T13,POSITIVE_DRILLING_INTERSECTION,48.67,50.52,1.85,Sausar Group,Mn ore / gondite horizon H3 (Mansar/Lohangi-Sitasaongi contact),False,True,32.78,LOW (25-35% Mn),MODERATE,3,SIMULATED
SIM_T13_POS_BH03,T13,POSITIVE_DRILLING_INTERSECTION,50.52,62.2,11.68,Sausar Group,quartz-mica schist / calc-silicate (host),False,False,0.19,BELOW 25% Mn,MODERATE,3,SIMULATED
SIM_T13_NEG_BH01,T13,NEGATIVE_DRILLING_RESULT,0.0,2.92,2.92,Sausar Group,weathered zone / laterite cover,True,False,0.32,BELOW 25% Mn,MODERATE,3,SIMULATED
SIM_T13_NEG_BH01,T13,NEGATIVE_DRILLING_RESULT,2.92,69.0,66.08,Sausar Group,quartz-mica schist / calc-silicate (host),True,False,0.37,BELOW 25% Mn,MODERATE,3,SIMULATED
SIM_T13_NEG_BH02,T13,NEGATIVE_DRILLING_RESULT,0.0,2.27,2.27,Sausar Group,weathered zone / laterite cover,True,False,1.3,BELOW 25% Mn,MODERATE,3,SIMULATED
SIM_T13_NEG_BH02,T13,NEGATIVE_DRILLING_RESULT,2.27,60.8,58.53,Sausar Group,quartz-mica schist / calc-silicate (host),True,False,1.31,BELOW 25% Mn,MODERATE,3,SIMULATED
SIM_T13_NEG_BH03,T13,NEGATIVE_DRILLING_RESULT,0.0,2.87,2.87,Sausar Group,weathered zone / laterite cover,True,False,0.36,BELOW 25% Mn,MODERATE,3,SIMULATED
SIM_T13_NEG_BH03,T13,NEGATIVE_DRILLING_RESULT,2.87,86.2,83.33,Sausar Group,quartz-mica schist / calc-silicate (host),True,False,0.33,BELOW 25% Mn,MODERATE,3,SIMULATED
SIM_T13_AMB_BH01,T13,AMBIGUOUS_DRILLING_RESULT,0.0,2.92,2.92,Sausar Group,weathered zone / laterite cover,True,False,0.31,BELOW 25% Mn,LOW,3,SIMULATED
SIM_T13_AMB_BH01,T13,AMBIGUOUS_DRILLING_RESULT,2.92,21.84,18.93,Sausar Group,quartz-mica schist / calc-silicate (host),True,False,0.46,BELOW 25% Mn,LOW,3,SIMULATED
SIM_T13_AMB_BH01,T13,AMBIGUOUS_DRILLING_RESULT,21.84,22.31,0.47,Sausar Group,Mn ore / gondite horizon H3 (Mansar/Lohangi-Sitasaongi contact),False,True,19.4,BELOW 25% Mn,LOW,3,SIMULATED
SIM_T13_AMB_BH01,T13,AMBIGUOUS_DRILLING_RESULT,22.31,93.7,71.39,Sausar Group,quartz-mica schist / calc-silicate (host),False,False,0.43,BELOW 25% Mn,LOW,3,SIMULATED
SIM_T13_AMB_BH02,T13,AMBIGUOUS_DRILLING_RESULT,0.0,2.16,2.16,Sausar Group,weathered zone / laterite cover,True,False,0.24,BELOW 25% Mn,LOW,3,SIMULATED
SIM_T13_AMB_BH02,T13,AMBIGUOUS_DRILLING_RESULT,2.16,32.5,30.34,Sausar Group,quartz-mica schist / calc-silicate (host),True,False,0.22,BELOW 25% Mn,LOW,3,SIMULATED
SIM_T13_AMB_BH02,T13,AMBIGUOUS_DRILLING_RESULT,32.5,32.94,0.44,Sausar Group,Mn ore / gondite horizon H3 (Mansar/Lohangi-Sitasaongi contact),False,True,15.97,BELOW 25% Mn,LOW,3,SIMULATED
SIM_T13_AMB_BH02,T13,AMBIGUOUS_DRILLING_RESULT,32.94,81.6,48.66,Sausar Group,quartz-mica schist / calc-silicate (host),False,False,1.38,BELOW 25% Mn,LOW,3,SIMULATED
SIM_T13_AMB_BH03,T13,AMBIGUOUS_DRILLING_RESULT,0.0,3.0,3.0,Sausar Group,weathered zone / laterite cover,True,False,0.38,BELOW 25% Mn,LOW,3,SIMULATED
SIM_T13_AMB_BH03,T13,AMBIGUOUS_DRILLING_RESULT,3.0,39.1,36.11,Sausar Group,quartz-mica schist / calc-silicate (host),True,False,0.31,BELOW 25% Mn,LOW,3,SIMULATED
SIM_T13_AMB_BH03,T13,AMBIGUOUS_DRILLING_RESULT,39.1,39.6,0.49,Sausar Group,Mn ore / gondite horizon H1 (Mansar/Chorbaoli contact),False,True,14.97,BELOW 25% Mn,LOW,3,SIMULATED
SIM_T13_AMB_BH03,T13,AMBIGUOUS_DRILLING_RESULT,39.6,58.7,19.1,Sausar Group,quartz-mica schist / calc-silicate (host),False,False,0.26,BELOW 25% Mn,LOW,3,SIMULATED
SIM_T14_POS_BH01,T14,POSITIVE_DRILLING_INTERSECTION,0.0,2.39,2.39,Sausar Group,weathered zone / laterite cover,True,False,0.49,BELOW 25% Mn,MODERATE,3,SIMULATED
SIM_T14_POS_BH01,T14,POSITIVE_DRILLING_INTERSECTION,2.39,66.07,63.68,Sausar Group,quartz-mica schist / calc-silicate (host),True,False,0.29,BELOW 25% Mn,MODERATE,3,SIMULATED
SIM_T14_POS_BH01,T14,POSITIVE_DRILLING_INTERSECTION,66.07,68.03,1.96,Sausar Group,Mn ore / gondite horizon H2 (within Mansar Formation),False,True,37.93,MEDIUM (35-46% Mn),MODERATE,3,SIMULATED
SIM_T14_POS_BH01,T14,POSITIVE_DRILLING_INTERSECTION,68.03,82.4,14.37,Sausar Group,quartz-mica schist / calc-silicate (host),False,False,0.4,BELOW 25% Mn,MODERATE,3,SIMULATED
SIM_T14_POS_BH02,T14,POSITIVE_DRILLING_INTERSECTION,0.0,2.81,2.81,Sausar Group,weathered zone / laterite cover,True,False,0.37,BELOW 25% Mn,MODERATE,3,SIMULATED
SIM_T14_POS_BH02,T14,POSITIVE_DRILLING_INTERSECTION,2.81,40.81,38.0,Sausar Group,quartz-mica schist / calc-silicate (host),True,False,0.34,BELOW 25% Mn,MODERATE,3,SIMULATED
SIM_T14_POS_BH02,T14,POSITIVE_DRILLING_INTERSECTION,40.81,42.41,1.6,Sausar Group,Mn ore / gondite horizon H3 (Mansar/Lohangi-Sitasaongi contact),False,True,35.31,MEDIUM (35-46% Mn),MODERATE,3,SIMULATED
SIM_T14_POS_BH02,T14,POSITIVE_DRILLING_INTERSECTION,42.41,63.7,21.29,Sausar Group,quartz-mica schist / calc-silicate (host),False,False,0.29,BELOW 25% Mn,MODERATE,3,SIMULATED
SIM_T14_POS_BH03,T14,POSITIVE_DRILLING_INTERSECTION,0.0,2.56,2.56,Sausar Group,weathered zone / laterite cover,True,False,0.19,BELOW 25% Mn,MODERATE,3,SIMULATED
SIM_T14_POS_BH03,T14,POSITIVE_DRILLING_INTERSECTION,2.56,20.61,18.05,Sausar Group,quartz-mica schist / calc-silicate (host),True,False,0.2,BELOW 25% Mn,MODERATE,3,SIMULATED
SIM_T14_POS_BH03,T14,POSITIVE_DRILLING_INTERSECTION,20.61,22.13,1.52,Sausar Group,Mn ore / gondite horizon H1 (Mansar/Chorbaoli contact),False,True,24.12,BELOW 25% Mn,MODERATE,3,SIMULATED
SIM_T14_POS_BH03,T14,POSITIVE_DRILLING_INTERSECTION,22.13,28.72,6.59,Sausar Group,quartz-mica schist / calc-silicate (host),False,False,0.4,BELOW 25% Mn,MODERATE,3,SIMULATED
SIM_T14_POS_BH03,T14,POSITIVE_DRILLING_INTERSECTION,28.72,30.62,1.9,Sausar Group,Mn ore / gondite horizon H3 (Mansar/Lohangi-Sitasaongi contact),False,True,25.33,LOW (25-35% Mn),MODERATE,3,SIMULATED
SIM_T14_POS_BH03,T14,POSITIVE_DRILLING_INTERSECTION,30.62,55.7,25.08,Sausar Group,quartz-mica schist / calc-silicate (host),False,False,0.32,BELOW 25% Mn,MODERATE,3,SIMULATED
SIM_T14_NEG_BH01,T14,NEGATIVE_DRILLING_RESULT,0.0,2.28,2.28,Sausar Group,weathered zone / laterite cover,True,False,0.55,BELOW 25% Mn,MODERATE,3,SIMULATED
SIM_T14_NEG_BH01,T14,NEGATIVE_DRILLING_RESULT,2.28,51.7,49.42,Sausar Group,quartz-mica schist / calc-silicate (host),True,False,0.21,BELOW 25% Mn,MODERATE,3,SIMULATED
SIM_T14_NEG_BH02,T14,NEGATIVE_DRILLING_RESULT,0.0,2.5,2.5,Sausar Group,weathered zone / laterite cover,True,False,0.39,BELOW 25% Mn,MODERATE,3,SIMULATED
SIM_T14_NEG_BH02,T14,NEGATIVE_DRILLING_RESULT,2.5,87.8,85.3,Sausar Group,quartz-mica schist / calc-silicate (host),True,False,0.82,BELOW 25% Mn,MODERATE,3,SIMULATED
SIM_T14_NEG_BH03,T14,NEGATIVE_DRILLING_RESULT,0.0,2.29,2.29,Sausar Group,weathered zone / laterite cover,True,False,0.46,BELOW 25% Mn,MODERATE,3,SIMULATED
SIM_T14_NEG_BH03,T14,NEGATIVE_DRILLING_RESULT,2.29,80.8,78.51,Sausar Group,quartz-mica schist / calc-silicate (host),True,False,0.25,BELOW 25% Mn,MODERATE,3,SIMULATED
SIM_T14_AMB_BH01,T14,AMBIGUOUS_DRILLING_RESULT,0.0,2.27,2.27,Sausar Group,weathered zone / laterite cover,True,False,0.49,BELOW 25% Mn,LOW,3,SIMULATED
SIM_T14_AMB_BH01,T14,AMBIGUOUS_DRILLING_RESULT,2.27,51.38,49.1,Sausar Group,quartz-mica schist / calc-silicate (host),True,False,0.1,BELOW 25% Mn,LOW,3,SIMULATED
SIM_T14_AMB_BH01,T14,AMBIGUOUS_DRILLING_RESULT,51.38,51.94,0.56,Sausar Group,Mn ore / gondite horizon H2 (within Mansar Formation),False,True,22.19,BELOW 25% Mn,LOW,3,SIMULATED
SIM_T14_AMB_BH01,T14,AMBIGUOUS_DRILLING_RESULT,51.94,97.2,45.26,Sausar Group,quartz-mica schist / calc-silicate (host),False,False,0.31,BELOW 25% Mn,LOW,3,SIMULATED
SIM_T14_AMB_BH02,T14,AMBIGUOUS_DRILLING_RESULT,0.0,2.56,2.56,Sausar Group,weathered zone / laterite cover,True,False,0.32,BELOW 25% Mn,LOW,3,SIMULATED
SIM_T14_AMB_BH02,T14,AMBIGUOUS_DRILLING_RESULT,2.56,39.07,36.51,Sausar Group,quartz-mica schist / calc-silicate (host),True,False,0.32,BELOW 25% Mn,LOW,3,SIMULATED
SIM_T14_AMB_BH02,T14,AMBIGUOUS_DRILLING_RESULT,39.07,39.6,0.53,Sausar Group,Mn ore / gondite horizon H1 (Mansar/Chorbaoli contact),False,True,19.18,BELOW 25% Mn,LOW,3,SIMULATED
SIM_T14_AMB_BH02,T14,AMBIGUOUS_DRILLING_RESULT,39.6,67.8,28.2,Sausar Group,quartz-mica schist / calc-silicate (host),False,False,0.44,BELOW 25% Mn,LOW,3,SIMULATED
SIM_T14_AMB_BH03,T14,AMBIGUOUS_DRILLING_RESULT,0.0,2.92,2.92,Sausar Group,weathered zone / laterite cover,True,False,0.44,BELOW 25% Mn,LOW,3,SIMULATED
SIM_T14_AMB_BH03,T14,AMBIGUOUS_DRILLING_RESULT,2.92,76.23,73.31,Sausar Group,quartz-mica schist / calc-silicate (host),True,False,0.3,BELOW 25% Mn,LOW,3,SIMULATED
SIM_T14_AMB_BH03,T14,AMBIGUOUS_DRILLING_RESULT,76.23,76.72,0.48,Sausar Group,Mn ore / gondite horizon H2 (within Mansar Formation),False,True,15.51,BELOW 25% Mn,LOW,3,SIMULATED
SIM_T14_AMB_BH03,T14,AMBIGUOUS_DRILLING_RESULT,76.72,93.3,16.58,Sausar Group,quartz-mica schist / calc-silicate (host),False,False,0.64,BELOW 25% Mn,LOW,3,SIMULATED
SIM_T15_POS_BH01,T15,POSITIVE_DRILLING_INTERSECTION,0.0,2.56,2.56,Sausar Group,weathered zone / laterite cover,True,False,0.21,BELOW 25% Mn,MODERATE,3,SIMULATED
SIM_T15_POS_BH01,T15,POSITIVE_DRILLING_INTERSECTION,2.56,16.99,14.42,Sausar Group,quartz-mica schist / calc-silicate (host),True,False,0.42,BELOW 25% Mn,MODERATE,3,SIMULATED
SIM_T15_POS_BH01,T15,POSITIVE_DRILLING_INTERSECTION,16.99,18.51,1.52,Sausar Group,Mn ore / gondite horizon H1 (Mansar/Chorbaoli contact),False,True,29.07,LOW (25-35% Mn),MODERATE,3,SIMULATED
SIM_T15_POS_BH01,T15,POSITIVE_DRILLING_INTERSECTION,18.51,53.8,35.29,Sausar Group,quartz-mica schist / calc-silicate (host),False,False,0.54,BELOW 25% Mn,MODERATE,3,SIMULATED
SIM_T15_POS_BH02,T15,POSITIVE_DRILLING_INTERSECTION,0.0,2.45,2.45,Sausar Group,weathered zone / laterite cover,True,False,0.3,BELOW 25% Mn,MODERATE,3,SIMULATED
SIM_T15_POS_BH02,T15,POSITIVE_DRILLING_INTERSECTION,2.45,63.9,61.45,Sausar Group,quartz-mica schist / calc-silicate (host),True,False,0.24,BELOW 25% Mn,MODERATE,3,SIMULATED
SIM_T15_POS_BH02,T15,POSITIVE_DRILLING_INTERSECTION,63.9,65.71,1.81,Sausar Group,Mn ore / gondite horizon H1 (Mansar/Chorbaoli contact),False,True,28.99,LOW (25-35% Mn),MODERATE,3,SIMULATED
SIM_T15_POS_BH02,T15,POSITIVE_DRILLING_INTERSECTION,65.71,89.6,23.89,Sausar Group,quartz-mica schist / calc-silicate (host),False,False,0.5,BELOW 25% Mn,MODERATE,3,SIMULATED
SIM_T15_POS_BH03,T15,POSITIVE_DRILLING_INTERSECTION,0.0,2.7,2.7,Sausar Group,weathered zone / laterite cover,True,False,0.23,BELOW 25% Mn,MODERATE,3,SIMULATED
SIM_T15_POS_BH03,T15,POSITIVE_DRILLING_INTERSECTION,2.7,20.83,18.13,Sausar Group,quartz-mica schist / calc-silicate (host),True,False,0.44,BELOW 25% Mn,MODERATE,3,SIMULATED
SIM_T15_POS_BH03,T15,POSITIVE_DRILLING_INTERSECTION,20.83,22.73,1.91,Sausar Group,Mn ore / gondite horizon H2 (within Mansar Formation),False,True,36.23,MEDIUM (35-46% Mn),MODERATE,3,SIMULATED
SIM_T15_POS_BH03,T15,POSITIVE_DRILLING_INTERSECTION,22.73,78.1,55.37,Sausar Group,quartz-mica schist / calc-silicate (host),False,False,0.49,BELOW 25% Mn,MODERATE,3,SIMULATED
SIM_T15_NEG_BH01,T15,NEGATIVE_DRILLING_RESULT,0.0,2.76,2.76,Sausar Group,weathered zone / laterite cover,True,False,0.37,BELOW 25% Mn,MODERATE,3,SIMULATED
SIM_T15_NEG_BH01,T15,NEGATIVE_DRILLING_RESULT,2.76,95.9,93.14,Sausar Group,quartz-mica schist / calc-silicate (host),True,False,0.41,BELOW 25% Mn,MODERATE,3,SIMULATED
SIM_T15_NEG_BH02,T15,NEGATIVE_DRILLING_RESULT,0.0,2.05,2.05,Sausar Group,weathered zone / laterite cover,True,False,0.6,BELOW 25% Mn,MODERATE,3,SIMULATED
SIM_T15_NEG_BH02,T15,NEGATIVE_DRILLING_RESULT,2.05,74.2,72.15,Sausar Group,quartz-mica schist / calc-silicate (host),True,False,0.25,BELOW 25% Mn,MODERATE,3,SIMULATED
SIM_T15_NEG_BH03,T15,NEGATIVE_DRILLING_RESULT,0.0,2.47,2.47,Sausar Group,weathered zone / laterite cover,True,False,0.84,BELOW 25% Mn,MODERATE,3,SIMULATED
SIM_T15_NEG_BH03,T15,NEGATIVE_DRILLING_RESULT,2.47,66.5,64.03,Sausar Group,quartz-mica schist / calc-silicate (host),True,False,0.7,BELOW 25% Mn,MODERATE,3,SIMULATED
SIM_T15_AMB_BH01,T15,AMBIGUOUS_DRILLING_RESULT,0.0,2.9,2.9,Sausar Group,weathered zone / laterite cover,True,False,0.42,BELOW 25% Mn,LOW,3,SIMULATED
SIM_T15_AMB_BH01,T15,AMBIGUOUS_DRILLING_RESULT,2.9,38.19,35.28,Sausar Group,quartz-mica schist / calc-silicate (host),True,False,0.35,BELOW 25% Mn,LOW,3,SIMULATED
SIM_T15_AMB_BH01,T15,AMBIGUOUS_DRILLING_RESULT,38.19,38.75,0.56,Sausar Group,Mn ore / gondite horizon H2 (within Mansar Formation),False,True,22.73,BELOW 25% Mn,LOW,3,SIMULATED
SIM_T15_AMB_BH01,T15,AMBIGUOUS_DRILLING_RESULT,38.75,75.2,36.45,Sausar Group,quartz-mica schist / calc-silicate (host),False,False,0.53,BELOW 25% Mn,LOW,3,SIMULATED
SIM_T15_AMB_BH02,T15,AMBIGUOUS_DRILLING_RESULT,0.0,2.48,2.48,Sausar Group,weathered zone / laterite cover,True,False,0.47,BELOW 25% Mn,LOW,3,SIMULATED
SIM_T15_AMB_BH02,T15,AMBIGUOUS_DRILLING_RESULT,2.48,16.61,14.12,Sausar Group,quartz-mica schist / calc-silicate (host),True,False,0.41,BELOW 25% Mn,LOW,3,SIMULATED
SIM_T15_AMB_BH02,T15,AMBIGUOUS_DRILLING_RESULT,16.61,17.37,0.76,Sausar Group,Mn ore / gondite horizon H1 (Mansar/Chorbaoli contact),False,True,14.7,BELOW 25% Mn,LOW,3,SIMULATED
SIM_T15_AMB_BH02,T15,AMBIGUOUS_DRILLING_RESULT,17.37,69.5,52.13,Sausar Group,quartz-mica schist / calc-silicate (host),False,False,0.89,BELOW 25% Mn,LOW,3,SIMULATED
SIM_T15_AMB_BH03,T15,AMBIGUOUS_DRILLING_RESULT,0.0,2.69,2.69,Sausar Group,weathered zone / laterite cover,True,False,0.27,BELOW 25% Mn,LOW,3,SIMULATED
SIM_T15_AMB_BH03,T15,AMBIGUOUS_DRILLING_RESULT,2.69,48.0,45.3,Sausar Group,quartz-mica schist / calc-silicate (host),True,False,0.49,BELOW 25% Mn,LOW,3,SIMULATED
SIM_T15_AMB_BH03,T15,AMBIGUOUS_DRILLING_RESULT,48.0,48.55,0.55,Sausar Group,Mn ore / gondite horizon H3 (Mansar/Lohangi-Sitasaongi contact),False,True,21.74,BELOW 25% Mn,LOW,3,SIMULATED
SIM_T15_AMB_BH03,T15,AMBIGUOUS_DRILLING_RESULT,48.55,80.1,31.55,Sausar Group,quartz-mica schist / calc-silicate (host),False,False,0.27,BELOW 25% Mn,LOW,3,SIMULATED
SIM_T16_POS_BH01,T16,POSITIVE_DRILLING_INTERSECTION,0.0,2.58,2.58,Sausar Group,weathered zone / laterite cover,True,False,1.37,BELOW 25% Mn,MODERATE,3,SIMULATED
SIM_T16_POS_BH01,T16,POSITIVE_DRILLING_INTERSECTION,2.58,27.51,24.94,Sausar Group,quartz-mica schist / calc-silicate (host),True,False,0.83,BELOW 25% Mn,MODERATE,3,SIMULATED
SIM_T16_POS_BH01,T16,POSITIVE_DRILLING_INTERSECTION,27.51,29.15,1.64,Sausar Group,Mn ore / gondite horizon H2 (within Mansar Formation),False,True,39.37,MEDIUM (35-46% Mn),MODERATE,3,SIMULATED
SIM_T16_POS_BH01,T16,POSITIVE_DRILLING_INTERSECTION,29.15,39.11,9.96,Sausar Group,quartz-mica schist / calc-silicate (host),False,False,0.18,BELOW 25% Mn,MODERATE,3,SIMULATED
SIM_T16_POS_BH01,T16,POSITIVE_DRILLING_INTERSECTION,39.11,40.64,1.53,Sausar Group,Mn ore / gondite horizon H3 (Mansar/Lohangi-Sitasaongi contact),False,True,34.42,LOW (25-35% Mn),MODERATE,3,SIMULATED
SIM_T16_POS_BH01,T16,POSITIVE_DRILLING_INTERSECTION,40.64,69.0,28.36,Sausar Group,quartz-mica schist / calc-silicate (host),False,False,0.3,BELOW 25% Mn,MODERATE,3,SIMULATED
SIM_T16_POS_BH02,T16,POSITIVE_DRILLING_INTERSECTION,0.0,2.33,2.33,Sausar Group,weathered zone / laterite cover,True,False,0.4,BELOW 25% Mn,MODERATE,3,SIMULATED
SIM_T16_POS_BH02,T16,POSITIVE_DRILLING_INTERSECTION,2.33,40.03,37.7,Sausar Group,quartz-mica schist / calc-silicate (host),True,False,0.6,BELOW 25% Mn,MODERATE,3,SIMULATED
SIM_T16_POS_BH02,T16,POSITIVE_DRILLING_INTERSECTION,40.03,42.03,2.0,Sausar Group,Mn ore / gondite horizon H3 (Mansar/Lohangi-Sitasaongi contact),False,True,29.94,LOW (25-35% Mn),MODERATE,3,SIMULATED
SIM_T16_POS_BH02,T16,POSITIVE_DRILLING_INTERSECTION,42.03,57.7,15.67,Sausar Group,quartz-mica schist / calc-silicate (host),False,False,0.79,BELOW 25% Mn,MODERATE,3,SIMULATED
SIM_T16_POS_BH03,T16,POSITIVE_DRILLING_INTERSECTION,0.0,2.94,2.94,Sausar Group,weathered zone / laterite cover,True,False,0.55,BELOW 25% Mn,MODERATE,3,SIMULATED
SIM_T16_POS_BH03,T16,POSITIVE_DRILLING_INTERSECTION,2.94,58.72,55.78,Sausar Group,quartz-mica schist / calc-silicate (host),True,False,0.25,BELOW 25% Mn,MODERATE,3,SIMULATED
SIM_T16_POS_BH03,T16,POSITIVE_DRILLING_INTERSECTION,58.72,60.44,1.72,Sausar Group,Mn ore / gondite horizon H3 (Mansar/Lohangi-Sitasaongi contact),False,True,30.13,LOW (25-35% Mn),MODERATE,3,SIMULATED
SIM_T16_POS_BH03,T16,POSITIVE_DRILLING_INTERSECTION,60.44,62.94,2.5,Sausar Group,quartz-mica schist / calc-silicate (host),False,False,0.18,BELOW 25% Mn,MODERATE,3,SIMULATED
SIM_T16_POS_BH03,T16,POSITIVE_DRILLING_INTERSECTION,62.94,64.55,1.61,Sausar Group,Mn ore / gondite horizon H2 (within Mansar Formation),False,True,33.16,LOW (25-35% Mn),MODERATE,3,SIMULATED
SIM_T16_POS_BH03,T16,POSITIVE_DRILLING_INTERSECTION,64.55,87.8,23.25,Sausar Group,quartz-mica schist / calc-silicate (host),False,False,0.5,BELOW 25% Mn,MODERATE,3,SIMULATED
SIM_T16_NEG_BH01,T16,NEGATIVE_DRILLING_RESULT,0.0,2.34,2.34,Sausar Group,weathered zone / laterite cover,True,False,0.44,BELOW 25% Mn,MODERATE,3,SIMULATED
SIM_T16_NEG_BH01,T16,NEGATIVE_DRILLING_RESULT,2.34,75.6,73.26,Sausar Group,quartz-mica schist / calc-silicate (host),True,False,0.8,BELOW 25% Mn,MODERATE,3,SIMULATED
SIM_T16_NEG_BH02,T16,NEGATIVE_DRILLING_RESULT,0.0,2.93,2.93,Sausar Group,weathered zone / laterite cover,True,False,0.38,BELOW 25% Mn,MODERATE,3,SIMULATED
SIM_T16_NEG_BH02,T16,NEGATIVE_DRILLING_RESULT,2.93,91.8,88.87,Sausar Group,quartz-mica schist / calc-silicate (host),True,False,0.52,BELOW 25% Mn,MODERATE,3,SIMULATED
SIM_T16_NEG_BH03,T16,NEGATIVE_DRILLING_RESULT,0.0,2.78,2.78,Sausar Group,weathered zone / laterite cover,True,False,0.27,BELOW 25% Mn,MODERATE,3,SIMULATED
SIM_T16_NEG_BH03,T16,NEGATIVE_DRILLING_RESULT,2.78,82.4,79.62,Sausar Group,quartz-mica schist / calc-silicate (host),True,False,0.46,BELOW 25% Mn,MODERATE,3,SIMULATED
SIM_T16_AMB_BH01,T16,AMBIGUOUS_DRILLING_RESULT,0.0,2.43,2.43,Sausar Group,weathered zone / laterite cover,True,False,0.32,BELOW 25% Mn,LOW,3,SIMULATED
SIM_T16_AMB_BH01,T16,AMBIGUOUS_DRILLING_RESULT,2.43,39.86,37.43,Sausar Group,quartz-mica schist / calc-silicate (host),True,False,0.3,BELOW 25% Mn,LOW,3,SIMULATED
SIM_T16_AMB_BH01,T16,AMBIGUOUS_DRILLING_RESULT,39.86,40.59,0.73,Sausar Group,Mn ore / gondite horizon H1 (Mansar/Chorbaoli contact),False,True,21.85,BELOW 25% Mn,LOW,3,SIMULATED
SIM_T16_AMB_BH01,T16,AMBIGUOUS_DRILLING_RESULT,40.59,53.1,12.51,Sausar Group,quartz-mica schist / calc-silicate (host),False,False,0.18,BELOW 25% Mn,LOW,3,SIMULATED
SIM_T16_AMB_BH02,T16,AMBIGUOUS_DRILLING_RESULT,0.0,2.28,2.28,Sausar Group,weathered zone / laterite cover,True,False,0.16,BELOW 25% Mn,LOW,3,SIMULATED
SIM_T16_AMB_BH02,T16,AMBIGUOUS_DRILLING_RESULT,2.28,46.55,44.27,Sausar Group,quartz-mica schist / calc-silicate (host),True,False,0.54,BELOW 25% Mn,LOW,3,SIMULATED
SIM_T16_AMB_BH02,T16,AMBIGUOUS_DRILLING_RESULT,46.55,47.32,0.77,Sausar Group,Mn ore / gondite horizon H1 (Mansar/Chorbaoli contact),False,True,19.77,BELOW 25% Mn,LOW,3,SIMULATED
SIM_T16_AMB_BH02,T16,AMBIGUOUS_DRILLING_RESULT,47.32,89.8,42.48,Sausar Group,quartz-mica schist / calc-silicate (host),False,False,0.31,BELOW 25% Mn,LOW,3,SIMULATED
SIM_T16_AMB_BH03,T16,AMBIGUOUS_DRILLING_RESULT,0.0,2.32,2.32,Sausar Group,weathered zone / laterite cover,True,False,0.96,BELOW 25% Mn,LOW,3,SIMULATED
SIM_T16_AMB_BH03,T16,AMBIGUOUS_DRILLING_RESULT,2.32,41.29,38.97,Sausar Group,quartz-mica schist / calc-silicate (host),True,False,0.96,BELOW 25% Mn,LOW,3,SIMULATED
SIM_T16_AMB_BH03,T16,AMBIGUOUS_DRILLING_RESULT,41.29,41.67,0.37,Sausar Group,Mn ore / gondite horizon H3 (Mansar/Lohangi-Sitasaongi contact),False,True,15.45,BELOW 25% Mn,LOW,3,SIMULATED
SIM_T16_AMB_BH03,T16,AMBIGUOUS_DRILLING_RESULT,41.67,97.5,55.83,Sausar Group,quartz-mica schist / calc-silicate (host),False,False,0.35,BELOW 25% Mn,LOW,3,SIMULATED
SIM_T17_POS_BH01,T17,POSITIVE_DRILLING_INTERSECTION,0.0,2.22,2.22,Sausar Group,weathered zone / laterite cover,True,False,0.2,BELOW 25% Mn,MODERATE,3,SIMULATED
SIM_T17_POS_BH01,T17,POSITIVE_DRILLING_INTERSECTION,2.22,19.34,17.13,Sausar Group,quartz-mica schist / calc-silicate (host),True,False,0.39,BELOW 25% Mn,MODERATE,3,SIMULATED
SIM_T17_POS_BH01,T17,POSITIVE_DRILLING_INTERSECTION,19.34,21.3,1.96,Sausar Group,Mn ore / gondite horizon H2 (within Mansar Formation),False,True,35.45,MEDIUM (35-46% Mn),MODERATE,3,SIMULATED
SIM_T17_POS_BH01,T17,POSITIVE_DRILLING_INTERSECTION,21.3,52.8,31.5,Sausar Group,quartz-mica schist / calc-silicate (host),False,False,0.26,BELOW 25% Mn,MODERATE,3,SIMULATED
SIM_T17_POS_BH01,T17,POSITIVE_DRILLING_INTERSECTION,52.8,54.56,1.77,Sausar Group,Mn ore / gondite horizon H1 (Mansar/Chorbaoli contact),False,True,21.86,BELOW 25% Mn,MODERATE,3,SIMULATED
SIM_T17_POS_BH01,T17,POSITIVE_DRILLING_INTERSECTION,54.56,71.5,16.94,Sausar Group,quartz-mica schist / calc-silicate (host),False,False,0.33,BELOW 25% Mn,MODERATE,3,SIMULATED
SIM_T17_POS_BH02,T17,POSITIVE_DRILLING_INTERSECTION,0.0,2.59,2.59,Sausar Group,weathered zone / laterite cover,True,False,0.21,BELOW 25% Mn,MODERATE,3,SIMULATED
SIM_T17_POS_BH02,T17,POSITIVE_DRILLING_INTERSECTION,2.59,14.83,12.23,Sausar Group,quartz-mica schist / calc-silicate (host),True,False,0.21,BELOW 25% Mn,MODERATE,3,SIMULATED
SIM_T17_POS_BH02,T17,POSITIVE_DRILLING_INTERSECTION,14.83,16.47,1.64,Sausar Group,Mn ore / gondite horizon H3 (Mansar/Lohangi-Sitasaongi contact),True,True,37.98,MEDIUM (35-46% Mn),MODERATE,3,SIMULATED
SIM_T17_POS_BH02,T17,POSITIVE_DRILLING_INTERSECTION,16.47,34.92,18.46,Sausar Group,quartz-mica schist / calc-silicate (host),False,False,0.4,BELOW 25% Mn,MODERATE,3,SIMULATED
SIM_T17_POS_BH02,T17,POSITIVE_DRILLING_INTERSECTION,34.92,36.6,1.67,Sausar Group,Mn ore / gondite horizon H2 (within Mansar Formation),False,True,27.34,LOW (25-35% Mn),MODERATE,3,SIMULATED
SIM_T17_POS_BH02,T17,POSITIVE_DRILLING_INTERSECTION,36.6,53.4,16.8,Sausar Group,quartz-mica schist / calc-silicate (host),False,False,0.12,BELOW 25% Mn,MODERATE,3,SIMULATED
SIM_T17_POS_BH03,T17,POSITIVE_DRILLING_INTERSECTION,0.0,2.98,2.98,Sausar Group,weathered zone / laterite cover,True,False,0.2,BELOW 25% Mn,MODERATE,3,SIMULATED
SIM_T17_POS_BH03,T17,POSITIVE_DRILLING_INTERSECTION,2.98,40.52,37.54,Sausar Group,quartz-mica schist / calc-silicate (host),True,False,0.19,BELOW 25% Mn,MODERATE,3,SIMULATED
SIM_T17_POS_BH03,T17,POSITIVE_DRILLING_INTERSECTION,40.52,42.11,1.59,Sausar Group,Mn ore / gondite horizon H1 (Mansar/Chorbaoli contact),False,True,28.93,LOW (25-35% Mn),MODERATE,3,SIMULATED
SIM_T17_POS_BH03,T17,POSITIVE_DRILLING_INTERSECTION,42.11,48.22,6.1,Sausar Group,quartz-mica schist / calc-silicate (host),False,False,0.47,BELOW 25% Mn,MODERATE,3,SIMULATED
SIM_T17_POS_BH03,T17,POSITIVE_DRILLING_INTERSECTION,48.22,50.08,1.86,Sausar Group,Mn ore / gondite horizon H3 (Mansar/Lohangi-Sitasaongi contact),False,True,32.92,LOW (25-35% Mn),MODERATE,3,SIMULATED
SIM_T17_POS_BH03,T17,POSITIVE_DRILLING_INTERSECTION,50.08,99.8,49.72,Sausar Group,quartz-mica schist / calc-silicate (host),False,False,0.19,BELOW 25% Mn,MODERATE,3,SIMULATED
SIM_T17_NEG_BH01,T17,NEGATIVE_DRILLING_RESULT,0.0,2.66,2.66,Sausar Group,weathered zone / laterite cover,True,False,0.42,BELOW 25% Mn,MODERATE,3,SIMULATED
SIM_T17_NEG_BH01,T17,NEGATIVE_DRILLING_RESULT,2.66,82.6,79.94,Sausar Group,quartz-mica schist / calc-silicate (host),True,False,0.74,BELOW 25% Mn,MODERATE,3,SIMULATED
SIM_T17_NEG_BH02,T17,NEGATIVE_DRILLING_RESULT,0.0,2.92,2.92,Sausar Group,weathered zone / laterite cover,True,False,0.62,BELOW 25% Mn,MODERATE,3,SIMULATED
SIM_T17_NEG_BH02,T17,NEGATIVE_DRILLING_RESULT,2.92,56.8,53.88,Sausar Group,quartz-mica schist / calc-silicate (host),True,False,0.28,BELOW 25% Mn,MODERATE,3,SIMULATED
SIM_T17_NEG_BH03,T17,NEGATIVE_DRILLING_RESULT,0.0,2.4,2.4,Sausar Group,weathered zone / laterite cover,True,False,0.23,BELOW 25% Mn,MODERATE,3,SIMULATED
SIM_T17_NEG_BH03,T17,NEGATIVE_DRILLING_RESULT,2.4,97.7,95.3,Sausar Group,quartz-mica schist / calc-silicate (host),True,False,0.92,BELOW 25% Mn,MODERATE,3,SIMULATED
SIM_T17_AMB_BH01,T17,AMBIGUOUS_DRILLING_RESULT,0.0,2.41,2.41,Sausar Group,weathered zone / laterite cover,True,False,0.26,BELOW 25% Mn,LOW,3,SIMULATED
SIM_T17_AMB_BH01,T17,AMBIGUOUS_DRILLING_RESULT,2.41,22.47,20.06,Sausar Group,quartz-mica schist / calc-silicate (host),True,False,0.29,BELOW 25% Mn,LOW,3,SIMULATED
SIM_T17_AMB_BH01,T17,AMBIGUOUS_DRILLING_RESULT,22.47,23.15,0.69,Sausar Group,Mn ore / gondite horizon H1 (Mansar/Chorbaoli contact),False,True,15.46,BELOW 25% Mn,LOW,3,SIMULATED
SIM_T17_AMB_BH01,T17,AMBIGUOUS_DRILLING_RESULT,23.15,51.5,28.35,Sausar Group,quartz-mica schist / calc-silicate (host),False,False,0.47,BELOW 25% Mn,LOW,3,SIMULATED
SIM_T17_AMB_BH02,T17,AMBIGUOUS_DRILLING_RESULT,0.0,2.3,2.3,Sausar Group,weathered zone / laterite cover,True,False,0.4,BELOW 25% Mn,LOW,3,SIMULATED
SIM_T17_AMB_BH02,T17,AMBIGUOUS_DRILLING_RESULT,2.3,62.6,60.3,Sausar Group,quartz-mica schist / calc-silicate (host),True,False,0.4,BELOW 25% Mn,LOW,3,SIMULATED
SIM_T17_AMB_BH02,T17,AMBIGUOUS_DRILLING_RESULT,62.6,63.48,0.88,Sausar Group,Mn ore / gondite horizon H3 (Mansar/Lohangi-Sitasaongi contact),False,False,9.04,BELOW 25% Mn,LOW,3,SIMULATED
SIM_T17_AMB_BH02,T17,AMBIGUOUS_DRILLING_RESULT,63.48,95.3,31.82,Sausar Group,quartz-mica schist / calc-silicate (host),False,False,0.3,BELOW 25% Mn,LOW,3,SIMULATED
SIM_T17_AMB_BH03,T17,AMBIGUOUS_DRILLING_RESULT,0.0,2.52,2.52,Sausar Group,weathered zone / laterite cover,True,False,0.42,BELOW 25% Mn,LOW,3,SIMULATED
SIM_T17_AMB_BH03,T17,AMBIGUOUS_DRILLING_RESULT,2.52,34.95,32.43,Sausar Group,quartz-mica schist / calc-silicate (host),True,False,0.25,BELOW 25% Mn,LOW,3,SIMULATED
SIM_T17_AMB_BH03,T17,AMBIGUOUS_DRILLING_RESULT,34.95,35.55,0.61,Sausar Group,Mn ore / gondite horizon H1 (Mansar/Chorbaoli contact),False,True,16.14,BELOW 25% Mn,LOW,3,SIMULATED
SIM_T17_AMB_BH03,T17,AMBIGUOUS_DRILLING_RESULT,35.55,57.6,22.05,Sausar Group,quartz-mica schist / calc-silicate (host),False,False,0.39,BELOW 25% Mn,LOW,3,SIMULATED
SIM_T18_POS_BH01,T18,POSITIVE_DRILLING_INTERSECTION,0.0,2.13,2.13,Sausar Group,weathered zone / laterite cover,True,False,0.22,BELOW 25% Mn,MODERATE,3,SIMULATED
SIM_T18_POS_BH01,T18,POSITIVE_DRILLING_INTERSECTION,2.13,22.64,20.52,Sausar Group,quartz-mica schist / calc-silicate (host),True,False,0.61,BELOW 25% Mn,MODERATE,3,SIMULATED
SIM_T18_POS_BH01,T18,POSITIVE_DRILLING_INTERSECTION,22.64,24.18,1.54,Sausar Group,Mn ore / gondite horizon H2 (within Mansar Formation),False,True,32.09,LOW (25-35% Mn),MODERATE,3,SIMULATED
SIM_T18_POS_BH01,T18,POSITIVE_DRILLING_INTERSECTION,24.18,86.3,62.12,Sausar Group,quartz-mica schist / calc-silicate (host),False,False,0.34,BELOW 25% Mn,MODERATE,3,SIMULATED
SIM_T18_POS_BH02,T18,POSITIVE_DRILLING_INTERSECTION,0.0,2.19,2.19,Sausar Group,weathered zone / laterite cover,True,False,0.64,BELOW 25% Mn,MODERATE,3,SIMULATED
SIM_T18_POS_BH02,T18,POSITIVE_DRILLING_INTERSECTION,2.19,36.33,34.14,Sausar Group,quartz-mica schist / calc-silicate (host),True,False,0.56,BELOW 25% Mn,MODERATE,3,SIMULATED
SIM_T18_POS_BH02,T18,POSITIVE_DRILLING_INTERSECTION,36.33,38.05,1.72,Sausar Group,Mn ore / gondite horizon H1 (Mansar/Chorbaoli contact),False,True,32.52,LOW (25-35% Mn),MODERATE,3,SIMULATED
SIM_T18_POS_BH02,T18,POSITIVE_DRILLING_INTERSECTION,38.05,87.6,49.55,Sausar Group,quartz-mica schist / calc-silicate (host),False,False,0.35,BELOW 25% Mn,MODERATE,3,SIMULATED
SIM_T18_POS_BH03,T18,POSITIVE_DRILLING_INTERSECTION,0.0,2.98,2.98,Sausar Group,weathered zone / laterite cover,True,False,0.77,BELOW 25% Mn,MODERATE,3,SIMULATED
SIM_T18_POS_BH03,T18,POSITIVE_DRILLING_INTERSECTION,2.98,34.44,31.46,Sausar Group,quartz-mica schist / calc-silicate (host),True,False,0.36,BELOW 25% Mn,MODERATE,3,SIMULATED
SIM_T18_POS_BH03,T18,POSITIVE_DRILLING_INTERSECTION,34.44,36.27,1.83,Sausar Group,Mn ore / gondite horizon H1 (Mansar/Chorbaoli contact),False,True,33.03,LOW (25-35% Mn),MODERATE,3,SIMULATED
SIM_T18_POS_BH03,T18,POSITIVE_DRILLING_INTERSECTION,36.27,48.31,12.04,Sausar Group,quartz-mica schist / calc-silicate (host),False,False,0.31,BELOW 25% Mn,MODERATE,3,SIMULATED
SIM_T18_POS_BH03,T18,POSITIVE_DRILLING_INTERSECTION,48.31,50.2,1.89,Sausar Group,Mn ore / gondite horizon H2 (within Mansar Formation),False,True,32.91,LOW (25-35% Mn),MODERATE,3,SIMULATED
SIM_T18_POS_BH03,T18,POSITIVE_DRILLING_INTERSECTION,50.2,62.8,12.6,Sausar Group,quartz-mica schist / calc-silicate (host),False,False,0.5,BELOW 25% Mn,MODERATE,3,SIMULATED
SIM_T18_NEG_BH01,T18,NEGATIVE_DRILLING_RESULT,0.0,2.82,2.82,Sausar Group,weathered zone / laterite cover,True,False,0.31,BELOW 25% Mn,MODERATE,3,SIMULATED
SIM_T18_NEG_BH01,T18,NEGATIVE_DRILLING_RESULT,2.82,71.1,68.28,Sausar Group,quartz-mica schist / calc-silicate (host),True,False,0.28,BELOW 25% Mn,MODERATE,3,SIMULATED
SIM_T18_NEG_BH02,T18,NEGATIVE_DRILLING_RESULT,0.0,2.9,2.9,Sausar Group,weathered zone / laterite cover,True,False,0.68,BELOW 25% Mn,MODERATE,3,SIMULATED
SIM_T18_NEG_BH02,T18,NEGATIVE_DRILLING_RESULT,2.9,56.5,53.6,Sausar Group,quartz-mica schist / calc-silicate (host),True,False,0.74,BELOW 25% Mn,MODERATE,3,SIMULATED
SIM_T18_NEG_BH03,T18,NEGATIVE_DRILLING_RESULT,0.0,2.69,2.69,Sausar Group,weathered zone / laterite cover,True,False,0.35,BELOW 25% Mn,MODERATE,3,SIMULATED
SIM_T18_NEG_BH03,T18,NEGATIVE_DRILLING_RESULT,2.69,76.7,74.01,Sausar Group,quartz-mica schist / calc-silicate (host),True,False,0.34,BELOW 25% Mn,MODERATE,3,SIMULATED
SIM_T18_AMB_BH01,T18,AMBIGUOUS_DRILLING_RESULT,0.0,2.79,2.79,Sausar Group,weathered zone / laterite cover,True,False,0.5,BELOW 25% Mn,LOW,3,SIMULATED
SIM_T18_AMB_BH01,T18,AMBIGUOUS_DRILLING_RESULT,2.79,57.54,54.75,Sausar Group,quartz-mica schist / calc-silicate (host),True,False,0.65,BELOW 25% Mn,LOW,3,SIMULATED
SIM_T18_AMB_BH01,T18,AMBIGUOUS_DRILLING_RESULT,57.54,57.94,0.4,Sausar Group,Mn ore / gondite horizon H2 (within Mansar Formation),False,True,24.93,BELOW 25% Mn,LOW,3,SIMULATED
SIM_T18_AMB_BH01,T18,AMBIGUOUS_DRILLING_RESULT,57.94,96.7,38.76,Sausar Group,quartz-mica schist / calc-silicate (host),False,False,0.45,BELOW 25% Mn,LOW,3,SIMULATED
SIM_T18_AMB_BH02,T18,AMBIGUOUS_DRILLING_RESULT,0.0,2.57,2.57,Sausar Group,weathered zone / laterite cover,True,False,0.83,BELOW 25% Mn,LOW,3,SIMULATED
SIM_T18_AMB_BH02,T18,AMBIGUOUS_DRILLING_RESULT,2.57,30.12,27.55,Sausar Group,quartz-mica schist / calc-silicate (host),True,False,0.16,BELOW 25% Mn,LOW,3,SIMULATED
SIM_T18_AMB_BH02,T18,AMBIGUOUS_DRILLING_RESULT,30.12,30.61,0.49,Sausar Group,Mn ore / gondite horizon H2 (within Mansar Formation),False,True,23.61,BELOW 25% Mn,LOW,3,SIMULATED
SIM_T18_AMB_BH02,T18,AMBIGUOUS_DRILLING_RESULT,30.61,56.2,25.59,Sausar Group,quartz-mica schist / calc-silicate (host),False,False,0.48,BELOW 25% Mn,LOW,3,SIMULATED
SIM_T18_AMB_BH03,T18,AMBIGUOUS_DRILLING_RESULT,0.0,2.43,2.43,Sausar Group,weathered zone / laterite cover,True,False,0.48,BELOW 25% Mn,LOW,3,SIMULATED
SIM_T18_AMB_BH03,T18,AMBIGUOUS_DRILLING_RESULT,2.43,33.34,30.91,Sausar Group,quartz-mica schist / calc-silicate (host),True,False,0.32,BELOW 25% Mn,LOW,3,SIMULATED
SIM_T18_AMB_BH03,T18,AMBIGUOUS_DRILLING_RESULT,33.34,34.0,0.66,Sausar Group,Mn ore / gondite horizon H3 (Mansar/Lohangi-Sitasaongi contact),False,True,20.7,BELOW 25% Mn,LOW,3,SIMULATED
SIM_T18_AMB_BH03,T18,AMBIGUOUS_DRILLING_RESULT,34.0,57.3,23.3,Sausar Group,quartz-mica schist / calc-silicate (host),False,False,0.91,BELOW 25% Mn,LOW,3,SIMULATED
SIM_T19_POS_BH01,T19,POSITIVE_DRILLING_INTERSECTION,0.0,2.23,2.23,Sausar Group,weathered zone / laterite cover,True,False,0.97,BELOW 25% Mn,MODERATE,3,SIMULATED
SIM_T19_POS_BH01,T19,POSITIVE_DRILLING_INTERSECTION,2.23,30.92,28.7,Sausar Group,quartz-mica schist / calc-silicate (host),True,False,0.52,BELOW 25% Mn,MODERATE,3,SIMULATED
SIM_T19_POS_BH01,T19,POSITIVE_DRILLING_INTERSECTION,30.92,32.84,1.92,Sausar Group,Mn ore / gondite horizon H3 (Mansar/Lohangi-Sitasaongi contact),False,True,31.9,LOW (25-35% Mn),MODERATE,3,SIMULATED
SIM_T19_POS_BH01,T19,POSITIVE_DRILLING_INTERSECTION,32.84,63.54,30.7,Sausar Group,quartz-mica schist / calc-silicate (host),False,False,0.7,BELOW 25% Mn,MODERATE,3,SIMULATED
SIM_T19_POS_BH01,T19,POSITIVE_DRILLING_INTERSECTION,63.54,65.23,1.69,Sausar Group,Mn ore / gondite horizon H1 (Mansar/Chorbaoli contact),False,True,32.89,LOW (25-35% Mn),MODERATE,3,SIMULATED
SIM_T19_POS_BH01,T19,POSITIVE_DRILLING_INTERSECTION,65.23,80.7,15.47,Sausar Group,quartz-mica schist / calc-silicate (host),False,False,0.5,BELOW 25% Mn,MODERATE,3,SIMULATED
SIM_T19_POS_BH02,T19,POSITIVE_DRILLING_INTERSECTION,0.0,2.04,2.04,Sausar Group,weathered zone / laterite cover,True,False,0.14,BELOW 25% Mn,MODERATE,3,SIMULATED
SIM_T19_POS_BH02,T19,POSITIVE_DRILLING_INTERSECTION,2.04,21.79,19.75,Sausar Group,quartz-mica schist / calc-silicate (host),True,False,0.38,BELOW 25% Mn,MODERATE,3,SIMULATED
SIM_T19_POS_BH02,T19,POSITIVE_DRILLING_INTERSECTION,21.79,23.37,1.58,Sausar Group,Mn ore / gondite horizon H1 (Mansar/Chorbaoli contact),False,True,27.72,LOW (25-35% Mn),MODERATE,3,SIMULATED
SIM_T19_POS_BH02,T19,POSITIVE_DRILLING_INTERSECTION,23.37,25.2,1.83,Sausar Group,Mn ore / gondite horizon H3 (Mansar/Lohangi-Sitasaongi contact),False,True,20.03,BELOW 25% Mn,MODERATE,3,SIMULATED
SIM_T19_POS_BH02,T19,POSITIVE_DRILLING_INTERSECTION,25.2,79.2,54.0,Sausar Group,quartz-mica schist / calc-silicate (host),False,False,0.3,BELOW 25% Mn,MODERATE,3,SIMULATED
SIM_T19_POS_BH03,T19,POSITIVE_DRILLING_INTERSECTION,0.0,2.29,2.29,Sausar Group,weathered zone / laterite cover,True,False,0.23,BELOW 25% Mn,MODERATE,3,SIMULATED
SIM_T19_POS_BH03,T19,POSITIVE_DRILLING_INTERSECTION,2.29,20.41,18.12,Sausar Group,quartz-mica schist / calc-silicate (host),True,False,0.41,BELOW 25% Mn,MODERATE,3,SIMULATED
SIM_T19_POS_BH03,T19,POSITIVE_DRILLING_INTERSECTION,20.41,22.09,1.68,Sausar Group,Mn ore / gondite horizon H3 (Mansar/Lohangi-Sitasaongi contact),False,True,31.31,LOW (25-35% Mn),MODERATE,3,SIMULATED
SIM_T19_POS_BH03,T19,POSITIVE_DRILLING_INTERSECTION,22.09,55.6,33.51,Sausar Group,quartz-mica schist / calc-silicate (host),False,False,0.86,BELOW 25% Mn,MODERATE,3,SIMULATED
SIM_T19_NEG_BH01,T19,NEGATIVE_DRILLING_RESULT,0.0,2.3,2.3,Sausar Group,weathered zone / laterite cover,True,False,0.75,BELOW 25% Mn,MODERATE,3,SIMULATED
SIM_T19_NEG_BH01,T19,NEGATIVE_DRILLING_RESULT,2.3,55.7,53.4,Sausar Group,quartz-mica schist / calc-silicate (host),True,False,0.73,BELOW 25% Mn,MODERATE,3,SIMULATED
SIM_T19_NEG_BH02,T19,NEGATIVE_DRILLING_RESULT,0.0,2.77,2.77,Sausar Group,weathered zone / laterite cover,True,False,0.18,BELOW 25% Mn,MODERATE,3,SIMULATED
SIM_T19_NEG_BH02,T19,NEGATIVE_DRILLING_RESULT,2.77,77.5,74.73,Sausar Group,quartz-mica schist / calc-silicate (host),True,False,0.6,BELOW 25% Mn,MODERATE,3,SIMULATED
SIM_T19_NEG_BH03,T19,NEGATIVE_DRILLING_RESULT,0.0,2.98,2.98,Sausar Group,weathered zone / laterite cover,True,False,0.49,BELOW 25% Mn,MODERATE,3,SIMULATED
SIM_T19_NEG_BH03,T19,NEGATIVE_DRILLING_RESULT,2.98,63.7,60.72,Sausar Group,quartz-mica schist / calc-silicate (host),True,False,0.27,BELOW 25% Mn,MODERATE,3,SIMULATED
SIM_T19_AMB_BH01,T19,AMBIGUOUS_DRILLING_RESULT,0.0,2.81,2.81,Sausar Group,weathered zone / laterite cover,True,False,0.39,BELOW 25% Mn,LOW,3,SIMULATED
SIM_T19_AMB_BH01,T19,AMBIGUOUS_DRILLING_RESULT,2.81,35.55,32.73,Sausar Group,quartz-mica schist / calc-silicate (host),True,False,0.45,BELOW 25% Mn,LOW,3,SIMULATED
SIM_T19_AMB_BH01,T19,AMBIGUOUS_DRILLING_RESULT,35.55,36.07,0.52,Sausar Group,Mn ore / gondite horizon H1 (Mansar/Chorbaoli contact),False,True,13.82,BELOW 25% Mn,LOW,3,SIMULATED
SIM_T19_AMB_BH01,T19,AMBIGUOUS_DRILLING_RESULT,36.07,63.7,27.63,Sausar Group,quartz-mica schist / calc-silicate (host),False,False,0.32,BELOW 25% Mn,LOW,3,SIMULATED
SIM_T19_AMB_BH02,T19,AMBIGUOUS_DRILLING_RESULT,0.0,2.64,2.64,Sausar Group,weathered zone / laterite cover,True,False,0.27,BELOW 25% Mn,LOW,3,SIMULATED
SIM_T19_AMB_BH02,T19,AMBIGUOUS_DRILLING_RESULT,2.64,30.34,27.7,Sausar Group,quartz-mica schist / calc-silicate (host),True,False,0.29,BELOW 25% Mn,LOW,3,SIMULATED
SIM_T19_AMB_BH02,T19,AMBIGUOUS_DRILLING_RESULT,30.34,31.0,0.66,Sausar Group,Mn ore / gondite horizon H1 (Mansar/Chorbaoli contact),False,False,9.87,BELOW 25% Mn,LOW,3,SIMULATED
SIM_T19_AMB_BH02,T19,AMBIGUOUS_DRILLING_RESULT,31.0,95.6,64.6,Sausar Group,quartz-mica schist / calc-silicate (host),False,False,0.58,BELOW 25% Mn,LOW,3,SIMULATED
SIM_T19_AMB_BH03,T19,AMBIGUOUS_DRILLING_RESULT,0.0,2.32,2.32,Sausar Group,weathered zone / laterite cover,True,False,0.37,BELOW 25% Mn,LOW,3,SIMULATED
SIM_T19_AMB_BH03,T19,AMBIGUOUS_DRILLING_RESULT,2.32,38.47,36.14,Sausar Group,quartz-mica schist / calc-silicate (host),True,False,0.47,BELOW 25% Mn,LOW,3,SIMULATED
SIM_T19_AMB_BH03,T19,AMBIGUOUS_DRILLING_RESULT,38.47,39.24,0.77,Sausar Group,Mn ore / gondite horizon H1 (Mansar/Chorbaoli contact),False,True,10.98,BELOW 25% Mn,LOW,3,SIMULATED
SIM_T19_AMB_BH03,T19,AMBIGUOUS_DRILLING_RESULT,39.24,73.4,34.16,Sausar Group,quartz-mica schist / calc-silicate (host),False,False,0.29,BELOW 25% Mn,LOW,3,SIMULATED
SIM_T20_POS_BH01,T20,POSITIVE_DRILLING_INTERSECTION,0.0,2.16,2.16,Sausar Group,weathered zone / laterite cover,True,False,0.56,BELOW 25% Mn,MODERATE,3,SIMULATED
SIM_T20_POS_BH01,T20,POSITIVE_DRILLING_INTERSECTION,2.16,16.19,14.03,Sausar Group,quartz-mica schist / calc-silicate (host),True,False,0.47,BELOW 25% Mn,MODERATE,3,SIMULATED
SIM_T20_POS_BH01,T20,POSITIVE_DRILLING_INTERSECTION,16.19,17.75,1.57,Sausar Group,Mn ore / gondite horizon H3 (Mansar/Lohangi-Sitasaongi contact),False,True,25.5,LOW (25-35% Mn),MODERATE,3,SIMULATED
SIM_T20_POS_BH01,T20,POSITIVE_DRILLING_INTERSECTION,17.75,63.7,45.95,Sausar Group,quartz-mica schist / calc-silicate (host),False,False,0.58,BELOW 25% Mn,MODERATE,3,SIMULATED
SIM_T20_POS_BH02,T20,POSITIVE_DRILLING_INTERSECTION,0.0,2.78,2.78,Sausar Group,weathered zone / laterite cover,True,False,0.6,BELOW 25% Mn,MODERATE,3,SIMULATED
SIM_T20_POS_BH02,T20,POSITIVE_DRILLING_INTERSECTION,2.78,18.23,15.46,Sausar Group,quartz-mica schist / calc-silicate (host),True,False,0.76,BELOW 25% Mn,MODERATE,3,SIMULATED
SIM_T20_POS_BH02,T20,POSITIVE_DRILLING_INTERSECTION,18.23,19.95,1.71,Sausar Group,Mn ore / gondite horizon H3 (Mansar/Lohangi-Sitasaongi contact),False,True,32.26,LOW (25-35% Mn),MODERATE,3,SIMULATED
SIM_T20_POS_BH02,T20,POSITIVE_DRILLING_INTERSECTION,19.95,29.05,9.1,Sausar Group,quartz-mica schist / calc-silicate (host),False,False,0.43,BELOW 25% Mn,MODERATE,3,SIMULATED
SIM_T20_POS_BH02,T20,POSITIVE_DRILLING_INTERSECTION,29.05,30.64,1.58,Sausar Group,Mn ore / gondite horizon H1 (Mansar/Chorbaoli contact),False,True,29.93,LOW (25-35% Mn),MODERATE,3,SIMULATED
SIM_T20_POS_BH02,T20,POSITIVE_DRILLING_INTERSECTION,30.64,76.2,45.56,Sausar Group,quartz-mica schist / calc-silicate (host),False,False,0.32,BELOW 25% Mn,MODERATE,3,SIMULATED
SIM_T20_POS_BH03,T20,POSITIVE_DRILLING_INTERSECTION,0.0,2.75,2.75,Sausar Group,weathered zone / laterite cover,True,False,0.31,BELOW 25% Mn,MODERATE,3,SIMULATED
SIM_T20_POS_BH03,T20,POSITIVE_DRILLING_INTERSECTION,2.75,31.31,28.56,Sausar Group,quartz-mica schist / calc-silicate (host),True,False,0.16,BELOW 25% Mn,MODERATE,3,SIMULATED
SIM_T20_POS_BH03,T20,POSITIVE_DRILLING_INTERSECTION,31.31,33.2,1.89,Sausar Group,Mn ore / gondite horizon H2 (within Mansar Formation),False,True,32.36,LOW (25-35% Mn),MODERATE,3,SIMULATED
SIM_T20_POS_BH03,T20,POSITIVE_DRILLING_INTERSECTION,33.2,95.5,62.3,Sausar Group,quartz-mica schist / calc-silicate (host),False,False,0.23,BELOW 25% Mn,MODERATE,3,SIMULATED
SIM_T20_NEG_BH01,T20,NEGATIVE_DRILLING_RESULT,0.0,2.92,2.92,Sausar Group,weathered zone / laterite cover,True,False,0.26,BELOW 25% Mn,MODERATE,3,SIMULATED
SIM_T20_NEG_BH01,T20,NEGATIVE_DRILLING_RESULT,2.92,75.2,72.28,Sausar Group,quartz-mica schist / calc-silicate (host),True,False,0.43,BELOW 25% Mn,MODERATE,3,SIMULATED
SIM_T20_NEG_BH02,T20,NEGATIVE_DRILLING_RESULT,0.0,2.08,2.08,Sausar Group,weathered zone / laterite cover,True,False,0.65,BELOW 25% Mn,MODERATE,3,SIMULATED
SIM_T20_NEG_BH02,T20,NEGATIVE_DRILLING_RESULT,2.08,71.5,69.42,Sausar Group,quartz-mica schist / calc-silicate (host),True,False,0.25,BELOW 25% Mn,MODERATE,3,SIMULATED
SIM_T20_NEG_BH03,T20,NEGATIVE_DRILLING_RESULT,0.0,2.96,2.96,Sausar Group,weathered zone / laterite cover,True,False,0.9,BELOW 25% Mn,MODERATE,3,SIMULATED
SIM_T20_NEG_BH03,T20,NEGATIVE_DRILLING_RESULT,2.96,63.7,60.74,Sausar Group,quartz-mica schist / calc-silicate (host),True,False,0.28,BELOW 25% Mn,MODERATE,3,SIMULATED
SIM_T20_AMB_BH01,T20,AMBIGUOUS_DRILLING_RESULT,0.0,2.52,2.52,Sausar Group,weathered zone / laterite cover,True,False,0.59,BELOW 25% Mn,LOW,3,SIMULATED
SIM_T20_AMB_BH01,T20,AMBIGUOUS_DRILLING_RESULT,2.52,14.84,12.32,Sausar Group,quartz-mica schist / calc-silicate (host),True,False,0.58,BELOW 25% Mn,LOW,3,SIMULATED
SIM_T20_AMB_BH01,T20,AMBIGUOUS_DRILLING_RESULT,14.84,15.41,0.57,Sausar Group,Mn ore / gondite horizon H1 (Mansar/Chorbaoli contact),True,True,16.23,BELOW 25% Mn,LOW,3,SIMULATED
SIM_T20_AMB_BH01,T20,AMBIGUOUS_DRILLING_RESULT,15.41,79.0,63.59,Sausar Group,quartz-mica schist / calc-silicate (host),False,False,0.31,BELOW 25% Mn,LOW,3,SIMULATED
SIM_T20_AMB_BH02,T20,AMBIGUOUS_DRILLING_RESULT,0.0,2.83,2.83,Sausar Group,weathered zone / laterite cover,True,False,0.33,BELOW 25% Mn,LOW,3,SIMULATED
SIM_T20_AMB_BH02,T20,AMBIGUOUS_DRILLING_RESULT,2.83,31.36,28.54,Sausar Group,quartz-mica schist / calc-silicate (host),True,False,0.37,BELOW 25% Mn,LOW,3,SIMULATED
SIM_T20_AMB_BH02,T20,AMBIGUOUS_DRILLING_RESULT,31.36,31.9,0.54,Sausar Group,Mn ore / gondite horizon H1 (Mansar/Chorbaoli contact),False,True,15.06,BELOW 25% Mn,LOW,3,SIMULATED
SIM_T20_AMB_BH02,T20,AMBIGUOUS_DRILLING_RESULT,31.9,66.6,34.7,Sausar Group,quartz-mica schist / calc-silicate (host),False,False,0.64,BELOW 25% Mn,LOW,3,SIMULATED
SIM_T20_AMB_BH03,T20,AMBIGUOUS_DRILLING_RESULT,0.0,2.89,2.89,Sausar Group,weathered zone / laterite cover,True,False,0.46,BELOW 25% Mn,LOW,3,SIMULATED
SIM_T20_AMB_BH03,T20,AMBIGUOUS_DRILLING_RESULT,2.89,28.62,25.73,Sausar Group,quartz-mica schist / calc-silicate (host),True,False,0.3,BELOW 25% Mn,LOW,3,SIMULATED
SIM_T20_AMB_BH03,T20,AMBIGUOUS_DRILLING_RESULT,28.62,29.16,0.54,Sausar Group,Mn ore / gondite horizon H3 (Mansar/Lohangi-Sitasaongi contact),False,True,14.35,BELOW 25% Mn,LOW,3,SIMULATED
SIM_T20_AMB_BH03,T20,AMBIGUOUS_DRILLING_RESULT,29.16,75.3,46.14,Sausar Group,quartz-mica schist / calc-silicate (host),False,False,0.49,BELOW 25% Mn,LOW,3,SIMULATED
SIM_T21_POS_BH01,T21,POSITIVE_DRILLING_INTERSECTION,0.0,2.81,2.81,Sausar Group,weathered zone / laterite cover,True,False,1.06,BELOW 25% Mn,MODERATE,3,SIMULATED
SIM_T21_POS_BH01,T21,POSITIVE_DRILLING_INTERSECTION,2.81,33.37,30.56,Sausar Group,quartz-mica schist / calc-silicate (host),True,False,0.41,BELOW 25% Mn,MODERATE,3,SIMULATED
SIM_T21_POS_BH01,T21,POSITIVE_DRILLING_INTERSECTION,33.37,35.04,1.67,Sausar Group,Mn ore / gondite horizon H2 (within Mansar Formation),False,True,30.55,LOW (25-35% Mn),MODERATE,3,SIMULATED
SIM_T21_POS_BH01,T21,POSITIVE_DRILLING_INTERSECTION,35.04,51.36,16.32,Sausar Group,quartz-mica schist / calc-silicate (host),False,False,0.38,BELOW 25% Mn,MODERATE,3,SIMULATED
SIM_T21_POS_BH01,T21,POSITIVE_DRILLING_INTERSECTION,51.36,52.97,1.61,Sausar Group,Mn ore / gondite horizon H1 (Mansar/Chorbaoli contact),False,True,29.9,LOW (25-35% Mn),MODERATE,3,SIMULATED
SIM_T21_POS_BH01,T21,POSITIVE_DRILLING_INTERSECTION,52.97,66.2,13.23,Sausar Group,quartz-mica schist / calc-silicate (host),False,False,0.57,BELOW 25% Mn,MODERATE,3,SIMULATED
SIM_T21_POS_BH02,T21,POSITIVE_DRILLING_INTERSECTION,0.0,2.74,2.74,Sausar Group,weathered zone / laterite cover,True,False,0.43,BELOW 25% Mn,MODERATE,3,SIMULATED
SIM_T21_POS_BH02,T21,POSITIVE_DRILLING_INTERSECTION,2.74,21.52,18.78,Sausar Group,quartz-mica schist / calc-silicate (host),True,False,0.4,BELOW 25% Mn,MODERATE,3,SIMULATED
SIM_T21_POS_BH02,T21,POSITIVE_DRILLING_INTERSECTION,21.52,23.38,1.86,Sausar Group,Mn ore / gondite horizon H1 (Mansar/Chorbaoli contact),False,True,28.33,LOW (25-35% Mn),MODERATE,3,SIMULATED
SIM_T21_POS_BH02,T21,POSITIVE_DRILLING_INTERSECTION,23.38,26.36,2.98,Sausar Group,quartz-mica schist / calc-silicate (host),False,False,0.38,BELOW 25% Mn,MODERATE,3,SIMULATED
SIM_T21_POS_BH02,T21,POSITIVE_DRILLING_INTERSECTION,26.36,27.94,1.58,Sausar Group,Mn ore / gondite horizon H2 (within Mansar Formation),False,True,36.39,MEDIUM (35-46% Mn),MODERATE,3,SIMULATED
SIM_T21_POS_BH02,T21,POSITIVE_DRILLING_INTERSECTION,27.94,61.4,33.46,Sausar Group,quartz-mica schist / calc-silicate (host),False,False,0.3,BELOW 25% Mn,MODERATE,3,SIMULATED
SIM_T21_POS_BH03,T21,POSITIVE_DRILLING_INTERSECTION,0.0,2.33,2.33,Sausar Group,weathered zone / laterite cover,True,False,0.33,BELOW 25% Mn,MODERATE,3,SIMULATED
SIM_T21_POS_BH03,T21,POSITIVE_DRILLING_INTERSECTION,2.33,27.48,25.15,Sausar Group,quartz-mica schist / calc-silicate (host),True,False,0.23,BELOW 25% Mn,MODERATE,3,SIMULATED
SIM_T21_POS_BH03,T21,POSITIVE_DRILLING_INTERSECTION,27.48,29.28,1.8,Sausar Group,Mn ore / gondite horizon H3 (Mansar/Lohangi-Sitasaongi contact),False,True,31.01,LOW (25-35% Mn),MODERATE,3,SIMULATED
SIM_T21_POS_BH03,T21,POSITIVE_DRILLING_INTERSECTION,29.28,42.86,13.58,Sausar Group,quartz-mica schist / calc-silicate (host),False,False,0.47,BELOW 25% Mn,MODERATE,3,SIMULATED
SIM_T21_POS_BH03,T21,POSITIVE_DRILLING_INTERSECTION,42.86,44.47,1.61,Sausar Group,Mn ore / gondite horizon H1 (Mansar/Chorbaoli contact),False,True,33.27,LOW (25-35% Mn),MODERATE,3,SIMULATED
SIM_T21_POS_BH03,T21,POSITIVE_DRILLING_INTERSECTION,44.47,65.4,20.93,Sausar Group,quartz-mica schist / calc-silicate (host),False,False,0.26,BELOW 25% Mn,MODERATE,3,SIMULATED
SIM_T21_NEG_BH01,T21,NEGATIVE_DRILLING_RESULT,0.0,2.88,2.88,Sausar Group,weathered zone / laterite cover,True,False,0.58,BELOW 25% Mn,MODERATE,3,SIMULATED
SIM_T21_NEG_BH01,T21,NEGATIVE_DRILLING_RESULT,2.88,92.0,89.12,Sausar Group,quartz-mica schist / calc-silicate (host),True,False,0.28,BELOW 25% Mn,MODERATE,3,SIMULATED
SIM_T21_NEG_BH02,T21,NEGATIVE_DRILLING_RESULT,0.0,2.19,2.19,Sausar Group,weathered zone / laterite cover,True,False,0.61,BELOW 25% Mn,MODERATE,3,SIMULATED
SIM_T21_NEG_BH02,T21,NEGATIVE_DRILLING_RESULT,2.19,94.8,92.61,Sausar Group,quartz-mica schist / calc-silicate (host),True,False,0.73,BELOW 25% Mn,MODERATE,3,SIMULATED
SIM_T21_NEG_BH03,T21,NEGATIVE_DRILLING_RESULT,0.0,2.56,2.56,Sausar Group,weathered zone / laterite cover,True,False,0.43,BELOW 25% Mn,MODERATE,3,SIMULATED
SIM_T21_NEG_BH03,T21,NEGATIVE_DRILLING_RESULT,2.56,71.1,68.54,Sausar Group,quartz-mica schist / calc-silicate (host),True,False,0.47,BELOW 25% Mn,MODERATE,3,SIMULATED
SIM_T21_AMB_BH01,T21,AMBIGUOUS_DRILLING_RESULT,0.0,2.5,2.5,Sausar Group,weathered zone / laterite cover,True,False,0.39,BELOW 25% Mn,LOW,3,SIMULATED
SIM_T21_AMB_BH01,T21,AMBIGUOUS_DRILLING_RESULT,2.5,53.93,51.43,Sausar Group,quartz-mica schist / calc-silicate (host),True,False,0.29,BELOW 25% Mn,LOW,3,SIMULATED
SIM_T21_AMB_BH01,T21,AMBIGUOUS_DRILLING_RESULT,53.93,54.49,0.56,Sausar Group,Mn ore / gondite horizon H3 (Mansar/Lohangi-Sitasaongi contact),False,True,13.8,BELOW 25% Mn,LOW,3,SIMULATED
SIM_T21_AMB_BH01,T21,AMBIGUOUS_DRILLING_RESULT,54.49,63.8,9.31,Sausar Group,quartz-mica schist / calc-silicate (host),False,False,0.23,BELOW 25% Mn,LOW,3,SIMULATED
SIM_T21_AMB_BH02,T21,AMBIGUOUS_DRILLING_RESULT,0.0,2.99,2.99,Sausar Group,weathered zone / laterite cover,True,False,0.18,BELOW 25% Mn,LOW,3,SIMULATED
SIM_T21_AMB_BH02,T21,AMBIGUOUS_DRILLING_RESULT,2.99,38.48,35.49,Sausar Group,quartz-mica schist / calc-silicate (host),True,False,0.49,BELOW 25% Mn,LOW,3,SIMULATED
SIM_T21_AMB_BH02,T21,AMBIGUOUS_DRILLING_RESULT,38.48,38.83,0.34,Sausar Group,Mn ore / gondite horizon H3 (Mansar/Lohangi-Sitasaongi contact),False,False,9.18,BELOW 25% Mn,LOW,3,SIMULATED
SIM_T21_AMB_BH02,T21,AMBIGUOUS_DRILLING_RESULT,38.83,68.2,29.37,Sausar Group,quartz-mica schist / calc-silicate (host),False,False,0.29,BELOW 25% Mn,LOW,3,SIMULATED
SIM_T21_AMB_BH03,T21,AMBIGUOUS_DRILLING_RESULT,0.0,2.62,2.62,Sausar Group,weathered zone / laterite cover,True,False,0.48,BELOW 25% Mn,LOW,3,SIMULATED
SIM_T21_AMB_BH03,T21,AMBIGUOUS_DRILLING_RESULT,2.62,15.65,13.03,Sausar Group,quartz-mica schist / calc-silicate (host),True,False,0.2,BELOW 25% Mn,LOW,3,SIMULATED
SIM_T21_AMB_BH03,T21,AMBIGUOUS_DRILLING_RESULT,15.65,16.11,0.45,Sausar Group,Mn ore / gondite horizon H3 (Mansar/Lohangi-Sitasaongi contact),False,True,14.49,BELOW 25% Mn,LOW,3,SIMULATED
SIM_T21_AMB_BH03,T21,AMBIGUOUS_DRILLING_RESULT,16.11,75.3,59.19,Sausar Group,quartz-mica schist / calc-silicate (host),False,False,0.23,BELOW 25% Mn,LOW,3,SIMULATED
SIM_T22_POS_BH01,T22,POSITIVE_DRILLING_INTERSECTION,0.0,2.05,2.05,Sausar Group,weathered zone / laterite cover,True,False,0.24,BELOW 25% Mn,MODERATE,3,SIMULATED
SIM_T22_POS_BH01,T22,POSITIVE_DRILLING_INTERSECTION,2.05,25.81,23.76,Sausar Group,quartz-mica schist / calc-silicate (host),True,False,0.35,BELOW 25% Mn,MODERATE,3,SIMULATED
SIM_T22_POS_BH01,T22,POSITIVE_DRILLING_INTERSECTION,25.81,27.31,1.5,Sausar Group,Mn ore / gondite horizon H2 (within Mansar Formation),False,True,29.66,LOW (25-35% Mn),MODERATE,3,SIMULATED
SIM_T22_POS_BH01,T22,POSITIVE_DRILLING_INTERSECTION,27.31,58.7,31.39,Sausar Group,quartz-mica schist / calc-silicate (host),False,False,0.41,BELOW 25% Mn,MODERATE,3,SIMULATED
SIM_T22_POS_BH02,T22,POSITIVE_DRILLING_INTERSECTION,0.0,2.26,2.26,Sausar Group,weathered zone / laterite cover,True,False,0.27,BELOW 25% Mn,MODERATE,3,SIMULATED
SIM_T22_POS_BH02,T22,POSITIVE_DRILLING_INTERSECTION,2.26,16.21,13.96,Sausar Group,quartz-mica schist / calc-silicate (host),True,False,0.49,BELOW 25% Mn,MODERATE,3,SIMULATED
SIM_T22_POS_BH02,T22,POSITIVE_DRILLING_INTERSECTION,16.21,17.75,1.54,Sausar Group,Mn ore / gondite horizon H3 (Mansar/Lohangi-Sitasaongi contact),False,True,31.73,LOW (25-35% Mn),MODERATE,3,SIMULATED
SIM_T22_POS_BH02,T22,POSITIVE_DRILLING_INTERSECTION,17.75,62.2,44.45,Sausar Group,quartz-mica schist / calc-silicate (host),False,False,0.24,BELOW 25% Mn,MODERATE,3,SIMULATED
SIM_T22_POS_BH02,T22,POSITIVE_DRILLING_INTERSECTION,62.2,63.74,1.54,Sausar Group,Mn ore / gondite horizon H2 (within Mansar Formation),False,True,37.06,MEDIUM (35-46% Mn),MODERATE,3,SIMULATED
SIM_T22_POS_BH02,T22,POSITIVE_DRILLING_INTERSECTION,63.74,77.1,13.36,Sausar Group,quartz-mica schist / calc-silicate (host),False,False,0.27,BELOW 25% Mn,MODERATE,3,SIMULATED
SIM_T22_POS_BH03,T22,POSITIVE_DRILLING_INTERSECTION,0.0,2.71,2.71,Sausar Group,weathered zone / laterite cover,True,False,0.34,BELOW 25% Mn,MODERATE,3,SIMULATED
SIM_T22_POS_BH03,T22,POSITIVE_DRILLING_INTERSECTION,2.71,26.73,24.01,Sausar Group,quartz-mica schist / calc-silicate (host),True,False,0.53,BELOW 25% Mn,MODERATE,3,SIMULATED
SIM_T22_POS_BH03,T22,POSITIVE_DRILLING_INTERSECTION,26.73,28.36,1.63,Sausar Group,Mn ore / gondite horizon H3 (Mansar/Lohangi-Sitasaongi contact),False,True,27.33,LOW (25-35% Mn),MODERATE,3,SIMULATED
SIM_T22_POS_BH03,T22,POSITIVE_DRILLING_INTERSECTION,28.36,30.09,1.73,Sausar Group,Mn ore / gondite horizon H2 (within Mansar Formation),False,True,24.76,BELOW 25% Mn,MODERATE,3,SIMULATED
SIM_T22_POS_BH03,T22,POSITIVE_DRILLING_INTERSECTION,30.09,70.3,40.21,Sausar Group,quartz-mica schist / calc-silicate (host),False,False,0.5,BELOW 25% Mn,MODERATE,3,SIMULATED
SIM_T22_NEG_BH01,T22,NEGATIVE_DRILLING_RESULT,0.0,2.87,2.87,Sausar Group,weathered zone / laterite cover,True,False,0.22,BELOW 25% Mn,MODERATE,3,SIMULATED
SIM_T22_NEG_BH01,T22,NEGATIVE_DRILLING_RESULT,2.87,66.4,63.53,Sausar Group,quartz-mica schist / calc-silicate (host),True,False,0.8,BELOW 25% Mn,MODERATE,3,SIMULATED
SIM_T22_NEG_BH02,T22,NEGATIVE_DRILLING_RESULT,0.0,2.99,2.99,Sausar Group,weathered zone / laterite cover,True,False,0.25,BELOW 25% Mn,MODERATE,3,SIMULATED
SIM_T22_NEG_BH02,T22,NEGATIVE_DRILLING_RESULT,2.99,65.1,62.11,Sausar Group,quartz-mica schist / calc-silicate (host),True,False,0.71,BELOW 25% Mn,MODERATE,3,SIMULATED
SIM_T22_NEG_BH03,T22,NEGATIVE_DRILLING_RESULT,0.0,2.24,2.24,Sausar Group,weathered zone / laterite cover,True,False,0.28,BELOW 25% Mn,MODERATE,3,SIMULATED
SIM_T22_NEG_BH03,T22,NEGATIVE_DRILLING_RESULT,2.24,99.6,97.36,Sausar Group,quartz-mica schist / calc-silicate (host),True,False,1.73,BELOW 25% Mn,MODERATE,3,SIMULATED
SIM_T22_AMB_BH01,T22,AMBIGUOUS_DRILLING_RESULT,0.0,2.4,2.4,Sausar Group,weathered zone / laterite cover,True,False,0.29,BELOW 25% Mn,LOW,3,SIMULATED
SIM_T22_AMB_BH01,T22,AMBIGUOUS_DRILLING_RESULT,2.4,16.06,13.66,Sausar Group,quartz-mica schist / calc-silicate (host),True,False,0.24,BELOW 25% Mn,LOW,3,SIMULATED
SIM_T22_AMB_BH01,T22,AMBIGUOUS_DRILLING_RESULT,16.06,16.9,0.83,Sausar Group,Mn ore / gondite horizon H1 (Mansar/Chorbaoli contact),False,False,9.36,BELOW 25% Mn,LOW,3,SIMULATED
SIM_T22_AMB_BH01,T22,AMBIGUOUS_DRILLING_RESULT,16.9,67.3,50.4,Sausar Group,quartz-mica schist / calc-silicate (host),False,False,0.21,BELOW 25% Mn,LOW,3,SIMULATED
SIM_T22_AMB_BH02,T22,AMBIGUOUS_DRILLING_RESULT,0.0,2.34,2.34,Sausar Group,weathered zone / laterite cover,True,False,0.67,BELOW 25% Mn,LOW,3,SIMULATED
SIM_T22_AMB_BH02,T22,AMBIGUOUS_DRILLING_RESULT,2.34,42.75,40.41,Sausar Group,quartz-mica schist / calc-silicate (host),True,False,0.48,BELOW 25% Mn,LOW,3,SIMULATED
SIM_T22_AMB_BH02,T22,AMBIGUOUS_DRILLING_RESULT,42.75,43.5,0.75,Sausar Group,Mn ore / gondite horizon H2 (within Mansar Formation),False,True,15.17,BELOW 25% Mn,LOW,3,SIMULATED
SIM_T22_AMB_BH02,T22,AMBIGUOUS_DRILLING_RESULT,43.5,63.9,20.4,Sausar Group,quartz-mica schist / calc-silicate (host),False,False,0.35,BELOW 25% Mn,LOW,3,SIMULATED
SIM_T22_AMB_BH03,T22,AMBIGUOUS_DRILLING_RESULT,0.0,2.43,2.43,Sausar Group,weathered zone / laterite cover,True,False,0.46,BELOW 25% Mn,LOW,3,SIMULATED
SIM_T22_AMB_BH03,T22,AMBIGUOUS_DRILLING_RESULT,2.43,83.13,80.7,Sausar Group,quartz-mica schist / calc-silicate (host),True,False,0.98,BELOW 25% Mn,LOW,3,SIMULATED
SIM_T22_AMB_BH03,T22,AMBIGUOUS_DRILLING_RESULT,83.13,83.7,0.57,Sausar Group,Mn ore / gondite horizon H1 (Mansar/Chorbaoli contact),False,True,18.71,BELOW 25% Mn,LOW,3,SIMULATED
SIM_T22_AMB_BH03,T22,AMBIGUOUS_DRILLING_RESULT,83.7,97.6,13.9,Sausar Group,quartz-mica schist / calc-silicate (host),False,False,0.46,BELOW 25% Mn,LOW,3,SIMULATED
SIM_T23_POS_BH01,T23,POSITIVE_DRILLING_INTERSECTION,0.0,2.35,2.35,Sausar Group,weathered zone / laterite cover,True,False,0.9,BELOW 25% Mn,MODERATE,3,SIMULATED
SIM_T23_POS_BH01,T23,POSITIVE_DRILLING_INTERSECTION,2.35,42.11,39.75,Sausar Group,quartz-mica schist / calc-silicate (host),True,False,0.8,BELOW 25% Mn,MODERATE,3,SIMULATED
SIM_T23_POS_BH01,T23,POSITIVE_DRILLING_INTERSECTION,42.11,44.07,1.96,Sausar Group,Mn ore / gondite horizon H3 (Mansar/Lohangi-Sitasaongi contact),False,True,34.28,LOW (25-35% Mn),MODERATE,3,SIMULATED
SIM_T23_POS_BH01,T23,POSITIVE_DRILLING_INTERSECTION,44.07,47.24,3.17,Sausar Group,quartz-mica schist / calc-silicate (host),False,False,0.7,BELOW 25% Mn,MODERATE,3,SIMULATED
SIM_T23_POS_BH01,T23,POSITIVE_DRILLING_INTERSECTION,47.24,49.04,1.8,Sausar Group,Mn ore / gondite horizon H2 (within Mansar Formation),False,True,33.96,LOW (25-35% Mn),MODERATE,3,SIMULATED
SIM_T23_POS_BH01,T23,POSITIVE_DRILLING_INTERSECTION,49.04,57.4,8.36,Sausar Group,quartz-mica schist / calc-silicate (host),False,False,0.28,BELOW 25% Mn,MODERATE,3,SIMULATED
SIM_T23_POS_BH02,T23,POSITIVE_DRILLING_INTERSECTION,0.0,2.93,2.93,Sausar Group,weathered zone / laterite cover,True,False,0.48,BELOW 25% Mn,MODERATE,3,SIMULATED
SIM_T23_POS_BH02,T23,POSITIVE_DRILLING_INTERSECTION,2.93,15.62,12.69,Sausar Group,quartz-mica schist / calc-silicate (host),True,False,0.4,BELOW 25% Mn,MODERATE,3,SIMULATED
SIM_T23_POS_BH02,T23,POSITIVE_DRILLING_INTERSECTION,15.62,17.17,1.55,Sausar Group,Mn ore / gondite horizon H1 (Mansar/Chorbaoli contact),False,True,27.19,LOW (25-35% Mn),MODERATE,3,SIMULATED
SIM_T23_POS_BH02,T23,POSITIVE_DRILLING_INTERSECTION,17.17,38.05,20.88,Sausar Group,quartz-mica schist / calc-silicate (host),False,False,0.39,BELOW 25% Mn,MODERATE,3,SIMULATED
SIM_T23_POS_BH02,T23,POSITIVE_DRILLING_INTERSECTION,38.05,39.92,1.87,Sausar Group,Mn ore / gondite horizon H2 (within Mansar Formation),False,True,27.86,LOW (25-35% Mn),MODERATE,3,SIMULATED
SIM_T23_POS_BH02,T23,POSITIVE_DRILLING_INTERSECTION,39.92,58.7,18.78,Sausar Group,quartz-mica schist / calc-silicate (host),False,False,0.15,BELOW 25% Mn,MODERATE,3,SIMULATED
SIM_T23_POS_BH03,T23,POSITIVE_DRILLING_INTERSECTION,0.0,2.75,2.75,Sausar Group,weathered zone / laterite cover,True,False,0.29,BELOW 25% Mn,MODERATE,3,SIMULATED
SIM_T23_POS_BH03,T23,POSITIVE_DRILLING_INTERSECTION,2.75,27.47,24.72,Sausar Group,quartz-mica schist / calc-silicate (host),True,False,0.34,BELOW 25% Mn,MODERATE,3,SIMULATED
SIM_T23_POS_BH03,T23,POSITIVE_DRILLING_INTERSECTION,27.47,28.98,1.51,Sausar Group,Mn ore / gondite horizon H3 (Mansar/Lohangi-Sitasaongi contact),False,True,28.09,LOW (25-35% Mn),MODERATE,3,SIMULATED
SIM_T23_POS_BH03,T23,POSITIVE_DRILLING_INTERSECTION,28.98,58.73,29.74,Sausar Group,quartz-mica schist / calc-silicate (host),False,False,0.89,BELOW 25% Mn,MODERATE,3,SIMULATED
SIM_T23_POS_BH03,T23,POSITIVE_DRILLING_INTERSECTION,58.73,60.36,1.63,Sausar Group,Mn ore / gondite horizon H1 (Mansar/Chorbaoli contact),False,True,27.13,LOW (25-35% Mn),MODERATE,3,SIMULATED
SIM_T23_POS_BH03,T23,POSITIVE_DRILLING_INTERSECTION,60.36,70.6,10.24,Sausar Group,quartz-mica schist / calc-silicate (host),False,False,0.19,BELOW 25% Mn,MODERATE,3,SIMULATED
SIM_T23_NEG_BH01,T23,NEGATIVE_DRILLING_RESULT,0.0,2.81,2.81,Sausar Group,weathered zone / laterite cover,True,False,0.21,BELOW 25% Mn,MODERATE,3,SIMULATED
SIM_T23_NEG_BH01,T23,NEGATIVE_DRILLING_RESULT,2.81,97.7,94.89,Sausar Group,quartz-mica schist / calc-silicate (host),True,False,0.18,BELOW 25% Mn,MODERATE,3,SIMULATED
SIM_T23_NEG_BH02,T23,NEGATIVE_DRILLING_RESULT,0.0,2.55,2.55,Sausar Group,weathered zone / laterite cover,True,False,0.64,BELOW 25% Mn,MODERATE,3,SIMULATED
SIM_T23_NEG_BH02,T23,NEGATIVE_DRILLING_RESULT,2.55,80.0,77.45,Sausar Group,quartz-mica schist / calc-silicate (host),True,False,0.22,BELOW 25% Mn,MODERATE,3,SIMULATED
SIM_T23_NEG_BH03,T23,NEGATIVE_DRILLING_RESULT,0.0,2.15,2.15,Sausar Group,weathered zone / laterite cover,True,False,0.24,BELOW 25% Mn,MODERATE,3,SIMULATED
SIM_T23_NEG_BH03,T23,NEGATIVE_DRILLING_RESULT,2.15,83.5,81.35,Sausar Group,quartz-mica schist / calc-silicate (host),True,False,0.3,BELOW 25% Mn,MODERATE,3,SIMULATED
SIM_T23_AMB_BH01,T23,AMBIGUOUS_DRILLING_RESULT,0.0,2.98,2.98,Sausar Group,weathered zone / laterite cover,True,False,0.93,BELOW 25% Mn,LOW,3,SIMULATED
SIM_T23_AMB_BH01,T23,AMBIGUOUS_DRILLING_RESULT,2.98,25.37,22.39,Sausar Group,quartz-mica schist / calc-silicate (host),True,False,0.16,BELOW 25% Mn,LOW,3,SIMULATED
SIM_T23_AMB_BH01,T23,AMBIGUOUS_DRILLING_RESULT,25.37,26.06,0.69,Sausar Group,Mn ore / gondite horizon H1 (Mansar/Chorbaoli contact),False,True,19.69,BELOW 25% Mn,LOW,3,SIMULATED
SIM_T23_AMB_BH01,T23,AMBIGUOUS_DRILLING_RESULT,26.06,56.4,30.34,Sausar Group,quartz-mica schist / calc-silicate (host),False,False,0.36,BELOW 25% Mn,LOW,3,SIMULATED
SIM_T23_AMB_BH02,T23,AMBIGUOUS_DRILLING_RESULT,0.0,2.07,2.07,Sausar Group,weathered zone / laterite cover,True,False,0.6,BELOW 25% Mn,LOW,3,SIMULATED
SIM_T23_AMB_BH02,T23,AMBIGUOUS_DRILLING_RESULT,2.07,44.44,42.38,Sausar Group,quartz-mica schist / calc-silicate (host),True,False,0.42,BELOW 25% Mn,LOW,3,SIMULATED
SIM_T23_AMB_BH02,T23,AMBIGUOUS_DRILLING_RESULT,44.44,45.15,0.71,Sausar Group,Mn ore / gondite horizon H1 (Mansar/Chorbaoli contact),False,True,25.98,LOW (25-35% Mn),LOW,3,SIMULATED
SIM_T23_AMB_BH02,T23,AMBIGUOUS_DRILLING_RESULT,45.15,76.6,31.45,Sausar Group,quartz-mica schist / calc-silicate (host),False,False,0.28,BELOW 25% Mn,LOW,3,SIMULATED
SIM_T23_AMB_BH03,T23,AMBIGUOUS_DRILLING_RESULT,0.0,2.77,2.77,Sausar Group,weathered zone / laterite cover,True,False,0.28,BELOW 25% Mn,LOW,3,SIMULATED
SIM_T23_AMB_BH03,T23,AMBIGUOUS_DRILLING_RESULT,2.77,40.08,37.31,Sausar Group,quartz-mica schist / calc-silicate (host),True,False,0.22,BELOW 25% Mn,LOW,3,SIMULATED
SIM_T23_AMB_BH03,T23,AMBIGUOUS_DRILLING_RESULT,40.08,40.44,0.36,Sausar Group,Mn ore / gondite horizon H1 (Mansar/Chorbaoli contact),False,True,16.27,BELOW 25% Mn,LOW,3,SIMULATED
SIM_T23_AMB_BH03,T23,AMBIGUOUS_DRILLING_RESULT,40.44,86.7,46.26,Sausar Group,quartz-mica schist / calc-silicate (host),False,False,0.32,BELOW 25% Mn,LOW,3,SIMULATED
SIM_T24_POS_BH01,T24,POSITIVE_DRILLING_INTERSECTION,0.0,2.17,2.17,Sausar Group,weathered zone / laterite cover,True,False,0.21,BELOW 25% Mn,MODERATE,3,SIMULATED
SIM_T24_POS_BH01,T24,POSITIVE_DRILLING_INTERSECTION,2.17,37.56,35.39,Sausar Group,quartz-mica schist / calc-silicate (host),True,False,0.2,BELOW 25% Mn,MODERATE,3,SIMULATED
SIM_T24_POS_BH01,T24,POSITIVE_DRILLING_INTERSECTION,37.56,39.12,1.55,Sausar Group,Mn ore / gondite horizon H2 (within Mansar Formation),False,True,25.84,LOW (25-35% Mn),MODERATE,3,SIMULATED
SIM_T24_POS_BH01,T24,POSITIVE_DRILLING_INTERSECTION,39.12,53.69,14.58,Sausar Group,quartz-mica schist / calc-silicate (host),False,False,0.61,BELOW 25% Mn,MODERATE,3,SIMULATED
SIM_T24_POS_BH01,T24,POSITIVE_DRILLING_INTERSECTION,53.69,55.46,1.77,Sausar Group,Mn ore / gondite horizon H1 (Mansar/Chorbaoli contact),False,True,37.53,MEDIUM (35-46% Mn),MODERATE,3,SIMULATED
SIM_T24_POS_BH01,T24,POSITIVE_DRILLING_INTERSECTION,55.46,68.7,13.24,Sausar Group,quartz-mica schist / calc-silicate (host),False,False,0.31,BELOW 25% Mn,MODERATE,3,SIMULATED
SIM_T24_POS_BH02,T24,POSITIVE_DRILLING_INTERSECTION,0.0,2.1,2.1,Sausar Group,weathered zone / laterite cover,True,False,0.49,BELOW 25% Mn,MODERATE,3,SIMULATED
SIM_T24_POS_BH02,T24,POSITIVE_DRILLING_INTERSECTION,2.1,71.5,69.4,Sausar Group,quartz-mica schist / calc-silicate (host),True,False,0.28,BELOW 25% Mn,MODERATE,3,SIMULATED
SIM_T24_POS_BH02,T24,POSITIVE_DRILLING_INTERSECTION,71.5,73.32,1.83,Sausar Group,Mn ore / gondite horizon H2 (within Mansar Formation),False,True,39.45,MEDIUM (35-46% Mn),MODERATE,3,SIMULATED
SIM_T24_POS_BH02,T24,POSITIVE_DRILLING_INTERSECTION,73.32,77.04,3.72,Sausar Group,quartz-mica schist / calc-silicate (host),False,False,0.37,BELOW 25% Mn,MODERATE,3,SIMULATED
SIM_T24_POS_BH02,T24,POSITIVE_DRILLING_INTERSECTION,77.04,78.71,1.66,Sausar Group,Mn ore / gondite horizon H3 (Mansar/Lohangi-Sitasaongi contact),False,True,33.61,LOW (25-35% Mn),MODERATE,3,SIMULATED
SIM_T24_POS_BH02,T24,POSITIVE_DRILLING_INTERSECTION,78.71,99.8,21.09,Sausar Group,quartz-mica schist / calc-silicate (host),False,False,0.28,BELOW 25% Mn,MODERATE,3,SIMULATED
SIM_T24_POS_BH03,T24,POSITIVE_DRILLING_INTERSECTION,0.0,2.76,2.76,Sausar Group,weathered zone / laterite cover,True,False,0.62,BELOW 25% Mn,MODERATE,3,SIMULATED
SIM_T24_POS_BH03,T24,POSITIVE_DRILLING_INTERSECTION,2.76,15.18,12.42,Sausar Group,quartz-mica schist / calc-silicate (host),True,False,0.15,BELOW 25% Mn,MODERATE,3,SIMULATED
SIM_T24_POS_BH03,T24,POSITIVE_DRILLING_INTERSECTION,15.18,17.14,1.96,Sausar Group,Mn ore / gondite horizon H3 (Mansar/Lohangi-Sitasaongi contact),False,True,29.7,LOW (25-35% Mn),MODERATE,3,SIMULATED
SIM_T24_POS_BH03,T24,POSITIVE_DRILLING_INTERSECTION,17.14,19.01,1.87,Sausar Group,Mn ore / gondite horizon H2 (within Mansar Formation),False,True,38.17,MEDIUM (35-46% Mn),MODERATE,3,SIMULATED
SIM_T24_POS_BH03,T24,POSITIVE_DRILLING_INTERSECTION,19.01,69.1,50.09,Sausar Group,quartz-mica schist / calc-silicate (host),False,False,0.31,BELOW 25% Mn,MODERATE,3,SIMULATED
SIM_T24_NEG_BH01,T24,NEGATIVE_DRILLING_RESULT,0.0,2.74,2.74,Sausar Group,weathered zone / laterite cover,True,False,0.53,BELOW 25% Mn,MODERATE,3,SIMULATED
SIM_T24_NEG_BH01,T24,NEGATIVE_DRILLING_RESULT,2.74,62.2,59.46,Sausar Group,quartz-mica schist / calc-silicate (host),True,False,0.34,BELOW 25% Mn,MODERATE,3,SIMULATED
SIM_T24_NEG_BH02,T24,NEGATIVE_DRILLING_RESULT,0.0,2.41,2.41,Sausar Group,weathered zone / laterite cover,True,False,0.29,BELOW 25% Mn,MODERATE,3,SIMULATED
SIM_T24_NEG_BH02,T24,NEGATIVE_DRILLING_RESULT,2.41,69.8,67.39,Sausar Group,quartz-mica schist / calc-silicate (host),True,False,0.4,BELOW 25% Mn,MODERATE,3,SIMULATED
SIM_T24_NEG_BH03,T24,NEGATIVE_DRILLING_RESULT,0.0,2.79,2.79,Sausar Group,weathered zone / laterite cover,True,False,0.25,BELOW 25% Mn,MODERATE,3,SIMULATED
SIM_T24_NEG_BH03,T24,NEGATIVE_DRILLING_RESULT,2.79,76.2,73.41,Sausar Group,quartz-mica schist / calc-silicate (host),True,False,0.81,BELOW 25% Mn,MODERATE,3,SIMULATED
SIM_T24_AMB_BH01,T24,AMBIGUOUS_DRILLING_RESULT,0.0,2.33,2.33,Sausar Group,weathered zone / laterite cover,True,False,0.39,BELOW 25% Mn,LOW,3,SIMULATED
SIM_T24_AMB_BH01,T24,AMBIGUOUS_DRILLING_RESULT,2.33,34.17,31.84,Sausar Group,quartz-mica schist / calc-silicate (host),True,False,0.5,BELOW 25% Mn,LOW,3,SIMULATED
SIM_T24_AMB_BH01,T24,AMBIGUOUS_DRILLING_RESULT,34.17,34.62,0.45,Sausar Group,Mn ore / gondite horizon H1 (Mansar/Chorbaoli contact),False,False,8.09,BELOW 25% Mn,LOW,3,SIMULATED
SIM_T24_AMB_BH01,T24,AMBIGUOUS_DRILLING_RESULT,34.62,64.9,30.28,Sausar Group,quartz-mica schist / calc-silicate (host),False,False,0.19,BELOW 25% Mn,LOW,3,SIMULATED
SIM_T24_AMB_BH02,T24,AMBIGUOUS_DRILLING_RESULT,0.0,2.51,2.51,Sausar Group,weathered zone / laterite cover,True,False,0.19,BELOW 25% Mn,LOW,3,SIMULATED
SIM_T24_AMB_BH02,T24,AMBIGUOUS_DRILLING_RESULT,2.51,53.37,50.86,Sausar Group,quartz-mica schist / calc-silicate (host),True,False,0.4,BELOW 25% Mn,LOW,3,SIMULATED
SIM_T24_AMB_BH02,T24,AMBIGUOUS_DRILLING_RESULT,53.37,53.93,0.55,Sausar Group,Mn ore / gondite horizon H1 (Mansar/Chorbaoli contact),False,True,19.22,BELOW 25% Mn,LOW,3,SIMULATED
SIM_T24_AMB_BH02,T24,AMBIGUOUS_DRILLING_RESULT,53.93,79.1,25.17,Sausar Group,quartz-mica schist / calc-silicate (host),False,False,0.61,BELOW 25% Mn,LOW,3,SIMULATED
SIM_T24_AMB_BH03,T24,AMBIGUOUS_DRILLING_RESULT,0.0,2.96,2.96,Sausar Group,weathered zone / laterite cover,True,False,0.26,BELOW 25% Mn,LOW,3,SIMULATED
SIM_T24_AMB_BH03,T24,AMBIGUOUS_DRILLING_RESULT,2.96,66.85,63.89,Sausar Group,quartz-mica schist / calc-silicate (host),True,False,0.42,BELOW 25% Mn,LOW,3,SIMULATED
SIM_T24_AMB_BH03,T24,AMBIGUOUS_DRILLING_RESULT,66.85,67.6,0.76,Sausar Group,Mn ore / gondite horizon H2 (within Mansar Formation),False,True,14.83,BELOW 25% Mn,LOW,3,SIMULATED
SIM_T24_AMB_BH03,T24,AMBIGUOUS_DRILLING_RESULT,67.6,89.3,21.7,Sausar Group,quartz-mica schist / calc-silicate (host),False,False,0.42,BELOW 25% Mn,LOW,3,SIMULATED
SIM_T25_POS_BH01,T25,POSITIVE_DRILLING_INTERSECTION,0.0,2.39,2.39,Sausar Group,weathered zone / laterite cover,True,False,0.36,BELOW 25% Mn,MODERATE,3,SIMULATED
SIM_T25_POS_BH01,T25,POSITIVE_DRILLING_INTERSECTION,2.39,45.39,42.99,Sausar Group,quartz-mica schist / calc-silicate (host),True,False,0.51,BELOW 25% Mn,MODERATE,3,SIMULATED
SIM_T25_POS_BH01,T25,POSITIVE_DRILLING_INTERSECTION,45.39,46.91,1.52,Sausar Group,Mn ore / gondite horizon H3 (Mansar/Lohangi-Sitasaongi contact),False,True,30.18,LOW (25-35% Mn),MODERATE,3,SIMULATED
SIM_T25_POS_BH01,T25,POSITIVE_DRILLING_INTERSECTION,46.91,62.0,15.09,Sausar Group,quartz-mica schist / calc-silicate (host),False,False,0.5,BELOW 25% Mn,MODERATE,3,SIMULATED
SIM_T25_POS_BH02,T25,POSITIVE_DRILLING_INTERSECTION,0.0,2.5,2.5,Sausar Group,weathered zone / laterite cover,True,False,0.45,BELOW 25% Mn,MODERATE,3,SIMULATED
SIM_T25_POS_BH02,T25,POSITIVE_DRILLING_INTERSECTION,2.5,21.88,19.39,Sausar Group,quartz-mica schist / calc-silicate (host),True,False,0.15,BELOW 25% Mn,MODERATE,3,SIMULATED
SIM_T25_POS_BH02,T25,POSITIVE_DRILLING_INTERSECTION,21.88,23.69,1.81,Sausar Group,Mn ore / gondite horizon H1 (Mansar/Chorbaoli contact),False,True,24.43,BELOW 25% Mn,MODERATE,3,SIMULATED
SIM_T25_POS_BH02,T25,POSITIVE_DRILLING_INTERSECTION,23.69,57.8,34.11,Sausar Group,quartz-mica schist / calc-silicate (host),False,False,0.4,BELOW 25% Mn,MODERATE,3,SIMULATED
SIM_T25_POS_BH03,T25,POSITIVE_DRILLING_INTERSECTION,0.0,2.04,2.04,Sausar Group,weathered zone / laterite cover,True,False,0.8,BELOW 25% Mn,MODERATE,3,SIMULATED
SIM_T25_POS_BH03,T25,POSITIVE_DRILLING_INTERSECTION,2.04,38.51,36.47,Sausar Group,quartz-mica schist / calc-silicate (host),True,False,0.5,BELOW 25% Mn,MODERATE,3,SIMULATED
SIM_T25_POS_BH03,T25,POSITIVE_DRILLING_INTERSECTION,38.51,40.2,1.69,Sausar Group,Mn ore / gondite horizon H1 (Mansar/Chorbaoli contact),False,True,39.16,MEDIUM (35-46% Mn),MODERATE,3,SIMULATED
SIM_T25_POS_BH03,T25,POSITIVE_DRILLING_INTERSECTION,40.2,54.09,13.89,Sausar Group,quartz-mica schist / calc-silicate (host),False,False,0.47,BELOW 25% Mn,MODERATE,3,SIMULATED
SIM_T25_POS_BH03,T25,POSITIVE_DRILLING_INTERSECTION,54.09,55.88,1.79,Sausar Group,Mn ore / gondite horizon H3 (Mansar/Lohangi-Sitasaongi contact),False,True,26.46,LOW (25-35% Mn),MODERATE,3,SIMULATED
SIM_T25_POS_BH03,T25,POSITIVE_DRILLING_INTERSECTION,55.88,68.3,12.42,Sausar Group,quartz-mica schist / calc-silicate (host),False,False,0.3,BELOW 25% Mn,MODERATE,3,SIMULATED
SIM_T25_NEG_BH01,T25,NEGATIVE_DRILLING_RESULT,0.0,2.87,2.87,Sausar Group,weathered zone / laterite cover,True,False,0.64,BELOW 25% Mn,MODERATE,3,SIMULATED
SIM_T25_NEG_BH01,T25,NEGATIVE_DRILLING_RESULT,2.87,91.9,89.03,Sausar Group,quartz-mica schist / calc-silicate (host),True,False,0.4,BELOW 25% Mn,MODERATE,3,SIMULATED
SIM_T25_NEG_BH02,T25,NEGATIVE_DRILLING_RESULT,0.0,2.01,2.01,Sausar Group,weathered zone / laterite cover,True,False,0.36,BELOW 25% Mn,MODERATE,3,SIMULATED
SIM_T25_NEG_BH02,T25,NEGATIVE_DRILLING_RESULT,2.01,72.7,70.69,Sausar Group,quartz-mica schist / calc-silicate (host),True,False,0.83,BELOW 25% Mn,MODERATE,3,SIMULATED
SIM_T25_NEG_BH03,T25,NEGATIVE_DRILLING_RESULT,0.0,2.81,2.81,Sausar Group,weathered zone / laterite cover,True,False,0.37,BELOW 25% Mn,MODERATE,3,SIMULATED
SIM_T25_NEG_BH03,T25,NEGATIVE_DRILLING_RESULT,2.81,78.5,75.69,Sausar Group,quartz-mica schist / calc-silicate (host),True,False,0.21,BELOW 25% Mn,MODERATE,3,SIMULATED
SIM_T25_AMB_BH01,T25,AMBIGUOUS_DRILLING_RESULT,0.0,2.52,2.52,Sausar Group,weathered zone / laterite cover,True,False,0.15,BELOW 25% Mn,LOW,3,SIMULATED
SIM_T25_AMB_BH01,T25,AMBIGUOUS_DRILLING_RESULT,2.52,27.54,25.01,Sausar Group,quartz-mica schist / calc-silicate (host),True,False,0.7,BELOW 25% Mn,LOW,3,SIMULATED
SIM_T25_AMB_BH01,T25,AMBIGUOUS_DRILLING_RESULT,27.54,28.1,0.56,Sausar Group,Mn ore / gondite horizon H3 (Mansar/Lohangi-Sitasaongi contact),False,True,24.39,BELOW 25% Mn,LOW,3,SIMULATED
SIM_T25_AMB_BH01,T25,AMBIGUOUS_DRILLING_RESULT,28.1,90.5,62.4,Sausar Group,quartz-mica schist / calc-silicate (host),False,False,0.54,BELOW 25% Mn,LOW,3,SIMULATED
SIM_T25_AMB_BH02,T25,AMBIGUOUS_DRILLING_RESULT,0.0,2.2,2.2,Sausar Group,weathered zone / laterite cover,True,False,0.27,BELOW 25% Mn,LOW,3,SIMULATED
SIM_T25_AMB_BH02,T25,AMBIGUOUS_DRILLING_RESULT,2.2,20.33,18.13,Sausar Group,quartz-mica schist / calc-silicate (host),True,False,0.5,BELOW 25% Mn,LOW,3,SIMULATED
SIM_T25_AMB_BH02,T25,AMBIGUOUS_DRILLING_RESULT,20.33,20.97,0.64,Sausar Group,Mn ore / gondite horizon H1 (Mansar/Chorbaoli contact),False,True,23.53,BELOW 25% Mn,LOW,3,SIMULATED
SIM_T25_AMB_BH02,T25,AMBIGUOUS_DRILLING_RESULT,20.97,77.6,56.63,Sausar Group,quartz-mica schist / calc-silicate (host),False,False,0.3,BELOW 25% Mn,LOW,3,SIMULATED
SIM_T25_AMB_BH03,T25,AMBIGUOUS_DRILLING_RESULT,0.0,2.01,2.01,Sausar Group,weathered zone / laterite cover,True,False,0.14,BELOW 25% Mn,LOW,3,SIMULATED
SIM_T25_AMB_BH03,T25,AMBIGUOUS_DRILLING_RESULT,2.01,41.59,39.58,Sausar Group,quartz-mica schist / calc-silicate (host),True,False,0.24,BELOW 25% Mn,LOW,3,SIMULATED
SIM_T25_AMB_BH03,T25,AMBIGUOUS_DRILLING_RESULT,41.59,42.08,0.49,Sausar Group,Mn ore / gondite horizon H3 (Mansar/Lohangi-Sitasaongi contact),False,True,17.27,BELOW 25% Mn,LOW,3,SIMULATED
SIM_T25_AMB_BH03,T25,AMBIGUOUS_DRILLING_RESULT,42.08,62.2,20.12,Sausar Group,quartz-mica schist / calc-silicate (host),False,False,0.4,BELOW 25% Mn,LOW,3,SIMULATED
SIM_T26_POS_BH01,T26,POSITIVE_DRILLING_INTERSECTION,0.0,2.53,2.53,Sausar Group,weathered zone / laterite cover,True,False,0.21,BELOW 25% Mn,MODERATE,3,SIMULATED
SIM_T26_POS_BH01,T26,POSITIVE_DRILLING_INTERSECTION,2.53,18.97,16.45,Sausar Group,quartz-mica schist / calc-silicate (host),True,False,0.31,BELOW 25% Mn,MODERATE,3,SIMULATED
SIM_T26_POS_BH01,T26,POSITIVE_DRILLING_INTERSECTION,18.97,20.79,1.81,Sausar Group,Mn ore / gondite horizon H1 (Mansar/Chorbaoli contact),False,True,28.92,LOW (25-35% Mn),MODERATE,3,SIMULATED
SIM_T26_POS_BH01,T26,POSITIVE_DRILLING_INTERSECTION,20.79,51.8,31.01,Sausar Group,quartz-mica schist / calc-silicate (host),False,False,0.39,BELOW 25% Mn,MODERATE,3,SIMULATED
SIM_T26_POS_BH02,T26,POSITIVE_DRILLING_INTERSECTION,0.0,2.03,2.03,Sausar Group,weathered zone / laterite cover,True,False,0.22,BELOW 25% Mn,MODERATE,3,SIMULATED
SIM_T26_POS_BH02,T26,POSITIVE_DRILLING_INTERSECTION,2.03,34.73,32.69,Sausar Group,quartz-mica schist / calc-silicate (host),True,False,0.38,BELOW 25% Mn,MODERATE,3,SIMULATED
SIM_T26_POS_BH02,T26,POSITIVE_DRILLING_INTERSECTION,34.73,36.32,1.6,Sausar Group,Mn ore / gondite horizon H1 (Mansar/Chorbaoli contact),False,True,40.42,MEDIUM (35-46% Mn),MODERATE,3,SIMULATED
SIM_T26_POS_BH02,T26,POSITIVE_DRILLING_INTERSECTION,36.32,41.82,5.5,Sausar Group,quartz-mica schist / calc-silicate (host),False,False,0.13,BELOW 25% Mn,MODERATE,3,SIMULATED
SIM_T26_POS_BH02,T26,POSITIVE_DRILLING_INTERSECTION,41.82,43.54,1.72,Sausar Group,Mn ore / gondite horizon H2 (within Mansar Formation),False,True,25.72,LOW (25-35% Mn),MODERATE,3,SIMULATED
SIM_T26_POS_BH02,T26,POSITIVE_DRILLING_INTERSECTION,43.54,64.5,20.96,Sausar Group,quartz-mica schist / calc-silicate (host),False,False,0.97,BELOW 25% Mn,MODERATE,3,SIMULATED
SIM_T26_POS_BH03,T26,POSITIVE_DRILLING_INTERSECTION,0.0,2.17,2.17,Sausar Group,weathered zone / laterite cover,True,False,0.32,BELOW 25% Mn,MODERATE,3,SIMULATED
SIM_T26_POS_BH03,T26,POSITIVE_DRILLING_INTERSECTION,2.17,66.28,64.11,Sausar Group,quartz-mica schist / calc-silicate (host),True,False,0.38,BELOW 25% Mn,MODERATE,3,SIMULATED
SIM_T26_POS_BH03,T26,POSITIVE_DRILLING_INTERSECTION,66.28,67.88,1.6,Sausar Group,Mn ore / gondite horizon H1 (Mansar/Chorbaoli contact),False,True,30.44,LOW (25-35% Mn),MODERATE,3,SIMULATED
SIM_T26_POS_BH03,T26,POSITIVE_DRILLING_INTERSECTION,67.88,89.6,21.72,Sausar Group,quartz-mica schist / calc-silicate (host),False,False,0.29,BELOW 25% Mn,MODERATE,3,SIMULATED
SIM_T26_NEG_BH01,T26,NEGATIVE_DRILLING_RESULT,0.0,2.22,2.22,Sausar Group,weathered zone / laterite cover,True,False,0.6,BELOW 25% Mn,MODERATE,3,SIMULATED
SIM_T26_NEG_BH01,T26,NEGATIVE_DRILLING_RESULT,2.22,73.1,70.88,Sausar Group,quartz-mica schist / calc-silicate (host),True,False,0.37,BELOW 25% Mn,MODERATE,3,SIMULATED
SIM_T26_NEG_BH02,T26,NEGATIVE_DRILLING_RESULT,0.0,2.97,2.97,Sausar Group,weathered zone / laterite cover,True,False,0.51,BELOW 25% Mn,MODERATE,3,SIMULATED
SIM_T26_NEG_BH02,T26,NEGATIVE_DRILLING_RESULT,2.97,75.2,72.23,Sausar Group,quartz-mica schist / calc-silicate (host),True,False,0.31,BELOW 25% Mn,MODERATE,3,SIMULATED
SIM_T26_NEG_BH03,T26,NEGATIVE_DRILLING_RESULT,0.0,2.52,2.52,Sausar Group,weathered zone / laterite cover,True,False,1.03,BELOW 25% Mn,MODERATE,3,SIMULATED
SIM_T26_NEG_BH03,T26,NEGATIVE_DRILLING_RESULT,2.52,75.0,72.48,Sausar Group,quartz-mica schist / calc-silicate (host),True,False,0.25,BELOW 25% Mn,MODERATE,3,SIMULATED
SIM_T26_AMB_BH01,T26,AMBIGUOUS_DRILLING_RESULT,0.0,2.6,2.6,Sausar Group,weathered zone / laterite cover,True,False,0.95,BELOW 25% Mn,LOW,3,SIMULATED
SIM_T26_AMB_BH01,T26,AMBIGUOUS_DRILLING_RESULT,2.6,43.4,40.8,Sausar Group,quartz-mica schist / calc-silicate (host),True,False,0.11,BELOW 25% Mn,LOW,3,SIMULATED
SIM_T26_AMB_BH01,T26,AMBIGUOUS_DRILLING_RESULT,43.4,44.13,0.72,Sausar Group,Mn ore / gondite horizon H2 (within Mansar Formation),False,False,7.91,BELOW 25% Mn,LOW,3,SIMULATED
SIM_T26_AMB_BH01,T26,AMBIGUOUS_DRILLING_RESULT,44.13,74.4,30.27,Sausar Group,quartz-mica schist / calc-silicate (host),False,False,0.19,BELOW 25% Mn,LOW,3,SIMULATED
SIM_T26_AMB_BH02,T26,AMBIGUOUS_DRILLING_RESULT,0.0,2.95,2.95,Sausar Group,weathered zone / laterite cover,True,False,0.28,BELOW 25% Mn,LOW,3,SIMULATED
SIM_T26_AMB_BH02,T26,AMBIGUOUS_DRILLING_RESULT,2.95,29.92,26.96,Sausar Group,quartz-mica schist / calc-silicate (host),True,False,0.43,BELOW 25% Mn,LOW,3,SIMULATED
SIM_T26_AMB_BH02,T26,AMBIGUOUS_DRILLING_RESULT,29.92,30.44,0.52,Sausar Group,Mn ore / gondite horizon H2 (within Mansar Formation),False,True,23.5,BELOW 25% Mn,LOW,3,SIMULATED
SIM_T26_AMB_BH02,T26,AMBIGUOUS_DRILLING_RESULT,30.44,81.9,51.46,Sausar Group,quartz-mica schist / calc-silicate (host),False,False,0.29,BELOW 25% Mn,LOW,3,SIMULATED
SIM_T26_AMB_BH03,T26,AMBIGUOUS_DRILLING_RESULT,0.0,2.3,2.3,Sausar Group,weathered zone / laterite cover,True,False,0.58,BELOW 25% Mn,LOW,3,SIMULATED
SIM_T26_AMB_BH03,T26,AMBIGUOUS_DRILLING_RESULT,2.3,46.33,44.03,Sausar Group,quartz-mica schist / calc-silicate (host),True,False,0.61,BELOW 25% Mn,LOW,3,SIMULATED
SIM_T26_AMB_BH03,T26,AMBIGUOUS_DRILLING_RESULT,46.33,47.11,0.78,Sausar Group,Mn ore / gondite horizon H2 (within Mansar Formation),False,True,21.26,BELOW 25% Mn,LOW,3,SIMULATED
SIM_T26_AMB_BH03,T26,AMBIGUOUS_DRILLING_RESULT,47.11,60.2,13.09,Sausar Group,quartz-mica schist / calc-silicate (host),False,False,0.37,BELOW 25% Mn,LOW,3,SIMULATED
SIM_T27_POS_BH01,T27,POSITIVE_DRILLING_INTERSECTION,0.0,2.14,2.14,Sausar Group,weathered zone / laterite cover,True,False,0.61,BELOW 25% Mn,MODERATE,3,SIMULATED
SIM_T27_POS_BH01,T27,POSITIVE_DRILLING_INTERSECTION,2.14,32.17,30.03,Sausar Group,quartz-mica schist / calc-silicate (host),True,False,0.57,BELOW 25% Mn,MODERATE,3,SIMULATED
SIM_T27_POS_BH01,T27,POSITIVE_DRILLING_INTERSECTION,32.17,33.92,1.75,Sausar Group,Mn ore / gondite horizon H2 (within Mansar Formation),False,True,32.13,LOW (25-35% Mn),MODERATE,3,SIMULATED
SIM_T27_POS_BH01,T27,POSITIVE_DRILLING_INTERSECTION,33.92,73.3,39.38,Sausar Group,quartz-mica schist / calc-silicate (host),False,False,0.25,BELOW 25% Mn,MODERATE,3,SIMULATED
SIM_T27_POS_BH02,T27,POSITIVE_DRILLING_INTERSECTION,0.0,2.67,2.67,Sausar Group,weathered zone / laterite cover,True,False,0.86,BELOW 25% Mn,MODERATE,3,SIMULATED
SIM_T27_POS_BH02,T27,POSITIVE_DRILLING_INTERSECTION,2.67,42.28,39.61,Sausar Group,quartz-mica schist / calc-silicate (host),True,False,0.7,BELOW 25% Mn,MODERATE,3,SIMULATED
SIM_T27_POS_BH02,T27,POSITIVE_DRILLING_INTERSECTION,42.28,43.89,1.61,Sausar Group,Mn ore / gondite horizon H2 (within Mansar Formation),False,True,36.66,MEDIUM (35-46% Mn),MODERATE,3,SIMULATED
SIM_T27_POS_BH02,T27,POSITIVE_DRILLING_INTERSECTION,43.89,63.7,19.81,Sausar Group,quartz-mica schist / calc-silicate (host),False,False,0.74,BELOW 25% Mn,MODERATE,3,SIMULATED
SIM_T27_POS_BH03,T27,POSITIVE_DRILLING_INTERSECTION,0.0,2.47,2.47,Sausar Group,weathered zone / laterite cover,True,False,1.44,BELOW 25% Mn,MODERATE,3,SIMULATED
SIM_T27_POS_BH03,T27,POSITIVE_DRILLING_INTERSECTION,2.47,54.7,52.23,Sausar Group,quartz-mica schist / calc-silicate (host),True,False,0.47,BELOW 25% Mn,MODERATE,3,SIMULATED
SIM_T27_POS_BH03,T27,POSITIVE_DRILLING_INTERSECTION,54.7,56.21,1.51,Sausar Group,Mn ore / gondite horizon H3 (Mansar/Lohangi-Sitasaongi contact),False,True,21.96,BELOW 25% Mn,MODERATE,3,SIMULATED
SIM_T27_POS_BH03,T27,POSITIVE_DRILLING_INTERSECTION,56.21,87.9,31.69,Sausar Group,quartz-mica schist / calc-silicate (host),False,False,0.46,BELOW 25% Mn,MODERATE,3,SIMULATED
SIM_T27_NEG_BH01,T27,NEGATIVE_DRILLING_RESULT,0.0,2.59,2.59,Sausar Group,weathered zone / laterite cover,True,False,0.41,BELOW 25% Mn,MODERATE,3,SIMULATED
SIM_T27_NEG_BH01,T27,NEGATIVE_DRILLING_RESULT,2.59,52.3,49.71,Sausar Group,quartz-mica schist / calc-silicate (host),True,False,0.31,BELOW 25% Mn,MODERATE,3,SIMULATED
SIM_T27_NEG_BH02,T27,NEGATIVE_DRILLING_RESULT,0.0,2.22,2.22,Sausar Group,weathered zone / laterite cover,True,False,0.3,BELOW 25% Mn,MODERATE,3,SIMULATED
SIM_T27_NEG_BH02,T27,NEGATIVE_DRILLING_RESULT,2.22,52.2,49.98,Sausar Group,quartz-mica schist / calc-silicate (host),True,False,0.26,BELOW 25% Mn,MODERATE,3,SIMULATED
SIM_T27_NEG_BH03,T27,NEGATIVE_DRILLING_RESULT,0.0,2.74,2.74,Sausar Group,weathered zone / laterite cover,True,False,0.38,BELOW 25% Mn,MODERATE,3,SIMULATED
SIM_T27_NEG_BH03,T27,NEGATIVE_DRILLING_RESULT,2.74,75.3,72.56,Sausar Group,quartz-mica schist / calc-silicate (host),True,False,0.23,BELOW 25% Mn,MODERATE,3,SIMULATED
SIM_T27_AMB_BH01,T27,AMBIGUOUS_DRILLING_RESULT,0.0,2.85,2.85,Sausar Group,weathered zone / laterite cover,True,False,0.59,BELOW 25% Mn,LOW,3,SIMULATED
SIM_T27_AMB_BH01,T27,AMBIGUOUS_DRILLING_RESULT,2.85,29.11,26.25,Sausar Group,quartz-mica schist / calc-silicate (host),True,False,0.2,BELOW 25% Mn,LOW,3,SIMULATED
SIM_T27_AMB_BH01,T27,AMBIGUOUS_DRILLING_RESULT,29.11,29.86,0.75,Sausar Group,Mn ore / gondite horizon H1 (Mansar/Chorbaoli contact),False,True,15.22,BELOW 25% Mn,LOW,3,SIMULATED
SIM_T27_AMB_BH01,T27,AMBIGUOUS_DRILLING_RESULT,29.86,69.0,39.14,Sausar Group,quartz-mica schist / calc-silicate (host),False,False,0.97,BELOW 25% Mn,LOW,3,SIMULATED
SIM_T27_AMB_BH02,T27,AMBIGUOUS_DRILLING_RESULT,0.0,2.75,2.75,Sausar Group,weathered zone / laterite cover,True,False,0.87,BELOW 25% Mn,LOW,3,SIMULATED
SIM_T27_AMB_BH02,T27,AMBIGUOUS_DRILLING_RESULT,2.75,61.13,58.38,Sausar Group,quartz-mica schist / calc-silicate (host),True,False,0.34,BELOW 25% Mn,LOW,3,SIMULATED
SIM_T27_AMB_BH02,T27,AMBIGUOUS_DRILLING_RESULT,61.13,61.61,0.49,Sausar Group,Mn ore / gondite horizon H1 (Mansar/Chorbaoli contact),False,True,24.94,BELOW 25% Mn,LOW,3,SIMULATED
SIM_T27_AMB_BH02,T27,AMBIGUOUS_DRILLING_RESULT,61.61,80.1,18.49,Sausar Group,quartz-mica schist / calc-silicate (host),False,False,0.65,BELOW 25% Mn,LOW,3,SIMULATED
SIM_T27_AMB_BH03,T27,AMBIGUOUS_DRILLING_RESULT,0.0,2.72,2.72,Sausar Group,weathered zone / laterite cover,True,False,0.6,BELOW 25% Mn,LOW,3,SIMULATED
SIM_T27_AMB_BH03,T27,AMBIGUOUS_DRILLING_RESULT,2.72,14.08,11.36,Sausar Group,quartz-mica schist / calc-silicate (host),True,False,0.39,BELOW 25% Mn,LOW,3,SIMULATED
SIM_T27_AMB_BH03,T27,AMBIGUOUS_DRILLING_RESULT,14.08,14.85,0.78,Sausar Group,Mn ore / gondite horizon H3 (Mansar/Lohangi-Sitasaongi contact),True,True,18.61,BELOW 25% Mn,LOW,3,SIMULATED
SIM_T27_AMB_BH03,T27,AMBIGUOUS_DRILLING_RESULT,14.85,50.5,35.65,Sausar Group,quartz-mica schist / calc-silicate (host),True,False,0.64,BELOW 25% Mn,LOW,3,SIMULATED
SIM_T28_POS_BH01,T28,POSITIVE_DRILLING_INTERSECTION,0.0,2.85,2.85,Sausar Group,weathered zone / laterite cover,True,False,0.3,BELOW 25% Mn,MODERATE,3,SIMULATED
SIM_T28_POS_BH01,T28,POSITIVE_DRILLING_INTERSECTION,2.85,23.05,20.2,Sausar Group,quartz-mica schist / calc-silicate (host),True,False,0.28,BELOW 25% Mn,MODERATE,3,SIMULATED
SIM_T28_POS_BH01,T28,POSITIVE_DRILLING_INTERSECTION,23.05,24.81,1.76,Sausar Group,Mn ore / gondite horizon H1 (Mansar/Chorbaoli contact),False,True,21.39,BELOW 25% Mn,MODERATE,3,SIMULATED
SIM_T28_POS_BH01,T28,POSITIVE_DRILLING_INTERSECTION,24.81,24.82,0.01,Sausar Group,quartz-mica schist / calc-silicate (host),False,False,0.26,BELOW 25% Mn,MODERATE,3,SIMULATED
SIM_T28_POS_BH01,T28,POSITIVE_DRILLING_INTERSECTION,24.82,26.54,1.72,Sausar Group,Mn ore / gondite horizon H3 (Mansar/Lohangi-Sitasaongi contact),False,True,36.91,MEDIUM (35-46% Mn),MODERATE,3,SIMULATED
SIM_T28_POS_BH01,T28,POSITIVE_DRILLING_INTERSECTION,26.54,56.8,30.26,Sausar Group,quartz-mica schist / calc-silicate (host),False,False,0.46,BELOW 25% Mn,MODERATE,3,SIMULATED
SIM_T28_POS_BH02,T28,POSITIVE_DRILLING_INTERSECTION,0.0,2.72,2.72,Sausar Group,weathered zone / laterite cover,True,False,0.22,BELOW 25% Mn,MODERATE,3,SIMULATED
SIM_T28_POS_BH02,T28,POSITIVE_DRILLING_INTERSECTION,2.72,15.33,12.6,Sausar Group,quartz-mica schist / calc-silicate (host),True,False,0.56,BELOW 25% Mn,MODERATE,3,SIMULATED
SIM_T28_POS_BH02,T28,POSITIVE_DRILLING_INTERSECTION,15.33,17.05,1.73,Sausar Group,Mn ore / gondite horizon H3 (Mansar/Lohangi-Sitasaongi contact),False,True,31.77,LOW (25-35% Mn),MODERATE,3,SIMULATED
SIM_T28_POS_BH02,T28,POSITIVE_DRILLING_INTERSECTION,17.05,56.2,39.15,Sausar Group,quartz-mica schist / calc-silicate (host),False,False,0.09,BELOW 25% Mn,MODERATE,3,SIMULATED
SIM_T28_POS_BH03,T28,POSITIVE_DRILLING_INTERSECTION,0.0,2.42,2.42,Sausar Group,weathered zone / laterite cover,True,False,0.56,BELOW 25% Mn,MODERATE,3,SIMULATED
SIM_T28_POS_BH03,T28,POSITIVE_DRILLING_INTERSECTION,2.42,39.34,36.92,Sausar Group,quartz-mica schist / calc-silicate (host),True,False,0.21,BELOW 25% Mn,MODERATE,3,SIMULATED
SIM_T28_POS_BH03,T28,POSITIVE_DRILLING_INTERSECTION,39.34,41.11,1.77,Sausar Group,Mn ore / gondite horizon H3 (Mansar/Lohangi-Sitasaongi contact),False,True,25.9,LOW (25-35% Mn),MODERATE,3,SIMULATED
SIM_T28_POS_BH03,T28,POSITIVE_DRILLING_INTERSECTION,41.11,49.98,8.87,Sausar Group,quartz-mica schist / calc-silicate (host),False,False,0.51,BELOW 25% Mn,MODERATE,3,SIMULATED
SIM_T28_POS_BH03,T28,POSITIVE_DRILLING_INTERSECTION,49.98,51.91,1.93,Sausar Group,Mn ore / gondite horizon H1 (Mansar/Chorbaoli contact),False,True,21.96,BELOW 25% Mn,MODERATE,3,SIMULATED
SIM_T28_POS_BH03,T28,POSITIVE_DRILLING_INTERSECTION,51.91,69.0,17.09,Sausar Group,quartz-mica schist / calc-silicate (host),False,False,0.49,BELOW 25% Mn,MODERATE,3,SIMULATED
SIM_T28_NEG_BH01,T28,NEGATIVE_DRILLING_RESULT,0.0,2.24,2.24,Sausar Group,weathered zone / laterite cover,True,False,0.35,BELOW 25% Mn,MODERATE,3,SIMULATED
SIM_T28_NEG_BH01,T28,NEGATIVE_DRILLING_RESULT,2.24,70.7,68.46,Sausar Group,quartz-mica schist / calc-silicate (host),True,False,0.62,BELOW 25% Mn,MODERATE,3,SIMULATED
SIM_T28_NEG_BH02,T28,NEGATIVE_DRILLING_RESULT,0.0,2.52,2.52,Sausar Group,weathered zone / laterite cover,True,False,0.23,BELOW 25% Mn,MODERATE,3,SIMULATED
SIM_T28_NEG_BH02,T28,NEGATIVE_DRILLING_RESULT,2.52,98.9,96.38,Sausar Group,quartz-mica schist / calc-silicate (host),True,False,0.54,BELOW 25% Mn,MODERATE,3,SIMULATED
SIM_T28_NEG_BH03,T28,NEGATIVE_DRILLING_RESULT,0.0,2.85,2.85,Sausar Group,weathered zone / laterite cover,True,False,0.51,BELOW 25% Mn,MODERATE,3,SIMULATED
SIM_T28_NEG_BH03,T28,NEGATIVE_DRILLING_RESULT,2.85,87.9,85.05,Sausar Group,quartz-mica schist / calc-silicate (host),True,False,0.47,BELOW 25% Mn,MODERATE,3,SIMULATED
SIM_T28_AMB_BH01,T28,AMBIGUOUS_DRILLING_RESULT,0.0,2.95,2.95,Sausar Group,weathered zone / laterite cover,True,False,0.27,BELOW 25% Mn,LOW,3,SIMULATED
SIM_T28_AMB_BH01,T28,AMBIGUOUS_DRILLING_RESULT,2.95,31.31,28.36,Sausar Group,quartz-mica schist / calc-silicate (host),True,False,0.59,BELOW 25% Mn,LOW,3,SIMULATED
SIM_T28_AMB_BH01,T28,AMBIGUOUS_DRILLING_RESULT,31.31,31.86,0.54,Sausar Group,Mn ore / gondite horizon H3 (Mansar/Lohangi-Sitasaongi contact),False,True,19.9,BELOW 25% Mn,LOW,3,SIMULATED
SIM_T28_AMB_BH01,T28,AMBIGUOUS_DRILLING_RESULT,31.86,76.3,44.44,Sausar Group,quartz-mica schist / calc-silicate (host),False,False,0.37,BELOW 25% Mn,LOW,3,SIMULATED
SIM_T28_AMB_BH02,T28,AMBIGUOUS_DRILLING_RESULT,0.0,2.26,2.26,Sausar Group,weathered zone / laterite cover,True,False,0.21,BELOW 25% Mn,LOW,3,SIMULATED
SIM_T28_AMB_BH02,T28,AMBIGUOUS_DRILLING_RESULT,2.26,68.19,65.93,Sausar Group,quartz-mica schist / calc-silicate (host),True,False,0.37,BELOW 25% Mn,LOW,3,SIMULATED
SIM_T28_AMB_BH02,T28,AMBIGUOUS_DRILLING_RESULT,68.19,68.99,0.8,Sausar Group,Mn ore / gondite horizon H1 (Mansar/Chorbaoli contact),False,True,18.99,BELOW 25% Mn,LOW,3,SIMULATED
SIM_T28_AMB_BH02,T28,AMBIGUOUS_DRILLING_RESULT,68.99,80.9,11.91,Sausar Group,quartz-mica schist / calc-silicate (host),False,False,0.33,BELOW 25% Mn,LOW,3,SIMULATED
SIM_T28_AMB_BH03,T28,AMBIGUOUS_DRILLING_RESULT,0.0,2.11,2.11,Sausar Group,weathered zone / laterite cover,True,False,0.31,BELOW 25% Mn,LOW,3,SIMULATED
SIM_T28_AMB_BH03,T28,AMBIGUOUS_DRILLING_RESULT,2.11,32.62,30.51,Sausar Group,quartz-mica schist / calc-silicate (host),True,False,0.91,BELOW 25% Mn,LOW,3,SIMULATED
SIM_T28_AMB_BH03,T28,AMBIGUOUS_DRILLING_RESULT,32.62,33.22,0.6,Sausar Group,Mn ore / gondite horizon H2 (within Mansar Formation),False,True,16.75,BELOW 25% Mn,LOW,3,SIMULATED
SIM_T28_AMB_BH03,T28,AMBIGUOUS_DRILLING_RESULT,33.22,60.8,27.58,Sausar Group,quartz-mica schist / calc-silicate (host),False,False,0.62,BELOW 25% Mn,LOW,3,SIMULATED
SIM_T29_POS_BH01,T29,POSITIVE_DRILLING_INTERSECTION,0.0,2.67,2.67,Sausar Group,weathered zone / laterite cover,True,False,0.54,BELOW 25% Mn,MODERATE,3,SIMULATED
SIM_T29_POS_BH01,T29,POSITIVE_DRILLING_INTERSECTION,2.67,37.05,34.39,Sausar Group,quartz-mica schist / calc-silicate (host),True,False,0.23,BELOW 25% Mn,MODERATE,3,SIMULATED
SIM_T29_POS_BH01,T29,POSITIVE_DRILLING_INTERSECTION,37.05,38.81,1.75,Sausar Group,Mn ore / gondite horizon H2 (within Mansar Formation),False,True,29.79,LOW (25-35% Mn),MODERATE,3,SIMULATED
SIM_T29_POS_BH01,T29,POSITIVE_DRILLING_INTERSECTION,38.81,57.16,18.35,Sausar Group,quartz-mica schist / calc-silicate (host),False,False,0.33,BELOW 25% Mn,MODERATE,3,SIMULATED
SIM_T29_POS_BH01,T29,POSITIVE_DRILLING_INTERSECTION,57.16,58.82,1.67,Sausar Group,Mn ore / gondite horizon H3 (Mansar/Lohangi-Sitasaongi contact),False,True,39.13,MEDIUM (35-46% Mn),MODERATE,3,SIMULATED
SIM_T29_POS_BH01,T29,POSITIVE_DRILLING_INTERSECTION,58.82,80.1,21.28,Sausar Group,quartz-mica schist / calc-silicate (host),False,False,1.13,BELOW 25% Mn,MODERATE,3,SIMULATED
SIM_T29_POS_BH02,T29,POSITIVE_DRILLING_INTERSECTION,0.0,2.89,2.89,Sausar Group,weathered zone / laterite cover,True,False,0.32,BELOW 25% Mn,MODERATE,3,SIMULATED
SIM_T29_POS_BH02,T29,POSITIVE_DRILLING_INTERSECTION,2.89,56.93,54.04,Sausar Group,quartz-mica schist / calc-silicate (host),True,False,0.19,BELOW 25% Mn,MODERATE,3,SIMULATED
SIM_T29_POS_BH02,T29,POSITIVE_DRILLING_INTERSECTION,56.93,58.67,1.74,Sausar Group,Mn ore / gondite horizon H3 (Mansar/Lohangi-Sitasaongi contact),False,True,33.05,LOW (25-35% Mn),MODERATE,3,SIMULATED
SIM_T29_POS_BH02,T29,POSITIVE_DRILLING_INTERSECTION,58.67,85.8,27.13,Sausar Group,quartz-mica schist / calc-silicate (host),False,False,1.03,BELOW 25% Mn,MODERATE,3,SIMULATED
SIM_T29_POS_BH03,T29,POSITIVE_DRILLING_INTERSECTION,0.0,2.56,2.56,Sausar Group,weathered zone / laterite cover,True,False,0.33,BELOW 25% Mn,MODERATE,3,SIMULATED
SIM_T29_POS_BH03,T29,POSITIVE_DRILLING_INTERSECTION,2.56,81.27,78.71,Sausar Group,quartz-mica schist / calc-silicate (host),True,False,0.24,BELOW 25% Mn,MODERATE,3,SIMULATED
SIM_T29_POS_BH03,T29,POSITIVE_DRILLING_INTERSECTION,81.27,83.25,1.98,Sausar Group,Mn ore / gondite horizon H1 (Mansar/Chorbaoli contact),False,True,31.85,LOW (25-35% Mn),MODERATE,3,SIMULATED
SIM_T29_POS_BH03,T29,POSITIVE_DRILLING_INTERSECTION,83.25,97.6,14.35,Sausar Group,quartz-mica schist / calc-silicate (host),False,False,0.36,BELOW 25% Mn,MODERATE,3,SIMULATED
SIM_T29_NEG_BH01,T29,NEGATIVE_DRILLING_RESULT,0.0,2.9,2.9,Sausar Group,weathered zone / laterite cover,True,False,0.23,BELOW 25% Mn,MODERATE,3,SIMULATED
SIM_T29_NEG_BH01,T29,NEGATIVE_DRILLING_RESULT,2.9,87.2,84.3,Sausar Group,quartz-mica schist / calc-silicate (host),True,False,0.32,BELOW 25% Mn,MODERATE,3,SIMULATED
SIM_T29_NEG_BH02,T29,NEGATIVE_DRILLING_RESULT,0.0,2.38,2.38,Sausar Group,weathered zone / laterite cover,True,False,0.09,BELOW 25% Mn,MODERATE,3,SIMULATED
SIM_T29_NEG_BH02,T29,NEGATIVE_DRILLING_RESULT,2.38,98.4,96.02,Sausar Group,quartz-mica schist / calc-silicate (host),True,False,0.38,BELOW 25% Mn,MODERATE,3,SIMULATED
SIM_T29_NEG_BH03,T29,NEGATIVE_DRILLING_RESULT,0.0,2.12,2.12,Sausar Group,weathered zone / laterite cover,True,False,0.41,BELOW 25% Mn,MODERATE,3,SIMULATED
SIM_T29_NEG_BH03,T29,NEGATIVE_DRILLING_RESULT,2.12,60.5,58.38,Sausar Group,quartz-mica schist / calc-silicate (host),True,False,0.41,BELOW 25% Mn,MODERATE,3,SIMULATED
SIM_T29_AMB_BH01,T29,AMBIGUOUS_DRILLING_RESULT,0.0,2.22,2.22,Sausar Group,weathered zone / laterite cover,True,False,0.33,BELOW 25% Mn,LOW,3,SIMULATED
SIM_T29_AMB_BH01,T29,AMBIGUOUS_DRILLING_RESULT,2.22,74.78,72.56,Sausar Group,quartz-mica schist / calc-silicate (host),True,False,0.24,BELOW 25% Mn,LOW,3,SIMULATED
SIM_T29_AMB_BH01,T29,AMBIGUOUS_DRILLING_RESULT,74.78,75.37,0.59,Sausar Group,Mn ore / gondite horizon H3 (Mansar/Lohangi-Sitasaongi contact),False,True,14.5,BELOW 25% Mn,LOW,3,SIMULATED
SIM_T29_AMB_BH01,T29,AMBIGUOUS_DRILLING_RESULT,75.37,99.0,23.63,Sausar Group,quartz-mica schist / calc-silicate (host),False,False,0.37,BELOW 25% Mn,LOW,3,SIMULATED
SIM_T29_AMB_BH02,T29,AMBIGUOUS_DRILLING_RESULT,0.0,2.99,2.99,Sausar Group,weathered zone / laterite cover,True,False,1.31,BELOW 25% Mn,LOW,3,SIMULATED
SIM_T29_AMB_BH02,T29,AMBIGUOUS_DRILLING_RESULT,2.99,20.27,17.27,Sausar Group,quartz-mica schist / calc-silicate (host),True,False,1.11,BELOW 25% Mn,LOW,3,SIMULATED
SIM_T29_AMB_BH02,T29,AMBIGUOUS_DRILLING_RESULT,20.27,21.04,0.78,Sausar Group,Mn ore / gondite horizon H2 (within Mansar Formation),False,True,14.77,BELOW 25% Mn,LOW,3,SIMULATED
SIM_T29_AMB_BH02,T29,AMBIGUOUS_DRILLING_RESULT,21.04,61.4,40.36,Sausar Group,quartz-mica schist / calc-silicate (host),False,False,0.77,BELOW 25% Mn,LOW,3,SIMULATED
SIM_T29_AMB_BH03,T29,AMBIGUOUS_DRILLING_RESULT,0.0,2.06,2.06,Sausar Group,weathered zone / laterite cover,True,False,0.81,BELOW 25% Mn,LOW,3,SIMULATED
SIM_T29_AMB_BH03,T29,AMBIGUOUS_DRILLING_RESULT,2.06,31.62,29.56,Sausar Group,quartz-mica schist / calc-silicate (host),True,False,0.36,BELOW 25% Mn,LOW,3,SIMULATED
SIM_T29_AMB_BH03,T29,AMBIGUOUS_DRILLING_RESULT,31.62,32.39,0.77,Sausar Group,Mn ore / gondite horizon H3 (Mansar/Lohangi-Sitasaongi contact),False,True,14.35,BELOW 25% Mn,LOW,3,SIMULATED
SIM_T29_AMB_BH03,T29,AMBIGUOUS_DRILLING_RESULT,32.39,78.6,46.21,Sausar Group,quartz-mica schist / calc-silicate (host),False,False,0.77,BELOW 25% Mn,LOW,3,SIMULATED
SIM_T30_POS_BH01,T30,POSITIVE_DRILLING_INTERSECTION,0.0,2.86,2.86,Sausar Group,weathered zone / laterite cover,True,False,0.57,BELOW 25% Mn,MODERATE,3,SIMULATED
SIM_T30_POS_BH01,T30,POSITIVE_DRILLING_INTERSECTION,2.86,49.2,46.35,Sausar Group,quartz-mica schist / calc-silicate (host),True,False,0.47,BELOW 25% Mn,MODERATE,3,SIMULATED
SIM_T30_POS_BH01,T30,POSITIVE_DRILLING_INTERSECTION,49.2,51.1,1.9,Sausar Group,Mn ore / gondite horizon H2 (within Mansar Formation),False,True,37.06,MEDIUM (35-46% Mn),MODERATE,3,SIMULATED
SIM_T30_POS_BH01,T30,POSITIVE_DRILLING_INTERSECTION,51.1,87.2,36.1,Sausar Group,quartz-mica schist / calc-silicate (host),False,False,0.42,BELOW 25% Mn,MODERATE,3,SIMULATED
SIM_T30_POS_BH02,T30,POSITIVE_DRILLING_INTERSECTION,0.0,2.44,2.44,Sausar Group,weathered zone / laterite cover,True,False,0.42,BELOW 25% Mn,MODERATE,3,SIMULATED
SIM_T30_POS_BH02,T30,POSITIVE_DRILLING_INTERSECTION,2.44,18.4,15.97,Sausar Group,quartz-mica schist / calc-silicate (host),True,False,0.27,BELOW 25% Mn,MODERATE,3,SIMULATED
SIM_T30_POS_BH02,T30,POSITIVE_DRILLING_INTERSECTION,18.4,20.23,1.83,Sausar Group,Mn ore / gondite horizon H3 (Mansar/Lohangi-Sitasaongi contact),False,True,29.67,LOW (25-35% Mn),MODERATE,3,SIMULATED
SIM_T30_POS_BH02,T30,POSITIVE_DRILLING_INTERSECTION,20.23,25.26,5.03,Sausar Group,quartz-mica schist / calc-silicate (host),False,False,0.88,BELOW 25% Mn,MODERATE,3,SIMULATED
SIM_T30_POS_BH02,T30,POSITIVE_DRILLING_INTERSECTION,25.26,27.02,1.76,Sausar Group,Mn ore / gondite horizon H1 (Mansar/Chorbaoli contact),False,True,34.35,LOW (25-35% Mn),MODERATE,3,SIMULATED
SIM_T30_POS_BH02,T30,POSITIVE_DRILLING_INTERSECTION,27.02,62.9,35.88,Sausar Group,quartz-mica schist / calc-silicate (host),False,False,0.41,BELOW 25% Mn,MODERATE,3,SIMULATED
SIM_T30_POS_BH03,T30,POSITIVE_DRILLING_INTERSECTION,0.0,2.69,2.69,Sausar Group,weathered zone / laterite cover,True,False,0.67,BELOW 25% Mn,MODERATE,3,SIMULATED
SIM_T30_POS_BH03,T30,POSITIVE_DRILLING_INTERSECTION,2.69,15.11,12.42,Sausar Group,quartz-mica schist / calc-silicate (host),True,False,1.1,BELOW 25% Mn,MODERATE,3,SIMULATED
SIM_T30_POS_BH03,T30,POSITIVE_DRILLING_INTERSECTION,15.11,16.66,1.55,Sausar Group,Mn ore / gondite horizon H3 (Mansar/Lohangi-Sitasaongi contact),False,True,30.44,LOW (25-35% Mn),MODERATE,3,SIMULATED
SIM_T30_POS_BH03,T30,POSITIVE_DRILLING_INTERSECTION,16.66,33.7,17.04,Sausar Group,quartz-mica schist / calc-silicate (host),False,False,0.67,BELOW 25% Mn,MODERATE,3,SIMULATED
SIM_T30_POS_BH03,T30,POSITIVE_DRILLING_INTERSECTION,33.7,35.21,1.51,Sausar Group,Mn ore / gondite horizon H1 (Mansar/Chorbaoli contact),False,True,40.42,MEDIUM (35-46% Mn),MODERATE,3,SIMULATED
SIM_T30_POS_BH03,T30,POSITIVE_DRILLING_INTERSECTION,35.21,53.4,18.19,Sausar Group,quartz-mica schist / calc-silicate (host),False,False,0.14,BELOW 25% Mn,MODERATE,3,SIMULATED
SIM_T30_NEG_BH01,T30,NEGATIVE_DRILLING_RESULT,0.0,2.61,2.61,Sausar Group,weathered zone / laterite cover,True,False,0.76,BELOW 25% Mn,MODERATE,3,SIMULATED
SIM_T30_NEG_BH01,T30,NEGATIVE_DRILLING_RESULT,2.61,92.7,90.09,Sausar Group,quartz-mica schist / calc-silicate (host),True,False,0.62,BELOW 25% Mn,MODERATE,3,SIMULATED
SIM_T30_NEG_BH02,T30,NEGATIVE_DRILLING_RESULT,0.0,2.91,2.91,Sausar Group,weathered zone / laterite cover,True,False,0.71,BELOW 25% Mn,MODERATE,3,SIMULATED
SIM_T30_NEG_BH02,T30,NEGATIVE_DRILLING_RESULT,2.91,81.4,78.49,Sausar Group,quartz-mica schist / calc-silicate (host),True,False,0.5,BELOW 25% Mn,MODERATE,3,SIMULATED
SIM_T30_NEG_BH03,T30,NEGATIVE_DRILLING_RESULT,0.0,2.13,2.13,Sausar Group,weathered zone / laterite cover,True,False,0.25,BELOW 25% Mn,MODERATE,3,SIMULATED
SIM_T30_NEG_BH03,T30,NEGATIVE_DRILLING_RESULT,2.13,57.9,55.77,Sausar Group,quartz-mica schist / calc-silicate (host),True,False,0.19,BELOW 25% Mn,MODERATE,3,SIMULATED
SIM_T30_AMB_BH01,T30,AMBIGUOUS_DRILLING_RESULT,0.0,2.46,2.46,Sausar Group,weathered zone / laterite cover,True,False,0.41,BELOW 25% Mn,LOW,3,SIMULATED
SIM_T30_AMB_BH01,T30,AMBIGUOUS_DRILLING_RESULT,2.46,39.67,37.22,Sausar Group,quartz-mica schist / calc-silicate (host),True,False,0.36,BELOW 25% Mn,LOW,3,SIMULATED
SIM_T30_AMB_BH01,T30,AMBIGUOUS_DRILLING_RESULT,39.67,40.34,0.67,Sausar Group,Mn ore / gondite horizon H2 (within Mansar Formation),False,True,30.38,LOW (25-35% Mn),LOW,3,SIMULATED
SIM_T30_AMB_BH01,T30,AMBIGUOUS_DRILLING_RESULT,40.34,82.2,41.86,Sausar Group,quartz-mica schist / calc-silicate (host),False,False,0.59,BELOW 25% Mn,LOW,3,SIMULATED
SIM_T30_AMB_BH02,T30,AMBIGUOUS_DRILLING_RESULT,0.0,2.35,2.35,Sausar Group,weathered zone / laterite cover,True,False,0.45,BELOW 25% Mn,LOW,3,SIMULATED
SIM_T30_AMB_BH02,T30,AMBIGUOUS_DRILLING_RESULT,2.35,67.14,64.79,Sausar Group,quartz-mica schist / calc-silicate (host),True,False,0.38,BELOW 25% Mn,LOW,3,SIMULATED
SIM_T30_AMB_BH02,T30,AMBIGUOUS_DRILLING_RESULT,67.14,67.81,0.67,Sausar Group,Mn ore / gondite horizon H2 (within Mansar Formation),False,True,17.5,BELOW 25% Mn,LOW,3,SIMULATED
SIM_T30_AMB_BH02,T30,AMBIGUOUS_DRILLING_RESULT,67.81,86.5,18.69,Sausar Group,quartz-mica schist / calc-silicate (host),False,False,0.42,BELOW 25% Mn,LOW,3,SIMULATED
SIM_T30_AMB_BH03,T30,AMBIGUOUS_DRILLING_RESULT,0.0,2.16,2.16,Sausar Group,weathered zone / laterite cover,True,False,0.47,BELOW 25% Mn,LOW,3,SIMULATED
SIM_T30_AMB_BH03,T30,AMBIGUOUS_DRILLING_RESULT,2.16,34.22,32.06,Sausar Group,quartz-mica schist / calc-silicate (host),True,False,0.53,BELOW 25% Mn,LOW,3,SIMULATED
SIM_T30_AMB_BH03,T30,AMBIGUOUS_DRILLING_RESULT,34.22,34.67,0.44,Sausar Group,Mn ore / gondite horizon H1 (Mansar/Chorbaoli contact),False,True,13.91,BELOW 25% Mn,LOW,3,SIMULATED
SIM_T30_AMB_BH03,T30,AMBIGUOUS_DRILLING_RESULT,34.67,51.8,17.13,Sausar Group,quartz-mica schist / calc-silicate (host),False,False,0.65,BELOW 25% Mn,LOW,3,SIMULATED
SIM_T31_POS_BH01,T31,POSITIVE_DRILLING_INTERSECTION,0.0,2.96,2.96,Sausar Group,weathered zone / laterite cover,True,False,0.5,BELOW 25% Mn,MODERATE,3,SIMULATED
SIM_T31_POS_BH01,T31,POSITIVE_DRILLING_INTERSECTION,2.96,13.3,10.34,Sausar Group,quartz-mica schist / calc-silicate (host),True,False,0.99,BELOW 25% Mn,MODERATE,3,SIMULATED
SIM_T31_POS_BH01,T31,POSITIVE_DRILLING_INTERSECTION,13.3,15.1,1.8,Sausar Group,Mn ore / gondite horizon H1 (Mansar/Chorbaoli contact),True,True,34.49,LOW (25-35% Mn),MODERATE,3,SIMULATED
SIM_T31_POS_BH01,T31,POSITIVE_DRILLING_INTERSECTION,15.1,50.7,35.6,Sausar Group,quartz-mica schist / calc-silicate (host),False,False,0.49,BELOW 25% Mn,MODERATE,3,SIMULATED
SIM_T31_POS_BH02,T31,POSITIVE_DRILLING_INTERSECTION,0.0,2.65,2.65,Sausar Group,weathered zone / laterite cover,True,False,0.75,BELOW 25% Mn,MODERATE,3,SIMULATED
SIM_T31_POS_BH02,T31,POSITIVE_DRILLING_INTERSECTION,2.65,29.92,27.27,Sausar Group,quartz-mica schist / calc-silicate (host),True,False,0.49,BELOW 25% Mn,MODERATE,3,SIMULATED
SIM_T31_POS_BH02,T31,POSITIVE_DRILLING_INTERSECTION,29.92,31.88,1.96,Sausar Group,Mn ore / gondite horizon H3 (Mansar/Lohangi-Sitasaongi contact),False,True,34.94,LOW (25-35% Mn),MODERATE,3,SIMULATED
SIM_T31_POS_BH02,T31,POSITIVE_DRILLING_INTERSECTION,31.88,38.27,6.39,Sausar Group,quartz-mica schist / calc-silicate (host),False,False,0.2,BELOW 25% Mn,MODERATE,3,SIMULATED
SIM_T31_POS_BH02,T31,POSITIVE_DRILLING_INTERSECTION,38.27,40.21,1.94,Sausar Group,Mn ore / gondite horizon H2 (within Mansar Formation),False,True,42.48,MEDIUM (35-46% Mn),MODERATE,3,SIMULATED
SIM_T31_POS_BH02,T31,POSITIVE_DRILLING_INTERSECTION,40.21,91.6,51.39,Sausar Group,quartz-mica schist / calc-silicate (host),False,False,0.69,BELOW 25% Mn,MODERATE,3,SIMULATED
SIM_T31_POS_BH03,T31,POSITIVE_DRILLING_INTERSECTION,0.0,2.18,2.18,Sausar Group,weathered zone / laterite cover,True,False,0.47,BELOW 25% Mn,MODERATE,3,SIMULATED
SIM_T31_POS_BH03,T31,POSITIVE_DRILLING_INTERSECTION,2.18,29.79,27.61,Sausar Group,quartz-mica schist / calc-silicate (host),True,False,0.35,BELOW 25% Mn,MODERATE,3,SIMULATED
SIM_T31_POS_BH03,T31,POSITIVE_DRILLING_INTERSECTION,29.79,31.48,1.69,Sausar Group,Mn ore / gondite horizon H2 (within Mansar Formation),False,True,28.52,LOW (25-35% Mn),MODERATE,3,SIMULATED
SIM_T31_POS_BH03,T31,POSITIVE_DRILLING_INTERSECTION,31.48,60.6,29.12,Sausar Group,quartz-mica schist / calc-silicate (host),False,False,0.39,BELOW 25% Mn,MODERATE,3,SIMULATED
SIM_T31_NEG_BH01,T31,NEGATIVE_DRILLING_RESULT,0.0,2.74,2.74,Sausar Group,weathered zone / laterite cover,True,False,0.38,BELOW 25% Mn,MODERATE,3,SIMULATED
SIM_T31_NEG_BH01,T31,NEGATIVE_DRILLING_RESULT,2.74,94.9,92.16,Sausar Group,quartz-mica schist / calc-silicate (host),True,False,0.32,BELOW 25% Mn,MODERATE,3,SIMULATED
SIM_T31_NEG_BH02,T31,NEGATIVE_DRILLING_RESULT,0.0,2.6,2.6,Sausar Group,weathered zone / laterite cover,True,False,0.44,BELOW 25% Mn,MODERATE,3,SIMULATED
SIM_T31_NEG_BH02,T31,NEGATIVE_DRILLING_RESULT,2.6,79.2,76.6,Sausar Group,quartz-mica schist / calc-silicate (host),True,False,0.38,BELOW 25% Mn,MODERATE,3,SIMULATED
SIM_T31_NEG_BH03,T31,NEGATIVE_DRILLING_RESULT,0.0,2.23,2.23,Sausar Group,weathered zone / laterite cover,True,False,0.16,BELOW 25% Mn,MODERATE,3,SIMULATED
SIM_T31_NEG_BH03,T31,NEGATIVE_DRILLING_RESULT,2.23,59.5,57.27,Sausar Group,quartz-mica schist / calc-silicate (host),True,False,0.57,BELOW 25% Mn,MODERATE,3,SIMULATED
SIM_T31_AMB_BH01,T31,AMBIGUOUS_DRILLING_RESULT,0.0,2.65,2.65,Sausar Group,weathered zone / laterite cover,True,False,0.41,BELOW 25% Mn,LOW,3,SIMULATED
SIM_T31_AMB_BH01,T31,AMBIGUOUS_DRILLING_RESULT,2.65,15.18,12.53,Sausar Group,quartz-mica schist / calc-silicate (host),True,False,0.56,BELOW 25% Mn,LOW,3,SIMULATED
SIM_T31_AMB_BH01,T31,AMBIGUOUS_DRILLING_RESULT,15.18,15.49,0.31,Sausar Group,Mn ore / gondite horizon H2 (within Mansar Formation),False,True,12.54,BELOW 25% Mn,LOW,3,SIMULATED
SIM_T31_AMB_BH01,T31,AMBIGUOUS_DRILLING_RESULT,15.49,69.2,53.71,Sausar Group,quartz-mica schist / calc-silicate (host),False,False,0.22,BELOW 25% Mn,LOW,3,SIMULATED
SIM_T31_AMB_BH02,T31,AMBIGUOUS_DRILLING_RESULT,0.0,2.63,2.63,Sausar Group,weathered zone / laterite cover,True,False,0.37,BELOW 25% Mn,LOW,3,SIMULATED
SIM_T31_AMB_BH02,T31,AMBIGUOUS_DRILLING_RESULT,2.63,22.37,19.74,Sausar Group,quartz-mica schist / calc-silicate (host),True,False,0.41,BELOW 25% Mn,LOW,3,SIMULATED
SIM_T31_AMB_BH02,T31,AMBIGUOUS_DRILLING_RESULT,22.37,23.12,0.74,Sausar Group,Mn ore / gondite horizon H2 (within Mansar Formation),False,True,17.18,BELOW 25% Mn,LOW,3,SIMULATED
SIM_T31_AMB_BH02,T31,AMBIGUOUS_DRILLING_RESULT,23.12,51.8,28.68,Sausar Group,quartz-mica schist / calc-silicate (host),False,False,0.19,BELOW 25% Mn,LOW,3,SIMULATED
SIM_T31_AMB_BH03,T31,AMBIGUOUS_DRILLING_RESULT,0.0,2.62,2.62,Sausar Group,weathered zone / laterite cover,True,False,0.35,BELOW 25% Mn,LOW,3,SIMULATED
SIM_T31_AMB_BH03,T31,AMBIGUOUS_DRILLING_RESULT,2.62,52.77,50.15,Sausar Group,quartz-mica schist / calc-silicate (host),True,False,0.44,BELOW 25% Mn,LOW,3,SIMULATED
SIM_T31_AMB_BH03,T31,AMBIGUOUS_DRILLING_RESULT,52.77,53.76,0.99,Sausar Group,Mn ore / gondite horizon H1 (Mansar/Chorbaoli contact),False,True,17.25,BELOW 25% Mn,LOW,3,SIMULATED
SIM_T31_AMB_BH03,T31,AMBIGUOUS_DRILLING_RESULT,53.76,90.6,36.84,Sausar Group,quartz-mica schist / calc-silicate (host),False,False,0.34,BELOW 25% Mn,LOW,3,SIMULATED
SIM_T32_POS_BH01,T32,POSITIVE_DRILLING_INTERSECTION,0.0,2.39,2.39,Sausar Group,weathered zone / laterite cover,True,False,0.6,BELOW 25% Mn,MODERATE,3,SIMULATED
SIM_T32_POS_BH01,T32,POSITIVE_DRILLING_INTERSECTION,2.39,17.63,15.24,Sausar Group,quartz-mica schist / calc-silicate (host),True,False,0.3,BELOW 25% Mn,MODERATE,3,SIMULATED
SIM_T32_POS_BH01,T32,POSITIVE_DRILLING_INTERSECTION,17.63,19.51,1.88,Sausar Group,Mn ore / gondite horizon H3 (Mansar/Lohangi-Sitasaongi contact),False,True,30.56,LOW (25-35% Mn),MODERATE,3,SIMULATED
SIM_T32_POS_BH01,T32,POSITIVE_DRILLING_INTERSECTION,19.51,53.2,33.69,Sausar Group,quartz-mica schist / calc-silicate (host),False,False,0.64,BELOW 25% Mn,MODERATE,3,SIMULATED
SIM_T32_POS_BH02,T32,POSITIVE_DRILLING_INTERSECTION,0.0,2.4,2.4,Sausar Group,weathered zone / laterite cover,True,False,0.15,BELOW 25% Mn,MODERATE,3,SIMULATED
SIM_T32_POS_BH02,T32,POSITIVE_DRILLING_INTERSECTION,2.4,76.79,74.39,Sausar Group,quartz-mica schist / calc-silicate (host),True,False,0.44,BELOW 25% Mn,MODERATE,3,SIMULATED
SIM_T32_POS_BH02,T32,POSITIVE_DRILLING_INTERSECTION,76.79,78.78,1.99,Sausar Group,Mn ore / gondite horizon H1 (Mansar/Chorbaoli contact),False,True,20.79,BELOW 25% Mn,MODERATE,3,SIMULATED
SIM_T32_POS_BH02,T32,POSITIVE_DRILLING_INTERSECTION,78.78,96.8,18.02,Sausar Group,quartz-mica schist / calc-silicate (host),False,False,0.44,BELOW 25% Mn,MODERATE,3,SIMULATED
SIM_T32_POS_BH03,T32,POSITIVE_DRILLING_INTERSECTION,0.0,2.11,2.11,Sausar Group,weathered zone / laterite cover,True,False,0.47,BELOW 25% Mn,MODERATE,3,SIMULATED
SIM_T32_POS_BH03,T32,POSITIVE_DRILLING_INTERSECTION,2.11,42.26,40.15,Sausar Group,quartz-mica schist / calc-silicate (host),True,False,0.5,BELOW 25% Mn,MODERATE,3,SIMULATED
SIM_T32_POS_BH03,T32,POSITIVE_DRILLING_INTERSECTION,42.26,44.02,1.76,Sausar Group,Mn ore / gondite horizon H3 (Mansar/Lohangi-Sitasaongi contact),False,True,30.08,LOW (25-35% Mn),MODERATE,3,SIMULATED
SIM_T32_POS_BH03,T32,POSITIVE_DRILLING_INTERSECTION,44.02,91.5,47.48,Sausar Group,quartz-mica schist / calc-silicate (host),False,False,0.94,BELOW 25% Mn,MODERATE,3,SIMULATED
SIM_T32_NEG_BH01,T32,NEGATIVE_DRILLING_RESULT,0.0,2.39,2.39,Sausar Group,weathered zone / laterite cover,True,False,0.32,BELOW 25% Mn,MODERATE,3,SIMULATED
SIM_T32_NEG_BH01,T32,NEGATIVE_DRILLING_RESULT,2.39,92.8,90.41,Sausar Group,quartz-mica schist / calc-silicate (host),True,False,0.46,BELOW 25% Mn,MODERATE,3,SIMULATED
SIM_T32_NEG_BH02,T32,NEGATIVE_DRILLING_RESULT,0.0,2.51,2.51,Sausar Group,weathered zone / laterite cover,True,False,0.85,BELOW 25% Mn,MODERATE,3,SIMULATED
SIM_T32_NEG_BH02,T32,NEGATIVE_DRILLING_RESULT,2.51,72.0,69.49,Sausar Group,quartz-mica schist / calc-silicate (host),True,False,0.29,BELOW 25% Mn,MODERATE,3,SIMULATED
SIM_T32_NEG_BH03,T32,NEGATIVE_DRILLING_RESULT,0.0,2.91,2.91,Sausar Group,weathered zone / laterite cover,True,False,0.31,BELOW 25% Mn,MODERATE,3,SIMULATED
SIM_T32_NEG_BH03,T32,NEGATIVE_DRILLING_RESULT,2.91,71.2,68.29,Sausar Group,quartz-mica schist / calc-silicate (host),True,False,0.38,BELOW 25% Mn,MODERATE,3,SIMULATED
SIM_T32_AMB_BH01,T32,AMBIGUOUS_DRILLING_RESULT,0.0,2.09,2.09,Sausar Group,weathered zone / laterite cover,True,False,0.42,BELOW 25% Mn,LOW,3,SIMULATED
SIM_T32_AMB_BH01,T32,AMBIGUOUS_DRILLING_RESULT,2.09,42.08,39.99,Sausar Group,quartz-mica schist / calc-silicate (host),True,False,0.38,BELOW 25% Mn,LOW,3,SIMULATED
SIM_T32_AMB_BH01,T32,AMBIGUOUS_DRILLING_RESULT,42.08,42.74,0.66,Sausar Group,Mn ore / gondite horizon H2 (within Mansar Formation),False,True,17.46,BELOW 25% Mn,LOW,3,SIMULATED
SIM_T32_AMB_BH01,T32,AMBIGUOUS_DRILLING_RESULT,42.74,54.6,11.86,Sausar Group,quartz-mica schist / calc-silicate (host),False,False,0.39,BELOW 25% Mn,LOW,3,SIMULATED
SIM_T32_AMB_BH02,T32,AMBIGUOUS_DRILLING_RESULT,0.0,2.88,2.88,Sausar Group,weathered zone / laterite cover,True,False,0.37,BELOW 25% Mn,LOW,3,SIMULATED
SIM_T32_AMB_BH02,T32,AMBIGUOUS_DRILLING_RESULT,2.88,31.85,28.97,Sausar Group,quartz-mica schist / calc-silicate (host),True,False,0.37,BELOW 25% Mn,LOW,3,SIMULATED
SIM_T32_AMB_BH02,T32,AMBIGUOUS_DRILLING_RESULT,31.85,32.5,0.65,Sausar Group,Mn ore / gondite horizon H3 (Mansar/Lohangi-Sitasaongi contact),False,True,17.6,BELOW 25% Mn,LOW,3,SIMULATED
SIM_T32_AMB_BH02,T32,AMBIGUOUS_DRILLING_RESULT,32.5,62.2,29.7,Sausar Group,quartz-mica schist / calc-silicate (host),False,False,0.35,BELOW 25% Mn,LOW,3,SIMULATED
SIM_T32_AMB_BH03,T32,AMBIGUOUS_DRILLING_RESULT,0.0,2.25,2.25,Sausar Group,weathered zone / laterite cover,True,False,0.27,BELOW 25% Mn,LOW,3,SIMULATED
SIM_T32_AMB_BH03,T32,AMBIGUOUS_DRILLING_RESULT,2.25,47.64,45.38,Sausar Group,quartz-mica schist / calc-silicate (host),True,False,0.79,BELOW 25% Mn,LOW,3,SIMULATED
SIM_T32_AMB_BH03,T32,AMBIGUOUS_DRILLING_RESULT,47.64,48.42,0.78,Sausar Group,Mn ore / gondite horizon H2 (within Mansar Formation),False,False,9.35,BELOW 25% Mn,LOW,3,SIMULATED
SIM_T32_AMB_BH03,T32,AMBIGUOUS_DRILLING_RESULT,48.42,65.9,17.48,Sausar Group,quartz-mica schist / calc-silicate (host),False,False,0.54,BELOW 25% Mn,LOW,3,SIMULATED
SIM_T33_POS_BH01,T33,POSITIVE_DRILLING_INTERSECTION,0.0,2.97,2.97,Sausar Group,weathered zone / laterite cover,True,False,0.55,BELOW 25% Mn,MODERATE,3,SIMULATED
SIM_T33_POS_BH01,T33,POSITIVE_DRILLING_INTERSECTION,2.97,33.79,30.82,Sausar Group,quartz-mica schist / calc-silicate (host),True,False,0.34,BELOW 25% Mn,MODERATE,3,SIMULATED
SIM_T33_POS_BH01,T33,POSITIVE_DRILLING_INTERSECTION,33.79,35.4,1.61,Sausar Group,Mn ore / gondite horizon H3 (Mansar/Lohangi-Sitasaongi contact),False,True,25.74,LOW (25-35% Mn),MODERATE,3,SIMULATED
SIM_T33_POS_BH01,T33,POSITIVE_DRILLING_INTERSECTION,35.4,37.5,2.1,Sausar Group,quartz-mica schist / calc-silicate (host),False,False,0.31,BELOW 25% Mn,MODERATE,3,SIMULATED
SIM_T33_POS_BH01,T33,POSITIVE_DRILLING_INTERSECTION,37.5,39.35,1.85,Sausar Group,Mn ore / gondite horizon H2 (within Mansar Formation),False,True,27.4,LOW (25-35% Mn),MODERATE,3,SIMULATED
SIM_T33_POS_BH01,T33,POSITIVE_DRILLING_INTERSECTION,39.35,88.9,49.55,Sausar Group,quartz-mica schist / calc-silicate (host),False,False,0.7,BELOW 25% Mn,MODERATE,3,SIMULATED
SIM_T33_POS_BH02,T33,POSITIVE_DRILLING_INTERSECTION,0.0,2.87,2.87,Sausar Group,weathered zone / laterite cover,True,False,0.26,BELOW 25% Mn,MODERATE,3,SIMULATED
SIM_T33_POS_BH02,T33,POSITIVE_DRILLING_INTERSECTION,2.87,33.29,30.41,Sausar Group,quartz-mica schist / calc-silicate (host),True,False,0.32,BELOW 25% Mn,MODERATE,3,SIMULATED
SIM_T33_POS_BH02,T33,POSITIVE_DRILLING_INTERSECTION,33.29,34.98,1.7,Sausar Group,Mn ore / gondite horizon H1 (Mansar/Chorbaoli contact),False,True,32.7,LOW (25-35% Mn),MODERATE,3,SIMULATED
SIM_T33_POS_BH02,T33,POSITIVE_DRILLING_INTERSECTION,34.98,43.86,8.88,Sausar Group,quartz-mica schist / calc-silicate (host),False,False,0.12,BELOW 25% Mn,MODERATE,3,SIMULATED
SIM_T33_POS_BH02,T33,POSITIVE_DRILLING_INTERSECTION,43.86,45.77,1.91,Sausar Group,Mn ore / gondite horizon H3 (Mansar/Lohangi-Sitasaongi contact),False,True,24.61,BELOW 25% Mn,MODERATE,3,SIMULATED
SIM_T33_POS_BH02,T33,POSITIVE_DRILLING_INTERSECTION,45.77,70.5,24.73,Sausar Group,quartz-mica schist / calc-silicate (host),False,False,0.41,BELOW 25% Mn,MODERATE,3,SIMULATED
SIM_T33_POS_BH03,T33,POSITIVE_DRILLING_INTERSECTION,0.0,2.9,2.9,Sausar Group,weathered zone / laterite cover,True,False,0.45,BELOW 25% Mn,MODERATE,3,SIMULATED
SIM_T33_POS_BH03,T33,POSITIVE_DRILLING_INTERSECTION,2.9,23.13,20.23,Sausar Group,quartz-mica schist / calc-silicate (host),True,False,0.37,BELOW 25% Mn,MODERATE,3,SIMULATED
SIM_T33_POS_BH03,T33,POSITIVE_DRILLING_INTERSECTION,23.13,24.68,1.55,Sausar Group,Mn ore / gondite horizon H2 (within Mansar Formation),False,True,43.31,MEDIUM (35-46% Mn),MODERATE,3,SIMULATED
SIM_T33_POS_BH03,T33,POSITIVE_DRILLING_INTERSECTION,24.68,27.59,2.9,Sausar Group,quartz-mica schist / calc-silicate (host),False,False,0.48,BELOW 25% Mn,MODERATE,3,SIMULATED
SIM_T33_POS_BH03,T33,POSITIVE_DRILLING_INTERSECTION,27.59,29.56,1.97,Sausar Group,Mn ore / gondite horizon H3 (Mansar/Lohangi-Sitasaongi contact),False,True,29.79,LOW (25-35% Mn),MODERATE,3,SIMULATED
SIM_T33_POS_BH03,T33,POSITIVE_DRILLING_INTERSECTION,29.56,64.3,34.74,Sausar Group,quartz-mica schist / calc-silicate (host),False,False,0.36,BELOW 25% Mn,MODERATE,3,SIMULATED
SIM_T33_NEG_BH01,T33,NEGATIVE_DRILLING_RESULT,0.0,2.94,2.94,Sausar Group,weathered zone / laterite cover,True,False,0.26,BELOW 25% Mn,MODERATE,3,SIMULATED
SIM_T33_NEG_BH01,T33,NEGATIVE_DRILLING_RESULT,2.94,60.1,57.16,Sausar Group,quartz-mica schist / calc-silicate (host),True,False,0.19,BELOW 25% Mn,MODERATE,3,SIMULATED
SIM_T33_NEG_BH02,T33,NEGATIVE_DRILLING_RESULT,0.0,2.03,2.03,Sausar Group,weathered zone / laterite cover,True,False,0.27,BELOW 25% Mn,MODERATE,3,SIMULATED
SIM_T33_NEG_BH02,T33,NEGATIVE_DRILLING_RESULT,2.03,63.9,61.87,Sausar Group,quartz-mica schist / calc-silicate (host),True,False,0.53,BELOW 25% Mn,MODERATE,3,SIMULATED
SIM_T33_NEG_BH03,T33,NEGATIVE_DRILLING_RESULT,0.0,2.33,2.33,Sausar Group,weathered zone / laterite cover,True,False,0.34,BELOW 25% Mn,MODERATE,3,SIMULATED
SIM_T33_NEG_BH03,T33,NEGATIVE_DRILLING_RESULT,2.33,85.5,83.17,Sausar Group,quartz-mica schist / calc-silicate (host),True,False,0.55,BELOW 25% Mn,MODERATE,3,SIMULATED
SIM_T33_AMB_BH01,T33,AMBIGUOUS_DRILLING_RESULT,0.0,2.87,2.87,Sausar Group,weathered zone / laterite cover,True,False,0.55,BELOW 25% Mn,LOW,3,SIMULATED
SIM_T33_AMB_BH01,T33,AMBIGUOUS_DRILLING_RESULT,2.87,15.58,12.72,Sausar Group,quartz-mica schist / calc-silicate (host),True,False,0.17,BELOW 25% Mn,LOW,3,SIMULATED
SIM_T33_AMB_BH01,T33,AMBIGUOUS_DRILLING_RESULT,15.58,16.35,0.77,Sausar Group,Mn ore / gondite horizon H3 (Mansar/Lohangi-Sitasaongi contact),False,True,16.95,BELOW 25% Mn,LOW,3,SIMULATED
SIM_T33_AMB_BH01,T33,AMBIGUOUS_DRILLING_RESULT,16.35,50.1,33.75,Sausar Group,quartz-mica schist / calc-silicate (host),False,False,0.22,BELOW 25% Mn,LOW,3,SIMULATED
SIM_T33_AMB_BH02,T33,AMBIGUOUS_DRILLING_RESULT,0.0,2.65,2.65,Sausar Group,weathered zone / laterite cover,True,False,0.56,BELOW 25% Mn,LOW,3,SIMULATED
SIM_T33_AMB_BH02,T33,AMBIGUOUS_DRILLING_RESULT,2.65,24.53,21.88,Sausar Group,quartz-mica schist / calc-silicate (host),True,False,0.57,BELOW 25% Mn,LOW,3,SIMULATED
SIM_T33_AMB_BH02,T33,AMBIGUOUS_DRILLING_RESULT,24.53,24.93,0.41,Sausar Group,Mn ore / gondite horizon H2 (within Mansar Formation),False,True,23.75,BELOW 25% Mn,LOW,3,SIMULATED
SIM_T33_AMB_BH02,T33,AMBIGUOUS_DRILLING_RESULT,24.93,94.1,69.17,Sausar Group,quartz-mica schist / calc-silicate (host),False,False,0.28,BELOW 25% Mn,LOW,3,SIMULATED
SIM_T33_AMB_BH03,T33,AMBIGUOUS_DRILLING_RESULT,0.0,2.94,2.94,Sausar Group,weathered zone / laterite cover,True,False,0.32,BELOW 25% Mn,LOW,3,SIMULATED
SIM_T33_AMB_BH03,T33,AMBIGUOUS_DRILLING_RESULT,2.94,20.14,17.2,Sausar Group,quartz-mica schist / calc-silicate (host),True,False,0.28,BELOW 25% Mn,LOW,3,SIMULATED
SIM_T33_AMB_BH03,T33,AMBIGUOUS_DRILLING_RESULT,20.14,20.95,0.81,Sausar Group,Mn ore / gondite horizon H1 (Mansar/Chorbaoli contact),False,True,10.49,BELOW 25% Mn,LOW,3,SIMULATED
SIM_T33_AMB_BH03,T33,AMBIGUOUS_DRILLING_RESULT,20.95,90.9,69.95,Sausar Group,quartz-mica schist / calc-silicate (host),False,False,0.35,BELOW 25% Mn,LOW,3,SIMULATED
SIM_T34_POS_BH01,T34,POSITIVE_DRILLING_INTERSECTION,0.0,2.32,2.32,Sausar Group,weathered zone / laterite cover,True,False,0.38,BELOW 25% Mn,MODERATE,3,SIMULATED
SIM_T34_POS_BH01,T34,POSITIVE_DRILLING_INTERSECTION,2.32,27.7,25.38,Sausar Group,quartz-mica schist / calc-silicate (host),True,False,0.13,BELOW 25% Mn,MODERATE,3,SIMULATED
SIM_T34_POS_BH01,T34,POSITIVE_DRILLING_INTERSECTION,27.7,29.62,1.91,Sausar Group,Mn ore / gondite horizon H2 (within Mansar Formation),False,True,38.04,MEDIUM (35-46% Mn),MODERATE,3,SIMULATED
SIM_T34_POS_BH01,T34,POSITIVE_DRILLING_INTERSECTION,29.62,30.68,1.06,Sausar Group,quartz-mica schist / calc-silicate (host),False,False,0.53,BELOW 25% Mn,MODERATE,3,SIMULATED
SIM_T34_POS_BH01,T34,POSITIVE_DRILLING_INTERSECTION,30.68,32.22,1.55,Sausar Group,Mn ore / gondite horizon H3 (Mansar/Lohangi-Sitasaongi contact),False,True,34.03,LOW (25-35% Mn),MODERATE,3,SIMULATED
SIM_T34_POS_BH01,T34,POSITIVE_DRILLING_INTERSECTION,32.22,88.5,56.28,Sausar Group,quartz-mica schist / calc-silicate (host),False,False,0.88,BELOW 25% Mn,MODERATE,3,SIMULATED
SIM_T34_POS_BH02,T34,POSITIVE_DRILLING_INTERSECTION,0.0,2.08,2.08,Sausar Group,weathered zone / laterite cover,True,False,0.39,BELOW 25% Mn,MODERATE,3,SIMULATED
SIM_T34_POS_BH02,T34,POSITIVE_DRILLING_INTERSECTION,2.08,33.87,31.79,Sausar Group,quartz-mica schist / calc-silicate (host),True,False,0.31,BELOW 25% Mn,MODERATE,3,SIMULATED
SIM_T34_POS_BH02,T34,POSITIVE_DRILLING_INTERSECTION,33.87,35.5,1.63,Sausar Group,Mn ore / gondite horizon H2 (within Mansar Formation),False,True,31.28,LOW (25-35% Mn),MODERATE,3,SIMULATED
SIM_T34_POS_BH02,T34,POSITIVE_DRILLING_INTERSECTION,35.5,77.0,41.5,Sausar Group,quartz-mica schist / calc-silicate (host),False,False,0.5,BELOW 25% Mn,MODERATE,3,SIMULATED
SIM_T34_POS_BH03,T34,POSITIVE_DRILLING_INTERSECTION,0.0,2.02,2.02,Sausar Group,weathered zone / laterite cover,True,False,0.73,BELOW 25% Mn,MODERATE,3,SIMULATED
SIM_T34_POS_BH03,T34,POSITIVE_DRILLING_INTERSECTION,2.02,24.35,22.33,Sausar Group,quartz-mica schist / calc-silicate (host),True,False,0.28,BELOW 25% Mn,MODERATE,3,SIMULATED
SIM_T34_POS_BH03,T34,POSITIVE_DRILLING_INTERSECTION,24.35,26.34,1.98,Sausar Group,Mn ore / gondite horizon H2 (within Mansar Formation),False,True,28.71,LOW (25-35% Mn),MODERATE,3,SIMULATED
SIM_T34_POS_BH03,T34,POSITIVE_DRILLING_INTERSECTION,26.34,36.65,10.31,Sausar Group,quartz-mica schist / calc-silicate (host),False,False,0.66,BELOW 25% Mn,MODERATE,3,SIMULATED
SIM_T34_POS_BH03,T34,POSITIVE_DRILLING_INTERSECTION,36.65,38.36,1.71,Sausar Group,Mn ore / gondite horizon H3 (Mansar/Lohangi-Sitasaongi contact),False,True,34.95,LOW (25-35% Mn),MODERATE,3,SIMULATED
SIM_T34_POS_BH03,T34,POSITIVE_DRILLING_INTERSECTION,38.36,60.1,21.74,Sausar Group,quartz-mica schist / calc-silicate (host),False,False,0.45,BELOW 25% Mn,MODERATE,3,SIMULATED
SIM_T34_NEG_BH01,T34,NEGATIVE_DRILLING_RESULT,0.0,2.52,2.52,Sausar Group,weathered zone / laterite cover,True,False,0.09,BELOW 25% Mn,MODERATE,3,SIMULATED
SIM_T34_NEG_BH01,T34,NEGATIVE_DRILLING_RESULT,2.52,96.3,93.78,Sausar Group,quartz-mica schist / calc-silicate (host),True,False,0.5,BELOW 25% Mn,MODERATE,3,SIMULATED
SIM_T34_NEG_BH02,T34,NEGATIVE_DRILLING_RESULT,0.0,2.73,2.73,Sausar Group,weathered zone / laterite cover,True,False,0.26,BELOW 25% Mn,MODERATE,3,SIMULATED
SIM_T34_NEG_BH02,T34,NEGATIVE_DRILLING_RESULT,2.73,56.9,54.17,Sausar Group,quartz-mica schist / calc-silicate (host),True,False,0.3,BELOW 25% Mn,MODERATE,3,SIMULATED
SIM_T34_NEG_BH03,T34,NEGATIVE_DRILLING_RESULT,0.0,2.35,2.35,Sausar Group,weathered zone / laterite cover,True,False,0.4,BELOW 25% Mn,MODERATE,3,SIMULATED
SIM_T34_NEG_BH03,T34,NEGATIVE_DRILLING_RESULT,2.35,86.6,84.25,Sausar Group,quartz-mica schist / calc-silicate (host),True,False,0.27,BELOW 25% Mn,MODERATE,3,SIMULATED
SIM_T34_AMB_BH01,T34,AMBIGUOUS_DRILLING_RESULT,0.0,2.4,2.4,Sausar Group,weathered zone / laterite cover,True,False,0.35,BELOW 25% Mn,LOW,3,SIMULATED
SIM_T34_AMB_BH01,T34,AMBIGUOUS_DRILLING_RESULT,2.4,11.14,8.74,Sausar Group,quartz-mica schist / calc-silicate (host),True,False,0.74,BELOW 25% Mn,LOW,3,SIMULATED
SIM_T34_AMB_BH01,T34,AMBIGUOUS_DRILLING_RESULT,11.14,11.74,0.6,Sausar Group,Mn ore / gondite horizon H2 (within Mansar Formation),True,True,18.73,BELOW 25% Mn,LOW,3,SIMULATED
SIM_T34_AMB_BH01,T34,AMBIGUOUS_DRILLING_RESULT,11.74,58.4,46.66,Sausar Group,quartz-mica schist / calc-silicate (host),True,False,0.62,BELOW 25% Mn,LOW,3,SIMULATED
SIM_T34_AMB_BH02,T34,AMBIGUOUS_DRILLING_RESULT,0.0,2.31,2.31,Sausar Group,weathered zone / laterite cover,True,False,0.3,BELOW 25% Mn,LOW,3,SIMULATED
SIM_T34_AMB_BH02,T34,AMBIGUOUS_DRILLING_RESULT,2.31,24.49,22.18,Sausar Group,quartz-mica schist / calc-silicate (host),True,False,0.78,BELOW 25% Mn,LOW,3,SIMULATED
SIM_T34_AMB_BH02,T34,AMBIGUOUS_DRILLING_RESULT,24.49,25.04,0.55,Sausar Group,Mn ore / gondite horizon H3 (Mansar/Lohangi-Sitasaongi contact),False,True,12.84,BELOW 25% Mn,LOW,3,SIMULATED
SIM_T34_AMB_BH02,T34,AMBIGUOUS_DRILLING_RESULT,25.04,51.6,26.56,Sausar Group,quartz-mica schist / calc-silicate (host),False,False,0.25,BELOW 25% Mn,LOW,3,SIMULATED
SIM_T34_AMB_BH03,T34,AMBIGUOUS_DRILLING_RESULT,0.0,2.73,2.73,Sausar Group,weathered zone / laterite cover,True,False,0.36,BELOW 25% Mn,LOW,3,SIMULATED
SIM_T34_AMB_BH03,T34,AMBIGUOUS_DRILLING_RESULT,2.73,52.0,49.27,Sausar Group,quartz-mica schist / calc-silicate (host),True,False,0.36,BELOW 25% Mn,LOW,3,SIMULATED
SIM_T34_AMB_BH03,T34,AMBIGUOUS_DRILLING_RESULT,52.0,52.68,0.68,Sausar Group,Mn ore / gondite horizon H1 (Mansar/Chorbaoli contact),False,True,11.84,BELOW 25% Mn,LOW,3,SIMULATED
SIM_T34_AMB_BH03,T34,AMBIGUOUS_DRILLING_RESULT,52.68,70.0,17.32,Sausar Group,quartz-mica schist / calc-silicate (host),False,False,0.4,BELOW 25% Mn,LOW,3,SIMULATED
SIM_T35_POS_BH01,T35,POSITIVE_DRILLING_INTERSECTION,0.0,2.7,2.7,Sausar Group,weathered zone / laterite cover,True,False,0.46,BELOW 25% Mn,MODERATE,3,SIMULATED
SIM_T35_POS_BH01,T35,POSITIVE_DRILLING_INTERSECTION,2.7,51.98,49.28,Sausar Group,quartz-mica schist / calc-silicate (host),True,False,0.75,BELOW 25% Mn,MODERATE,3,SIMULATED
SIM_T35_POS_BH01,T35,POSITIVE_DRILLING_INTERSECTION,51.98,53.73,1.75,Sausar Group,Mn ore / gondite horizon H3 (Mansar/Lohangi-Sitasaongi contact),False,True,28.46,LOW (25-35% Mn),MODERATE,3,SIMULATED
SIM_T35_POS_BH01,T35,POSITIVE_DRILLING_INTERSECTION,53.73,72.4,18.67,Sausar Group,quartz-mica schist / calc-silicate (host),False,False,0.38,BELOW 25% Mn,MODERATE,3,SIMULATED
SIM_T35_POS_BH02,T35,POSITIVE_DRILLING_INTERSECTION,0.0,2.33,2.33,Sausar Group,weathered zone / laterite cover,True,False,0.62,BELOW 25% Mn,MODERATE,3,SIMULATED
SIM_T35_POS_BH02,T35,POSITIVE_DRILLING_INTERSECTION,2.33,77.12,74.79,Sausar Group,quartz-mica schist / calc-silicate (host),True,False,0.29,BELOW 25% Mn,MODERATE,3,SIMULATED
SIM_T35_POS_BH02,T35,POSITIVE_DRILLING_INTERSECTION,77.12,78.79,1.67,Sausar Group,Mn ore / gondite horizon H3 (Mansar/Lohangi-Sitasaongi contact),False,True,33.32,LOW (25-35% Mn),MODERATE,3,SIMULATED
SIM_T35_POS_BH02,T35,POSITIVE_DRILLING_INTERSECTION,78.79,92.8,14.01,Sausar Group,quartz-mica schist / calc-silicate (host),False,False,0.34,BELOW 25% Mn,MODERATE,3,SIMULATED
SIM_T35_POS_BH03,T35,POSITIVE_DRILLING_INTERSECTION,0.0,2.32,2.32,Sausar Group,weathered zone / laterite cover,True,False,0.28,BELOW 25% Mn,MODERATE,3,SIMULATED
SIM_T35_POS_BH03,T35,POSITIVE_DRILLING_INTERSECTION,2.32,46.77,44.44,Sausar Group,quartz-mica schist / calc-silicate (host),True,False,0.36,BELOW 25% Mn,MODERATE,3,SIMULATED
SIM_T35_POS_BH03,T35,POSITIVE_DRILLING_INTERSECTION,46.77,48.31,1.55,Sausar Group,Mn ore / gondite horizon H3 (Mansar/Lohangi-Sitasaongi contact),False,True,33.24,LOW (25-35% Mn),MODERATE,3,SIMULATED
SIM_T35_POS_BH03,T35,POSITIVE_DRILLING_INTERSECTION,48.31,53.37,5.06,Sausar Group,quartz-mica schist / calc-silicate (host),False,False,0.45,BELOW 25% Mn,MODERATE,3,SIMULATED
SIM_T35_POS_BH03,T35,POSITIVE_DRILLING_INTERSECTION,53.37,54.95,1.58,Sausar Group,Mn ore / gondite horizon H2 (within Mansar Formation),False,True,34.63,LOW (25-35% Mn),MODERATE,3,SIMULATED
SIM_T35_POS_BH03,T35,POSITIVE_DRILLING_INTERSECTION,54.95,65.4,10.45,Sausar Group,quartz-mica schist / calc-silicate (host),False,False,0.34,BELOW 25% Mn,MODERATE,3,SIMULATED
SIM_T35_NEG_BH01,T35,NEGATIVE_DRILLING_RESULT,0.0,2.81,2.81,Sausar Group,weathered zone / laterite cover,True,False,0.36,BELOW 25% Mn,MODERATE,3,SIMULATED
SIM_T35_NEG_BH01,T35,NEGATIVE_DRILLING_RESULT,2.81,64.0,61.19,Sausar Group,quartz-mica schist / calc-silicate (host),True,False,0.59,BELOW 25% Mn,MODERATE,3,SIMULATED
SIM_T35_NEG_BH02,T35,NEGATIVE_DRILLING_RESULT,0.0,2.61,2.61,Sausar Group,weathered zone / laterite cover,True,False,0.38,BELOW 25% Mn,MODERATE,3,SIMULATED
SIM_T35_NEG_BH02,T35,NEGATIVE_DRILLING_RESULT,2.61,94.4,91.79,Sausar Group,quartz-mica schist / calc-silicate (host),True,False,0.68,BELOW 25% Mn,MODERATE,3,SIMULATED
SIM_T35_NEG_BH03,T35,NEGATIVE_DRILLING_RESULT,0.0,2.86,2.86,Sausar Group,weathered zone / laterite cover,True,False,0.44,BELOW 25% Mn,MODERATE,3,SIMULATED
SIM_T35_NEG_BH03,T35,NEGATIVE_DRILLING_RESULT,2.86,97.3,94.44,Sausar Group,quartz-mica schist / calc-silicate (host),True,False,0.51,BELOW 25% Mn,MODERATE,3,SIMULATED
SIM_T35_AMB_BH01,T35,AMBIGUOUS_DRILLING_RESULT,0.0,2.82,2.82,Sausar Group,weathered zone / laterite cover,True,False,1.31,BELOW 25% Mn,LOW,3,SIMULATED
SIM_T35_AMB_BH01,T35,AMBIGUOUS_DRILLING_RESULT,2.82,28.4,25.58,Sausar Group,quartz-mica schist / calc-silicate (host),True,False,0.4,BELOW 25% Mn,LOW,3,SIMULATED
SIM_T35_AMB_BH01,T35,AMBIGUOUS_DRILLING_RESULT,28.4,29.23,0.83,Sausar Group,Mn ore / gondite horizon H1 (Mansar/Chorbaoli contact),False,True,25.35,LOW (25-35% Mn),LOW,3,SIMULATED
SIM_T35_AMB_BH01,T35,AMBIGUOUS_DRILLING_RESULT,29.23,91.7,62.47,Sausar Group,quartz-mica schist / calc-silicate (host),False,False,0.21,BELOW 25% Mn,LOW,3,SIMULATED
SIM_T35_AMB_BH02,T35,AMBIGUOUS_DRILLING_RESULT,0.0,2.8,2.8,Sausar Group,weathered zone / laterite cover,True,False,0.14,BELOW 25% Mn,LOW,3,SIMULATED
SIM_T35_AMB_BH02,T35,AMBIGUOUS_DRILLING_RESULT,2.8,31.49,28.69,Sausar Group,quartz-mica schist / calc-silicate (host),True,False,0.26,BELOW 25% Mn,LOW,3,SIMULATED
SIM_T35_AMB_BH02,T35,AMBIGUOUS_DRILLING_RESULT,31.49,32.05,0.56,Sausar Group,Mn ore / gondite horizon H3 (Mansar/Lohangi-Sitasaongi contact),False,True,18.18,BELOW 25% Mn,LOW,3,SIMULATED
SIM_T35_AMB_BH02,T35,AMBIGUOUS_DRILLING_RESULT,32.05,82.5,50.45,Sausar Group,quartz-mica schist / calc-silicate (host),False,False,0.31,BELOW 25% Mn,LOW,3,SIMULATED
SIM_T35_AMB_BH03,T35,AMBIGUOUS_DRILLING_RESULT,0.0,2.62,2.62,Sausar Group,weathered zone / laterite cover,True,False,0.4,BELOW 25% Mn,LOW,3,SIMULATED
SIM_T35_AMB_BH03,T35,AMBIGUOUS_DRILLING_RESULT,2.62,11.76,9.14,Sausar Group,quartz-mica schist / calc-silicate (host),True,False,0.47,BELOW 25% Mn,LOW,3,SIMULATED
SIM_T35_AMB_BH03,T35,AMBIGUOUS_DRILLING_RESULT,11.76,12.35,0.59,Sausar Group,Mn ore / gondite horizon H3 (Mansar/Lohangi-Sitasaongi contact),True,True,26.35,LOW (25-35% Mn),LOW,3,SIMULATED
SIM_T35_AMB_BH03,T35,AMBIGUOUS_DRILLING_RESULT,12.35,63.0,50.65,Sausar Group,quartz-mica schist / calc-silicate (host),True,False,0.34,BELOW 25% Mn,LOW,3,SIMULATED
SIM_T36_POS_BH01,T36,POSITIVE_DRILLING_INTERSECTION,0.0,2.01,2.01,Sausar Group,weathered zone / laterite cover,True,False,0.24,BELOW 25% Mn,MODERATE,3,SIMULATED
SIM_T36_POS_BH01,T36,POSITIVE_DRILLING_INTERSECTION,2.01,13.82,11.82,Sausar Group,quartz-mica schist / calc-silicate (host),True,False,0.81,BELOW 25% Mn,MODERATE,3,SIMULATED
SIM_T36_POS_BH01,T36,POSITIVE_DRILLING_INTERSECTION,13.82,15.82,2.0,Sausar Group,Mn ore / gondite horizon H3 (Mansar/Lohangi-Sitasaongi contact),True,True,40.46,MEDIUM (35-46% Mn),MODERATE,3,SIMULATED
SIM_T36_POS_BH01,T36,POSITIVE_DRILLING_INTERSECTION,15.82,27.77,11.96,Sausar Group,quartz-mica schist / calc-silicate (host),False,False,0.22,BELOW 25% Mn,MODERATE,3,SIMULATED
SIM_T36_POS_BH01,T36,POSITIVE_DRILLING_INTERSECTION,27.77,29.3,1.53,Sausar Group,Mn ore / gondite horizon H2 (within Mansar Formation),False,True,27.26,LOW (25-35% Mn),MODERATE,3,SIMULATED
SIM_T36_POS_BH01,T36,POSITIVE_DRILLING_INTERSECTION,29.3,75.8,46.5,Sausar Group,quartz-mica schist / calc-silicate (host),False,False,0.48,BELOW 25% Mn,MODERATE,3,SIMULATED
SIM_T36_POS_BH02,T36,POSITIVE_DRILLING_INTERSECTION,0.0,2.69,2.69,Sausar Group,weathered zone / laterite cover,True,False,0.31,BELOW 25% Mn,MODERATE,3,SIMULATED
SIM_T36_POS_BH02,T36,POSITIVE_DRILLING_INTERSECTION,2.69,19.45,16.77,Sausar Group,quartz-mica schist / calc-silicate (host),True,False,0.18,BELOW 25% Mn,MODERATE,3,SIMULATED
SIM_T36_POS_BH02,T36,POSITIVE_DRILLING_INTERSECTION,19.45,21.32,1.86,Sausar Group,Mn ore / gondite horizon H2 (within Mansar Formation),False,True,31.93,LOW (25-35% Mn),MODERATE,3,SIMULATED
SIM_T36_POS_BH02,T36,POSITIVE_DRILLING_INTERSECTION,21.32,22.15,0.83,Sausar Group,quartz-mica schist / calc-silicate (host),False,False,0.46,BELOW 25% Mn,MODERATE,3,SIMULATED
SIM_T36_POS_BH02,T36,POSITIVE_DRILLING_INTERSECTION,22.15,24.04,1.89,Sausar Group,Mn ore / gondite horizon H3 (Mansar/Lohangi-Sitasaongi contact),False,True,31.08,LOW (25-35% Mn),MODERATE,3,SIMULATED
SIM_T36_POS_BH02,T36,POSITIVE_DRILLING_INTERSECTION,24.04,72.8,48.76,Sausar Group,quartz-mica schist / calc-silicate (host),False,False,0.16,BELOW 25% Mn,MODERATE,3,SIMULATED
SIM_T36_POS_BH03,T36,POSITIVE_DRILLING_INTERSECTION,0.0,2.55,2.55,Sausar Group,weathered zone / laterite cover,True,False,0.33,BELOW 25% Mn,MODERATE,3,SIMULATED
SIM_T36_POS_BH03,T36,POSITIVE_DRILLING_INTERSECTION,2.55,13.26,10.71,Sausar Group,quartz-mica schist / calc-silicate (host),True,False,0.22,BELOW 25% Mn,MODERATE,3,SIMULATED
SIM_T36_POS_BH03,T36,POSITIVE_DRILLING_INTERSECTION,13.26,15.12,1.86,Sausar Group,Mn ore / gondite horizon H2 (within Mansar Formation),True,True,37.37,MEDIUM (35-46% Mn),MODERATE,3,SIMULATED
SIM_T36_POS_BH03,T36,POSITIVE_DRILLING_INTERSECTION,15.12,26.75,11.63,Sausar Group,quartz-mica schist / calc-silicate (host),False,False,0.4,BELOW 25% Mn,MODERATE,3,SIMULATED
SIM_T36_POS_BH03,T36,POSITIVE_DRILLING_INTERSECTION,26.75,28.32,1.57,Sausar Group,Mn ore / gondite horizon H1 (Mansar/Chorbaoli contact),False,True,27.4,LOW (25-35% Mn),MODERATE,3,SIMULATED
SIM_T36_POS_BH03,T36,POSITIVE_DRILLING_INTERSECTION,28.32,63.8,35.48,Sausar Group,quartz-mica schist / calc-silicate (host),False,False,0.86,BELOW 25% Mn,MODERATE,3,SIMULATED
SIM_T36_NEG_BH01,T36,NEGATIVE_DRILLING_RESULT,0.0,2.78,2.78,Sausar Group,weathered zone / laterite cover,True,False,1.14,BELOW 25% Mn,MODERATE,3,SIMULATED
SIM_T36_NEG_BH01,T36,NEGATIVE_DRILLING_RESULT,2.78,66.8,64.02,Sausar Group,quartz-mica schist / calc-silicate (host),True,False,0.26,BELOW 25% Mn,MODERATE,3,SIMULATED
SIM_T36_NEG_BH02,T36,NEGATIVE_DRILLING_RESULT,0.0,2.83,2.83,Sausar Group,weathered zone / laterite cover,True,False,0.35,BELOW 25% Mn,MODERATE,3,SIMULATED
SIM_T36_NEG_BH02,T36,NEGATIVE_DRILLING_RESULT,2.83,89.5,86.67,Sausar Group,quartz-mica schist / calc-silicate (host),True,False,0.34,BELOW 25% Mn,MODERATE,3,SIMULATED
SIM_T36_NEG_BH03,T36,NEGATIVE_DRILLING_RESULT,0.0,2.57,2.57,Sausar Group,weathered zone / laterite cover,True,False,0.39,BELOW 25% Mn,MODERATE,3,SIMULATED
SIM_T36_NEG_BH03,T36,NEGATIVE_DRILLING_RESULT,2.57,99.2,96.63,Sausar Group,quartz-mica schist / calc-silicate (host),True,False,0.47,BELOW 25% Mn,MODERATE,3,SIMULATED
SIM_T36_AMB_BH01,T36,AMBIGUOUS_DRILLING_RESULT,0.0,2.23,2.23,Sausar Group,weathered zone / laterite cover,True,False,0.29,BELOW 25% Mn,LOW,3,SIMULATED
SIM_T36_AMB_BH01,T36,AMBIGUOUS_DRILLING_RESULT,2.23,66.94,64.71,Sausar Group,quartz-mica schist / calc-silicate (host),True,False,0.27,BELOW 25% Mn,LOW,3,SIMULATED
SIM_T36_AMB_BH01,T36,AMBIGUOUS_DRILLING_RESULT,66.94,67.52,0.58,Sausar Group,Mn ore / gondite horizon H1 (Mansar/Chorbaoli contact),False,True,16.14,BELOW 25% Mn,LOW,3,SIMULATED
SIM_T36_AMB_BH01,T36,AMBIGUOUS_DRILLING_RESULT,67.52,86.3,18.78,Sausar Group,quartz-mica schist / calc-silicate (host),False,False,0.43,BELOW 25% Mn,LOW,3,SIMULATED
SIM_T36_AMB_BH02,T36,AMBIGUOUS_DRILLING_RESULT,0.0,2.82,2.82,Sausar Group,weathered zone / laterite cover,True,False,0.33,BELOW 25% Mn,LOW,3,SIMULATED
SIM_T36_AMB_BH02,T36,AMBIGUOUS_DRILLING_RESULT,2.82,71.61,68.78,Sausar Group,quartz-mica schist / calc-silicate (host),True,False,0.07,BELOW 25% Mn,LOW,3,SIMULATED
SIM_T36_AMB_BH02,T36,AMBIGUOUS_DRILLING_RESULT,71.61,72.43,0.82,Sausar Group,Mn ore / gondite horizon H2 (within Mansar Formation),False,True,23.41,BELOW 25% Mn,LOW,3,SIMULATED
SIM_T36_AMB_BH02,T36,AMBIGUOUS_DRILLING_RESULT,72.43,94.0,21.57,Sausar Group,quartz-mica schist / calc-silicate (host),False,False,0.24,BELOW 25% Mn,LOW,3,SIMULATED
SIM_T36_AMB_BH03,T36,AMBIGUOUS_DRILLING_RESULT,0.0,2.65,2.65,Sausar Group,weathered zone / laterite cover,True,False,0.44,BELOW 25% Mn,LOW,3,SIMULATED
SIM_T36_AMB_BH03,T36,AMBIGUOUS_DRILLING_RESULT,2.65,15.31,12.67,Sausar Group,quartz-mica schist / calc-silicate (host),True,False,0.28,BELOW 25% Mn,LOW,3,SIMULATED
SIM_T36_AMB_BH03,T36,AMBIGUOUS_DRILLING_RESULT,15.31,15.91,0.6,Sausar Group,Mn ore / gondite horizon H1 (Mansar/Chorbaoli contact),False,True,16.62,BELOW 25% Mn,LOW,3,SIMULATED
SIM_T36_AMB_BH03,T36,AMBIGUOUS_DRILLING_RESULT,15.91,54.1,38.19,Sausar Group,quartz-mica schist / calc-silicate (host),False,False,0.35,BELOW 25% Mn,LOW,3,SIMULATED
SIM_T37_POS_BH01,T37,POSITIVE_DRILLING_INTERSECTION,0.0,2.75,2.75,Sausar Group,weathered zone / laterite cover,True,False,0.61,BELOW 25% Mn,MODERATE,3,SIMULATED
SIM_T37_POS_BH01,T37,POSITIVE_DRILLING_INTERSECTION,2.75,25.25,22.5,Sausar Group,quartz-mica schist / calc-silicate (host),True,False,0.7,BELOW 25% Mn,MODERATE,3,SIMULATED
SIM_T37_POS_BH01,T37,POSITIVE_DRILLING_INTERSECTION,25.25,27.2,1.95,Sausar Group,Mn ore / gondite horizon H2 (within Mansar Formation),False,True,33.2,LOW (25-35% Mn),MODERATE,3,SIMULATED
SIM_T37_POS_BH01,T37,POSITIVE_DRILLING_INTERSECTION,27.2,29.09,1.89,Sausar Group,Mn ore / gondite horizon H1 (Mansar/Chorbaoli contact),False,True,29.42,LOW (25-35% Mn),MODERATE,3,SIMULATED
SIM_T37_POS_BH01,T37,POSITIVE_DRILLING_INTERSECTION,29.09,85.3,56.21,Sausar Group,quartz-mica schist / calc-silicate (host),False,False,0.31,BELOW 25% Mn,MODERATE,3,SIMULATED
SIM_T37_POS_BH02,T37,POSITIVE_DRILLING_INTERSECTION,0.0,2.34,2.34,Sausar Group,weathered zone / laterite cover,True,False,1.27,BELOW 25% Mn,MODERATE,3,SIMULATED
SIM_T37_POS_BH02,T37,POSITIVE_DRILLING_INTERSECTION,2.34,22.29,19.95,Sausar Group,quartz-mica schist / calc-silicate (host),True,False,0.59,BELOW 25% Mn,MODERATE,3,SIMULATED
SIM_T37_POS_BH02,T37,POSITIVE_DRILLING_INTERSECTION,22.29,23.97,1.68,Sausar Group,Mn ore / gondite horizon H1 (Mansar/Chorbaoli contact),False,True,26.59,LOW (25-35% Mn),MODERATE,3,SIMULATED
SIM_T37_POS_BH02,T37,POSITIVE_DRILLING_INTERSECTION,23.97,50.3,26.33,Sausar Group,quartz-mica schist / calc-silicate (host),False,False,0.46,BELOW 25% Mn,MODERATE,3,SIMULATED
SIM_T37_POS_BH03,T37,POSITIVE_DRILLING_INTERSECTION,0.0,2.45,2.45,Sausar Group,weathered zone / laterite cover,True,False,0.13,BELOW 25% Mn,MODERATE,3,SIMULATED
SIM_T37_POS_BH03,T37,POSITIVE_DRILLING_INTERSECTION,2.45,36.83,34.38,Sausar Group,quartz-mica schist / calc-silicate (host),True,False,0.29,BELOW 25% Mn,MODERATE,3,SIMULATED
SIM_T37_POS_BH03,T37,POSITIVE_DRILLING_INTERSECTION,36.83,38.65,1.83,Sausar Group,Mn ore / gondite horizon H1 (Mansar/Chorbaoli contact),False,True,37.68,MEDIUM (35-46% Mn),MODERATE,3,SIMULATED
SIM_T37_POS_BH03,T37,POSITIVE_DRILLING_INTERSECTION,38.65,54.48,15.82,Sausar Group,quartz-mica schist / calc-silicate (host),False,False,0.81,BELOW 25% Mn,MODERATE,3,SIMULATED
SIM_T37_POS_BH03,T37,POSITIVE_DRILLING_INTERSECTION,54.48,55.98,1.5,Sausar Group,Mn ore / gondite horizon H3 (Mansar/Lohangi-Sitasaongi contact),False,True,39.35,MEDIUM (35-46% Mn),MODERATE,3,SIMULATED
SIM_T37_POS_BH03,T37,POSITIVE_DRILLING_INTERSECTION,55.98,86.2,30.22,Sausar Group,quartz-mica schist / calc-silicate (host),False,False,0.42,BELOW 25% Mn,MODERATE,3,SIMULATED
SIM_T37_NEG_BH01,T37,NEGATIVE_DRILLING_RESULT,0.0,2.75,2.75,Sausar Group,weathered zone / laterite cover,True,False,0.39,BELOW 25% Mn,MODERATE,3,SIMULATED
SIM_T37_NEG_BH01,T37,NEGATIVE_DRILLING_RESULT,2.75,79.8,77.05,Sausar Group,quartz-mica schist / calc-silicate (host),True,False,0.34,BELOW 25% Mn,MODERATE,3,SIMULATED
SIM_T37_NEG_BH02,T37,NEGATIVE_DRILLING_RESULT,0.0,2.87,2.87,Sausar Group,weathered zone / laterite cover,True,False,0.83,BELOW 25% Mn,MODERATE,3,SIMULATED
SIM_T37_NEG_BH02,T37,NEGATIVE_DRILLING_RESULT,2.87,82.1,79.23,Sausar Group,quartz-mica schist / calc-silicate (host),True,False,0.34,BELOW 25% Mn,MODERATE,3,SIMULATED
SIM_T37_NEG_BH03,T37,NEGATIVE_DRILLING_RESULT,0.0,2.84,2.84,Sausar Group,weathered zone / laterite cover,True,False,0.33,BELOW 25% Mn,MODERATE,3,SIMULATED
SIM_T37_NEG_BH03,T37,NEGATIVE_DRILLING_RESULT,2.84,98.7,95.86,Sausar Group,quartz-mica schist / calc-silicate (host),True,False,0.95,BELOW 25% Mn,MODERATE,3,SIMULATED
SIM_T37_AMB_BH01,T37,AMBIGUOUS_DRILLING_RESULT,0.0,2.4,2.4,Sausar Group,weathered zone / laterite cover,True,False,0.17,BELOW 25% Mn,LOW,3,SIMULATED
SIM_T37_AMB_BH01,T37,AMBIGUOUS_DRILLING_RESULT,2.4,53.12,50.72,Sausar Group,quartz-mica schist / calc-silicate (host),True,False,0.21,BELOW 25% Mn,LOW,3,SIMULATED
SIM_T37_AMB_BH01,T37,AMBIGUOUS_DRILLING_RESULT,53.12,53.48,0.36,Sausar Group,Mn ore / gondite horizon H2 (within Mansar Formation),False,False,9.63,BELOW 25% Mn,LOW,3,SIMULATED
SIM_T37_AMB_BH01,T37,AMBIGUOUS_DRILLING_RESULT,53.48,95.9,42.42,Sausar Group,quartz-mica schist / calc-silicate (host),False,False,0.23,BELOW 25% Mn,LOW,3,SIMULATED
SIM_T37_AMB_BH02,T37,AMBIGUOUS_DRILLING_RESULT,0.0,2.99,2.99,Sausar Group,weathered zone / laterite cover,True,False,0.23,BELOW 25% Mn,LOW,3,SIMULATED
SIM_T37_AMB_BH02,T37,AMBIGUOUS_DRILLING_RESULT,2.99,58.27,55.28,Sausar Group,quartz-mica schist / calc-silicate (host),True,False,0.87,BELOW 25% Mn,LOW,3,SIMULATED
SIM_T37_AMB_BH02,T37,AMBIGUOUS_DRILLING_RESULT,58.27,58.88,0.61,Sausar Group,Mn ore / gondite horizon H2 (within Mansar Formation),False,True,27.22,LOW (25-35% Mn),LOW,3,SIMULATED
SIM_T37_AMB_BH02,T37,AMBIGUOUS_DRILLING_RESULT,58.88,81.8,22.92,Sausar Group,quartz-mica schist / calc-silicate (host),False,False,0.62,BELOW 25% Mn,LOW,3,SIMULATED
SIM_T37_AMB_BH03,T37,AMBIGUOUS_DRILLING_RESULT,0.0,2.21,2.21,Sausar Group,weathered zone / laterite cover,True,False,0.37,BELOW 25% Mn,LOW,3,SIMULATED
SIM_T37_AMB_BH03,T37,AMBIGUOUS_DRILLING_RESULT,2.21,30.05,27.85,Sausar Group,quartz-mica schist / calc-silicate (host),True,False,0.98,BELOW 25% Mn,LOW,3,SIMULATED
SIM_T37_AMB_BH03,T37,AMBIGUOUS_DRILLING_RESULT,30.05,30.74,0.68,Sausar Group,Mn ore / gondite horizon H2 (within Mansar Formation),False,True,14.03,BELOW 25% Mn,LOW,3,SIMULATED
SIM_T37_AMB_BH03,T37,AMBIGUOUS_DRILLING_RESULT,30.74,55.9,25.16,Sausar Group,quartz-mica schist / calc-silicate (host),False,False,0.22,BELOW 25% Mn,LOW,3,SIMULATED
SIM_T38_POS_BH01,T38,POSITIVE_DRILLING_INTERSECTION,0.0,2.63,2.63,Sausar Group,weathered zone / laterite cover,True,False,0.92,BELOW 25% Mn,MODERATE,3,SIMULATED
SIM_T38_POS_BH01,T38,POSITIVE_DRILLING_INTERSECTION,2.63,47.6,44.97,Sausar Group,quartz-mica schist / calc-silicate (host),True,False,0.76,BELOW 25% Mn,MODERATE,3,SIMULATED
SIM_T38_POS_BH01,T38,POSITIVE_DRILLING_INTERSECTION,47.6,49.12,1.53,Sausar Group,Mn ore / gondite horizon H3 (Mansar/Lohangi-Sitasaongi contact),False,True,39.41,MEDIUM (35-46% Mn),MODERATE,3,SIMULATED
SIM_T38_POS_BH01,T38,POSITIVE_DRILLING_INTERSECTION,49.12,74.8,25.68,Sausar Group,quartz-mica schist / calc-silicate (host),False,False,0.9,BELOW 25% Mn,MODERATE,3,SIMULATED
SIM_T38_POS_BH02,T38,POSITIVE_DRILLING_INTERSECTION,0.0,2.68,2.68,Sausar Group,weathered zone / laterite cover,True,False,0.67,BELOW 25% Mn,MODERATE,3,SIMULATED
SIM_T38_POS_BH02,T38,POSITIVE_DRILLING_INTERSECTION,2.68,24.18,21.5,Sausar Group,quartz-mica schist / calc-silicate (host),True,False,0.48,BELOW 25% Mn,MODERATE,3,SIMULATED
SIM_T38_POS_BH02,T38,POSITIVE_DRILLING_INTERSECTION,24.18,25.76,1.58,Sausar Group,Mn ore / gondite horizon H1 (Mansar/Chorbaoli contact),False,True,36.65,MEDIUM (35-46% Mn),MODERATE,3,SIMULATED
SIM_T38_POS_BH02,T38,POSITIVE_DRILLING_INTERSECTION,25.76,93.3,67.54,Sausar Group,quartz-mica schist / calc-silicate (host),False,False,0.46,BELOW 25% Mn,MODERATE,3,SIMULATED
SIM_T38_POS_BH03,T38,POSITIVE_DRILLING_INTERSECTION,0.0,2.75,2.75,Sausar Group,weathered zone / laterite cover,True,False,0.75,BELOW 25% Mn,MODERATE,3,SIMULATED
SIM_T38_POS_BH03,T38,POSITIVE_DRILLING_INTERSECTION,2.75,34.7,31.95,Sausar Group,quartz-mica schist / calc-silicate (host),True,False,0.24,BELOW 25% Mn,MODERATE,3,SIMULATED
SIM_T38_POS_BH03,T38,POSITIVE_DRILLING_INTERSECTION,34.7,36.27,1.57,Sausar Group,Mn ore / gondite horizon H1 (Mansar/Chorbaoli contact),False,True,39.14,MEDIUM (35-46% Mn),MODERATE,3,SIMULATED
SIM_T38_POS_BH03,T38,POSITIVE_DRILLING_INTERSECTION,36.27,50.12,13.85,Sausar Group,quartz-mica schist / calc-silicate (host),False,False,0.17,BELOW 25% Mn,MODERATE,3,SIMULATED
SIM_T38_POS_BH03,T38,POSITIVE_DRILLING_INTERSECTION,50.12,51.91,1.78,Sausar Group,Mn ore / gondite horizon H3 (Mansar/Lohangi-Sitasaongi contact),False,True,31.43,LOW (25-35% Mn),MODERATE,3,SIMULATED
SIM_T38_POS_BH03,T38,POSITIVE_DRILLING_INTERSECTION,51.91,99.3,47.39,Sausar Group,quartz-mica schist / calc-silicate (host),False,False,0.23,BELOW 25% Mn,MODERATE,3,SIMULATED
SIM_T38_NEG_BH01,T38,NEGATIVE_DRILLING_RESULT,0.0,2.69,2.69,Sausar Group,weathered zone / laterite cover,True,False,0.33,BELOW 25% Mn,MODERATE,3,SIMULATED
SIM_T38_NEG_BH01,T38,NEGATIVE_DRILLING_RESULT,2.69,66.7,64.01,Sausar Group,quartz-mica schist / calc-silicate (host),True,False,0.49,BELOW 25% Mn,MODERATE,3,SIMULATED
SIM_T38_NEG_BH02,T38,NEGATIVE_DRILLING_RESULT,0.0,2.79,2.79,Sausar Group,weathered zone / laterite cover,True,False,0.44,BELOW 25% Mn,MODERATE,3,SIMULATED
SIM_T38_NEG_BH02,T38,NEGATIVE_DRILLING_RESULT,2.79,84.2,81.41,Sausar Group,quartz-mica schist / calc-silicate (host),True,False,0.62,BELOW 25% Mn,MODERATE,3,SIMULATED
SIM_T38_NEG_BH03,T38,NEGATIVE_DRILLING_RESULT,0.0,2.78,2.78,Sausar Group,weathered zone / laterite cover,True,False,0.37,BELOW 25% Mn,MODERATE,3,SIMULATED
SIM_T38_NEG_BH03,T38,NEGATIVE_DRILLING_RESULT,2.78,85.2,82.42,Sausar Group,quartz-mica schist / calc-silicate (host),True,False,0.27,BELOW 25% Mn,MODERATE,3,SIMULATED
SIM_T38_AMB_BH01,T38,AMBIGUOUS_DRILLING_RESULT,0.0,2.06,2.06,Sausar Group,weathered zone / laterite cover,True,False,0.65,BELOW 25% Mn,LOW,3,SIMULATED
SIM_T38_AMB_BH01,T38,AMBIGUOUS_DRILLING_RESULT,2.06,18.68,16.61,Sausar Group,quartz-mica schist / calc-silicate (host),True,False,0.26,BELOW 25% Mn,LOW,3,SIMULATED
SIM_T38_AMB_BH01,T38,AMBIGUOUS_DRILLING_RESULT,18.68,19.09,0.41,Sausar Group,Mn ore / gondite horizon H2 (within Mansar Formation),False,True,21.91,BELOW 25% Mn,LOW,3,SIMULATED
SIM_T38_AMB_BH01,T38,AMBIGUOUS_DRILLING_RESULT,19.09,93.6,74.51,Sausar Group,quartz-mica schist / calc-silicate (host),False,False,0.23,BELOW 25% Mn,LOW,3,SIMULATED
SIM_T38_AMB_BH02,T38,AMBIGUOUS_DRILLING_RESULT,0.0,2.39,2.39,Sausar Group,weathered zone / laterite cover,True,False,0.45,BELOW 25% Mn,LOW,3,SIMULATED
SIM_T38_AMB_BH02,T38,AMBIGUOUS_DRILLING_RESULT,2.39,25.07,22.68,Sausar Group,quartz-mica schist / calc-silicate (host),True,False,0.2,BELOW 25% Mn,LOW,3,SIMULATED
SIM_T38_AMB_BH02,T38,AMBIGUOUS_DRILLING_RESULT,25.07,25.68,0.6,Sausar Group,Mn ore / gondite horizon H1 (Mansar/Chorbaoli contact),False,True,17.49,BELOW 25% Mn,LOW,3,SIMULATED
SIM_T38_AMB_BH02,T38,AMBIGUOUS_DRILLING_RESULT,25.68,58.0,32.32,Sausar Group,quartz-mica schist / calc-silicate (host),False,False,0.27,BELOW 25% Mn,LOW,3,SIMULATED
SIM_T38_AMB_BH03,T38,AMBIGUOUS_DRILLING_RESULT,0.0,2.28,2.28,Sausar Group,weathered zone / laterite cover,True,False,0.19,BELOW 25% Mn,LOW,3,SIMULATED
SIM_T38_AMB_BH03,T38,AMBIGUOUS_DRILLING_RESULT,2.28,45.86,43.58,Sausar Group,quartz-mica schist / calc-silicate (host),True,False,0.46,BELOW 25% Mn,LOW,3,SIMULATED
SIM_T38_AMB_BH03,T38,AMBIGUOUS_DRILLING_RESULT,45.86,46.19,0.33,Sausar Group,Mn ore / gondite horizon H3 (Mansar/Lohangi-Sitasaongi contact),False,True,12.0,BELOW 25% Mn,LOW,3,SIMULATED
SIM_T38_AMB_BH03,T38,AMBIGUOUS_DRILLING_RESULT,46.19,87.0,40.81,Sausar Group,quartz-mica schist / calc-silicate (host),False,False,0.4,BELOW 25% Mn,LOW,3,SIMULATED
SIM_T39_POS_BH01,T39,POSITIVE_DRILLING_INTERSECTION,0.0,2.22,2.22,Sausar Group,weathered zone / laterite cover,True,False,0.44,BELOW 25% Mn,MODERATE,3,SIMULATED
SIM_T39_POS_BH01,T39,POSITIVE_DRILLING_INTERSECTION,2.22,39.99,37.77,Sausar Group,quartz-mica schist / calc-silicate (host),True,False,0.4,BELOW 25% Mn,MODERATE,3,SIMULATED
SIM_T39_POS_BH01,T39,POSITIVE_DRILLING_INTERSECTION,39.99,41.73,1.74,Sausar Group,Mn ore / gondite horizon H3 (Mansar/Lohangi-Sitasaongi contact),False,True,23.34,BELOW 25% Mn,MODERATE,3,SIMULATED
SIM_T39_POS_BH01,T39,POSITIVE_DRILLING_INTERSECTION,41.73,63.37,21.64,Sausar Group,quartz-mica schist / calc-silicate (host),False,False,0.86,BELOW 25% Mn,MODERATE,3,SIMULATED
SIM_T39_POS_BH01,T39,POSITIVE_DRILLING_INTERSECTION,63.37,65.13,1.76,Sausar Group,Mn ore / gondite horizon H2 (within Mansar Formation),False,True,28.65,LOW (25-35% Mn),MODERATE,3,SIMULATED
SIM_T39_POS_BH01,T39,POSITIVE_DRILLING_INTERSECTION,65.13,78.7,13.57,Sausar Group,quartz-mica schist / calc-silicate (host),False,False,0.29,BELOW 25% Mn,MODERATE,3,SIMULATED
SIM_T39_POS_BH02,T39,POSITIVE_DRILLING_INTERSECTION,0.0,2.34,2.34,Sausar Group,weathered zone / laterite cover,True,False,0.26,BELOW 25% Mn,MODERATE,3,SIMULATED
SIM_T39_POS_BH02,T39,POSITIVE_DRILLING_INTERSECTION,2.34,43.87,41.53,Sausar Group,quartz-mica schist / calc-silicate (host),True,False,0.38,BELOW 25% Mn,MODERATE,3,SIMULATED
SIM_T39_POS_BH02,T39,POSITIVE_DRILLING_INTERSECTION,43.87,45.4,1.53,Sausar Group,Mn ore / gondite horizon H1 (Mansar/Chorbaoli contact),False,True,26.51,LOW (25-35% Mn),MODERATE,3,SIMULATED
SIM_T39_POS_BH02,T39,POSITIVE_DRILLING_INTERSECTION,45.4,68.95,23.55,Sausar Group,quartz-mica schist / calc-silicate (host),False,False,0.77,BELOW 25% Mn,MODERATE,3,SIMULATED
SIM_T39_POS_BH02,T39,POSITIVE_DRILLING_INTERSECTION,68.95,70.47,1.52,Sausar Group,Mn ore / gondite horizon H2 (within Mansar Formation),False,True,32.03,LOW (25-35% Mn),MODERATE,3,SIMULATED
SIM_T39_POS_BH02,T39,POSITIVE_DRILLING_INTERSECTION,70.47,82.3,11.83,Sausar Group,quartz-mica schist / calc-silicate (host),False,False,0.35,BELOW 25% Mn,MODERATE,3,SIMULATED
SIM_T39_POS_BH03,T39,POSITIVE_DRILLING_INTERSECTION,0.0,2.54,2.54,Sausar Group,weathered zone / laterite cover,True,False,0.37,BELOW 25% Mn,MODERATE,3,SIMULATED
SIM_T39_POS_BH03,T39,POSITIVE_DRILLING_INTERSECTION,2.54,46.29,43.75,Sausar Group,quartz-mica schist / calc-silicate (host),True,False,0.16,BELOW 25% Mn,MODERATE,3,SIMULATED
SIM_T39_POS_BH03,T39,POSITIVE_DRILLING_INTERSECTION,46.29,48.13,1.83,Sausar Group,Mn ore / gondite horizon H1 (Mansar/Chorbaoli contact),False,True,30.69,LOW (25-35% Mn),MODERATE,3,SIMULATED
SIM_T39_POS_BH03,T39,POSITIVE_DRILLING_INTERSECTION,48.13,64.1,15.97,Sausar Group,quartz-mica schist / calc-silicate (host),False,False,2.09,BELOW 25% Mn,MODERATE,3,SIMULATED
SIM_T39_NEG_BH01,T39,NEGATIVE_DRILLING_RESULT,0.0,2.08,2.08,Sausar Group,weathered zone / laterite cover,True,False,0.78,BELOW 25% Mn,MODERATE,3,SIMULATED
SIM_T39_NEG_BH01,T39,NEGATIVE_DRILLING_RESULT,2.08,51.0,48.92,Sausar Group,quartz-mica schist / calc-silicate (host),True,False,0.14,BELOW 25% Mn,MODERATE,3,SIMULATED
SIM_T39_NEG_BH02,T39,NEGATIVE_DRILLING_RESULT,0.0,2.96,2.96,Sausar Group,weathered zone / laterite cover,True,False,0.23,BELOW 25% Mn,MODERATE,3,SIMULATED
SIM_T39_NEG_BH02,T39,NEGATIVE_DRILLING_RESULT,2.96,75.6,72.64,Sausar Group,quartz-mica schist / calc-silicate (host),True,False,0.21,BELOW 25% Mn,MODERATE,3,SIMULATED
SIM_T39_NEG_BH03,T39,NEGATIVE_DRILLING_RESULT,0.0,2.21,2.21,Sausar Group,weathered zone / laterite cover,True,False,0.16,BELOW 25% Mn,MODERATE,3,SIMULATED
SIM_T39_NEG_BH03,T39,NEGATIVE_DRILLING_RESULT,2.21,81.6,79.39,Sausar Group,quartz-mica schist / calc-silicate (host),True,False,0.41,BELOW 25% Mn,MODERATE,3,SIMULATED
SIM_T39_AMB_BH01,T39,AMBIGUOUS_DRILLING_RESULT,0.0,2.92,2.92,Sausar Group,weathered zone / laterite cover,True,False,0.24,BELOW 25% Mn,LOW,3,SIMULATED
SIM_T39_AMB_BH01,T39,AMBIGUOUS_DRILLING_RESULT,2.92,32.7,29.78,Sausar Group,quartz-mica schist / calc-silicate (host),True,False,0.3,BELOW 25% Mn,LOW,3,SIMULATED
SIM_T39_AMB_BH01,T39,AMBIGUOUS_DRILLING_RESULT,32.7,33.09,0.39,Sausar Group,Mn ore / gondite horizon H1 (Mansar/Chorbaoli contact),False,True,19.81,BELOW 25% Mn,LOW,3,SIMULATED
SIM_T39_AMB_BH01,T39,AMBIGUOUS_DRILLING_RESULT,33.09,56.9,23.81,Sausar Group,quartz-mica schist / calc-silicate (host),False,False,0.33,BELOW 25% Mn,LOW,3,SIMULATED
SIM_T39_AMB_BH02,T39,AMBIGUOUS_DRILLING_RESULT,0.0,2.28,2.28,Sausar Group,weathered zone / laterite cover,True,False,0.33,BELOW 25% Mn,LOW,3,SIMULATED
SIM_T39_AMB_BH02,T39,AMBIGUOUS_DRILLING_RESULT,2.28,20.17,17.9,Sausar Group,quartz-mica schist / calc-silicate (host),True,False,0.35,BELOW 25% Mn,LOW,3,SIMULATED
SIM_T39_AMB_BH02,T39,AMBIGUOUS_DRILLING_RESULT,20.17,20.59,0.42,Sausar Group,Mn ore / gondite horizon H3 (Mansar/Lohangi-Sitasaongi contact),False,True,13.16,BELOW 25% Mn,LOW,3,SIMULATED
SIM_T39_AMB_BH02,T39,AMBIGUOUS_DRILLING_RESULT,20.59,79.9,59.31,Sausar Group,quartz-mica schist / calc-silicate (host),False,False,0.31,BELOW 25% Mn,LOW,3,SIMULATED
SIM_T39_AMB_BH03,T39,AMBIGUOUS_DRILLING_RESULT,0.0,2.65,2.65,Sausar Group,weathered zone / laterite cover,True,False,0.27,BELOW 25% Mn,LOW,3,SIMULATED
SIM_T39_AMB_BH03,T39,AMBIGUOUS_DRILLING_RESULT,2.65,16.07,13.41,Sausar Group,quartz-mica schist / calc-silicate (host),True,False,0.76,BELOW 25% Mn,LOW,3,SIMULATED
SIM_T39_AMB_BH03,T39,AMBIGUOUS_DRILLING_RESULT,16.07,16.5,0.43,Sausar Group,Mn ore / gondite horizon H3 (Mansar/Lohangi-Sitasaongi contact),False,True,15.93,BELOW 25% Mn,LOW,3,SIMULATED
SIM_T39_AMB_BH03,T39,AMBIGUOUS_DRILLING_RESULT,16.5,56.0,39.5,Sausar Group,quartz-mica schist / calc-silicate (host),False,False,0.63,BELOW 25% Mn,LOW,3,SIMULATED
SIM_T40_POS_BH01,T40,POSITIVE_DRILLING_INTERSECTION,0.0,2.22,2.22,Sausar Group,weathered zone / laterite cover,True,False,0.36,BELOW 25% Mn,MODERATE,3,SIMULATED
SIM_T40_POS_BH01,T40,POSITIVE_DRILLING_INTERSECTION,2.22,28.05,25.83,Sausar Group,quartz-mica schist / calc-silicate (host),True,False,0.26,BELOW 25% Mn,MODERATE,3,SIMULATED
SIM_T40_POS_BH01,T40,POSITIVE_DRILLING_INTERSECTION,28.05,29.71,1.66,Sausar Group,Mn ore / gondite horizon H3 (Mansar/Lohangi-Sitasaongi contact),False,True,27.74,LOW (25-35% Mn),MODERATE,3,SIMULATED
SIM_T40_POS_BH01,T40,POSITIVE_DRILLING_INTERSECTION,29.71,85.0,55.29,Sausar Group,quartz-mica schist / calc-silicate (host),False,False,0.38,BELOW 25% Mn,MODERATE,3,SIMULATED
SIM_T40_POS_BH02,T40,POSITIVE_DRILLING_INTERSECTION,0.0,2.67,2.67,Sausar Group,weathered zone / laterite cover,True,False,0.19,BELOW 25% Mn,MODERATE,3,SIMULATED
SIM_T40_POS_BH02,T40,POSITIVE_DRILLING_INTERSECTION,2.67,25.03,22.36,Sausar Group,quartz-mica schist / calc-silicate (host),True,False,0.51,BELOW 25% Mn,MODERATE,3,SIMULATED
SIM_T40_POS_BH02,T40,POSITIVE_DRILLING_INTERSECTION,25.03,26.91,1.88,Sausar Group,Mn ore / gondite horizon H2 (within Mansar Formation),False,True,27.95,LOW (25-35% Mn),MODERATE,3,SIMULATED
SIM_T40_POS_BH02,T40,POSITIVE_DRILLING_INTERSECTION,26.91,28.55,1.63,Sausar Group,Mn ore / gondite horizon H3 (Mansar/Lohangi-Sitasaongi contact),False,True,44.0,MEDIUM (35-46% Mn),MODERATE,3,SIMULATED
SIM_T40_POS_BH02,T40,POSITIVE_DRILLING_INTERSECTION,28.55,58.2,29.65,Sausar Group,quartz-mica schist / calc-silicate (host),False,False,0.55,BELOW 25% Mn,MODERATE,3,SIMULATED
SIM_T40_POS_BH03,T40,POSITIVE_DRILLING_INTERSECTION,0.0,2.14,2.14,Sausar Group,weathered zone / laterite cover,True,False,0.45,BELOW 25% Mn,MODERATE,3,SIMULATED
SIM_T40_POS_BH03,T40,POSITIVE_DRILLING_INTERSECTION,2.14,19.6,17.46,Sausar Group,quartz-mica schist / calc-silicate (host),True,False,0.21,BELOW 25% Mn,MODERATE,3,SIMULATED
SIM_T40_POS_BH03,T40,POSITIVE_DRILLING_INTERSECTION,19.6,21.13,1.53,Sausar Group,Mn ore / gondite horizon H3 (Mansar/Lohangi-Sitasaongi contact),False,True,30.11,LOW (25-35% Mn),MODERATE,3,SIMULATED
SIM_T40_POS_BH03,T40,POSITIVE_DRILLING_INTERSECTION,21.13,43.61,22.48,Sausar Group,quartz-mica schist / calc-silicate (host),False,False,0.42,BELOW 25% Mn,MODERATE,3,SIMULATED
SIM_T40_POS_BH03,T40,POSITIVE_DRILLING_INTERSECTION,43.61,45.39,1.78,Sausar Group,Mn ore / gondite horizon H1 (Mansar/Chorbaoli contact),False,True,27.51,LOW (25-35% Mn),MODERATE,3,SIMULATED
SIM_T40_POS_BH03,T40,POSITIVE_DRILLING_INTERSECTION,45.39,64.5,19.11,Sausar Group,quartz-mica schist / calc-silicate (host),False,False,0.58,BELOW 25% Mn,MODERATE,3,SIMULATED
SIM_T40_NEG_BH01,T40,NEGATIVE_DRILLING_RESULT,0.0,2.99,2.99,Sausar Group,weathered zone / laterite cover,True,False,1.0,BELOW 25% Mn,MODERATE,3,SIMULATED
SIM_T40_NEG_BH01,T40,NEGATIVE_DRILLING_RESULT,2.99,86.5,83.51,Sausar Group,quartz-mica schist / calc-silicate (host),True,False,0.37,BELOW 25% Mn,MODERATE,3,SIMULATED
SIM_T40_NEG_BH02,T40,NEGATIVE_DRILLING_RESULT,0.0,2.02,2.02,Sausar Group,weathered zone / laterite cover,True,False,0.42,BELOW 25% Mn,MODERATE,3,SIMULATED
SIM_T40_NEG_BH02,T40,NEGATIVE_DRILLING_RESULT,2.02,79.5,77.48,Sausar Group,quartz-mica schist / calc-silicate (host),True,False,0.51,BELOW 25% Mn,MODERATE,3,SIMULATED
SIM_T40_NEG_BH03,T40,NEGATIVE_DRILLING_RESULT,0.0,2.89,2.89,Sausar Group,weathered zone / laterite cover,True,False,0.15,BELOW 25% Mn,MODERATE,3,SIMULATED
SIM_T40_NEG_BH03,T40,NEGATIVE_DRILLING_RESULT,2.89,97.8,94.91,Sausar Group,quartz-mica schist / calc-silicate (host),True,False,0.59,BELOW 25% Mn,MODERATE,3,SIMULATED
SIM_T40_AMB_BH01,T40,AMBIGUOUS_DRILLING_RESULT,0.0,2.09,2.09,Sausar Group,weathered zone / laterite cover,True,False,0.31,BELOW 25% Mn,LOW,3,SIMULATED
SIM_T40_AMB_BH01,T40,AMBIGUOUS_DRILLING_RESULT,2.09,59.45,57.37,Sausar Group,quartz-mica schist / calc-silicate (host),True,False,0.37,BELOW 25% Mn,LOW,3,SIMULATED
SIM_T40_AMB_BH01,T40,AMBIGUOUS_DRILLING_RESULT,59.45,59.82,0.37,Sausar Group,Mn ore / gondite horizon H2 (within Mansar Formation),False,True,16.7,BELOW 25% Mn,LOW,3,SIMULATED
SIM_T40_AMB_BH01,T40,AMBIGUOUS_DRILLING_RESULT,59.82,84.7,24.88,Sausar Group,quartz-mica schist / calc-silicate (host),False,False,0.21,BELOW 25% Mn,LOW,3,SIMULATED
SIM_T40_AMB_BH02,T40,AMBIGUOUS_DRILLING_RESULT,0.0,2.19,2.19,Sausar Group,weathered zone / laterite cover,True,False,0.76,BELOW 25% Mn,LOW,3,SIMULATED
SIM_T40_AMB_BH02,T40,AMBIGUOUS_DRILLING_RESULT,2.19,11.39,9.2,Sausar Group,quartz-mica schist / calc-silicate (host),True,False,0.19,BELOW 25% Mn,LOW,3,SIMULATED
SIM_T40_AMB_BH02,T40,AMBIGUOUS_DRILLING_RESULT,11.39,12.13,0.73,Sausar Group,Mn ore / gondite horizon H1 (Mansar/Chorbaoli contact),True,True,19.74,BELOW 25% Mn,LOW,3,SIMULATED
SIM_T40_AMB_BH02,T40,AMBIGUOUS_DRILLING_RESULT,12.13,52.2,40.07,Sausar Group,quartz-mica schist / calc-silicate (host),True,False,0.28,BELOW 25% Mn,LOW,3,SIMULATED
SIM_T40_AMB_BH03,T40,AMBIGUOUS_DRILLING_RESULT,0.0,2.82,2.82,Sausar Group,weathered zone / laterite cover,True,False,0.87,BELOW 25% Mn,LOW,3,SIMULATED
SIM_T40_AMB_BH03,T40,AMBIGUOUS_DRILLING_RESULT,2.82,19.5,16.68,Sausar Group,quartz-mica schist / calc-silicate (host),True,False,0.72,BELOW 25% Mn,LOW,3,SIMULATED
SIM_T40_AMB_BH03,T40,AMBIGUOUS_DRILLING_RESULT,19.5,20.18,0.68,Sausar Group,Mn ore / gondite horizon H2 (within Mansar Formation),False,True,10.57,BELOW 25% Mn,LOW,3,SIMULATED
SIM_T40_AMB_BH03,T40,AMBIGUOUS_DRILLING_RESULT,20.18,94.2,74.02,Sausar Group,quartz-mica schist / calc-silicate (host),False,False,0.91,BELOW 25% Mn,LOW,3,SIMULATED
