date,mine_id,synthetic_mine_id,target_tonnes,actual_tonnes,equipment_availability,equipment_downtime_h,maintenance_hours,drilling_delay_h,blast_delay_h,truck_count,haulage_delay_h,utilization,rainfall_mm,soil_moisture_m3m3,temperature_max_c,rainfall_source,ops_data_mode,weather_data_mode
2021-01-01,DEMO_MINE,SYN_MINE_01,1500.0,1413.4,0.8635,1.729,0.0,1.296,0.335,17.17,0.0,0.8378,0.0,0.279,27.24,IMD gridded 0.25deg (REAL_GOVERNMENT),SYNTHETIC,REAL_GOVERNMENT
2021-01-02,DEMO_MINE,SYN_MINE_01,1500.0,1969.7,1.0,0.0,0.0,1.519,0.224,16.47,0.0,0.9344,0.0,0.274,28.64,IMD gridded 0.25deg (REAL_GOVERNMENT),SYNTHETIC,REAL_GOVERNMENT
2021-01-03,DEMO_MINE,SYN_MINE_01,1275.0,1459.6,1.0,0.0,0.0,2.178,0.47,16.31,0.0,0.7388,0.0,0.266,28.99,IMD gridded 0.25deg (REAL_GOVERNMENT),SYNTHETIC,REAL_GOVERNMENT
2021-01-04,DEMO_MINE,SYN_MINE_01,1500.0,1791.4,1.0,0.0,0.0,0.0,0.138,17.15,0.0,0.8851,0.0,0.262,27.79,IMD gridded 0.25deg (REAL_GOVERNMENT),SYNTHETIC,REAL_GOVERNMENT
2021-01-05,DEMO_MINE,SYN_MINE_01,1500.0,1578.0,0.8412,0.0,3.175,1.792,0.031,16.88,0.0,0.9049,0.0,0.262,26.64,IMD gridded 0.25deg (REAL_GOVERNMENT),SYNTHETIC,REAL_GOVERNMENT
2021-01-06,DEMO_MINE,SYN_MINE_01,1500.0,1706.5,1.0,0.0,0.0,0.0,0.092,16.97,0.0,0.8434,0.0,0.261,29.39,IMD gridded 0.25deg (REAL_GOVERNMENT),SYNTHETIC,REAL_GOVERNMENT
2021-01-07,DEMO_MINE,SYN_MINE_01,1500.0,1600.5,1.0,0.0,0.0,0.0,0.353,16.0,0.0,0.8127,0.0,0.26,29.48,IMD gridded 0.25deg (REAL_GOVERNMENT),SYNTHETIC,REAL_GOVERNMENT
2021-01-08,DEMO_MINE,SYN_MINE_01,1500.0,1671.1,1.0,0.0,0.0,0.0,0.521,16.01,0.0,0.8587,0.0,0.261,27.76,IMD gridded 0.25deg (REAL_GOVERNMENT),SYNTHETIC,REAL_GOVERNMENT
2021-01-09,DEMO_MINE,SYN_MINE_01,1500.0,1571.1,0.9191,1.618,0.0,0.467,0.655,16.39,0.0,0.8865,0.0,0.259,29.64,IMD gridded 0.25deg (REAL_GOVERNMENT),SYNTHETIC,REAL_GOVERNMENT
2021-01-10,DEMO_MINE,SYN_MINE_01,1275.0,1030.8,0.7589,4.821,0.0,1.96,0.267,14.73,0.0,0.6969,0.0,0.262,29.21,IMD gridded 0.25deg (REAL_GOVERNMENT),SYNTHETIC,REAL_GOVERNMENT
2021-01-11,DEMO_MINE,SYN_MINE_01,1500.0,1376.0,0.8477,0.0,3.046,0.0,0.402,16.7,0.0,0.8356,0.0,0.262,30.05,IMD gridded 0.25deg (REAL_GOVERNMENT),SYNTHETIC,REAL_GOVERNMENT
2021-01-12,DEMO_MINE,SYN_MINE_01,1500.0,1801.6,1.0,0.0,0.0,1.882,0.024,17.5,0.0,0.8934,0.0,0.26,27.99,IMD gridded 0.25deg (REAL_GOVERNMENT),SYNTHETIC,REAL_GOVERNMENT
2021-01-13,DEMO_MINE,SYN_MINE_01,1500.0,1702.7,1.0,0.0,0.0,0.0,0.0,17.3,0.0,0.8368,0.0,0.263,26.75,IMD gridded 0.25deg (REAL_GOVERNMENT),SYNTHETIC,REAL_GOVERNMENT
2021-01-14,DEMO_MINE,SYN_MINE_01,1500.0,1660.4,1.0,0.0,0.0,0.0,0.302,17.02,0.0,0.8381,0.0,0.258,27.52,IMD gridded 0.25deg (REAL_GOVERNMENT),SYNTHETIC,REAL_GOVERNMENT
2021-01-15,DEMO_MINE,SYN_MINE_01,1500.0,1357.1,0.8253,3.494,0.0,1.026,0.225,16.48,0.0,0.8354,0.0,0.257,27.99,IMD gridded 0.25deg (REAL_GOVERNMENT),SYNTHETIC,REAL_GOVERNMENT
2021-01-16,DEMO_MINE,SYN_MINE_01,1500.0,1723.5,1.0,0.0,0.0,0.698,0.046,16.02,0.0,0.852,0.0,0.258,28.56,IMD gridded 0.25deg (REAL_GOVERNMENT),SYNTHETIC,REAL_GOVERNMENT
2021-01-17,DEMO_MINE,SYN_MINE_01,1275.0,1388.0,1.0,0.0,0.0,1.582,0.306,16.61,0.0,0.7096,0.0,0.259,29.35,IMD gridded 0.25deg (REAL_GOVERNMENT),SYNTHETIC,REAL_GOVERNMENT
2021-01-18,DEMO_MINE,SYN_MINE_01,1500.0,1768.9,1.0,0.0,0.0,0.774,0.103,17.46,0.0,0.8782,0.0,0.254,29.76,IMD gridded 0.25deg (REAL_GOVERNMENT),SYNTHETIC,REAL_GOVERNMENT
2021-01-19,DEMO_MINE,SYN_MINE_01,1500.0,1670.9,1.0,0.0,0.0,0.0,0.33,16.36,0.0,0.8524,0.0,0.253,30.51,IMD gridded 0.25deg (REAL_GOVERNMENT),SYNTHETIC,REAL_GOVERNMENT
2021-01-20,DEMO_MINE,SYN_MINE_01,1500.0,1594.3,1.0,0.0,0.0,0.0,0.304,17.1,0.0,0.8018,0.0,0.252,28.8,IMD gridded 0.25deg (REAL_GOVERNMENT),SYNTHETIC,REAL_GOVERNMENT
2021-01-21,DEMO_MINE,SYN_MINE_01,1500.0,1442.3,0.825,0.0,3.5,0.88,0.084,15.98,0.0,0.8611,0.0,0.252,29.14,IMD gridded 0.25deg (REAL_GOVERNMENT),SYNTHETIC,REAL_GOVERNMENT
2021-01-22,DEMO_MINE,SYN_MINE_01,1500.0,1712.4,1.0,0.0,0.0,0.896,0.212,17.66,0.0,0.8635,0.0,0.252,30.17,IMD gridded 0.25deg (REAL_GOVERNMENT),SYNTHETIC,REAL_GOVERNMENT
2021-01-23,DEMO_MINE,SYN_MINE_01,1500.0,1652.7,1.0,0.0,0.0,0.0,0.264,15.77,0.0,0.8186,0.0,0.253,30.95,IMD gridded 0.25deg (REAL_GOVERNMENT),SYNTHETIC,REAL_GOVERNMENT
2021-01-24,DEMO_MINE,SYN_MINE_01,1275.0,1290.4,0.8641,1.301,0.0,0.315,0.145,17.18,0.0,0.7145,0.0,0.253,30.73,IMD gridded 0.25deg (REAL_GOVERNMENT),SYNTHETIC,REAL_GOVERNMENT
2021-01-25,DEMO_MINE,SYN_MINE_01,1500.0,1388.9,1.0,0.0,0.0,2.626,0.355,16.63,1.497,0.7116,0.0,0.253,28.72,IMD gridded 0.25deg (REAL_GOVERNMENT),SYNTHETIC,REAL_GOVERNMENT
2021-01-26,DEMO_MINE,SYN_MINE_01,1500.0,1800.7,1.0,0.0,0.0,0.0,0.0,15.92,0.0,0.8679,0.0,0.253,26.53,IMD gridded 0.25deg (REAL_GOVERNMENT),SYNTHETIC,REAL_GOVERNMENT
2021-01-27,DEMO_MINE,SYN_MINE_01,1500.0,1356.4,0.8432,0.0,3.135,0.772,0.557,16.52,0.0,0.838,0.0,0.253,26.72,IMD gridded 0.25deg (REAL_GOVERNMENT),SYNTHETIC,REAL_GOVERNMENT
2021-01-28,DEMO_MINE,SYN_MINE_01,1500.0,1594.3,1.0,0.0,0.0,0.0,0.548,15.67,0.0,0.8143,0.0,0.254,27.35,IMD gridded 0.25deg (REAL_GOVERNMENT),SYNTHETIC,REAL_GOVERNMENT
2021-01-29,DEMO_MINE,SYN_MINE_01,1500.0,1670.2,1.0,0.0,0.0,0.0,0.327,17.2,0.0,0.8522,4.22,0.275,25.24,IMD gridded 0.25deg (REAL_GOVERNMENT),SYNTHETIC,REAL_GOVERNMENT
2021-01-30,DEMO_MINE,SYN_MINE_01,1500.0,1699.1,1.0,0.0,0.0,0.0,0.237,16.27,0.0,0.8373,0.0,0.282,24.93,IMD gridded 0.25deg (REAL_GOVERNMENT),SYNTHETIC,REAL_GOVERNMENT
2021-01-31,DEMO_MINE,SYN_MINE_01,1275.0,1408.9,1.0,0.0,0.0,0.0,0.565,14.92,0.0,0.7334,0.0,0.278,26.83,IMD gridded 0.25deg (REAL_GOVERNMENT),SYNTHETIC,REAL_GOVERNMENT
2021-02-01,DEMO_MINE,SYN_MINE_01,1500.0,1731.5,1.0,0.0,0.0,0.947,0.0,17.31,0.0,0.8483,0.0,0.276,28.44,IMD gridded 0.25deg (REAL_GOVERNMENT),SYNTHETIC,REAL_GOVERNMENT
2021-02-02,DEMO_MINE,SYN_MINE_01,1500.0,1542.8,1.0,0.0,0.0,0.055,0.984,16.54,0.0,0.8165,0.0,0.271,30.09,IMD gridded 0.25deg (REAL_GOVERNMENT),SYNTHETIC,REAL_GOVERNMENT
2021-02-03,DEMO_MINE,SYN_MINE_01,1500.0,1714.4,1.0,0.0,0.0,2.055,0.189,17.35,0.0,0.8523,0.0,0.27,30.73,IMD gridded 0.25deg (REAL_GOVERNMENT),SYNTHETIC,REAL_GOVERNMENT
2021-02-04,DEMO_MINE,SYN_MINE_01,1500.0,1595.7,1.0,0.0,0.0,0.523,0.589,16.62,0.0,0.8249,0.0,0.268,31.34,IMD gridded 0.25deg (REAL_GOVERNMENT),SYNTHETIC,REAL_GOVERNMENT
2021-02-05,DEMO_MINE,SYN_MINE_01,1500.0,1706.5,1.0,0.0,0.0,0.0,0.0,16.22,0.0,0.8319,0.0,0.266,29.74,IMD gridded 0.25deg (REAL_GOVERNMENT),SYNTHETIC,REAL_GOVERNMENT
2021-02-06,DEMO_MINE,SYN_MINE_01,1500.0,1429.8,0.825,0.0,3.5,0.0,0.405,16.86,0.0,0.8921,0.0,0.263,27.13,IMD gridded 0.25deg (REAL_GOVERNMENT),SYNTHETIC,REAL_GOVERNMENT
2021-02-07,DEMO_MINE,SYN_MINE_01,1275.0,1451.2,1.0,0.0,0.0,0.847,0.108,16.18,0.0,0.718,0.0,0.262,27.18,IMD gridded 0.25deg (REAL_GOVERNMENT),SYNTHETIC,REAL_GOVERNMENT
2021-02-08,DEMO_MINE,SYN_MINE_01,1500.0,1749.7,1.0,0.0,0.0,0.839,0.0,16.21,0.0,0.8426,0.0,0.261,27.99,IMD gridded 0.25deg (REAL_GOVERNMENT),SYNTHETIC,REAL_GOVERNMENT
2021-02-09,DEMO_MINE,SYN_MINE_01,1500.0,1547.9,0.9048,1.904,0.0,0.0,0.586,16.3,0.0,0.8889,0.0,0.261,29.84,IMD gridded 0.25deg (REAL_GOVERNMENT),SYNTHETIC,REAL_GOVERNMENT
2021-02-10,DEMO_MINE,SYN_MINE_01,1500.0,1502.8,0.8046,3.908,0.0,0.636,0.0,16.31,0.0,0.8955,0.0,0.26,31.46,IMD gridded 0.25deg (REAL_GOVERNMENT),SYNTHETIC,REAL_GOVERNMENT
2021-02-11,DEMO_MINE,SYN_MINE_01,1500.0,1122.1,0.6374,7.251,0.0,0.215,0.014,16.22,0.0,0.8572,0.0,0.26,31.15,IMD gridded 0.25deg (REAL_GOVERNMENT),SYNTHETIC,REAL_GOVERNMENT
2021-02-12,DEMO_MINE,SYN_MINE_01,1500.0,759.2,0.4298,7.904,3.5,0.0,0.037,17.6,0.0,0.8705,0.0,0.263,31.7,IMD gridded 0.25deg (REAL_GOVERNMENT),SYNTHETIC,REAL_GOVERNMENT
2021-02-13,DEMO_MINE,SYN_MINE_01,1500.0,1725.5,1.0,0.0,0.0,1.057,0.506,16.6,0.0,0.8808,0.0,0.259,32.07,IMD gridded 0.25deg (REAL_GOVERNMENT),SYNTHETIC,REAL_GOVERNMENT
2021-02-14,DEMO_MINE,SYN_MINE_01,1275.0,1401.9,1.0,0.0,0.0,1.715,0.35,17.23,0.0,0.7195,0.0,0.258,32.04,IMD gridded 0.25deg (REAL_GOVERNMENT),SYNTHETIC,REAL_GOVERNMENT
2021-02-15,DEMO_MINE,SYN_MINE_01,1500.0,1729.7,1.0,0.0,0.0,0.0,0.38,15.45,0.0,0.8683,0.0,0.258,31.96,IMD gridded 0.25deg (REAL_GOVERNMENT),SYNTHETIC,REAL_GOVERNMENT
2021-02-16,DEMO_MINE,SYN_MINE_01,1500.0,1806.0,1.0,0.0,0.0,0.901,0.093,16.31,0.0,0.8793,0.0,0.257,29.79,IMD gridded 0.25deg (REAL_GOVERNMENT),SYNTHETIC,REAL_GOVERNMENT
2021-02-17,DEMO_MINE,SYN_MINE_01,1500.0,1731.5,1.0,0.0,0.0,0.382,0.0,16.06,0.0,0.8462,8.0,0.314,26.89,IMD gridded 0.25deg (REAL_GOVERNMENT),SYNTHETIC,REAL_GOVERNMENT
2021-02-18,DEMO_MINE,SYN_MINE_01,1500.0,1652.6,1.0,0.0,0.0,0.0,0.315,15.47,0.0,0.841,1.36,0.355,27.44,IMD gridded 0.25deg (REAL_GOVERNMENT),SYNTHETIC,REAL_GOVERNMENT
2021-02-19,DEMO_MINE,SYN_MINE_01,1500.0,1560.9,1.0,0.0,0.0,1.429,0.528,15.69,0.0,0.8081,0.35,0.349,26.85,IMD gridded 0.25deg (REAL_GOVERNMENT),SYNTHETIC,REAL_GOVERNMENT
2021-02-20,DEMO_MINE,SYN_MINE_01,1500.0,1804.0,1.0,0.0,0.0,1.177,0.049,15.61,0.0,0.8991,0.0,0.344,29.47,IMD gridded 0.25deg (REAL_GOVERNMENT),SYNTHETIC,REAL_GOVERNMENT
2021-02-21,DEMO_MINE,SYN_MINE_01,1275.0,1266.8,0.8958,0.839,0.0,0.042,0.096,15.65,0.0,0.6894,0.0,0.334,30.38,IMD gridded 0.25deg (REAL_GOVERNMENT),SYNTHETIC,REAL_GOVERNMENT
2021-02-22,DEMO_MINE,SYN_MINE_01,1500.0,986.7,0.583,8.341,0.0,0.23,0.381,14.65,0.0,0.8725,0.0,0.328,31.95,IMD gridded 0.25deg (REAL_GOVERNMENT),SYNTHETIC,REAL_GOVERNMENT
2021-02-23,DEMO_MINE,SYN_MINE_01,1500.0,1372.3,0.8155,3.691,0.0,0.184,0.555,16.21,0.0,0.8769,0.0,0.319,32.86,IMD gridded 0.25deg (REAL_GOVERNMENT),SYNTHETIC,REAL_GOVERNMENT
2021-02-24,DEMO_MINE,SYN_MINE_01,1500.0,1709.5,1.0,0.0,0.0,0.0,0.35,16.02,0.0,0.8699,0.0,0.313,33.37,IMD gridded 0.25deg (REAL_GOVERNMENT),SYNTHETIC,REAL_GOVERNMENT
2021-02-25,DEMO_MINE,SYN_MINE_01,1500.0,1400.4,0.825,0.0,3.5,0.923,0.045,15.96,0.0,0.8281,0.0,0.309,34.99,IMD gridded 0.25deg (REAL_GOVERNMENT),SYNTHETIC,REAL_GOVERNMENT
2021-02-26,DEMO_MINE,SYN_MINE_01,1500.0,1847.5,1.0,0.0,0.0,0.0,0.0,16.01,0.0,0.89,0.0,0.304,35.32,IMD gridded 0.25deg (REAL_GOVERNMENT),SYNTHETIC,REAL_GOVERNMENT
2021-02-27,DEMO_MINE,SYN_MINE_01,1500.0,1814.6,1.0,0.0,0.0,1.014,0.057,15.84,0.0,0.8862,0.0,0.298,35.56,IMD gridded 0.25deg (REAL_GOVERNMENT),SYNTHETIC,REAL_GOVERNMENT
2021-02-28,DEMO_MINE,SYN_MINE_01,1275.0,1133.8,0.825,0.0,3.5,0.0,0.252,15.74,0.0,0.6985,0.0,0.291,35.22,IMD gridded 0.25deg (REAL_GOVERNMENT),SYNTHETIC,REAL_GOVERNMENT
2021-03-01,DEMO_MINE,SYN_MINE_01,1500.0,1761.6,1.0,0.0,0.0,0.0,0.142,16.28,0.0,0.8748,0.0,0.287,36.24,IMD gridded 0.25deg (REAL_GOVERNMENT),SYNTHETIC,REAL_GOVERNMENT
2021-03-02,DEMO_MINE,SYN_MINE_01,1500.0,1708.4,1.0,0.0,0.0,0.804,0.186,15.45,0.0,0.8563,0.0,0.285,34.53,IMD gridded 0.25deg (REAL_GOVERNMENT),SYNTHETIC,REAL_GOVERNMENT
2021-03-03,DEMO_MINE,SYN_MINE_01,1500.0,814.9,1.0,0.0,0.0,3.735,0.148,16.59,5.332,0.4137,0.0,0.277,33.86,IMD gridded 0.25deg (REAL_GOVERNMENT),SYNTHETIC,REAL_GOVERNMENT
2021-03-04,DEMO_MINE,SYN_MINE_01,1500.0,1641.5,1.0,0.0,0.0,2.766,0.341,15.3,0.0,0.8271,0.0,0.27,35.72,IMD gridded 0.25deg (REAL_GOVERNMENT),SYNTHETIC,REAL_GOVERNMENT
2021-03-05,DEMO_MINE,SYN_MINE_01,1500.0,1735.7,1.0,0.0,0.0,1.769,0.273,14.49,0.0,0.8833,0.0,0.27,35.84,IMD gridded 0.25deg (REAL_GOVERNMENT),SYNTHETIC,REAL_GOVERNMENT
2021-03-06,DEMO_MINE,SYN_MINE_01,1500.0,1680.8,1.0,0.0,0.0,0.0,0.415,15.53,0.0,0.8366,0.0,0.268,35.33,IMD gridded 0.25deg (REAL_GOVERNMENT),SYNTHETIC,REAL_GOVERNMENT
2021-03-07,DEMO_MINE,SYN_MINE_01,1275.0,1590.0,1.0,0.0,0.0,0.371,0.096,14.25,0.098,0.7779,0.0,0.265,36.6,IMD gridded 0.25deg (REAL_GOVERNMENT),SYNTHETIC,REAL_GOVERNMENT
2021-03-08,DEMO_MINE,SYN_MINE_01,1500.0,1746.2,1.0,0.0,0.0,2.663,0.004,14.57,0.0,0.8682,0.0,0.262,36.56,IMD gridded 0.25deg (REAL_GOVERNMENT),SYNTHETIC,REAL_GOVERNMENT
2021-03-09,DEMO_MINE,SYN_MINE_01,1500.0,1686.0,1.0,0.0,0.0,1.551,0.198,15.28,0.0,0.846,0.0,0.259,36.29,IMD gridded 0.25deg (REAL_GOVERNMENT),SYNTHETIC,REAL_GOVERNMENT
2021-03-10,DEMO_MINE,SYN_MINE_01,1500.0,1781.2,1.0,0.0,0.0,0.939,0.0,15.23,0.0,0.8805,0.0,0.258,36.33,IMD gridded 0.25deg (REAL_GOVERNMENT),SYNTHETIC,REAL_GOVERNMENT
2021-03-11,DEMO_MINE,SYN_MINE_01,1500.0,1741.3,1.0,0.0,0.0,0.0,0.123,15.85,0.0,0.8455,0.0,0.257,35.6,IMD gridded 0.25deg (REAL_GOVERNMENT),SYNTHETIC,REAL_GOVERNMENT
2021-03-12,DEMO_MINE,SYN_MINE_01,1500.0,1353.4,0.8381,3.237,0.0,0.0,0.12,16.2,0.0,0.8078,0.0,0.256,33.94,IMD gridded 0.25deg (REAL_GOVERNMENT),SYNTHETIC,REAL_GOVERNMENT
2021-03-13,DEMO_MINE,SYN_MINE_01,1500.0,1395.9,0.825,0.0,3.5,0.0,0.802,16.55,0.0,0.8724,7.52,0.255,33.06,IMD gridded 0.25deg (REAL_GOVERNMENT),SYNTHETIC,REAL_GOVERNMENT
2021-03-14,DEMO_MINE,SYN_MINE_01,1275.0,1528.4,1.0,0.0,0.0,0.69,0.0,15.59,0.0,0.7419,0.0,0.258,34.49,IMD gridded 0.25deg (REAL_GOVERNMENT),SYNTHETIC,REAL_GOVERNMENT
2021-03-15,DEMO_MINE,SYN_MINE_01,1500.0,1875.0,1.0,0.0,0.0,1.356,0.127,16.16,0.0,0.913,0.0,0.267,35.41,IMD gridded 0.25deg (REAL_GOVERNMENT),SYNTHETIC,REAL_GOVERNMENT
2021-03-16,DEMO_MINE,SYN_MINE_01,1500.0,1078.7,0.6565,6.87,0.0,0.0,0.048,16.36,0.0,0.8201,0.0,0.266,34.89,IMD gridded 0.25deg (REAL_GOVERNMENT),SYNTHETIC,REAL_GOVERNMENT
2021-03-17,DEMO_MINE,SYN_MINE_01,1500.0,1441.5,0.825,0.0,3.5,0.0,0.0,16.16,0.0,0.8349,0.0,0.261,35.22,IMD gridded 0.25deg (REAL_GOVERNMENT),SYNTHETIC,REAL_GOVERNMENT
2021-03-18,DEMO_MINE,SYN_MINE_01,1500.0,1818.0,1.0,0.0,0.0,0.307,0.377,14.92,0.0,0.8997,0.0,0.268,34.38,IMD gridded 0.25deg (REAL_GOVERNMENT),SYNTHETIC,REAL_GOVERNMENT
2021-03-19,DEMO_MINE,SYN_MINE_01,1500.0,1589.5,1.0,0.0,0.0,2.557,0.217,16.42,0.0,0.7909,0.38,0.285,30.42,IMD gridded 0.25deg (REAL_GOVERNMENT),SYNTHETIC,REAL_GOVERNMENT
2021-03-20,DEMO_MINE,SYN_MINE_01,1500.0,1742.9,1.0,0.0,0.0,1.097,0.028,15.89,0.0,0.8708,0.66,0.291,33.07,IMD gridded 0.25deg (REAL_GOVERNMENT),SYNTHETIC,REAL_GOVERNMENT
2021-03-21,DEMO_MINE,SYN_MINE_01,1275.0,1247.3,0.8484,3.031,0.0,3.333,0.0,15.12,0.0,0.735,3.38,0.291,34.61,IMD gridded 0.25deg (REAL_GOVERNMENT),SYNTHETIC,REAL_GOVERNMENT
2021-03-22,DEMO_MINE,SYN_MINE_01,1500.0,1659.6,0.9474,1.052,0.0,3.006,0.216,15.77,0.0,0.8736,0.0,0.292,33.47,IMD gridded 0.25deg (REAL_GOVERNMENT),SYNTHETIC,REAL_GOVERNMENT
2021-03-23,DEMO_MINE,SYN_MINE_01,1500.0,1198.8,0.6691,6.617,0.0,1.411,0.188,16.12,0.0,0.8928,0.49,0.301,29.83,IMD gridded 0.25deg (REAL_GOVERNMENT),SYNTHETIC,REAL_GOVERNMENT
2021-03-24,DEMO_MINE,SYN_MINE_01,1500.0,1302.6,0.7682,4.636,0.0,0.0,0.15,15.97,0.0,0.8591,0.0,0.301,34.77,IMD gridded 0.25deg (REAL_GOVERNMENT),SYNTHETIC,REAL_GOVERNMENT
2021-03-25,DEMO_MINE,SYN_MINE_01,1500.0,1845.4,1.0,0.0,0.0,0.0,0.0,16.38,0.0,0.8874,0.0,0.297,36.16,IMD gridded 0.25deg (REAL_GOVERNMENT),SYNTHETIC,REAL_GOVERNMENT
2021-03-26,DEMO_MINE,SYN_MINE_01,1500.0,1689.4,1.0,0.0,0.0,0.876,0.7,15.4,0.0,0.8821,0.0,0.293,35.6,IMD gridded 0.25deg (REAL_GOVERNMENT),SYNTHETIC,REAL_GOVERNMENT
2021-03-27,DEMO_MINE,SYN_MINE_01,1500.0,1830.7,1.0,0.0,0.0,0.0,0.0,15.61,0.0,0.8527,0.0,0.285,37.38,IMD gridded 0.25deg (REAL_GOVERNMENT),SYNTHETIC,REAL_GOVERNMENT
2021-03-28,DEMO_MINE,SYN_MINE_01,1275.0,1442.5,1.0,0.0,0.0,0.0,0.0,15.03,0.0,0.7008,0.0,0.28,38.89,IMD gridded 0.25deg (REAL_GOVERNMENT),SYNTHETIC,REAL_GOVERNMENT
2021-03-29,DEMO_MINE,SYN_MINE_01,1500.0,1367.5,0.8455,0.0,3.09,0.885,0.167,15.82,0.0,0.8137,0.0,0.28,40.14,IMD gridded 0.25deg (REAL_GOVERNMENT),SYNTHETIC,REAL_GOVERNMENT
2021-03-30,DEMO_MINE,SYN_MINE_01,1500.0,1729.2,1.0,0.0,0.0,2.057,0.0,15.72,0.0,0.8304,0.0,0.278,39.74,IMD gridded 0.25deg (REAL_GOVERNMENT),SYNTHETIC,REAL_GOVERNMENT
2021-03-31,DEMO_MINE,SYN_MINE_01,1500.0,1761.5,1.0,0.0,0.0,0.0,0.046,15.52,0.0,0.876,0.0,0.272,39.18,IMD gridded 0.25deg (REAL_GOVERNMENT),SYNTHETIC,REAL_GOVERNMENT
2021-04-01,DEMO_MINE,SYN_MINE_01,1500.0,1301.5,0.766,3.705,0.0,0.0,0.0,15.81,0.0,0.8351,0.0,0.266,38.43,IMD gridded 0.25deg (REAL_GOVERNMENT),SYNTHETIC,REAL_GOVERNMENT
2021-04-02,DEMO_MINE,SYN_MINE_01,1500.0,1463.7,0.857,2.86,0.0,0.0,0.055,14.11,0.0,0.8415,0.0,0.262,39.23,IMD gridded 0.25deg (REAL_GOVERNMENT),SYNTHETIC,REAL_GOVERNMENT
2021-04-03,DEMO_MINE,SYN_MINE_01,1500.0,1316.3,0.7439,1.702,3.376,1.352,0.013,14.65,0.0,0.8601,0.0,0.266,39.18,IMD gridded 0.25deg (REAL_GOVERNMENT),SYNTHETIC,REAL_GOVERNMENT
2021-04-04,DEMO_MINE,SYN_MINE_01,1275.0,1425.2,1.0,0.0,0.0,1.548,0.231,16.06,0.0,0.721,0.0,0.27,39.28,IMD gridded 0.25deg (REAL_GOVERNMENT),SYNTHETIC,REAL_GOVERNMENT
2021-04-05,DEMO_MINE,SYN_MINE_01,1500.0,1592.6,1.0,0.0,0.0,0.139,0.55,15.7,0.0,0.8081,0.0,0.264,40.13,IMD gridded 0.25deg (REAL_GOVERNMENT),SYNTHETIC,REAL_GOVERNMENT
2021-04-06,DEMO_MINE,SYN_MINE_01,1500.0,1730.7,1.0,0.0,0.0,1.306,0.057,15.23,0.0,0.8545,0.0,0.256,40.8,IMD gridded 0.25deg (REAL_GOVERNMENT),SYNTHETIC,REAL_GOVERNMENT
2021-04-07,DEMO_MINE,SYN_MINE_01,1500.0,1626.2,1.0,0.0,0.0,0.898,0.478,16.09,0.0,0.8393,0.0,0.255,40.7,IMD gridded 0.25deg (REAL_GOVERNMENT),SYNTHETIC,REAL_GOVERNMENT
2021-04-08,DEMO_MINE,SYN_MINE_01,1500.0,1863.5,1.0,0.0,0.0,0.0,0.02,16.5,0.0,0.9247,0.0,0.255,40.28,IMD gridded 0.25deg (REAL_GOVERNMENT),SYNTHETIC,REAL_GOVERNMENT
2021-04-09,DEMO_MINE,SYN_MINE_01,1500.0,1750.1,1.0,0.0,0.0,0.771,0.294,15.9,0.0,0.861,0.0,0.254,38.25,IMD gridded 0.25deg (REAL_GOVERNMENT),SYNTHETIC,REAL_GOVERNMENT
2021-04-10,DEMO_MINE,SYN_MINE_01,1500.0,1675.1,1.0,0.0,0.0,0.884,0.355,15.75,0.0,0.8581,0.0,0.247,38.32,IMD gridded 0.25deg (REAL_GOVERNMENT),SYNTHETIC,REAL_GOVERNMENT
2021-04-11,DEMO_MINE,SYN_MINE_01,1275.0,1379.5,1.0,0.0,0.0,0.838,0.424,16.52,0.0,0.7085,0.76,0.245,36.47,IMD gridded 0.25deg (REAL_GOVERNMENT),SYNTHETIC,REAL_GOVERNMENT
2021-04-12,DEMO_MINE,SYN_MINE_01,1500.0,1666.8,1.0,0.0,0.0,0.0,0.335,15.84,0.0,0.8381,0.0,0.245,37.2,IMD gridded 0.25deg (REAL_GOVERNMENT),SYNTHETIC,REAL_GOVERNMENT
2021-04-13,DEMO_MINE,SYN_MINE_01,1500.0,1843.8,1.0,0.0,0.0,1.386,0.27,15.31,0.0,0.9122,0.0,0.247,38.74,IMD gridded 0.25deg (REAL_GOVERNMENT),SYNTHETIC,REAL_GOVERNMENT
2021-04-14,DEMO_MINE,SYN_MINE_01,1500.0,1366.8,0.825,0.0,3.5,1.109,0.243,16.6,0.0,0.8366,0.0,0.247,37.89,IMD gridded 0.25deg (REAL_GOVERNMENT),SYNTHETIC,REAL_GOVERNMENT
2021-04-15,DEMO_MINE,SYN_MINE_01,1500.0,1180.0,0.6912,6.177,0.0,0.787,0.011,16.04,0.0,0.8416,0.0,0.247,35.64,IMD gridded 0.25deg (REAL_GOVERNMENT),SYNTHETIC,REAL_GOVERNMENT
2021-04-16,DEMO_MINE,SYN_MINE_01,1500.0,622.5,0.3751,12.498,0.0,0.0,0.163,15.29,0.0,0.8478,0.0,0.247,38.24,IMD gridded 0.25deg (REAL_GOVERNMENT),SYNTHETIC,REAL_GOVERNMENT
2021-04-17,DEMO_MINE,SYN_MINE_01,1500.0,888.8,0.5,10.0,0.0,0.814,0.118,14.28,0.0,0.8888,0.0,0.251,37.7,IMD gridded 0.25deg (REAL_GOVERNMENT),SYNTHETIC,REAL_GOVERNMENT
2021-04-18,DEMO_MINE,SYN_MINE_01,1275.0,766.2,0.5,10.0,0.0,0.826,0.127,14.57,0.0,0.7817,0.0,0.253,38.92,IMD gridded 0.25deg (REAL_GOVERNMENT),SYNTHETIC,REAL_GOVERNMENT
2021-04-19,DEMO_MINE,SYN_MINE_01,1500.0,994.0,0.564,5.22,3.5,0.0,0.233,16.73,0.0,0.8911,0.0,0.253,39.19,IMD gridded 0.25deg (REAL_GOVERNMENT),SYNTHETIC,REAL_GOVERNMENT
2021-04-20,DEMO_MINE,SYN_MINE_01,1500.0,1630.0,1.0,0.0,0.0,0.0,0.932,15.76,0.0,0.8521,0.0,0.253,39.46,IMD gridded 0.25deg (REAL_GOVERNMENT),SYNTHETIC,REAL_GOVERNMENT
2021-04-21,DEMO_MINE,SYN_MINE_01,1500.0,1332.0,0.7515,4.97,0.0,0.445,0.169,16.21,0.0,0.8733,0.0,0.253,37.8,IMD gridded 0.25deg (REAL_GOVERNMENT),SYNTHETIC,REAL_GOVERNMENT
2021-04-22,DEMO_MINE,SYN_MINE_01,1500.0,1515.9,0.865,2.699,0.0,0.0,0.841,14.91,0.0,0.9281,0.0,0.258,37.38,IMD gridded 0.25deg (REAL_GOVERNMENT),SYNTHETIC,REAL_GOVERNMENT
2021-04-23,DEMO_MINE,SYN_MINE_01,1500.0,1655.9,1.0,0.0,0.0,0.0,0.211,14.5,0.0,0.8416,0.0,0.259,38.29,IMD gridded 0.25deg (REAL_GOVERNMENT),SYNTHETIC,REAL_GOVERNMENT
2021-04-24,DEMO_MINE,SYN_MINE_01,1500.0,1380.7,0.7894,4.211,0.0,0.0,0.102,16.28,0.0,0.8723,0.0,0.259,39.29,IMD gridded 0.25deg (REAL_GOVERNMENT),SYNTHETIC,REAL_GOVERNMENT
2021-04-25,DEMO_MINE,SYN_MINE_01,1275.0,1414.3,0.9784,0.432,0.0,0.066,0.198,15.22,0.0,0.721,0.0,0.262,38.85,IMD gridded 0.25deg (REAL_GOVERNMENT),SYNTHETIC,REAL_GOVERNMENT
2021-04-26,DEMO_MINE,SYN_MINE_01,1500.0,1154.2,0.8196,2.56,0.0,2.09,0.284,15.66,1.931,0.6993,0.0,0.258,39.67,IMD gridded 0.25deg (REAL_GOVERNMENT),SYNTHETIC,REAL_GOVERNMENT
2021-04-27,DEMO_MINE,SYN_MINE_01,1500.0,1724.3,1.0,0.0,0.0,0.87,0.842,15.63,0.0,0.9076,0.0,0.259,40.31,IMD gridded 0.25deg (REAL_GOVERNMENT),SYNTHETIC,REAL_GOVERNMENT
2021-04-28,DEMO_MINE,SYN_MINE_01,1500.0,1613.3,1.0,0.0,0.0,0.0,0.518,16.05,0.0,0.8357,0.0,0.254,40.9,IMD gridded 0.25deg (REAL_GOVERNMENT),SYNTHETIC,REAL_GOVERNMENT
2021-04-29,DEMO_MINE,SYN_MINE_01,1500.0,1825.1,1.0,0.0,0.0,0.686,0.224,15.41,0.0,0.9032,0.0,0.253,41.64,IMD gridded 0.25deg (REAL_GOVERNMENT),SYNTHETIC,REAL_GOVERNMENT
2021-04-30,DEMO_MINE,SYN_MINE_01,1500.0,1802.1,1.0,0.0,0.0,0.45,0.146,16.09,0.0,0.8959,0.0,0.256,40.51,IMD gridded 0.25deg (REAL_GOVERNMENT),SYNTHETIC,REAL_GOVERNMENT
2021-05-01,DEMO_MINE,SYN_MINE_01,1500.0,1644.1,0.9406,1.188,0.0,0.487,0.069,15.22,0.0,0.8786,0.0,0.257,38.29,IMD gridded 0.25deg (REAL_GOVERNMENT),SYNTHETIC,REAL_GOVERNMENT
2021-05-02,DEMO_MINE,SYN_MINE_01,1275.0,1469.6,0.9605,0.79,0.0,1.326,0.0,14.4,0.0,0.7431,2.68,0.256,37.51,IMD gridded 0.25deg (REAL_GOVERNMENT),SYNTHETIC,REAL_GOVERNMENT
2021-05-03,DEMO_MINE,SYN_MINE_01,1500.0,1054.5,0.6436,7.127,0.0,0.578,0.575,15.91,0.0,0.8672,0.0,0.258,37.34,IMD gridded 0.25deg (REAL_GOVERNMENT),SYNTHETIC,REAL_GOVERNMENT
2021-05-04,DEMO_MINE,SYN_MINE_01,1500.0,1537.5,0.9363,1.274,0.0,0.0,0.849,14.65,0.0,0.8698,0.0,0.258,39.02,IMD gridded 0.25deg (REAL_GOVERNMENT),SYNTHETIC,REAL_GOVERNMENT
2021-05-05,DEMO_MINE,SYN_MINE_01,1500.0,1404.6,0.825,0.0,3.5,2.881,0.165,16.23,0.0,0.8494,0.0,0.258,40.01,IMD gridded 0.25deg (REAL_GOVERNMENT),SYNTHETIC,REAL_GOVERNMENT
2021-05-06,DEMO_MINE,SYN_MINE_01,1500.0,1467.6,0.825,0.0,3.5,3.333,0.0,14.93,0.0,0.8569,0.0,0.256,40.58,IMD gridded 0.25deg (REAL_GOVERNMENT),SYNTHETIC,REAL_GOVERNMENT
2021-05-07,DEMO_MINE,SYN_MINE_01,1500.0,1502.2,0.9192,1.615,0.0,0.907,0.621,14.92,0.0,0.8543,0.42,0.257,38.54,IMD gridded 0.25deg (REAL_GOVERNMENT),SYNTHETIC,REAL_GOVERNMENT
2021-05-08,DEMO_MINE,SYN_MINE_01,1500.0,1662.2,1.0,0.0,0.0,0.918,0.226,15.86,0.0,0.8201,0.0,0.255,38.44,IMD gridded 0.25deg (REAL_GOVERNMENT),SYNTHETIC,REAL_GOVERNMENT
2021-05-09,DEMO_MINE,SYN_MINE_01,1275.0,864.6,0.6123,7.754,0.0,0.374,0.14,15.45,0.0,0.7185,13.54,0.279,37.5,IMD gridded 0.25deg (REAL_GOVERNMENT),SYNTHETIC,REAL_GOVERNMENT
2021-05-10,DEMO_MINE,SYN_MINE_01,1500.0,1187.0,0.7047,5.907,0.0,1.1,0.084,13.85,0.173,0.8552,16.77,0.274,37.52,IMD gridded 0.25deg (REAL_GOVERNMENT),SYNTHETIC,REAL_GOVERNMENT
2021-05-11,DEMO_MINE,SYN_MINE_01,1500.0,1293.6,0.8289,3.423,0.0,0.0,0.579,15.76,0.0,0.8187,3.51,0.28,38.43,IMD gridded 0.25deg (REAL_GOVERNMENT),SYNTHETIC,REAL_GOVERNMENT
2021-05-12,DEMO_MINE,SYN_MINE_01,1500.0,1673.4,1.0,0.0,0.0,0.0,0.332,15.58,0.0,0.8399,0.45,0.291,39.48,IMD gridded 0.25deg (REAL_GOVERNMENT),SYNTHETIC,REAL_GOVERNMENT
2021-05-13,DEMO_MINE,SYN_MINE_01,1500.0,1782.7,1.0,0.0,0.0,0.868,0.057,15.04,0.0,0.8925,0.0,0.287,38.93,IMD gridded 0.25deg (REAL_GOVERNMENT),SYNTHETIC,REAL_GOVERNMENT
2021-05-14,DEMO_MINE,SYN_MINE_01,1500.0,1627.9,1.0,0.0,0.0,1.449,0.0,14.91,0.0,0.8043,0.0,0.283,39.26,IMD gridded 0.25deg (REAL_GOVERNMENT),SYNTHETIC,REAL_GOVERNMENT
2021-05-15,DEMO_MINE,SYN_MINE_01,1500.0,1823.2,1.0,0.0,0.0,0.191,0.35,16.13,0.0,0.9217,1.57,0.275,38.33,IMD gridded 0.25deg (REAL_GOVERNMENT),SYNTHETIC,REAL_GOVERNMENT
2021-05-16,DEMO_MINE,SYN_MINE_01,1275.0,1317.0,1.0,0.0,0.0,2.025,0.557,16.68,0.0,0.6893,0.0,0.267,37.6,IMD gridded 0.25deg (REAL_GOVERNMENT),SYNTHETIC,REAL_GOVERNMENT
2021-05-17,DEMO_MINE,SYN_MINE_01,1500.0,1696.5,1.0,0.0,0.0,0.0,0.899,16.52,0.0,0.897,0.0,0.264,35.56,IMD gridded 0.25deg (REAL_GOVERNMENT),SYNTHETIC,REAL_GOVERNMENT
2021-05-18,DEMO_MINE,SYN_MINE_01,1500.0,1679.2,1.0,0.0,0.0,0.0,0.34,16.27,0.0,0.8524,0.11,0.268,36.04,IMD gridded 0.25deg (REAL_GOVERNMENT),SYNTHETIC,REAL_GOVERNMENT
2021-05-19,DEMO_MINE,SYN_MINE_01,1500.0,1587.8,0.8499,2.926,0.0,0.935,0.079,14.82,0.0,0.9213,0.0,0.304,34.86,IMD gridded 0.25deg (REAL_GOVERNMENT),SYNTHETIC,REAL_GOVERNMENT
2021-05-20,DEMO_MINE,SYN_MINE_01,1500.0,1245.8,0.6739,6.521,0.0,0.0,0.107,15.18,0.0,0.8914,3.36,0.318,33.71,IMD gridded 0.25deg (REAL_GOVERNMENT),SYNTHETIC,REAL_GOVERNMENT
2021-05-21,DEMO_MINE,SYN_MINE_01,1500.0,1377.0,0.8131,3.738,0.0,2.365,0.142,15.36,0.0,0.8423,0.0,0.299,37.57,IMD gridded 0.25deg (REAL_GOVERNMENT),SYNTHETIC,REAL_GOVERNMENT
2021-05-22,DEMO_MINE,SYN_MINE_01,1500.0,1361.6,0.825,0.0,3.5,1.626,0.536,15.7,0.0,0.8484,0.0,0.282,37.8,IMD gridded 0.25deg (REAL_GOVERNMENT),SYNTHETIC,REAL_GOVERNMENT
2021-05-23,DEMO_MINE,SYN_MINE_01,1275.0,985.9,0.825,0.0,3.5,1.324,0.131,14.47,1.985,0.594,0.0,0.273,37.48,IMD gridded 0.25deg (REAL_GOVERNMENT),SYNTHETIC,REAL_GOVERNMENT
2021-05-24,DEMO_MINE,SYN_MINE_01,1500.0,1555.9,1.0,0.0,0.0,0.921,0.756,16.92,0.0,0.8194,0.0,0.269,38.54,IMD gridded 0.25deg (REAL_GOVERNMENT),SYNTHETIC,REAL_GOVERNMENT
2021-05-25,DEMO_MINE,SYN_MINE_01,1500.0,1743.5,1.0,0.0,0.0,0.0,0.389,16.52,0.0,0.8954,0.0,0.264,37.76,IMD gridded 0.25deg (REAL_GOVERNMENT),SYNTHETIC,REAL_GOVERNMENT
2021-05-26,DEMO_MINE,SYN_MINE_01,1500.0,1797.8,1.0,0.0,0.0,1.18,0.229,15.7,0.0,0.8917,0.0,0.265,39.16,IMD gridded 0.25deg (REAL_GOVERNMENT),SYNTHETIC,REAL_GOVERNMENT
2021-05-27,DEMO_MINE,SYN_MINE_01,1500.0,920.4,0.5003,9.995,0.0,0.387,0.06,15.72,0.0,0.9257,0.0,0.261,38.9,IMD gridded 0.25deg (REAL_GOVERNMENT),SYNTHETIC,REAL_GOVERNMENT
2021-05-28,DEMO_MINE,SYN_MINE_01,1500.0,908.3,0.5174,9.652,0.0,1.65,0.137,15.25,0.0,0.8805,0.0,0.252,39.21,IMD gridded 0.25deg (REAL_GOVERNMENT),SYNTHETIC,REAL_GOVERNMENT
2021-05-29,DEMO_MINE,SYN_MINE_01,1500.0,1806.4,1.0,0.0,0.0,0.595,0.192,16.75,0.0,0.8954,0.0,0.247,39.96,IMD gridded 0.25deg (REAL_GOVERNMENT),SYNTHETIC,REAL_GOVERNMENT
2021-05-30,DEMO_MINE,SYN_MINE_01,1275.0,1462.9,1.0,0.0,0.0,3.027,0.138,16.08,0.0,0.7402,0.0,0.25,38.67,IMD gridded 0.25deg (REAL_GOVERNMENT),SYNTHETIC,REAL_GOVERNMENT
2021-05-31,DEMO_MINE,SYN_MINE_01,1500.0,1319.8,0.7546,4.909,0.0,0.0,0.0,16.47,0.0,0.8394,0.0,0.255,38.28,IMD gridded 0.25deg (REAL_GOVERNMENT),SYNTHETIC,REAL_GOVERNMENT
2021-06-01,DEMO_MINE,SYN_MINE_01,1500.0,1356.2,0.7449,5.103,0.0,0.977,0.039,15.56,0.0,0.9076,0.41,0.257,36.37,IMD gridded 0.25deg (REAL_GOVERNMENT),SYNTHETIC,REAL_GOVERNMENT
2021-06-02,DEMO_MINE,SYN_MINE_01,1500.0,1479.7,0.8501,1.6,0.0,0.0,0.0,16.06,0.0,0.8634,0.0,0.265,36.33,IMD gridded 0.25deg (REAL_GOVERNMENT),SYNTHETIC,REAL_GOVERNMENT
2021-06-03,DEMO_MINE,SYN_MINE_01,1500.0,1558.4,1.0,0.0,0.0,0.0,0.213,16.75,0.0,0.7916,0.0,0.269,35.91,IMD gridded 0.25deg (REAL_GOVERNMENT),SYNTHETIC,REAL_GOVERNMENT
2021-06-04,DEMO_MINE,SYN_MINE_01,1500.0,1720.5,1.0,0.0,0.0,2.231,0.063,16.43,0.0,0.8609,23.31,0.289,33.41,IMD gridded 0.25deg (REAL_GOVERNMENT),SYNTHETIC,REAL_GOVERNMENT
2021-06-05,DEMO_MINE,SYN_MINE_01,1500.0,1714.1,1.0,0.0,0.0,0.834,0.218,15.16,0.0,0.8705,3.44,0.309,33.67,IMD gridded 0.25deg (REAL_GOVERNMENT),SYNTHETIC,REAL_GOVERNMENT
2021-06-06,DEMO_MINE,SYN_MINE_01,1275.0,1423.6,1.0,0.0,0.0,0.75,0.68,16.54,0.0,0.7364,0.0,0.333,36.82,IMD gridded 0.25deg (REAL_GOVERNMENT),SYNTHETIC,REAL_GOVERNMENT
2021-06-07,DEMO_MINE,SYN_MINE_01,1500.0,1426.6,0.8714,1.092,0.0,1.402,0.416,16.56,0.0,0.8387,0.16,0.287,36.04,IMD gridded 0.25deg (REAL_GOVERNMENT),SYNTHETIC,REAL_GOVERNMENT
2021-06-08,DEMO_MINE,SYN_MINE_01,1500.0,1544.8,0.825,0.0,3.5,1.524,0.0,15.99,0.0,0.9007,0.18,0.317,37.79,IMD gridded 0.25deg (REAL_GOVERNMENT),SYNTHETIC,REAL_GOVERNMENT
2021-06-09,DEMO_MINE,SYN_MINE_01,1500.0,1724.9,1.0,0.0,0.0,1.377,0.478,15.48,0.0,0.8865,2.66,0.391,33.47,IMD gridded 0.25deg (REAL_GOVERNMENT),SYNTHETIC,REAL_GOVERNMENT
2021-06-10,DEMO_MINE,SYN_MINE_01,1500.0,1357.7,0.825,0.0,3.5,0.0,0.408,15.99,0.242,0.8666,12.46,0.477,30.0,IMD gridded 0.25deg (REAL_GOVERNMENT),SYNTHETIC,REAL_GOVERNMENT
2021-06-11,DEMO_MINE,SYN_MINE_01,1500.0,1477.7,1.0,0.0,0.0,1.667,0.157,15.63,1.96,0.8425,25.71,0.507,29.8,IMD gridded 0.25deg (REAL_GOVERNMENT),SYNTHETIC,REAL_GOVERNMENT
2021-06-12,DEMO_MINE,SYN_MINE_01,1500.0,1338.4,1.0,0.0,0.0,0.0,0.0,13.39,3.613,0.8398,13.35,0.508,29.24,IMD gridded 0.25deg (REAL_GOVERNMENT),SYNTHETIC,REAL_GOVERNMENT
2021-06-13,DEMO_MINE,SYN_MINE_01,1275.0,957.7,0.7744,4.511,0.0,1.885,0.35,14.93,0.957,0.7061,12.05,0.502,33.18,IMD gridded 0.25deg (REAL_GOVERNMENT),SYNTHETIC,REAL_GOVERNMENT
2021-06-14,DEMO_MINE,SYN_MINE_01,1500.0,1414.3,0.8608,2.785,0.0,0.0,0.398,15.86,0.129,0.8516,0.59,0.499,33.59,IMD gridded 0.25deg (REAL_GOVERNMENT),SYNTHETIC,REAL_GOVERNMENT
2021-06-15,DEMO_MINE,SYN_MINE_01,1500.0,1320.5,0.8018,3.964,0.0,0.0,0.367,14.94,0.412,0.875,6.48,0.49,33.35,IMD gridded 0.25deg (REAL_GOVERNMENT),SYNTHETIC,REAL_GOVERNMENT
2021-06-16,DEMO_MINE,SYN_MINE_01,1500.0,1500.3,0.9704,0.591,0.0,0.0,0.712,15.4,0.096,0.8183,0.0,0.478,32.44,IMD gridded 0.25deg (REAL_GOVERNMENT),SYNTHETIC,REAL_GOVERNMENT
2021-06-17,DEMO_MINE,SYN_MINE_01,1500.0,1559.1,1.0,0.0,0.0,1.881,0.076,14.46,1.527,0.855,0.21,0.49,33.06,IMD gridded 0.25deg (REAL_GOVERNMENT),SYNTHETIC,REAL_GOVERNMENT
2021-06-18,DEMO_MINE,SYN_MINE_01,1500.0,1523.7,1.0,0.0,0.0,0.0,0.508,15.34,1.184,0.8507,3.72,0.504,30.89,IMD gridded 0.25deg (REAL_GOVERNMENT),SYNTHETIC,REAL_GOVERNMENT
2021-06-19,DEMO_MINE,SYN_MINE_01,1500.0,1586.6,0.9489,0.942,0.0,0.0,0.0,14.83,0.967,0.8757,6.78,0.494,30.56,IMD gridded 0.25deg (REAL_GOVERNMENT),SYNTHETIC,REAL_GOVERNMENT
2021-06-20,DEMO_MINE,SYN_MINE_01,1275.0,1386.8,1.0,0.0,0.0,0.0,0.104,15.55,0.746,0.7199,10.12,0.477,32.52,IMD gridded 0.25deg (REAL_GOVERNMENT),SYNTHETIC,REAL_GOVERNMENT
2021-06-21,DEMO_MINE,SYN_MINE_01,1500.0,1682.0,1.0,0.0,0.0,0.0,0.341,14.55,0.836,0.8942,0.0,0.46,33.34,IMD gridded 0.25deg (REAL_GOVERNMENT),SYNTHETIC,REAL_GOVERNMENT
2021-06-22,DEMO_MINE,SYN_MINE_01,1500.0,1732.6,0.981,0.379,0.0,0.56,0.0,16.73,0.0,0.8605,0.0,0.47,33.96,IMD gridded 0.25deg (REAL_GOVERNMENT),SYNTHETIC,REAL_GOVERNMENT
2021-06-23,DEMO_MINE,SYN_MINE_01,1500.0,1511.2,0.9498,1.004,0.0,2.804,0.0,15.62,2.535,0.9082,58.53,0.503,30.35,IMD gridded 0.25deg (REAL_GOVERNMENT),SYNTHETIC,REAL_GOVERNMENT
2021-06-24,DEMO_MINE,SYN_MINE_01,1500.0,1218.6,0.825,0.0,3.5,3.964,0.0,15.09,1.929,0.838,29.95,0.504,30.36,IMD gridded 0.25deg (REAL_GOVERNMENT),SYNTHETIC,REAL_GOVERNMENT
2021-06-25,DEMO_MINE,SYN_MINE_01,1500.0,1592.8,1.0,0.0,0.0,2.16,0.22,16.02,1.298,0.856,22.97,0.501,30.75,IMD gridded 0.25deg (REAL_GOVERNMENT),SYNTHETIC,REAL_GOVERNMENT
2021-06-26,DEMO_MINE,SYN_MINE_01,1500.0,1255.2,0.825,0.0,3.5,0.0,0.0,14.24,1.874,0.8536,2.06,0.488,33.39,IMD gridded 0.25deg (REAL_GOVERNMENT),SYNTHETIC,REAL_GOVERNMENT
2021-06-27,DEMO_MINE,SYN_MINE_01,1275.0,1273.7,1.0,0.0,0.0,0.0,0.102,13.69,1.97,0.7442,3.83,0.482,33.24,IMD gridded 0.25deg (REAL_GOVERNMENT),SYNTHETIC,REAL_GOVERNMENT
2021-06-28,DEMO_MINE,SYN_MINE_01,1500.0,1237.9,0.7239,5.522,0.0,0.949,0.313,15.55,0.0,0.8701,2.06,0.501,33.46,IMD gridded 0.25deg (REAL_GOVERNMENT),SYNTHETIC,REAL_GOVERNMENT
2021-06-29,DEMO_MINE,SYN_MINE_01,1500.0,1747.7,1.0,0.0,0.0,0.857,0.148,16.02,0.028,0.8757,0.0,0.485,34.47,IMD gridded 0.25deg (REAL_GOVERNMENT),SYNTHETIC,REAL_GOVERNMENT
2021-06-30,DEMO_MINE,SYN_MINE_01,1500.0,1377.5,0.8406,1.947,0.0,0.0,0.57,15.81,0.479,0.8714,2.1,0.486,34.33,IMD gridded 0.25deg (REAL_GOVERNMENT),SYNTHETIC,REAL_GOVERNMENT
2021-07-01,DEMO_MINE,SYN_MINE_01,1350.0,1742.7,1.0,0.0,0.0,0.787,0.015,15.99,0.229,0.8641,8.24,0.477,32.98,IMD gridded 0.25deg (REAL_GOVERNMENT),SYNTHETIC,REAL_GOVERNMENT
2021-07-02,DEMO_MINE,SYN_MINE_01,1350.0,1476.6,1.0,0.0,0.0,2.51,0.118,14.4,2.091,0.8311,5.95,0.494,32.45,IMD gridded 0.25deg (REAL_GOVERNMENT),SYNTHETIC,REAL_GOVERNMENT
2021-07-03,DEMO_MINE,SYN_MINE_01,1350.0,1680.2,1.0,0.0,0.0,1.138,0.0,15.49,0.491,0.8221,3.0,0.48,35.42,IMD gridded 0.25deg (REAL_GOVERNMENT),SYNTHETIC,REAL_GOVERNMENT
2021-07-04,DEMO_MINE,SYN_MINE_01,1147.5,1429.2,1.0,0.0,0.0,0.887,0.085,14.88,0.383,0.7128,0.0,0.462,35.27,IMD gridded 0.25deg (REAL_GOVERNMENT),SYNTHETIC,REAL_GOVERNMENT
2021-07-05,DEMO_MINE,SYN_MINE_01,1350.0,1168.5,0.6364,7.271,0.0,1.102,0.0,15.62,0.0,0.8991,1.19,0.467,35.04,IMD gridded 0.25deg (REAL_GOVERNMENT),SYNTHETIC,REAL_GOVERNMENT
2021-07-06,DEMO_MINE,SYN_MINE_01,1350.0,1650.9,0.9857,0.286,0.0,0.0,0.027,14.81,0.951,0.881,3.99,0.486,35.24,IMD gridded 0.25deg (REAL_GOVERNMENT),SYNTHETIC,REAL_GOVERNMENT
2021-07-07,DEMO_MINE,SYN_MINE_01,1350.0,1721.8,1.0,0.0,0.0,1.528,0.169,14.77,0.948,0.9185,1.95,0.478,36.98,IMD gridded 0.25deg (REAL_GOVERNMENT),SYNTHETIC,REAL_GOVERNMENT
2021-07-08,DEMO_MINE,SYN_MINE_01,1350.0,1159.4,0.7627,4.746,0.0,1.707,0.049,14.28,1.216,0.8378,22.31,0.511,29.66,IMD gridded 0.25deg (REAL_GOVERNMENT),SYNTHETIC,REAL_GOVERNMENT
2021-07-09,DEMO_MINE,SYN_MINE_01,1350.0,834.0,0.652,5.817,0.0,1.667,0.59,14.09,1.489,0.8019,29.99,0.498,32.07,IMD gridded 0.25deg (REAL_GOVERNMENT),SYNTHETIC,REAL_GOVERNMENT
2021-07-10,DEMO_MINE,SYN_MINE_01,1350.0,1561.2,1.0,0.0,0.0,1.106,0.244,15.39,0.869,0.8392,2.17,0.5,33.72,IMD gridded 0.25deg (REAL_GOVERNMENT),SYNTHETIC,REAL_GOVERNMENT
2021-07-11,DEMO_MINE,SYN_MINE_01,1147.5,1208.2,0.8418,3.165,0.0,1.453,0.003,14.99,0.602,0.7379,11.89,0.503,33.73,IMD gridded 0.25deg (REAL_GOVERNMENT),SYNTHETIC,REAL_GOVERNMENT
2021-07-12,DEMO_MINE,SYN_MINE_01,1350.0,1279.7,0.8194,0.112,3.5,0.0,0.539,15.19,0.244,0.8226,8.05,0.487,32.87,IMD gridded 0.25deg (REAL_GOVERNMENT),SYNTHETIC,REAL_GOVERNMENT
2021-07-13,DEMO_MINE,SYN_MINE_01,1350.0,665.5,0.5,10.0,0.0,2.048,0.052,14.48,2.086,0.6547,0.0,0.469,32.79,IMD gridded 0.25deg (REAL_GOVERNMENT),SYNTHETIC,REAL_GOVERNMENT
2021-07-14,DEMO_MINE,SYN_MINE_01,1350.0,1367.0,0.8126,3.748,0.0,1.668,0.048,14.77,0.0,0.8371,1.04,0.464,33.01,IMD gridded 0.25deg (REAL_GOVERNMENT),SYNTHETIC,REAL_GOVERNMENT
2021-07-15,DEMO_MINE,SYN_MINE_01,1350.0,1307.5,0.825,0.0,3.5,0.482,0.134,14.96,0.529,0.8338,7.4,0.453,32.88,IMD gridded 0.25deg (REAL_GOVERNMENT),SYNTHETIC,REAL_GOVERNMENT
2021-07-16,DEMO_MINE,SYN_MINE_01,1350.0,1676.7,1.0,0.0,0.0,1.054,0.021,14.12,0.806,0.8703,7.72,0.439,33.37,IMD gridded 0.25deg (REAL_GOVERNMENT),SYNTHETIC,REAL_GOVERNMENT
2021-07-17,DEMO_MINE,SYN_MINE_01,1350.0,1106.2,0.8743,1.412,0.0,4.463,0.435,15.79,2.482,0.6616,0.0,0.42,34.18,IMD gridded 0.25deg (REAL_GOVERNMENT),SYNTHETIC,REAL_GOVERNMENT
2021-07-18,DEMO_MINE,SYN_MINE_01,1147.5,1553.1,1.0,0.0,0.0,1.889,0.17,15.27,0.0,0.7512,0.0,0.408,33.83,IMD gridded 0.25deg (REAL_GOVERNMENT),SYNTHETIC,REAL_GOVERNMENT
2021-07-19,DEMO_MINE,SYN_MINE_01,1350.0,1689.0,1.0,0.0,0.0,0.0,0.456,15.27,0.0,0.8545,0.0,0.432,32.78,IMD gridded 0.25deg (REAL_GOVERNMENT),SYNTHETIC,REAL_GOVERNMENT
2021-07-20,DEMO_MINE,SYN_MINE_01,1350.0,1729.1,1.0,0.0,0.0,1.021,0.26,15.45,0.102,0.8839,0.0,0.469,29.56,IMD gridded 0.25deg (REAL_GOVERNMENT),SYNTHETIC,REAL_GOVERNMENT
2021-07-21,DEMO_MINE,SYN_MINE_01,1350.0,1263.6,0.8472,3.055,0.0,2.876,0.217,16.05,1.225,0.8332,27.69,0.509,27.84,IMD gridded 0.25deg (REAL_GOVERNMENT),SYNTHETIC,REAL_GOVERNMENT
2021-07-22,DEMO_MINE,SYN_MINE_01,1350.0,1279.2,0.8326,3.349,0.0,2.245,0.501,15.86,0.842,0.852,24.28,0.504,27.63,IMD gridded 0.25deg (REAL_GOVERNMENT),SYNTHETIC,REAL_GOVERNMENT
2021-07-23,DEMO_MINE,SYN_MINE_01,1350.0,1529.0,1.0,0.0,0.0,2.005,0.054,16.29,1.714,0.8573,35.85,0.506,27.73,IMD gridded 0.25deg (REAL_GOVERNMENT),SYNTHETIC,REAL_GOVERNMENT
2021-07-24,DEMO_MINE,SYN_MINE_01,1350.0,1568.2,1.0,0.0,0.0,2.48,0.342,15.78,1.998,0.8922,26.48,0.51,26.69,IMD gridded 0.25deg (REAL_GOVERNMENT),SYNTHETIC,REAL_GOVERNMENT
2021-07-25,DEMO_MINE,SYN_MINE_01,1147.5,984.3,0.6269,7.463,0.0,2.335,0.103,15.14,0.0,0.7891,9.56,0.498,28.95,IMD gridded 0.25deg (REAL_GOVERNMENT),SYNTHETIC,REAL_GOVERNMENT
2021-07-26,DEMO_MINE,SYN_MINE_01,1350.0,872.3,0.5,10.0,0.0,0.259,0.125,16.32,0.0,0.8882,1.56,0.479,28.88,IMD gridded 0.25deg (REAL_GOVERNMENT),SYNTHETIC,REAL_GOVERNMENT
2021-07-27,DEMO_MINE,SYN_MINE_01,1350.0,914.8,0.5,10.0,0.0,0.0,0.026,15.85,0.0,0.9126,2.85,0.486,27.74,IMD gridded 0.25deg (REAL_GOVERNMENT),SYNTHETIC,REAL_GOVERNMENT
2021-07-28,DEMO_MINE,SYN_MINE_01,1350.0,1135.3,0.7428,5.143,0.0,2.087,0.12,14.79,1.082,0.8364,45.14,0.514,27.42,IMD gridded 0.25deg (REAL_GOVERNMENT),SYNTHETIC,REAL_GOVERNMENT
2021-07-29,DEMO_MINE,SYN_MINE_01,1350.0,1463.5,1.0,0.0,0.0,2.887,0.172,15.61,1.971,0.8415,31.89,0.499,27.21,IMD gridded 0.25deg (REAL_GOVERNMENT),SYNTHETIC,REAL_GOVERNMENT
2021-07-30,DEMO_MINE,SYN_MINE_01,1350.0,1377.2,1.0,0.0,0.0,0.618,0.319,13.73,2.579,0.8383,1.05,0.502,26.86,IMD gridded 0.25deg (REAL_GOVERNMENT),SYNTHETIC,REAL_GOVERNMENT
2021-07-31,DEMO_MINE,SYN_MINE_01,1350.0,968.7,0.848,0.0,3.04,3.111,0.111,14.37,4.287,0.6933,41.4,0.502,26.84,IMD gridded 0.25deg (REAL_GOVERNMENT),SYNTHETIC,REAL_GOVERNMENT
2021-08-01,DEMO_MINE,SYN_MINE_01,1147.5,1158.2,0.825,0.0,3.5,1.296,0.202,14.63,0.368,0.7293,0.34,0.494,26.51,IMD gridded 0.25deg (REAL_GOVERNMENT),SYNTHETIC,REAL_GOVERNMENT
2021-08-02,DEMO_MINE,SYN_MINE_01,1350.0,1762.0,1.0,0.0,0.0,2.21,0.208,15.92,0.134,0.9043,4.41,0.49,26.59,IMD gridded 0.25deg (REAL_GOVERNMENT),SYNTHETIC,REAL_GOVERNMENT
2021-08-03,DEMO_MINE,SYN_MINE_01,1350.0,1762.5,1.0,0.0,0.0,1.233,0.154,14.83,0.753,0.9035,2.41,0.475,28.24,IMD gridded 0.25deg (REAL_GOVERNMENT),SYNTHETIC,REAL_GOVERNMENT
2021-08-04,DEMO_MINE,SYN_MINE_01,1350.0,1497.5,1.0,0.0,0.0,1.391,0.0,13.29,1.828,0.8148,0.16,0.461,28.79,IMD gridded 0.25deg (REAL_GOVERNMENT),SYNTHETIC,REAL_GOVERNMENT
2021-08-05,DEMO_MINE,SYN_MINE_01,1350.0,1719.7,1.0,0.0,0.0,0.153,0.079,16.3,0.0,0.87,1.56,0.472,27.59,IMD gridded 0.25deg (REAL_GOVERNMENT),SYNTHETIC,REAL_GOVERNMENT
2021-08-06,DEMO_MINE,SYN_MINE_01,1350.0,1721.3,1.0,0.0,0.0,0.0,0.068,14.85,0.998,0.8902,0.89,0.485,27.89,IMD gridded 0.25deg (REAL_GOVERNMENT),SYNTHETIC,REAL_GOVERNMENT
2021-08-07,DEMO_MINE,SYN_MINE_01,1350.0,1179.3,0.6784,6.432,0.0,0.0,0.072,16.53,0.0,0.8524,0.0,0.486,29.26,IMD gridded 0.25deg (REAL_GOVERNMENT),SYNTHETIC,REAL_GOVERNMENT
2021-08-08,DEMO_MINE,SYN_MINE_01,1147.5,1049.6,0.7096,5.809,0.0,0.817,0.119,15.57,0.0,0.73,2.88,0.482,29.93,IMD gridded 0.25deg (REAL_GOVERNMENT),SYNTHETIC,REAL_GOVERNMENT
2021-08-09,DEMO_MINE,SYN_MINE_01,1350.0,986.1,0.5741,8.496,0.0,0.981,0.265,15.45,0.0,0.8781,0.0,0.469,30.67,IMD gridded 0.25deg (REAL_GOVERNMENT),SYNTHETIC,REAL_GOVERNMENT
2021-08-10,DEMO_MINE,SYN_MINE_01,1350.0,1642.9,1.0,0.0,0.0,0.621,0.0,15.51,0.583,0.8405,2.76,0.477,29.82,IMD gridded 0.25deg (REAL_GOVERNMENT),SYNTHETIC,REAL_GOVERNMENT
2021-08-11,DEMO_MINE,SYN_MINE_01,1350.0,1190.4,1.0,0.0,0.0,3.771,0.0,15.17,3.748,0.6469,27.54,0.48,30.94,IMD gridded 0.25deg (REAL_GOVERNMENT),SYNTHETIC,REAL_GOVERNMENT
2021-08-12,DEMO_MINE,SYN_MINE_01,1350.0,1739.1,1.0,0.0,0.0,1.402,0.012,15.86,0.0,0.8722,0.81,0.461,32.01,IMD gridded 0.25deg (REAL_GOVERNMENT),SYNTHETIC,REAL_GOVERNMENT
2021-08-13,DEMO_MINE,SYN_MINE_01,1350.0,1530.9,1.0,0.0,0.0,1.131,0.398,13.93,1.121,0.8437,4.03,0.454,32.42,IMD gridded 0.25deg (REAL_GOVERNMENT),SYNTHETIC,REAL_GOVERNMENT
2021-08-14,DEMO_MINE,SYN_MINE_01,1350.0,1756.2,1.0,0.0,0.0,0.906,0.11,15.97,0.0,0.8827,0.58,0.437,32.65,IMD gridded 0.25deg (REAL_GOVERNMENT),SYNTHETIC,REAL_GOVERNMENT
2021-08-15,DEMO_MINE,SYN_MINE_01,1147.5,1554.0,1.0,0.0,0.0,0.0,0.0,15.06,0.0,0.7555,3.06,0.429,31.98,IMD gridded 0.25deg (REAL_GOVERNMENT),SYNTHETIC,REAL_GOVERNMENT
2021-08-16,DEMO_MINE,SYN_MINE_01,1350.0,1771.9,1.0,0.0,0.0,0.87,0.18,14.46,0.124,0.8856,2.32,0.439,31.8,IMD gridded 0.25deg (REAL_GOVERNMENT),SYNTHETIC,REAL_GOVERNMENT
2021-08-17,DEMO_MINE,SYN_MINE_01,1350.0,1346.2,0.825,0.0,3.5,0.0,0.009,15.43,1.298,0.88,7.41,0.507,29.49,IMD gridded 0.25deg (REAL_GOVERNMENT),SYNTHETIC,REAL_GOVERNMENT
2021-08-18,DEMO_MINE,SYN_MINE_01,1350.0,1230.1,0.825,0.0,3.5,1.667,0.059,15.23,1.12,0.8172,21.39,0.509,28.53,IMD gridded 0.25deg (REAL_GOVERNMENT),SYNTHETIC,REAL_GOVERNMENT
2021-08-19,DEMO_MINE,SYN_MINE_01,1350.0,1488.0,1.0,0.0,0.0,0.605,0.005,14.6,2.182,0.8548,6.69,0.51,27.72,IMD gridded 0.25deg (REAL_GOVERNMENT),SYNTHETIC,REAL_GOVERNMENT
2021-08-20,DEMO_MINE,SYN_MINE_01,1350.0,1354.9,0.8808,2.384,0.0,0.0,0.358,13.87,1.448,0.8767,12.64,0.499,27.26,IMD gridded 0.25deg (REAL_GOVERNMENT),SYNTHETIC,REAL_GOVERNMENT
2021-08-21,DEMO_MINE,SYN_MINE_01,1350.0,1503.0,1.0,0.0,0.0,2.359,0.133,14.31,1.818,0.8381,0.7,0.495,29.73,IMD gridded 0.25deg (REAL_GOVERNMENT),SYNTHETIC,REAL_GOVERNMENT
2021-08-22,DEMO_MINE,SYN_MINE_01,1147.5,1141.9,1.0,0.0,0.0,3.005,0.673,14.02,1.639,0.6909,2.36,0.49,30.81,IMD gridded 0.25deg (REAL_GOVERNMENT),SYNTHETIC,REAL_GOVERNMENT
2021-08-23,DEMO_MINE,SYN_MINE_01,1350.0,1523.2,1.0,0.0,0.0,0.218,0.339,14.92,0.967,0.8318,0.3,0.49,31.34,IMD gridded 0.25deg (REAL_GOVERNMENT),SYNTHETIC,REAL_GOVERNMENT
2021-08-24,DEMO_MINE,SYN_MINE_01,1350.0,976.2,0.5765,8.469,0.0,0.362,0.085,14.38,0.0,0.8506,2.61,0.483,31.09,IMD gridded 0.25deg (REAL_GOVERNMENT),SYNTHETIC,REAL_GOVERNMENT
2021-08-25,DEMO_MINE,SYN_MINE_01,1350.0,1327.1,0.7793,4.414,0.0,2.541,0.048,16.3,0.0,0.8532,2.5,0.467,30.79,IMD gridded 0.25deg (REAL_GOVERNMENT),SYNTHETIC,REAL_GOVERNMENT
2021-08-26,DEMO_MINE,SYN_MINE_01,1350.0,1079.7,0.5862,8.275,0.0,0.855,0.01,15.9,0.0,0.883,0.0,0.455,30.87,IMD gridded 0.25deg (REAL_GOVERNMENT),SYNTHETIC,REAL_GOVERNMENT
2021-08-27,DEMO_MINE,SYN_MINE_01,1350.0,1258.0,0.7538,4.925,0.0,0.148,0.184,15.87,0.0,0.8466,0.0,0.44,31.5,IMD gridded 0.25deg (REAL_GOVERNMENT),SYNTHETIC,REAL_GOVERNMENT
2021-08-28,DEMO_MINE,SYN_MINE_01,1350.0,1231.9,0.6866,6.267,0.0,2.47,0.014,15.47,0.0,0.8957,0.0,0.426,31.69,IMD gridded 0.25deg (REAL_GOVERNMENT),SYNTHETIC,REAL_GOVERNMENT
2021-08-29,DEMO_MINE,SYN_MINE_01,1147.5,1178.0,1.0,0.0,0.0,0.531,0.244,14.0,1.705,0.6763,1.32,0.494,31.4,IMD gridded 0.25deg (REAL_GOVERNMENT),SYNTHETIC,REAL_GOVERNMENT
2021-08-30,DEMO_MINE,SYN_MINE_01,1350.0,1204.1,0.8576,1.448,0.0,0.329,0.103,14.03,2.557,0.8428,9.62,0.504,30.72,IMD gridded 0.25deg (REAL_GOVERNMENT),SYNTHETIC,REAL_GOVERNMENT
2021-08-31,DEMO_MINE,SYN_MINE_01,1350.0,1676.2,1.0,0.0,0.0,0.503,0.095,14.75,1.657,0.9149,3.01,0.498,30.69,IMD gridded 0.25deg (REAL_GOVERNMENT),SYNTHETIC,REAL_GOVERNMENT
2021-09-01,DEMO_MINE,SYN_MINE_01,1350.0,1449.6,1.0,0.0,0.0,0.0,0.556,14.51,1.964,0.8319,7.13,0.5,30.96,IMD gridded 0.25deg (REAL_GOVERNMENT),SYNTHETIC,REAL_GOVERNMENT
2021-09-02,DEMO_MINE,SYN_MINE_01,1350.0,1695.2,1.0,0.0,0.0,0.0,0.199,15.8,0.496,0.8717,1.89,0.498,31.37,IMD gridded 0.25deg (REAL_GOVERNMENT),SYNTHETIC,REAL_GOVERNMENT
2021-09-03,DEMO_MINE,SYN_MINE_01,1350.0,1204.4,0.825,0.0,3.5,0.0,0.221,13.67,1.908,0.8649,0.41,0.486,31.56,IMD gridded 0.25deg (REAL_GOVERNMENT),SYNTHETIC,REAL_GOVERNMENT
2021-09-04,DEMO_MINE,SYN_MINE_01,1350.0,1503.3,1.0,0.0,0.0,1.624,0.472,14.74,1.641,0.8635,4.27,0.499,31.46,IMD gridded 0.25deg (REAL_GOVERNMENT),SYNTHETIC,REAL_GOVERNMENT
2021-09-05,DEMO_MINE,SYN_MINE_01,1147.5,1304.2,1.0,0.0,0.0,2.718,0.0,14.04,2.144,0.7486,3.16,0.503,31.5,IMD gridded 0.25deg (REAL_GOVERNMENT),SYNTHETIC,REAL_GOVERNMENT
2021-09-06,DEMO_MINE,SYN_MINE_01,1350.0,1422.4,0.825,0.0,3.5,0.0,0.164,15.24,0.383,0.8714,1.08,0.501,31.58,IMD gridded 0.25deg (REAL_GOVERNMENT),SYNTHETIC,REAL_GOVERNMENT
2021-09-07,DEMO_MINE,SYN_MINE_01,1350.0,1558.1,1.0,0.0,0.0,2.32,0.065,14.85,2.451,0.8914,23.62,0.499,30.1,IMD gridded 0.25deg (REAL_GOVERNMENT),SYNTHETIC,REAL_GOVERNMENT
2021-09-08,DEMO_MINE,SYN_MINE_01,1350.0,1564.9,1.0,0.0,0.0,1.183,0.0,15.68,1.525,0.8334,18.14,0.507,29.01,IMD gridded 0.25deg (REAL_GOVERNMENT),SYNTHETIC,REAL_GOVERNMENT
2021-09-09,DEMO_MINE,SYN_MINE_01,1350.0,1436.6,1.0,0.0,0.0,2.898,0.262,14.2,2.421,0.8513,3.49,0.507,29.35,IMD gridded 0.25deg (REAL_GOVERNMENT),SYNTHETIC,REAL_GOVERNMENT
2021-09-10,DEMO_MINE,SYN_MINE_01,1350.0,1555.5,1.0,0.0,0.0,1.667,0.0,15.08,2.609,0.8763,28.25,0.506,29.86,IMD gridded 0.25deg (REAL_GOVERNMENT),SYNTHETIC,REAL_GOVERNMENT
2021-09-11,DEMO_MINE,SYN_MINE_01,1350.0,1533.1,1.0,0.0,0.0,1.163,0.117,14.6,1.887,0.8608,6.54,0.497,30.99,IMD gridded 0.25deg (REAL_GOVERNMENT),SYNTHETIC,REAL_GOVERNMENT
2021-09-12,DEMO_MINE,SYN_MINE_01,1147.5,1072.3,1.0,0.0,0.0,1.667,0.235,14.34,3.6,0.7137,59.59,0.503,30.64,IMD gridded 0.25deg (REAL_GOVERNMENT),SYNTHETIC,REAL_GOVERNMENT
2021-09-13,DEMO_MINE,SYN_MINE_01,1350.0,1475.7,1.0,0.0,0.0,1.019,0.03,14.9,1.89,0.8102,12.73,0.503,30.94,IMD gridded 0.25deg (REAL_GOVERNMENT),SYNTHETIC,REAL_GOVERNMENT
2021-09-14,DEMO_MINE,SYN_MINE_01,1350.0,1566.7,1.0,0.0,0.0,2.847,0.14,16.41,1.298,0.8507,27.61,0.509,29.57,IMD gridded 0.25deg (REAL_GOVERNMENT),SYNTHETIC,REAL_GOVERNMENT
2021-09-15,DEMO_MINE,SYN_MINE_01,1350.0,758.3,1.0,0.0,0.0,3.977,0.098,14.59,6.234,0.5069,59.37,0.513,27.83,IMD gridded 0.25deg (REAL_GOVERNMENT),SYNTHETIC,REAL_GOVERNMENT
2021-09-16,DEMO_MINE,SYN_MINE_01,1350.0,1589.4,1.0,0.0,0.0,0.0,0.424,16.25,0.616,0.8501,11.77,0.505,27.44,IMD gridded 0.25deg (REAL_GOVERNMENT),SYNTHETIC,REAL_GOVERNMENT
2021-09-17,DEMO_MINE,SYN_MINE_01,1350.0,1637.6,1.0,0.0,0.0,2.916,0.396,16.06,0.402,0.8657,5.3,0.491,28.32,IMD gridded 0.25deg (REAL_GOVERNMENT),SYNTHETIC,REAL_GOVERNMENT
2021-09-18,DEMO_MINE,SYN_MINE_01,1350.0,1581.9,1.0,0.0,0.0,1.964,0.322,14.2,1.694,0.8858,2.82,0.482,30.34,IMD gridded 0.25deg (REAL_GOVERNMENT),SYNTHETIC,REAL_GOVERNMENT
2021-09-19,DEMO_MINE,SYN_MINE_01,1147.5,1157.2,0.825,0.0,3.5,1.918,0.165,14.39,0.346,0.726,0.0,0.465,31.15,IMD gridded 0.25deg (REAL_GOVERNMENT),SYNTHETIC,REAL_GOVERNMENT
2021-09-20,DEMO_MINE,SYN_MINE_01,1350.0,1595.3,1.0,0.0,0.0,2.295,0.201,16.06,1.179,0.8497,25.64,0.496,29.48,IMD gridded 0.25deg (REAL_GOVERNMENT),SYNTHETIC,REAL_GOVERNMENT
2021-09-21,DEMO_MINE,SYN_MINE_01,1350.0,1616.7,1.0,0.0,0.0,1.404,0.271,15.38,1.337,0.8825,12.01,0.498,30.18,IMD gridded 0.25deg (REAL_GOVERNMENT),SYNTHETIC,REAL_GOVERNMENT
2021-09-22,DEMO_MINE,SYN_MINE_01,1350.0,1318.7,0.825,0.0,3.5,0.746,0.41,16.24,0.0,0.8309,0.0,0.482,30.82,IMD gridded 0.25deg (REAL_GOVERNMENT),SYNTHETIC,REAL_GOVERNMENT
2021-09-23,DEMO_MINE,SYN_MINE_01,1350.0,1576.2,1.0,0.0,0.0,0.0,0.194,15.5,0.758,0.8384,6.46,0.491,30.9,IMD gridded 0.25deg (REAL_GOVERNMENT),SYNTHETIC,REAL_GOVERNMENT
2021-09-24,DEMO_MINE,SYN_MINE_01,1350.0,1450.4,1.0,0.0,0.0,0.0,0.542,15.66,0.414,0.7666,0.0,0.5,31.11,IMD gridded 0.25deg (REAL_GOVERNMENT),SYNTHETIC,REAL_GOVERNMENT
2021-09-25,DEMO_MINE,SYN_MINE_01,1350.0,1729.6,0.9923,0.154,0.0,1.154,0.088,16.42,0.099,0.8596,6.95,0.491,30.19,IMD gridded 0.25deg (REAL_GOVERNMENT),SYNTHETIC,REAL_GOVERNMENT
2021-09-26,DEMO_MINE,SYN_MINE_01,1147.5,1131.2,0.8096,3.808,0.0,0.525,0.315,15.46,0.0,0.7239,0.0,0.485,31.3,IMD gridded 0.25deg (REAL_GOVERNMENT),SYNTHETIC,REAL_GOVERNMENT
2021-09-27,DEMO_MINE,SYN_MINE_01,1350.0,1249.0,0.7524,4.953,0.0,1.032,0.465,15.23,0.0,0.8684,1.39,0.484,30.62,IMD gridded 0.25deg (REAL_GOVERNMENT),SYNTHETIC,REAL_GOVERNMENT
2021-09-28,DEMO_MINE,SYN_MINE_01,1350.0,1546.9,0.884,2.32,0.0,0.062,0.082,15.43,0.0,0.8648,0.0,0.465,28.7,IMD gridded 0.25deg (REAL_GOVERNMENT),SYNTHETIC,REAL_GOVERNMENT
2021-09-29,DEMO_MINE,SYN_MINE_01,1350.0,1038.7,0.6052,7.897,0.0,0.167,0.0,14.91,0.0,0.8453,18.92,0.479,31.09,IMD gridded 0.25deg (REAL_GOVERNMENT),SYNTHETIC,REAL_GOVERNMENT
2021-09-30,DEMO_MINE,SYN_MINE_01,1350.0,1681.4,1.0,0.0,0.0,0.56,0.67,14.43,0.498,0.9067,0.0,0.457,32.07,IMD gridded 0.25deg (REAL_GOVERNMENT),SYNTHETIC,REAL_GOVERNMENT
2021-10-01,DEMO_MINE,SYN_MINE_01,1500.0,1570.3,0.9886,0.227,0.0,3.654,0.0,13.36,1.898,0.8677,2.89,0.433,31.64,IMD gridded 0.25deg (REAL_GOVERNMENT),SYNTHETIC,REAL_GOVERNMENT
2021-10-02,DEMO_MINE,SYN_MINE_01,1500.0,1269.2,0.76,4.8,0.0,1.037,0.178,15.52,0.0,0.8401,5.39,0.421,30.74,IMD gridded 0.25deg (REAL_GOVERNMENT),SYNTHETIC,REAL_GOVERNMENT
2021-10-03,DEMO_MINE,SYN_MINE_01,1275.0,1337.5,1.0,0.0,0.0,3.641,0.389,16.29,0.0,0.6919,2.07,0.424,32.38,IMD gridded 0.25deg (REAL_GOVERNMENT),SYNTHETIC,REAL_GOVERNMENT
2021-10-04,DEMO_MINE,SYN_MINE_01,1500.0,1747.5,1.0,0.0,0.0,0.815,0.0,15.89,0.0,0.8418,0.0,0.401,32.76,IMD gridded 0.25deg (REAL_GOVERNMENT),SYNTHETIC,REAL_GOVERNMENT
2021-10-05,DEMO_MINE,SYN_MINE_01,1500.0,1386.1,0.8403,3.195,0.0,1.284,0.403,15.89,0.0,0.8563,0.0,0.371,32.5,IMD gridded 0.25deg (REAL_GOVERNMENT),SYNTHETIC,REAL_GOVERNMENT
2021-10-06,DEMO_MINE,SYN_MINE_01,1500.0,1374.5,0.78,4.4,0.0,0.135,0.277,15.38,0.0,0.891,2.44,0.361,32.75,IMD gridded 0.25deg (REAL_GOVERNMENT),SYNTHETIC,REAL_GOVERNMENT
2021-10-07,DEMO_MINE,SYN_MINE_01,1500.0,989.0,0.602,4.459,3.5,1.437,0.0,16.49,0.0,0.8204,0.0,0.362,33.06,IMD gridded 0.25deg (REAL_GOVERNMENT),SYNTHETIC,REAL_GOVERNMENT
2021-10-08,DEMO_MINE,SYN_MINE_01,1500.0,1755.5,1.0,0.0,0.0,0.445,0.071,16.31,0.0,0.878,0.0,0.347,32.89,IMD gridded 0.25deg (REAL_GOVERNMENT),SYNTHETIC,REAL_GOVERNMENT
2021-10-09,DEMO_MINE,SYN_MINE_01,1500.0,1678.2,1.0,0.0,0.0,0.0,0.706,15.85,0.0,0.865,1.3,0.328,32.76,IMD gridded 0.25deg (REAL_GOVERNMENT),SYNTHETIC,REAL_GOVERNMENT
2021-10-10,DEMO_MINE,SYN_MINE_01,1275.0,1212.0,0.825,0.0,3.5,0.0,0.306,15.63,0.0,0.7591,0.0,0.31,32.88,IMD gridded 0.25deg (REAL_GOVERNMENT),SYNTHETIC,REAL_GOVERNMENT
2021-10-11,DEMO_MINE,SYN_MINE_01,1500.0,1695.2,1.0,0.0,0.0,0.0,0.192,15.39,0.0,0.8652,0.0,0.295,32.98,IMD gridded 0.25deg (REAL_GOVERNMENT),SYNTHETIC,REAL_GOVERNMENT
2021-10-12,DEMO_MINE,SYN_MINE_01,1500.0,1821.9,1.0,0.0,0.0,0.905,0.0,16.36,0.0,0.8857,0.0,0.286,32.71,IMD gridded 0.25deg (REAL_GOVERNMENT),SYNTHETIC,REAL_GOVERNMENT
2021-10-13,DEMO_MINE,SYN_MINE_01,1500.0,1336.0,0.8387,3.226,0.0,0.0,0.381,15.46,0.0,0.8189,0.0,0.29,32.6,IMD gridded 0.25deg (REAL_GOVERNMENT),SYNTHETIC,REAL_GOVERNMENT
2021-10-14,DEMO_MINE,SYN_MINE_01,1500.0,1607.6,0.8798,2.403,0.0,0.955,0.152,15.64,0.0,0.9121,0.0,0.28,32.07,IMD gridded 0.25deg (REAL_GOVERNMENT),SYNTHETIC,REAL_GOVERNMENT
2021-10-15,DEMO_MINE,SYN_MINE_01,1500.0,1693.2,1.0,0.0,0.0,0.0,0.0,15.16,0.0,0.8537,0.0,0.276,32.17,IMD gridded 0.25deg (REAL_GOVERNMENT),SYNTHETIC,REAL_GOVERNMENT
2021-10-16,DEMO_MINE,SYN_MINE_01,1500.0,1463.2,0.8943,2.113,0.0,0.906,0.381,14.69,0.0,0.8374,0.25,0.292,31.9,IMD gridded 0.25deg (REAL_GOVERNMENT),SYNTHETIC,REAL_GOVERNMENT
2021-10-17,DEMO_MINE,SYN_MINE_01,1275.0,1190.0,0.8666,1.856,0.0,0.0,0.494,14.91,0.057,0.725,0.0,0.438,30.08,IMD gridded 0.25deg (REAL_GOVERNMENT),SYNTHETIC,REAL_GOVERNMENT
2021-10-18,DEMO_MINE,SYN_MINE_01,1500.0,1601.6,1.0,0.0,0.0,2.265,0.01,13.83,1.173,0.8543,0.54,0.459,29.83,IMD gridded 0.25deg (REAL_GOVERNMENT),SYNTHETIC,REAL_GOVERNMENT
2021-10-19,DEMO_MINE,SYN_MINE_01,1500.0,1747.2,1.0,0.0,0.0,1.316,0.542,14.61,0.0,0.8965,0.18,0.421,30.1,IMD gridded 0.25deg (REAL_GOVERNMENT),SYNTHETIC,REAL_GOVERNMENT
2021-10-20,DEMO_MINE,SYN_MINE_01,1500.0,1740.2,1.0,0.0,0.0,2.156,0.496,14.16,0.0,0.8943,0.0,0.395,30.36,IMD gridded 0.25deg (REAL_GOVERNMENT),SYNTHETIC,REAL_GOVERNMENT
2021-10-21,DEMO_MINE,SYN_MINE_01,1500.0,1785.5,1.0,0.0,0.0,1.151,0.218,13.35,0.0,0.8928,0.0,0.371,30.98,IMD gridded 0.25deg (REAL_GOVERNMENT),SYNTHETIC,REAL_GOVERNMENT
2021-10-22,DEMO_MINE,SYN_MINE_01,1500.0,1642.5,1.0,0.0,0.0,0.0,0.199,16.05,0.0,0.817,0.0,0.35,31.35,IMD gridded 0.25deg (REAL_GOVERNMENT),SYNTHETIC,REAL_GOVERNMENT
2021-10-23,DEMO_MINE,SYN_MINE_01,1500.0,1714.3,1.0,0.0,0.0,0.0,0.036,16.56,0.0,0.8623,0.0,0.333,30.97,IMD gridded 0.25deg (REAL_GOVERNMENT),SYNTHETIC,REAL_GOVERNMENT
2021-10-24,DEMO_MINE,SYN_MINE_01,1275.0,1189.0,0.825,0.0,3.5,0.0,0.057,14.94,0.0,0.7179,0.0,0.321,30.37,IMD gridded 0.25deg (REAL_GOVERNMENT),SYNTHETIC,REAL_GOVERNMENT
2021-10-25,DEMO_MINE,SYN_MINE_01,1500.0,1514.7,0.8949,2.102,0.0,0.0,0.289,14.99,0.0,0.8703,0.0,0.313,30.19,IMD gridded 0.25deg (REAL_GOVERNMENT),SYNTHETIC,REAL_GOVERNMENT
2021-10-26,DEMO_MINE,SYN_MINE_01,1500.0,1351.0,0.8475,0.0,3.05,0.808,0.517,15.95,0.0,0.8297,0.0,0.305,30.24,IMD gridded 0.25deg (REAL_GOVERNMENT),SYNTHETIC,REAL_GOVERNMENT
2021-10-27,DEMO_MINE,SYN_MINE_01,1500.0,1801.1,1.0,0.0,0.0,1.061,0.15,16.96,0.0,0.9086,0.0,0.295,29.52,IMD gridded 0.25deg (REAL_GOVERNMENT),SYNTHETIC,REAL_GOVERNMENT
2021-10-28,DEMO_MINE,SYN_MINE_01,1500.0,1678.6,1.0,0.0,0.0,0.839,0.28,14.86,0.0,0.8499,0.0,0.289,29.08,IMD gridded 0.25deg (REAL_GOVERNMENT),SYNTHETIC,REAL_GOVERNMENT
2021-10-29,DEMO_MINE,SYN_MINE_01,1500.0,1483.7,0.8644,2.712,0.0,0.0,0.142,15.09,0.0,0.8727,0.0,0.283,28.8,IMD gridded 0.25deg (REAL_GOVERNMENT),SYNTHETIC,REAL_GOVERNMENT
2021-10-30,DEMO_MINE,SYN_MINE_01,1500.0,1592.8,1.0,0.0,0.0,0.0,0.382,15.28,0.0,0.818,0.0,0.281,28.87,IMD gridded 0.25deg (REAL_GOVERNMENT),SYNTHETIC,REAL_GOVERNMENT
2021-10-31,DEMO_MINE,SYN_MINE_01,1275.0,860.0,0.58,8.4,0.0,0.48,0.017,15.79,0.0,0.7459,0.0,0.275,28.85,IMD gridded 0.25deg (REAL_GOVERNMENT),SYNTHETIC,REAL_GOVERNMENT
2021-11-01,DEMO_MINE,SYN_MINE_01,1500.0,1748.3,1.0,0.0,0.0,1.852,0.189,15.14,0.0,0.8822,0.0,0.272,29.58,IMD gridded 0.25deg (REAL_GOVERNMENT),SYNTHETIC,REAL_GOVERNMENT
2021-11-02,DEMO_MINE,SYN_MINE_01,1500.0,1687.1,1.0,0.0,0.0,1.673,0.235,13.79,0.0,0.8587,0.0,0.276,29.72,IMD gridded 0.25deg (REAL_GOVERNMENT),SYNTHETIC,REAL_GOVERNMENT
2021-11-03,DEMO_MINE,SYN_MINE_01,1500.0,1619.2,1.0,0.0,0.0,1.504,0.414,15.49,0.0,0.8385,0.0,0.274,29.91,IMD gridded 0.25deg (REAL_GOVERNMENT),SYNTHETIC,REAL_GOVERNMENT
2021-11-04,DEMO_MINE,SYN_MINE_01,1500.0,886.1,0.5312,9.376,0.0,0.0,0.074,13.71,0.0,0.8187,0.0,0.269,29.79,IMD gridded 0.25deg (REAL_GOVERNMENT),SYNTHETIC,REAL_GOVERNMENT
2021-11-05,DEMO_MINE,SYN_MINE_01,1500.0,1208.3,0.6731,6.537,0.0,0.0,0.0,14.85,0.0,0.8702,0.0,0.263,30.41,IMD gridded 0.25deg (REAL_GOVERNMENT),SYNTHETIC,REAL_GOVERNMENT
2021-11-06,DEMO_MINE,SYN_MINE_01,1500.0,1784.4,1.0,0.0,0.0,0.684,0.416,13.59,0.0,0.9005,0.0,0.261,29.88,IMD gridded 0.25deg (REAL_GOVERNMENT),SYNTHETIC,REAL_GOVERNMENT
2021-11-07,DEMO_MINE,SYN_MINE_01,1275.0,1301.3,0.9721,0.558,0.0,0.706,0.216,14.64,0.0,0.6817,0.0,0.262,29.07,IMD gridded 0.25deg (REAL_GOVERNMENT),SYNTHETIC,REAL_GOVERNMENT
2021-11-08,DEMO_MINE,SYN_MINE_01,1500.0,402.6,0.2571,14.858,0.0,0.958,0.159,15.29,0.0,0.822,0.0,0.264,29.59,IMD gridded 0.25deg (REAL_GOVERNMENT),SYNTHETIC,REAL_GOVERNMENT
2021-11-09,DEMO_MINE,SYN_MINE_01,1500.0,1377.8,0.8154,3.693,0.0,0.811,0.305,13.93,0.0,0.8711,0.0,0.264,28.97,IMD gridded 0.25deg (REAL_GOVERNMENT),SYNTHETIC,REAL_GOVERNMENT
2021-11-10,DEMO_MINE,SYN_MINE_01,1500.0,864.1,0.5,10.0,0.0,0.0,0.268,14.26,0.0,0.8849,0.0,0.272,28.44,IMD gridded 0.25deg (REAL_GOVERNMENT),SYNTHETIC,REAL_GOVERNMENT
2021-11-11,DEMO_MINE,SYN_MINE_01,1500.0,907.9,0.5,10.0,0.0,0.0,0.089,14.89,0.0,0.9049,0.0,0.277,27.91,IMD gridded 0.25deg (REAL_GOVERNMENT),SYNTHETIC,REAL_GOVERNMENT
2021-11-12,DEMO_MINE,SYN_MINE_01,1500.0,579.7,0.35,13.001,0.0,0.0,0.15,13.18,0.0,0.8376,0.0,0.28,28.23,IMD gridded 0.25deg (REAL_GOVERNMENT),SYNTHETIC,REAL_GOVERNMENT
2021-11-13,DEMO_MINE,SYN_MINE_01,1500.0,1351.2,0.8182,0.136,3.5,1.078,0.534,14.91,0.0,0.867,0.0,0.269,28.4,IMD gridded 0.25deg (REAL_GOVERNMENT),SYNTHETIC,REAL_GOVERNMENT
2021-11-14,DEMO_MINE,SYN_MINE_01,1275.0,1273.5,0.8463,0.0,3.075,2.039,0.083,15.45,0.0,0.7429,0.35,0.265,29.19,IMD gridded 0.25deg (REAL_GOVERNMENT),SYNTHETIC,REAL_GOVERNMENT
2021-11-15,DEMO_MINE,SYN_MINE_01,1500.0,1151.5,0.6957,6.086,0.0,1.031,0.126,15.01,0.0,0.8279,0.0,0.263,29.4,IMD gridded 0.25deg (REAL_GOVERNMENT),SYNTHETIC,REAL_GOVERNMENT
2021-11-16,DEMO_MINE,SYN_MINE_01,1500.0,1073.0,0.7158,5.684,0.0,0.303,0.184,14.38,0.0,0.7696,0.0,0.259,28.5,IMD gridded 0.25deg (REAL_GOVERNMENT),SYNTHETIC,REAL_GOVERNMENT
2021-11-17,DEMO_MINE,SYN_MINE_01,1500.0,1713.5,1.0,0.0,0.0,0.0,0.359,14.93,0.0,0.8613,0.0,0.255,29.21,IMD gridded 0.25deg (REAL_GOVERNMENT),SYNTHETIC,REAL_GOVERNMENT
2021-11-18,DEMO_MINE,SYN_MINE_01,1500.0,1627.5,1.0,0.0,0.0,0.773,0.32,15.73,0.0,0.8384,0.0,0.251,30.48,IMD gridded 0.25deg (REAL_GOVERNMENT),SYNTHETIC,REAL_GOVERNMENT
2021-11-19,DEMO_MINE,SYN_MINE_01,1500.0,1676.5,1.0,0.0,0.0,0.0,0.214,14.21,0.0,0.8426,0.0,0.253,29.71,IMD gridded 0.25deg (REAL_GOVERNMENT),SYNTHETIC,REAL_GOVERNMENT
2021-11-20,DEMO_MINE,SYN_MINE_01,1500.0,1746.7,1.0,0.0,0.0,0.959,0.168,15.07,0.0,0.8686,0.0,0.253,29.43,IMD gridded 0.25deg (REAL_GOVERNMENT),SYNTHETIC,REAL_GOVERNMENT
2021-11-21,DEMO_MINE,SYN_MINE_01,1275.0,1408.0,1.0,0.0,0.0,0.0,0.24,13.96,0.098,0.7269,0.3,0.284,29.57,IMD gridded 0.25deg (REAL_GOVERNMENT),SYNTHETIC,REAL_GOVERNMENT
2021-11-22,DEMO_MINE,SYN_MINE_01,1500.0,401.7,0.2435,15.129,0.0,0.0,0.154,14.97,0.0,0.8654,2.37,0.365,29.35,IMD gridded 0.25deg (REAL_GOVERNMENT),SYNTHETIC,REAL_GOVERNMENT
2021-11-23,DEMO_MINE,SYN_MINE_01,1500.0,962.5,0.7208,5.583,0.0,2.476,0.183,14.46,2.209,0.6739,2.84,0.364,30.07,IMD gridded 0.25deg (REAL_GOVERNMENT),SYNTHETIC,REAL_GOVERNMENT
2021-11-24,DEMO_MINE,SYN_MINE_01,1500.0,1367.3,0.8671,1.048,0.0,0.0,0.376,15.52,0.0,0.8187,0.0,0.344,29.97,IMD gridded 0.25deg (REAL_GOVERNMENT),SYNTHETIC,REAL_GOVERNMENT
2021-11-25,DEMO_MINE,SYN_MINE_01,1500.0,1664.5,1.0,0.0,0.0,0.389,0.162,13.73,0.0,0.8374,0.0,0.331,29.0,IMD gridded 0.25deg (REAL_GOVERNMENT),SYNTHETIC,REAL_GOVERNMENT
2021-11-26,DEMO_MINE,SYN_MINE_01,1500.0,1475.0,0.8958,2.084,0.0,0.0,0.0,15.26,0.0,0.8016,0.0,0.319,28.81,IMD gridded 0.25deg (REAL_GOVERNMENT),SYNTHETIC,REAL_GOVERNMENT
2021-11-27,DEMO_MINE,SYN_MINE_01,1500.0,840.0,0.5,10.0,0.0,0.0,0.299,15.32,0.0,0.8718,0.0,0.312,29.02,IMD gridded 0.25deg (REAL_GOVERNMENT),SYNTHETIC,REAL_GOVERNMENT
2021-11-28,DEMO_MINE,SYN_MINE_01,1275.0,1284.9,0.8613,2.773,0.0,0.0,0.367,15.45,0.0,0.7675,0.0,0.307,28.54,IMD gridded 0.25deg (REAL_GOVERNMENT),SYNTHETIC,REAL_GOVERNMENT
2021-11-29,DEMO_MINE,SYN_MINE_01,1500.0,982.6,1.0,0.0,0.0,3.56,0.081,14.46,3.953,0.4852,0.0,0.299,27.57,IMD gridded 0.25deg (REAL_GOVERNMENT),SYNTHETIC,REAL_GOVERNMENT
2021-11-30,DEMO_MINE,SYN_MINE_01,1500.0,1658.2,1.0,0.0,0.0,0.746,0.16,14.57,0.0,0.8303,0.0,0.292,26.65,IMD gridded 0.25deg (REAL_GOVERNMENT),SYNTHETIC,REAL_GOVERNMENT
2021-12-01,DEMO_MINE,SYN_MINE_01,1500.0,874.3,0.825,0.0,3.5,0.0,6.024,14.95,0.0,0.8943,0.0,0.285,27.14,IMD gridded 0.25deg (REAL_GOVERNMENT),SYNTHETIC,REAL_GOVERNMENT
2021-12-02,DEMO_MINE,SYN_MINE_01,1500.0,0.0,1.0,0.0,0.0,0.967,16.403,14.84,0.0,0.8201,0.0,0.277,26.38,IMD gridded 0.25deg (REAL_GOVERNMENT),SYNTHETIC,REAL_GOVERNMENT
2021-12-03,DEMO_MINE,SYN_MINE_01,1500.0,0.0,1.0,0.0,0.0,0.0,16.649,14.54,0.0,0.8324,0.0,0.273,25.44,IMD gridded 0.25deg (REAL_GOVERNMENT),SYNTHETIC,REAL_GOVERNMENT
2021-12-04,DEMO_MINE,SYN_MINE_01,1500.0,0.0,0.825,0.0,3.5,0.0,14.428,14.84,0.0,0.8744,0.0,0.273,28.03,IMD gridded 0.25deg (REAL_GOVERNMENT),SYNTHETIC,REAL_GOVERNMENT
2021-12-05,DEMO_MINE,SYN_MINE_01,1275.0,0.0,0.9348,1.303,0.0,0.0,13.793,14.42,0.0,0.7377,0.0,0.274,28.68,IMD gridded 0.25deg (REAL_GOVERNMENT),SYNTHETIC,REAL_GOVERNMENT
2021-12-06,DEMO_MINE,SYN_MINE_01,1500.0,1703.2,1.0,0.0,0.0,0.287,0.649,14.02,0.0,0.88,0.0,0.273,28.6,IMD gridded 0.25deg (REAL_GOVERNMENT),SYNTHETIC,REAL_GOVERNMENT
2021-12-07,DEMO_MINE,SYN_MINE_01,1500.0,1792.1,1.0,0.0,0.0,2.934,0.0,15.65,0.0,0.89,0.0,0.274,27.46,IMD gridded 0.25deg (REAL_GOVERNMENT),SYNTHETIC,REAL_GOVERNMENT
2021-12-08,DEMO_MINE,SYN_MINE_01,1500.0,1303.6,1.0,0.0,0.0,0.0,4.786,15.38,0.0,0.8985,0.0,0.275,27.35,IMD gridded 0.25deg (REAL_GOVERNMENT),SYNTHETIC,REAL_GOVERNMENT
2021-12-09,DEMO_MINE,SYN_MINE_01,1500.0,1.1,1.0,0.0,0.0,0.0,17.082,14.09,0.0,0.8546,0.0,0.279,27.76,IMD gridded 0.25deg (REAL_GOVERNMENT),SYNTHETIC,REAL_GOVERNMENT
2021-12-10,DEMO_MINE,SYN_MINE_01,1500.0,1760.3,1.0,0.0,0.0,1.356,0.543,14.01,0.0,0.9058,0.0,0.278,26.38,IMD gridded 0.25deg (REAL_GOVERNMENT),SYNTHETIC,REAL_GOVERNMENT
2021-12-11,DEMO_MINE,SYN_MINE_01,1500.0,1825.5,1.0,0.0,0.0,0.987,0.134,14.8,0.0,0.8904,0.0,0.279,26.31,IMD gridded 0.25deg (REAL_GOVERNMENT),SYNTHETIC,REAL_GOVERNMENT
2021-12-12,DEMO_MINE,SYN_MINE_01,1275.0,1395.4,1.0,0.0,0.0,0.0,0.007,13.86,0.0,0.6899,0.0,0.28,26.54,IMD gridded 0.25deg (REAL_GOVERNMENT),SYNTHETIC,REAL_GOVERNMENT
2021-12-13,DEMO_MINE,SYN_MINE_01,1500.0,1705.0,1.0,0.0,0.0,0.687,0.182,15.71,0.0,0.8714,0.0,0.279,26.55,IMD gridded 0.25deg (REAL_GOVERNMENT),SYNTHETIC,REAL_GOVERNMENT
2021-12-14,DEMO_MINE,SYN_MINE_01,1500.0,1737.4,1.0,0.0,0.0,0.0,0.12,15.85,0.0,0.8831,0.0,0.28,27.14,IMD gridded 0.25deg (REAL_GOVERNMENT),SYNTHETIC,REAL_GOVERNMENT
2021-12-15,DEMO_MINE,SYN_MINE_01,1500.0,1721.0,0.9899,0.202,0.0,0.0,0.053,14.96,0.0,0.849,0.0,0.285,26.42,IMD gridded 0.25deg (REAL_GOVERNMENT),SYNTHETIC,REAL_GOVERNMENT
2021-12-16,DEMO_MINE,SYN_MINE_01,1500.0,1219.2,0.7793,4.413,0.0,0.0,0.324,14.51,0.0,0.8073,0.0,0.284,27.22,IMD gridded 0.25deg (REAL_GOVERNMENT),SYNTHETIC,REAL_GOVERNMENT
2021-12-17,DEMO_MINE,SYN_MINE_01,1500.0,1501.2,0.825,0.0,3.5,1.101,0.067,15.67,0.0,0.8933,0.0,0.287,26.8,IMD gridded 0.25deg (REAL_GOVERNMENT),SYNTHETIC,REAL_GOVERNMENT
2021-12-18,DEMO_MINE,SYN_MINE_01,1500.0,1346.0,0.8285,1.766,0.0,0.0,0.194,15.76,0.0,0.8333,0.0,0.291,23.48,IMD gridded 0.25deg (REAL_GOVERNMENT),SYNTHETIC,REAL_GOVERNMENT
2021-12-19,DEMO_MINE,SYN_MINE_01,1275.0,1432.1,1.0,0.0,0.0,0.0,0.151,12.95,0.0,0.7281,0.0,0.284,23.38,IMD gridded 0.25deg (REAL_GOVERNMENT),SYNTHETIC,REAL_GOVERNMENT
2021-12-20,DEMO_MINE,SYN_MINE_01,1500.0,1291.1,0.825,0.0,3.5,0.0,0.438,15.47,0.0,0.8117,0.0,0.281,24.12,IMD gridded 0.25deg (REAL_GOVERNMENT),SYNTHETIC,REAL_GOVERNMENT
2021-12-21,DEMO_MINE,SYN_MINE_01,1500.0,1750.4,1.0,0.0,0.0,0.0,0.108,16.16,0.0,0.8745,0.0,0.279,25.52,IMD gridded 0.25deg (REAL_GOVERNMENT),SYNTHETIC,REAL_GOVERNMENT
2021-12-22,DEMO_MINE,SYN_MINE_01,1500.0,1629.0,1.0,0.0,0.0,0.919,0.444,16.52,0.0,0.8462,0.0,0.277,26.74,IMD gridded 0.25deg (REAL_GOVERNMENT),SYNTHETIC,REAL_GOVERNMENT
2021-12-23,DEMO_MINE,SYN_MINE_01,1500.0,1707.6,1.0,0.0,0.0,0.0,0.368,17.06,0.0,0.8594,0.0,0.274,28.03,IMD gridded 0.25deg (REAL_GOVERNMENT),SYNTHETIC,REAL_GOVERNMENT
2021-12-24,DEMO_MINE,SYN_MINE_01,1500.0,1703.0,1.0,0.0,0.0,0.818,0.618,16.08,0.0,0.8925,0.0,0.273,28.9,IMD gridded 0.25deg (REAL_GOVERNMENT),SYNTHETIC,REAL_GOVERNMENT
2021-12-25,DEMO_MINE,SYN_MINE_01,1500.0,1268.4,0.7618,4.763,0.0,0.0,0.155,16.21,0.0,0.8493,0.0,0.278,27.19,IMD gridded 0.25deg (REAL_GOVERNMENT),SYNTHETIC,REAL_GOVERNMENT
2021-12-26,DEMO_MINE,SYN_MINE_01,1275.0,1074.1,0.7023,5.954,0.0,0.0,0.011,16.38,0.0,0.7448,0.0,0.277,27.75,IMD gridded 0.25deg (REAL_GOVERNMENT),SYNTHETIC,REAL_GOVERNMENT
2021-12-27,DEMO_MINE,SYN_MINE_01,1500.0,896.1,0.5359,9.283,0.0,1.585,0.445,15.66,0.0,0.8819,0.0,0.272,27.13,IMD gridded 0.25deg (REAL_GOVERNMENT),SYNTHETIC,REAL_GOVERNMENT
2021-12-28,DEMO_MINE,SYN_MINE_01,1500.0,1741.6,0.9951,0.098,0.0,0.0,0.014,17.04,0.0,0.8613,0.0,0.32,24.49,IMD gridded 0.25deg (REAL_GOVERNMENT),SYNTHETIC,REAL_GOVERNMENT
2021-12-29,DEMO_MINE,SYN_MINE_01,1500.0,1233.3,0.7564,4.872,0.0,3.944,0.294,14.83,0.284,0.86,36.02,0.446,21.26,IMD gridded 0.25deg (REAL_GOVERNMENT),SYNTHETIC,REAL_GOVERNMENT
2021-12-30,DEMO_MINE,SYN_MINE_01,1500.0,1552.1,0.8679,2.642,0.0,0.0,0.022,16.12,0.0,0.8965,5.97,0.436,21.53,IMD gridded 0.25deg (REAL_GOVERNMENT),SYNTHETIC,REAL_GOVERNMENT
2021-12-31,DEMO_MINE,SYN_MINE_01,1500.0,1410.8,0.8533,2.909,0.0,1.027,0.335,16.39,0.0,0.8478,0.0,0.414,22.26,IMD gridded 0.25deg (REAL_GOVERNMENT),SYNTHETIC,REAL_GOVERNMENT
2022-01-01,DEMO_MINE,SYN_MINE_01,1500.0,1591.0,1.0,0.0,0.0,0.179,0.0,14.98,0.695,0.8033,0.0,0.399,24.17,IMD gridded 0.25deg (REAL_GOVERNMENT),SYNTHETIC,REAL_GOVERNMENT
2022-01-02,DEMO_MINE,SYN_MINE_01,1275.0,1427.2,1.0,0.0,0.0,0.722,0.0,16.91,0.0,0.6996,0.0,0.38,25.26,IMD gridded 0.25deg (REAL_GOVERNMENT),SYNTHETIC,REAL_GOVERNMENT
2022-01-03,DEMO_MINE,SYN_MINE_01,1500.0,1504.7,0.825,0.0,3.5,0.484,0.0,16.99,0.0,0.903,0.0,0.362,25.31,IMD gridded 0.25deg (REAL_GOVERNMENT),SYNTHETIC,REAL_GOVERNMENT
2022-01-04,DEMO_MINE,SYN_MINE_01,1500.0,1712.3,1.0,0.0,0.0,0.489,0.258,16.53,0.0,0.863,0.0,0.348,27.19,IMD gridded 0.25deg (REAL_GOVERNMENT),SYNTHETIC,REAL_GOVERNMENT
2022-01-05,DEMO_MINE,SYN_MINE_01,1500.0,1608.4,1.0,0.0,0.0,1.658,0.708,16.31,0.0,0.8495,0.0,0.34,27.88,IMD gridded 0.25deg (REAL_GOVERNMENT),SYNTHETIC,REAL_GOVERNMENT
2022-01-06,DEMO_MINE,SYN_MINE_01,1500.0,1470.8,0.8433,0.0,3.134,0.0,0.402,17.78,0.0,0.8924,0.0,0.33,28.15,IMD gridded 0.25deg (REAL_GOVERNMENT),SYNTHETIC,REAL_GOVERNMENT
2022-01-07,DEMO_MINE,SYN_MINE_01,1500.0,1702.0,1.0,0.0,0.0,0.0,0.0,16.82,0.0,0.8067,0.0,0.324,26.28,IMD gridded 0.25deg (REAL_GOVERNMENT),SYNTHETIC,REAL_GOVERNMENT
2022-01-08,DEMO_MINE,SYN_MINE_01,1500.0,1481.9,0.9208,1.162,0.0,0.0,0.232,13.78,0.0,0.8258,0.0,0.322,26.92,IMD gridded 0.25deg (REAL_GOVERNMENT),SYNTHETIC,REAL_GOVERNMENT
2022-01-09,DEMO_MINE,SYN_MINE_01,1275.0,1372.6,0.9117,1.06,0.0,0.0,0.115,15.94,0.0,0.7493,1.25,0.385,22.14,IMD gridded 0.25deg (REAL_GOVERNMENT),SYNTHETIC,REAL_GOVERNMENT
2022-01-10,DEMO_MINE,SYN_MINE_01,1500.0,1689.9,1.0,0.0,0.0,0.0,0.098,15.69,0.006,0.8535,9.97,0.447,21.61,IMD gridded 0.25deg (REAL_GOVERNMENT),SYNTHETIC,REAL_GOVERNMENT
2022-01-11,DEMO_MINE,SYN_MINE_01,1500.0,1395.1,0.8523,2.953,0.0,1.731,0.531,15.56,0.437,0.874,5.5,0.432,20.8,IMD gridded 0.25deg (REAL_GOVERNMENT),SYNTHETIC,REAL_GOVERNMENT
2022-01-12,DEMO_MINE,SYN_MINE_01,1500.0,1322.7,0.7845,4.309,0.0,1.979,0.0,15.88,0.0,0.8058,2.67,0.426,21.74,IMD gridded 0.25deg (REAL_GOVERNMENT),SYNTHETIC,REAL_GOVERNMENT
2022-01-13,DEMO_MINE,SYN_MINE_01,1500.0,1711.3,0.9576,0.847,0.0,0.9,0.169,15.98,0.0,0.89,0.0,0.411,23.42,IMD gridded 0.25deg (REAL_GOVERNMENT),SYNTHETIC,REAL_GOVERNMENT
2022-01-14,DEMO_MINE,SYN_MINE_01,1500.0,1643.7,1.0,0.0,0.0,1.893,0.427,16.77,0.0,0.8447,0.0,0.407,20.4,IMD gridded 0.25deg (REAL_GOVERNMENT),SYNTHETIC,REAL_GOVERNMENT
2022-01-15,DEMO_MINE,SYN_MINE_01,1500.0,1619.8,1.0,0.0,0.0,0.222,1.126,16.37,0.0,0.8764,2.13,0.407,20.31,IMD gridded 0.25deg (REAL_GOVERNMENT),SYNTHETIC,REAL_GOVERNMENT
2022-01-16,DEMO_MINE,SYN_MINE_01,1275.0,1065.3,0.7183,5.634,0.0,0.257,0.257,16.03,0.0,0.7689,0.0,0.397,22.75,IMD gridded 0.25deg (REAL_GOVERNMENT),SYNTHETIC,REAL_GOVERNMENT
2022-01-17,DEMO_MINE,SYN_MINE_01,1500.0,658.0,0.3834,11.019,0.0,2.667,0.001,14.88,0.0,0.8383,0.0,0.382,24.2,IMD gridded 0.25deg (REAL_GOVERNMENT),SYNTHETIC,REAL_GOVERNMENT
2022-01-18,DEMO_MINE,SYN_MINE_01,1500.0,1130.2,0.6221,7.557,0.0,0.0,0.0,15.22,0.0,0.8925,0.0,0.364,25.61,IMD gridded 0.25deg (REAL_GOVERNMENT),SYNTHETIC,REAL_GOVERNMENT
2022-01-19,DEMO_MINE,SYN_MINE_01,1500.0,1340.0,0.8242,0.016,3.5,0.0,0.304,16.43,0.0,0.8298,0.0,0.343,25.2,IMD gridded 0.25deg (REAL_GOVERNMENT),SYNTHETIC,REAL_GOVERNMENT
2022-01-20,DEMO_MINE,SYN_MINE_01,1500.0,870.9,0.5,10.0,0.0,3.001,0.044,16.57,0.0,0.8605,0.0,0.322,26.93,IMD gridded 0.25deg (REAL_GOVERNMENT),SYNTHETIC,REAL_GOVERNMENT
2022-01-21,DEMO_MINE,SYN_MINE_01,1500.0,833.2,0.5,10.0,0.0,3.333,0.168,14.66,0.0,0.8424,0.0,0.306,26.79,IMD gridded 0.25deg (REAL_GOVERNMENT),SYNTHETIC,REAL_GOVERNMENT
2022-01-22,DEMO_MINE,SYN_MINE_01,1500.0,1394.2,0.8069,2.448,0.0,0.992,0.257,14.44,0.0,0.888,0.0,0.295,26.89,IMD gridded 0.25deg (REAL_GOVERNMENT),SYNTHETIC,REAL_GOVERNMENT
2022-01-23,DEMO_MINE,SYN_MINE_01,1275.0,1472.8,1.0,0.0,0.0,2.823,0.356,16.73,0.0,0.7376,0.0,0.291,25.0,IMD gridded 0.25deg (REAL_GOVERNMENT),SYNTHETIC,REAL_GOVERNMENT
2022-01-24,DEMO_MINE,SYN_MINE_01,1500.0,1567.8,1.0,0.0,0.0,0.0,0.65,16.58,0.0,0.8216,0.0,0.29,22.42,IMD gridded 0.25deg (REAL_GOVERNMENT),SYNTHETIC,REAL_GOVERNMENT
2022-01-25,DEMO_MINE,SYN_MINE_01,1500.0,1634.0,1.0,0.0,0.0,0.0,0.12,17.32,0.0,0.8243,0.0,0.291,21.88,IMD gridded 0.25deg (REAL_GOVERNMENT),SYNTHETIC,REAL_GOVERNMENT
2022-01-26,DEMO_MINE,SYN_MINE_01,1500.0,1741.9,1.0,0.0,0.0,0.0,0.179,17.44,0.0,0.8849,0.0,0.286,22.56,IMD gridded 0.25deg (REAL_GOVERNMENT),SYNTHETIC,REAL_GOVERNMENT
2022-01-27,DEMO_MINE,SYN_MINE_01,1500.0,1374.0,0.825,0.0,3.5,2.645,0.074,17.78,0.0,0.8462,0.0,0.28,22.99,IMD gridded 0.25deg (REAL_GOVERNMENT),SYNTHETIC,REAL_GOVERNMENT
2022-01-28,DEMO_MINE,SYN_MINE_01,1500.0,1647.7,1.0,0.0,0.0,1.984,0.064,15.84,0.0,0.818,0.0,0.268,23.0,IMD gridded 0.25deg (REAL_GOVERNMENT),SYNTHETIC,REAL_GOVERNMENT
2022-01-29,DEMO_MINE,SYN_MINE_01,1500.0,1710.8,1.0,0.0,0.0,0.748,0.005,15.39,0.0,0.8364,0.0,0.257,25.51,IMD gridded 0.25deg (REAL_GOVERNMENT),SYNTHETIC,REAL_GOVERNMENT
2022-01-30,DEMO_MINE,SYN_MINE_01,1275.0,831.0,0.7044,5.913,0.0,1.951,0.0,17.4,2.235,0.5814,0.0,0.25,28.11,IMD gridded 0.25deg (REAL_GOVERNMENT),SYNTHETIC,REAL_GOVERNMENT
2022-01-31,DEMO_MINE,SYN_MINE_01,1500.0,1349.0,0.9493,1.013,0.0,0.857,0.564,16.68,1.285,0.7496,0.0,0.244,28.65,IMD gridded 0.25deg (REAL_GOVERNMENT),SYNTHETIC,REAL_GOVERNMENT
2022-02-01,DEMO_MINE,SYN_MINE_01,1500.0,1833.2,1.0,0.0,0.0,0.0,0.0,17.42,0.0,0.9126,0.0,0.243,28.61,IMD gridded 0.25deg (REAL_GOVERNMENT),SYNTHETIC,REAL_GOVERNMENT
2022-02-02,DEMO_MINE,SYN_MINE_01,1500.0,1755.8,1.0,0.0,0.0,0.0,0.099,15.88,0.0,0.883,0.0,0.243,29.56,IMD gridded 0.25deg (REAL_GOVERNMENT),SYNTHETIC,REAL_GOVERNMENT
2022-02-03,DEMO_MINE,SYN_MINE_01,1500.0,1699.3,1.0,0.0,0.0,0.0,0.0,17.64,0.0,0.8437,0.0,0.246,29.61,IMD gridded 0.25deg (REAL_GOVERNMENT),SYNTHETIC,REAL_GOVERNMENT
2022-02-04,DEMO_MINE,SYN_MINE_01,1500.0,1353.1,0.825,0.0,3.5,0.0,0.107,15.77,0.0,0.8157,0.0,0.255,25.19,IMD gridded 0.25deg (REAL_GOVERNMENT),SYNTHETIC,REAL_GOVERNMENT
2022-02-05,DEMO_MINE,SYN_MINE_01,1500.0,1528.2,0.9092,1.724,0.0,2.138,0.245,16.03,0.0,0.8591,0.0,0.254,25.91,IMD gridded 0.25deg (REAL_GOVERNMENT),SYNTHETIC,REAL_GOVERNMENT
2022-02-06,DEMO_MINE,SYN_MINE_01,1275.0,1484.5,1.0,0.0,0.0,1.234,0.126,16.78,0.0,0.7426,0.0,0.25,27.83,IMD gridded 0.25deg (REAL_GOVERNMENT),SYNTHETIC,REAL_GOVERNMENT
2022-02-07,DEMO_MINE,SYN_MINE_01,1500.0,1490.8,1.0,0.0,0.0,1.056,1.018,16.17,0.0,0.8063,0.0,0.246,28.73,IMD gridded 0.25deg (REAL_GOVERNMENT),SYNTHETIC,REAL_GOVERNMENT
2022-02-08,DEMO_MINE,SYN_MINE_01,1500.0,1744.6,1.0,0.0,0.0,0.0,0.089,16.96,0.0,0.8734,0.0,0.247,29.48,IMD gridded 0.25deg (REAL_GOVERNMENT),SYNTHETIC,REAL_GOVERNMENT
2022-02-09,DEMO_MINE,SYN_MINE_01,1500.0,1464.9,0.8911,0.302,0.0,1.872,0.547,15.86,0.0,0.8638,0.0,0.256,28.02,IMD gridded 0.25deg (REAL_GOVERNMENT),SYNTHETIC,REAL_GOVERNMENT
2022-02-10,DEMO_MINE,SYN_MINE_01,1500.0,1624.1,1.0,0.0,0.0,0.0,0.0,17.49,0.0,0.7947,12.44,0.264,25.07,IMD gridded 0.25deg (REAL_GOVERNMENT),SYNTHETIC,REAL_GOVERNMENT
2022-02-11,DEMO_MINE,SYN_MINE_01,1500.0,1591.6,1.0,0.0,0.0,0.0,0.583,17.12,0.0,0.8263,0.0,0.271,25.48,IMD gridded 0.25deg (REAL_GOVERNMENT),SYNTHETIC,REAL_GOVERNMENT
2022-02-12,DEMO_MINE,SYN_MINE_01,1500.0,1731.2,1.0,0.0,0.0,1.515,0.471,16.47,0.0,0.9009,0.0,0.267,27.08,IMD gridded 0.25deg (REAL_GOVERNMENT),SYNTHETIC,REAL_GOVERNMENT
2022-02-13,DEMO_MINE,SYN_MINE_01,1275.0,1210.8,0.825,0.0,3.5,3.333,0.119,16.64,0.0,0.7469,0.0,0.259,28.43,IMD gridded 0.25deg (REAL_GOVERNMENT),SYNTHETIC,REAL_GOVERNMENT
2022-02-14,DEMO_MINE,SYN_MINE_01,1500.0,1610.8,1.0,0.0,0.0,0.552,0.528,14.68,0.0,0.8428,0.0,0.258,29.06,IMD gridded 0.25deg (REAL_GOVERNMENT),SYNTHETIC,REAL_GOVERNMENT
2022-02-15,DEMO_MINE,SYN_MINE_01,1500.0,1145.1,1.0,0.0,0.0,1.939,0.29,17.42,2.908,0.5949,0.0,0.261,28.89,IMD gridded 0.25deg (REAL_GOVERNMENT),SYNTHETIC,REAL_GOVERNMENT
2022-02-16,DEMO_MINE,SYN_MINE_01,1500.0,1697.7,1.0,0.0,0.0,0.494,0.0,17.26,0.0,0.8379,0.0,0.267,28.81,IMD gridded 0.25deg (REAL_GOVERNMENT),SYNTHETIC,REAL_GOVERNMENT
2022-02-17,DEMO_MINE,SYN_MINE_01,1500.0,1456.7,1.0,0.0,0.0,2.855,0.0,16.84,2.054,0.707,0.0,0.273,27.18,IMD gridded 0.25deg (REAL_GOVERNMENT),SYNTHETIC,REAL_GOVERNMENT
2022-02-18,DEMO_MINE,SYN_MINE_01,1500.0,1451.9,0.8735,2.112,0.0,0.0,0.162,15.73,0.0,0.8504,0.0,0.269,28.5,IMD gridded 0.25deg (REAL_GOVERNMENT),SYNTHETIC,REAL_GOVERNMENT
2022-02-19,DEMO_MINE,SYN_MINE_01,1500.0,1259.0,0.7101,5.798,0.0,0.0,0.304,17.06,0.0,0.9096,0.0,0.279,29.29,IMD gridded 0.25deg (REAL_GOVERNMENT),SYNTHETIC,REAL_GOVERNMENT
2022-02-20,DEMO_MINE,SYN_MINE_01,1275.0,1458.6,1.0,0.0,0.0,0.0,0.065,15.97,0.0,0.7301,0.0,0.281,29.71,IMD gridded 0.25deg (REAL_GOVERNMENT),SYNTHETIC,REAL_GOVERNMENT
2022-02-21,DEMO_MINE,SYN_MINE_01,1500.0,1392.5,0.825,0.0,3.5,2.18,0.28,16.63,0.0,0.8726,0.0,0.28,30.73,IMD gridded 0.25deg (REAL_GOVERNMENT),SYNTHETIC,REAL_GOVERNMENT
2022-02-22,DEMO_MINE,SYN_MINE_01,1500.0,1851.5,1.0,0.0,0.0,0.698,0.222,16.21,0.0,0.9159,0.0,0.274,33.21,IMD gridded 0.25deg (REAL_GOVERNMENT),SYNTHETIC,REAL_GOVERNMENT
2022-02-23,DEMO_MINE,SYN_MINE_01,1500.0,1429.2,0.8741,2.517,0.0,0.0,0.365,16.38,0.0,0.8355,0.0,0.274,33.41,IMD gridded 0.25deg (REAL_GOVERNMENT),SYNTHETIC,REAL_GOVERNMENT
2022-02-24,DEMO_MINE,SYN_MINE_01,1500.0,1548.1,0.9077,1.847,0.0,0.0,0.243,16.11,0.0,0.8595,0.0,0.269,32.83,IMD gridded 0.25deg (REAL_GOVERNMENT),SYNTHETIC,REAL_GOVERNMENT
2022-02-25,DEMO_MINE,SYN_MINE_01,1500.0,1643.9,1.0,0.0,0.0,1.066,0.233,15.46,0.0,0.8217,0.0,0.265,31.4,IMD gridded 0.25deg (REAL_GOVERNMENT),SYNTHETIC,REAL_GOVERNMENT
2022-02-26,DEMO_MINE,SYN_MINE_01,1500.0,1264.8,0.7446,5.108,0.0,0.0,0.148,14.97,0.0,0.8511,0.0,0.263,32.38,IMD gridded 0.25deg (REAL_GOVERNMENT),SYNTHETIC,REAL_GOVERNMENT
2022-02-27,DEMO_MINE,SYN_MINE_01,1275.0,1257.7,0.9052,1.895,0.0,0.474,0.22,16.84,0.0,0.7073,0.0,0.262,32.63,IMD gridded 0.25deg (REAL_GOVERNMENT),SYNTHETIC,REAL_GOVERNMENT
2022-02-28,DEMO_MINE,SYN_MINE_01,1500.0,1246.1,0.7728,4.544,0.0,0.0,0.0,17.24,0.0,0.798,0.0,0.263,31.24,IMD gridded 0.25deg (REAL_GOVERNMENT),SYNTHETIC,REAL_GOVERNMENT
2022-03-01,DEMO_MINE,SYN_MINE_01,1500.0,846.9,0.5,10.0,0.0,0.0,0.0,17.42,0.0,0.8363,0.0,0.261,31.61,IMD gridded 0.25deg (REAL_GOVERNMENT),SYNTHETIC,REAL_GOVERNMENT
2022-03-02,DEMO_MINE,SYN_MINE_01,1500.0,1215.6,0.6929,6.142,0.0,1.669,0.132,16.53,0.0,0.8894,0.0,0.266,32.38,IMD gridded 0.25deg (REAL_GOVERNMENT),SYNTHETIC,REAL_GOVERNMENT
2022-03-03,DEMO_MINE,SYN_MINE_01,1500.0,1362.4,0.825,0.0,3.5,0.0,0.55,16.15,0.0,0.8675,0.0,0.258,32.07,IMD gridded 0.25deg (REAL_GOVERNMENT),SYNTHETIC,REAL_GOVERNMENT
2022-03-04,DEMO_MINE,SYN_MINE_01,1500.0,1614.6,1.0,0.0,0.0,0.0,0.15,15.84,0.0,0.8184,0.0,0.252,32.5,IMD gridded 0.25deg (REAL_GOVERNMENT),SYNTHETIC,REAL_GOVERNMENT
2022-03-05,DEMO_MINE,SYN_MINE_01,1500.0,1591.4,1.0,0.0,0.0,2.048,0.212,15.89,0.0,0.8111,0.0,0.251,31.83,IMD gridded 0.25deg (REAL_GOVERNMENT),SYNTHETIC,REAL_GOVERNMENT
2022-03-06,DEMO_MINE,SYN_MINE_01,1275.0,1340.3,1.0,0.0,0.0,0.746,0.302,14.9,0.0,0.6862,0.0,0.253,32.11,IMD gridded 0.25deg (REAL_GOVERNMENT),SYNTHETIC,REAL_GOVERNMENT
2022-03-07,DEMO_MINE,SYN_MINE_01,1500.0,1786.5,1.0,0.0,0.0,1.175,0.415,15.66,0.0,0.9186,0.0,0.262,32.91,IMD gridded 0.25deg (REAL_GOVERNMENT),SYNTHETIC,REAL_GOVERNMENT
2022-03-08,DEMO_MINE,SYN_MINE_01,1500.0,1722.1,1.0,0.0,0.0,0.726,0.236,15.21,0.0,0.8699,0.0,0.267,30.91,IMD gridded 0.25deg (REAL_GOVERNMENT),SYNTHETIC,REAL_GOVERNMENT
2022-03-09,DEMO_MINE,SYN_MINE_01,1500.0,1641.3,1.0,0.0,0.0,0.0,0.606,16.04,0.0,0.8521,0.0,0.268,32.46,IMD gridded 0.25deg (REAL_GOVERNMENT),SYNTHETIC,REAL_GOVERNMENT
2022-03-10,DEMO_MINE,SYN_MINE_01,1500.0,1708.2,1.0,0.0,0.0,0.0,0.051,16.65,0.0,0.8629,0.0,0.267,33.43,IMD gridded 0.25deg (REAL_GOVERNMENT),SYNTHETIC,REAL_GOVERNMENT
2022-03-11,DEMO_MINE,SYN_MINE_01,1500.0,1316.3,0.825,0.0,3.5,0.35,0.708,16.21,0.0,0.8517,0.0,0.264,33.04,IMD gridded 0.25deg (REAL_GOVERNMENT),SYNTHETIC,REAL_GOVERNMENT
2022-03-12,DEMO_MINE,SYN_MINE_01,1500.0,1619.9,0.9417,1.165,0.0,0.863,0.144,14.53,0.0,0.8633,0.0,0.261,33.16,IMD gridded 0.25deg (REAL_GOVERNMENT),SYNTHETIC,REAL_GOVERNMENT
2022-03-13,DEMO_MINE,SYN_MINE_01,1275.0,1361.5,0.9707,0.587,0.0,1.335,0.212,16.42,0.0,0.7148,0.0,0.259,34.37,IMD gridded 0.25deg (REAL_GOVERNMENT),SYNTHETIC,REAL_GOVERNMENT
2022-03-14,DEMO_MINE,SYN_MINE_01,1500.0,1629.5,0.9118,1.763,0.0,1.043,0.0,16.91,0.0,0.8513,0.0,0.257,35.57,IMD gridded 0.25deg (REAL_GOVERNMENT),SYNTHETIC,REAL_GOVERNMENT
2022-03-15,DEMO_MINE,SYN_MINE_01,1500.0,1084.3,0.6349,7.301,0.0,0.0,0.137,14.74,0.0,0.8771,0.0,0.256,37.24,IMD gridded 0.25deg (REAL_GOVERNMENT),SYNTHETIC,REAL_GOVERNMENT
2022-03-16,DEMO_MINE,SYN_MINE_01,1500.0,1347.3,0.8457,3.086,0.0,1.54,0.354,16.42,0.0,0.8187,0.0,0.255,38.04,IMD gridded 0.25deg (REAL_GOVERNMENT),SYNTHETIC,REAL_GOVERNMENT
2022-03-17,DEMO_MINE,SYN_MINE_01,1500.0,1635.1,0.9232,1.536,0.0,1.76,0.013,15.95,0.0,0.8781,0.0,0.254,38.23,IMD gridded 0.25deg (REAL_GOVERNMENT),SYNTHETIC,REAL_GOVERNMENT
2022-03-18,DEMO_MINE,SYN_MINE_01,1500.0,909.3,0.5721,8.558,0.0,0.0,0.268,15.26,0.0,0.8274,0.0,0.253,38.39,IMD gridded 0.25deg (REAL_GOVERNMENT),SYNTHETIC,REAL_GOVERNMENT
2022-03-19,DEMO_MINE,SYN_MINE_01,1500.0,1446.3,0.9063,1.874,0.0,0.0,0.136,15.46,0.0,0.8029,0.0,0.253,37.46,IMD gridded 0.25deg (REAL_GOVERNMENT),SYNTHETIC,REAL_GOVERNMENT
2022-03-20,DEMO_MINE,SYN_MINE_01,1275.0,1490.0,1.0,0.0,0.0,0.0,0.159,15.49,0.0,0.758,0.0,0.253,37.74,IMD gridded 0.25deg (REAL_GOVERNMENT),SYNTHETIC,REAL_GOVERNMENT
2022-03-21,DEMO_MINE,SYN_MINE_01,1500.0,1391.0,0.825,0.0,3.5,0.914,0.318,16.3,0.0,0.8748,0.0,0.253,38.14,IMD gridded 0.25deg (REAL_GOVERNMENT),SYNTHETIC,REAL_GOVERNMENT
2022-03-22,DEMO_MINE,SYN_MINE_01,1500.0,1762.9,1.0,0.0,0.0,0.0,0.045,16.22,0.0,0.849,0.0,0.252,38.14,IMD gridded 0.25deg (REAL_GOVERNMENT),SYNTHETIC,REAL_GOVERNMENT
2022-03-23,DEMO_MINE,SYN_MINE_01,1500.0,1756.3,1.0,0.0,0.0,0.0,0.079,16.24,0.0,0.8764,0.0,0.252,37.99,IMD gridded 0.25deg (REAL_GOVERNMENT),SYNTHETIC,REAL_GOVERNMENT
2022-03-24,DEMO_MINE,SYN_MINE_01,1500.0,1280.8,1.0,0.0,0.0,0.0,4.7,14.99,0.0,0.8849,0.0,0.252,37.72,IMD gridded 0.25deg (REAL_GOVERNMENT),SYNTHETIC,REAL_GOVERNMENT
2022-03-25,DEMO_MINE,SYN_MINE_01,1500.0,0.0,1.0,0.0,0.0,0.0,17.295,15.87,0.0,0.8647,0.0,0.252,38.16,IMD gridded 0.25deg (REAL_GOVERNMENT),SYNTHETIC,REAL_GOVERNMENT
2022-03-26,DEMO_MINE,SYN_MINE_01,1500.0,1464.6,0.8802,1.428,0.0,0.0,0.458,16.56,0.0,0.8704,0.0,0.252,38.28,IMD gridded 0.25deg (REAL_GOVERNMENT),SYNTHETIC,REAL_GOVERNMENT
2022-03-27,DEMO_MINE,SYN_MINE_01,1275.0,1057.0,0.7556,1.434,3.454,0.0,0.0,15.27,0.0,0.6894,0.0,0.25,38.93,IMD gridded 0.25deg (REAL_GOVERNMENT),SYNTHETIC,REAL_GOVERNMENT
2022-03-28,DEMO_MINE,SYN_MINE_01,1500.0,1334.3,0.8157,3.687,0.0,1.517,0.465,15.64,0.0,0.8587,0.0,0.251,39.53,IMD gridded 0.25deg (REAL_GOVERNMENT),SYNTHETIC,REAL_GOVERNMENT
2022-03-29,DEMO_MINE,SYN_MINE_01,1500.0,944.1,0.9534,0.932,0.0,0.0,7.578,15.27,0.0,0.9,0.0,0.252,39.98,IMD gridded 0.25deg (REAL_GOVERNMENT),SYNTHETIC,REAL_GOVERNMENT
2022-03-30,DEMO_MINE,SYN_MINE_01,1500.0,0.0,0.9211,1.578,0.0,1.072,15.987,16.66,0.0,0.8678,0.0,0.252,40.31,IMD gridded 0.25deg (REAL_GOVERNMENT),SYNTHETIC,REAL_GOVERNMENT
2022-03-31,DEMO_MINE,SYN_MINE_01,1500.0,0.0,0.7027,5.946,0.0,0.0,12.176,15.9,0.0,0.8664,0.0,0.252,40.86,IMD gridded 0.25deg (REAL_GOVERNMENT),SYNTHETIC,REAL_GOVERNMENT
2022-04-01,DEMO_MINE,SYN_MINE_01,1522.5,1504.4,0.9623,0.753,0.0,0.0,0.829,16.19,0.0,0.8366,0.0,0.252,40.38,IMD gridded 0.25deg (REAL_GOVERNMENT),SYNTHETIC,REAL_GOVERNMENT
2022-04-02,DEMO_MINE,SYN_MINE_01,1522.5,1568.7,0.9663,0.675,0.0,0.0,0.194,16.06,0.0,0.8293,0.0,0.252,40.5,IMD gridded 0.25deg (REAL_GOVERNMENT),SYNTHETIC,REAL_GOVERNMENT
2022-04-03,DEMO_MINE,SYN_MINE_01,1294.1,897.0,0.6558,6.884,0.0,0.0,0.411,14.45,0.0,0.7257,0.0,0.251,40.67,IMD gridded 0.25deg (REAL_GOVERNMENT),SYNTHETIC,REAL_GOVERNMENT
2022-04-04,DEMO_MINE,SYN_MINE_01,1522.5,829.9,1.0,0.0,0.0,0.0,9.464,14.99,0.0,0.8881,0.0,0.251,41.21,IMD gridded 0.25deg (REAL_GOVERNMENT),SYNTHETIC,REAL_GOVERNMENT
2022-04-05,DEMO_MINE,SYN_MINE_01,1522.5,0.0,0.775,4.501,0.0,0.0,14.019,13.99,0.0,0.9045,0.0,0.252,41.15,IMD gridded 0.25deg (REAL_GOVERNMENT),SYNTHETIC,REAL_GOVERNMENT
2022-04-06,DEMO_MINE,SYN_MINE_01,1522.5,0.0,1.0,0.0,0.0,0.0,17.088,15.75,0.0,0.8544,0.0,0.252,41.03,IMD gridded 0.25deg (REAL_GOVERNMENT),SYNTHETIC,REAL_GOVERNMENT
2022-04-07,DEMO_MINE,SYN_MINE_01,1522.5,1447.7,0.8577,2.846,0.0,0.0,0.104,15.77,0.0,0.8531,0.0,0.252,40.75,IMD gridded 0.25deg (REAL_GOVERNMENT),SYNTHETIC,REAL_GOVERNMENT
2022-04-08,DEMO_MINE,SYN_MINE_01,1522.5,1347.7,0.825,0.0,3.5,1.641,0.213,16.58,0.0,0.8289,0.0,0.252,40.88,IMD gridded 0.25deg (REAL_GOVERNMENT),SYNTHETIC,REAL_GOVERNMENT
2022-04-09,DEMO_MINE,SYN_MINE_01,1522.5,1562.5,1.0,0.0,0.0,0.726,0.29,16.11,0.0,0.8058,0.0,0.252,40.97,IMD gridded 0.25deg (REAL_GOVERNMENT),SYNTHETIC,REAL_GOVERNMENT
2022-04-10,DEMO_MINE,SYN_MINE_01,1294.1,1496.4,1.0,0.0,0.0,3.049,0.014,16.41,0.0,0.7506,0.0,0.248,41.64,IMD gridded 0.25deg (REAL_GOVERNMENT),SYNTHETIC,REAL_GOVERNMENT
2022-04-11,DEMO_MINE,SYN_MINE_01,1522.5,1876.8,1.0,0.0,0.0,0.301,0.0,15.61,0.0,0.8968,0.0,0.249,41.6,IMD gridded 0.25deg (REAL_GOVERNMENT),SYNTHETIC,REAL_GOVERNMENT
2022-04-12,DEMO_MINE,SYN_MINE_01,1522.5,1262.0,0.8325,0.0,3.35,1.069,0.002,14.85,1.603,0.7666,0.0,0.252,41.13,IMD gridded 0.25deg (REAL_GOVERNMENT),SYNTHETIC,REAL_GOVERNMENT
2022-04-13,DEMO_MINE,SYN_MINE_01,1522.5,1796.4,1.0,0.0,0.0,0.0,0.283,15.57,0.0,0.9074,0.0,0.252,40.41,IMD gridded 0.25deg (REAL_GOVERNMENT),SYNTHETIC,REAL_GOVERNMENT
2022-04-14,DEMO_MINE,SYN_MINE_01,1522.5,1670.3,1.0,0.0,0.0,0.0,0.343,15.82,0.0,0.8467,0.0,0.252,39.75,IMD gridded 0.25deg (REAL_GOVERNMENT),SYNTHETIC,REAL_GOVERNMENT
2022-04-15,DEMO_MINE,SYN_MINE_01,1522.5,1589.8,1.0,0.0,0.0,1.091,0.366,16.88,0.0,0.8041,0.0,0.252,40.35,IMD gridded 0.25deg (REAL_GOVERNMENT),SYNTHETIC,REAL_GOVERNMENT
2022-04-16,DEMO_MINE,SYN_MINE_01,1522.5,1702.0,1.0,0.0,0.0,0.265,0.61,15.57,0.0,0.8761,0.0,0.252,40.83,IMD gridded 0.25deg (REAL_GOVERNMENT),SYNTHETIC,REAL_GOVERNMENT
2022-04-17,DEMO_MINE,SYN_MINE_01,1294.1,1482.8,1.0,0.0,0.0,0.0,0.411,15.73,0.0,0.7577,0.0,0.252,40.83,IMD gridded 0.25deg (REAL_GOVERNMENT),SYNTHETIC,REAL_GOVERNMENT
2022-04-18,DEMO_MINE,SYN_MINE_01,1522.5,1676.9,1.0,0.0,0.0,0.0,0.31,16.61,0.0,0.8494,0.0,0.252,41.66,IMD gridded 0.25deg (REAL_GOVERNMENT),SYNTHETIC,REAL_GOVERNMENT
2022-04-19,DEMO_MINE,SYN_MINE_01,1522.5,1630.9,1.0,0.0,0.0,0.946,0.792,15.61,0.0,0.8617,0.0,0.252,42.12,IMD gridded 0.25deg (REAL_GOVERNMENT),SYNTHETIC,REAL_GOVERNMENT
2022-04-20,DEMO_MINE,SYN_MINE_01,1522.5,1715.2,1.0,0.0,0.0,1.537,0.292,15.09,0.0,0.8679,0.0,0.252,42.3,IMD gridded 0.25deg (REAL_GOVERNMENT),SYNTHETIC,REAL_GOVERNMENT
2022-04-21,DEMO_MINE,SYN_MINE_01,1522.5,1558.7,0.907,1.861,0.0,1.432,0.122,16.61,0.0,0.8678,0.0,0.252,41.32,IMD gridded 0.25deg (REAL_GOVERNMENT),SYNTHETIC,REAL_GOVERNMENT
2022-04-22,DEMO_MINE,SYN_MINE_01,1522.5,1837.1,1.0,0.0,0.0,0.868,0.0,15.62,0.0,0.8715,3.2,0.252,38.68,IMD gridded 0.25deg (REAL_GOVERNMENT),SYNTHETIC,REAL_GOVERNMENT
2022-04-23,DEMO_MINE,SYN_MINE_01,1522.5,1710.7,1.0,0.0,0.0,0.0,0.0,15.73,0.0,0.8562,0.0,0.252,40.29,IMD gridded 0.25deg (REAL_GOVERNMENT),SYNTHETIC,REAL_GOVERNMENT
2022-04-24,DEMO_MINE,SYN_MINE_01,1294.1,833.9,0.5879,4.741,3.5,0.0,0.102,14.65,0.0,0.7281,0.0,0.252,40.71,IMD gridded 0.25deg (REAL_GOVERNMENT),SYNTHETIC,REAL_GOVERNMENT
2022-04-25,DEMO_MINE,SYN_MINE_01,1522.5,1174.6,0.7494,5.011,0.0,0.0,0.424,15.07,0.0,0.8165,0.0,0.256,41.38,IMD gridded 0.25deg (REAL_GOVERNMENT),SYNTHETIC,REAL_GOVERNMENT
2022-04-26,DEMO_MINE,SYN_MINE_01,1522.5,935.0,0.7618,4.763,0.0,1.774,0.199,14.75,2.661,0.629,0.0,0.252,41.78,IMD gridded 0.25deg (REAL_GOVERNMENT),SYNTHETIC,REAL_GOVERNMENT
2022-04-27,DEMO_MINE,SYN_MINE_01,1522.5,1160.9,0.6644,6.712,0.0,0.0,0.075,13.46,0.0,0.8727,0.0,0.252,42.46,IMD gridded 0.25deg (REAL_GOVERNMENT),SYNTHETIC,REAL_GOVERNMENT
2022-04-28,DEMO_MINE,SYN_MINE_01,1522.5,1435.6,0.8487,0.0,3.027,0.0,0.0,13.92,0.0,0.8402,0.0,0.252,42.73,IMD gridded 0.25deg (REAL_GOVERNMENT),SYNTHETIC,REAL_GOVERNMENT
2022-04-29,DEMO_MINE,SYN_MINE_01,1522.5,1656.7,1.0,0.0,0.0,0.0,0.0,13.96,0.0,0.8147,0.0,0.252,43.48,IMD gridded 0.25deg (REAL_GOVERNMENT),SYNTHETIC,REAL_GOVERNMENT
2022-04-30,DEMO_MINE,SYN_MINE_01,1522.5,1619.1,1.0,0.0,0.0,1.716,0.294,14.33,0.0,0.8275,0.0,0.252,42.74,IMD gridded 0.25deg (REAL_GOVERNMENT),SYNTHETIC,REAL_GOVERNMENT
2022-05-01,DEMO_MINE,SYN_MINE_01,1294.1,1479.4,1.0,0.0,0.0,2.387,0.647,15.0,0.0,0.7683,0.0,0.252,41.76,IMD gridded 0.25deg (REAL_GOVERNMENT),SYNTHETIC,REAL_GOVERNMENT
2022-05-02,DEMO_MINE,SYN_MINE_01,1522.5,1658.6,1.0,0.0,0.0,0.787,0.733,14.5,0.0,0.8793,0.0,0.252,42.04,IMD gridded 0.25deg (REAL_GOVERNMENT),SYNTHETIC,REAL_GOVERNMENT
2022-05-03,DEMO_MINE,SYN_MINE_01,1522.5,1598.2,0.9694,0.612,0.0,0.0,0.409,14.45,0.0,0.8588,0.0,0.252,42.09,IMD gridded 0.25deg (REAL_GOVERNMENT),SYNTHETIC,REAL_GOVERNMENT
2022-05-04,DEMO_MINE,SYN_MINE_01,1522.5,1562.9,0.9455,1.09,0.0,0.0,0.235,13.9,0.0,0.8524,0.0,0.252,41.43,IMD gridded 0.25deg (REAL_GOVERNMENT),SYNTHETIC,REAL_GOVERNMENT
2022-05-05,DEMO_MINE,SYN_MINE_01,1522.5,1676.5,1.0,0.0,0.0,0.0,0.17,13.77,0.0,0.8531,0.0,0.252,41.28,IMD gridded 0.25deg (REAL_GOVERNMENT),SYNTHETIC,REAL_GOVERNMENT
2022-05-06,DEMO_MINE,SYN_MINE_01,1522.5,1429.3,0.851,2.981,0.0,0.0,0.146,14.1,0.0,0.8614,0.0,0.252,42.07,IMD gridded 0.25deg (REAL_GOVERNMENT),SYNTHETIC,REAL_GOVERNMENT
2022-05-07,DEMO_MINE,SYN_MINE_01,1522.5,876.0,0.5,10.0,0.0,0.441,0.143,13.45,0.0,0.9042,0.0,0.252,40.76,IMD gridded 0.25deg (REAL_GOVERNMENT),SYNTHETIC,REAL_GOVERNMENT
2022-05-08,DEMO_MINE,SYN_MINE_01,1294.1,1244.7,0.8597,2.807,0.0,0.737,0.462,13.71,0.0,0.7606,0.0,0.25,41.84,IMD gridded 0.25deg (REAL_GOVERNMENT),SYNTHETIC,REAL_GOVERNMENT
2022-05-09,DEMO_MINE,SYN_MINE_01,1522.5,1783.5,1.0,0.0,0.0,0.0,0.0,13.4,0.0,0.8849,0.0,0.25,42.3,IMD gridded 0.25deg (REAL_GOVERNMENT),SYNTHETIC,REAL_GOVERNMENT
2022-05-10,DEMO_MINE,SYN_MINE_01,1522.5,1687.3,1.0,0.0,0.0,0.0,0.1,14.46,0.0,0.8588,0.0,0.252,41.76,IMD gridded 0.25deg (REAL_GOVERNMENT),SYNTHETIC,REAL_GOVERNMENT
2022-05-11,DEMO_MINE,SYN_MINE_01,1522.5,1704.8,1.0,0.0,0.0,0.586,0.04,14.15,0.0,0.855,0.0,0.255,40.96,IMD gridded 0.25deg (REAL_GOVERNMENT),SYNTHETIC,REAL_GOVERNMENT
2022-05-12,DEMO_MINE,SYN_MINE_01,1522.5,1688.3,1.0,0.0,0.0,0.903,0.749,14.27,0.0,0.8956,0.0,0.252,40.92,IMD gridded 0.25deg (REAL_GOVERNMENT),SYNTHETIC,REAL_GOVERNMENT
2022-05-13,DEMO_MINE,SYN_MINE_01,1522.5,1268.6,0.7603,4.795,0.0,0.961,0.204,14.64,0.0,0.843,3.86,0.252,42.69,IMD gridded 0.25deg (REAL_GOVERNMENT),SYNTHETIC,REAL_GOVERNMENT
2022-05-14,DEMO_MINE,SYN_MINE_01,1522.5,1267.0,0.7927,0.987,3.16,0.0,0.2,13.07,0.0,0.8223,0.0,0.25,44.07,IMD gridded 0.25deg (REAL_GOVERNMENT),SYNTHETIC,REAL_GOVERNMENT
2022-05-15,DEMO_MINE,SYN_MINE_01,1294.1,1059.1,0.7176,2.148,3.5,0.42,0.123,13.33,0.0,0.746,0.0,0.252,43.4,IMD gridded 0.25deg (REAL_GOVERNMENT),SYNTHETIC,REAL_GOVERNMENT
2022-05-16,DEMO_MINE,SYN_MINE_01,1522.5,1213.2,0.7126,3.75,0.0,0.0,0.228,14.41,0.0,0.8632,0.12,0.255,40.65,IMD gridded 0.25deg (REAL_GOVERNMENT),SYNTHETIC,REAL_GOVERNMENT
2022-05-17,DEMO_MINE,SYN_MINE_01,1522.5,1712.2,1.0,0.0,0.0,0.0,0.446,13.85,0.0,0.8721,0.0,0.263,41.88,IMD gridded 0.25deg (REAL_GOVERNMENT),SYNTHETIC,REAL_GOVERNMENT
2022-05-18,DEMO_MINE,SYN_MINE_01,1522.5,1696.7,1.0,0.0,0.0,0.0,0.111,17.47,0.0,0.8472,0.0,0.257,41.84,IMD gridded 0.25deg (REAL_GOVERNMENT),SYNTHETIC,REAL_GOVERNMENT
2022-05-19,DEMO_MINE,SYN_MINE_01,1522.5,1786.5,0.9859,0.282,0.0,0.243,0.393,16.92,0.0,0.9234,6.41,0.258,41.19,IMD gridded 0.25deg (REAL_GOVERNMENT),SYNTHETIC,REAL_GOVERNMENT
2022-05-20,DEMO_MINE,SYN_MINE_01,1522.5,1555.0,0.8765,2.47,0.0,0.0,0.399,17.18,0.0,0.8832,0.0,0.262,42.62,IMD gridded 0.25deg (REAL_GOVERNMENT),SYNTHETIC,REAL_GOVERNMENT
2022-05-21,DEMO_MINE,SYN_MINE_01,1522.5,1537.1,1.0,0.0,0.0,0.0,0.503,15.97,0.0,0.7974,0.0,0.261,41.63,IMD gridded 0.25deg (REAL_GOVERNMENT),SYNTHETIC,REAL_GOVERNMENT
2022-05-22,DEMO_MINE,SYN_MINE_01,1294.1,1349.5,1.0,0.0,0.0,1.27,0.55,16.81,0.0,0.7136,0.0,0.257,40.04,IMD gridded 0.25deg (REAL_GOVERNMENT),SYNTHETIC,REAL_GOVERNMENT
2022-05-23,DEMO_MINE,SYN_MINE_01,1522.5,1668.0,1.0,0.0,0.0,2.211,0.306,16.69,0.0,0.858,0.0,0.259,38.96,IMD gridded 0.25deg (REAL_GOVERNMENT),SYNTHETIC,REAL_GOVERNMENT
2022-05-24,DEMO_MINE,SYN_MINE_01,1522.5,1312.6,0.827,3.459,0.0,0.861,0.272,16.16,0.0,0.8234,0.0,0.289,37.78,IMD gridded 0.25deg (REAL_GOVERNMENT),SYNTHETIC,REAL_GOVERNMENT
2022-05-25,DEMO_MINE,SYN_MINE_01,1522.5,1461.8,0.8168,3.664,0.0,0.0,0.0,15.83,0.0,0.8414,0.0,0.27,38.23,IMD gridded 0.25deg (REAL_GOVERNMENT),SYNTHETIC,REAL_GOVERNMENT
2022-05-26,DEMO_MINE,SYN_MINE_01,1522.5,1466.8,0.8207,3.586,0.0,0.0,0.299,17.39,0.0,0.9065,9.96,0.269,39.33,IMD gridded 0.25deg (REAL_GOVERNMENT),SYNTHETIC,REAL_GOVERNMENT
2022-05-27,DEMO_MINE,SYN_MINE_01,1522.5,902.7,0.5043,9.913,0.0,0.0,0.072,16.59,0.0,0.9036,0.0,0.269,39.58,IMD gridded 0.25deg (REAL_GOVERNMENT),SYNTHETIC,REAL_GOVERNMENT
2022-05-28,DEMO_MINE,SYN_MINE_01,1522.5,1012.6,0.7452,5.095,0.0,1.419,0.313,16.24,2.128,0.6939,0.0,0.265,39.7,IMD gridded 0.25deg (REAL_GOVERNMENT),SYNTHETIC,REAL_GOVERNMENT
2022-05-29,DEMO_MINE,SYN_MINE_01,1294.1,671.1,0.4959,10.083,0.0,0.219,0.013,16.67,0.0,0.6795,0.0,0.264,39.78,IMD gridded 0.25deg (REAL_GOVERNMENT),SYNTHETIC,REAL_GOVERNMENT
2022-05-30,DEMO_MINE,SYN_MINE_01,1522.5,465.0,0.2931,14.137,0.0,2.805,0.16,15.61,0.0,0.8341,5.11,0.269,40.65,IMD gridded 0.25deg (REAL_GOVERNMENT),SYNTHETIC,REAL_GOVERNMENT
2022-05-31,DEMO_MINE,SYN_MINE_01,1522.5,884.2,0.5,10.0,0.0,0.0,0.033,17.18,0.0,0.875,4.37,0.271,41.13,IMD gridded 0.25deg (REAL_GOVERNMENT),SYNTHETIC,REAL_GOVERNMENT
2022-06-01,DEMO_MINE,SYN_MINE_01,1522.5,1371.2,0.7582,4.836,0.0,1.049,0.065,16.75,0.0,0.908,0.0,0.271,41.75,IMD gridded 0.25deg (REAL_GOVERNMENT),SYNTHETIC,REAL_GOVERNMENT
2022-06-02,DEMO_MINE,SYN_MINE_01,1522.5,582.8,0.325,10.0,3.5,0.0,0.0,17.34,0.0,0.8791,0.0,0.269,43.32,IMD gridded 0.25deg (REAL_GOVERNMENT),SYNTHETIC,REAL_GOVERNMENT
2022-06-03,DEMO_MINE,SYN_MINE_01,1522.5,1734.9,0.9716,0.568,0.0,1.447,0.0,16.19,0.0,0.8893,0.0,0.262,42.89,IMD gridded 0.25deg (REAL_GOVERNMENT),SYNTHETIC,REAL_GOVERNMENT
2022-06-04,DEMO_MINE,SYN_MINE_01,1522.5,1460.6,0.8326,3.347,0.0,1.181,0.168,15.34,0.0,0.8725,0.0,0.256,42.63,IMD gridded 0.25deg (REAL_GOVERNMENT),SYNTHETIC,REAL_GOVERNMENT
2022-06-05,DEMO_MINE,SYN_MINE_01,1294.1,1208.1,0.8094,3.811,0.0,0.924,0.03,16.25,0.0,0.7559,0.0,0.25,42.51,IMD gridded 0.25deg (REAL_GOVERNMENT),SYNTHETIC,REAL_GOVERNMENT
2022-06-06,DEMO_MINE,SYN_MINE_01,1522.5,769.5,0.4721,7.353,3.204,0.954,0.355,15.94,0.0,0.8596,0.0,0.259,42.66,IMD gridded 0.25deg (REAL_GOVERNMENT),SYNTHETIC,REAL_GOVERNMENT
2022-06-07,DEMO_MINE,SYN_MINE_01,1522.5,1662.1,1.0,0.0,0.0,1.155,0.477,16.64,0.0,0.846,0.0,0.258,42.62,IMD gridded 0.25deg (REAL_GOVERNMENT),SYNTHETIC,REAL_GOVERNMENT
2022-06-08,DEMO_MINE,SYN_MINE_01,1522.5,1656.4,0.9639,0.722,0.0,0.0,0.204,16.86,0.0,0.8848,0.0,0.259,42.82,IMD gridded 0.25deg (REAL_GOVERNMENT),SYNTHETIC,REAL_GOVERNMENT
2022-06-09,DEMO_MINE,SYN_MINE_01,1522.5,1304.1,0.7901,4.198,0.0,0.0,0.171,16.36,0.0,0.849,0.0,0.259,41.25,IMD gridded 0.25deg (REAL_GOVERNMENT),SYNTHETIC,REAL_GOVERNMENT
2022-06-10,DEMO_MINE,SYN_MINE_01,1522.5,1604.3,1.0,0.0,0.0,0.426,0.398,16.36,0.0,0.8324,2.17,0.257,39.85,IMD gridded 0.25deg (REAL_GOVERNMENT),SYNTHETIC,REAL_GOVERNMENT
2022-06-11,DEMO_MINE,SYN_MINE_01,1522.5,1470.8,0.9326,1.348,0.0,0.0,0.403,14.16,0.0,0.8147,0.0,0.257,40.02,IMD gridded 0.25deg (REAL_GOVERNMENT),SYNTHETIC,REAL_GOVERNMENT
2022-06-12,DEMO_MINE,SYN_MINE_01,1294.1,1166.0,0.907,1.859,0.0,0.0,0.671,14.39,0.0,0.691,4.51,0.259,36.46,IMD gridded 0.25deg (REAL_GOVERNMENT),SYNTHETIC,REAL_GOVERNMENT
2022-06-13,DEMO_MINE,SYN_MINE_01,1522.5,1307.2,1.0,0.0,0.0,2.246,0.181,12.81,2.348,0.658,0.0,0.256,38.93,IMD gridded 0.25deg (REAL_GOVERNMENT),SYNTHETIC,REAL_GOVERNMENT
2022-06-14,DEMO_MINE,SYN_MINE_01,1522.5,1607.1,1.0,0.0,0.0,0.716,0.176,13.24,0.367,0.8438,0.0,0.254,38.44,IMD gridded 0.25deg (REAL_GOVERNMENT),SYNTHETIC,REAL_GOVERNMENT
2022-06-15,DEMO_MINE,SYN_MINE_01,1522.5,1527.8,0.8934,2.132,0.0,0.0,0.447,14.34,0.0,0.8653,0.0,0.285,38.11,IMD gridded 0.25deg (REAL_GOVERNMENT),SYNTHETIC,REAL_GOVERNMENT
2022-06-16,DEMO_MINE,SYN_MINE_01,1522.5,1737.8,1.0,0.0,0.0,1.264,0.105,13.92,0.0,0.8788,15.86,0.345,33.59,IMD gridded 0.25deg (REAL_GOVERNMENT),SYNTHETIC,REAL_GOVERNMENT
2022-06-17,DEMO_MINE,SYN_MINE_01,1522.5,1623.1,1.0,0.0,0.0,0.453,0.201,13.69,0.0,0.836,0.55,0.373,34.05,IMD gridded 0.25deg (REAL_GOVERNMENT),SYNTHETIC,REAL_GOVERNMENT
2022-06-18,DEMO_MINE,SYN_MINE_01,1522.5,1338.5,0.7691,4.617,0.0,0.91,0.253,12.67,0.0,0.8792,3.02,0.391,33.28,IMD gridded 0.25deg (REAL_GOVERNMENT),SYNTHETIC,REAL_GOVERNMENT
2022-06-19,DEMO_MINE,SYN_MINE_01,1294.1,241.8,0.1846,12.808,3.5,1.056,0.185,13.82,0.0,0.7168,3.87,0.46,32.76,IMD gridded 0.25deg (REAL_GOVERNMENT),SYNTHETIC,REAL_GOVERNMENT
2022-06-20,DEMO_MINE,SYN_MINE_01,1522.5,0.0,0.0,20.0,0.0,0.0,0.0,12.72,0.0,0.0,8.91,0.486,32.6,IMD gridded 0.25deg (REAL_GOVERNMENT),SYNTHETIC,REAL_GOVERNMENT
2022-06-21,DEMO_MINE,SYN_MINE_01,1522.5,1119.7,0.8117,3.765,0.0,2.448,0.304,12.48,2.86,0.886,20.92,0.466,32.08,IMD gridded 0.25deg (REAL_GOVERNMENT),SYNTHETIC,REAL_GOVERNMENT
2022-06-22,DEMO_MINE,SYN_MINE_01,1522.5,1021.7,0.6348,7.304,0.0,0.758,0.208,12.7,0.0,0.8355,0.23,0.449,34.49,IMD gridded 0.25deg (REAL_GOVERNMENT),SYNTHETIC,REAL_GOVERNMENT
2022-06-23,DEMO_MINE,SYN_MINE_01,1522.5,1072.2,0.6255,6.373,0.0,0.0,0.045,13.22,0.0,0.8514,0.0,0.434,34.78,IMD gridded 0.25deg (REAL_GOVERNMENT),SYNTHETIC,REAL_GOVERNMENT
2022-06-24,DEMO_MINE,SYN_MINE_01,1522.5,1005.7,0.6542,6.917,0.0,0.0,0.006,11.65,1.307,0.8718,0.0,0.41,35.02,IMD gridded 0.25deg (REAL_GOVERNMENT),SYNTHETIC,REAL_GOVERNMENT
2022-06-25,DEMO_MINE,SYN_MINE_01,1522.5,1472.4,0.9374,1.251,0.0,3.213,0.697,13.46,0.197,0.8472,24.27,0.409,34.31,IMD gridded 0.25deg (REAL_GOVERNMENT),SYNTHETIC,REAL_GOVERNMENT
2022-06-26,DEMO_MINE,SYN_MINE_01,1294.1,1359.2,1.0,0.0,0.0,0.042,0.026,14.42,0.753,0.7133,0.12,0.475,33.11,IMD gridded 0.25deg (REAL_GOVERNMENT),SYNTHETIC,REAL_GOVERNMENT
2022-06-27,DEMO_MINE,SYN_MINE_01,1522.5,1413.3,0.8361,0.0,3.279,1.921,0.141,14.08,0.767,0.9108,10.33,0.466,33.56,IMD gridded 0.25deg (REAL_GOVERNMENT),SYNTHETIC,REAL_GOVERNMENT
2022-06-28,DEMO_MINE,SYN_MINE_01,1522.5,1609.3,1.0,0.0,0.0,1.698,0.508,14.47,0.042,0.8368,0.81,0.44,34.49,IMD gridded 0.25deg (REAL_GOVERNMENT),SYNTHETIC,REAL_GOVERNMENT
2022-06-29,DEMO_MINE,SYN_MINE_01,1522.5,1551.5,1.0,0.0,0.0,1.694,0.0,13.1,1.293,0.834,0.0,0.438,34.13,IMD gridded 0.25deg (REAL_GOVERNMENT),SYNTHETIC,REAL_GOVERNMENT
2022-06-30,DEMO_MINE,SYN_MINE_01,1522.5,1466.2,1.0,0.0,0.0,0.0,0.113,14.12,2.458,0.8561,9.99,0.501,31.21,IMD gridded 0.25deg (REAL_GOVERNMENT),SYNTHETIC,REAL_GOVERNMENT
2022-07-01,DEMO_MINE,SYN_MINE_01,1370.2,1358.3,1.0,0.0,0.0,0.809,0.413,13.51,2.904,0.8573,11.03,0.493,32.44,IMD gridded 0.25deg (REAL_GOVERNMENT),SYNTHETIC,REAL_GOVERNMENT
2022-07-02,DEMO_MINE,SYN_MINE_01,1370.2,1424.9,1.0,0.0,0.0,0.0,0.416,14.43,1.704,0.8315,0.28,0.503,32.01,IMD gridded 0.25deg (REAL_GOVERNMENT),SYNTHETIC,REAL_GOVERNMENT
2022-07-03,DEMO_MINE,SYN_MINE_01,1164.7,1143.9,1.0,0.0,0.0,1.222,0.265,12.86,3.532,0.761,12.97,0.506,30.73,IMD gridded 0.25deg (REAL_GOVERNMENT),SYNTHETIC,REAL_GOVERNMENT
2022-07-04,DEMO_MINE,SYN_MINE_01,1370.2,1187.2,1.0,0.0,0.0,1.248,0.154,12.14,5.332,0.8787,19.74,0.511,29.93,IMD gridded 0.25deg (REAL_GOVERNMENT),SYNTHETIC,REAL_GOVERNMENT
2022-07-05,DEMO_MINE,SYN_MINE_01,1370.2,1207.2,1.0,0.0,0.0,2.186,0.303,13.34,3.912,0.8137,30.62,0.498,30.32,IMD gridded 0.25deg (REAL_GOVERNMENT),SYNTHETIC,REAL_GOVERNMENT
2022-07-06,DEMO_MINE,SYN_MINE_01,1370.2,1451.1,1.0,0.0,0.0,0.0,0.223,14.14,2.605,0.8778,6.64,0.51,30.04,IMD gridded 0.25deg (REAL_GOVERNMENT),SYNTHETIC,REAL_GOVERNMENT
2022-07-07,DEMO_MINE,SYN_MINE_01,1370.2,1268.8,0.8475,0.0,3.05,0.538,0.0,12.63,2.575,0.89,5.45,0.508,31.53,IMD gridded 0.25deg (REAL_GOVERNMENT),SYNTHETIC,REAL_GOVERNMENT
2022-07-08,DEMO_MINE,SYN_MINE_01,1370.2,1462.2,1.0,0.0,0.0,3.331,0.179,13.97,2.545,0.8761,7.4,0.501,31.43,IMD gridded 0.25deg (REAL_GOVERNMENT),SYNTHETIC,REAL_GOVERNMENT
2022-07-09,DEMO_MINE,SYN_MINE_01,1370.2,1286.0,0.8264,3.471,0.0,1.981,0.0,12.9,1.302,0.8541,5.17,0.504,31.66,IMD gridded 0.25deg (REAL_GOVERNMENT),SYNTHETIC,REAL_GOVERNMENT
2022-07-10,DEMO_MINE,SYN_MINE_01,1164.7,979.8,0.914,1.72,0.0,2.306,0.256,12.7,2.45,0.6939,21.04,0.505,30.77,IMD gridded 0.25deg (REAL_GOVERNMENT),SYNTHETIC,REAL_GOVERNMENT
2022-07-11,DEMO_MINE,SYN_MINE_01,1370.2,1381.0,1.0,0.0,0.0,2.335,0.0,14.18,2.908,0.8305,22.45,0.504,29.44,IMD gridded 0.25deg (REAL_GOVERNMENT),SYNTHETIC,REAL_GOVERNMENT
2022-07-12,DEMO_MINE,SYN_MINE_01,1370.2,1418.2,1.0,0.0,0.0,2.634,0.24,14.76,3.32,0.8963,39.69,0.507,29.79,IMD gridded 0.25deg (REAL_GOVERNMENT),SYNTHETIC,REAL_GOVERNMENT
2022-07-13,DEMO_MINE,SYN_MINE_01,1370.2,689.9,0.825,0.0,3.5,3.594,0.0,13.63,5.963,0.5877,96.74,0.505,29.29,IMD gridded 0.25deg (REAL_GOVERNMENT),SYNTHETIC,REAL_GOVERNMENT
2022-07-14,DEMO_MINE,SYN_MINE_01,1370.2,1195.8,1.0,0.0,0.0,1.838,0.117,12.68,4.969,0.8576,33.81,0.508,28.7,IMD gridded 0.25deg (REAL_GOVERNMENT),SYNTHETIC,REAL_GOVERNMENT
2022-07-15,DEMO_MINE,SYN_MINE_01,1370.2,1236.9,1.0,0.0,0.0,2.363,0.165,13.24,4.608,0.8683,39.45,0.505,29.39,IMD gridded 0.25deg (REAL_GOVERNMENT),SYNTHETIC,REAL_GOVERNMENT
2022-07-16,DEMO_MINE,SYN_MINE_01,1370.2,1337.3,1.0,0.0,0.0,0.635,0.054,13.57,3.236,0.8253,17.52,0.502,31.48,IMD gridded 0.25deg (REAL_GOVERNMENT),SYNTHETIC,REAL_GOVERNMENT
2022-07-17,DEMO_MINE,SYN_MINE_01,1164.7,996.7,1.0,0.0,0.0,2.311,0.266,13.21,4.775,0.7507,66.16,0.506,29.79,IMD gridded 0.25deg (REAL_GOVERNMENT),SYNTHETIC,REAL_GOVERNMENT
2022-07-18,DEMO_MINE,SYN_MINE_01,1370.2,656.6,0.6507,6.986,0.0,3.613,0.116,14.28,4.013,0.5201,62.29,0.507,28.16,IMD gridded 0.25deg (REAL_GOVERNMENT),SYNTHETIC,REAL_GOVERNMENT
2022-07-19,DEMO_MINE,SYN_MINE_01,1370.2,850.1,0.5064,9.872,0.0,0.52,0.044,14.06,0.0,0.8355,2.94,0.496,26.98,IMD gridded 0.25deg (REAL_GOVERNMENT),SYNTHETIC,REAL_GOVERNMENT
2022-07-20,DEMO_MINE,SYN_MINE_01,1370.2,1503.9,0.9476,1.047,0.0,2.087,0.267,13.66,1.722,0.9043,0.66,0.491,26.55,IMD gridded 0.25deg (REAL_GOVERNMENT),SYNTHETIC,REAL_GOVERNMENT
2022-07-21,DEMO_MINE,SYN_MINE_01,1370.2,1465.8,0.9238,1.525,0.0,0.0,0.252,14.76,0.96,0.8708,3.01,0.506,27.84,IMD gridded 0.25deg (REAL_GOVERNMENT),SYNTHETIC,REAL_GOVERNMENT
2022-07-22,DEMO_MINE,SYN_MINE_01,1370.2,1215.7,0.8221,3.558,0.0,0.371,0.194,12.9,1.969,0.8625,9.44,0.504,29.02,IMD gridded 0.25deg (REAL_GOVERNMENT),SYNTHETIC,REAL_GOVERNMENT
2022-07-23,DEMO_MINE,SYN_MINE_01,1370.2,850.9,0.5,10.0,0.0,1.802,0.143,12.46,0.0,0.8682,7.95,0.511,27.41,IMD gridded 0.25deg (REAL_GOVERNMENT),SYNTHETIC,REAL_GOVERNMENT
2022-07-24,DEMO_MINE,SYN_MINE_01,1164.7,764.7,0.5,10.0,0.0,1.116,0.015,12.75,0.0,0.7721,5.25,0.504,27.07,IMD gridded 0.25deg (REAL_GOVERNMENT),SYNTHETIC,REAL_GOVERNMENT
2022-07-25,DEMO_MINE,SYN_MINE_01,1370.2,872.9,0.5,10.0,0.0,0.824,0.015,13.43,0.0,0.8791,6.49,0.506,27.4,IMD gridded 0.25deg (REAL_GOVERNMENT),SYNTHETIC,REAL_GOVERNMENT
2022-07-26,DEMO_MINE,SYN_MINE_01,1370.2,852.1,0.5,10.0,0.0,0.765,0.187,13.86,0.0,0.8743,18.36,0.506,27.95,IMD gridded 0.25deg (REAL_GOVERNMENT),SYNTHETIC,REAL_GOVERNMENT
2022-07-27,DEMO_MINE,SYN_MINE_01,1370.2,825.7,0.5,10.0,0.0,0.715,0.062,13.32,0.0,0.8081,7.86,0.499,29.68,IMD gridded 0.25deg (REAL_GOVERNMENT),SYNTHETIC,REAL_GOVERNMENT
2022-07-28,DEMO_MINE,SYN_MINE_01,1370.2,898.4,0.5,10.0,0.0,0.475,0.0,13.73,0.0,0.8648,3.64,0.502,31.29,IMD gridded 0.25deg (REAL_GOVERNMENT),SYNTHETIC,REAL_GOVERNMENT
2022-07-29,DEMO_MINE,SYN_MINE_01,1370.2,499.8,0.325,10.0,3.5,1.651,0.369,14.22,0.0,0.8405,6.47,0.495,30.24,IMD gridded 0.25deg (REAL_GOVERNMENT),SYNTHETIC,REAL_GOVERNMENT
2022-07-30,DEMO_MINE,SYN_MINE_01,1370.2,890.8,0.5,10.0,0.0,0.0,0.067,14.48,0.0,0.8886,5.39,0.483,31.56,IMD gridded 0.25deg (REAL_GOVERNMENT),SYNTHETIC,REAL_GOVERNMENT
2022-07-31,DEMO_MINE,SYN_MINE_01,1164.7,583.6,0.386,12.279,0.0,0.0,0.084,13.04,0.0,0.7773,0.0,0.488,31.86,IMD gridded 0.25deg (REAL_GOVERNMENT),SYNTHETIC,REAL_GOVERNMENT
2022-08-01,DEMO_MINE,SYN_MINE_01,1370.2,339.7,0.2128,15.744,0.0,0.0,0.006,13.18,0.0,0.8135,0.0,0.473,31.64,IMD gridded 0.25deg (REAL_GOVERNMENT),SYNTHETIC,REAL_GOVERNMENT
2022-08-02,DEMO_MINE,SYN_MINE_01,1370.2,1241.2,0.7892,4.216,0.0,0.691,0.151,12.54,1.501,0.8961,0.21,0.464,32.32,IMD gridded 0.25deg (REAL_GOVERNMENT),SYNTHETIC,REAL_GOVERNMENT
2022-08-03,DEMO_MINE,SYN_MINE_01,1370.2,1302.2,1.0,0.0,0.0,0.319,0.098,11.23,4.353,0.8704,0.0,0.47,32.35,IMD gridded 0.25deg (REAL_GOVERNMENT),SYNTHETIC,REAL_GOVERNMENT
2022-08-04,DEMO_MINE,SYN_MINE_01,1370.2,1284.3,0.825,0.0,3.5,1.681,0.324,13.64,0.93,0.8682,5.42,0.484,31.83,IMD gridded 0.25deg (REAL_GOVERNMENT),SYNTHETIC,REAL_GOVERNMENT
2022-08-05,DEMO_MINE,SYN_MINE_01,1370.2,1226.6,1.0,0.0,0.0,0.746,0.008,11.35,5.047,0.8586,12.22,0.486,32.41,IMD gridded 0.25deg (REAL_GOVERNMENT),SYNTHETIC,REAL_GOVERNMENT
2022-08-06,DEMO_MINE,SYN_MINE_01,1370.2,1396.0,1.0,0.0,0.0,0.841,0.267,12.75,3.571,0.8864,0.0,0.501,32.66,IMD gridded 0.25deg (REAL_GOVERNMENT),SYNTHETIC,REAL_GOVERNMENT
2022-08-07,DEMO_MINE,SYN_MINE_01,1164.7,1064.2,0.8311,3.377,0.0,0.0,0.0,13.14,1.032,0.7064,5.28,0.503,30.93,IMD gridded 0.25deg (REAL_GOVERNMENT),SYNTHETIC,REAL_GOVERNMENT
2022-08-08,DEMO_MINE,SYN_MINE_01,1370.2,1283.2,1.0,0.0,0.0,3.158,0.193,13.33,3.599,0.8333,20.77,0.502,30.95,IMD gridded 0.25deg (REAL_GOVERNMENT),SYNTHETIC,REAL_GOVERNMENT
2022-08-09,DEMO_MINE,SYN_MINE_01,1370.2,1332.6,0.9198,1.604,0.0,1.667,0.0,14.6,1.985,0.8408,23.33,0.508,29.49,IMD gridded 0.25deg (REAL_GOVERNMENT),SYNTHETIC,REAL_GOVERNMENT
2022-08-10,DEMO_MINE,SYN_MINE_01,1370.2,1095.3,0.8928,2.145,0.0,2.38,0.061,14.16,3.219,0.8058,79.03,0.514,27.23,IMD gridded 0.25deg (REAL_GOVERNMENT),SYNTHETIC,REAL_GOVERNMENT
2022-08-11,DEMO_MINE,SYN_MINE_01,1370.2,1144.8,1.0,0.0,0.0,3.373,0.321,13.19,4.167,0.808,33.97,0.506,26.72,IMD gridded 0.25deg (REAL_GOVERNMENT),SYNTHETIC,REAL_GOVERNMENT
2022-08-12,DEMO_MINE,SYN_MINE_01,1370.2,1372.5,1.0,0.0,0.0,0.965,0.339,13.56,2.819,0.8532,9.18,0.496,29.56,IMD gridded 0.25deg (REAL_GOVERNMENT),SYNTHETIC,REAL_GOVERNMENT
2022-08-13,DEMO_MINE,SYN_MINE_01,1370.2,1502.8,1.0,0.0,0.0,0.35,0.046,13.79,2.996,0.9103,9.2,0.503,29.3,IMD gridded 0.25deg (REAL_GOVERNMENT),SYNTHETIC,REAL_GOVERNMENT
2022-08-14,DEMO_MINE,SYN_MINE_01,1164.7,750.7,0.5624,8.752,0.0,2.535,0.152,13.23,0.0,0.6882,29.87,0.506,27.09,IMD gridded 0.25deg (REAL_GOVERNMENT),SYNTHETIC,REAL_GOVERNMENT
2022-08-15,DEMO_MINE,SYN_MINE_01,1370.2,439.3,0.6102,7.795,0.0,3.31,0.053,13.87,5.622,0.5592,130.95,0.509,25.78,IMD gridded 0.25deg (REAL_GOVERNMENT),SYNTHETIC,REAL_GOVERNMENT
2022-08-16,DEMO_MINE,SYN_MINE_01,1370.2,1292.3,1.0,0.0,0.0,1.667,0.057,12.87,4.582,0.8632,33.82,0.498,28.15,IMD gridded 0.25deg (REAL_GOVERNMENT),SYNTHETIC,REAL_GOVERNMENT
2022-08-17,DEMO_MINE,SYN_MINE_01,1370.2,1213.2,0.825,0.0,3.5,2.996,0.286,13.63,1.468,0.8515,2.0,0.482,30.72,IMD gridded 0.25deg (REAL_GOVERNMENT),SYNTHETIC,REAL_GOVERNMENT
2022-08-18,DEMO_MINE,SYN_MINE_01,1370.2,1580.4,1.0,0.0,0.0,2.535,0.1,14.01,1.118,0.8524,0.1,0.469,31.2,IMD gridded 0.25deg (REAL_GOVERNMENT),SYNTHETIC,REAL_GOVERNMENT
2022-08-19,DEMO_MINE,SYN_MINE_01,1370.2,735.6,1.0,0.0,0.0,3.432,0.128,12.77,6.593,0.4802,15.6,0.48,30.19,IMD gridded 0.25deg (REAL_GOVERNMENT),SYNTHETIC,REAL_GOVERNMENT
2022-08-20,DEMO_MINE,SYN_MINE_01,1370.2,1219.3,0.7649,4.701,0.0,3.208,0.09,13.86,1.025,0.8766,1.26,0.506,28.18,IMD gridded 0.25deg (REAL_GOVERNMENT),SYNTHETIC,REAL_GOVERNMENT
2022-08-21,DEMO_MINE,SYN_MINE_01,1164.7,1029.6,0.9777,0.446,0.0,0.769,0.0,11.81,3.654,0.7108,5.26,0.506,26.37,IMD gridded 0.25deg (REAL_GOVERNMENT),SYNTHETIC,REAL_GOVERNMENT
2022-08-22,DEMO_MINE,SYN_MINE_01,1370.2,1294.5,0.7712,1.305,3.271,0.596,0.082,13.96,0.788,0.9009,3.95,0.5,27.05,IMD gridded 0.25deg (REAL_GOVERNMENT),SYNTHETIC,REAL_GOVERNMENT
2022-08-23,DEMO_MINE,SYN_MINE_01,1370.2,1188.1,0.8593,2.813,0.0,1.043,0.081,12.93,2.209,0.8266,1.37,0.48,29.9,IMD gridded 0.25deg (REAL_GOVERNMENT),SYNTHETIC,REAL_GOVERNMENT
2022-08-24,DEMO_MINE,SYN_MINE_01,1370.2,1383.6,1.0,0.0,0.0,2.864,0.081,11.99,3.105,0.8543,0.62,0.458,31.24,IMD gridded 0.25deg (REAL_GOVERNMENT),SYNTHETIC,REAL_GOVERNMENT
2022-08-25,DEMO_MINE,SYN_MINE_01,1370.2,1559.7,1.0,0.0,0.0,1.304,0.153,14.03,1.117,0.8532,5.47,0.462,30.22,IMD gridded 0.25deg (REAL_GOVERNMENT),SYNTHETIC,REAL_GOVERNMENT
2022-08-26,DEMO_MINE,SYN_MINE_01,1370.2,1342.5,1.0,0.0,0.0,2.503,0.35,13.35,1.979,0.7992,3.71,0.471,30.28,IMD gridded 0.25deg (REAL_GOVERNMENT),SYNTHETIC,REAL_GOVERNMENT
2022-08-27,DEMO_MINE,SYN_MINE_01,1370.2,1230.5,0.8795,1.922,0.0,2.714,0.513,12.84,2.371,0.8776,1.03,0.47,31.25,IMD gridded 0.25deg (REAL_GOVERNMENT),SYNTHETIC,REAL_GOVERNMENT
2022-08-28,DEMO_MINE,SYN_MINE_01,1164.7,986.5,1.0,0.0,0.0,1.107,0.355,11.65,3.953,0.7186,13.32,0.482,30.34,IMD gridded 0.25deg (REAL_GOVERNMENT),SYNTHETIC,REAL_GOVERNMENT
2022-08-29,DEMO_MINE,SYN_MINE_01,1370.2,750.7,0.4032,11.937,0.0,1.113,0.197,11.74,0.0,0.9551,4.48,0.475,30.21,IMD gridded 0.25deg (REAL_GOVERNMENT),SYNTHETIC,REAL_GOVERNMENT
2022-08-30,DEMO_MINE,SYN_MINE_01,1370.2,1517.9,0.9688,0.623,0.0,0.0,0.136,12.73,2.093,0.8964,3.83,0.462,31.42,IMD gridded 0.25deg (REAL_GOVERNMENT),SYNTHETIC,REAL_GOVERNMENT
2022-08-31,DEMO_MINE,SYN_MINE_01,1370.2,1345.0,1.0,0.0,0.0,0.672,0.0,11.18,3.741,0.8588,0.0,0.447,32.3,IMD gridded 0.25deg (REAL_GOVERNMENT),SYNTHETIC,REAL_GOVERNMENT
2022-09-01,DEMO_MINE,SYN_MINE_01,1370.2,633.6,1.0,0.0,0.0,4.285,0.003,11.86,7.197,0.4469,48.22,0.454,32.62,IMD gridded 0.25deg (REAL_GOVERNMENT),SYNTHETIC,REAL_GOVERNMENT
2022-09-02,DEMO_MINE,SYN_MINE_01,1370.2,1343.5,0.947,1.06,0.0,1.346,0.513,12.14,1.7,0.831,0.0,0.439,32.67,IMD gridded 0.25deg (REAL_GOVERNMENT),SYNTHETIC,REAL_GOVERNMENT
2022-09-03,DEMO_MINE,SYN_MINE_01,1370.2,1255.1,0.8296,3.407,0.0,1.439,0.0,12.36,1.36,0.848,0.0,0.428,33.47,IMD gridded 0.25deg (REAL_GOVERNMENT),SYNTHETIC,REAL_GOVERNMENT
2022-09-04,DEMO_MINE,SYN_MINE_01,1164.7,438.6,0.3247,10.134,3.372,1.667,0.169,12.3,0.0,0.7105,30.11,0.478,28.23,IMD gridded 0.25deg (REAL_GOVERNMENT),SYNTHETIC,REAL_GOVERNMENT
2022-09-05,DEMO_MINE,SYN_MINE_01,1370.2,856.2,0.497,10.061,0.0,0.0,0.038,10.8,0.0,0.8754,5.73,0.481,29.8,IMD gridded 0.25deg (REAL_GOVERNMENT),SYNTHETIC,REAL_GOVERNMENT
2022-09-06,DEMO_MINE,SYN_MINE_01,1370.2,1233.9,0.8196,3.609,0.0,1.46,0.0,12.19,1.88,0.8472,0.34,0.464,31.8,IMD gridded 0.25deg (REAL_GOVERNMENT),SYNTHETIC,REAL_GOVERNMENT
2022-09-07,DEMO_MINE,SYN_MINE_01,1370.2,625.1,0.3734,12.533,0.0,0.0,0.102,11.62,0.251,0.8866,0.0,0.458,31.7,IMD gridded 0.25deg (REAL_GOVERNMENT),SYNTHETIC,REAL_GOVERNMENT
2022-09-08,DEMO_MINE,SYN_MINE_01,1370.2,1136.8,0.7988,4.025,0.0,0.0,0.01,11.91,2.522,0.8583,18.59,0.456,32.22,IMD gridded 0.25deg (REAL_GOVERNMENT),SYNTHETIC,REAL_GOVERNMENT
2022-09-09,DEMO_MINE,SYN_MINE_01,1370.2,1148.4,0.7557,4.885,0.0,0.805,0.248,11.68,1.037,0.8364,0.0,0.454,32.69,IMD gridded 0.25deg (REAL_GOVERNMENT),SYNTHETIC,REAL_GOVERNMENT
2022-09-10,DEMO_MINE,SYN_MINE_01,1370.2,1120.4,0.8021,0.458,3.5,2.296,0.0,10.4,3.169,0.8779,0.0,0.458,32.65,IMD gridded 0.25deg (REAL_GOVERNMENT),SYNTHETIC,REAL_GOVERNMENT
2022-09-11,DEMO_MINE,SYN_MINE_01,1164.7,935.9,0.9264,1.473,0.0,5.106,0.655,10.89,3.537,0.7419,5.68,0.491,31.61,IMD gridded 0.25deg (REAL_GOVERNMENT),SYNTHETIC,REAL_GOVERNMENT
2022-09-12,DEMO_MINE,SYN_MINE_01,1370.2,960.9,0.6136,7.729,0.0,3.292,0.226,11.36,0.745,0.857,17.29,0.509,27.69,IMD gridded 0.25deg (REAL_GOVERNMENT),SYNTHETIC,REAL_GOVERNMENT
2022-09-13,DEMO_MINE,SYN_MINE_01,1370.2,804.7,0.5,10.0,0.0,2.199,0.197,11.49,0.0,0.838,50.09,0.514,27.08,IMD gridded 0.25deg (REAL_GOVERNMENT),SYNTHETIC,REAL_GOVERNMENT
2022-09-14,DEMO_MINE,SYN_MINE_01,1370.2,970.5,0.7732,4.537,0.0,2.204,0.16,11.32,2.401,0.8062,21.91,0.505,28.75,IMD gridded 0.25deg (REAL_GOVERNMENT),SYNTHETIC,REAL_GOVERNMENT
2022-09-15,DEMO_MINE,SYN_MINE_01,1370.2,1076.6,1.0,0.0,0.0,3.67,0.305,11.8,6.188,0.8629,50.59,0.5,28.33,IMD gridded 0.25deg (REAL_GOVERNMENT),SYNTHETIC,REAL_GOVERNMENT
2022-09-16,DEMO_MINE,SYN_MINE_01,1370.2,1209.0,0.8905,2.19,0.0,1.542,0.375,12.37,2.691,0.8634,9.79,0.493,28.92,IMD gridded 0.25deg (REAL_GOVERNMENT),SYNTHETIC,REAL_GOVERNMENT
2022-09-17,DEMO_MINE,SYN_MINE_01,1370.2,972.8,0.6677,6.646,0.0,1.667,0.021,11.21,1.665,0.8467,41.26,0.5,29.07,IMD gridded 0.25deg (REAL_GOVERNMENT),SYNTHETIC,REAL_GOVERNMENT
2022-09-18,DEMO_MINE,SYN_MINE_01,1164.7,1010.3,0.7374,5.252,0.0,2.444,0.141,11.41,1.003,0.7691,1.05,0.483,30.61,IMD gridded 0.25deg (REAL_GOVERNMENT),SYNTHETIC,REAL_GOVERNMENT
2022-09-19,DEMO_MINE,SYN_MINE_01,1370.2,1329.5,1.0,0.0,0.0,1.02,0.006,11.36,4.241,0.8878,0.0,0.468,31.96,IMD gridded 0.25deg (REAL_GOVERNMENT),SYNTHETIC,REAL_GOVERNMENT
2022-09-20,DEMO_MINE,SYN_MINE_01,1370.2,1221.7,0.8591,2.651,0.0,0.0,0.138,12.6,2.503,0.8739,6.71,0.483,31.24,IMD gridded 0.25deg (REAL_GOVERNMENT),SYNTHETIC,REAL_GOVERNMENT
2022-09-21,DEMO_MINE,SYN_MINE_01,1370.2,1098.5,0.9735,0.531,0.0,1.866,0.0,12.32,5.829,0.859,68.82,0.504,28.64,IMD gridded 0.25deg (REAL_GOVERNMENT),SYNTHETIC,REAL_GOVERNMENT
2022-09-22,DEMO_MINE,SYN_MINE_01,1370.2,622.0,0.7846,4.308,0.0,4.581,0.038,11.94,5.724,0.5216,50.68,0.501,27.38,IMD gridded 0.25deg (REAL_GOVERNMENT),SYNTHETIC,REAL_GOVERNMENT
2022-09-23,DEMO_MINE,SYN_MINE_01,1370.2,1347.8,1.0,0.0,0.0,1.519,0.0,12.26,4.014,0.8581,6.0,0.492,27.36,IMD gridded 0.25deg (REAL_GOVERNMENT),SYNTHETIC,REAL_GOVERNMENT
2022-09-24,DEMO_MINE,SYN_MINE_01,1370.2,1083.9,0.825,0.0,3.5,0.361,0.115,10.88,3.364,0.8812,0.0,0.481,28.56,IMD gridded 0.25deg (REAL_GOVERNMENT),SYNTHETIC,REAL_GOVERNMENT
2022-09-25,DEMO_MINE,SYN_MINE_01,1164.7,997.7,1.0,0.0,0.0,1.484,0.202,10.69,4.471,0.7394,0.0,0.481,30.66,IMD gridded 0.25deg (REAL_GOVERNMENT),SYNTHETIC,REAL_GOVERNMENT
2022-09-26,DEMO_MINE,SYN_MINE_01,1370.2,1065.3,1.0,0.0,0.0,1.589,0.163,10.27,4.946,0.7948,1.33,0.464,31.12,IMD gridded 0.25deg (REAL_GOVERNMENT),SYNTHETIC,REAL_GOVERNMENT
2022-09-27,DEMO_MINE,SYN_MINE_01,1370.2,1249.5,0.7923,4.154,0.0,2.758,0.0,12.19,1.073,0.8643,1.07,0.434,31.33,IMD gridded 0.25deg (REAL_GOVERNMENT),SYNTHETIC,REAL_GOVERNMENT
2022-09-28,DEMO_MINE,SYN_MINE_01,1370.2,1557.7,1.0,0.0,0.0,1.809,0.064,12.28,1.284,0.8605,0.0,0.414,31.74,IMD gridded 0.25deg (REAL_GOVERNMENT),SYNTHETIC,REAL_GOVERNMENT
2022-09-29,DEMO_MINE,SYN_MINE_01,1370.2,869.1,0.5249,6.002,3.5,1.289,0.057,12.58,0.0,0.8461,12.14,0.397,31.81,IMD gridded 0.25deg (REAL_GOVERNMENT),SYNTHETIC,REAL_GOVERNMENT
2022-09-30,DEMO_MINE,SYN_MINE_01,1370.2,1525.9,1.0,0.0,0.0,0.251,0.0,11.68,1.321,0.83,2.92,0.386,32.61,IMD gridded 0.25deg (REAL_GOVERNMENT),SYNTHETIC,REAL_GOVERNMENT
2022-10-01,DEMO_MINE,SYN_MINE_01,1522.5,1546.6,1.0,0.0,0.0,0.0,0.357,12.08,0.513,0.8252,0.0,0.372,32.48,IMD gridded 0.25deg (REAL_GOVERNMENT),SYNTHETIC,REAL_GOVERNMENT
2022-10-02,DEMO_MINE,SYN_MINE_01,1294.1,1360.0,0.9687,0.626,0.0,0.0,0.333,12.17,0.114,0.7156,0.29,0.362,32.62,IMD gridded 0.25deg (REAL_GOVERNMENT),SYNTHETIC,REAL_GOVERNMENT
2022-10-03,DEMO_MINE,SYN_MINE_01,1522.5,1499.2,0.8873,2.254,0.0,0.0,0.005,12.3,0.296,0.8664,0.0,0.351,32.65,IMD gridded 0.25deg (REAL_GOVERNMENT),SYNTHETIC,REAL_GOVERNMENT
2022-10-04,DEMO_MINE,SYN_MINE_01,1522.5,866.7,0.5341,9.319,0.0,0.0,0.36,11.19,0.0,0.8546,0.0,0.367,30.99,IMD gridded 0.25deg (REAL_GOVERNMENT),SYNTHETIC,REAL_GOVERNMENT
2022-10-05,DEMO_MINE,SYN_MINE_01,1522.5,1371.1,0.9412,1.176,0.0,0.0,0.727,12.15,1.386,0.8546,3.52,0.435,30.55,IMD gridded 0.25deg (REAL_GOVERNMENT),SYNTHETIC,REAL_GOVERNMENT
2022-10-06,DEMO_MINE,SYN_MINE_01,1522.5,1238.0,0.883,2.34,0.0,0.467,0.416,12.61,2.318,0.8592,0.0,0.495,31.03,IMD gridded 0.25deg (REAL_GOVERNMENT),SYNTHETIC,REAL_GOVERNMENT
2022-10-07,DEMO_MINE,SYN_MINE_01,1522.5,993.2,0.652,6.96,0.0,0.016,0.847,11.52,0.207,0.8588,6.57,0.496,29.56,IMD gridded 0.25deg (REAL_GOVERNMENT),SYNTHETIC,REAL_GOVERNMENT
2022-10-08,DEMO_MINE,SYN_MINE_01,1522.5,1235.2,0.891,1.208,0.0,1.359,0.186,12.15,2.747,0.8504,4.14,0.491,30.58,IMD gridded 0.25deg (REAL_GOVERNMENT),SYNTHETIC,REAL_GOVERNMENT
2022-10-09,DEMO_MINE,SYN_MINE_01,1294.1,764.0,0.6474,7.052,0.0,1.871,0.243,11.54,1.245,0.7103,0.14,0.474,31.72,IMD gridded 0.25deg (REAL_GOVERNMENT),SYNTHETIC,REAL_GOVERNMENT
2022-10-10,DEMO_MINE,SYN_MINE_01,1522.5,897.5,0.7345,5.31,0.0,0.0,0.061,10.52,3.636,0.8699,0.0,0.487,30.39,IMD gridded 0.25deg (REAL_GOVERNMENT),SYNTHETIC,REAL_GOVERNMENT
2022-10-11,DEMO_MINE,SYN_MINE_01,1522.5,1346.0,1.0,0.0,0.0,0.152,0.098,12.2,4.458,0.903,2.6,0.506,29.01,IMD gridded 0.25deg (REAL_GOVERNMENT),SYNTHETIC,REAL_GOVERNMENT
2022-10-12,DEMO_MINE,SYN_MINE_01,1522.5,1138.7,0.9641,0.718,0.0,2.251,0.036,11.39,5.384,0.8764,28.08,0.502,28.87,IMD gridded 0.25deg (REAL_GOVERNMENT),SYNTHETIC,REAL_GOVERNMENT
2022-10-13,DEMO_MINE,SYN_MINE_01,1522.5,1063.4,0.825,0.0,3.5,0.0,0.243,10.9,3.004,0.8435,2.85,0.486,29.87,IMD gridded 0.25deg (REAL_GOVERNMENT),SYNTHETIC,REAL_GOVERNMENT
2022-10-14,DEMO_MINE,SYN_MINE_01,1522.5,1256.0,1.0,0.0,0.0,0.0,0.242,11.5,3.552,0.8295,0.0,0.459,29.6,IMD gridded 0.25deg (REAL_GOVERNMENT),SYNTHETIC,REAL_GOVERNMENT
2022-10-15,DEMO_MINE,SYN_MINE_01,1522.5,1397.2,1.0,0.0,0.0,0.461,0.0,11.54,3.148,0.854,1.34,0.439,29.73,IMD gridded 0.25deg (REAL_GOVERNMENT),SYNTHETIC,REAL_GOVERNMENT
2022-10-16,DEMO_MINE,SYN_MINE_01,1294.1,821.1,0.6705,3.09,3.5,0.0,0.0,11.07,2.02,0.7584,0.13,0.442,30.29,IMD gridded 0.25deg (REAL_GOVERNMENT),SYNTHETIC,REAL_GOVERNMENT
2022-10-17,DEMO_MINE,SYN_MINE_01,1522.5,1409.1,1.0,0.0,0.0,0.0,0.018,11.57,3.96,0.9007,0.0,0.465,29.68,IMD gridded 0.25deg (REAL_GOVERNMENT),SYNTHETIC,REAL_GOVERNMENT
2022-10-18,DEMO_MINE,SYN_MINE_01,1522.5,1118.1,1.0,0.0,0.0,0.734,0.0,10.6,5.397,0.8289,9.55,0.478,28.57,IMD gridded 0.25deg (REAL_GOVERNMENT),SYNTHETIC,REAL_GOVERNMENT
2022-10-19,DEMO_MINE,SYN_MINE_01,1522.5,1337.5,1.0,0.0,0.0,2.189,0.177,10.7,4.843,0.9157,0.13,0.455,29.54,IMD gridded 0.25deg (REAL_GOVERNMENT),SYNTHETIC,REAL_GOVERNMENT
2022-10-20,DEMO_MINE,SYN_MINE_01,1522.5,1285.1,1.0,0.0,0.0,0.676,0.21,11.51,2.692,0.8017,0.0,0.433,29.97,IMD gridded 0.25deg (REAL_GOVERNMENT),SYNTHETIC,REAL_GOVERNMENT
2022-10-21,DEMO_MINE,SYN_MINE_01,1522.5,1527.2,1.0,0.0,0.0,0.878,0.356,12.76,0.932,0.8437,0.0,0.422,29.72,IMD gridded 0.25deg (REAL_GOVERNMENT),SYNTHETIC,REAL_GOVERNMENT
2022-10-22,DEMO_MINE,SYN_MINE_01,1522.5,1422.1,1.0,0.0,0.0,0.0,0.458,11.87,1.576,0.8284,0.0,0.41,29.61,IMD gridded 0.25deg (REAL_GOVERNMENT),SYNTHETIC,REAL_GOVERNMENT
2022-10-23,DEMO_MINE,SYN_MINE_01,1294.1,1327.1,1.0,0.0,0.0,0.0,0.508,11.96,0.742,0.7361,0.0,0.39,29.63,IMD gridded 0.25deg (REAL_GOVERNMENT),SYNTHETIC,REAL_GOVERNMENT
2022-10-24,DEMO_MINE,SYN_MINE_01,1522.5,1556.1,0.9396,1.208,0.0,0.0,0.243,13.0,0.0,0.85,0.0,0.372,29.03,IMD gridded 0.25deg (REAL_GOVERNMENT),SYNTHETIC,REAL_GOVERNMENT
2022-10-25,DEMO_MINE,SYN_MINE_01,1522.5,1598.8,0.9761,0.479,0.0,0.0,0.293,12.74,0.0,0.8453,0.0,0.363,29.8,IMD gridded 0.25deg (REAL_GOVERNMENT),SYNTHETIC,REAL_GOVERNMENT
2022-10-26,DEMO_MINE,SYN_MINE_01,1522.5,1416.3,0.8258,3.032,0.0,0.959,0.204,12.22,0.0,0.8852,0.0,0.36,30.17,IMD gridded 0.25deg (REAL_GOVERNMENT),SYNTHETIC,REAL_GOVERNMENT
2022-10-27,DEMO_MINE,SYN_MINE_01,1522.5,1500.9,1.0,0.0,0.0,0.0,0.542,11.47,1.05,0.8467,0.0,0.362,30.55,IMD gridded 0.25deg (REAL_GOVERNMENT),SYNTHETIC,REAL_GOVERNMENT
2022-10-28,DEMO_MINE,SYN_MINE_01,1522.5,1322.1,0.8909,1.519,0.0,1.624,0.09,10.03,2.108,0.8651,0.0,0.359,30.44,IMD gridded 0.25deg (REAL_GOVERNMENT),SYNTHETIC,REAL_GOVERNMENT
2022-10-29,DEMO_MINE,SYN_MINE_01,1522.5,1600.9,1.0,0.0,0.0,0.0,0.259,11.55,1.354,0.8776,0.0,0.356,29.97,IMD gridded 0.25deg (REAL_GOVERNMENT),SYNTHETIC,REAL_GOVERNMENT
2022-10-30,DEMO_MINE,SYN_MINE_01,1294.1,1118.9,0.825,0.0,3.5,0.0,0.0,11.52,0.769,0.7287,0.0,0.352,28.46,IMD gridded 0.25deg (REAL_GOVERNMENT),SYNTHETIC,REAL_GOVERNMENT
2022-10-31,DEMO_MINE,SYN_MINE_01,1522.5,1310.3,0.8081,3.838,0.0,0.719,0.371,12.71,0.022,0.8532,0.0,0.34,29.03,IMD gridded 0.25deg (REAL_GOVERNMENT),SYNTHETIC,REAL_GOVERNMENT
2022-11-01,DEMO_MINE,SYN_MINE_01,1522.5,1844.6,0.9549,0.901,0.0,0.806,0.0,12.65,0.0,0.9563,0.0,0.333,28.82,IMD gridded 0.25deg (REAL_GOVERNMENT),SYNTHETIC,REAL_GOVERNMENT
2022-11-02,DEMO_MINE,SYN_MINE_01,1522.5,1340.9,0.825,0.0,3.5,0.653,0.0,12.33,0.233,0.8097,0.0,0.328,29.77,IMD gridded 0.25deg (REAL_GOVERNMENT),SYNTHETIC,REAL_GOVERNMENT
2022-11-03,DEMO_MINE,SYN_MINE_01,1522.5,1685.9,1.0,0.0,0.0,0.0,0.107,12.47,0.153,0.8546,0.0,0.326,30.65,IMD gridded 0.25deg (REAL_GOVERNMENT),SYNTHETIC,REAL_GOVERNMENT
2022-11-04,DEMO_MINE,SYN_MINE_01,1522.5,1695.6,1.0,0.0,0.0,0.0,0.039,11.82,0.842,0.883,0.0,0.327,31.43,IMD gridded 0.25deg (REAL_GOVERNMENT),SYNTHETIC,REAL_GOVERNMENT
2022-11-05,DEMO_MINE,SYN_MINE_01,1522.5,1131.9,0.8491,3.017,0.0,1.543,0.309,13.0,2.315,0.6986,0.0,0.326,31.89,IMD gridded 0.25deg (REAL_GOVERNMENT),SYNTHETIC,REAL_GOVERNMENT
2022-11-06,DEMO_MINE,SYN_MINE_01,1294.1,823.5,0.5727,8.545,0.0,0.0,0.103,11.72,0.0,0.7284,0.0,0.326,31.56,IMD gridded 0.25deg (REAL_GOVERNMENT),SYNTHETIC,REAL_GOVERNMENT
2022-11-07,DEMO_MINE,SYN_MINE_01,1522.5,1393.4,1.0,0.0,0.0,1.243,0.166,10.35,2.544,0.8286,0.0,0.321,31.1,IMD gridded 0.25deg (REAL_GOVERNMENT),SYNTHETIC,REAL_GOVERNMENT
2022-11-08,DEMO_MINE,SYN_MINE_01,1522.5,1596.3,0.9738,0.524,0.0,0.0,0.33,12.52,0.124,0.8586,0.0,0.311,30.7,IMD gridded 0.25deg (REAL_GOVERNMENT),SYNTHETIC,REAL_GOVERNMENT
2022-11-09,DEMO_MINE,SYN_MINE_01,1522.5,1071.5,0.7094,5.813,0.0,0.956,0.681,11.46,0.738,0.8724,0.0,0.307,30.1,IMD gridded 0.25deg (REAL_GOVERNMENT),SYNTHETIC,REAL_GOVERNMENT
2022-11-10,DEMO_MINE,SYN_MINE_01,1522.5,1616.8,1.0,0.0,0.0,0.0,0.283,12.27,0.158,0.8295,0.0,0.3,30.22,IMD gridded 0.25deg (REAL_GOVERNMENT),SYNTHETIC,REAL_GOVERNMENT
2022-11-11,DEMO_MINE,SYN_MINE_01,1522.5,1540.4,1.0,0.0,0.0,2.191,0.744,11.9,0.444,0.847,0.0,0.289,29.44,IMD gridded 0.25deg (REAL_GOVERNMENT),SYNTHETIC,REAL_GOVERNMENT
2022-11-12,DEMO_MINE,SYN_MINE_01,1522.5,571.3,1.0,0.0,0.0,1.504,10.822,12.32,0.0,0.8207,0.0,0.288,28.54,IMD gridded 0.25deg (REAL_GOVERNMENT),SYNTHETIC,REAL_GOVERNMENT
2022-11-13,DEMO_MINE,SYN_MINE_01,1294.1,0.0,1.0,0.0,0.0,1.241,15.344,12.41,0.055,0.77,0.0,0.283,27.89,IMD gridded 0.25deg (REAL_GOVERNMENT),SYNTHETIC,REAL_GOVERNMENT
2022-11-14,DEMO_MINE,SYN_MINE_01,1522.5,0.0,0.7277,5.445,0.0,0.56,11.13,10.76,1.032,0.8356,0.0,0.279,28.34,IMD gridded 0.25deg (REAL_GOVERNMENT),SYNTHETIC,REAL_GOVERNMENT
2022-11-15,DEMO_MINE,SYN_MINE_01,1522.5,1193.6,0.7386,5.229,0.0,3.233,0.386,12.14,0.0,0.8444,0.0,0.272,29.13,IMD gridded 0.25deg (REAL_GOVERNMENT),SYNTHETIC,REAL_GOVERNMENT
2022-11-16,DEMO_MINE,SYN_MINE_01,1522.5,944.6,0.5709,8.582,0.0,0.273,0.0,12.13,0.0,0.8072,0.0,0.271,28.89,IMD gridded 0.25deg (REAL_GOVERNMENT),SYNTHETIC,REAL_GOVERNMENT
2022-11-17,DEMO_MINE,SYN_MINE_01,1522.5,1500.7,0.8465,3.069,0.0,1.337,0.106,11.84,0.0,0.8684,0.0,0.27,27.86,IMD gridded 0.25deg (REAL_GOVERNMENT),SYNTHETIC,REAL_GOVERNMENT
2022-11-18,DEMO_MINE,SYN_MINE_01,1522.5,1440.3,0.825,0.0,3.5,0.0,0.03,11.87,0.0,0.8664,0.0,0.265,26.93,IMD gridded 0.25deg (REAL_GOVERNMENT),SYNTHETIC,REAL_GOVERNMENT
2022-11-19,DEMO_MINE,SYN_MINE_01,1522.5,1677.0,1.0,0.0,0.0,0.539,0.325,12.5,0.036,0.8701,0.0,0.265,26.27,IMD gridded 0.25deg (REAL_GOVERNMENT),SYNTHETIC,REAL_GOVERNMENT
2022-11-20,DEMO_MINE,SYN_MINE_01,1294.1,734.3,0.5258,5.984,3.5,0.847,0.269,12.38,0.0,0.7371,0.0,0.26,26.04,IMD gridded 0.25deg (REAL_GOVERNMENT),SYNTHETIC,REAL_GOVERNMENT
2022-11-21,DEMO_MINE,SYN_MINE_01,1522.5,1575.1,1.0,0.0,0.0,1.201,0.097,12.76,0.0,0.7934,0.0,0.255,26.63,IMD gridded 0.25deg (REAL_GOVERNMENT),SYNTHETIC,REAL_GOVERNMENT
2022-11-22,DEMO_MINE,SYN_MINE_01,1522.5,1182.4,0.688,6.241,0.0,0.714,0.0,11.69,0.0,0.8423,0.0,0.259,27.81,IMD gridded 0.25deg (REAL_GOVERNMENT),SYNTHETIC,REAL_GOVERNMENT
2022-11-23,DEMO_MINE,SYN_MINE_01,1522.5,1308.2,1.0,0.0,0.0,0.02,1.781,10.86,1.898,0.8448,0.0,0.259,27.17,IMD gridded 0.25deg (REAL_GOVERNMENT),SYNTHETIC,REAL_GOVERNMENT
2022-11-24,DEMO_MINE,SYN_MINE_01,1522.5,0.0,1.0,0.0,0.0,0.89,15.253,11.24,1.289,0.8271,0.0,0.265,27.69,IMD gridded 0.25deg (REAL_GOVERNMENT),SYNTHETIC,REAL_GOVERNMENT
2022-11-25,DEMO_MINE,SYN_MINE_01,1522.5,0.0,1.0,0.0,0.0,2.313,15.507,11.46,1.009,0.8258,0.0,0.264,27.3,IMD gridded 0.25deg (REAL_GOVERNMENT),SYNTHETIC,REAL_GOVERNMENT
2022-11-26,DEMO_MINE,SYN_MINE_01,1522.5,0.0,0.8321,3.358,0.0,0.769,13.66,11.98,0.402,0.8449,0.0,0.26,27.18,IMD gridded 0.25deg (REAL_GOVERNMENT),SYNTHETIC,REAL_GOVERNMENT
2022-11-27,DEMO_MINE,SYN_MINE_01,1294.1,0.0,0.8589,2.62,0.0,1.846,12.735,12.1,0.0,0.7413,0.0,0.26,27.59,IMD gridded 0.25deg (REAL_GOVERNMENT),SYNTHETIC,REAL_GOVERNMENT
2022-11-28,DEMO_MINE,SYN_MINE_01,1522.5,0.0,0.9366,1.268,0.0,0.445,14.976,12.17,0.385,0.8201,0.0,0.255,28.12,IMD gridded 0.25deg (REAL_GOVERNMENT),SYNTHETIC,REAL_GOVERNMENT
2022-11-29,DEMO_MINE,SYN_MINE_01,1522.5,0.0,0.8151,3.698,0.0,0.0,13.78,12.53,0.0,0.8453,0.0,0.251,27.87,IMD gridded 0.25deg (REAL_GOVERNMENT),SYNTHETIC,REAL_GOVERNMENT
2022-11-30,DEMO_MINE,SYN_MINE_01,1522.5,1000.4,0.5871,8.257,0.0,0.0,0.086,11.99,0.0,0.8539,0.0,0.25,27.82,IMD gridded 0.25deg (REAL_GOVERNMENT),SYNTHETIC,REAL_GOVERNMENT
2022-12-01,DEMO_MINE,SYN_MINE_01,1522.5,1628.7,1.0,0.0,0.0,0.0,0.454,12.52,0.201,0.8569,0.0,0.25,26.95,IMD gridded 0.25deg (REAL_GOVERNMENT),SYNTHETIC,REAL_GOVERNMENT
2022-12-02,DEMO_MINE,SYN_MINE_01,1522.5,1659.7,1.0,0.0,0.0,0.962,0.951,13.0,0.0,0.8968,0.0,0.25,27.65,IMD gridded 0.25deg (REAL_GOVERNMENT),SYNTHETIC,REAL_GOVERNMENT
2022-12-03,DEMO_MINE,SYN_MINE_01,1522.5,511.2,1.0,0.0,0.0,0.0,11.732,12.1,0.396,0.868,0.0,0.249,27.86,IMD gridded 0.25deg (REAL_GOVERNMENT),SYNTHETIC,REAL_GOVERNMENT
2022-12-04,DEMO_MINE,SYN_MINE_01,1294.1,0.0,1.0,0.0,0.0,2.449,13.482,11.28,1.126,0.7304,0.0,0.249,28.23,IMD gridded 0.25deg (REAL_GOVERNMENT),SYNTHETIC,REAL_GOVERNMENT
2022-12-05,DEMO_MINE,SYN_MINE_01,1522.5,1103.0,0.825,0.0,3.5,1.164,0.092,10.96,2.479,0.7281,0.0,0.247,27.98,IMD gridded 0.25deg (REAL_GOVERNMENT),SYNTHETIC,REAL_GOVERNMENT
2022-12-06,DEMO_MINE,SYN_MINE_01,1522.5,1513.7,1.0,0.0,0.0,0.0,0.579,12.06,0.255,0.816,0.0,0.248,27.76,IMD gridded 0.25deg (REAL_GOVERNMENT),SYNTHETIC,REAL_GOVERNMENT
2022-12-07,DEMO_MINE,SYN_MINE_01,1522.5,866.6,1.0,0.0,0.0,4.809,0.078,12.33,5.411,0.45,0.0,0.245,25.8,IMD gridded 0.25deg (REAL_GOVERNMENT),SYNTHETIC,REAL_GOVERNMENT
2022-12-08,DEMO_MINE,SYN_MINE_01,1522.5,1305.0,0.825,0.0,3.5,1.312,0.215,11.3,0.711,0.8598,0.0,0.248,25.56,IMD gridded 0.25deg (REAL_GOVERNMENT),SYNTHETIC,REAL_GOVERNMENT
2022-12-09,DEMO_MINE,SYN_MINE_01,1522.5,1541.2,1.0,0.0,0.0,0.0,0.325,11.17,1.512,0.8801,0.0,0.25,26.38,IMD gridded 0.25deg (REAL_GOVERNMENT),SYNTHETIC,REAL_GOVERNMENT
2022-12-10,DEMO_MINE,SYN_MINE_01,1522.5,1566.3,0.9407,1.187,0.0,0.0,0.0,12.76,0.0,0.8374,0.0,0.251,27.79,IMD gridded 0.25deg (REAL_GOVERNMENT),SYNTHETIC,REAL_GOVERNMENT
2022-12-11,DEMO_MINE,SYN_MINE_01,1294.1,920.1,0.7529,4.943,0.0,0.326,0.186,11.68,0.383,0.659,0.0,0.251,28.58,IMD gridded 0.25deg (REAL_GOVERNMENT),SYNTHETIC,REAL_GOVERNMENT
2022-12-12,DEMO_MINE,SYN_MINE_01,1522.5,1663.2,0.9596,0.809,0.0,1.201,0.0,12.4,0.075,0.8648,0.0,0.266,27.77,IMD gridded 0.25deg (REAL_GOVERNMENT),SYNTHETIC,REAL_GOVERNMENT
2022-12-13,DEMO_MINE,SYN_MINE_01,1522.5,1446.6,1.0,0.0,0.0,0.784,0.347,11.27,1.202,0.8138,0.0,0.273,27.61,IMD gridded 0.25deg (REAL_GOVERNMENT),SYNTHETIC,REAL_GOVERNMENT
2022-12-14,DEMO_MINE,SYN_MINE_01,1522.5,1535.1,1.0,0.0,0.0,1.198,0.888,11.85,0.764,0.8684,0.0,0.242,28.6,IMD gridded 0.25deg (REAL_GOVERNMENT),SYNTHETIC,REAL_GOVERNMENT
2022-12-15,DEMO_MINE,SYN_MINE_01,1522.5,1660.2,1.0,0.0,0.0,0.907,0.636,12.74,0.0,0.8697,0.0,0.245,28.5,IMD gridded 0.25deg (REAL_GOVERNMENT),SYNTHETIC,REAL_GOVERNMENT
2022-12-16,DEMO_MINE,SYN_MINE_01,1522.5,1541.2,0.9197,1.354,0.0,0.0,0.031,12.45,0.282,0.862,0.0,0.244,29.17,IMD gridded 0.25deg (REAL_GOVERNMENT),SYNTHETIC,REAL_GOVERNMENT
2022-12-17,DEMO_MINE,SYN_MINE_01,1522.5,1773.7,1.0,0.0,0.0,0.485,0.0,12.71,0.031,0.8872,0.0,0.243,28.17,IMD gridded 0.25deg (REAL_GOVERNMENT),SYNTHETIC,REAL_GOVERNMENT
2022-12-18,DEMO_MINE,SYN_MINE_01,1294.1,1282.8,1.0,0.0,0.0,0.0,0.0,10.67,1.802,0.7195,0.0,0.243,27.25,IMD gridded 0.25deg (REAL_GOVERNMENT),SYNTHETIC,REAL_GOVERNMENT
2022-12-19,DEMO_MINE,SYN_MINE_01,1522.5,1456.2,0.8816,1.962,0.0,0.913,0.06,12.73,0.046,0.8428,0.0,0.244,27.38,IMD gridded 0.25deg (REAL_GOVERNMENT),SYNTHETIC,REAL_GOVERNMENT
2022-12-20,DEMO_MINE,SYN_MINE_01,1522.5,1344.8,0.8428,3.144,0.0,0.951,0.037,10.45,1.208,0.8829,0.0,0.246,27.62,IMD gridded 0.25deg (REAL_GOVERNMENT),SYNTHETIC,REAL_GOVERNMENT
2022-12-21,DEMO_MINE,SYN_MINE_01,1522.5,1083.5,0.6608,6.785,0.0,0.0,0.255,12.6,0.0,0.8433,0.0,0.246,28.05,IMD gridded 0.25deg (REAL_GOVERNMENT),SYNTHETIC,REAL_GOVERNMENT
2022-12-22,DEMO_MINE,SYN_MINE_01,1522.5,699.0,0.4419,7.724,3.438,0.789,0.352,12.75,0.0,0.8497,0.0,0.247,28.82,IMD gridded 0.25deg (REAL_GOVERNMENT),SYNTHETIC,REAL_GOVERNMENT
2022-12-23,DEMO_MINE,SYN_MINE_01,1522.5,1670.4,1.0,0.0,0.0,0.0,0.246,12.94,0.0,0.8582,0.0,0.251,29.64,IMD gridded 0.25deg (REAL_GOVERNMENT),SYNTHETIC,REAL_GOVERNMENT
2022-12-24,DEMO_MINE,SYN_MINE_01,1522.5,823.2,1.0,0.0,0.0,3.145,0.254,11.8,5.104,0.4536,0.0,0.254,28.81,IMD gridded 0.25deg (REAL_GOVERNMENT),SYNTHETIC,REAL_GOVERNMENT
2022-12-25,DEMO_MINE,SYN_MINE_01,1294.1,1350.0,0.9294,0.688,0.0,0.804,0.051,12.79,0.0,0.732,0.0,0.256,27.36,IMD gridded 0.25deg (REAL_GOVERNMENT),SYNTHETIC,REAL_GOVERNMENT
2022-12-26,DEMO_MINE,SYN_MINE_01,1522.5,1289.6,0.825,0.0,3.5,0.0,0.037,11.47,0.916,0.8481,0.0,0.256,27.94,IMD gridded 0.25deg (REAL_GOVERNMENT),SYNTHETIC,REAL_GOVERNMENT
2022-12-27,DEMO_MINE,SYN_MINE_01,1522.5,1549.6,1.0,0.0,0.0,0.0,0.199,11.92,0.773,0.8315,0.0,0.261,28.29,IMD gridded 0.25deg (REAL_GOVERNMENT),SYNTHETIC,REAL_GOVERNMENT
2022-12-28,DEMO_MINE,SYN_MINE_01,1522.5,1506.6,1.0,0.0,0.0,1.193,0.017,10.34,2.75,0.8926,0.0,0.266,27.76,IMD gridded 0.25deg (REAL_GOVERNMENT),SYNTHETIC,REAL_GOVERNMENT
2022-12-29,DEMO_MINE,SYN_MINE_01,1522.5,1157.1,0.6793,6.413,0.0,0.92,0.039,12.48,0.296,0.8935,0.0,0.265,28.36,IMD gridded 0.25deg (REAL_GOVERNMENT),SYNTHETIC,REAL_GOVERNMENT
2022-12-30,DEMO_MINE,SYN_MINE_01,1522.5,1566.6,0.9244,1.511,0.0,2.152,0.23,11.97,0.06,0.8632,0.0,0.264,29.67,IMD gridded 0.25deg (REAL_GOVERNMENT),SYNTHETIC,REAL_GOVERNMENT
2022-12-31,DEMO_MINE,SYN_MINE_01,1522.5,1456.9,1.0,0.0,0.0,0.694,0.482,11.28,1.221,0.8139,0.0,0.267,27.89,IMD gridded 0.25deg (REAL_GOVERNMENT),SYNTHETIC,REAL_GOVERNMENT
2023-01-01,DEMO_MINE,SYN_MINE_01,1294.1,1393.7,1.0,0.0,0.0,0.689,0.0,11.94,0.608,0.7204,0.0,0.267,26.09,IMD gridded 0.25deg (REAL_GOVERNMENT),SYNTHETIC,REAL_GOVERNMENT
2023-01-02,DEMO_MINE,SYN_MINE_01,1522.5,1688.8,1.0,0.0,0.0,0.0,0.429,12.3,0.256,0.8927,0.0,0.265,24.98,IMD gridded 0.25deg (REAL_GOVERNMENT),SYNTHETIC,REAL_GOVERNMENT
2023-01-03,DEMO_MINE,SYN_MINE_01,1522.5,1388.2,0.8768,1.133,0.0,2.596,0.331,11.48,0.409,0.836,0.0,0.262,23.87,IMD gridded 0.25deg (REAL_GOVERNMENT),SYNTHETIC,REAL_GOVERNMENT
2023-01-04,DEMO_MINE,SYN_MINE_01,1522.5,1681.7,1.0,0.0,0.0,0.0,0.197,12.71,0.018,0.8715,0.0,0.263,19.3,IMD gridded 0.25deg (REAL_GOVERNMENT),SYNTHETIC,REAL_GOVERNMENT
2023-01-05,DEMO_MINE,SYN_MINE_01,1522.5,1558.1,1.0,0.0,0.0,0.638,0.689,12.83,0.0,0.8327,7.17,0.267,21.47,IMD gridded 0.25deg (REAL_GOVERNMENT),SYNTHETIC,REAL_GOVERNMENT
2023-01-06,DEMO_MINE,SYN_MINE_01,1522.5,1648.6,1.0,0.0,0.0,0.0,0.0,12.12,0.825,0.8604,0.0,0.27,24.14,IMD gridded 0.25deg (REAL_GOVERNMENT),SYNTHETIC,REAL_GOVERNMENT
2023-01-07,DEMO_MINE,SYN_MINE_01,1522.5,1404.4,0.825,0.0,3.5,0.0,0.08,12.2,0.081,0.8567,0.0,0.266,24.94,IMD gridded 0.25deg (REAL_GOVERNMENT),SYNTHETIC,REAL_GOVERNMENT
2023-01-08,DEMO_MINE,SYN_MINE_01,1294.1,1243.1,1.0,0.0,0.0,0.0,0.485,11.83,0.646,0.6935,0.0,0.265,25.92,IMD gridded 0.25deg (REAL_GOVERNMENT),SYNTHETIC,REAL_GOVERNMENT
2023-01-09,DEMO_MINE,SYN_MINE_01,1522.5,1544.7,1.0,0.0,0.0,1.421,0.311,11.04,1.654,0.8772,0.0,0.263,27.07,IMD gridded 0.25deg (REAL_GOVERNMENT),SYNTHETIC,REAL_GOVERNMENT
2023-01-10,DEMO_MINE,SYN_MINE_01,1522.5,1602.2,1.0,0.0,0.0,0.237,0.411,12.74,0.0,0.8414,0.0,0.262,27.97,IMD gridded 0.25deg (REAL_GOVERNMENT),SYNTHETIC,REAL_GOVERNMENT
2023-01-11,DEMO_MINE,SYN_MINE_01,1522.5,1680.0,1.0,0.0,0.0,1.716,0.223,13.0,0.0,0.872,0.0,0.265,29.08,IMD gridded 0.25deg (REAL_GOVERNMENT),SYNTHETIC,REAL_GOVERNMENT
2023-01-12,DEMO_MINE,SYN_MINE_01,1522.5,996.4,0.6943,2.283,3.5,1.528,0.342,11.59,1.125,0.8329,0.0,0.264,28.55,IMD gridded 0.25deg (REAL_GOVERNMENT),SYNTHETIC,REAL_GOVERNMENT
2023-01-13,DEMO_MINE,SYN_MINE_01,1522.5,1097.2,0.6979,6.042,0.0,0.747,0.0,11.8,0.636,0.8413,0.0,0.263,27.92,IMD gridded 0.25deg (REAL_GOVERNMENT),SYNTHETIC,REAL_GOVERNMENT
2023-01-14,DEMO_MINE,SYN_MINE_01,1522.5,1537.6,0.9426,1.148,0.0,0.0,0.412,11.92,0.308,0.8731,0.0,0.266,26.58,IMD gridded 0.25deg (REAL_GOVERNMENT),SYNTHETIC,REAL_GOVERNMENT
2023-01-15,DEMO_MINE,SYN_MINE_01,1294.1,1328.1,1.0,0.0,0.0,0.354,0.112,12.24,0.265,0.6939,0.0,0.265,24.73,IMD gridded 0.25deg (REAL_GOVERNMENT),SYNTHETIC,REAL_GOVERNMENT
2023-01-16,DEMO_MINE,SYN_MINE_01,1522.5,1556.6,1.0,0.0,0.0,1.458,0.761,11.43,1.188,0.8872,0.0,0.264,25.5,IMD gridded 0.25deg (REAL_GOVERNMENT),SYNTHETIC,REAL_GOVERNMENT
2023-01-17,DEMO_MINE,SYN_MINE_01,1522.5,1337.0,0.7891,4.217,0.0,1.892,0.28,11.78,0.0,0.8574,0.0,0.263,25.65,IMD gridded 0.25deg (REAL_GOVERNMENT),SYNTHETIC,REAL_GOVERNMENT
2023-01-18,DEMO_MINE,SYN_MINE_01,1522.5,1570.4,1.0,0.0,0.0,0.0,0.307,11.65,0.852,0.8479,0.0,0.264,25.66,IMD gridded 0.25deg (REAL_GOVERNMENT),SYNTHETIC,REAL_GOVERNMENT
2023-01-19,DEMO_MINE,SYN_MINE_01,1522.5,1658.1,1.0,0.0,0.0,1.407,0.179,12.65,0.099,0.8535,0.0,0.264,26.8,IMD gridded 0.25deg (REAL_GOVERNMENT),SYNTHETIC,REAL_GOVERNMENT
2023-01-20,DEMO_MINE,SYN_MINE_01,1522.5,1570.9,1.0,0.0,0.0,0.0,0.0,11.25,1.356,0.8581,0.0,0.263,28.66,IMD gridded 0.25deg (REAL_GOVERNMENT),SYNTHETIC,REAL_GOVERNMENT
2023-01-21,DEMO_MINE,SYN_MINE_01,1522.5,1397.5,0.8739,2.458,0.0,0.0,0.059,11.18,0.589,0.8347,0.0,0.262,28.89,IMD gridded 0.25deg (REAL_GOVERNMENT),SYNTHETIC,REAL_GOVERNMENT
2023-01-22,DEMO_MINE,SYN_MINE_01,1294.1,1314.4,1.0,0.0,0.0,1.418,0.482,12.62,0.063,0.6892,0.0,0.261,29.31,IMD gridded 0.25deg (REAL_GOVERNMENT),SYNTHETIC,REAL_GOVERNMENT
2023-01-23,DEMO_MINE,SYN_MINE_01,1522.5,1678.4,1.0,0.0,0.0,0.679,0.247,12.76,0.0,0.8522,0.0,0.262,29.32,IMD gridded 0.25deg (REAL_GOVERNMENT),SYNTHETIC,REAL_GOVERNMENT
2023-01-24,DEMO_MINE,SYN_MINE_01,1522.5,1349.2,0.825,0.0,3.5,0.0,0.009,12.41,0.0,0.832,0.0,0.261,30.33,IMD gridded 0.25deg (REAL_GOVERNMENT),SYNTHETIC,REAL_GOVERNMENT
2023-01-25,DEMO_MINE,SYN_MINE_01,1522.5,1187.4,0.7334,5.331,0.0,0.916,0.0,11.9,0.016,0.8056,0.0,0.257,30.14,IMD gridded 0.25deg (REAL_GOVERNMENT),SYNTHETIC,REAL_GOVERNMENT
2023-01-26,DEMO_MINE,SYN_MINE_01,1522.5,1041.2,0.6362,7.276,0.0,0.0,0.024,12.04,0.0,0.837,0.0,0.256,27.75,IMD gridded 0.25deg (REAL_GOVERNMENT),SYNTHETIC,REAL_GOVERNMENT
2023-01-27,DEMO_MINE,SYN_MINE_01,1522.5,1545.0,0.9897,0.205,0.0,0.377,0.335,11.09,1.417,0.8795,0.0,0.256,26.7,IMD gridded 0.25deg (REAL_GOVERNMENT),SYNTHETIC,REAL_GOVERNMENT
2023-01-28,DEMO_MINE,SYN_MINE_01,1522.5,1585.9,1.0,0.0,0.0,0.216,0.259,11.57,0.87,0.8545,0.0,0.255,28.38,IMD gridded 0.25deg (REAL_GOVERNMENT),SYNTHETIC,REAL_GOVERNMENT
2023-01-29,DEMO_MINE,SYN_MINE_01,1294.1,1264.1,1.0,0.0,0.0,1.352,0.322,10.68,1.857,0.7504,0.0,0.255,29.28,IMD gridded 0.25deg (REAL_GOVERNMENT),SYNTHETIC,REAL_GOVERNMENT
2023-01-30,DEMO_MINE,SYN_MINE_01,1522.5,1408.8,0.825,0.0,3.5,0.0,0.0,11.97,0.004,0.8449,0.0,0.254,28.98,IMD gridded 0.25deg (REAL_GOVERNMENT),SYNTHETIC,REAL_GOVERNMENT
2023-01-31,DEMO_MINE,SYN_MINE_01,1522.5,1605.3,1.0,0.0,0.0,0.0,0.335,12.53,0.086,0.8441,0.0,0.255,27.47,IMD gridded 0.25deg (REAL_GOVERNMENT),SYNTHETIC,REAL_GOVERNMENT
2023-02-01,DEMO_MINE,SYN_MINE_01,1522.5,1041.6,0.6323,7.354,0.0,0.0,0.45,12.34,0.0,0.8802,0.0,0.25,26.78,IMD gridded 0.25deg (REAL_GOVERNMENT),SYNTHETIC,REAL_GOVERNMENT
2023-02-02,DEMO_MINE,SYN_MINE_01,1522.5,1607.6,1.0,0.0,0.0,0.423,0.596,12.06,0.488,0.8546,0.0,0.251,27.44,IMD gridded 0.25deg (REAL_GOVERNMENT),SYNTHETIC,REAL_GOVERNMENT
2023-02-03,DEMO_MINE,SYN_MINE_01,1522.5,1470.4,1.0,0.0,0.0,0.889,0.41,11.68,0.788,0.8138,0.0,0.253,28.83,IMD gridded 0.25deg (REAL_GOVERNMENT),SYNTHETIC,REAL_GOVERNMENT
2023-02-04,DEMO_MINE,SYN_MINE_01,1522.5,1629.7,1.0,0.0,0.0,0.0,0.0,11.46,1.134,0.8755,0.0,0.257,29.62,IMD gridded 0.25deg (REAL_GOVERNMENT),SYNTHETIC,REAL_GOVERNMENT
2023-02-05,DEMO_MINE,SYN_MINE_01,1294.1,1314.1,1.0,0.0,0.0,1.053,0.332,11.32,1.023,0.7244,0.0,0.257,29.74,IMD gridded 0.25deg (REAL_GOVERNMENT),SYNTHETIC,REAL_GOVERNMENT
2023-02-06,DEMO_MINE,SYN_MINE_01,1522.5,1471.8,1.0,0.0,0.0,1.375,0.216,10.85,1.905,0.8525,0.0,0.256,30.99,IMD gridded 0.25deg (REAL_GOVERNMENT),SYNTHETIC,REAL_GOVERNMENT
2023-02-07,DEMO_MINE,SYN_MINE_01,1522.5,1716.2,1.0,0.0,0.0,2.431,0.033,12.23,0.466,0.8867,0.0,0.255,30.96,IMD gridded 0.25deg (REAL_GOVERNMENT),SYNTHETIC,REAL_GOVERNMENT
2023-02-08,DEMO_MINE,SYN_MINE_01,1522.5,1795.6,1.0,0.0,0.0,1.395,0.035,12.65,0.103,0.918,0.0,0.256,29.25,IMD gridded 0.25deg (REAL_GOVERNMENT),SYNTHETIC,REAL_GOVERNMENT
2023-02-09,DEMO_MINE,SYN_MINE_01,1522.5,1680.5,1.0,0.0,0.0,0.0,0.185,12.74,0.0,0.8528,0.0,0.257,31.1,IMD gridded 0.25deg (REAL_GOVERNMENT),SYNTHETIC,REAL_GOVERNMENT
2023-02-10,DEMO_MINE,SYN_MINE_01,1522.5,1379.8,0.825,0.0,3.5,0.0,0.034,11.65,0.661,0.8808,0.0,0.256,32.94,IMD gridded 0.25deg (REAL_GOVERNMENT),SYNTHETIC,REAL_GOVERNMENT
2023-02-11,DEMO_MINE,SYN_MINE_01,1522.5,1504.1,1.0,0.0,0.0,0.0,0.55,11.77,0.551,0.8235,0.0,0.255,32.19,IMD gridded 0.25deg (REAL_GOVERNMENT),SYNTHETIC,REAL_GOVERNMENT
2023-02-12,DEMO_MINE,SYN_MINE_01,1294.1,1305.8,1.0,0.0,0.0,1.825,0.573,12.64,0.0,0.6954,0.0,0.255,29.9,IMD gridded 0.25deg (REAL_GOVERNMENT),SYNTHETIC,REAL_GOVERNMENT
2023-02-13,DEMO_MINE,SYN_MINE_01,1522.5,1634.8,1.0,0.0,0.0,0.845,0.305,13.0,0.0,0.839,0.0,0.254,29.02,IMD gridded 0.25deg (REAL_GOVERNMENT),SYNTHETIC,REAL_GOVERNMENT
2023-02-14,DEMO_MINE,SYN_MINE_01,1522.5,1536.4,1.0,0.0,0.0,0.0,0.316,12.68,0.038,0.785,0.0,0.254,30.38,IMD gridded 0.25deg (REAL_GOVERNMENT),SYNTHETIC,REAL_GOVERNMENT
2023-02-15,DEMO_MINE,SYN_MINE_01,1522.5,1303.2,0.825,0.0,3.5,0.807,0.307,12.17,0.085,0.8163,0.0,0.253,31.75,IMD gridded 0.25deg (REAL_GOVERNMENT),SYNTHETIC,REAL_GOVERNMENT
2023-02-16,DEMO_MINE,SYN_MINE_01,1522.5,1370.6,0.8228,3.545,0.0,0.99,0.203,11.97,0.173,0.8683,0.0,0.253,32.48,IMD gridded 0.25deg (REAL_GOVERNMENT),SYNTHETIC,REAL_GOVERNMENT
2023-02-17,DEMO_MINE,SYN_MINE_01,1522.5,1207.9,0.8156,3.688,0.0,0.0,0.245,12.01,0.455,0.7928,0.0,0.252,31.75,IMD gridded 0.25deg (REAL_GOVERNMENT),SYNTHETIC,REAL_GOVERNMENT
2023-02-18,DEMO_MINE,SYN_MINE_01,1522.5,1438.4,0.8332,3.336,0.0,0.0,0.021,12.22,0.0,0.8758,0.0,0.252,31.7,IMD gridded 0.25deg (REAL_GOVERNMENT),SYNTHETIC,REAL_GOVERNMENT
2023-02-19,DEMO_MINE,SYN_MINE_01,1294.1,571.7,1.0,0.0,0.0,3.814,0.136,11.39,5.964,0.3181,0.0,0.252,32.98,IMD gridded 0.25deg (REAL_GOVERNMENT),SYNTHETIC,REAL_GOVERNMENT
2023-02-20,DEMO_MINE,SYN_MINE_01,1522.5,1628.8,1.0,0.0,0.0,0.0,0.611,12.15,0.326,0.8825,0.0,0.252,34.67,IMD gridded 0.25deg (REAL_GOVERNMENT),SYNTHETIC,REAL_GOVERNMENT
2023-02-21,DEMO_MINE,SYN_MINE_01,1522.5,1401.2,0.8808,2.152,0.0,0.0,0.0,10.17,0.791,0.8424,0.0,0.252,34.99,IMD gridded 0.25deg (REAL_GOVERNMENT),SYNTHETIC,REAL_GOVERNMENT
2023-02-22,DEMO_MINE,SYN_MINE_01,1522.5,1436.9,0.8405,3.191,0.0,0.766,0.0,12.14,0.026,0.8489,0.0,0.252,34.22,IMD gridded 0.25deg (REAL_GOVERNMENT),SYNTHETIC,REAL_GOVERNMENT
2023-02-23,DEMO_MINE,SYN_MINE_01,1522.5,1575.5,1.0,0.0,0.0,2.029,0.16,12.16,0.174,0.8251,0.0,0.252,33.85,IMD gridded 0.25deg (REAL_GOVERNMENT),SYNTHETIC,REAL_GOVERNMENT
2023-02-24,DEMO_MINE,SYN_MINE_01,1522.5,1437.2,1.0,0.0,0.0,0.0,0.23,10.81,1.86,0.8306,0.0,0.252,33.73,IMD gridded 0.25deg (REAL_GOVERNMENT),SYNTHETIC,REAL_GOVERNMENT
2023-02-25,DEMO_MINE,SYN_MINE_01,1522.5,1489.6,1.0,0.0,0.0,0.895,0.174,10.87,1.85,0.8477,0.0,0.252,33.88,IMD gridded 0.25deg (REAL_GOVERNMENT),SYNTHETIC,REAL_GOVERNMENT
2023-02-26,DEMO_MINE,SYN_MINE_01,1294.1,1351.8,1.0,0.0,0.0,2.252,0.049,11.99,0.625,0.7183,0.0,0.252,34.53,IMD gridded 0.25deg (REAL_GOVERNMENT),SYNTHETIC,REAL_GOVERNMENT
2023-02-27,DEMO_MINE,SYN_MINE_01,1522.5,1388.8,0.8251,3.499,0.0,1.97,0.0,11.77,0.363,0.8733,0.0,0.252,34.18,IMD gridded 0.25deg (REAL_GOVERNMENT),SYNTHETIC,REAL_GOVERNMENT
2023-02-28,DEMO_MINE,SYN_MINE_01,1522.5,1254.0,0.7141,5.719,0.0,0.787,0.307,11.31,0.0,0.9182,0.0,0.252,33.77,IMD gridded 0.25deg (REAL_GOVERNMENT),SYNTHETIC,REAL_GOVERNMENT
2023-03-01,DEMO_MINE,SYN_MINE_01,1522.5,1415.4,0.8773,2.455,0.0,0.374,0.352,11.57,0.373,0.8549,0.0,0.252,33.8,IMD gridded 0.25deg (REAL_GOVERNMENT),SYNTHETIC,REAL_GOVERNMENT
2023-03-02,DEMO_MINE,SYN_MINE_01,1522.5,1400.8,0.825,0.0,3.5,0.0,0.0,12.21,0.0,0.8565,0.0,0.252,33.75,IMD gridded 0.25deg (REAL_GOVERNMENT),SYNTHETIC,REAL_GOVERNMENT
2023-03-03,DEMO_MINE,SYN_MINE_01,1522.5,1181.3,0.6983,2.533,3.5,0.0,0.23,13.0,0.0,0.8575,0.0,0.252,34.41,IMD gridded 0.25deg (REAL_GOVERNMENT),SYNTHETIC,REAL_GOVERNMENT
2023-03-04,DEMO_MINE,SYN_MINE_01,1522.5,1527.7,0.8784,2.432,0.0,0.991,0.0,11.31,0.564,0.9066,0.0,0.252,34.83,IMD gridded 0.25deg (REAL_GOVERNMENT),SYNTHETIC,REAL_GOVERNMENT
2023-03-05,DEMO_MINE,SYN_MINE_01,1294.1,781.6,0.5,10.0,0.0,0.0,0.095,12.12,0.0,0.7718,0.0,0.252,32.06,IMD gridded 0.25deg (REAL_GOVERNMENT),SYNTHETIC,REAL_GOVERNMENT
2023-03-06,DEMO_MINE,SYN_MINE_01,1522.5,1144.1,0.7208,5.585,0.0,0.0,0.035,11.1,0.489,0.8261,0.0,0.252,33.19,IMD gridded 0.25deg (REAL_GOVERNMENT),SYNTHETIC,REAL_GOVERNMENT
2023-03-07,DEMO_MINE,SYN_MINE_01,1522.5,918.5,1.0,0.0,0.0,2.754,0.203,11.84,4.445,0.4973,0.0,0.253,27.54,IMD gridded 0.25deg (REAL_GOVERNMENT),SYNTHETIC,REAL_GOVERNMENT
2023-03-08,DEMO_MINE,SYN_MINE_01,1522.5,1622.3,1.0,0.0,0.0,0.0,0.022,12.04,0.477,0.8533,0.0,0.253,31.33,IMD gridded 0.25deg (REAL_GOVERNMENT),SYNTHETIC,REAL_GOVERNMENT
2023-03-09,DEMO_MINE,SYN_MINE_01,1522.5,1662.2,1.0,0.0,0.0,1.104,0.264,12.01,0.6,0.8885,0.0,0.254,32.56,IMD gridded 0.25deg (REAL_GOVERNMENT),SYNTHETIC,REAL_GOVERNMENT
2023-03-10,DEMO_MINE,SYN_MINE_01,1522.5,1613.5,1.0,0.0,0.0,3.09,0.42,12.8,0.0,0.8494,0.0,0.258,32.56,IMD gridded 0.25deg (REAL_GOVERNMENT),SYNTHETIC,REAL_GOVERNMENT
2023-03-11,DEMO_MINE,SYN_MINE_01,1522.5,1652.6,1.0,0.0,0.0,0.977,0.063,12.34,0.0,0.8412,0.0,0.256,32.75,IMD gridded 0.25deg (REAL_GOVERNMENT),SYNTHETIC,REAL_GOVERNMENT
2023-03-12,DEMO_MINE,SYN_MINE_01,1294.1,1263.2,1.0,0.0,0.0,0.692,0.162,11.91,0.281,0.6564,0.0,0.259,33.78,IMD gridded 0.25deg (REAL_GOVERNMENT),SYNTHETIC,REAL_GOVERNMENT
2023-03-13,DEMO_MINE,SYN_MINE_01,1522.5,1411.3,0.9035,1.93,0.0,0.0,0.487,11.75,0.409,0.8443,0.0,0.256,34.59,IMD gridded 0.25deg (REAL_GOVERNMENT),SYNTHETIC,REAL_GOVERNMENT
2023-03-14,DEMO_MINE,SYN_MINE_01,1522.5,758.9,0.4063,11.875,0.0,0.915,0.048,11.95,0.0,0.963,0.0,0.255,34.08,IMD gridded 0.25deg (REAL_GOVERNMENT),SYNTHETIC,REAL_GOVERNMENT
2023-03-15,DEMO_MINE,SYN_MINE_01,1522.5,1520.1,0.9215,1.57,0.0,2.405,0.276,12.14,0.0,0.8474,0.0,0.253,33.54,IMD gridded 0.25deg (REAL_GOVERNMENT),SYNTHETIC,REAL_GOVERNMENT
2023-03-16,DEMO_MINE,SYN_MINE_01,1522.5,1661.9,1.0,0.0,0.0,0.0,0.0,12.99,0.0,0.8394,0.0,0.262,29.12,IMD gridded 0.25deg (REAL_GOVERNMENT),SYNTHETIC,REAL_GOVERNMENT
2023-03-17,DEMO_MINE,SYN_MINE_01,1522.5,1568.8,1.0,0.0,0.0,0.527,0.385,12.3,0.598,0.8542,0.0,0.258,31.32,IMD gridded 0.25deg (REAL_GOVERNMENT),SYNTHETIC,REAL_GOVERNMENT
2023-03-18,DEMO_MINE,SYN_MINE_01,1522.5,1625.8,1.0,0.0,0.0,0.191,0.168,12.67,0.232,0.8338,9.11,0.285,28.43,IMD gridded 0.25deg (REAL_GOVERNMENT),SYNTHETIC,REAL_GOVERNMENT
2023-03-19,DEMO_MINE,SYN_MINE_01,1294.1,1126.5,0.825,0.0,3.5,3.333,0.223,11.17,0.468,0.7293,0.14,0.282,27.14,IMD gridded 0.25deg (REAL_GOVERNMENT),SYNTHETIC,REAL_GOVERNMENT
2023-03-20,DEMO_MINE,SYN_MINE_01,1522.5,1794.0,1.0,0.0,0.0,0.404,0.055,12.36,0.246,0.9083,3.7,0.336,29.71,IMD gridded 0.25deg (REAL_GOVERNMENT),SYNTHETIC,REAL_GOVERNMENT
2023-03-21,DEMO_MINE,SYN_MINE_01,1522.5,1360.7,0.8136,3.729,0.0,1.209,0.171,12.79,0.0,0.8401,0.0,0.323,30.89,IMD gridded 0.25deg (REAL_GOVERNMENT),SYNTHETIC,REAL_GOVERNMENT
2023-03-22,DEMO_MINE,SYN_MINE_01,1522.5,1169.3,0.831,0.0,3.379,1.903,0.288,12.37,1.862,0.7392,0.0,0.314,31.31,IMD gridded 0.25deg (REAL_GOVERNMENT),SYNTHETIC,REAL_GOVERNMENT
2023-03-23,DEMO_MINE,SYN_MINE_01,1522.5,1632.1,1.0,0.0,0.0,2.513,0.429,12.42,0.297,0.8612,0.0,0.313,32.71,IMD gridded 0.25deg (REAL_GOVERNMENT),SYNTHETIC,REAL_GOVERNMENT
2023-03-24,DEMO_MINE,SYN_MINE_01,1522.5,1666.7,1.0,0.0,0.0,0.871,0.0,12.39,0.199,0.8551,0.0,0.305,33.98,IMD gridded 0.25deg (REAL_GOVERNMENT),SYNTHETIC,REAL_GOVERNMENT
2023-03-25,DEMO_MINE,SYN_MINE_01,1522.5,1598.8,0.98,0.401,0.0,0.964,0.118,12.09,0.311,0.8511,0.0,0.3,33.27,IMD gridded 0.25deg (REAL_GOVERNMENT),SYNTHETIC,REAL_GOVERNMENT
2023-03-26,DEMO_MINE,SYN_MINE_01,1294.1,1122.9,0.803,3.941,0.0,0.0,0.167,11.51,0.051,0.723,0.0,0.297,34.07,IMD gridded 0.25deg (REAL_GOVERNMENT),SYNTHETIC,REAL_GOVERNMENT
2023-03-27,DEMO_MINE,SYN_MINE_01,1522.5,1656.6,0.9565,0.871,0.0,0.0,0.074,12.56,0.144,0.8702,6.26,0.286,34.97,IMD gridded 0.25deg (REAL_GOVERNMENT),SYNTHETIC,REAL_GOVERNMENT
2023-03-28,DEMO_MINE,SYN_MINE_01,1522.5,1376.2,0.8215,3.57,0.0,0.0,0.158,11.94,0.0,0.8536,0.0,0.282,35.18,IMD gridded 0.25deg (REAL_GOVERNMENT),SYNTHETIC,REAL_GOVERNMENT
2023-03-29,DEMO_MINE,SYN_MINE_01,1522.5,1397.8,0.824,3.52,0.0,1.849,0.169,13.0,0.0,0.874,0.0,0.277,36.4,IMD gridded 0.25deg (REAL_GOVERNMENT),SYNTHETIC,REAL_GOVERNMENT
2023-03-30,DEMO_MINE,SYN_MINE_01,1522.5,1456.0,1.0,0.0,0.0,0.0,0.612,12.46,0.006,0.7773,0.0,0.275,36.7,IMD gridded 0.25deg (REAL_GOVERNMENT),SYNTHETIC,REAL_GOVERNMENT
2023-03-31,DEMO_MINE,SYN_MINE_01,1522.5,1452.3,0.88,2.4,0.0,0.0,0.179,12.02,0.356,0.8678,0.0,0.277,33.04,IMD gridded 0.25deg (REAL_GOVERNMENT),SYNTHETIC,REAL_GOVERNMENT
2023-04-01,DEMO_MINE,SYN_MINE_01,1545.3,1567.1,0.9667,0.666,0.0,0.0,0.023,11.66,0.744,0.8488,2.81,0.293,33.19,IMD gridded 0.25deg (REAL_GOVERNMENT),SYNTHETIC,REAL_GOVERNMENT
2023-04-02,DEMO_MINE,SYN_MINE_01,1313.5,1150.9,1.0,0.0,0.0,0.0,0.148,9.68,3.012,0.7451,0.0,0.29,35.04,IMD gridded 0.25deg (REAL_GOVERNMENT),SYNTHETIC,REAL_GOVERNMENT
2023-04-03,DEMO_MINE,SYN_MINE_01,1545.3,1359.8,0.8517,2.966,0.0,1.443,0.269,10.52,0.741,0.8582,0.0,0.279,36.24,IMD gridded 0.25deg (REAL_GOVERNMENT),SYNTHETIC,REAL_GOVERNMENT
2023-04-04,DEMO_MINE,SYN_MINE_01,1545.3,1656.6,1.0,0.0,0.0,0.0,0.393,12.04,0.243,0.8829,0.0,0.277,36.82,IMD gridded 0.25deg (REAL_GOVERNMENT),SYNTHETIC,REAL_GOVERNMENT
2023-04-05,DEMO_MINE,SYN_MINE_01,1545.3,1758.9,1.0,0.0,0.0,0.813,0.0,11.81,0.743,0.9126,0.0,0.271,36.71,IMD gridded 0.25deg (REAL_GOVERNMENT),SYNTHETIC,REAL_GOVERNMENT
2023-04-06,DEMO_MINE,SYN_MINE_01,1545.3,1365.4,0.825,0.0,3.5,0.0,0.005,12.25,0.342,0.8611,0.0,0.271,37.09,IMD gridded 0.25deg (REAL_GOVERNMENT),SYNTHETIC,REAL_GOVERNMENT
2023-04-07,DEMO_MINE,SYN_MINE_01,1545.3,1372.2,0.8288,0.0,3.423,0.0,0.194,11.94,0.0,0.8527,0.0,0.297,35.71,IMD gridded 0.25deg (REAL_GOVERNMENT),SYNTHETIC,REAL_GOVERNMENT
2023-04-08,DEMO_MINE,SYN_MINE_01,1545.3,1392.6,1.0,0.0,0.0,0.0,0.376,10.99,1.785,0.8203,2.45,0.315,32.54,IMD gridded 0.25deg (REAL_GOVERNMENT),SYNTHETIC,REAL_GOVERNMENT
2023-04-09,DEMO_MINE,SYN_MINE_01,1313.5,1436.7,1.0,0.0,0.0,0.786,0.0,12.39,0.106,0.7304,0.7,0.327,35.54,IMD gridded 0.25deg (REAL_GOVERNMENT),SYNTHETIC,REAL_GOVERNMENT
2023-04-10,DEMO_MINE,SYN_MINE_01,1545.3,1612.2,1.0,0.0,0.0,1.398,0.164,12.1,0.552,0.8456,4.24,0.313,37.09,IMD gridded 0.25deg (REAL_GOVERNMENT),SYNTHETIC,REAL_GOVERNMENT
2023-04-11,DEMO_MINE,SYN_MINE_01,1545.3,1506.8,1.0,0.0,0.0,0.0,0.394,11.11,1.503,0.8646,0.24,0.308,38.36,IMD gridded 0.25deg (REAL_GOVERNMENT),SYNTHETIC,REAL_GOVERNMENT
2023-04-12,DEMO_MINE,SYN_MINE_01,1545.3,1713.1,1.0,0.0,0.0,0.57,0.276,12.55,0.025,0.8954,0.0,0.302,38.98,IMD gridded 0.25deg (REAL_GOVERNMENT),SYNTHETIC,REAL_GOVERNMENT
2023-04-13,DEMO_MINE,SYN_MINE_01,1545.3,1682.0,1.0,0.0,0.0,2.538,0.359,12.04,0.652,0.9065,0.0,0.292,39.02,IMD gridded 0.25deg (REAL_GOVERNMENT),SYNTHETIC,REAL_GOVERNMENT
2023-04-14,DEMO_MINE,SYN_MINE_01,1545.3,1728.5,1.0,0.0,0.0,2.569,0.0,12.49,0.03,0.8646,0.0,0.284,38.02,IMD gridded 0.25deg (REAL_GOVERNMENT),SYNTHETIC,REAL_GOVERNMENT
2023-04-15,DEMO_MINE,SYN_MINE_01,1545.3,1662.9,1.0,0.0,0.0,0.0,0.236,12.7,0.0,0.8665,0.0,0.28,35.8,IMD gridded 0.25deg (REAL_GOVERNMENT),SYNTHETIC,REAL_GOVERNMENT
2023-04-16,DEMO_MINE,SYN_MINE_01,1313.5,1259.4,1.0,0.0,0.0,2.29,0.371,12.38,0.314,0.6755,0.0,0.279,38.62,IMD gridded 0.25deg (REAL_GOVERNMENT),SYNTHETIC,REAL_GOVERNMENT
2023-04-17,DEMO_MINE,SYN_MINE_01,1545.3,879.1,0.7057,5.887,0.0,1.416,0.216,13.0,2.123,0.6521,0.0,0.269,39.41,IMD gridded 0.25deg (REAL_GOVERNMENT),SYNTHETIC,REAL_GOVERNMENT
2023-04-18,DEMO_MINE,SYN_MINE_01,1545.3,1345.6,0.7719,4.562,0.0,0.689,0.0,12.81,0.0,0.8378,0.0,0.26,40.17,IMD gridded 0.25deg (REAL_GOVERNMENT),SYNTHETIC,REAL_GOVERNMENT
2023-04-19,DEMO_MINE,SYN_MINE_01,1545.3,1380.8,0.811,3.78,0.0,0.0,0.125,11.8,1.026,0.9188,0.0,0.252,39.68,IMD gridded 0.25deg (REAL_GOVERNMENT),SYNTHETIC,REAL_GOVERNMENT
2023-04-20,DEMO_MINE,SYN_MINE_01,1545.3,1447.9,0.949,1.021,0.0,0.0,0.034,11.17,0.808,0.81,0.0,0.246,37.6,IMD gridded 0.25deg (REAL_GOVERNMENT),SYNTHETIC,REAL_GOVERNMENT
2023-04-21,DEMO_MINE,SYN_MINE_01,1545.3,1312.8,0.8336,3.327,0.0,0.0,0.0,11.73,0.577,0.8292,0.04,0.267,36.36,IMD gridded 0.25deg (REAL_GOVERNMENT),SYNTHETIC,REAL_GOVERNMENT
2023-04-22,DEMO_MINE,SYN_MINE_01,1545.3,1241.6,0.7967,4.067,0.0,0.882,0.71,12.62,0.0,0.8458,1.32,0.289,35.02,IMD gridded 0.25deg (REAL_GOVERNMENT),SYNTHETIC,REAL_GOVERNMENT
2023-04-23,DEMO_MINE,SYN_MINE_01,1313.5,1157.3,0.825,0.0,3.5,2.045,0.133,12.1,0.511,0.7492,4.81,0.319,34.8,IMD gridded 0.25deg (REAL_GOVERNMENT),SYNTHETIC,REAL_GOVERNMENT
2023-04-24,DEMO_MINE,SYN_MINE_01,1545.3,1282.7,0.825,0.0,3.5,2.317,0.113,11.94,0.072,0.8055,0.0,0.381,34.92,IMD gridded 0.25deg (REAL_GOVERNMENT),SYNTHETIC,REAL_GOVERNMENT
2023-04-25,DEMO_MINE,SYN_MINE_01,1545.3,1779.8,1.0,0.0,0.0,0.0,0.146,12.27,0.487,0.9146,0.03,0.31,34.93,IMD gridded 0.25deg (REAL_GOVERNMENT),SYNTHETIC,REAL_GOVERNMENT
2023-04-26,DEMO_MINE,SYN_MINE_01,1545.3,1284.0,0.8191,3.617,0.0,3.207,0.284,11.81,1.528,0.9089,28.4,0.299,34.7,IMD gridded 0.25deg (REAL_GOVERNMENT),SYNTHETIC,REAL_GOVERNMENT
2023-04-27,DEMO_MINE,SYN_MINE_01,1545.3,797.6,0.5,10.0,0.0,0.0,0.365,10.87,0.0,0.8567,4.2,0.424,34.32,IMD gridded 0.25deg (REAL_GOVERNMENT),SYNTHETIC,REAL_GOVERNMENT
2023-04-28,DEMO_MINE,SYN_MINE_01,1545.3,1414.8,0.8563,2.875,0.0,0.646,0.059,12.29,0.38,0.8446,2.72,0.419,33.63,IMD gridded 0.25deg (REAL_GOVERNMENT),SYNTHETIC,REAL_GOVERNMENT
2023-04-29,DEMO_MINE,SYN_MINE_01,1545.3,1360.6,1.0,0.0,0.0,0.0,0.11,12.32,3.364,0.8683,8.37,0.47,31.8,IMD gridded 0.25deg (REAL_GOVERNMENT),SYNTHETIC,REAL_GOVERNMENT
2023-04-30,DEMO_MINE,SYN_MINE_01,1313.5,933.2,0.9604,0.792,0.0,2.147,0.366,11.65,3.462,0.6989,11.84,0.497,26.19,IMD gridded 0.25deg (REAL_GOVERNMENT),SYNTHETIC,REAL_GOVERNMENT
2023-05-01,DEMO_MINE,SYN_MINE_01,1545.3,1399.8,0.899,2.02,0.0,0.546,0.0,12.8,2.08,0.8863,8.52,0.477,29.28,IMD gridded 0.25deg (REAL_GOVERNMENT),SYNTHETIC,REAL_GOVERNMENT
2023-05-02,DEMO_MINE,SYN_MINE_01,1545.3,1435.9,1.0,0.0,0.0,0.404,0.555,12.35,3.027,0.9006,2.88,0.464,29.51,IMD gridded 0.25deg (REAL_GOVERNMENT),SYNTHETIC,REAL_GOVERNMENT
2023-05-03,DEMO_MINE,SYN_MINE_01,1545.3,1139.8,1.0,0.0,0.0,0.0,0.318,10.88,5.101,0.8511,4.36,0.485,28.64,IMD gridded 0.25deg (REAL_GOVERNMENT),SYNTHETIC,REAL_GOVERNMENT
2023-05-04,DEMO_MINE,SYN_MINE_01,1545.3,944.1,0.6972,6.057,0.0,0.0,0.07,11.35,2.151,0.8509,0.0,0.458,31.87,IMD gridded 0.25deg (REAL_GOVERNMENT),SYNTHETIC,REAL_GOVERNMENT
2023-05-05,DEMO_MINE,SYN_MINE_01,1545.3,1056.2,0.6211,7.577,0.0,2.63,0.129,12.11,0.314,0.8952,2.74,0.436,32.81,IMD gridded 0.25deg (REAL_GOVERNMENT),SYNTHETIC,REAL_GOVERNMENT
2023-05-06,DEMO_MINE,SYN_MINE_01,1545.3,1352.8,1.0,0.0,0.0,0.0,0.093,11.01,2.434,0.8221,0.0,0.405,35.47,IMD gridded 0.25deg (REAL_GOVERNMENT),SYNTHETIC,REAL_GOVERNMENT
2023-05-07,DEMO_MINE,SYN_MINE_01,1313.5,761.3,0.5841,8.318,0.0,0.95,0.261,12.54,0.0,0.6919,0.0,0.378,36.81,IMD gridded 0.25deg (REAL_GOVERNMENT),SYNTHETIC,REAL_GOVERNMENT
2023-05-08,DEMO_MINE,SYN_MINE_01,1545.3,1109.6,0.6606,6.789,0.0,0.454,0.275,12.6,0.0,0.8707,0.0,0.358,37.37,IMD gridded 0.25deg (REAL_GOVERNMENT),SYNTHETIC,REAL_GOVERNMENT
2023-05-09,DEMO_MINE,SYN_MINE_01,1545.3,596.9,0.3728,12.545,0.0,1.91,0.197,11.88,0.0,0.8468,0.0,0.344,38.93,IMD gridded 0.25deg (REAL_GOVERNMENT),SYNTHETIC,REAL_GOVERNMENT
2023-05-10,DEMO_MINE,SYN_MINE_01,1545.3,780.4,0.4692,10.616,0.0,0.0,0.144,12.34,0.0,0.8624,0.0,0.337,39.05,IMD gridded 0.25deg (REAL_GOVERNMENT),SYNTHETIC,REAL_GOVERNMENT
2023-05-11,DEMO_MINE,SYN_MINE_01,1545.3,969.2,0.5957,5.04,3.046,0.0,0.258,12.11,0.0,0.8525,0.0,0.325,39.86,IMD gridded 0.25deg (REAL_GOVERNMENT),SYNTHETIC,REAL_GOVERNMENT
2023-05-12,DEMO_MINE,SYN_MINE_01,1545.3,1522.0,0.9127,1.745,0.0,0.856,0.229,11.85,0.252,0.8615,0.0,0.313,40.63,IMD gridded 0.25deg (REAL_GOVERNMENT),SYNTHETIC,REAL_GOVERNMENT
2023-05-13,DEMO_MINE,SYN_MINE_01,1545.3,1666.8,1.0,0.0,0.0,0.0,0.068,11.91,0.37,0.8651,0.0,0.302,41.38,IMD gridded 0.25deg (REAL_GOVERNMENT),SYNTHETIC,REAL_GOVERNMENT
2023-05-14,DEMO_MINE,SYN_MINE_01,1313.5,1100.9,0.825,0.0,3.5,0.91,0.635,12.88,0.0,0.725,0.0,0.296,41.85,IMD gridded 0.25deg (REAL_GOVERNMENT),SYNTHETIC,REAL_GOVERNMENT
2023-05-15,DEMO_MINE,SYN_MINE_01,1545.3,1725.5,1.0,0.0,0.0,0.0,0.126,12.68,0.093,0.8789,0.0,0.295,40.8,IMD gridded 0.25deg (REAL_GOVERNMENT),SYNTHETIC,REAL_GOVERNMENT
2023-05-16,DEMO_MINE,SYN_MINE_01,1545.3,1423.0,1.0,0.0,0.0,1.453,0.515,11.24,1.244,0.8201,0.0,0.296,39.63,IMD gridded 0.25deg (REAL_GOVERNMENT),SYNTHETIC,REAL_GOVERNMENT
2023-05-17,DEMO_MINE,SYN_MINE_01,1545.3,1436.8,1.0,0.0,0.0,0.0,0.267,10.91,1.683,0.8328,0.0,0.295,39.41,IMD gridded 0.25deg (REAL_GOVERNMENT),SYNTHETIC,REAL_GOVERNMENT
2023-05-18,DEMO_MINE,SYN_MINE_01,1545.3,1617.0,1.0,0.0,0.0,0.87,0.77,12.44,0.177,0.8794,0.0,0.292,39.91,IMD gridded 0.25deg (REAL_GOVERNMENT),SYNTHETIC,REAL_GOVERNMENT
2023-05-19,DEMO_MINE,SYN_MINE_01,1545.3,1714.4,1.0,0.0,0.0,0.0,0.177,12.13,0.85,0.9212,0.0,0.297,40.13,IMD gridded 0.25deg (REAL_GOVERNMENT),SYNTHETIC,REAL_GOVERNMENT
2023-05-20,DEMO_MINE,SYN_MINE_01,1545.3,1715.7,1.0,0.0,0.0,0.0,0.404,12.31,0.362,0.8949,0.0,0.293,41.02,IMD gridded 0.25deg (REAL_GOVERNMENT),SYNTHETIC,REAL_GOVERNMENT
2023-05-21,DEMO_MINE,SYN_MINE_01,1313.5,1407.0,1.0,0.0,0.0,0.0,0.67,12.05,0.128,0.7454,0.0,0.291,41.78,IMD gridded 0.25deg (REAL_GOVERNMENT),SYNTHETIC,REAL_GOVERNMENT
2023-05-22,DEMO_MINE,SYN_MINE_01,1545.3,1448.0,0.8989,2.021,0.0,0.952,0.259,12.8,0.0,0.8307,0.0,0.288,39.73,IMD gridded 0.25deg (REAL_GOVERNMENT),SYNTHETIC,REAL_GOVERNMENT
2023-05-23,DEMO_MINE,SYN_MINE_01,1545.3,1412.5,0.8322,2.823,0.0,0.746,0.484,12.4,0.0,0.8762,0.0,0.29,40.34,IMD gridded 0.25deg (REAL_GOVERNMENT),SYNTHETIC,REAL_GOVERNMENT
2023-05-24,DEMO_MINE,SYN_MINE_01,1545.3,1712.6,1.0,0.0,0.0,0.59,0.161,12.72,0.0,0.8834,0.0,0.289,40.8,IMD gridded 0.25deg (REAL_GOVERNMENT),SYNTHETIC,REAL_GOVERNMENT
2023-05-25,DEMO_MINE,SYN_MINE_01,1545.3,975.0,0.5639,8.722,0.0,0.947,0.09,12.46,0.0,0.8942,0.0,0.286,39.3,IMD gridded 0.25deg (REAL_GOVERNMENT),SYNTHETIC,REAL_GOVERNMENT
2023-05-26,DEMO_MINE,SYN_MINE_01,1545.3,1524.3,1.0,0.0,0.0,0.0,0.0,11.05,1.587,0.8504,0.0,0.283,38.14,IMD gridded 0.25deg (REAL_GOVERNMENT),SYNTHETIC,REAL_GOVERNMENT
2023-05-27,DEMO_MINE,SYN_MINE_01,1545.3,1643.3,1.0,0.0,0.0,0.009,0.377,12.45,0.126,0.8633,0.0,0.279,38.78,IMD gridded 0.25deg (REAL_GOVERNMENT),SYNTHETIC,REAL_GOVERNMENT
2023-05-28,DEMO_MINE,SYN_MINE_01,1313.5,1094.4,0.825,0.0,3.5,2.034,0.152,11.84,0.0,0.6902,0.0,0.278,38.21,IMD gridded 0.25deg (REAL_GOVERNMENT),SYNTHETIC,REAL_GOVERNMENT
2023-05-29,DEMO_MINE,SYN_MINE_01,1545.3,1607.1,1.0,0.0,0.0,1.19,0.407,11.77,0.531,0.8659,0.0,0.274,37.88,IMD gridded 0.25deg (REAL_GOVERNMENT),SYNTHETIC,REAL_GOVERNMENT
2023-05-30,DEMO_MINE,SYN_MINE_01,1545.3,862.0,0.5169,6.163,3.5,0.0,0.095,12.51,0.0,0.86,0.0,0.275,38.25,IMD gridded 0.25deg (REAL_GOVERNMENT),SYNTHETIC,REAL_GOVERNMENT
2023-05-31,DEMO_MINE,SYN_MINE_01,1545.3,1616.1,1.0,0.0,0.0,0.0,0.065,12.48,0.284,0.819,0.0,0.28,39.22,IMD gridded 0.25deg (REAL_GOVERNMENT),SYNTHETIC,REAL_GOVERNMENT
2023-06-01,DEMO_MINE,SYN_MINE_01,1545.3,1565.1,1.0,0.0,0.0,1.247,0.606,11.89,0.444,0.8581,0.0,0.274,40.02,IMD gridded 0.25deg (REAL_GOVERNMENT),SYNTHETIC,REAL_GOVERNMENT
2023-06-02,DEMO_MINE,SYN_MINE_01,1545.3,1479.4,0.9347,1.305,0.0,2.371,0.305,12.08,0.437,0.8496,0.0,0.27,40.45,IMD gridded 0.25deg (REAL_GOVERNMENT),SYNTHETIC,REAL_GOVERNMENT
2023-06-03,DEMO_MINE,SYN_MINE_01,1545.3,1439.8,0.8957,2.085,0.0,0.0,0.164,11.53,0.476,0.856,0.0,0.272,39.52,IMD gridded 0.25deg (REAL_GOVERNMENT),SYNTHETIC,REAL_GOVERNMENT
2023-06-04,DEMO_MINE,SYN_MINE_01,1313.5,1436.5,1.0,0.0,0.0,1.535,0.356,12.74,0.0,0.7476,0.0,0.267,39.43,IMD gridded 0.25deg (REAL_GOVERNMENT),SYNTHETIC,REAL_GOVERNMENT
2023-06-05,DEMO_MINE,SYN_MINE_01,1545.3,1651.7,1.0,0.0,0.0,1.264,0.399,12.42,0.383,0.8861,0.0,0.262,38.59,IMD gridded 0.25deg (REAL_GOVERNMENT),SYNTHETIC,REAL_GOVERNMENT
2023-06-06,DEMO_MINE,SYN_MINE_01,1545.3,1526.2,0.8536,2.929,0.0,1.569,0.0,12.4,0.46,0.8903,0.0,0.265,39.76,IMD gridded 0.25deg (REAL_GOVERNMENT),SYNTHETIC,REAL_GOVERNMENT
2023-06-07,DEMO_MINE,SYN_MINE_01,1545.3,1606.9,1.0,0.0,0.0,0.547,0.0,11.3,1.208,0.8706,0.0,0.26,39.7,IMD gridded 0.25deg (REAL_GOVERNMENT),SYNTHETIC,REAL_GOVERNMENT
2023-06-08,DEMO_MINE,SYN_MINE_01,1545.3,1756.9,1.0,0.0,0.0,0.144,0.071,11.93,0.687,0.9014,0.0,0.261,41.04,IMD gridded 0.25deg (REAL_GOVERNMENT),SYNTHETIC,REAL_GOVERNMENT
2023-06-09,DEMO_MINE,SYN_MINE_01,1545.3,1789.5,1.0,0.0,0.0,0.0,0.0,12.62,0.0,0.8883,0.0,0.267,40.48,IMD gridded 0.25deg (REAL_GOVERNMENT),SYNTHETIC,REAL_GOVERNMENT
2023-06-10,DEMO_MINE,SYN_MINE_01,1545.3,1704.3,1.0,0.0,0.0,2.203,0.521,12.53,0.027,0.897,0.0,0.264,40.41,IMD gridded 0.25deg (REAL_GOVERNMENT),SYNTHETIC,REAL_GOVERNMENT
2023-06-11,DEMO_MINE,SYN_MINE_01,1313.5,1350.3,1.0,0.0,0.0,0.425,0.0,11.36,1.271,0.739,0.0,0.264,40.39,IMD gridded 0.25deg (REAL_GOVERNMENT),SYNTHETIC,REAL_GOVERNMENT
2023-06-12,DEMO_MINE,SYN_MINE_01,1545.3,1245.1,0.7852,4.297,0.0,0.0,0.049,13.0,0.0,0.8133,0.0,0.259,40.61,IMD gridded 0.25deg (REAL_GOVERNMENT),SYNTHETIC,REAL_GOVERNMENT
2023-06-13,DEMO_MINE,SYN_MINE_01,1545.3,1112.3,0.6852,6.296,0.0,0.588,0.0,11.63,0.244,0.8222,0.0,0.287,40.69,IMD gridded 0.25deg (REAL_GOVERNMENT),SYNTHETIC,REAL_GOVERNMENT
2023-06-14,DEMO_MINE,SYN_MINE_01,1545.3,1536.3,0.9354,1.293,0.0,0.735,0.042,12.56,0.0,0.8236,3.92,0.345,39.87,IMD gridded 0.25deg (REAL_GOVERNMENT),SYNTHETIC,REAL_GOVERNMENT
2023-06-15,DEMO_MINE,SYN_MINE_01,1545.3,463.4,0.2958,7.29,6.793,2.216,0.184,11.14,0.0,0.8378,0.46,0.323,39.57,IMD gridded 0.25deg (REAL_GOVERNMENT),SYNTHETIC,REAL_GOVERNMENT
2023-06-16,DEMO_MINE,SYN_MINE_01,1545.3,1197.0,0.6931,6.138,0.0,0.822,0.212,12.11,0.13,0.8718,3.44,0.303,40.23,IMD gridded 0.25deg (REAL_GOVERNMENT),SYNTHETIC,REAL_GOVERNMENT
2023-06-17,DEMO_MINE,SYN_MINE_01,1545.3,1510.4,1.0,0.0,0.0,0.799,0.43,10.58,2.352,0.9115,0.0,0.289,39.68,IMD gridded 0.25deg (REAL_GOVERNMENT),SYNTHETIC,REAL_GOVERNMENT
2023-06-18,DEMO_MINE,SYN_MINE_01,1313.5,1336.5,1.0,0.0,0.0,0.0,0.023,12.03,0.334,0.6843,0.0,0.279,38.73,IMD gridded 0.25deg (REAL_GOVERNMENT),SYNTHETIC,REAL_GOVERNMENT
2023-06-19,DEMO_MINE,SYN_MINE_01,1545.3,1646.3,1.0,0.0,0.0,1.022,0.05,11.51,1.016,0.88,0.0,0.276,38.65,IMD gridded 0.25deg (REAL_GOVERNMENT),SYNTHETIC,REAL_GOVERNMENT
2023-06-20,DEMO_MINE,SYN_MINE_01,1545.3,814.5,0.5263,9.474,0.0,1.531,0.293,12.37,0.0,0.825,0.0,0.265,38.61,IMD gridded 0.25deg (REAL_GOVERNMENT),SYNTHETIC,REAL_GOVERNMENT
2023-06-21,DEMO_MINE,SYN_MINE_01,1545.3,531.6,0.3282,13.437,0.0,1.623,0.276,11.3,0.0,0.8744,0.0,0.281,38.33,IMD gridded 0.25deg (REAL_GOVERNMENT),SYNTHETIC,REAL_GOVERNMENT
2023-06-22,DEMO_MINE,SYN_MINE_01,1545.3,1487.8,0.9446,1.108,0.0,0.898,0.259,11.1,0.756,0.862,0.91,0.325,35.03,IMD gridded 0.25deg (REAL_GOVERNMENT),SYNTHETIC,REAL_GOVERNMENT
2023-06-23,DEMO_MINE,SYN_MINE_01,1545.3,1051.7,0.6516,6.967,0.0,0.0,0.195,10.45,0.817,0.8973,4.73,0.419,29.71,IMD gridded 0.25deg (REAL_GOVERNMENT),SYNTHETIC,REAL_GOVERNMENT
2023-06-24,DEMO_MINE,SYN_MINE_01,1545.3,1243.9,1.0,0.0,0.0,3.239,0.0,11.37,4.172,0.818,22.82,0.446,32.69,IMD gridded 0.25deg (REAL_GOVERNMENT),SYNTHETIC,REAL_GOVERNMENT
2023-06-25,DEMO_MINE,SYN_MINE_01,1313.5,1133.0,1.0,0.0,0.0,0.0,0.182,10.84,3.036,0.7301,0.0,0.432,33.23,IMD gridded 0.25deg (REAL_GOVERNMENT),SYNTHETIC,REAL_GOVERNMENT
2023-06-26,DEMO_MINE,SYN_MINE_01,1545.3,1188.3,1.0,0.0,0.0,0.908,0.191,11.66,4.877,0.86,6.52,0.507,26.85,IMD gridded 0.25deg (REAL_GOVERNMENT),SYNTHETIC,REAL_GOVERNMENT
2023-06-27,DEMO_MINE,SYN_MINE_01,1545.3,1002.7,0.8883,1.803,0.0,2.845,0.0,10.47,6.122,0.8915,62.8,0.508,27.12,IMD gridded 0.25deg (REAL_GOVERNMENT),SYNTHETIC,REAL_GOVERNMENT
2023-06-28,DEMO_MINE,SYN_MINE_01,1545.3,982.2,0.7949,4.103,0.0,1.667,0.164,10.85,3.806,0.8653,60.41,0.507,27.71,IMD gridded 0.25deg (REAL_GOVERNMENT),SYNTHETIC,REAL_GOVERNMENT
2023-06-29,DEMO_MINE,SYN_MINE_01,1545.3,1206.3,0.927,1.46,0.0,0.67,0.314,11.46,3.706,0.8861,4.28,0.499,30.26,IMD gridded 0.25deg (REAL_GOVERNMENT),SYNTHETIC,REAL_GOVERNMENT
2023-06-30,DEMO_MINE,SYN_MINE_01,1545.3,863.5,1.0,0.0,0.0,1.438,0.183,11.02,5.905,0.6365,8.7,0.481,30.47,IMD gridded 0.25deg (REAL_GOVERNMENT),SYNTHETIC,REAL_GOVERNMENT
2023-07-01,DEMO_MINE,SYN_MINE_01,1390.8,1275.1,1.0,0.0,0.0,1.694,0.179,11.39,3.945,0.8597,0.82,0.468,30.7,IMD gridded 0.25deg (REAL_GOVERNMENT),SYNTHETIC,REAL_GOVERNMENT
2023-07-02,DEMO_MINE,SYN_MINE_01,1182.2,1162.3,0.9523,0.955,0.0,2.892,0.015,11.88,1.832,0.7201,0.0,0.456,31.46,IMD gridded 0.25deg (REAL_GOVERNMENT),SYNTHETIC,REAL_GOVERNMENT
2023-07-03,DEMO_MINE,SYN_MINE_01,1390.8,556.2,0.325,10.0,3.5,1.734,0.149,10.77,0.0,0.9016,2.62,0.449,34.53,IMD gridded 0.25deg (REAL_GOVERNMENT),SYNTHETIC,REAL_GOVERNMENT
2023-07-04,DEMO_MINE,SYN_MINE_01,1390.8,1083.4,0.7183,5.633,0.0,1.114,0.068,10.73,1.242,0.8524,0.0,0.478,35.25,IMD gridded 0.25deg (REAL_GOVERNMENT),SYNTHETIC,REAL_GOVERNMENT
2023-07-05,DEMO_MINE,SYN_MINE_01,1390.8,1000.0,0.7007,5.986,0.0,0.693,0.309,10.62,1.356,0.8505,8.09,0.467,33.1,IMD gridded 0.25deg (REAL_GOVERNMENT),SYNTHETIC,REAL_GOVERNMENT
2023-07-06,DEMO_MINE,SYN_MINE_01,1390.8,1188.4,0.825,0.0,3.5,0.0,0.132,12.11,2.881,0.9058,1.86,0.495,32.94,IMD gridded 0.25deg (REAL_GOVERNMENT),SYNTHETIC,REAL_GOVERNMENT
2023-07-07,DEMO_MINE,SYN_MINE_01,1390.8,1174.5,0.8303,3.395,0.0,1.891,0.092,12.66,3.321,0.9162,32.43,0.508,30.05,IMD gridded 0.25deg (REAL_GOVERNMENT),SYNTHETIC,REAL_GOVERNMENT
2023-07-08,DEMO_MINE,SYN_MINE_01,1390.8,1180.7,1.0,0.0,0.0,0.29,0.042,12.16,4.089,0.7961,9.03,0.504,30.57,IMD gridded 0.25deg (REAL_GOVERNMENT),SYNTHETIC,REAL_GOVERNMENT
2023-07-09,DEMO_MINE,SYN_MINE_01,1182.2,637.6,1.0,0.0,0.0,3.382,0.153,11.5,7.333,0.5655,78.69,0.503,28.49,IMD gridded 0.25deg (REAL_GOVERNMENT),SYNTHETIC,REAL_GOVERNMENT
2023-07-10,DEMO_MINE,SYN_MINE_01,1390.8,1102.7,1.0,0.0,0.0,1.667,0.018,11.2,5.423,0.8259,21.03,0.498,30.85,IMD gridded 0.25deg (REAL_GOVERNMENT),SYNTHETIC,REAL_GOVERNMENT
2023-07-11,DEMO_MINE,SYN_MINE_01,1390.8,1280.8,1.0,0.0,0.0,0.0,0.023,12.2,3.847,0.852,1.41,0.497,28.31,IMD gridded 0.25deg (REAL_GOVERNMENT),SYNTHETIC,REAL_GOVERNMENT
2023-07-12,DEMO_MINE,SYN_MINE_01,1390.8,1270.5,1.0,0.0,0.0,1.832,0.236,12.28,3.915,0.8547,1.63,0.503,28.93,IMD gridded 0.25deg (REAL_GOVERNMENT),SYNTHETIC,REAL_GOVERNMENT
2023-07-13,DEMO_MINE,SYN_MINE_01,1390.8,1258.4,1.0,0.0,0.0,1.244,0.075,11.94,4.201,0.8448,4.6,0.496,30.29,IMD gridded 0.25deg (REAL_GOVERNMENT),SYNTHETIC,REAL_GOVERNMENT
2023-07-14,DEMO_MINE,SYN_MINE_01,1390.8,1391.5,1.0,0.0,0.0,0.0,0.0,12.38,4.297,0.8974,8.17,0.504,30.09,IMD gridded 0.25deg (REAL_GOVERNMENT),SYNTHETIC,REAL_GOVERNMENT
2023-07-15,DEMO_MINE,SYN_MINE_01,1390.8,1222.0,1.0,0.0,0.0,0.0,0.098,12.2,4.096,0.8394,3.2,0.507,28.14,IMD gridded 0.25deg (REAL_GOVERNMENT),SYNTHETIC,REAL_GOVERNMENT
2023-07-16,DEMO_MINE,SYN_MINE_01,1182.2,609.3,0.8252,3.496,0.0,3.219,0.13,11.79,5.158,0.5736,77.64,0.508,28.13,IMD gridded 0.25deg (REAL_GOVERNMENT),SYNTHETIC,REAL_GOVERNMENT
2023-07-17,DEMO_MINE,SYN_MINE_01,1390.8,1026.7,0.7078,5.845,0.0,1.667,0.015,11.06,1.551,0.8476,29.15,0.502,28.15,IMD gridded 0.25deg (REAL_GOVERNMENT),SYNTHETIC,REAL_GOVERNMENT
2023-07-18,DEMO_MINE,SYN_MINE_01,1390.8,1032.8,0.8392,3.217,0.0,1.889,0.054,10.29,4.041,0.8785,7.99,0.507,28.81,IMD gridded 0.25deg (REAL_GOVERNMENT),SYNTHETIC,REAL_GOVERNMENT
2023-07-19,DEMO_MINE,SYN_MINE_01,1390.8,455.8,0.8797,2.405,0.0,4.825,0.037,10.75,7.623,0.3804,35.77,0.503,30.2,IMD gridded 0.25deg (REAL_GOVERNMENT),SYNTHETIC,REAL_GOVERNMENT
2023-07-20,DEMO_MINE,SYN_MINE_01,1390.8,1325.8,1.0,0.0,0.0,0.0,0.074,12.42,3.941,0.8807,2.94,0.503,30.74,IMD gridded 0.25deg (REAL_GOVERNMENT),SYNTHETIC,REAL_GOVERNMENT
2023-07-21,DEMO_MINE,SYN_MINE_01,1390.8,971.7,0.825,0.0,3.5,0.517,0.276,11.02,3.222,0.8193,4.11,0.507,30.27,IMD gridded 0.25deg (REAL_GOVERNMENT),SYNTHETIC,REAL_GOVERNMENT
2023-07-22,DEMO_MINE,SYN_MINE_01,1390.8,903.2,0.5823,8.354,0.0,2.534,0.239,11.77,0.74,0.8515,29.54,0.506,28.88,IMD gridded 0.25deg (REAL_GOVERNMENT),SYNTHETIC,REAL_GOVERNMENT
2023-07-23,DEMO_MINE,SYN_MINE_01,1182.2,461.2,0.325,10.0,3.5,0.0,0.137,12.08,0.0,0.752,3.89,0.504,30.01,IMD gridded 0.25deg (REAL_GOVERNMENT),SYNTHETIC,REAL_GOVERNMENT
2023-07-24,DEMO_MINE,SYN_MINE_01,1390.8,931.2,0.5,10.0,0.0,1.269,0.0,11.1,0.0,0.9241,1.35,0.487,31.39,IMD gridded 0.25deg (REAL_GOVERNMENT),SYNTHETIC,REAL_GOVERNMENT
2023-07-25,DEMO_MINE,SYN_MINE_01,1390.8,846.2,0.5,10.0,0.0,1.503,0.132,12.09,0.0,0.8746,1.32,0.482,32.22,IMD gridded 0.25deg (REAL_GOVERNMENT),SYNTHETIC,REAL_GOVERNMENT
2023-07-26,DEMO_MINE,SYN_MINE_01,1390.8,811.0,0.5,10.0,0.0,1.166,0.23,12.83,0.0,0.8511,2.67,0.499,32.69,IMD gridded 0.25deg (REAL_GOVERNMENT),SYNTHETIC,REAL_GOVERNMENT
2023-07-27,DEMO_MINE,SYN_MINE_01,1390.8,1015.3,0.8216,3.568,0.0,1.667,0.043,11.62,3.802,0.8709,31.21,0.497,31.74,IMD gridded 0.25deg (REAL_GOVERNMENT),SYNTHETIC,REAL_GOVERNMENT
2023-07-28,DEMO_MINE,SYN_MINE_01,1390.8,947.2,0.6636,6.488,0.0,2.207,0.164,10.83,2.334,0.9101,71.87,0.502,29.65,IMD gridded 0.25deg (REAL_GOVERNMENT),SYNTHETIC,REAL_GOVERNMENT
2023-07-29,DEMO_MINE,SYN_MINE_01,1390.8,1228.8,1.0,0.0,0.0,0.448,0.078,11.77,4.879,0.8791,18.03,0.488,29.53,IMD gridded 0.25deg (REAL_GOVERNMENT),SYNTHETIC,REAL_GOVERNMENT
2023-07-30,DEMO_MINE,SYN_MINE_01,1182.2,1051.3,1.0,0.0,0.0,2.222,0.56,11.89,3.805,0.7605,5.4,0.495,30.25,IMD gridded 0.25deg (REAL_GOVERNMENT),SYNTHETIC,REAL_GOVERNMENT
2023-07-31,DEMO_MINE,SYN_MINE_01,1390.8,1303.0,0.9085,1.831,0.0,0.0,0.249,11.88,2.886,0.9086,3.42,0.498,30.38,IMD gridded 0.25deg (REAL_GOVERNMENT),SYNTHETIC,REAL_GOVERNMENT
2023-08-01,DEMO_MINE,SYN_MINE_01,1390.8,1312.5,0.9378,1.244,0.0,2.352,0.149,12.57,2.375,0.8324,2.67,0.494,30.15,IMD gridded 0.25deg (REAL_GOVERNMENT),SYNTHETIC,REAL_GOVERNMENT
2023-08-02,DEMO_MINE,SYN_MINE_01,1390.8,1091.1,0.872,2.56,0.0,0.0,0.541,11.31,3.01,0.849,5.99,0.509,27.07,IMD gridded 0.25deg (REAL_GOVERNMENT),SYNTHETIC,REAL_GOVERNMENT
2023-08-03,DEMO_MINE,SYN_MINE_01,1390.8,1129.0,0.836,3.281,0.0,3.058,0.0,12.68,3.16,0.8717,27.2,0.515,25.16,IMD gridded 0.25deg (REAL_GOVERNMENT),SYNTHETIC,REAL_GOVERNMENT
2023-08-04,DEMO_MINE,SYN_MINE_01,1390.8,724.7,0.8533,2.573,0.0,3.529,0.043,11.65,6.171,0.6338,74.2,0.504,26.26,IMD gridded 0.25deg (REAL_GOVERNMENT),SYNTHETIC,REAL_GOVERNMENT
2023-08-05,DEMO_MINE,SYN_MINE_01,1390.8,1230.1,1.0,0.0,0.0,4.064,0.1,12.23,4.385,0.8572,23.87,0.486,28.59,IMD gridded 0.25deg (REAL_GOVERNMENT),SYNTHETIC,REAL_GOVERNMENT
2023-08-06,DEMO_MINE,SYN_MINE_01,1182.2,757.9,0.6608,4.629,0.0,1.797,0.0,11.52,2.398,0.7655,11.93,0.481,28.62,IMD gridded 0.25deg (REAL_GOVERNMENT),SYNTHETIC,REAL_GOVERNMENT
2023-08-07,DEMO_MINE,SYN_MINE_01,1390.8,1162.9,1.0,0.0,0.0,1.345,0.421,11.37,4.529,0.8474,4.17,0.486,29.2,IMD gridded 0.25deg (REAL_GOVERNMENT),SYNTHETIC,REAL_GOVERNMENT
2023-08-08,DEMO_MINE,SYN_MINE_01,1390.8,1344.1,1.0,0.0,0.0,0.712,0.436,12.09,3.197,0.8633,0.68,0.468,29.78,IMD gridded 0.25deg (REAL_GOVERNMENT),SYNTHETIC,REAL_GOVERNMENT
2023-08-09,DEMO_MINE,SYN_MINE_01,1390.8,1195.9,0.825,0.0,3.5,1.884,0.441,11.4,1.612,0.8691,0.0,0.45,29.61,IMD gridded 0.25deg (REAL_GOVERNMENT),SYNTHETIC,REAL_GOVERNMENT
2023-08-10,DEMO_MINE,SYN_MINE_01,1390.8,1307.8,1.0,0.0,0.0,0.98,0.202,11.16,3.381,0.846,0.87,0.439,31.5,IMD gridded 0.25deg (REAL_GOVERNMENT),SYNTHETIC,REAL_GOVERNMENT
2023-08-11,DEMO_MINE,SYN_MINE_01,1390.8,1476.6,1.0,0.0,0.0,0.806,0.208,11.73,2.317,0.8827,0.0,0.424,31.97,IMD gridded 0.25deg (REAL_GOVERNMENT),SYNTHETIC,REAL_GOVERNMENT
2023-08-12,DEMO_MINE,SYN_MINE_01,1390.8,1242.9,0.825,0.0,3.5,1.058,0.268,11.19,1.581,0.8724,0.0,0.396,31.91,IMD gridded 0.25deg (REAL_GOVERNMENT),SYNTHETIC,REAL_GOVERNMENT
2023-08-13,DEMO_MINE,SYN_MINE_01,1182.2,1176.0,0.8229,3.543,0.0,0.0,0.236,11.95,0.476,0.7624,0.0,0.385,30.84,IMD gridded 0.25deg (REAL_GOVERNMENT),SYNTHETIC,REAL_GOVERNMENT
2023-08-14,DEMO_MINE,SYN_MINE_01,1390.8,1497.9,1.0,0.0,0.0,0.0,0.492,12.18,0.653,0.8115,1.95,0.39,30.2,IMD gridded 0.25deg (REAL_GOVERNMENT),SYNTHETIC,REAL_GOVERNMENT
2023-08-15,DEMO_MINE,SYN_MINE_01,1390.8,1596.3,1.0,0.0,0.0,0.097,0.0,12.72,0.0,0.8028,0.32,0.372,30.46,IMD gridded 0.25deg (REAL_GOVERNMENT),SYNTHETIC,REAL_GOVERNMENT
2023-08-16,DEMO_MINE,SYN_MINE_01,1390.8,1620.6,1.0,0.0,0.0,1.078,0.151,11.84,0.859,0.871,1.2,0.361,30.96,IMD gridded 0.25deg (REAL_GOVERNMENT),SYNTHETIC,REAL_GOVERNMENT
2023-08-17,DEMO_MINE,SYN_MINE_01,1390.8,1375.9,1.0,0.0,0.0,1.751,0.287,11.39,2.432,0.8439,3.37,0.414,30.92,IMD gridded 0.25deg (REAL_GOVERNMENT),SYNTHETIC,REAL_GOVERNMENT
2023-08-18,DEMO_MINE,SYN_MINE_01,1390.8,1117.0,1.0,0.0,0.0,4.222,0.13,11.69,6.511,0.9008,46.58,0.51,26.51,IMD gridded 0.25deg (REAL_GOVERNMENT),SYNTHETIC,REAL_GOVERNMENT
2023-08-19,DEMO_MINE,SYN_MINE_01,1390.8,1131.4,1.0,0.0,0.0,2.182,0.089,11.8,4.712,0.8162,13.97,0.506,26.67,IMD gridded 0.25deg (REAL_GOVERNMENT),SYNTHETIC,REAL_GOVERNMENT
2023-08-20,DEMO_MINE,SYN_MINE_01,1182.2,776.6,1.0,0.0,0.0,3.383,0.233,12.71,5.434,0.5676,42.38,0.503,28.15,IMD gridded 0.25deg (REAL_GOVERNMENT),SYNTHETIC,REAL_GOVERNMENT
2023-08-21,DEMO_MINE,SYN_MINE_01,1390.8,1189.5,1.0,0.0,0.0,0.951,0.647,12.24,4.027,0.8477,6.94,0.499,29.52,IMD gridded 0.25deg (REAL_GOVERNMENT),SYNTHETIC,REAL_GOVERNMENT
2023-08-22,DEMO_MINE,SYN_MINE_01,1390.8,1003.7,0.5911,8.178,0.0,0.935,0.092,11.27,0.305,0.906,19.14,0.486,29.01,IMD gridded 0.25deg (REAL_GOVERNMENT),SYNTHETIC,REAL_GOVERNMENT
2023-08-23,DEMO_MINE,SYN_MINE_01,1390.8,1073.8,0.6776,6.449,0.0,1.528,0.073,11.72,1.421,0.9008,0.0,0.487,29.93,IMD gridded 0.25deg (REAL_GOVERNMENT),SYNTHETIC,REAL_GOVERNMENT
2023-08-24,DEMO_MINE,SYN_MINE_01,1390.8,1133.9,1.0,0.0,0.0,2.946,0.128,12.03,5.184,0.8394,34.52,0.5,28.77,IMD gridded 0.25deg (REAL_GOVERNMENT),SYNTHETIC,REAL_GOVERNMENT
2023-08-25,DEMO_MINE,SYN_MINE_01,1390.8,1031.8,0.7414,5.173,0.0,0.757,0.082,11.89,1.31,0.805,0.0,0.479,31.03,IMD gridded 0.25deg (REAL_GOVERNMENT),SYNTHETIC,REAL_GOVERNMENT
2023-08-26,DEMO_MINE,SYN_MINE_01,1390.8,1262.9,1.0,0.0,0.0,0.0,0.468,11.97,3.24,0.8374,2.56,0.467,31.09,IMD gridded 0.25deg (REAL_GOVERNMENT),SYNTHETIC,REAL_GOVERNMENT
2023-08-27,DEMO_MINE,SYN_MINE_01,1182.2,876.7,0.825,0.0,3.5,1.135,0.165,12.37,2.564,0.6064,0.0,0.448,31.21,IMD gridded 0.25deg (REAL_GOVERNMENT),SYNTHETIC,REAL_GOVERNMENT
2023-08-28,DEMO_MINE,SYN_MINE_01,1390.8,1189.6,0.7332,5.336,0.0,0.0,0.064,12.26,0.0,0.8299,0.0,0.432,30.92,IMD gridded 0.25deg (REAL_GOVERNMENT),SYNTHETIC,REAL_GOVERNMENT
2023-08-29,DEMO_MINE,SYN_MINE_01,1390.8,1345.0,0.825,0.0,3.5,0.0,0.291,11.74,0.669,0.8846,0.0,0.426,31.58,IMD gridded 0.25deg (REAL_GOVERNMENT),SYNTHETIC,REAL_GOVERNMENT
2023-08-30,DEMO_MINE,SYN_MINE_01,1390.8,893.6,1.0,0.0,0.0,2.696,0.177,12.24,4.996,0.5108,0.0,0.426,32.58,IMD gridded 0.25deg (REAL_GOVERNMENT),SYNTHETIC,REAL_GOVERNMENT
2023-08-31,DEMO_MINE,SYN_MINE_01,1390.8,1346.2,0.9834,0.332,0.0,1.055,0.541,11.06,2.149,0.8436,0.01,0.407,32.66,IMD gridded 0.25deg (REAL_GOVERNMENT),SYNTHETIC,REAL_GOVERNMENT
2023-09-01,DEMO_MINE,SYN_MINE_01,1390.8,1046.3,0.6775,6.45,0.0,0.0,0.128,11.06,0.923,0.8523,4.77,0.39,33.87,IMD gridded 0.25deg (REAL_GOVERNMENT),SYNTHETIC,REAL_GOVERNMENT
2023-09-02,DEMO_MINE,SYN_MINE_01,1390.8,1352.1,0.8693,2.614,0.0,1.988,0.035,10.61,1.829,0.886,0.0,0.391,34.15,IMD gridded 0.25deg (REAL_GOVERNMENT),SYNTHETIC,REAL_GOVERNMENT
2023-09-03,DEMO_MINE,SYN_MINE_01,1182.2,832.8,0.5836,8.328,0.0,3.658,0.018,12.37,0.0,0.7259,0.0,0.368,33.69,IMD gridded 0.25deg (REAL_GOVERNMENT),SYNTHETIC,REAL_GOVERNMENT
2023-09-04,DEMO_MINE,SYN_MINE_01,1390.8,1119.0,0.7588,4.824,0.0,0.742,0.255,10.68,0.628,0.8117,14.16,0.364,33.17,IMD gridded 0.25deg (REAL_GOVERNMENT),SYNTHETIC,REAL_GOVERNMENT
2023-09-05,DEMO_MINE,SYN_MINE_01,1390.8,1545.2,1.0,0.0,0.0,0.0,0.18,11.54,1.58,0.869,12.49,0.379,32.05,IMD gridded 0.25deg (REAL_GOVERNMENT),SYNTHETIC,REAL_GOVERNMENT
2023-09-06,DEMO_MINE,SYN_MINE_01,1390.8,1116.4,1.0,0.0,0.0,2.136,0.14,11.16,5.891,0.8778,47.13,0.462,29.48,IMD gridded 0.25deg (REAL_GOVERNMENT),SYNTHETIC,REAL_GOVERNMENT
2023-09-07,DEMO_MINE,SYN_MINE_01,1390.8,1175.3,1.0,0.0,0.0,0.0,0.451,12.0,4.235,0.829,17.93,0.484,28.87,IMD gridded 0.25deg (REAL_GOVERNMENT),SYNTHETIC,REAL_GOVERNMENT
2023-09-08,DEMO_MINE,SYN_MINE_01,1390.8,1153.4,1.0,0.0,0.0,0.0,0.36,11.51,5.195,0.8718,15.86,0.496,29.32,IMD gridded 0.25deg (REAL_GOVERNMENT),SYNTHETIC,REAL_GOVERNMENT
2023-09-09,DEMO_MINE,SYN_MINE_01,1390.8,1124.1,0.7524,4.953,0.0,0.0,0.023,12.12,1.353,0.8574,8.96,0.497,28.38,IMD gridded 0.25deg (REAL_GOVERNMENT),SYNTHETIC,REAL_GOVERNMENT
2023-09-10,DEMO_MINE,SYN_MINE_01,1182.2,832.9,0.678,6.44,0.0,0.982,0.001,10.85,1.574,0.739,10.26,0.501,28.24,IMD gridded 0.25deg (REAL_GOVERNMENT),SYNTHETIC,REAL_GOVERNMENT
2023-09-11,DEMO_MINE,SYN_MINE_01,1390.8,561.7,0.9925,0.15,0.0,3.998,0.118,11.37,7.521,0.4405,29.74,0.495,28.6,IMD gridded 0.25deg (REAL_GOVERNMENT),SYNTHETIC,REAL_GOVERNMENT
2023-09-12,DEMO_MINE,SYN_MINE_01,1390.8,922.4,0.6509,6.982,0.0,0.68,0.232,12.35,1.596,0.8634,3.61,0.498,29.15,IMD gridded 0.25deg (REAL_GOVERNMENT),SYNTHETIC,REAL_GOVERNMENT
2023-09-13,DEMO_MINE,SYN_MINE_01,1390.8,1070.7,0.7965,4.07,0.0,0.0,0.117,13.0,1.952,0.8136,10.68,0.5,27.69,IMD gridded 0.25deg (REAL_GOVERNMENT),SYNTHETIC,REAL_GOVERNMENT
2023-09-14,DEMO_MINE,SYN_MINE_01,1390.8,1033.9,0.87,2.6,0.0,1.412,0.124,11.51,3.685,0.8291,7.21,0.504,28.22,IMD gridded 0.25deg (REAL_GOVERNMENT),SYNTHETIC,REAL_GOVERNMENT
2023-09-15,DEMO_MINE,SYN_MINE_01,1390.8,381.3,0.4585,7.33,3.5,4.446,0.0,12.27,4.801,0.4996,179.06,0.505,26.26,IMD gridded 0.25deg (REAL_GOVERNMENT),SYNTHETIC,REAL_GOVERNMENT
2023-09-16,DEMO_MINE,SYN_MINE_01,1390.8,710.9,0.6344,7.312,0.0,3.188,0.075,10.93,3.097,0.6747,25.86,0.489,27.73,IMD gridded 0.25deg (REAL_GOVERNMENT),SYNTHETIC,REAL_GOVERNMENT
2023-09-17,DEMO_MINE,SYN_MINE_01,1182.2,927.8,0.8466,3.068,0.0,0.0,0.09,11.75,1.952,0.6693,1.98,0.474,30.08,IMD gridded 0.25deg (REAL_GOVERNMENT),SYNTHETIC,REAL_GOVERNMENT
2023-09-18,DEMO_MINE,SYN_MINE_01,1390.8,864.6,0.5503,8.993,0.0,0.0,0.405,11.47,0.0,0.8484,0.0,0.451,31.76,IMD gridded 0.25deg (REAL_GOVERNMENT),SYNTHETIC,REAL_GOVERNMENT
2023-09-19,DEMO_MINE,SYN_MINE_01,1390.8,1056.8,0.7947,4.106,0.0,1.244,0.0,10.49,2.476,0.8391,0.0,0.443,32.22,IMD gridded 0.25deg (REAL_GOVERNMENT),SYNTHETIC,REAL_GOVERNMENT
2023-09-20,DEMO_MINE,SYN_MINE_01,1390.8,1226.0,1.0,0.0,0.0,0.965,0.179,11.18,4.124,0.8319,0.0,0.472,31.85,IMD gridded 0.25deg (REAL_GOVERNMENT),SYNTHETIC,REAL_GOVERNMENT
2023-09-21,DEMO_MINE,SYN_MINE_01,1390.8,1178.2,0.825,0.0,3.5,0.0,0.288,12.33,2.515,0.9047,14.63,0.503,30.32,IMD gridded 0.25deg (REAL_GOVERNMENT),SYNTHETIC,REAL_GOVERNMENT
2023-09-22,DEMO_MINE,SYN_MINE_01,1390.8,1274.9,1.0,0.0,0.0,2.506,0.177,11.63,5.48,0.923,15.08,0.502,28.96,IMD gridded 0.25deg (REAL_GOVERNMENT),SYNTHETIC,REAL_GOVERNMENT
2023-09-23,DEMO_MINE,SYN_MINE_01,1390.8,1050.1,1.0,0.0,0.0,1.667,0.0,12.33,6.863,0.8729,89.43,0.508,29.67,IMD gridded 0.25deg (REAL_GOVERNMENT),SYNTHETIC,REAL_GOVERNMENT
2023-09-24,DEMO_MINE,SYN_MINE_01,1182.2,1136.3,1.0,0.0,0.0,1.641,0.088,12.23,3.273,0.7347,0.3,0.5,30.94,IMD gridded 0.25deg (REAL_GOVERNMENT),SYNTHETIC,REAL_GOVERNMENT
2023-09-25,DEMO_MINE,SYN_MINE_01,1390.8,1212.0,1.0,0.0,0.0,0.0,0.288,11.06,4.717,0.8599,0.0,0.484,31.12,IMD gridded 0.25deg (REAL_GOVERNMENT),SYNTHETIC,REAL_GOVERNMENT
2023-09-26,DEMO_MINE,SYN_MINE_01,1390.8,1254.2,0.9327,1.346,0.0,0.0,0.374,12.03,2.302,0.8384,0.0,0.471,32.46,IMD gridded 0.25deg (REAL_GOVERNMENT),SYNTHETIC,REAL_GOVERNMENT
2023-09-27,DEMO_MINE,SYN_MINE_01,1390.8,1243.5,0.884,2.32,0.0,0.723,0.402,12.65,1.863,0.8551,7.65,0.47,32.23,IMD gridded 0.25deg (REAL_GOVERNMENT),SYNTHETIC,REAL_GOVERNMENT
2023-09-28,DEMO_MINE,SYN_MINE_01,1390.8,1191.5,1.0,0.0,0.0,0.779,0.0,10.77,4.269,0.815,0.0,0.462,32.77,IMD gridded 0.25deg (REAL_GOVERNMENT),SYNTHETIC,REAL_GOVERNMENT
2023-09-29,DEMO_MINE,SYN_MINE_01,1390.8,961.6,0.7125,5.75,0.0,0.0,0.127,11.42,1.755,0.8189,0.0,0.475,31.87,IMD gridded 0.25deg (REAL_GOVERNMENT),SYNTHETIC,REAL_GOVERNMENT
2023-09-30,DEMO_MINE,SYN_MINE_01,1390.8,965.9,0.622,7.561,0.0,0.84,0.379,12.1,0.261,0.8462,4.95,0.441,31.1,IMD gridded 0.25deg (REAL_GOVERNMENT),SYNTHETIC,REAL_GOVERNMENT
2023-10-01,DEMO_MINE,SYN_MINE_01,1313.5,1098.3,0.9022,1.845,0.0,0.0,0.284,10.44,2.222,0.7567,0.46,0.423,31.62,IMD gridded 0.25deg (REAL_GOVERNMENT),SYNTHETIC,REAL_GOVERNMENT
2023-10-02,DEMO_MINE,SYN_MINE_01,1545.3,802.3,0.5126,6.248,3.5,0.0,0.313,12.19,0.0,0.8369,1.77,0.407,32.04,IMD gridded 0.25deg (REAL_GOVERNMENT),SYNTHETIC,REAL_GOVERNMENT
2023-10-03,DEMO_MINE,SYN_MINE_01,1545.3,1321.1,0.9873,0.254,0.0,2.211,0.365,10.39,2.96,0.86,12.31,0.383,31.96,IMD gridded 0.25deg (REAL_GOVERNMENT),SYNTHETIC,REAL_GOVERNMENT
2023-10-04,DEMO_MINE,SYN_MINE_01,1545.3,1713.6,1.0,0.0,0.0,0.645,0.0,12.6,0.033,0.8562,0.0,0.368,32.53,IMD gridded 0.25deg (REAL_GOVERNMENT),SYNTHETIC,REAL_GOVERNMENT
2023-10-05,DEMO_MINE,SYN_MINE_01,1545.3,1481.0,1.0,0.0,0.0,0.0,0.452,10.33,2.648,0.9206,0.0,0.357,32.58,IMD gridded 0.25deg (REAL_GOVERNMENT),SYNTHETIC,REAL_GOVERNMENT
2023-10-06,DEMO_MINE,SYN_MINE_01,1545.3,1548.4,1.0,0.0,0.0,0.0,0.191,11.33,1.012,0.8575,0.0,0.341,33.29,IMD gridded 0.25deg (REAL_GOVERNMENT),SYNTHETIC,REAL_GOVERNMENT
2023-10-07,DEMO_MINE,SYN_MINE_01,1545.3,1553.7,1.0,0.0,0.0,2.142,0.552,12.33,0.039,0.82,0.0,0.327,33.61,IMD gridded 0.25deg (REAL_GOVERNMENT),SYNTHETIC,REAL_GOVERNMENT
2023-10-08,DEMO_MINE,SYN_MINE_01,1313.5,1205.7,0.825,0.0,3.5,0.0,0.0,12.05,0.219,0.7532,0.0,0.313,33.94,IMD gridded 0.25deg (REAL_GOVERNMENT),SYNTHETIC,REAL_GOVERNMENT
2023-10-09,DEMO_MINE,SYN_MINE_01,1545.3,1617.5,1.0,0.0,0.0,1.792,0.413,12.2,0.467,0.8756,0.0,0.301,33.82,IMD gridded 0.25deg (REAL_GOVERNMENT),SYNTHETIC,REAL_GOVERNMENT
2023-10-10,DEMO_MINE,SYN_MINE_01,1545.3,1619.0,1.0,0.0,0.0,0.853,0.189,12.02,0.54,0.8698,0.0,0.288,33.91,IMD gridded 0.25deg (REAL_GOVERNMENT),SYNTHETIC,REAL_GOVERNMENT
2023-10-11,DEMO_MINE,SYN_MINE_01,1545.3,1592.0,1.0,0.0,0.0,0.823,0.062,10.96,1.718,0.8948,0.0,0.283,33.96,IMD gridded 0.25deg (REAL_GOVERNMENT),SYNTHETIC,REAL_GOVERNMENT
2023-10-12,DEMO_MINE,SYN_MINE_01,1545.3,1537.2,1.0,0.0,0.0,0.0,0.415,11.6,1.251,0.8691,0.0,0.286,33.63,IMD gridded 0.25deg (REAL_GOVERNMENT),SYNTHETIC,REAL_GOVERNMENT
2023-10-13,DEMO_MINE,SYN_MINE_01,1545.3,1647.2,1.0,0.0,0.0,0.0,0.0,11.71,1.02,0.8751,0.0,0.281,33.69,IMD gridded 0.25deg (REAL_GOVERNMENT),SYNTHETIC,REAL_GOVERNMENT
2023-10-14,DEMO_MINE,SYN_MINE_01,1545.3,1662.2,1.0,0.0,0.0,1.625,0.0,11.84,0.358,0.8616,0.0,0.277,33.9,IMD gridded 0.25deg (REAL_GOVERNMENT),SYNTHETIC,REAL_GOVERNMENT
2023-10-15,DEMO_MINE,SYN_MINE_01,1313.5,1312.3,1.0,0.0,0.0,1.727,0.211,11.84,0.684,0.7193,0.0,0.279,33.52,IMD gridded 0.25deg (REAL_GOVERNMENT),SYNTHETIC,REAL_GOVERNMENT
2023-10-16,DEMO_MINE,SYN_MINE_01,1545.3,1602.8,1.0,0.0,0.0,1.237,0.7,12.44,0.042,0.8533,0.0,0.285,33.56,IMD gridded 0.25deg (REAL_GOVERNMENT),SYNTHETIC,REAL_GOVERNMENT
2023-10-17,DEMO_MINE,SYN_MINE_01,1545.3,1676.8,1.0,0.0,0.0,0.0,0.073,12.53,0.113,0.8736,0.0,0.285,31.86,IMD gridded 0.25deg (REAL_GOVERNMENT),SYNTHETIC,REAL_GOVERNMENT
2023-10-18,DEMO_MINE,SYN_MINE_01,1545.3,1228.2,0.7807,0.887,3.5,0.229,0.18,11.14,0.608,0.8639,0.0,0.282,32.24,IMD gridded 0.25deg (REAL_GOVERNMENT),SYNTHETIC,REAL_GOVERNMENT
2023-10-19,DEMO_MINE,SYN_MINE_01,1545.3,542.4,0.3365,13.27,0.0,1.549,0.128,12.23,0.0,0.8526,0.0,0.271,32.02,IMD gridded 0.25deg (REAL_GOVERNMENT),SYNTHETIC,REAL_GOVERNMENT
2023-10-20,DEMO_MINE,SYN_MINE_01,1545.3,827.4,0.5,10.0,0.0,1.272,0.112,12.81,0.0,0.8533,0.15,0.265,31.51,IMD gridded 0.25deg (REAL_GOVERNMENT),SYNTHETIC,REAL_GOVERNMENT
2023-10-21,DEMO_MINE,SYN_MINE_01,1545.3,1295.0,0.8373,3.255,0.0,1.232,0.457,12.03,0.033,0.8239,0.0,0.261,31.73,IMD gridded 0.25deg (REAL_GOVERNMENT),SYNTHETIC,REAL_GOVERNMENT
2023-10-22,DEMO_MINE,SYN_MINE_01,1313.5,1398.2,1.0,0.0,0.0,1.202,0.509,12.27,0.077,0.7483,0.0,0.263,31.71,IMD gridded 0.25deg (REAL_GOVERNMENT),SYNTHETIC,REAL_GOVERNMENT
2023-10-23,DEMO_MINE,SYN_MINE_01,1545.3,1469.6,0.9732,0.536,0.0,1.825,0.536,12.55,0.177,0.8134,0.0,0.258,30.27,IMD gridded 0.25deg (REAL_GOVERNMENT),SYNTHETIC,REAL_GOVERNMENT
2023-10-24,DEMO_MINE,SYN_MINE_01,1545.3,1214.5,0.7387,5.226,0.0,0.0,0.045,12.47,0.0,0.8261,0.0,0.252,30.61,IMD gridded 0.25deg (REAL_GOVERNMENT),SYNTHETIC,REAL_GOVERNMENT
2023-10-25,DEMO_MINE,SYN_MINE_01,1545.3,1268.4,0.825,0.0,3.5,0.0,0.55,11.33,0.213,0.8381,0.0,0.253,31.01,IMD gridded 0.25deg (REAL_GOVERNMENT),SYNTHETIC,REAL_GOVERNMENT
2023-10-26,DEMO_MINE,SYN_MINE_01,1545.3,1670.6,1.0,0.0,0.0,0.0,0.096,11.97,0.481,0.8828,0.0,0.255,30.99,IMD gridded 0.25deg (REAL_GOVERNMENT),SYNTHETIC,REAL_GOVERNMENT
2023-10-27,DEMO_MINE,SYN_MINE_01,1545.3,1590.1,1.0,0.0,0.0,0.0,0.0,11.39,0.963,0.8464,0.0,0.259,31.36,IMD gridded 0.25deg (REAL_GOVERNMENT),SYNTHETIC,REAL_GOVERNMENT
2023-10-28,DEMO_MINE,SYN_MINE_01,1545.3,1455.7,0.8901,2.197,0.0,0.188,0.069,11.33,1.294,0.894,0.0,0.26,31.0,IMD gridded 0.25deg (REAL_GOVERNMENT),SYNTHETIC,REAL_GOVERNMENT
2023-10-29,DEMO_MINE,SYN_MINE_01,1313.5,1363.0,0.9848,0.305,0.0,1.388,0.171,12.58,0.017,0.7174,0.0,0.255,30.97,IMD gridded 0.25deg (REAL_GOVERNMENT),SYNTHETIC,REAL_GOVERNMENT
2023-10-30,DEMO_MINE,SYN_MINE_01,1545.3,1401.8,0.8623,2.754,0.0,0.0,0.104,12.24,0.439,0.8583,0.0,0.255,31.16,IMD gridded 0.25deg (REAL_GOVERNMENT),SYNTHETIC,REAL_GOVERNMENT
2023-10-31,DEMO_MINE,SYN_MINE_01,1545.3,1664.3,0.9282,1.433,0.0,0.0,0.101,11.92,0.0,0.906,0.0,0.254,30.85,IMD gridded 0.25deg (REAL_GOVERNMENT),SYNTHETIC,REAL_GOVERNMENT
2023-11-01,DEMO_MINE,SYN_MINE_01,1545.3,1463.7,1.0,0.0,0.0,1.504,0.331,10.91,1.786,0.8625,0.0,0.255,30.31,IMD gridded 0.25deg (REAL_GOVERNMENT),SYNTHETIC,REAL_GOVERNMENT
2023-11-02,DEMO_MINE,SYN_MINE_01,1545.3,1533.4,0.8909,1.781,0.0,1.999,0.111,12.11,0.0,0.8961,0.0,0.264,30.86,IMD gridded 0.25deg (REAL_GOVERNMENT),SYNTHETIC,REAL_GOVERNMENT
2023-11-03,DEMO_MINE,SYN_MINE_01,1545.3,1625.1,1.0,0.0,0.0,1.312,0.168,11.74,0.646,0.8654,0.0,0.261,30.84,IMD gridded 0.25deg (REAL_GOVERNMENT),SYNTHETIC,REAL_GOVERNMENT
2023-11-04,DEMO_MINE,SYN_MINE_01,1545.3,1690.7,1.0,0.0,0.0,0.0,0.066,13.0,0.0,0.8717,0.0,0.265,31.38,IMD gridded 0.25deg (REAL_GOVERNMENT),SYNTHETIC,REAL_GOVERNMENT
2023-11-05,DEMO_MINE,SYN_MINE_01,1313.5,1104.0,0.825,0.0,3.5,0.0,0.292,11.4,0.06,0.7137,0.0,0.268,31.66,IMD gridded 0.25deg (REAL_GOVERNMENT),SYNTHETIC,REAL_GOVERNMENT
2023-11-06,DEMO_MINE,SYN_MINE_01,1545.3,1739.0,1.0,0.0,0.0,1.197,0.0,12.61,0.0,0.8708,0.0,0.288,31.27,IMD gridded 0.25deg (REAL_GOVERNMENT),SYNTHETIC,REAL_GOVERNMENT
2023-11-07,DEMO_MINE,SYN_MINE_01,1545.3,1726.4,1.0,0.0,0.0,0.516,0.0,12.55,0.0,0.8679,0.0,0.284,31.47,IMD gridded 0.25deg (REAL_GOVERNMENT),SYNTHETIC,REAL_GOVERNMENT
2023-11-08,DEMO_MINE,SYN_MINE_01,1545.3,1739.8,1.0,0.0,0.0,1.065,0.397,12.28,0.159,0.9259,0.0,0.275,31.96,IMD gridded 0.25deg (REAL_GOVERNMENT),SYNTHETIC,REAL_GOVERNMENT
2023-11-09,DEMO_MINE,SYN_MINE_01,1545.3,1560.6,1.0,0.0,0.0,3.065,0.032,11.65,0.551,0.8253,0.0,0.269,31.88,IMD gridded 0.25deg (REAL_GOVERNMENT),SYNTHETIC,REAL_GOVERNMENT
2023-11-10,DEMO_MINE,SYN_MINE_01,1545.3,1359.3,0.825,0.0,3.5,2.556,0.667,12.44,0.0,0.8909,0.0,0.272,32.17,IMD gridded 0.25deg (REAL_GOVERNMENT),SYNTHETIC,REAL_GOVERNMENT
2023-11-11,DEMO_MINE,SYN_MINE_01,1545.3,1675.6,1.0,0.0,0.0,3.729,0.296,12.69,0.0,0.8591,0.0,0.272,32.26,IMD gridded 0.25deg (REAL_GOVERNMENT),SYNTHETIC,REAL_GOVERNMENT
2023-11-12,DEMO_MINE,SYN_MINE_01,1313.5,1064.0,0.7405,5.19,0.0,0.101,0.0,11.22,0.502,0.7488,0.0,0.274,31.02,IMD gridded 0.25deg (REAL_GOVERNMENT),SYNTHETIC,REAL_GOVERNMENT
2023-11-13,DEMO_MINE,SYN_MINE_01,1545.3,1267.7,0.8538,2.273,0.0,0.0,0.219,10.97,1.128,0.8269,0.0,0.271,30.67,IMD gridded 0.25deg (REAL_GOVERNMENT),SYNTHETIC,REAL_GOVERNMENT
2023-11-14,DEMO_MINE,SYN_MINE_01,1545.3,1553.6,1.0,0.0,0.0,4.059,0.357,12.32,0.302,0.8149,0.0,0.276,30.31,IMD gridded 0.25deg (REAL_GOVERNMENT),SYNTHETIC,REAL_GOVERNMENT
2023-11-15,DEMO_MINE,SYN_MINE_01,1545.3,1471.4,0.9136,0.542,0.0,0.706,0.073,12.03,0.778,0.8704,0.0,0.274,29.77,IMD gridded 0.25deg (REAL_GOVERNMENT),SYNTHETIC,REAL_GOVERNMENT
2023-11-16,DEMO_MINE,SYN_MINE_01,1545.3,1699.3,1.0,0.0,0.0,0.0,0.223,11.64,0.635,0.9029,0.0,0.273,29.01,IMD gridded 0.25deg (REAL_GOVERNMENT),SYNTHETIC,REAL_GOVERNMENT
2023-11-17,DEMO_MINE,SYN_MINE_01,1545.3,1163.9,0.6908,6.185,0.0,0.971,0.096,12.36,0.0,0.8701,0.0,0.27,29.43,IMD gridded 0.25deg (REAL_GOVERNMENT),SYNTHETIC,REAL_GOVERNMENT
2023-11-18,DEMO_MINE,SYN_MINE_01,1545.3,1658.7,1.0,0.0,0.0,0.0,0.559,12.08,0.372,0.9051,0.0,0.262,30.72,IMD gridded 0.25deg (REAL_GOVERNMENT),SYNTHETIC,REAL_GOVERNMENT
2023-11-19,DEMO_MINE,SYN_MINE_01,1313.5,1360.2,1.0,0.0,0.0,0.0,0.046,11.75,0.608,0.7299,0.0,0.258,30.62,IMD gridded 0.25deg (REAL_GOVERNMENT),SYNTHETIC,REAL_GOVERNMENT
2023-11-20,DEMO_MINE,SYN_MINE_01,1545.3,1458.6,1.0,0.0,0.0,0.0,0.184,10.94,1.779,0.8406,0.0,0.252,30.5,IMD gridded 0.25deg (REAL_GOVERNMENT),SYNTHETIC,REAL_GOVERNMENT
2023-11-21,DEMO_MINE,SYN_MINE_01,1545.3,1379.1,0.8383,0.0,3.235,1.579,0.409,12.35,0.03,0.877,0.0,0.248,29.92,IMD gridded 0.25deg (REAL_GOVERNMENT),SYNTHETIC,REAL_GOVERNMENT
2023-11-22,DEMO_MINE,SYN_MINE_01,1545.3,1644.4,1.0,0.0,0.0,0.0,0.081,12.12,0.199,0.8318,0.0,0.248,29.6,IMD gridded 0.25deg (REAL_GOVERNMENT),SYNTHETIC,REAL_GOVERNMENT
2023-11-23,DEMO_MINE,SYN_MINE_01,1545.3,1635.2,1.0,0.0,0.0,1.5,0.262,11.73,0.538,0.8856,0.0,0.249,29.49,IMD gridded 0.25deg (REAL_GOVERNMENT),SYNTHETIC,REAL_GOVERNMENT
2023-11-24,DEMO_MINE,SYN_MINE_01,1545.3,1028.5,0.6176,7.648,0.0,0.786,0.128,12.72,0.0,0.8697,0.0,0.249,28.82,IMD gridded 0.25deg (REAL_GOVERNMENT),SYNTHETIC,REAL_GOVERNMENT
2023-11-25,DEMO_MINE,SYN_MINE_01,1545.3,1361.9,0.7755,4.49,0.0,1.745,0.033,11.66,0.0,0.8989,0.0,0.249,29.2,IMD gridded 0.25deg (REAL_GOVERNMENT),SYNTHETIC,REAL_GOVERNMENT
2023-11-26,DEMO_MINE,SYN_MINE_01,1313.5,1263.7,1.0,0.0,0.0,0.0,0.288,12.79,0.0,0.6681,0.0,0.248,28.4,IMD gridded 0.25deg (REAL_GOVERNMENT),SYNTHETIC,REAL_GOVERNMENT
2023-11-27,DEMO_MINE,SYN_MINE_01,1545.3,1594.2,1.0,0.0,0.0,0.964,0.0,12.01,0.363,0.827,0.0,0.25,22.98,IMD gridded 0.25deg (REAL_GOVERNMENT),SYNTHETIC,REAL_GOVERNMENT
2023-11-28,DEMO_MINE,SYN_MINE_01,1545.3,1291.3,0.825,0.0,3.5,2.018,0.105,10.97,0.958,0.8487,2.81,0.294,20.6,IMD gridded 0.25deg (REAL_GOVERNMENT),SYNTHETIC,REAL_GOVERNMENT
2023-11-29,DEMO_MINE,SYN_MINE_01,1545.3,1501.1,1.0,0.0,0.0,0.656,0.197,11.44,2.54,0.907,11.7,0.402,26.65,IMD gridded 0.25deg (REAL_GOVERNMENT),SYNTHETIC,REAL_GOVERNMENT
2023-11-30,DEMO_MINE,SYN_MINE_01,1545.3,1290.0,0.7659,4.681,0.0,0.0,0.115,11.84,0.793,0.9078,0.0,0.415,26.75,IMD gridded 0.25deg (REAL_GOVERNMENT),SYNTHETIC,REAL_GOVERNMENT
2023-12-01,DEMO_MINE,SYN_MINE_01,1545.3,1619.9,1.0,0.0,0.0,1.158,0.425,11.82,0.833,0.899,0.0,0.386,25.17,IMD gridded 0.25deg (REAL_GOVERNMENT),SYNTHETIC,REAL_GOVERNMENT
2023-12-02,DEMO_MINE,SYN_MINE_01,1545.3,1450.9,1.0,0.0,0.0,0.0,0.271,10.61,2.062,0.8525,0.0,0.371,28.06,IMD gridded 0.25deg (REAL_GOVERNMENT),SYNTHETIC,REAL_GOVERNMENT
2023-12-03,DEMO_MINE,SYN_MINE_01,1313.5,1252.8,1.0,0.0,0.0,1.745,0.091,11.42,1.053,0.7058,0.0,0.353,28.66,IMD gridded 0.25deg (REAL_GOVERNMENT),SYNTHETIC,REAL_GOVERNMENT
2023-12-04,DEMO_MINE,SYN_MINE_01,1545.3,1292.2,0.7943,4.114,0.0,0.119,0.0,11.53,0.3,0.8251,0.0,0.339,27.93,IMD gridded 0.25deg (REAL_GOVERNMENT),SYNTHETIC,REAL_GOVERNMENT
2023-12-05,DEMO_MINE,SYN_MINE_01,1545.3,1510.8,1.0,0.0,0.0,0.366,0.324,12.35,0.082,0.8028,0.55,0.356,26.15,IMD gridded 0.25deg (REAL_GOVERNMENT),SYNTHETIC,REAL_GOVERNMENT
2023-12-06,DEMO_MINE,SYN_MINE_01,1545.3,1298.9,1.0,0.0,0.0,0.0,0.224,11.86,2.923,0.8206,3.94,0.453,22.32,IMD gridded 0.25deg (REAL_GOVERNMENT),SYNTHETIC,REAL_GOVERNMENT
2023-12-07,DEMO_MINE,SYN_MINE_01,1545.3,1087.0,1.0,0.0,0.0,1.017,0.369,12.22,3.832,0.6856,6.3,0.457,23.62,IMD gridded 0.25deg (REAL_GOVERNMENT),SYNTHETIC,REAL_GOVERNMENT
2023-12-08,DEMO_MINE,SYN_MINE_01,1545.3,1010.8,0.6418,3.664,3.5,0.0,0.136,12.27,0.0,0.8199,1.31,0.424,24.64,IMD gridded 0.25deg (REAL_GOVERNMENT),SYNTHETIC,REAL_GOVERNMENT
2023-12-09,DEMO_MINE,SYN_MINE_01,1545.3,1579.9,1.0,0.0,0.0,0.953,0.151,11.91,1.147,0.8695,0.0,0.403,26.02,IMD gridded 0.25deg (REAL_GOVERNMENT),SYNTHETIC,REAL_GOVERNMENT
2023-12-10,DEMO_MINE,SYN_MINE_01,1313.5,1009.1,0.7401,5.199,0.0,1.215,0.07,11.46,0.808,0.745,0.0,0.384,26.25,IMD gridded 0.25deg (REAL_GOVERNMENT),SYNTHETIC,REAL_GOVERNMENT
2023-12-11,DEMO_MINE,SYN_MINE_01,1545.3,1331.6,0.8385,3.231,0.0,0.127,0.652,11.31,0.684,0.9024,0.0,0.367,26.71,IMD gridded 0.25deg (REAL_GOVERNMENT),SYNTHETIC,REAL_GOVERNMENT
2023-12-12,DEMO_MINE,SYN_MINE_01,1545.3,1493.8,1.0,0.0,0.0,0.0,0.765,11.58,1.077,0.866,0.0,0.354,26.78,IMD gridded 0.25deg (REAL_GOVERNMENT),SYNTHETIC,REAL_GOVERNMENT
2023-12-13,DEMO_MINE,SYN_MINE_01,1545.3,1658.7,1.0,0.0,0.0,2.052,0.273,12.66,0.01,0.8626,0.0,0.338,26.62,IMD gridded 0.25deg (REAL_GOVERNMENT),SYNTHETIC,REAL_GOVERNMENT
2023-12-14,DEMO_MINE,SYN_MINE_01,1545.3,1485.5,1.0,0.0,0.0,0.0,0.208,12.72,0.0,0.7796,0.0,0.324,27.01,IMD gridded 0.25deg (REAL_GOVERNMENT),SYNTHETIC,REAL_GOVERNMENT
2023-12-15,DEMO_MINE,SYN_MINE_01,1545.3,1413.5,0.825,0.0,3.5,0.0,0.147,12.64,0.0,0.8929,0.0,0.312,26.65,IMD gridded 0.25deg (REAL_GOVERNMENT),SYNTHETIC,REAL_GOVERNMENT
2023-12-16,DEMO_MINE,SYN_MINE_01,1545.3,1687.0,1.0,0.0,0.0,0.0,0.0,12.36,0.0,0.8527,0.0,0.3,25.99,IMD gridded 0.25deg (REAL_GOVERNMENT),SYNTHETIC,REAL_GOVERNMENT
2023-12-17,DEMO_MINE,SYN_MINE_01,1313.5,1058.8,0.7957,4.086,0.0,0.0,0.528,12.02,0.0,0.715,0.0,0.293,25.46,IMD gridded 0.25deg (REAL_GOVERNMENT),SYNTHETIC,REAL_GOVERNMENT
2023-12-18,DEMO_MINE,SYN_MINE_01,1545.3,1393.6,0.9388,1.224,0.0,0.0,0.676,11.93,0.022,0.8034,0.0,0.285,24.2,IMD gridded 0.25deg (REAL_GOVERNMENT),SYNTHETIC,REAL_GOVERNMENT
2023-12-19,DEMO_MINE,SYN_MINE_01,1545.3,1599.1,1.0,0.0,0.0,1.87,0.077,12.69,0.0,0.8302,0.0,0.276,23.68,IMD gridded 0.25deg (REAL_GOVERNMENT),SYNTHETIC,REAL_GOVERNMENT
2023-12-20,DEMO_MINE,SYN_MINE_01,1545.3,1585.2,1.0,0.0,0.0,0.776,0.182,12.71,0.011,0.8278,0.0,0.267,24.44,IMD gridded 0.25deg (REAL_GOVERNMENT),SYNTHETIC,REAL_GOVERNMENT
2023-12-21,DEMO_MINE,SYN_MINE_01,1545.3,1669.5,1.0,0.0,0.0,0.964,0.277,12.36,0.0,0.8716,0.0,0.262,26.32,IMD gridded 0.25deg (REAL_GOVERNMENT),SYNTHETIC,REAL_GOVERNMENT
2023-12-22,DEMO_MINE,SYN_MINE_01,1545.3,1672.6,1.0,0.0,0.0,1.49,0.409,11.79,0.584,0.9165,0.0,0.259,26.94,IMD gridded 0.25deg (REAL_GOVERNMENT),SYNTHETIC,REAL_GOVERNMENT
2023-12-23,DEMO_MINE,SYN_MINE_01,1545.3,1619.3,1.0,0.0,0.0,0.297,0.312,12.32,0.004,0.8502,0.0,0.254,28.0,IMD gridded 0.25deg (REAL_GOVERNMENT),SYNTHETIC,REAL_GOVERNMENT
2023-12-24,DEMO_MINE,SYN_MINE_01,1313.5,1133.8,0.825,0.0,3.5,0.0,0.45,11.72,0.0,0.7234,0.0,0.255,28.14,IMD gridded 0.25deg (REAL_GOVERNMENT),SYNTHETIC,REAL_GOVERNMENT
2023-12-25,DEMO_MINE,SYN_MINE_01,1545.3,1474.5,1.0,0.0,0.0,0.0,0.259,11.51,0.766,0.8034,0.0,0.26,28.65,IMD gridded 0.25deg (REAL_GOVERNMENT),SYNTHETIC,REAL_GOVERNMENT
2023-12-26,DEMO_MINE,SYN_MINE_01,1545.3,1594.2,1.0,0.0,0.0,0.868,0.258,12.39,0.014,0.834,0.0,0.26,28.65,IMD gridded 0.25deg (REAL_GOVERNMENT),SYNTHETIC,REAL_GOVERNMENT
2023-12-27,DEMO_MINE,SYN_MINE_01,1545.3,1659.3,1.0,0.0,0.0,0.0,0.052,12.75,0.0,0.8477,0.0,0.261,28.49,IMD gridded 0.25deg (REAL_GOVERNMENT),SYNTHETIC,REAL_GOVERNMENT
2023-12-28,DEMO_MINE,SYN_MINE_01,1545.3,1686.5,1.0,0.0,0.0,1.67,0.049,12.05,0.392,0.8746,0.0,0.259,27.86,IMD gridded 0.25deg (REAL_GOVERNMENT),SYNTHETIC,REAL_GOVERNMENT
2023-12-29,DEMO_MINE,SYN_MINE_01,1545.3,1357.2,0.8875,0.623,0.0,0.527,0.391,11.84,0.592,0.8309,0.0,0.259,27.21,IMD gridded 0.25deg (REAL_GOVERNMENT),SYNTHETIC,REAL_GOVERNMENT
2023-12-30,DEMO_MINE,SYN_MINE_01,1545.3,1557.1,0.8919,2.163,0.0,0.733,0.0,11.71,0.198,0.8888,0.0,0.264,27.25,IMD gridded 0.25deg (REAL_GOVERNMENT),SYNTHETIC,REAL_GOVERNMENT
2023-12-31,DEMO_MINE,SYN_MINE_01,1313.5,1369.4,1.0,0.0,0.0,0.248,0.173,12.42,0.166,0.7242,0.0,0.267,27.47,IMD gridded 0.25deg (REAL_GOVERNMENT),SYNTHETIC,REAL_GOVERNMENT
2024-01-01,DEMO_MINE,SYN_MINE_01,1545.3,1259.4,0.7685,1.097,3.5,0.916,0.327,12.6,0.0,0.8686,0.0,0.27,27.27,IMD gridded 0.25deg (REAL_GOVERNMENT),SYNTHETIC,REAL_GOVERNMENT
2024-01-02,DEMO_MINE,SYN_MINE_01,1545.3,1661.3,1.0,0.0,0.0,1.554,0.133,12.35,0.184,0.8571,0.0,0.271,27.66,IMD gridded 0.25deg (REAL_GOVERNMENT),SYNTHETIC,REAL_GOVERNMENT
2024-01-03,DEMO_MINE,SYN_MINE_01,1545.3,1608.6,1.0,0.0,0.0,1.219,0.034,11.84,0.326,0.8354,0.0,0.273,26.3,IMD gridded 0.25deg (REAL_GOVERNMENT),SYNTHETIC,REAL_GOVERNMENT
2024-01-04,DEMO_MINE,SYN_MINE_01,1545.3,1685.1,1.0,0.0,0.0,0.889,0.223,12.65,0.036,0.858,0.0,0.275,24.86,IMD gridded 0.25deg (REAL_GOVERNMENT),SYNTHETIC,REAL_GOVERNMENT
2024-01-05,DEMO_MINE,SYN_MINE_01,1545.3,1520.2,1.0,0.0,0.0,0.0,0.747,12.31,0.118,0.8271,0.0,0.272,24.82,IMD gridded 0.25deg (REAL_GOVERNMENT),SYNTHETIC,REAL_GOVERNMENT
2024-01-06,DEMO_MINE,SYN_MINE_01,1545.3,1556.8,1.0,0.0,0.0,0.612,0.694,11.83,0.317,0.8577,0.0,0.286,23.06,IMD gridded 0.25deg (REAL_GOVERNMENT),SYNTHETIC,REAL_GOVERNMENT
2024-01-07,DEMO_MINE,SYN_MINE_01,1313.5,1469.1,1.0,0.0,0.0,0.0,0.404,12.21,0.225,0.7824,0.0,0.282,23.86,IMD gridded 0.25deg (REAL_GOVERNMENT),SYNTHETIC,REAL_GOVERNMENT
2024-01-08,DEMO_MINE,SYN_MINE_01,1545.3,1279.8,0.761,4.779,0.0,0.0,0.0,10.96,0.71,0.8832,0.0,0.282,26.7,IMD gridded 0.25deg (REAL_GOVERNMENT),SYNTHETIC,REAL_GOVERNMENT
2024-01-09,DEMO_MINE,SYN_MINE_01,1545.3,1151.3,0.6969,1.491,3.5,0.0,0.334,11.41,0.084,0.8755,0.0,0.28,28.64,IMD gridded 0.25deg (REAL_GOVERNMENT),SYNTHETIC,REAL_GOVERNMENT
2024-01-10,DEMO_MINE,SYN_MINE_01,1545.3,1543.8,0.8821,2.358,0.0,0.0,0.094,12.46,0.0,0.9038,0.0,0.285,24.75,IMD gridded 0.25deg (REAL_GOVERNMENT),SYNTHETIC,REAL_GOVERNMENT
2024-01-11,DEMO_MINE,SYN_MINE_01,1545.3,1407.9,1.0,0.0,0.0,0.0,0.453,10.47,2.312,0.8545,0.0,0.283,27.32,IMD gridded 0.25deg (REAL_GOVERNMENT),SYNTHETIC,REAL_GOVERNMENT
2024-01-12,DEMO_MINE,SYN_MINE_01,1545.3,1623.3,1.0,0.0,0.0,0.748,0.0,11.56,0.992,0.866,0.0,0.272,28.27,IMD gridded 0.25deg (REAL_GOVERNMENT),SYNTHETIC,REAL_GOVERNMENT
2024-01-13,DEMO_MINE,SYN_MINE_01,1545.3,1689.6,1.0,0.0,0.0,0.865,0.0,11.75,0.706,0.854,0.0,0.266,28.74,IMD gridded 0.25deg (REAL_GOVERNMENT),SYNTHETIC,REAL_GOVERNMENT
2024-01-14,DEMO_MINE,SYN_MINE_01,1313.5,958.2,0.6548,6.904,0.0,1.206,0.024,12.14,0.0,0.7502,0.0,0.261,28.69,IMD gridded 0.25deg (REAL_GOVERNMENT),SYNTHETIC,REAL_GOVERNMENT
2024-01-15,DEMO_MINE,SYN_MINE_01,1545.3,403.7,0.2397,15.205,0.0,1.461,0.221,12.75,0.0,0.9194,0.0,0.258,26.95,IMD gridded 0.25deg (REAL_GOVERNMENT),SYNTHETIC,REAL_GOVERNMENT
2024-01-16,DEMO_MINE,SYN_MINE_01,1545.3,876.2,0.5,10.0,0.0,0.0,0.0,12.56,0.0,0.8686,0.0,0.251,27.46,IMD gridded 0.25deg (REAL_GOVERNMENT),SYNTHETIC,REAL_GOVERNMENT
2024-01-17,DEMO_MINE,SYN_MINE_01,1545.3,1367.4,0.8291,3.419,0.0,0.0,0.037,11.05,0.899,0.8964,0.0,0.252,27.74,IMD gridded 0.25deg (REAL_GOVERNMENT),SYNTHETIC,REAL_GOVERNMENT
2024-01-18,DEMO_MINE,SYN_MINE_01,1545.3,972.2,0.6406,7.187,0.0,0.159,0.229,11.96,0.0,0.7938,1.36,0.283,25.63,IMD gridded 0.25deg (REAL_GOVERNMENT),SYNTHETIC,REAL_GOVERNMENT
2024-01-19,DEMO_MINE,SYN_MINE_01,1545.3,1328.1,0.8434,3.132,0.0,0.598,0.009,11.48,0.812,0.8522,1.83,0.318,25.33,IMD gridded 0.25deg (REAL_GOVERNMENT),SYNTHETIC,REAL_GOVERNMENT
2024-01-20,DEMO_MINE,SYN_MINE_01,1545.3,1518.9,0.8894,2.212,0.0,0.677,0.002,11.74,0.603,0.865,0.0,0.336,24.69,IMD gridded 0.25deg (REAL_GOVERNMENT),SYNTHETIC,REAL_GOVERNMENT
2024-01-21,DEMO_MINE,SYN_MINE_01,1313.5,1176.7,0.7987,4.025,0.0,0.823,0.352,12.51,0.0,0.7815,1.4,0.391,25.45,IMD gridded 0.25deg (REAL_GOVERNMENT),SYNTHETIC,REAL_GOVERNMENT
2024-01-22,DEMO_MINE,SYN_MINE_01,1545.3,1377.1,0.7615,1.269,3.5,0.0,0.0,11.66,0.081,0.8998,0.0,0.374,26.68,IMD gridded 0.25deg (REAL_GOVERNMENT),SYNTHETIC,REAL_GOVERNMENT
2024-01-23,DEMO_MINE,SYN_MINE_01,1545.3,1474.4,0.9181,1.638,0.0,0.871,0.459,11.63,0.008,0.8507,1.02,0.363,25.66,IMD gridded 0.25deg (REAL_GOVERNMENT),SYNTHETIC,REAL_GOVERNMENT
2024-01-24,DEMO_MINE,SYN_MINE_01,1545.3,1674.2,1.0,0.0,0.0,0.0,0.07,12.71,0.0,0.8407,0.29,0.347,25.97,IMD gridded 0.25deg (REAL_GOVERNMENT),SYNTHETIC,REAL_GOVERNMENT
2024-01-25,DEMO_MINE,SYN_MINE_01,1545.3,1390.2,0.8605,2.789,0.0,1.44,0.062,12.65,0.0,0.8321,0.0,0.334,25.95,IMD gridded 0.25deg (REAL_GOVERNMENT),SYNTHETIC,REAL_GOVERNMENT
2024-01-26,DEMO_MINE,SYN_MINE_01,1545.3,1346.1,0.825,0.0,3.5,0.0,0.035,11.92,0.014,0.8377,0.0,0.322,27.55,IMD gridded 0.25deg (REAL_GOVERNMENT),SYNTHETIC,REAL_GOVERNMENT
2024-01-27,DEMO_MINE,SYN_MINE_01,1545.3,1680.6,1.0,0.0,0.0,0.691,0.264,12.6,0.0,0.8825,0.0,0.312,27.67,IMD gridded 0.25deg (REAL_GOVERNMENT),SYNTHETIC,REAL_GOVERNMENT
2024-01-28,DEMO_MINE,SYN_MINE_01,1313.5,1196.4,0.8316,1.183,0.0,0.859,0.25,12.78,0.0,0.7587,0.0,0.308,28.87,IMD gridded 0.25deg (REAL_GOVERNMENT),SYNTHETIC,REAL_GOVERNMENT
2024-01-29,DEMO_MINE,SYN_MINE_01,1545.3,1670.6,1.0,0.0,0.0,1.674,0.151,12.7,0.0,0.858,0.0,0.304,29.0,IMD gridded 0.25deg (REAL_GOVERNMENT),SYNTHETIC,REAL_GOVERNMENT
2024-01-30,DEMO_MINE,SYN_MINE_01,1545.3,1563.9,1.0,0.0,0.0,0.0,0.154,11.71,0.94,0.8636,0.0,0.296,28.19,IMD gridded 0.25deg (REAL_GOVERNMENT),SYNTHETIC,REAL_GOVERNMENT
2024-01-31,DEMO_MINE,SYN_MINE_01,1545.3,1435.4,1.0,0.0,0.0,2.564,0.622,11.59,0.597,0.798,0.0,0.289,27.95,IMD gridded 0.25deg (REAL_GOVERNMENT),SYNTHETIC,REAL_GOVERNMENT
2024-02-01,DEMO_MINE,SYN_MINE_01,1545.3,1546.0,1.0,0.0,0.0,0.34,0.155,11.63,1.02,0.8539,0.0,0.283,28.6,IMD gridded 0.25deg (REAL_GOVERNMENT),SYNTHETIC,REAL_GOVERNMENT
2024-02-02,DEMO_MINE,SYN_MINE_01,1545.3,1421.8,1.0,0.0,0.0,0.364,0.192,10.12,3.037,0.8875,0.22,0.279,28.71,IMD gridded 0.25deg (REAL_GOVERNMENT),SYNTHETIC,REAL_GOVERNMENT
2024-02-03,DEMO_MINE,SYN_MINE_01,1545.3,1544.9,1.0,0.0,0.0,0.983,0.588,12.32,0.243,0.8433,0.0,0.277,29.17,IMD gridded 0.25deg (REAL_GOVERNMENT),SYNTHETIC,REAL_GOVERNMENT
2024-02-04,DEMO_MINE,SYN_MINE_01,1313.5,1347.6,1.0,0.0,0.0,0.795,0.828,12.62,0.034,0.7426,0.0,0.273,31.36,IMD gridded 0.25deg (REAL_GOVERNMENT),SYNTHETIC,REAL_GOVERNMENT
2024-02-05,DEMO_MINE,SYN_MINE_01,1545.3,1596.6,1.0,0.0,0.0,0.849,0.699,12.83,0.0,0.8564,0.0,0.273,31.35,IMD gridded 0.25deg (REAL_GOVERNMENT),SYNTHETIC,REAL_GOVERNMENT
2024-02-06,DEMO_MINE,SYN_MINE_01,1545.3,1479.1,1.0,0.0,0.0,0.663,0.437,10.64,2.059,0.889,0.0,0.266,29.28,IMD gridded 0.25deg (REAL_GOVERNMENT),SYNTHETIC,REAL_GOVERNMENT
2024-02-07,DEMO_MINE,SYN_MINE_01,1545.3,1292.5,0.825,0.0,3.5,0.822,0.084,11.22,0.251,0.8191,0.0,0.263,29.01,IMD gridded 0.25deg (REAL_GOVERNMENT),SYNTHETIC,REAL_GOVERNMENT
2024-02-08,DEMO_MINE,SYN_MINE_01,1545.3,1582.7,1.0,0.0,0.0,0.0,0.446,10.97,1.66,0.9224,0.0,0.258,27.07,IMD gridded 0.25deg (REAL_GOVERNMENT),SYNTHETIC,REAL_GOVERNMENT
2024-02-09,DEMO_MINE,SYN_MINE_01,1545.3,1597.4,1.0,0.0,0.0,0.0,0.266,11.82,0.885,0.8697,0.0,0.258,28.42,IMD gridded 0.25deg (REAL_GOVERNMENT),SYNTHETIC,REAL_GOVERNMENT
2024-02-10,DEMO_MINE,SYN_MINE_01,1545.3,1490.8,1.0,0.0,0.0,0.0,0.087,12.67,0.0,0.7754,0.0,0.259,28.36,IMD gridded 0.25deg (REAL_GOVERNMENT),SYNTHETIC,REAL_GOVERNMENT
2024-02-11,DEMO_MINE,SYN_MINE_01,1313.5,1207.9,0.8325,0.0,3.35,0.0,0.117,12.2,0.0,0.7592,0.0,0.297,28.05,IMD gridded 0.25deg (REAL_GOVERNMENT),SYNTHETIC,REAL_GOVERNMENT
2024-02-12,DEMO_MINE,SYN_MINE_01,1545.3,1608.6,0.9836,0.329,0.0,0.0,0.255,12.52,0.207,0.8576,0.0,0.359,29.24,IMD gridded 0.25deg (REAL_GOVERNMENT),SYNTHETIC,REAL_GOVERNMENT
2024-02-13,DEMO_MINE,SYN_MINE_01,1545.3,1250.6,0.8118,3.765,0.0,1.837,0.182,12.09,0.506,0.835,0.0,0.392,29.18,IMD gridded 0.25deg (REAL_GOVERNMENT),SYNTHETIC,REAL_GOVERNMENT
2024-02-14,DEMO_MINE,SYN_MINE_01,1545.3,1714.3,1.0,0.0,0.0,0.199,0.117,11.99,0.415,0.9125,0.0,0.369,29.21,IMD gridded 0.25deg (REAL_GOVERNMENT),SYNTHETIC,REAL_GOVERNMENT
2024-02-15,DEMO_MINE,SYN_MINE_01,1545.3,1307.1,1.0,0.0,0.0,1.147,0.177,11.75,2.268,0.7046,0.0,0.361,29.48,IMD gridded 0.25deg (REAL_GOVERNMENT),SYNTHETIC,REAL_GOVERNMENT
2024-02-16,DEMO_MINE,SYN_MINE_01,1545.3,1570.0,1.0,0.0,0.0,0.0,0.671,12.25,0.187,0.8494,0.0,0.335,30.87,IMD gridded 0.25deg (REAL_GOVERNMENT),SYNTHETIC,REAL_GOVERNMENT
2024-02-17,DEMO_MINE,SYN_MINE_01,1545.3,1687.4,1.0,0.0,0.0,0.956,0.365,12.63,0.0,0.8944,0.0,0.319,31.93,IMD gridded 0.25deg (REAL_GOVERNMENT),SYNTHETIC,REAL_GOVERNMENT
2024-02-18,DEMO_MINE,SYN_MINE_01,1313.5,1225.1,0.9418,1.163,0.0,0.669,0.165,12.81,0.0,0.6737,0.0,0.309,32.87,IMD gridded 0.25deg (REAL_GOVERNMENT),SYNTHETIC,REAL_GOVERNMENT
2024-02-19,DEMO_MINE,SYN_MINE_01,1545.3,869.4,0.5,10.0,0.0,1.331,0.0,11.82,0.0,0.8987,0.0,0.302,32.69,IMD gridded 0.25deg (REAL_GOVERNMENT),SYNTHETIC,REAL_GOVERNMENT
2024-02-20,DEMO_MINE,SYN_MINE_01,1545.3,1425.8,0.8584,2.833,0.0,0.0,0.436,11.48,0.263,0.8749,0.0,0.295,33.35,IMD gridded 0.25deg (REAL_GOVERNMENT),SYNTHETIC,REAL_GOVERNMENT
2024-02-21,DEMO_MINE,SYN_MINE_01,1545.3,1703.5,1.0,0.0,0.0,0.0,0.006,11.38,0.963,0.9027,0.0,0.291,31.9,IMD gridded 0.25deg (REAL_GOVERNMENT),SYNTHETIC,REAL_GOVERNMENT
2024-02-22,DEMO_MINE,SYN_MINE_01,1545.3,1260.2,1.0,0.0,0.0,0.687,0.391,9.18,4.158,0.8787,0.0,0.285,30.05,IMD gridded 0.25deg (REAL_GOVERNMENT),SYNTHETIC,REAL_GOVERNMENT
2024-02-23,DEMO_MINE,SYN_MINE_01,1545.3,1319.7,0.825,0.0,3.5,1.023,0.211,11.86,0.015,0.8439,0.0,0.276,29.15,IMD gridded 0.25deg (REAL_GOVERNMENT),SYNTHETIC,REAL_GOVERNMENT
2024-02-24,DEMO_MINE,SYN_MINE_01,1545.3,1571.8,0.9811,0.377,0.0,1.36,0.867,12.61,0.0,0.8762,0.0,0.271,29.74,IMD gridded 0.25deg (REAL_GOVERNMENT),SYNTHETIC,REAL_GOVERNMENT
2024-02-25,DEMO_MINE,SYN_MINE_01,1313.5,686.4,0.5,10.0,0.0,0.0,0.112,11.71,0.0,0.7206,0.0,0.266,29.96,IMD gridded 0.25deg (REAL_GOVERNMENT),SYNTHETIC,REAL_GOVERNMENT
2024-02-26,DEMO_MINE,SYN_MINE_01,1545.3,1179.9,0.722,5.561,0.0,0.326,0.188,12.08,0.0,0.8614,0.0,0.297,30.1,IMD gridded 0.25deg (REAL_GOVERNMENT),SYNTHETIC,REAL_GOVERNMENT
2024-02-27,DEMO_MINE,SYN_MINE_01,1545.3,1626.1,1.0,0.0,0.0,1.041,0.0,12.57,0.0,0.8169,0.0,0.382,30.69,IMD gridded 0.25deg (REAL_GOVERNMENT),SYNTHETIC,REAL_GOVERNMENT
2024-02-28,DEMO_MINE,SYN_MINE_01,1545.3,1313.6,0.8307,1.037,0.0,0.0,0.178,11.88,0.645,0.8635,0.0,0.392,30.96,IMD gridded 0.25deg (REAL_GOVERNMENT),SYNTHETIC,REAL_GOVERNMENT
2024-02-29,DEMO_MINE,SYN_MINE_01,1545.3,1510.5,1.0,0.0,0.0,1.631,0.043,10.41,2.257,0.8739,0.0,0.375,32.1,IMD gridded 0.25deg (REAL_GOVERNMENT),SYNTHETIC,REAL_GOVERNMENT
2024-03-01,DEMO_MINE,SYN_MINE_01,1545.3,1288.9,0.825,0.0,3.5,0.0,0.325,11.74,0.195,0.8277,0.0,0.347,36.03,IMD gridded 0.25deg (REAL_GOVERNMENT),SYNTHETIC,REAL_GOVERNMENT
2024-03-02,DEMO_MINE,SYN_MINE_01,1545.3,1722.9,1.0,0.0,0.0,1.442,0.549,11.88,0.522,0.9486,0.0,0.334,29.56,IMD gridded 0.25deg (REAL_GOVERNMENT),SYNTHETIC,REAL_GOVERNMENT
2024-03-03,DEMO_MINE,SYN_MINE_01,1313.5,1337.1,1.0,0.0,0.0,0.0,0.747,12.05,0.739,0.7658,0.0,0.326,31.6,IMD gridded 0.25deg (REAL_GOVERNMENT),SYNTHETIC,REAL_GOVERNMENT
2024-03-04,DEMO_MINE,SYN_MINE_01,1545.3,1636.1,1.0,0.0,0.0,0.0,0.352,12.11,0.433,0.8862,0.0,0.309,30.6,IMD gridded 0.25deg (REAL_GOVERNMENT),SYNTHETIC,REAL_GOVERNMENT
2024-03-05,DEMO_MINE,SYN_MINE_01,1545.3,1548.5,1.0,0.0,0.0,0.0,0.531,12.13,0.054,0.8334,0.0,0.293,31.56,IMD gridded 0.25deg (REAL_GOVERNMENT),SYNTHETIC,REAL_GOVERNMENT
2024-03-06,DEMO_MINE,SYN_MINE_01,1545.3,1545.3,1.0,0.0,0.0,0.371,0.379,12.3,0.235,0.8155,0.0,0.281,32.7,IMD gridded 0.25deg (REAL_GOVERNMENT),SYNTHETIC,REAL_GOVERNMENT
2024-03-07,DEMO_MINE,SYN_MINE_01,1545.3,1676.6,1.0,0.0,0.0,0.652,0.264,12.43,0.068,0.8657,0.16,0.272,32.55,IMD gridded 0.25deg (REAL_GOVERNMENT),SYNTHETIC,REAL_GOVERNMENT
2024-03-08,DEMO_MINE,SYN_MINE_01,1545.3,1620.0,1.0,0.0,0.0,0.313,0.398,11.4,0.947,0.8894,0.0,0.268,32.9,IMD gridded 0.25deg (REAL_GOVERNMENT),SYNTHETIC,REAL_GOVERNMENT
2024-03-09,DEMO_MINE,SYN_MINE_01,1545.3,1228.2,0.6991,6.018,0.0,0.938,0.1,12.11,0.13,0.9028,0.0,0.263,33.68,IMD gridded 0.25deg (REAL_GOVERNMENT),SYNTHETIC,REAL_GOVERNMENT
2024-03-10,DEMO_MINE,SYN_MINE_01,1313.5,1208.1,0.825,0.0,3.5,2.636,0.064,12.54,0.007,0.755,0.0,0.26,34.84,IMD gridded 0.25deg (REAL_GOVERNMENT),SYNTHETIC,REAL_GOVERNMENT
2024-03-11,DEMO_MINE,SYN_MINE_01,1545.3,1697.8,1.0,0.0,0.0,0.0,0.157,12.09,0.0,0.8504,0.0,0.26,34.77,IMD gridded 0.25deg (REAL_GOVERNMENT),SYNTHETIC,REAL_GOVERNMENT
2024-03-12,DEMO_MINE,SYN_MINE_01,1545.3,1551.5,1.0,0.0,0.0,1.647,0.362,11.72,0.535,0.8399,0.0,0.261,35.48,IMD gridded 0.25deg (REAL_GOVERNMENT),SYNTHETIC,REAL_GOVERNMENT
2024-03-13,DEMO_MINE,SYN_MINE_01,1545.3,1681.3,1.0,0.0,0.0,0.0,0.044,12.05,0.084,0.879,0.0,0.259,35.54,IMD gridded 0.25deg (REAL_GOVERNMENT),SYNTHETIC,REAL_GOVERNMENT
2024-03-14,DEMO_MINE,SYN_MINE_01,1545.3,1503.7,1.0,0.0,0.0,0.0,0.295,11.09,1.314,0.8522,0.0,0.256,35.39,IMD gridded 0.25deg (REAL_GOVERNMENT),SYNTHETIC,REAL_GOVERNMENT
2024-03-15,DEMO_MINE,SYN_MINE_01,1545.3,1610.0,1.0,0.0,0.0,1.876,0.131,12.72,0.0,0.8398,0.0,0.25,35.72,IMD gridded 0.25deg (REAL_GOVERNMENT),SYNTHETIC,REAL_GOVERNMENT
2024-03-16,DEMO_MINE,SYN_MINE_01,1545.3,1676.3,1.0,0.0,0.0,0.545,0.19,12.73,0.0,0.88,0.0,0.247,34.38,IMD gridded 0.25deg (REAL_GOVERNMENT),SYNTHETIC,REAL_GOVERNMENT
2024-03-17,DEMO_MINE,SYN_MINE_01,1313.5,1042.1,0.825,0.0,3.5,2.219,0.112,11.86,0.176,0.6739,7.62,0.254,33.52,IMD gridded 0.25deg (REAL_GOVERNMENT),SYNTHETIC,REAL_GOVERNMENT
2024-03-18,DEMO_MINE,SYN_MINE_01,1545.3,1094.3,0.6872,6.257,0.0,2.417,0.46,11.97,0.058,0.8653,12.1,0.317,33.24,IMD gridded 0.25deg (REAL_GOVERNMENT),SYNTHETIC,REAL_GOVERNMENT
2024-03-19,DEMO_MINE,SYN_MINE_01,1545.3,1218.8,0.815,3.701,0.0,1.667,0.12,10.98,1.591,0.8725,21.04,0.387,32.04,IMD gridded 0.25deg (REAL_GOVERNMENT),SYNTHETIC,REAL_GOVERNMENT
2024-03-20,DEMO_MINE,SYN_MINE_01,1545.3,1720.7,0.9817,0.366,0.0,0.0,0.076,12.38,0.0,0.8844,0.87,0.339,32.57,IMD gridded 0.25deg (REAL_GOVERNMENT),SYNTHETIC,REAL_GOVERNMENT
2024-03-21,DEMO_MINE,SYN_MINE_01,1545.3,1452.6,1.0,0.0,0.0,0.0,0.605,11.24,1.35,0.8529,0.68,0.322,33.94,IMD gridded 0.25deg (REAL_GOVERNMENT),SYNTHETIC,REAL_GOVERNMENT
2024-03-22,DEMO_MINE,SYN_MINE_01,1545.3,1490.4,0.8462,3.075,0.0,0.0,0.0,11.59,0.344,0.9124,0.0,0.305,36.03,IMD gridded 0.25deg (REAL_GOVERNMENT),SYNTHETIC,REAL_GOVERNMENT
2024-03-23,DEMO_MINE,SYN_MINE_01,1545.3,1621.7,0.9074,1.853,0.0,1.654,0.06,12.7,0.0,0.9025,0.0,0.292,36.98,IMD gridded 0.25deg (REAL_GOVERNMENT),SYNTHETIC,REAL_GOVERNMENT
2024-03-24,DEMO_MINE,SYN_MINE_01,1313.5,930.1,0.6506,6.988,0.0,0.859,0.004,12.0,0.0,0.7283,0.0,0.285,37.29,IMD gridded 0.25deg (REAL_GOVERNMENT),SYNTHETIC,REAL_GOVERNMENT
2024-03-25,DEMO_MINE,SYN_MINE_01,1545.3,1555.3,1.0,0.0,0.0,0.0,0.125,12.32,0.16,0.8059,0.0,0.283,37.3,IMD gridded 0.25deg (REAL_GOVERNMENT),SYNTHETIC,REAL_GOVERNMENT
2024-03-26,DEMO_MINE,SYN_MINE_01,1545.3,1534.9,1.0,0.0,0.0,0.0,0.753,11.91,0.666,0.8689,0.0,0.281,37.22,IMD gridded 0.25deg (REAL_GOVERNMENT),SYNTHETIC,REAL_GOVERNMENT
2024-03-27,DEMO_MINE,SYN_MINE_01,1545.3,1406.1,0.825,0.0,3.5,0.0,0.178,11.94,0.02,0.8707,0.0,0.276,38.51,IMD gridded 0.25deg (REAL_GOVERNMENT),SYNTHETIC,REAL_GOVERNMENT
2024-03-28,DEMO_MINE,SYN_MINE_01,1545.3,1529.2,1.0,0.0,0.0,0.283,0.062,11.43,0.837,0.8348,0.0,0.271,39.32,IMD gridded 0.25deg (REAL_GOVERNMENT),SYNTHETIC,REAL_GOVERNMENT
2024-03-29,DEMO_MINE,SYN_MINE_01,1545.3,1434.9,0.8698,2.487,0.0,1.154,0.04,11.14,0.5,0.8735,0.0,0.267,39.06,IMD gridded 0.25deg (REAL_GOVERNMENT),SYNTHETIC,REAL_GOVERNMENT
2024-03-30,DEMO_MINE,SYN_MINE_01,1545.3,1283.9,0.8289,3.421,0.0,0.0,0.342,12.19,0.112,0.8327,0.0,0.273,37.68,IMD gridded 0.25deg (REAL_GOVERNMENT),SYNTHETIC,REAL_GOVERNMENT
2024-03-31,DEMO_MINE,SYN_MINE_01,1313.5,1326.8,1.0,0.0,0.0,0.0,0.492,11.71,0.488,0.7389,0.3,0.257,36.93,IMD gridded 0.25deg (REAL_GOVERNMENT),SYNTHETIC,REAL_GOVERNMENT
2024-04-01,DEMO_MINE,SYN_MINE_01,1568.5,1641.1,1.0,0.0,0.0,0.917,0.005,11.9,0.183,0.8568,0.0,0.26,37.02,IMD gridded 0.25deg (REAL_GOVERNMENT),SYNTHETIC,REAL_GOVERNMENT
2024-04-02,DEMO_MINE,SYN_MINE_01,1568.5,1358.1,0.8486,3.029,0.0,0.0,0.136,11.54,0.128,0.8336,0.0,0.262,38.43,IMD gridded 0.25deg (REAL_GOVERNMENT),SYNTHETIC,REAL_GOVERNMENT
2024-04-03,DEMO_MINE,SYN_MINE_01,1568.5,1377.2,0.8442,0.0,3.116,0.811,0.506,12.62,0.0,0.8783,0.0,0.259,39.36,IMD gridded 0.25deg (REAL_GOVERNMENT),SYNTHETIC,REAL_GOVERNMENT
2024-04-04,DEMO_MINE,SYN_MINE_01,1568.5,1559.5,1.0,0.0,0.0,0.7,0.545,11.2,1.255,0.8974,0.0,0.257,39.22,IMD gridded 0.25deg (REAL_GOVERNMENT),SYNTHETIC,REAL_GOVERNMENT
2024-04-05,DEMO_MINE,SYN_MINE_01,1568.5,1469.0,1.0,0.0,0.0,0.0,0.145,11.43,1.247,0.822,0.0,0.255,38.9,IMD gridded 0.25deg (REAL_GOVERNMENT),SYNTHETIC,REAL_GOVERNMENT
2024-04-06,DEMO_MINE,SYN_MINE_01,1568.5,1508.0,1.0,0.0,0.0,1.089,0.666,11.55,0.798,0.8532,0.0,0.258,38.17,IMD gridded 0.25deg (REAL_GOVERNMENT),SYNTHETIC,REAL_GOVERNMENT
2024-04-07,DEMO_MINE,SYN_MINE_01,1333.2,1238.0,1.0,0.0,0.0,0.877,0.204,11.66,0.425,0.6754,0.0,0.267,34.79,IMD gridded 0.25deg (REAL_GOVERNMENT),SYNTHETIC,REAL_GOVERNMENT
2024-04-08,DEMO_MINE,SYN_MINE_01,1568.5,826.1,0.5043,9.915,0.0,0.0,0.102,12.16,0.0,0.8561,0.0,0.317,34.72,IMD gridded 0.25deg (REAL_GOVERNMENT),SYNTHETIC,REAL_GOVERNMENT
2024-04-09,DEMO_MINE,SYN_MINE_01,1568.5,814.0,0.5,10.0,0.0,1.156,0.247,12.32,0.0,0.865,2.0,0.355,34.76,IMD gridded 0.25deg (REAL_GOVERNMENT),SYNTHETIC,REAL_GOVERNMENT
2024-04-10,DEMO_MINE,SYN_MINE_01,1568.5,878.7,0.5527,8.945,0.0,0.0,0.268,11.22,0.0,0.8512,2.44,0.407,35.17,IMD gridded 0.25deg (REAL_GOVERNMENT),SYNTHETIC,REAL_GOVERNMENT
2024-04-11,DEMO_MINE,SYN_MINE_01,1568.5,1048.5,0.7668,4.664,0.0,2.099,0.156,10.16,2.044,0.8412,20.41,0.453,31.19,IMD gridded 0.25deg (REAL_GOVERNMENT),SYNTHETIC,REAL_GOVERNMENT
2024-04-12,DEMO_MINE,SYN_MINE_01,1568.5,1459.7,1.0,0.0,0.0,1.467,0.131,12.35,1.228,0.8236,2.69,0.42,32.66,IMD gridded 0.25deg (REAL_GOVERNMENT),SYNTHETIC,REAL_GOVERNMENT
2024-04-13,DEMO_MINE,SYN_MINE_01,1568.5,1230.5,1.0,0.0,0.0,0.746,0.734,10.47,3.114,0.8325,2.72,0.403,32.01,IMD gridded 0.25deg (REAL_GOVERNMENT),SYNTHETIC,REAL_GOVERNMENT
2024-04-14,DEMO_MINE,SYN_MINE_01,1333.2,1195.4,1.0,0.0,0.0,1.056,0.776,10.88,1.953,0.7584,0.0,0.393,36.04,IMD gridded 0.25deg (REAL_GOVERNMENT),SYNTHETIC,REAL_GOVERNMENT
2024-04-15,DEMO_MINE,SYN_MINE_01,1568.5,1266.8,0.825,0.0,3.5,0.705,0.36,10.98,1.298,0.8799,2.97,0.372,37.31,IMD gridded 0.25deg (REAL_GOVERNMENT),SYNTHETIC,REAL_GOVERNMENT
2024-04-16,DEMO_MINE,SYN_MINE_01,1568.5,1554.1,1.0,0.0,0.0,1.931,0.104,11.06,1.402,0.8834,0.0,0.357,38.06,IMD gridded 0.25deg (REAL_GOVERNMENT),SYNTHETIC,REAL_GOVERNMENT
2024-04-17,DEMO_MINE,SYN_MINE_01,1568.5,1668.1,1.0,0.0,0.0,0.664,0.171,12.29,0.005,0.8658,0.0,0.336,38.18,IMD gridded 0.25deg (REAL_GOVERNMENT),SYNTHETIC,REAL_GOVERNMENT
2024-04-18,DEMO_MINE,SYN_MINE_01,1568.5,1692.9,1.0,0.0,0.0,2.625,0.163,12.11,0.38,0.8933,0.0,0.308,39.65,IMD gridded 0.25deg (REAL_GOVERNMENT),SYNTHETIC,REAL_GOVERNMENT
2024-04-19,DEMO_MINE,SYN_MINE_01,1568.5,1395.2,0.825,0.0,3.5,0.825,0.245,13.0,0.0,0.8741,0.0,0.294,40.1,IMD gridded 0.25deg (REAL_GOVERNMENT),SYNTHETIC,REAL_GOVERNMENT
2024-04-20,DEMO_MINE,SYN_MINE_01,1568.5,696.6,0.49,10.201,0.0,1.039,0.037,12.7,1.558,0.7404,0.0,0.284,39.16,IMD gridded 0.25deg (REAL_GOVERNMENT),SYNTHETIC,REAL_GOVERNMENT
2024-04-21,DEMO_MINE,SYN_MINE_01,1333.2,1353.6,0.9961,0.078,0.0,0.0,0.055,12.81,0.0,0.6996,0.0,0.28,38.58,IMD gridded 0.25deg (REAL_GOVERNMENT),SYNTHETIC,REAL_GOVERNMENT
2024-04-22,DEMO_MINE,SYN_MINE_01,1568.5,1351.7,1.0,0.0,0.0,1.548,2.226,12.4,0.302,0.8298,0.0,0.284,34.23,IMD gridded 0.25deg (REAL_GOVERNMENT),SYNTHETIC,REAL_GOVERNMENT
2024-04-23,DEMO_MINE,SYN_MINE_01,1568.5,1559.4,0.8507,2.987,0.0,0.919,0.015,12.43,0.2,0.9276,7.68,0.301,37.05,IMD gridded 0.25deg (REAL_GOVERNMENT),SYNTHETIC,REAL_GOVERNMENT
2024-04-24,DEMO_MINE,SYN_MINE_01,1568.5,472.3,0.2951,14.098,0.0,0.0,0.16,12.55,0.0,0.841,2.93,0.302,38.14,IMD gridded 0.25deg (REAL_GOVERNMENT),SYNTHETIC,REAL_GOVERNMENT
2024-04-25,DEMO_MINE,SYN_MINE_01,1568.5,917.7,0.5,10.0,0.0,0.0,0.0,11.81,0.0,0.9296,0.0,0.293,39.34,IMD gridded 0.25deg (REAL_GOVERNMENT),SYNTHETIC,REAL_GOVERNMENT
2024-04-26,DEMO_MINE,SYN_MINE_01,1568.5,849.4,0.5,10.0,0.0,0.0,0.133,11.38,0.0,0.863,0.0,0.286,38.8,IMD gridded 0.25deg (REAL_GOVERNMENT),SYNTHETIC,REAL_GOVERNMENT
2024-04-27,DEMO_MINE,SYN_MINE_01,1568.5,819.3,0.5,10.0,0.0,2.002,0.011,12.54,0.0,0.8274,0.0,0.279,38.42,IMD gridded 0.25deg (REAL_GOVERNMENT),SYNTHETIC,REAL_GOVERNMENT
2024-04-28,DEMO_MINE,SYN_MINE_01,1333.2,795.3,0.5536,8.927,0.0,0.0,0.198,12.89,0.0,0.7455,0.0,0.281,37.84,IMD gridded 0.25deg (REAL_GOVERNMENT),SYNTHETIC,REAL_GOVERNMENT
2024-04-29,DEMO_MINE,SYN_MINE_01,1568.5,1116.5,0.8619,2.761,0.0,2.188,0.071,12.4,2.649,0.6682,0.0,0.279,39.34,IMD gridded 0.25deg (REAL_GOVERNMENT),SYNTHETIC,REAL_GOVERNMENT
2024-04-30,DEMO_MINE,SYN_MINE_01,1568.5,1518.1,1.0,0.0,0.0,0.0,0.601,12.0,0.34,0.8315,0.24,0.268,39.5,IMD gridded 0.25deg (REAL_GOVERNMENT),SYNTHETIC,REAL_GOVERNMENT
2024-05-01,DEMO_MINE,SYN_MINE_01,1568.5,1282.6,1.0,0.0,0.0,0.79,0.698,10.46,2.202,0.8056,0.0,0.266,38.44,IMD gridded 0.25deg (REAL_GOVERNMENT),SYNTHETIC,REAL_GOVERNMENT
2024-05-02,DEMO_MINE,SYN_MINE_01,1568.5,1340.9,0.825,0.0,3.5,0.0,0.0,11.75,0.085,0.8233,0.0,0.259,38.65,IMD gridded 0.25deg (REAL_GOVERNMENT),SYNTHETIC,REAL_GOVERNMENT
2024-05-03,DEMO_MINE,SYN_MINE_01,1568.5,1402.7,1.0,0.0,0.0,0.873,0.695,10.82,1.832,0.8536,0.0,0.249,39.82,IMD gridded 0.25deg (REAL_GOVERNMENT),SYNTHETIC,REAL_GOVERNMENT
2024-05-04,DEMO_MINE,SYN_MINE_01,1568.5,1448.9,1.0,0.0,0.0,1.092,0.486,10.74,1.831,0.8555,0.0,0.243,41.21,IMD gridded 0.25deg (REAL_GOVERNMENT),SYNTHETIC,REAL_GOVERNMENT
2024-05-05,DEMO_MINE,SYN_MINE_01,1333.2,1307.2,1.0,0.0,0.0,0.0,0.198,12.23,0.512,0.7143,0.0,0.25,41.04,IMD gridded 0.25deg (REAL_GOVERNMENT),SYNTHETIC,REAL_GOVERNMENT
2024-05-06,DEMO_MINE,SYN_MINE_01,1568.5,1766.0,1.0,0.0,0.0,0.27,0.218,12.1,0.292,0.9251,0.0,0.246,41.25,IMD gridded 0.25deg (REAL_GOVERNMENT),SYNTHETIC,REAL_GOVERNMENT
2024-05-07,DEMO_MINE,SYN_MINE_01,1568.5,1412.2,0.8424,2.038,0.0,0.0,0.0,12.37,0.002,0.8364,0.0,0.239,40.87,IMD gridded 0.25deg (REAL_GOVERNMENT),SYNTHETIC,REAL_GOVERNMENT
2024-05-08,DEMO_MINE,SYN_MINE_01,1568.5,1554.2,1.0,0.0,0.0,1.636,0.261,11.69,0.471,0.8101,1.01,0.229,39.1,IMD gridded 0.25deg (REAL_GOVERNMENT),SYNTHETIC,REAL_GOVERNMENT
2024-05-09,DEMO_MINE,SYN_MINE_01,1568.5,1591.7,0.9804,0.392,0.0,0.0,0.066,11.58,0.744,0.8763,2.0,0.238,36.79,IMD gridded 0.25deg (REAL_GOVERNMENT),SYNTHETIC,REAL_GOVERNMENT
2024-05-10,DEMO_MINE,SYN_MINE_01,1568.5,1161.3,0.6774,6.453,0.0,0.0,0.253,12.47,0.0,0.8787,0.68,0.248,38.43,IMD gridded 0.25deg (REAL_GOVERNMENT),SYNTHETIC,REAL_GOVERNMENT
2024-05-11,DEMO_MINE,SYN_MINE_01,1568.5,1586.3,1.0,0.0,0.0,0.696,0.588,12.09,0.002,0.8523,0.0,0.248,38.92,IMD gridded 0.25deg (REAL_GOVERNMENT),SYNTHETIC,REAL_GOVERNMENT
2024-05-12,DEMO_MINE,SYN_MINE_01,1333.2,506.0,0.825,0.0,3.5,3.4,0.086,10.64,5.585,0.3519,0.0,0.245,39.1,IMD gridded 0.25deg (REAL_GOVERNMENT),SYNTHETIC,REAL_GOVERNMENT
2024-05-13,DEMO_MINE,SYN_MINE_01,1568.5,1343.2,0.8582,2.836,0.0,0.0,0.493,12.0,0.003,0.8326,0.0,0.252,37.95,IMD gridded 0.25deg (REAL_GOVERNMENT),SYNTHETIC,REAL_GOVERNMENT
2024-05-14,DEMO_MINE,SYN_MINE_01,1568.5,1253.0,0.7224,5.551,0.0,0.915,0.0,11.44,0.069,0.8728,0.0,0.253,39.61,IMD gridded 0.25deg (REAL_GOVERNMENT),SYNTHETIC,REAL_GOVERNMENT
2024-05-15,DEMO_MINE,SYN_MINE_01,1568.5,1663.4,1.0,0.0,0.0,0.0,0.173,12.09,0.138,0.862,0.0,0.255,37.32,IMD gridded 0.25deg (REAL_GOVERNMENT),SYNTHETIC,REAL_GOVERNMENT
2024-05-16,DEMO_MINE,SYN_MINE_01,1568.5,1366.5,0.9119,1.23,0.0,1.827,0.196,12.17,0.129,0.7947,0.0,0.263,38.25,IMD gridded 0.25deg (REAL_GOVERNMENT),SYNTHETIC,REAL_GOVERNMENT
2024-05-17,DEMO_MINE,SYN_MINE_01,1568.5,1758.2,1.0,0.0,0.0,0.0,0.066,12.27,0.254,0.8891,0.0,0.265,35.13,IMD gridded 0.25deg (REAL_GOVERNMENT),SYNTHETIC,REAL_GOVERNMENT
2024-05-18,DEMO_MINE,SYN_MINE_01,1568.5,1542.1,1.0,0.0,0.0,1.048,0.981,12.0,0.011,0.8527,0.18,0.26,38.59,IMD gridded 0.25deg (REAL_GOVERNMENT),SYNTHETIC,REAL_GOVERNMENT
2024-05-19,DEMO_MINE,SYN_MINE_01,1333.2,958.6,0.6909,2.682,3.5,0.0,0.031,11.81,0.173,0.7293,0.0,0.28,39.85,IMD gridded 0.25deg (REAL_GOVERNMENT),SYNTHETIC,REAL_GOVERNMENT
2024-05-20,DEMO_MINE,SYN_MINE_01,1568.5,1518.7,1.0,0.0,0.0,0.84,0.08,11.51,0.948,0.8192,0.0,0.267,40.24,IMD gridded 0.25deg (REAL_GOVERNMENT),SYNTHETIC,REAL_GOVERNMENT
2024-05-21,DEMO_MINE,SYN_MINE_01,1568.5,1754.0,1.0,0.0,0.0,0.0,0.028,12.45,0.315,0.8915,0.0,0.245,40.52,IMD gridded 0.25deg (REAL_GOVERNMENT),SYNTHETIC,REAL_GOVERNMENT
2024-05-22,DEMO_MINE,SYN_MINE_01,1568.5,1608.3,1.0,0.0,0.0,0.781,0.0,12.39,0.337,0.8192,0.18,0.25,40.65,IMD gridded 0.25deg (REAL_GOVERNMENT),SYNTHETIC,REAL_GOVERNMENT
2024-05-23,DEMO_MINE,SYN_MINE_01,1568.5,1596.3,1.0,0.0,0.0,0.0,0.009,12.48,0.239,0.8332,0.0,0.259,40.76,IMD gridded 0.25deg (REAL_GOVERNMENT),SYNTHETIC,REAL_GOVERNMENT
2024-05-24,DEMO_MINE,SYN_MINE_01,1568.5,1589.2,1.0,0.0,0.0,0.739,0.124,11.97,0.08,0.8124,0.0,0.252,41.27,IMD gridded 0.25deg (REAL_GOVERNMENT),SYNTHETIC,REAL_GOVERNMENT
2024-05-25,DEMO_MINE,SYN_MINE_01,1568.5,1562.2,1.0,0.0,0.0,0.0,0.33,12.35,0.151,0.8369,0.0,0.248,41.3,IMD gridded 0.25deg (REAL_GOVERNMENT),SYNTHETIC,REAL_GOVERNMENT
2024-05-26,DEMO_MINE,SYN_MINE_01,1333.2,1399.0,1.0,0.0,0.0,1.567,0.186,12.11,0.536,0.7414,1.23,0.247,42.56,IMD gridded 0.25deg (REAL_GOVERNMENT),SYNTHETIC,REAL_GOVERNMENT
2024-05-27,DEMO_MINE,SYN_MINE_01,1568.5,1550.5,1.0,0.0,0.0,1.199,0.0,10.78,1.716,0.8832,0.0,0.252,42.59,IMD gridded 0.25deg (REAL_GOVERNMENT),SYNTHETIC,REAL_GOVERNMENT
2024-05-28,DEMO_MINE,SYN_MINE_01,1568.5,1175.1,0.7116,5.769,0.0,0.0,0.144,11.76,0.0,0.8474,0.0,0.252,42.14,IMD gridded 0.25deg (REAL_GOVERNMENT),SYNTHETIC,REAL_GOVERNMENT
2024-05-29,DEMO_MINE,SYN_MINE_01,1568.5,1463.5,0.8322,0.0,3.356,0.0,0.087,13.0,0.0,0.891,0.0,0.254,42.27,IMD gridded 0.25deg (REAL_GOVERNMENT),SYNTHETIC,REAL_GOVERNMENT
2024-05-30,DEMO_MINE,SYN_MINE_01,1568.5,1646.4,1.0,0.0,0.0,0.967,0.03,11.87,0.538,0.8697,0.0,0.25,42.06,IMD gridded 0.25deg (REAL_GOVERNMENT),SYNTHETIC,REAL_GOVERNMENT
2024-05-31,DEMO_MINE,SYN_MINE_01,1568.5,1766.2,1.0,0.0,0.0,0.68,0.059,14.23,0.0,0.894,0.0,0.248,42.41,IMD gridded 0.25deg (REAL_GOVERNMENT),SYNTHETIC,REAL_GOVERNMENT
2024-06-01,DEMO_MINE,SYN_MINE_01,1568.5,909.2,0.5527,8.947,0.0,0.0,0.122,14.08,0.0,0.8544,0.0,0.247,41.76,IMD gridded 0.25deg (REAL_GOVERNMENT),SYNTHETIC,REAL_GOVERNMENT
2024-06-02,DEMO_MINE,SYN_MINE_01,1333.2,841.2,0.5921,8.158,0.0,0.968,0.119,15.0,0.0,0.735,0.0,0.24,40.5,IMD gridded 0.25deg (REAL_GOVERNMENT),SYNTHETIC,REAL_GOVERNMENT
2024-06-03,DEMO_MINE,SYN_MINE_01,1568.5,1503.3,0.9639,0.722,0.0,0.248,0.338,13.93,0.0,0.8144,0.0,0.251,40.36,IMD gridded 0.25deg (REAL_GOVERNMENT),SYNTHETIC,REAL_GOVERNMENT
2024-06-04,DEMO_MINE,SYN_MINE_01,1568.5,1688.4,1.0,0.0,0.0,0.0,0.0,13.75,0.0,0.8482,0.15,0.237,39.24,IMD gridded 0.25deg (REAL_GOVERNMENT),SYNTHETIC,REAL_GOVERNMENT
2024-06-05,DEMO_MINE,SYN_MINE_01,1568.5,1409.6,0.825,0.0,3.5,0.0,0.045,13.36,0.0,0.8618,0.0,0.244,37.47,IMD gridded 0.25deg (REAL_GOVERNMENT),SYNTHETIC,REAL_GOVERNMENT
2024-06-06,DEMO_MINE,SYN_MINE_01,1568.5,1576.7,0.9473,1.054,0.0,0.817,0.372,12.58,0.012,0.8872,0.0,0.242,40.47,IMD gridded 0.25deg (REAL_GOVERNMENT),SYNTHETIC,REAL_GOVERNMENT
2024-06-07,DEMO_MINE,SYN_MINE_01,1568.5,1462.9,0.8844,2.311,0.0,0.0,0.33,13.41,0.0,0.8806,0.0,0.244,40.65,IMD gridded 0.25deg (REAL_GOVERNMENT),SYNTHETIC,REAL_GOVERNMENT
2024-06-08,DEMO_MINE,SYN_MINE_01,1568.5,952.8,0.5589,8.823,0.0,0.0,0.03,14.18,0.0,0.8759,0.69,0.261,39.38,IMD gridded 0.25deg (REAL_GOVERNMENT),SYNTHETIC,REAL_GOVERNMENT
2024-06-09,DEMO_MINE,SYN_MINE_01,1333.2,1250.9,1.0,0.0,0.0,0.681,0.583,14.34,0.0,0.6591,0.0,0.273,39.88,IMD gridded 0.25deg (REAL_GOVERNMENT),SYNTHETIC,REAL_GOVERNMENT
2024-06-10,DEMO_MINE,SYN_MINE_01,1568.5,1726.5,1.0,0.0,0.0,0.673,0.076,12.92,0.0,0.8833,0.0,0.328,38.73,IMD gridded 0.25deg (REAL_GOVERNMENT),SYNTHETIC,REAL_GOVERNMENT
2024-06-11,DEMO_MINE,SYN_MINE_01,1568.5,1369.2,0.8547,2.906,0.0,3.873,0.194,12.54,0.0,0.8175,0.0,0.295,39.48,IMD gridded 0.25deg (REAL_GOVERNMENT),SYNTHETIC,REAL_GOVERNMENT
2024-06-12,DEMO_MINE,SYN_MINE_01,1568.5,1642.7,1.0,0.0,0.0,0.776,0.129,13.65,0.0,0.8362,0.0,0.322,37.22,IMD gridded 0.25deg (REAL_GOVERNMENT),SYNTHETIC,REAL_GOVERNMENT
2024-06-13,DEMO_MINE,SYN_MINE_01,1568.5,1290.6,1.0,0.0,0.0,1.328,0.318,13.87,1.993,0.6737,5.25,0.404,38.05,IMD gridded 0.25deg (REAL_GOVERNMENT),SYNTHETIC,REAL_GOVERNMENT
2024-06-14,DEMO_MINE,SYN_MINE_01,1568.5,1584.4,1.0,0.0,0.0,0.998,0.222,13.38,0.0,0.8347,0.0,0.37,39.65,IMD gridded 0.25deg (REAL_GOVERNMENT),SYNTHETIC,REAL_GOVERNMENT
2024-06-15,DEMO_MINE,SYN_MINE_01,1568.5,1708.0,1.0,0.0,0.0,0.0,0.05,14.0,0.0,0.8631,0.0,0.356,39.29,IMD gridded 0.25deg (REAL_GOVERNMENT),SYNTHETIC,REAL_GOVERNMENT
2024-06-16,DEMO_MINE,SYN_MINE_01,1333.2,801.7,0.6032,7.936,0.0,0.89,0.414,14.69,0.0,0.7272,0.24,0.437,38.52,IMD gridded 0.25deg (REAL_GOVERNMENT),SYNTHETIC,REAL_GOVERNMENT
2024-06-17,DEMO_MINE,SYN_MINE_01,1568.5,1364.5,0.8359,3.282,0.0,0.737,0.694,12.77,0.0,0.8925,0.0,0.402,38.31,IMD gridded 0.25deg (REAL_GOVERNMENT),SYNTHETIC,REAL_GOVERNMENT
2024-06-18,DEMO_MINE,SYN_MINE_01,1568.5,1582.1,0.9021,1.958,0.0,0.0,0.0,13.61,0.612,0.9236,0.0,0.404,37.56,IMD gridded 0.25deg (REAL_GOVERNMENT),SYNTHETIC,REAL_GOVERNMENT
2024-06-19,DEMO_MINE,SYN_MINE_01,1568.5,1339.9,0.825,0.0,3.5,0.0,0.0,13.54,0.588,0.8565,6.7,0.438,34.34,IMD gridded 0.25deg (REAL_GOVERNMENT),SYNTHETIC,REAL_GOVERNMENT
2024-06-20,DEMO_MINE,SYN_MINE_01,1568.5,1457.5,1.0,0.0,0.0,3.796,0.595,14.18,1.032,0.8413,10.69,0.468,35.03,IMD gridded 0.25deg (REAL_GOVERNMENT),SYNTHETIC,REAL_GOVERNMENT
2024-06-21,DEMO_MINE,SYN_MINE_01,1568.5,1324.7,0.825,0.0,3.5,0.139,0.697,14.75,0.298,0.895,7.16,0.482,34.1,IMD gridded 0.25deg (REAL_GOVERNMENT),SYNTHETIC,REAL_GOVERNMENT
2024-06-22,DEMO_MINE,SYN_MINE_01,1568.5,1326.1,1.0,0.0,0.0,0.0,0.123,13.55,2.349,0.8092,6.85,0.5,32.08,IMD gridded 0.25deg (REAL_GOVERNMENT),SYNTHETIC,REAL_GOVERNMENT
2024-06-23,DEMO_MINE,SYN_MINE_01,1333.2,1127.4,0.9808,0.384,0.0,1.642,0.175,12.96,2.096,0.7131,1.36,0.496,32.75,IMD gridded 0.25deg (REAL_GOVERNMENT),SYNTHETIC,REAL_GOVERNMENT
2024-06-24,DEMO_MINE,SYN_MINE_01,1568.5,1074.8,0.6131,7.739,0.0,0.0,0.057,14.29,0.0,0.8876,7.2,0.498,33.79,IMD gridded 0.25deg (REAL_GOVERNMENT),SYNTHETIC,REAL_GOVERNMENT
2024-06-25,DEMO_MINE,SYN_MINE_01,1568.5,1584.3,1.0,0.0,0.0,0.91,0.0,12.98,1.762,0.8788,0.0,0.464,35.24,IMD gridded 0.25deg (REAL_GOVERNMENT),SYNTHETIC,REAL_GOVERNMENT
2024-06-26,DEMO_MINE,SYN_MINE_01,1568.5,1189.3,0.744,5.119,0.0,1.628,0.065,13.63,0.551,0.8526,0.0,0.427,35.82,IMD gridded 0.25deg (REAL_GOVERNMENT),SYNTHETIC,REAL_GOVERNMENT
2024-06-27,DEMO_MINE,SYN_MINE_01,1568.5,1277.4,1.0,0.0,0.0,0.0,0.27,12.83,2.214,0.7797,1.75,0.478,33.92,IMD gridded 0.25deg (REAL_GOVERNMENT),SYNTHETIC,REAL_GOVERNMENT
2024-06-28,DEMO_MINE,SYN_MINE_01,1568.5,1471.7,1.0,0.0,0.0,1.228,0.189,13.86,1.474,0.8442,1.32,0.485,31.96,IMD gridded 0.25deg (REAL_GOVERNMENT),SYNTHETIC,REAL_GOVERNMENT
2024-06-29,DEMO_MINE,SYN_MINE_01,1568.5,1174.0,1.0,0.0,0.0,1.964,0.252,12.81,3.749,0.802,34.89,0.482,31.26,IMD gridded 0.25deg (REAL_GOVERNMENT),SYNTHETIC,REAL_GOVERNMENT
2024-06-30,DEMO_MINE,SYN_MINE_01,1333.2,1190.8,1.0,0.0,0.0,1.667,0.259,14.02,2.143,0.7412,20.44,0.495,30.15,IMD gridded 0.25deg (REAL_GOVERNMENT),SYNTHETIC,REAL_GOVERNMENT
2024-07-01,DEMO_MINE,SYN_MINE_01,1411.7,1406.4,1.0,0.0,0.0,0.0,0.202,13.96,1.651,0.818,0.91,0.496,29.1,IMD gridded 0.25deg (REAL_GOVERNMENT),SYNTHETIC,REAL_GOVERNMENT
2024-07-02,DEMO_MINE,SYN_MINE_01,1411.7,1322.0,1.0,0.0,0.0,0.741,0.305,13.14,3.036,0.8546,6.39,0.502,28.88,IMD gridded 0.25deg (REAL_GOVERNMENT),SYNTHETIC,REAL_GOVERNMENT
2024-07-03,DEMO_MINE,SYN_MINE_01,1411.7,1372.5,1.0,0.0,0.0,0.0,0.041,12.69,2.702,0.8362,0.77,0.484,32.06,IMD gridded 0.25deg (REAL_GOVERNMENT),SYNTHETIC,REAL_GOVERNMENT
2024-07-04,DEMO_MINE,SYN_MINE_01,1411.7,1237.5,1.0,0.0,0.0,0.0,0.119,11.75,4.337,0.8435,10.1,0.491,30.42,IMD gridded 0.25deg (REAL_GOVERNMENT),SYNTHETIC,REAL_GOVERNMENT
2024-07-05,DEMO_MINE,SYN_MINE_01,1411.7,923.2,0.5994,8.012,0.0,0.754,0.043,12.91,0.533,0.8478,18.77,0.496,31.47,IMD gridded 0.25deg (REAL_GOVERNMENT),SYNTHETIC,REAL_GOVERNMENT
2024-07-06,DEMO_MINE,SYN_MINE_01,1411.7,1456.1,0.9531,0.938,0.0,0.0,0.131,13.31,2.102,0.9005,15.89,0.479,31.04,IMD gridded 0.25deg (REAL_GOVERNMENT),SYNTHETIC,REAL_GOVERNMENT
2024-07-07,DEMO_MINE,SYN_MINE_01,1199.9,565.2,0.3786,5.428,7.0,0.894,0.18,12.55,0.0,0.8026,14.03,0.484,31.53,IMD gridded 0.25deg (REAL_GOVERNMENT),SYNTHETIC,REAL_GOVERNMENT
2024-07-08,DEMO_MINE,SYN_MINE_01,1411.7,1095.1,0.6882,6.236,0.0,1.962,0.0,12.94,0.713,0.8618,27.59,0.494,32.46,IMD gridded 0.25deg (REAL_GOVERNMENT),SYNTHETIC,REAL_GOVERNMENT
2024-07-09,DEMO_MINE,SYN_MINE_01,1411.7,1230.8,0.7775,4.449,0.0,0.168,0.0,12.79,1.622,0.8995,11.97,0.498,32.3,IMD gridded 0.25deg (REAL_GOVERNMENT),SYNTHETIC,REAL_GOVERNMENT
2024-07-10,DEMO_MINE,SYN_MINE_01,1411.7,773.4,0.4632,10.736,0.0,3.122,0.05,13.49,0.0,0.8718,11.27,0.493,32.66,IMD gridded 0.25deg (REAL_GOVERNMENT),SYNTHETIC,REAL_GOVERNMENT
2024-07-11,DEMO_MINE,SYN_MINE_01,1411.7,1428.2,1.0,0.0,0.0,1.633,0.184,13.28,2.55,0.8642,0.0,0.498,31.52,IMD gridded 0.25deg (REAL_GOVERNMENT),SYNTHETIC,REAL_GOVERNMENT
2024-07-12,DEMO_MINE,SYN_MINE_01,1411.7,1327.6,1.0,0.0,0.0,2.364,0.075,13.29,3.353,0.8476,21.16,0.499,31.61,IMD gridded 0.25deg (REAL_GOVERNMENT),SYNTHETIC,REAL_GOVERNMENT
2024-07-13,DEMO_MINE,SYN_MINE_01,1411.7,1231.4,1.0,0.0,0.0,0.0,0.39,13.04,3.644,0.8437,17.52,0.507,30.65,IMD gridded 0.25deg (REAL_GOVERNMENT),SYNTHETIC,REAL_GOVERNMENT
2024-07-14,DEMO_MINE,SYN_MINE_01,1199.9,1022.4,1.0,0.0,0.0,2.858,0.275,12.7,3.737,0.7341,25.59,0.508,31.27,IMD gridded 0.25deg (REAL_GOVERNMENT),SYNTHETIC,REAL_GOVERNMENT
2024-07-15,DEMO_MINE,SYN_MINE_01,1411.7,1342.5,1.0,0.0,0.0,1.759,0.413,13.85,2.076,0.8249,2.93,0.504,31.53,IMD gridded 0.25deg (REAL_GOVERNMENT),SYNTHETIC,REAL_GOVERNMENT
2024-07-16,DEMO_MINE,SYN_MINE_01,1411.7,1343.6,1.0,0.0,0.0,0.932,0.234,13.3,2.841,0.8465,5.9,0.505,31.5,IMD gridded 0.25deg (REAL_GOVERNMENT),SYNTHETIC,REAL_GOVERNMENT
2024-07-17,DEMO_MINE,SYN_MINE_01,1411.7,861.9,0.6726,6.548,0.0,2.933,0.176,13.69,2.186,0.6838,16.34,0.501,30.05,IMD gridded 0.25deg (REAL_GOVERNMENT),SYNTHETIC,REAL_GOVERNMENT
2024-07-18,DEMO_MINE,SYN_MINE_01,1411.7,1286.2,1.0,0.0,0.0,0.697,0.679,13.7,2.047,0.8042,3.18,0.499,31.1,IMD gridded 0.25deg (REAL_GOVERNMENT),SYNTHETIC,REAL_GOVERNMENT
2024-07-19,DEMO_MINE,SYN_MINE_01,1411.7,1296.8,1.0,0.0,0.0,0.796,0.403,12.92,3.089,0.8447,6.76,0.496,31.03,IMD gridded 0.25deg (REAL_GOVERNMENT),SYNTHETIC,REAL_GOVERNMENT
2024-07-20,DEMO_MINE,SYN_MINE_01,1411.7,1163.7,1.0,0.0,0.0,1.388,0.084,14.2,3.86,0.7004,11.22,0.505,29.3,IMD gridded 0.25deg (REAL_GOVERNMENT),SYNTHETIC,REAL_GOVERNMENT
2024-07-21,DEMO_MINE,SYN_MINE_01,1199.9,923.9,1.0,0.0,0.0,2.97,0.146,13.17,3.915,0.6787,59.09,0.505,30.39,IMD gridded 0.25deg (REAL_GOVERNMENT),SYNTHETIC,REAL_GOVERNMENT
2024-07-22,DEMO_MINE,SYN_MINE_01,1411.7,1362.4,0.9615,0.769,0.0,3.575,0.24,13.29,3.592,0.909,33.97,0.508,28.36,IMD gridded 0.25deg (REAL_GOVERNMENT),SYNTHETIC,REAL_GOVERNMENT
2024-07-23,DEMO_MINE,SYN_MINE_01,1411.7,505.5,0.6998,6.004,0.0,4.664,0.019,13.2,5.941,0.4204,51.59,0.506,27.65,IMD gridded 0.25deg (REAL_GOVERNMENT),SYNTHETIC,REAL_GOVERNMENT
2024-07-24,DEMO_MINE,SYN_MINE_01,1411.7,1115.6,0.825,0.0,3.5,2.01,0.134,14.38,1.799,0.8194,31.28,0.508,26.17,IMD gridded 0.25deg (REAL_GOVERNMENT),SYNTHETIC,REAL_GOVERNMENT
2024-07-25,DEMO_MINE,SYN_MINE_01,1411.7,1470.7,1.0,0.0,0.0,1.846,0.234,13.46,2.986,0.9251,7.09,0.504,27.29,IMD gridded 0.25deg (REAL_GOVERNMENT),SYNTHETIC,REAL_GOVERNMENT
2024-07-26,DEMO_MINE,SYN_MINE_01,1411.7,1190.7,1.0,0.0,0.0,0.736,0.281,13.0,3.861,0.7735,3.35,0.501,27.68,IMD gridded 0.25deg (REAL_GOVERNMENT),SYNTHETIC,REAL_GOVERNMENT
2024-07-27,DEMO_MINE,SYN_MINE_01,1411.7,974.9,0.6749,2.998,3.5,1.633,0.083,12.66,2.37,0.9123,6.26,0.507,27.91,IMD gridded 0.25deg (REAL_GOVERNMENT),SYNTHETIC,REAL_GOVERNMENT
2024-07-28,DEMO_MINE,SYN_MINE_01,1199.9,981.5,0.8888,2.224,0.0,3.784,0.179,14.25,2.225,0.7117,56.67,0.505,27.18,IMD gridded 0.25deg (REAL_GOVERNMENT),SYNTHETIC,REAL_GOVERNMENT
2024-07-29,DEMO_MINE,SYN_MINE_01,1411.7,804.0,0.5,10.0,0.0,0.798,0.103,13.58,0.0,0.8384,19.27,0.503,28.23,IMD gridded 0.25deg (REAL_GOVERNMENT),SYNTHETIC,REAL_GOVERNMENT
2024-07-30,DEMO_MINE,SYN_MINE_01,1411.7,1280.9,0.7863,4.274,0.0,2.181,0.297,12.99,0.959,0.8941,1.85,0.495,30.5,IMD gridded 0.25deg (REAL_GOVERNMENT),SYNTHETIC,REAL_GOVERNMENT
2024-07-31,DEMO_MINE,SYN_MINE_01,1411.7,659.0,0.4021,11.959,0.0,2.752,0.008,14.33,0.0,0.8511,4.81,0.508,29.6,IMD gridded 0.25deg (REAL_GOVERNMENT),SYNTHETIC,REAL_GOVERNMENT
2024-08-01,DEMO_MINE,SYN_MINE_01,1411.7,841.1,0.5563,8.873,0.0,0.44,0.0,13.63,0.373,0.8018,7.95,0.511,27.41,IMD gridded 0.25deg (REAL_GOVERNMENT),SYNTHETIC,REAL_GOVERNMENT
2024-08-02,DEMO_MINE,SYN_MINE_01,1411.7,634.9,1.0,0.0,0.0,3.406,0.194,14.07,6.347,0.4031,17.54,0.506,27.1,IMD gridded 0.25deg (REAL_GOVERNMENT),SYNTHETIC,REAL_GOVERNMENT
2024-08-03,DEMO_MINE,SYN_MINE_01,1411.7,995.8,0.5752,8.496,0.0,1.667,0.132,14.08,0.023,0.8952,35.76,0.504,26.58,IMD gridded 0.25deg (REAL_GOVERNMENT),SYNTHETIC,REAL_GOVERNMENT
2024-08-04,DEMO_MINE,SYN_MINE_01,1199.9,696.4,0.5,10.0,0.0,1.667,0.296,13.55,0.0,0.7568,24.21,0.51,27.1,IMD gridded 0.25deg (REAL_GOVERNMENT),SYNTHETIC,REAL_GOVERNMENT
2024-08-05,DEMO_MINE,SYN_MINE_01,1411.7,662.5,0.5,10.0,0.0,2.243,0.057,13.36,1.952,0.6953,10.73,0.492,30.48,IMD gridded 0.25deg (REAL_GOVERNMENT),SYNTHETIC,REAL_GOVERNMENT
2024-08-06,DEMO_MINE,SYN_MINE_01,1411.7,1137.0,0.7087,5.827,0.0,1.804,0.117,13.08,0.661,0.8738,5.66,0.495,30.38,IMD gridded 0.25deg (REAL_GOVERNMENT),SYNTHETIC,REAL_GOVERNMENT
2024-08-07,DEMO_MINE,SYN_MINE_01,1411.7,939.6,0.559,8.82,0.0,1.667,0.073,12.92,0.0,0.8746,31.37,0.506,27.81,IMD gridded 0.25deg (REAL_GOVERNMENT),SYNTHETIC,REAL_GOVERNMENT
2024-08-08,DEMO_MINE,SYN_MINE_01,1411.7,486.3,0.5,10.0,0.0,3.949,0.119,11.26,4.013,0.513,79.33,0.507,27.62,IMD gridded 0.25deg (REAL_GOVERNMENT),SYNTHETIC,REAL_GOVERNMENT
2024-08-09,DEMO_MINE,SYN_MINE_01,1411.7,878.2,0.9336,1.329,0.0,0.688,4.14,11.67,3.241,0.8759,7.14,0.49,28.26,IMD gridded 0.25deg (REAL_GOVERNMENT),SYNTHETIC,REAL_GOVERNMENT
2024-08-10,DEMO_MINE,SYN_MINE_01,1411.7,1320.5,1.0,0.0,0.0,0.0,0.089,11.47,4.572,0.8988,8.11,0.482,28.22,IMD gridded 0.25deg (REAL_GOVERNMENT),SYNTHETIC,REAL_GOVERNMENT
2024-08-11,DEMO_MINE,SYN_MINE_01,1199.9,1022.3,1.0,0.0,0.0,1.218,0.444,11.52,3.875,0.7498,5.4,0.49,28.9,IMD gridded 0.25deg (REAL_GOVERNMENT),SYNTHETIC,REAL_GOVERNMENT
2024-08-12,DEMO_MINE,SYN_MINE_01,1411.7,1259.3,1.0,0.0,0.0,0.905,0.214,11.41,4.32,0.867,2.53,0.484,30.37,IMD gridded 0.25deg (REAL_GOVERNMENT),SYNTHETIC,REAL_GOVERNMENT
2024-08-13,DEMO_MINE,SYN_MINE_01,1411.7,886.4,0.6716,6.569,0.0,1.141,0.154,10.97,1.823,0.8319,0.46,0.471,31.64,IMD gridded 0.25deg (REAL_GOVERNMENT),SYNTHETIC,REAL_GOVERNMENT
2024-08-14,DEMO_MINE,SYN_MINE_01,1411.7,311.6,0.5,10.0,0.0,0.0,5.621,12.34,0.0,0.8751,3.23,0.496,31.01,IMD gridded 0.25deg (REAL_GOVERNMENT),SYNTHETIC,REAL_GOVERNMENT
2024-08-15,DEMO_MINE,SYN_MINE_01,1411.7,0.0,0.7498,5.003,0.0,0.774,9.507,10.71,3.052,0.8375,19.58,0.506,29.96,IMD gridded 0.25deg (REAL_GOVERNMENT),SYNTHETIC,REAL_GOVERNMENT
2024-08-16,DEMO_MINE,SYN_MINE_01,1411.7,0.0,1.0,0.0,0.0,0.37,11.341,11.25,4.835,0.8088,6.83,0.505,30.4,IMD gridded 0.25deg (REAL_GOVERNMENT),SYNTHETIC,REAL_GOVERNMENT
2024-08-17,DEMO_MINE,SYN_MINE_01,1411.7,0.0,0.6746,0.0,6.507,1.024,9.528,12.19,2.198,0.8691,0.0,0.491,30.04,IMD gridded 0.25deg (REAL_GOVERNMENT),SYNTHETIC,REAL_GOVERNMENT
2024-08-18,DEMO_MINE,SYN_MINE_01,1199.9,0.0,1.0,0.0,0.0,1.761,10.143,10.71,4.381,0.7262,1.6,0.49,31.39,IMD gridded 0.25deg (REAL_GOVERNMENT),SYNTHETIC,REAL_GOVERNMENT
2024-08-19,DEMO_MINE,SYN_MINE_01,1411.7,0.0,1.0,0.0,0.0,2.293,13.742,12.01,4.037,0.8889,0.0,0.499,31.57,IMD gridded 0.25deg (REAL_GOVERNMENT),SYNTHETIC,REAL_GOVERNMENT
2024-08-20,DEMO_MINE,SYN_MINE_01,1411.7,0.0,0.9502,0.997,0.0,0.392,13.882,11.82,3.342,0.9064,2.16,0.494,31.3,IMD gridded 0.25deg (REAL_GOVERNMENT),SYNTHETIC,REAL_GOVERNMENT
2024-08-21,DEMO_MINE,SYN_MINE_01,1411.7,0.0,0.5,10.0,0.0,3.174,8.645,12.15,0.0,0.8645,0.0,0.487,31.56,IMD gridded 0.25deg (REAL_GOVERNMENT),SYNTHETIC,REAL_GOVERNMENT
2024-08-22,DEMO_MINE,SYN_MINE_01,1411.7,0.0,0.9318,1.363,0.0,0.203,12.437,12.24,3.038,0.8303,8.6,0.511,30.76,IMD gridded 0.25deg (REAL_GOVERNMENT),SYNTHETIC,REAL_GOVERNMENT
2024-08-23,DEMO_MINE,SYN_MINE_01,1411.7,0.0,1.0,0.0,0.0,2.927,11.197,10.88,6.098,0.8647,23.58,0.505,30.84,IMD gridded 0.25deg (REAL_GOVERNMENT),SYNTHETIC,REAL_GOVERNMENT
2024-08-24,DEMO_MINE,SYN_MINE_01,1411.7,0.0,1.0,0.0,0.0,0.047,11.296,10.96,5.335,0.8315,7.19,0.506,28.04,IMD gridded 0.25deg (REAL_GOVERNMENT),SYNTHETIC,REAL_GOVERNMENT
2024-08-25,DEMO_MINE,SYN_MINE_01,1199.9,865.9,1.0,0.0,0.0,1.175,0.125,10.48,5.087,0.7097,8.2,0.51,26.79,IMD gridded 0.25deg (REAL_GOVERNMENT),SYNTHETIC,REAL_GOVERNMENT
2024-08-26,DEMO_MINE,SYN_MINE_01,1411.7,1026.1,0.7688,4.624,0.0,0.0,0.092,11.3,2.365,0.8533,10.26,0.493,29.76,IMD gridded 0.25deg (REAL_GOVERNMENT),SYNTHETIC,REAL_GOVERNMENT
2024-08-27,DEMO_MINE,SYN_MINE_01,1411.7,1104.3,0.7328,5.344,0.0,1.276,0.118,12.44,0.832,0.8499,0.64,0.473,31.27,IMD gridded 0.25deg (REAL_GOVERNMENT),SYNTHETIC,REAL_GOVERNMENT
2024-08-28,DEMO_MINE,SYN_MINE_01,1411.7,1166.7,0.7869,4.261,0.0,1.084,0.0,11.7,1.216,0.8298,0.0,0.456,31.9,IMD gridded 0.25deg (REAL_GOVERNMENT),SYNTHETIC,REAL_GOVERNMENT
2024-08-29,DEMO_MINE,SYN_MINE_01,1411.7,1112.0,0.811,3.779,0.0,1.818,0.256,11.87,1.721,0.8329,0.0,0.466,31.27,IMD gridded 0.25deg (REAL_GOVERNMENT),SYNTHETIC,REAL_GOVERNMENT
2024-08-30,DEMO_MINE,SYN_MINE_01,1411.7,1153.4,0.8473,3.053,0.0,1.834,0.187,12.5,1.975,0.8356,2.58,0.492,30.76,IMD gridded 0.25deg (REAL_GOVERNMENT),SYNTHETIC,REAL_GOVERNMENT
2024-08-31,DEMO_MINE,SYN_MINE_01,1411.7,1329.3,0.9454,1.091,0.0,1.691,0.353,12.31,2.714,0.8881,2.69,0.489,31.43,IMD gridded 0.25deg (REAL_GOVERNMENT),SYNTHETIC,REAL_GOVERNMENT
2024-09-01,DEMO_MINE,SYN_MINE_01,1199.9,740.3,0.556,8.88,0.0,2.003,0.163,12.34,0.117,0.7173,42.78,0.494,31.12,IMD gridded 0.25deg (REAL_GOVERNMENT),SYNTHETIC,REAL_GOVERNMENT
2024-09-02,DEMO_MINE,SYN_MINE_01,1411.7,940.4,0.6389,7.221,0.0,0.0,0.113,12.45,0.771,0.832,0.12,0.497,29.53,IMD gridded 0.25deg (REAL_GOVERNMENT),SYNTHETIC,REAL_GOVERNMENT
2024-09-03,DEMO_MINE,SYN_MINE_01,1411.7,1308.0,1.0,0.0,0.0,1.053,0.422,12.55,3.493,0.8784,10.38,0.488,29.84,IMD gridded 0.25deg (REAL_GOVERNMENT),SYNTHETIC,REAL_GOVERNMENT
2024-09-04,DEMO_MINE,SYN_MINE_01,1411.7,838.3,0.65,0.0,7.0,0.306,0.159,11.66,2.517,0.8634,0.0,0.483,31.28,IMD gridded 0.25deg (REAL_GOVERNMENT),SYNTHETIC,REAL_GOVERNMENT
2024-09-05,DEMO_MINE,SYN_MINE_01,1411.7,923.0,0.7823,4.354,0.0,3.004,0.665,11.52,3.387,0.8757,37.37,0.499,30.87,IMD gridded 0.25deg (REAL_GOVERNMENT),SYNTHETIC,REAL_GOVERNMENT
2024-09-06,DEMO_MINE,SYN_MINE_01,1411.7,774.7,0.5472,9.057,0.0,3.697,0.0,12.0,1.547,0.8573,34.11,0.499,30.67,IMD gridded 0.25deg (REAL_GOVERNMENT),SYNTHETIC,REAL_GOVERNMENT
2024-09-07,DEMO_MINE,SYN_MINE_01,1411.7,1358.5,1.0,0.0,0.0,1.367,0.138,12.54,3.245,0.8602,1.26,0.495,31.14,IMD gridded 0.25deg (REAL_GOVERNMENT),SYNTHETIC,REAL_GOVERNMENT
2024-09-08,DEMO_MINE,SYN_MINE_01,1199.9,721.5,0.548,9.041,0.0,1.903,0.016,10.87,0.608,0.7178,5.76,0.495,30.89,IMD gridded 0.25deg (REAL_GOVERNMENT),SYNTHETIC,REAL_GOVERNMENT
2024-09-09,DEMO_MINE,SYN_MINE_01,1411.7,1127.4,0.8848,2.303,0.0,0.079,0.347,11.01,3.74,0.897,2.83,0.5,30.87,IMD gridded 0.25deg (REAL_GOVERNMENT),SYNTHETIC,REAL_GOVERNMENT
2024-09-10,DEMO_MINE,SYN_MINE_01,1411.7,566.3,1.0,0.0,0.0,3.758,0.173,11.21,8.471,0.5738,116.19,0.514,27.79,IMD gridded 0.25deg (REAL_GOVERNMENT),SYNTHETIC,REAL_GOVERNMENT
2024-09-11,DEMO_MINE,SYN_MINE_01,1411.7,1027.1,0.9378,1.245,0.0,2.825,0.213,11.98,4.415,0.8076,51.43,0.5,27.86,IMD gridded 0.25deg (REAL_GOVERNMENT),SYNTHETIC,REAL_GOVERNMENT
2024-09-12,DEMO_MINE,SYN_MINE_01,1411.7,1113.5,0.8564,2.873,0.0,1.617,0.219,11.47,2.421,0.8321,0.0,0.484,28.48,IMD gridded 0.25deg (REAL_GOVERNMENT),SYNTHETIC,REAL_GOVERNMENT
2024-09-13,DEMO_MINE,SYN_MINE_01,1411.7,1299.5,1.0,0.0,0.0,0.0,0.047,11.92,3.641,0.8572,0.68,0.484,29.39,IMD gridded 0.25deg (REAL_GOVERNMENT),SYNTHETIC,REAL_GOVERNMENT
2024-09-14,DEMO_MINE,SYN_MINE_01,1411.7,1163.8,1.0,0.0,0.0,0.0,0.062,11.28,4.513,0.821,6.34,0.489,29.86,IMD gridded 0.25deg (REAL_GOVERNMENT),SYNTHETIC,REAL_GOVERNMENT
2024-09-15,DEMO_MINE,SYN_MINE_01,1199.9,1060.2,0.6903,6.194,0.0,1.212,0.037,12.0,0.137,0.7718,1.35,0.47,30.09,IMD gridded 0.25deg (REAL_GOVERNMENT),SYNTHETIC,REAL_GOVERNMENT
2024-09-16,DEMO_MINE,SYN_MINE_01,1411.7,1185.9,1.0,0.0,0.0,0.736,0.248,10.85,3.941,0.828,0.0,0.457,30.69,IMD gridded 0.25deg (REAL_GOVERNMENT),SYNTHETIC,REAL_GOVERNMENT
2024-09-17,DEMO_MINE,SYN_MINE_01,1411.7,1275.0,1.0,0.0,0.0,1.048,0.468,11.62,4.049,0.882,15.38,0.46,28.34,IMD gridded 0.25deg (REAL_GOVERNMENT),SYNTHETIC,REAL_GOVERNMENT
2024-09-18,DEMO_MINE,SYN_MINE_01,1411.7,1204.1,1.0,0.0,0.0,0.796,0.186,11.13,3.43,0.8104,1.71,0.45,28.81,IMD gridded 0.25deg (REAL_GOVERNMENT),SYNTHETIC,REAL_GOVERNMENT
2024-09-19,DEMO_MINE,SYN_MINE_01,1411.7,1506.6,1.0,0.0,0.0,0.0,0.0,11.21,3.119,0.9023,0.0,0.434,31.27,IMD gridded 0.25deg (REAL_GOVERNMENT),SYNTHETIC,REAL_GOVERNMENT
2024-09-20,DEMO_MINE,SYN_MINE_01,1411.7,1509.3,1.0,0.0,0.0,0.0,0.279,12.68,1.375,0.8622,0.0,0.441,32.86,IMD gridded 0.25deg (REAL_GOVERNMENT),SYNTHETIC,REAL_GOVERNMENT
2024-09-21,DEMO_MINE,SYN_MINE_01,1411.7,958.9,0.825,0.0,3.5,1.964,0.079,10.18,3.158,0.7971,0.0,0.45,33.65,IMD gridded 0.25deg (REAL_GOVERNMENT),SYNTHETIC,REAL_GOVERNMENT
2024-09-22,DEMO_MINE,SYN_MINE_01,1199.9,859.8,0.6841,6.317,0.0,0.046,0.078,11.41,1.386,0.7544,0.0,0.426,32.71,IMD gridded 0.25deg (REAL_GOVERNMENT),SYNTHETIC,REAL_GOVERNMENT
2024-09-23,DEMO_MINE,SYN_MINE_01,1411.7,953.4,0.6215,5.726,0.0,0.0,0.529,11.9,0.813,0.9078,0.0,0.452,32.47,IMD gridded 0.25deg (REAL_GOVERNMENT),SYNTHETIC,REAL_GOVERNMENT
2024-09-24,DEMO_MINE,SYN_MINE_01,1411.7,1220.1,0.8187,3.625,0.0,0.0,0.226,12.51,1.564,0.8741,0.0,0.465,31.21,IMD gridded 0.25deg (REAL_GOVERNMENT),SYNTHETIC,REAL_GOVERNMENT
2024-09-25,DEMO_MINE,SYN_MINE_01,1411.7,1081.1,0.825,0.0,3.5,0.904,0.252,11.86,1.914,0.8,1.04,0.495,30.05,IMD gridded 0.25deg (REAL_GOVERNMENT),SYNTHETIC,REAL_GOVERNMENT
2024-09-26,DEMO_MINE,SYN_MINE_01,1411.7,889.4,0.7048,4.198,0.0,0.0,0.105,11.32,2.543,0.8393,7.65,0.505,29.77,IMD gridded 0.25deg (REAL_GOVERNMENT),SYNTHETIC,REAL_GOVERNMENT
2024-09-27,DEMO_MINE,SYN_MINE_01,1411.7,1186.0,0.9935,0.13,0.0,1.667,0.038,11.99,4.95,0.8599,27.5,0.505,29.52,IMD gridded 0.25deg (REAL_GOVERNMENT),SYNTHETIC,REAL_GOVERNMENT
2024-09-28,DEMO_MINE,SYN_MINE_01,1411.7,796.9,0.5,10.0,0.0,1.529,0.275,12.02,0.0,0.8566,0.82,0.477,30.3,IMD gridded 0.25deg (REAL_GOVERNMENT),SYNTHETIC,REAL_GOVERNMENT
2024-09-29,DEMO_MINE,SYN_MINE_01,1199.9,1068.3,0.891,2.18,0.0,3.267,0.345,12.49,1.23,0.7138,0.0,0.461,31.95,IMD gridded 0.25deg (REAL_GOVERNMENT),SYNTHETIC,REAL_GOVERNMENT
2024-09-30,DEMO_MINE,SYN_MINE_01,1411.7,1475.1,1.0,0.0,0.0,0.847,0.18,12.19,2.256,0.8673,0.0,0.449,32.31,IMD gridded 0.25deg (REAL_GOVERNMENT),SYNTHETIC,REAL_GOVERNMENT
2024-10-01,DEMO_MINE,SYN_MINE_01,1568.5,1025.6,0.7464,5.072,0.0,0.0,0.32,11.83,2.158,0.8805,0.0,0.448,32.46,IMD gridded 0.25deg (REAL_GOVERNMENT),SYNTHETIC,REAL_GOVERNMENT
2024-10-02,DEMO_MINE,SYN_MINE_01,1568.5,1225.3,0.8323,3.355,0.0,0.916,0.608,12.41,0.68,0.8433,0.0,0.429,33.74,IMD gridded 0.25deg (REAL_GOVERNMENT),SYNTHETIC,REAL_GOVERNMENT
2024-10-03,DEMO_MINE,SYN_MINE_01,1568.5,1483.5,1.0,0.0,0.0,1.589,0.175,11.61,1.584,0.8547,0.0,0.409,33.37,IMD gridded 0.25deg (REAL_GOVERNMENT),SYNTHETIC,REAL_GOVERNMENT
2024-10-04,DEMO_MINE,SYN_MINE_01,1568.5,1609.1,1.0,0.0,0.0,0.0,0.078,11.99,0.519,0.8643,0.0,0.393,33.09,IMD gridded 0.25deg (REAL_GOVERNMENT),SYNTHETIC,REAL_GOVERNMENT
2024-10-05,DEMO_MINE,SYN_MINE_01,1568.5,1437.5,1.0,0.0,0.0,0.959,0.287,11.23,1.283,0.8282,0.0,0.374,32.91,IMD gridded 0.25deg (REAL_GOVERNMENT),SYNTHETIC,REAL_GOVERNMENT
2024-10-06,DEMO_MINE,SYN_MINE_01,1333.2,1356.2,1.0,0.0,0.0,1.221,0.0,12.4,0.089,0.6929,0.0,0.359,33.31,IMD gridded 0.25deg (REAL_GOVERNMENT),SYNTHETIC,REAL_GOVERNMENT
2024-10-07,DEMO_MINE,SYN_MINE_01,1568.5,1504.6,0.874,2.52,0.0,0.0,0.291,12.26,0.229,0.915,0.0,0.345,33.02,IMD gridded 0.25deg (REAL_GOVERNMENT),SYNTHETIC,REAL_GOVERNMENT
2024-10-08,DEMO_MINE,SYN_MINE_01,1568.5,1598.2,1.0,0.0,0.0,0.0,0.57,12.41,0.283,0.8743,0.0,0.335,32.4,IMD gridded 0.25deg (REAL_GOVERNMENT),SYNTHETIC,REAL_GOVERNMENT
2024-10-09,DEMO_MINE,SYN_MINE_01,1568.5,1340.8,0.825,0.0,3.5,0.0,0.0,12.9,0.0,0.8395,0.0,0.358,31.97,IMD gridded 0.25deg (REAL_GOVERNMENT),SYNTHETIC,REAL_GOVERNMENT
2024-10-10,DEMO_MINE,SYN_MINE_01,1568.5,1459.4,0.9022,1.956,0.0,0.677,0.571,12.47,0.0,0.8761,0.0,0.336,31.53,IMD gridded 0.25deg (REAL_GOVERNMENT),SYNTHETIC,REAL_GOVERNMENT
2024-10-11,DEMO_MINE,SYN_MINE_01,1568.5,1599.6,1.0,0.0,0.0,0.916,0.057,12.11,0.057,0.8194,0.0,0.326,31.26,IMD gridded 0.25deg (REAL_GOVERNMENT),SYNTHETIC,REAL_GOVERNMENT
2024-10-12,DEMO_MINE,SYN_MINE_01,1568.5,1343.2,0.825,0.0,3.5,0.0,0.187,11.18,0.0,0.852,0.0,0.338,30.83,IMD gridded 0.25deg (REAL_GOVERNMENT),SYNTHETIC,REAL_GOVERNMENT
2024-10-13,DEMO_MINE,SYN_MINE_01,1333.2,910.5,0.6631,6.737,0.0,0.0,0.019,11.99,0.0,0.7129,0.0,0.384,31.56,IMD gridded 0.25deg (REAL_GOVERNMENT),SYNTHETIC,REAL_GOVERNMENT
2024-10-14,DEMO_MINE,SYN_MINE_01,1568.5,1520.8,0.9642,0.716,0.0,0.0,0.464,12.76,0.0,0.8495,0.76,0.369,31.72,IMD gridded 0.25deg (REAL_GOVERNMENT),SYNTHETIC,REAL_GOVERNMENT
2024-10-15,DEMO_MINE,SYN_MINE_01,1568.5,1450.5,0.9135,1.731,0.0,0.394,0.369,12.52,0.0,0.8467,0.0,0.351,32.0,IMD gridded 0.25deg (REAL_GOVERNMENT),SYNTHETIC,REAL_GOVERNMENT
2024-10-16,DEMO_MINE,SYN_MINE_01,1568.5,1120.2,0.6922,6.156,0.0,0.69,0.139,11.24,0.0,0.8496,0.0,0.337,31.94,IMD gridded 0.25deg (REAL_GOVERNMENT),SYNTHETIC,REAL_GOVERNMENT
2024-10-17,DEMO_MINE,SYN_MINE_01,1568.5,1648.3,1.0,0.0,0.0,0.0,0.352,11.91,0.569,0.8956,0.0,0.333,31.82,IMD gridded 0.25deg (REAL_GOVERNMENT),SYNTHETIC,REAL_GOVERNMENT
2024-10-18,DEMO_MINE,SYN_MINE_01,1568.5,1518.3,1.0,0.0,0.0,0.0,0.506,12.14,0.354,0.8377,0.0,0.321,31.88,IMD gridded 0.25deg (REAL_GOVERNMENT),SYNTHETIC,REAL_GOVERNMENT
2024-10-19,DEMO_MINE,SYN_MINE_01,1568.5,1510.8,0.9683,0.633,0.0,0.0,0.559,12.86,0.0,0.8456,0.0,0.342,31.84,IMD gridded 0.25deg (REAL_GOVERNMENT),SYNTHETIC,REAL_GOVERNMENT
2024-10-20,DEMO_MINE,SYN_MINE_01,1333.2,1250.0,0.9292,1.417,0.0,0.0,0.427,12.3,0.0,0.7272,0.0,0.303,28.37,IMD gridded 0.25deg (REAL_GOVERNMENT),SYNTHETIC,REAL_GOVERNMENT
2024-10-21,DEMO_MINE,SYN_MINE_01,1568.5,1643.6,1.0,0.0,0.0,0.971,0.127,12.48,0.0,0.8574,0.0,0.298,31.21,IMD gridded 0.25deg (REAL_GOVERNMENT),SYNTHETIC,REAL_GOVERNMENT
2024-10-22,DEMO_MINE,SYN_MINE_01,1568.5,1445.4,1.0,0.0,0.0,1.584,1.041,12.25,0.426,0.83,0.0,0.29,31.59,IMD gridded 0.25deg (REAL_GOVERNMENT),SYNTHETIC,REAL_GOVERNMENT
2024-10-23,DEMO_MINE,SYN_MINE_01,1568.5,1557.3,1.0,0.0,0.0,0.0,0.382,11.62,0.994,0.8667,0.0,0.288,31.15,IMD gridded 0.25deg (REAL_GOVERNMENT),SYNTHETIC,REAL_GOVERNMENT
2024-10-24,DEMO_MINE,SYN_MINE_01,1568.5,1561.5,1.0,0.0,0.0,0.0,0.0,12.01,0.714,0.848,0.0,0.286,30.25,IMD gridded 0.25deg (REAL_GOVERNMENT),SYNTHETIC,REAL_GOVERNMENT
2024-10-25,DEMO_MINE,SYN_MINE_01,1568.5,1444.1,0.9041,1.917,0.0,0.0,0.434,12.72,0.0,0.8536,0.0,0.283,30.95,IMD gridded 0.25deg (REAL_GOVERNMENT),SYNTHETIC,REAL_GOVERNMENT
2024-10-26,DEMO_MINE,SYN_MINE_01,1568.5,1476.4,0.9238,1.525,0.0,0.589,0.0,12.29,0.0,0.8167,0.0,0.278,31.13,IMD gridded 0.25deg (REAL_GOVERNMENT),SYNTHETIC,REAL_GOVERNMENT
2024-10-27,DEMO_MINE,SYN_MINE_01,1333.2,1177.7,0.825,0.0,3.5,1.719,0.009,13.78,0.0,0.7391,0.0,0.272,30.57,IMD gridded 0.25deg (REAL_GOVERNMENT),SYNTHETIC,REAL_GOVERNMENT
2024-10-28,DEMO_MINE,SYN_MINE_01,1568.5,1723.6,1.0,0.0,0.0,0.778,0.118,12.93,0.0,0.8901,0.0,0.266,31.18,IMD gridded 0.25deg (REAL_GOVERNMENT),SYNTHETIC,REAL_GOVERNMENT
2024-10-29,DEMO_MINE,SYN_MINE_01,1568.5,1355.1,0.825,0.0,3.5,1.125,0.016,11.56,0.282,0.872,0.0,0.259,32.32,IMD gridded 0.25deg (REAL_GOVERNMENT),SYNTHETIC,REAL_GOVERNMENT
2024-10-30,DEMO_MINE,SYN_MINE_01,1568.5,1259.6,1.0,0.0,0.0,1.235,0.47,13.04,1.852,0.6831,0.0,0.256,32.68,IMD gridded 0.25deg (REAL_GOVERNMENT),SYNTHETIC,REAL_GOVERNMENT
2024-10-31,DEMO_MINE,SYN_MINE_01,1568.5,1583.0,1.0,0.0,0.0,0.0,0.075,12.22,0.619,0.8547,0.0,0.254,33.3,IMD gridded 0.25deg (REAL_GOVERNMENT),SYNTHETIC,REAL_GOVERNMENT
2024-11-01,DEMO_MINE,SYN_MINE_01,1568.5,1546.4,1.0,0.0,0.0,1.141,0.464,12.84,0.0,0.833,0.0,0.254,33.05,IMD gridded 0.25deg (REAL_GOVERNMENT),SYNTHETIC,REAL_GOVERNMENT
2024-11-02,DEMO_MINE,SYN_MINE_01,1568.5,1713.5,1.0,0.0,0.0,0.784,0.0,13.68,0.0,0.8522,0.0,0.258,32.92,IMD gridded 0.25deg (REAL_GOVERNMENT),SYNTHETIC,REAL_GOVERNMENT
2024-11-03,DEMO_MINE,SYN_MINE_01,1333.2,1399.8,1.0,0.0,0.0,0.924,0.296,12.87,0.0,0.7324,0.0,0.261,32.19,IMD gridded 0.25deg (REAL_GOVERNMENT),SYNTHETIC,REAL_GOVERNMENT
2024-11-04,DEMO_MINE,SYN_MINE_01,1568.5,1752.5,1.0,0.0,0.0,0.0,0.459,13.13,0.0,0.9334,0.0,0.264,31.67,IMD gridded 0.25deg (REAL_GOVERNMENT),SYNTHETIC,REAL_GOVERNMENT
2024-11-05,DEMO_MINE,SYN_MINE_01,1568.5,1686.5,1.0,0.0,0.0,0.0,0.0,13.58,0.0,0.845,0.0,0.268,31.65,IMD gridded 0.25deg (REAL_GOVERNMENT),SYNTHETIC,REAL_GOVERNMENT
2024-11-06,DEMO_MINE,SYN_MINE_01,1568.5,1716.3,1.0,0.0,0.0,0.0,0.393,12.57,0.0,0.902,0.0,0.271,30.85,IMD gridded 0.25deg (REAL_GOVERNMENT),SYNTHETIC,REAL_GOVERNMENT
2024-11-07,DEMO_MINE,SYN_MINE_01,1568.5,1464.4,1.0,0.0,0.0,1.474,0.071,10.09,2.82,0.9093,0.0,0.27,30.8,IMD gridded 0.25deg (REAL_GOVERNMENT),SYNTHETIC,REAL_GOVERNMENT
2024-11-08,DEMO_MINE,SYN_MINE_01,1568.5,1268.5,1.0,0.0,0.0,1.508,0.013,12.94,2.262,0.6449,0.0,0.268,30.5,IMD gridded 0.25deg (REAL_GOVERNMENT),SYNTHETIC,REAL_GOVERNMENT
2024-11-09,DEMO_MINE,SYN_MINE_01,1568.5,1480.2,0.9306,1.389,0.0,0.0,0.0,13.21,0.0,0.8039,0.0,0.267,30.33,IMD gridded 0.25deg (REAL_GOVERNMENT),SYNTHETIC,REAL_GOVERNMENT
2024-11-10,DEMO_MINE,SYN_MINE_01,1333.2,643.7,0.4436,10.212,0.0,0.0,0.061,13.01,0.0,0.7615,0.0,0.267,30.14,IMD gridded 0.25deg (REAL_GOVERNMENT),SYNTHETIC,REAL_GOVERNMENT
2024-11-11,DEMO_MINE,SYN_MINE_01,1568.5,1488.9,0.8809,2.383,0.0,0.0,0.0,13.0,0.0,0.8745,0.0,0.266,30.24,IMD gridded 0.25deg (REAL_GOVERNMENT),SYNTHETIC,REAL_GOVERNMENT
2024-11-12,DEMO_MINE,SYN_MINE_01,1568.5,1766.8,1.0,0.0,0.0,1.432,0.036,13.04,0.336,0.8994,0.0,0.276,30.04,IMD gridded 0.25deg (REAL_GOVERNMENT),SYNTHETIC,REAL_GOVERNMENT
2024-11-13,DEMO_MINE,SYN_MINE_01,1568.5,1332.0,0.825,0.0,3.5,1.787,0.26,13.67,0.0,0.8609,0.0,0.313,29.7,IMD gridded 0.25deg (REAL_GOVERNMENT),SYNTHETIC,REAL_GOVERNMENT
2024-11-14,DEMO_MINE,SYN_MINE_01,1568.5,1724.3,1.0,0.0,0.0,2.259,0.416,13.16,0.0,0.9033,0.0,0.313,29.84,IMD gridded 0.25deg (REAL_GOVERNMENT),SYNTHETIC,REAL_GOVERNMENT
2024-11-15,DEMO_MINE,SYN_MINE_01,1568.5,926.7,0.5911,4.677,3.5,0.782,0.343,12.99,0.0,0.8477,0.0,0.3,29.7,IMD gridded 0.25deg (REAL_GOVERNMENT),SYNTHETIC,REAL_GOVERNMENT
2024-11-16,DEMO_MINE,SYN_MINE_01,1568.5,1525.8,0.9849,0.302,0.0,0.263,0.338,13.78,0.0,0.8216,0.0,0.289,29.45,IMD gridded 0.25deg (REAL_GOVERNMENT),SYNTHETIC,REAL_GOVERNMENT
2024-11-17,DEMO_MINE,SYN_MINE_01,1333.2,1474.8,1.0,0.0,0.0,1.91,0.119,12.9,0.0,0.7544,0.0,0.283,29.26,IMD gridded 0.25deg (REAL_GOVERNMENT),SYNTHETIC,REAL_GOVERNMENT
2024-11-18,DEMO_MINE,SYN_MINE_01,1568.5,1663.4,1.0,0.0,0.0,1.891,0.278,13.31,0.066,0.8887,0.0,0.278,28.83,IMD gridded 0.25deg (REAL_GOVERNMENT),SYNTHETIC,REAL_GOVERNMENT
2024-11-19,DEMO_MINE,SYN_MINE_01,1568.5,1550.9,1.0,0.0,0.0,0.0,0.206,12.23,0.691,0.8268,0.0,0.27,28.13,IMD gridded 0.25deg (REAL_GOVERNMENT),SYNTHETIC,REAL_GOVERNMENT
2024-11-20,DEMO_MINE,SYN_MINE_01,1568.5,1749.9,1.0,0.0,0.0,0.0,0.018,13.41,0.0,0.9066,0.0,0.27,27.41,IMD gridded 0.25deg (REAL_GOVERNMENT),SYNTHETIC,REAL_GOVERNMENT
2024-11-21,DEMO_MINE,SYN_MINE_01,1568.5,1004.4,0.5942,7.549,0.0,0.0,0.105,12.82,0.0,0.8782,0.0,0.267,26.8,IMD gridded 0.25deg (REAL_GOVERNMENT),SYNTHETIC,REAL_GOVERNMENT
2024-11-22,DEMO_MINE,SYN_MINE_01,1568.5,1126.4,0.6968,6.065,0.0,0.0,0.228,13.23,0.0,0.8635,0.0,0.264,26.7,IMD gridded 0.25deg (REAL_GOVERNMENT),SYNTHETIC,REAL_GOVERNMENT
2024-11-23,DEMO_MINE,SYN_MINE_01,1568.5,1391.7,0.9355,1.29,0.0,0.0,0.399,11.91,0.429,0.8119,0.0,0.26,27.27,IMD gridded 0.25deg (REAL_GOVERNMENT),SYNTHETIC,REAL_GOVERNMENT
2024-11-24,DEMO_MINE,SYN_MINE_01,1333.2,827.1,0.5847,8.305,0.0,0.0,0.178,13.03,0.0,0.7321,0.0,0.258,27.54,IMD gridded 0.25deg (REAL_GOVERNMENT),SYNTHETIC,REAL_GOVERNMENT
2024-11-25,DEMO_MINE,SYN_MINE_01,1568.5,820.0,0.5,10.0,0.0,1.554,0.107,12.27,0.0,0.8702,0.0,0.256,27.52,IMD gridded 0.25deg (REAL_GOVERNMENT),SYNTHETIC,REAL_GOVERNMENT
2024-11-26,DEMO_MINE,SYN_MINE_01,1568.5,1120.2,0.7681,4.638,0.0,1.189,0.0,12.54,1.571,0.7369,0.0,0.255,27.63,IMD gridded 0.25deg (REAL_GOVERNMENT),SYNTHETIC,REAL_GOVERNMENT
2024-11-27,DEMO_MINE,SYN_MINE_01,1568.5,1577.1,1.0,0.0,0.0,1.16,0.114,11.56,0.56,0.8494,0.0,0.254,27.44,IMD gridded 0.25deg (REAL_GOVERNMENT),SYNTHETIC,REAL_GOVERNMENT
2024-11-28,DEMO_MINE,SYN_MINE_01,1568.5,1623.9,1.0,0.0,0.0,3.005,0.525,12.58,0.225,0.8693,0.0,0.253,26.25,IMD gridded 0.25deg (REAL_GOVERNMENT),SYNTHETIC,REAL_GOVERNMENT
2024-11-29,DEMO_MINE,SYN_MINE_01,1568.5,1643.4,1.0,0.0,0.0,0.446,0.139,13.83,0.0,0.8608,0.0,0.252,26.49,IMD gridded 0.25deg (REAL_GOVERNMENT),SYNTHETIC,REAL_GOVERNMENT
2024-11-30,DEMO_MINE,SYN_MINE_01,1568.5,1316.8,0.825,0.0,3.5,0.0,0.313,13.53,0.0,0.854,0.0,0.251,27.29,IMD gridded 0.25deg (REAL_GOVERNMENT),SYNTHETIC,REAL_GOVERNMENT
2024-12-01,DEMO_MINE,SYN_MINE_01,1333.2,1078.5,0.7634,4.732,0.0,0.0,0.138,13.02,0.021,0.7476,0.0,0.251,26.63,IMD gridded 0.25deg (REAL_GOVERNMENT),SYNTHETIC,REAL_GOVERNMENT
2024-12-02,DEMO_MINE,SYN_MINE_01,1568.5,1128.0,0.6864,6.273,0.0,0.0,0.001,13.08,0.0,0.8335,0.0,0.251,27.9,IMD gridded 0.25deg (REAL_GOVERNMENT),SYNTHETIC,REAL_GOVERNMENT
2024-12-03,DEMO_MINE,SYN_MINE_01,1568.5,486.5,0.3063,13.873,0.0,0.675,0.022,13.93,0.0,0.8338,0.0,0.253,28.59,IMD gridded 0.25deg (REAL_GOVERNMENT),SYNTHETIC,REAL_GOVERNMENT
2024-12-04,DEMO_MINE,SYN_MINE_01,1568.5,661.2,0.3866,12.268,0.0,0.0,0.076,12.9,0.0,0.8806,0.0,0.253,29.54,IMD gridded 0.25deg (REAL_GOVERNMENT),SYNTHETIC,REAL_GOVERNMENT
2024-12-05,DEMO_MINE,SYN_MINE_01,1568.5,1579.2,0.936,1.28,0.0,1.698,0.0,12.7,0.0,0.8511,0.0,0.252,30.54,IMD gridded 0.25deg (REAL_GOVERNMENT),SYNTHETIC,REAL_GOVERNMENT
2024-12-06,DEMO_MINE,SYN_MINE_01,1568.5,1213.5,0.7323,1.853,3.5,0.856,0.077,12.5,0.0,0.8637,0.0,0.242,29.19,IMD gridded 0.25deg (REAL_GOVERNMENT),SYNTHETIC,REAL_GOVERNMENT
2024-12-07,DEMO_MINE,SYN_MINE_01,1568.5,817.0,0.5,10.0,0.0,0.0,0.097,13.38,0.0,0.8665,0.0,0.241,29.39,IMD gridded 0.25deg (REAL_GOVERNMENT),SYNTHETIC,REAL_GOVERNMENT
2024-12-08,DEMO_MINE,SYN_MINE_01,1333.2,895.7,0.6477,7.046,0.0,1.633,0.042,11.45,0.246,0.731,0.0,0.242,28.83,IMD gridded 0.25deg (REAL_GOVERNMENT),SYNTHETIC,REAL_GOVERNMENT
2024-12-09,DEMO_MINE,SYN_MINE_01,1568.5,1304.6,0.8362,3.276,0.0,0.0,0.602,12.9,0.0,0.8541,0.0,0.249,26.89,IMD gridded 0.25deg (REAL_GOVERNMENT),SYNTHETIC,REAL_GOVERNMENT
2024-12-10,DEMO_MINE,SYN_MINE_01,1568.5,810.9,0.5,10.0,0.0,0.782,0.008,13.92,0.0,0.8451,0.0,0.257,25.54,IMD gridded 0.25deg (REAL_GOVERNMENT),SYNTHETIC,REAL_GOVERNMENT
2024-12-11,DEMO_MINE,SYN_MINE_01,1568.5,1306.3,0.7953,4.095,0.0,0.0,0.0,14.0,0.0,0.8329,0.0,0.258,25.82,IMD gridded 0.25deg (REAL_GOVERNMENT),SYNTHETIC,REAL_GOVERNMENT
2024-12-12,DEMO_MINE,SYN_MINE_01,1568.5,1740.5,1.0,0.0,0.0,0.0,0.317,13.33,0.0,0.9285,0.0,0.26,26.88,IMD gridded 0.25deg (REAL_GOVERNMENT),SYNTHETIC,REAL_GOVERNMENT
2024-12-13,DEMO_MINE,SYN_MINE_01,1568.5,1736.5,1.0,0.0,0.0,0.617,0.221,12.93,0.0,0.8874,0.0,0.259,25.76,IMD gridded 0.25deg (REAL_GOVERNMENT),SYNTHETIC,REAL_GOVERNMENT
2024-12-14,DEMO_MINE,SYN_MINE_01,1568.5,1586.9,1.0,0.0,0.0,1.165,0.083,12.75,0.17,0.8266,0.0,0.259,25.87,IMD gridded 0.25deg (REAL_GOVERNMENT),SYNTHETIC,REAL_GOVERNMENT
2024-12-15,DEMO_MINE,SYN_MINE_01,1333.2,1385.0,1.0,0.0,0.0,1.837,0.0,12.95,0.088,0.6952,0.0,0.255,27.0,IMD gridded 0.25deg (REAL_GOVERNMENT),SYNTHETIC,REAL_GOVERNMENT
2024-12-16,DEMO_MINE,SYN_MINE_01,1568.5,1691.9,1.0,0.0,0.0,0.0,0.0,13.93,0.0,0.8666,0.0,0.246,27.26,IMD gridded 0.25deg (REAL_GOVERNMENT),SYNTHETIC,REAL_GOVERNMENT
2024-12-17,DEMO_MINE,SYN_MINE_01,1568.5,1595.0,1.0,0.0,0.0,0.983,0.087,12.76,0.0,0.83,0.0,0.246,28.06,IMD gridded 0.25deg (REAL_GOVERNMENT),SYNTHETIC,REAL_GOVERNMENT
2024-12-18,DEMO_MINE,SYN_MINE_01,1568.5,1281.9,0.825,0.0,3.5,0.79,0.0,13.03,0.328,0.8222,0.0,0.248,27.74,IMD gridded 0.25deg (REAL_GOVERNMENT),SYNTHETIC,REAL_GOVERNMENT
2024-12-19,DEMO_MINE,SYN_MINE_01,1568.5,1463.3,1.0,0.0,0.0,1.185,0.495,12.13,0.947,0.8383,0.0,0.242,28.62,IMD gridded 0.25deg (REAL_GOVERNMENT),SYNTHETIC,REAL_GOVERNMENT
2024-12-20,DEMO_MINE,SYN_MINE_01,1568.5,1694.9,1.0,0.0,0.0,1.476,0.0,13.27,0.0,0.8532,0.0,0.242,28.97,IMD gridded 0.25deg (REAL_GOVERNMENT),SYNTHETIC,REAL_GOVERNMENT
2024-12-21,DEMO_MINE,SYN_MINE_01,1568.5,1750.0,1.0,0.0,0.0,2.876,0.0,12.37,0.043,0.8911,0.0,0.244,27.15,IMD gridded 0.25deg (REAL_GOVERNMENT),SYNTHETIC,REAL_GOVERNMENT
2024-12-22,DEMO_MINE,SYN_MINE_01,1333.2,1374.5,1.0,0.0,0.0,0.0,0.0,12.05,0.369,0.7107,0.0,0.248,26.7,IMD gridded 0.25deg (REAL_GOVERNMENT),SYNTHETIC,REAL_GOVERNMENT
2024-12-23,DEMO_MINE,SYN_MINE_01,1568.5,1591.9,1.0,0.0,0.0,0.0,0.247,12.74,0.0,0.8475,0.0,0.26,27.43,IMD gridded 0.25deg (REAL_GOVERNMENT),SYNTHETIC,REAL_GOVERNMENT
2024-12-24,DEMO_MINE,SYN_MINE_01,1568.5,1566.1,1.0,0.0,0.0,0.0,0.427,13.49,0.0,0.842,0.0,0.27,28.11,IMD gridded 0.25deg (REAL_GOVERNMENT),SYNTHETIC,REAL_GOVERNMENT
2024-12-25,DEMO_MINE,SYN_MINE_01,1568.5,1257.0,0.7741,1.018,3.5,1.356,0.411,12.04,0.0,0.875,0.0,0.28,28.14,IMD gridded 0.25deg (REAL_GOVERNMENT),SYNTHETIC,REAL_GOVERNMENT
2024-12-26,DEMO_MINE,SYN_MINE_01,1568.5,1330.6,0.8086,3.827,0.0,1.614,0.13,13.06,0.0,0.8528,0.0,0.285,28.65,IMD gridded 0.25deg (REAL_GOVERNMENT),SYNTHETIC,REAL_GOVERNMENT
2024-12-27,DEMO_MINE,SYN_MINE_01,1568.5,1446.5,0.859,1.259,0.0,2.959,0.0,12.34,0.0,0.8653,0.0,0.297,28.04,IMD gridded 0.25deg (REAL_GOVERNMENT),SYNTHETIC,REAL_GOVERNMENT
2024-12-28,DEMO_MINE,SYN_MINE_01,1568.5,1503.8,1.0,0.0,0.0,1.973,0.115,10.98,1.32,0.847,0.0,0.324,25.74,IMD gridded 0.25deg (REAL_GOVERNMENT),SYNTHETIC,REAL_GOVERNMENT
2024-12-29,DEMO_MINE,SYN_MINE_01,1333.2,1403.1,1.0,0.0,0.0,0.0,0.272,13.95,0.0,0.7457,2.33,0.356,25.8,IMD gridded 0.25deg (REAL_GOVERNMENT),SYNTHETIC,REAL_GOVERNMENT
2024-12-30,DEMO_MINE,SYN_MINE_01,1568.5,1697.0,1.0,0.0,0.0,0.0,0.154,13.01,0.0,0.875,0.0,0.348,25.59,IMD gridded 0.25deg (REAL_GOVERNMENT),SYNTHETIC,REAL_GOVERNMENT
2024-12-31,DEMO_MINE,SYN_MINE_01,1568.5,1688.0,1.0,0.0,0.0,0.0,0.044,15.39,0.0,0.8675,0.0,0.341,25.65,IMD gridded 0.25deg (REAL_GOVERNMENT),SYNTHETIC,REAL_GOVERNMENT
2025-01-01,DEMO_MINE,SYN_MINE_01,1568.5,1281.9,0.8338,3.323,0.0,1.693,0.463,14.82,0.0,0.8311,0.0,0.336,25.41,IMD gridded 0.25deg (REAL_GOVERNMENT),SYNTHETIC,REAL_GOVERNMENT
2025-01-02,DEMO_MINE,SYN_MINE_01,1568.5,1682.9,1.0,0.0,0.0,0.0,0.413,14.41,0.0,0.9038,0.0,0.329,27.51,IMD gridded 0.25deg (REAL_GOVERNMENT),SYNTHETIC,REAL_GOVERNMENT
2025-01-03,DEMO_MINE,SYN_MINE_01,1568.5,1262.4,0.825,0.0,3.5,0.0,0.49,15.15,0.0,0.8327,0.0,0.315,28.01,IMD gridded 0.25deg (REAL_GOVERNMENT),SYNTHETIC,REAL_GOVERNMENT
2025-01-04,DEMO_MINE,SYN_MINE_01,1568.5,1631.9,1.0,0.0,0.0,0.0,0.253,13.49,0.0,0.8525,0.0,0.297,28.49,IMD gridded 0.25deg (REAL_GOVERNMENT),SYNTHETIC,REAL_GOVERNMENT
2025-01-05,DEMO_MINE,SYN_MINE_01,1333.2,1405.7,0.9959,0.082,0.0,0.0,0.353,13.28,0.0,0.7435,0.0,0.282,27.23,IMD gridded 0.25deg (REAL_GOVERNMENT),SYNTHETIC,REAL_GOVERNMENT
2025-01-06,DEMO_MINE,SYN_MINE_01,1568.5,705.5,0.44,11.2,0.0,1.571,0.054,14.51,0.0,0.8278,0.0,0.275,28.19,IMD gridded 0.25deg (REAL_GOVERNMENT),SYNTHETIC,REAL_GOVERNMENT
2025-01-07,DEMO_MINE,SYN_MINE_01,1568.5,1638.7,1.0,0.0,0.0,0.0,0.298,13.96,0.0,0.8532,0.0,0.279,25.06,IMD gridded 0.25deg (REAL_GOVERNMENT),SYNTHETIC,REAL_GOVERNMENT
2025-01-08,DEMO_MINE,SYN_MINE_01,1568.5,1602.4,1.0,0.0,0.0,1.274,0.27,14.6,0.0,0.8385,0.0,0.273,24.94,IMD gridded 0.25deg (REAL_GOVERNMENT),SYNTHETIC,REAL_GOVERNMENT
2025-01-09,DEMO_MINE,SYN_MINE_01,1568.5,1579.0,1.0,0.0,0.0,0.0,0.546,14.7,0.0,0.8561,0.0,0.263,26.26,IMD gridded 0.25deg (REAL_GOVERNMENT),SYNTHETIC,REAL_GOVERNMENT
2025-01-10,DEMO_MINE,SYN_MINE_01,1568.5,1646.1,1.0,0.0,0.0,0.0,0.313,15.46,0.0,0.8549,0.0,0.271,26.98,IMD gridded 0.25deg (REAL_GOVERNMENT),SYNTHETIC,REAL_GOVERNMENT
2025-01-11,DEMO_MINE,SYN_MINE_01,1568.5,1420.2,0.825,0.0,3.5,0.0,0.113,14.83,0.0,0.8835,0.0,0.264,27.45,IMD gridded 0.25deg (REAL_GOVERNMENT),SYNTHETIC,REAL_GOVERNMENT
2025-01-12,DEMO_MINE,SYN_MINE_01,1333.2,1223.3,0.8886,2.228,0.0,2.003,0.18,15.25,0.0,0.7292,0.0,0.279,24.6,IMD gridded 0.25deg (REAL_GOVERNMENT),SYNTHETIC,REAL_GOVERNMENT
2025-01-13,DEMO_MINE,SYN_MINE_01,1568.5,1585.3,0.9618,0.763,0.0,1.108,0.266,15.67,0.0,0.871,0.0,0.283,22.9,IMD gridded 0.25deg (REAL_GOVERNMENT),SYNTHETIC,REAL_GOVERNMENT
2025-01-14,DEMO_MINE,SYN_MINE_01,1568.5,1407.3,0.8831,1.797,0.0,1.068,0.692,15.27,0.0,0.8758,0.0,0.301,25.06,IMD gridded 0.25deg (REAL_GOVERNMENT),SYNTHETIC,REAL_GOVERNMENT
2025-01-15,DEMO_MINE,SYN_MINE_01,1568.5,1669.0,1.0,0.0,0.0,0.0,0.554,14.69,0.0,0.9039,0.0,0.316,26.0,IMD gridded 0.25deg (REAL_GOVERNMENT),SYNTHETIC,REAL_GOVERNMENT
2025-01-16,DEMO_MINE,SYN_MINE_01,1568.5,1692.6,1.0,0.0,0.0,0.0,0.353,15.09,0.0,0.8848,0.0,0.33,26.64,IMD gridded 0.25deg (REAL_GOVERNMENT),SYNTHETIC,REAL_GOVERNMENT
2025-01-17,DEMO_MINE,SYN_MINE_01,1568.5,1510.9,0.9102,0.923,0.0,0.384,0.019,13.95,0.0,0.8612,0.0,0.334,25.57,IMD gridded 0.25deg (REAL_GOVERNMENT),SYNTHETIC,REAL_GOVERNMENT
2025-01-18,DEMO_MINE,SYN_MINE_01,1568.5,1584.3,1.0,0.0,0.0,0.157,0.77,13.72,0.0,0.8635,0.0,0.322,27.15,IMD gridded 0.25deg (REAL_GOVERNMENT),SYNTHETIC,REAL_GOVERNMENT
2025-01-19,DEMO_MINE,SYN_MINE_01,1333.2,1250.0,0.825,0.0,3.5,2.776,0.038,14.12,0.0,0.7711,0.0,0.303,28.09,IMD gridded 0.25deg (REAL_GOVERNMENT),SYNTHETIC,REAL_GOVERNMENT
2025-01-20,DEMO_MINE,SYN_MINE_01,1568.5,1702.7,1.0,0.0,0.0,0.0,0.012,15.79,0.0,0.8862,0.0,0.294,29.04,IMD gridded 0.25deg (REAL_GOVERNMENT),SYNTHETIC,REAL_GOVERNMENT
2025-01-21,DEMO_MINE,SYN_MINE_01,1568.5,1614.4,1.0,0.0,0.0,0.0,0.257,14.8,0.0,0.8392,0.0,0.282,29.33,IMD gridded 0.25deg (REAL_GOVERNMENT),SYNTHETIC,REAL_GOVERNMENT
2025-01-22,DEMO_MINE,SYN_MINE_01,1568.5,1560.7,1.0,0.0,0.0,0.649,0.818,13.66,0.0,0.8604,0.0,0.284,30.83,IMD gridded 0.25deg (REAL_GOVERNMENT),SYNTHETIC,REAL_GOVERNMENT
2025-01-23,DEMO_MINE,SYN_MINE_01,1568.5,1671.8,1.0,0.0,0.0,4.374,0.03,15.12,0.0,0.8447,0.0,0.276,30.1,IMD gridded 0.25deg (REAL_GOVERNMENT),SYNTHETIC,REAL_GOVERNMENT
2025-01-24,DEMO_MINE,SYN_MINE_01,1568.5,1707.0,1.0,0.0,0.0,0.501,0.0,15.16,0.0,0.8593,0.0,0.274,29.76,IMD gridded 0.25deg (REAL_GOVERNMENT),SYNTHETIC,REAL_GOVERNMENT
2025-01-25,DEMO_MINE,SYN_MINE_01,1568.5,1649.0,1.0,0.0,0.0,0.0,0.374,15.06,0.0,0.8762,0.0,0.267,29.46,IMD gridded 0.25deg (REAL_GOVERNMENT),SYNTHETIC,REAL_GOVERNMENT
2025-01-26,DEMO_MINE,SYN_MINE_01,1333.2,1315.8,0.8552,2.897,0.0,0.792,0.073,14.81,0.0,0.7786,0.0,0.267,29.54,IMD gridded 0.25deg (REAL_GOVERNMENT),SYNTHETIC,REAL_GOVERNMENT
2025-01-27,DEMO_MINE,SYN_MINE_01,1568.5,1419.5,0.825,0.0,3.5,0.847,0.0,14.55,0.0,0.8551,0.0,0.263,30.06,IMD gridded 0.25deg (REAL_GOVERNMENT),SYNTHETIC,REAL_GOVERNMENT
2025-01-28,DEMO_MINE,SYN_MINE_01,1568.5,1744.4,0.9922,0.157,0.0,0.099,0.074,15.49,0.0,0.9162,0.0,0.26,30.83,IMD gridded 0.25deg (REAL_GOVERNMENT),SYNTHETIC,REAL_GOVERNMENT
2025-01-29,DEMO_MINE,SYN_MINE_01,1568.5,1499.1,0.905,1.9,0.0,0.0,0.179,14.44,0.0,0.8616,0.0,0.258,31.42,IMD gridded 0.25deg (REAL_GOVERNMENT),SYNTHETIC,REAL_GOVERNMENT
2025-01-30,DEMO_MINE,SYN_MINE_01,1568.5,1506.8,0.921,1.581,0.0,0.0,0.0,15.35,0.0,0.8163,0.0,0.256,31.74,IMD gridded 0.25deg (REAL_GOVERNMENT),SYNTHETIC,REAL_GOVERNMENT
2025-01-31,DEMO_MINE,SYN_MINE_01,1568.5,1308.0,0.8115,3.769,0.0,1.549,0.209,15.09,0.0,0.8483,0.0,0.255,31.66,IMD gridded 0.25deg (REAL_GOVERNMENT),SYNTHETIC,REAL_GOVERNMENT
2025-02-01,DEMO_MINE,SYN_MINE_01,1568.5,1598.8,1.0,0.0,0.0,0.933,0.464,14.44,0.0,0.8574,0.0,0.254,31.58,IMD gridded 0.25deg (REAL_GOVERNMENT),SYNTHETIC,REAL_GOVERNMENT
2025-02-02,DEMO_MINE,SYN_MINE_01,1333.2,1244.9,0.8384,2.438,0.0,0.0,0.0,15.21,0.0,0.7454,0.0,0.253,32.12,IMD gridded 0.25deg (REAL_GOVERNMENT),SYNTHETIC,REAL_GOVERNMENT
2025-02-03,DEMO_MINE,SYN_MINE_01,1568.5,949.9,0.6264,7.472,0.0,2.258,0.383,12.72,0.0,0.8272,0.0,0.252,32.68,IMD gridded 0.25deg (REAL_GOVERNMENT),SYNTHETIC,REAL_GOVERNMENT
2025-02-04,DEMO_MINE,SYN_MINE_01,1568.5,1494.8,1.0,0.0,0.0,0.892,0.141,10.59,1.955,0.8877,0.0,0.251,33.81,IMD gridded 0.25deg (REAL_GOVERNMENT),SYNTHETIC,REAL_GOVERNMENT
2025-02-05,DEMO_MINE,SYN_MINE_01,1568.5,1030.9,0.6293,3.914,3.5,2.256,0.072,11.27,0.0,0.8612,0.0,0.251,31.21,IMD gridded 0.25deg (REAL_GOVERNMENT),SYNTHETIC,REAL_GOVERNMENT
2025-02-06,DEMO_MINE,SYN_MINE_01,1568.5,1319.4,0.7966,4.068,0.0,1.55,0.421,10.8,0.14,0.9008,0.0,0.251,27.13,IMD gridded 0.25deg (REAL_GOVERNMENT),SYNTHETIC,REAL_GOVERNMENT
2025-02-07,DEMO_MINE,SYN_MINE_01,1568.5,1622.5,1.0,0.0,0.0,0.979,0.225,12.23,0.233,0.8612,0.0,0.251,28.48,IMD gridded 0.25deg (REAL_GOVERNMENT),SYNTHETIC,REAL_GOVERNMENT
2025-02-08,DEMO_MINE,SYN_MINE_01,1568.5,1181.4,1.0,0.0,0.0,3.463,0.08,12.42,2.785,0.6251,0.0,0.251,30.5,IMD gridded 0.25deg (REAL_GOVERNMENT),SYNTHETIC,REAL_GOVERNMENT
2025-02-09,DEMO_MINE,SYN_MINE_01,1333.2,1099.4,0.7455,5.09,0.0,0.0,0.235,12.12,0.213,0.7995,0.0,0.25,32.33,IMD gridded 0.25deg (REAL_GOVERNMENT),SYNTHETIC,REAL_GOVERNMENT
2025-02-10,DEMO_MINE,SYN_MINE_01,1568.5,1576.4,0.9362,1.277,0.0,0.713,0.178,12.46,0.0,0.8845,0.0,0.25,32.61,IMD gridded 0.25deg (REAL_GOVERNMENT),SYNTHETIC,REAL_GOVERNMENT
2025-02-11,DEMO_MINE,SYN_MINE_01,1568.5,1188.3,0.705,5.899,0.0,0.0,0.029,12.71,0.0,0.876,0.0,0.25,32.93,IMD gridded 0.25deg (REAL_GOVERNMENT),SYNTHETIC,REAL_GOVERNMENT
2025-02-12,DEMO_MINE,SYN_MINE_01,1568.5,1627.8,1.0,0.0,0.0,1.172,0.311,12.57,0.0,0.8645,0.0,0.25,32.69,IMD gridded 0.25deg (REAL_GOVERNMENT),SYNTHETIC,REAL_GOVERNMENT
2025-02-13,DEMO_MINE,SYN_MINE_01,1568.5,904.0,0.5963,4.63,3.443,0.0,0.664,11.47,0.0,0.8523,0.0,0.251,29.44,IMD gridded 0.25deg (REAL_GOVERNMENT),SYNTHETIC,REAL_GOVERNMENT
2025-02-14,DEMO_MINE,SYN_MINE_01,1568.5,1333.6,0.8322,3.356,0.0,1.057,0.131,11.95,0.115,0.8488,0.0,0.251,30.48,IMD gridded 0.25deg (REAL_GOVERNMENT),SYNTHETIC,REAL_GOVERNMENT
2025-02-15,DEMO_MINE,SYN_MINE_01,1568.5,1613.4,0.9772,0.456,0.0,0.0,0.021,11.59,0.748,0.881,0.0,0.25,32.95,IMD gridded 0.25deg (REAL_GOVERNMENT),SYNTHETIC,REAL_GOVERNMENT
2025-02-16,DEMO_MINE,SYN_MINE_01,1333.2,1468.5,1.0,0.0,0.0,1.117,0.069,12.1,0.0,0.7532,0.0,0.25,33.62,IMD gridded 0.25deg (REAL_GOVERNMENT),SYNTHETIC,REAL_GOVERNMENT
2025-02-17,DEMO_MINE,SYN_MINE_01,1568.5,1608.7,1.0,0.0,0.0,0.0,0.0,11.56,0.519,0.8573,0.0,0.25,33.22,IMD gridded 0.25deg (REAL_GOVERNMENT),SYNTHETIC,REAL_GOVERNMENT
2025-02-18,DEMO_MINE,SYN_MINE_01,1568.5,1519.2,1.0,0.0,0.0,1.872,0.194,11.21,1.265,0.8646,0.0,0.25,33.46,IMD gridded 0.25deg (REAL_GOVERNMENT),SYNTHETIC,REAL_GOVERNMENT
2025-02-19,DEMO_MINE,SYN_MINE_01,1568.5,1580.7,0.9033,1.745,0.0,0.0,0.018,11.28,0.0,0.907,0.0,0.25,32.39,IMD gridded 0.25deg (REAL_GOVERNMENT),SYNTHETIC,REAL_GOVERNMENT
2025-02-20,DEMO_MINE,SYN_MINE_01,1568.5,1318.7,0.8365,0.986,0.0,0.0,0.503,11.98,0.58,0.8853,0.0,0.25,33.09,IMD gridded 0.25deg (REAL_GOVERNMENT),SYNTHETIC,REAL_GOVERNMENT
2025-02-21,DEMO_MINE,SYN_MINE_01,1568.5,1676.3,1.0,0.0,0.0,0.0,0.131,12.6,0.0,0.8567,0.0,0.25,33.24,IMD gridded 0.25deg (REAL_GOVERNMENT),SYNTHETIC,REAL_GOVERNMENT
2025-02-22,DEMO_MINE,SYN_MINE_01,1568.5,1350.3,0.825,0.0,3.5,0.0,0.049,11.97,0.066,0.851,0.0,0.253,31.29,IMD gridded 0.25deg (REAL_GOVERNMENT),SYNTHETIC,REAL_GOVERNMENT
2025-02-23,DEMO_MINE,SYN_MINE_01,1333.2,1327.4,1.0,0.0,0.0,0.342,0.273,12.19,0.169,0.7193,0.0,0.242,31.74,IMD gridded 0.25deg (REAL_GOVERNMENT),SYNTHETIC,REAL_GOVERNMENT
2025-02-24,DEMO_MINE,SYN_MINE_01,1568.5,1410.2,0.844,3.12,0.0,1.149,0.0,11.73,0.689,0.8713,0.0,0.25,31.76,IMD gridded 0.25deg (REAL_GOVERNMENT),SYNTHETIC,REAL_GOVERNMENT
2025-02-25,DEMO_MINE,SYN_MINE_01,1568.5,900.8,0.5515,8.971,0.0,0.0,0.0,12.9,0.0,0.8428,0.0,0.25,31.72,IMD gridded 0.25deg (REAL_GOVERNMENT),SYNTHETIC,REAL_GOVERNMENT
2025-02-26,DEMO_MINE,SYN_MINE_01,1568.5,1679.4,1.0,0.0,0.0,0.831,0.0,11.95,0.087,0.8609,0.0,0.25,33.04,IMD gridded 0.25deg (REAL_GOVERNMENT),SYNTHETIC,REAL_GOVERNMENT
2025-02-27,DEMO_MINE,SYN_MINE_01,1568.5,1446.1,0.8921,2.159,0.0,0.0,0.079,11.71,0.415,0.8726,0.0,0.25,34.1,IMD gridded 0.25deg (REAL_GOVERNMENT),SYNTHETIC,REAL_GOVERNMENT
2025-02-28,DEMO_MINE,SYN_MINE_01,1568.5,1351.8,0.8435,3.131,0.0,1.831,0.084,11.46,0.187,0.8433,0.0,0.245,34.45,IMD gridded 0.25deg (REAL_GOVERNMENT),SYNTHETIC,REAL_GOVERNMENT
2025-03-01,DEMO_MINE,SYN_MINE_01,1568.5,1586.8,1.0,0.0,0.0,1.487,0.071,12.2,0.245,0.8436,0.0,0.245,35.3,IMD gridded 0.25deg (REAL_GOVERNMENT),SYNTHETIC,REAL_GOVERNMENT
2025-03-02,DEMO_MINE,SYN_MINE_01,1333.2,1097.9,0.825,0.0,3.5,0.715,0.287,10.83,0.765,0.7491,0.0,0.25,34.91,IMD gridded 0.25deg (REAL_GOVERNMENT),SYNTHETIC,REAL_GOVERNMENT
2025-03-03,DEMO_MINE,SYN_MINE_01,1568.5,1680.2,1.0,0.0,0.0,0.0,0.677,11.63,0.46,0.9271,0.0,0.25,34.05,IMD gridded 0.25deg (REAL_GOVERNMENT),SYNTHETIC,REAL_GOVERNMENT
2025-03-04,DEMO_MINE,SYN_MINE_01,1568.5,1584.0,1.0,0.0,0.0,0.0,0.121,11.43,0.749,0.8722,0.0,0.25,34.18,IMD gridded 0.25deg (REAL_GOVERNMENT),SYNTHETIC,REAL_GOVERNMENT
2025-03-05,DEMO_MINE,SYN_MINE_01,1568.5,1562.4,1.0,0.0,0.0,0.124,0.049,11.31,0.922,0.8423,0.0,0.25,30.68,IMD gridded 0.25deg (REAL_GOVERNMENT),SYNTHETIC,REAL_GOVERNMENT
2025-03-06,DEMO_MINE,SYN_MINE_01,1568.5,1596.9,1.0,0.0,0.0,1.785,0.01,11.17,1.071,0.8802,0.0,0.25,31.05,IMD gridded 0.25deg (REAL_GOVERNMENT),SYNTHETIC,REAL_GOVERNMENT
2025-03-07,DEMO_MINE,SYN_MINE_01,1568.5,1555.9,1.0,0.0,0.0,3.333,0.129,11.47,0.711,0.8569,0.0,0.25,33.4,IMD gridded 0.25deg (REAL_GOVERNMENT),SYNTHETIC,REAL_GOVERNMENT
2025-03-08,DEMO_MINE,SYN_MINE_01,1568.5,1464.5,1.0,0.0,0.0,3.757,0.141,12.41,1.272,0.7758,0.0,0.252,34.89,IMD gridded 0.25deg (REAL_GOVERNMENT),SYNTHETIC,REAL_GOVERNMENT
2025-03-09,DEMO_MINE,SYN_MINE_01,1333.2,1334.5,1.0,0.0,0.0,1.709,0.507,12.27,0.001,0.7263,0.0,0.252,34.97,IMD gridded 0.25deg (REAL_GOVERNMENT),SYNTHETIC,REAL_GOVERNMENT
2025-03-10,DEMO_MINE,SYN_MINE_01,1568.5,1706.4,1.0,0.0,0.0,0.0,0.305,11.85,0.343,0.8985,0.0,0.25,35.46,IMD gridded 0.25deg (REAL_GOVERNMENT),SYNTHETIC,REAL_GOVERNMENT
2025-03-11,DEMO_MINE,SYN_MINE_01,1568.5,1224.4,0.7432,1.4,3.5,0.0,0.201,11.17,0.372,0.9049,0.0,0.25,35.38,IMD gridded 0.25deg (REAL_GOVERNMENT),SYNTHETIC,REAL_GOVERNMENT
2025-03-12,DEMO_MINE,SYN_MINE_01,1568.5,534.7,1.0,0.0,0.0,0.696,11.103,11.67,0.513,0.862,0.0,0.249,37.57,IMD gridded 0.25deg (REAL_GOVERNMENT),SYNTHETIC,REAL_GOVERNMENT
2025-03-13,DEMO_MINE,SYN_MINE_01,1568.5,0.0,0.9317,1.366,0.0,0.924,16.149,12.76,0.0,0.8666,0.0,0.249,38.32,IMD gridded 0.25deg (REAL_GOVERNMENT),SYNTHETIC,REAL_GOVERNMENT
2025-03-14,DEMO_MINE,SYN_MINE_01,1568.5,0.0,0.5935,6.667,0.0,3.005,10.139,11.46,0.583,0.9033,0.0,0.249,38.19,IMD gridded 0.25deg (REAL_GOVERNMENT),SYNTHETIC,REAL_GOVERNMENT
2025-03-15,DEMO_MINE,SYN_MINE_01,1568.5,0.0,0.6671,6.659,0.0,3.981,10.922,11.66,0.0,0.8187,0.0,0.249,38.5,IMD gridded 0.25deg (REAL_GOVERNMENT),SYNTHETIC,REAL_GOVERNMENT
2025-03-16,DEMO_MINE,SYN_MINE_01,1333.2,1351.5,1.0,0.0,0.0,3.797,0.401,11.45,0.631,0.7625,0.0,0.249,36.59,IMD gridded 0.25deg (REAL_GOVERNMENT),SYNTHETIC,REAL_GOVERNMENT
2025-03-17,DEMO_MINE,SYN_MINE_01,1568.5,1429.7,0.8822,2.356,0.0,2.387,0.0,11.53,0.0,0.8239,0.0,0.264,35.0,IMD gridded 0.25deg (REAL_GOVERNMENT),SYNTHETIC,REAL_GOVERNMENT
2025-03-18,DEMO_MINE,SYN_MINE_01,1568.5,1651.7,1.0,0.0,0.0,0.804,0.012,11.91,0.466,0.888,0.0,0.245,35.69,IMD gridded 0.25deg (REAL_GOVERNMENT),SYNTHETIC,REAL_GOVERNMENT
2025-03-19,DEMO_MINE,SYN_MINE_01,1568.5,1190.3,0.8336,0.0,3.328,0.004,0.679,10.53,1.229,0.8321,0.0,0.249,36.36,IMD gridded 0.25deg (REAL_GOVERNMENT),SYNTHETIC,REAL_GOVERNMENT
2025-03-20,DEMO_MINE,SYN_MINE_01,1568.5,1437.6,1.0,0.0,0.0,0.0,0.067,10.6,1.842,0.84,0.0,0.249,36.03,IMD gridded 0.25deg (REAL_GOVERNMENT),SYNTHETIC,REAL_GOVERNMENT
2025-03-21,DEMO_MINE,SYN_MINE_01,1568.5,1615.5,1.0,0.0,0.0,1.283,0.297,12.19,0.065,0.8358,0.0,0.249,34.29,IMD gridded 0.25deg (REAL_GOVERNMENT),SYNTHETIC,REAL_GOVERNMENT
2025-03-22,DEMO_MINE,SYN_MINE_01,1568.5,1584.6,1.0,0.0,0.0,0.808,0.616,12.8,0.0,0.8447,0.0,0.248,35.51,IMD gridded 0.25deg (REAL_GOVERNMENT),SYNTHETIC,REAL_GOVERNMENT
2025-03-23,DEMO_MINE,SYN_MINE_01,1333.2,1319.2,1.0,0.0,0.0,1.166,0.05,11.37,0.869,0.7319,0.0,0.259,35.99,IMD gridded 0.25deg (REAL_GOVERNMENT),SYNTHETIC,REAL_GOVERNMENT
2025-03-24,DEMO_MINE,SYN_MINE_01,1568.5,980.0,0.5733,8.534,0.0,1.983,0.064,12.53,0.0,0.8901,0.0,0.267,35.54,IMD gridded 0.25deg (REAL_GOVERNMENT),SYNTHETIC,REAL_GOVERNMENT
2025-03-25,DEMO_MINE,SYN_MINE_01,1568.5,1374.2,0.8497,3.005,0.0,0.0,0.436,12.15,0.0,0.8729,0.0,0.295,37.04,IMD gridded 0.25deg (REAL_GOVERNMENT),SYNTHETIC,REAL_GOVERNMENT
2025-03-26,DEMO_MINE,SYN_MINE_01,1568.5,1720.0,1.0,0.0,0.0,0.127,0.209,12.54,0.0,0.9008,0.0,0.297,38.51,IMD gridded 0.25deg (REAL_GOVERNMENT),SYNTHETIC,REAL_GOVERNMENT
2025-03-27,DEMO_MINE,SYN_MINE_01,1568.5,1589.4,1.0,0.0,0.0,0.362,0.491,12.54,0.012,0.8478,0.0,0.312,39.15,IMD gridded 0.25deg (REAL_GOVERNMENT),SYNTHETIC,REAL_GOVERNMENT
2025-03-28,DEMO_MINE,SYN_MINE_01,1568.5,1570.6,1.0,0.0,0.0,1.425,0.425,12.79,0.0,0.8285,0.0,0.303,37.98,IMD gridded 0.25deg (REAL_GOVERNMENT),SYNTHETIC,REAL_GOVERNMENT
2025-03-29,DEMO_MINE,SYN_MINE_01,1568.5,1371.3,0.825,0.0,3.5,0.0,0.216,12.94,0.0,0.8839,0.0,0.288,36.45,IMD gridded 0.25deg (REAL_GOVERNMENT),SYNTHETIC,REAL_GOVERNMENT
2025-03-30,DEMO_MINE,SYN_MINE_01,1333.2,1244.0,1.0,0.0,0.0,0.621,0.133,10.72,1.398,0.7245,0.0,0.275,37.74,IMD gridded 0.25deg (REAL_GOVERNMENT),SYNTHETIC,REAL_GOVERNMENT
2025-03-31,DEMO_MINE,SYN_MINE_01,1568.5,1661.4,1.0,0.0,0.0,0.0,0.099,12.16,0.182,0.8709,0.0,0.265,37.69,IMD gridded 0.25deg (REAL_GOVERNMENT),SYNTHETIC,REAL_GOVERNMENT
2025-04-01,DEMO_MINE,SYN_MINE_01,1592.0,1758.0,1.0,0.0,0.0,1.345,0.0,12.21,0.117,0.9243,0.0,0.28,34.33,IMD gridded 0.25deg (REAL_GOVERNMENT),SYNTHETIC,REAL_GOVERNMENT
2025-04-02,DEMO_MINE,SYN_MINE_01,1592.0,1623.4,0.9526,0.948,0.0,0.0,0.198,12.63,0.0,0.8575,0.0,0.276,32.3,IMD gridded 0.25deg (REAL_GOVERNMENT),SYNTHETIC,REAL_GOVERNMENT
2025-04-03,DEMO_MINE,SYN_MINE_01,1592.0,1726.4,1.0,0.0,0.0,0.041,0.155,11.49,0.714,0.9226,0.0,0.298,31.93,IMD gridded 0.25deg (REAL_GOVERNMENT),SYNTHETIC,REAL_GOVERNMENT
2025-04-04,DEMO_MINE,SYN_MINE_01,1592.0,1404.8,0.825,0.0,3.5,0.493,0.0,11.97,0.0,0.8593,0.0,0.292,36.25,IMD gridded 0.25deg (REAL_GOVERNMENT),SYNTHETIC,REAL_GOVERNMENT
2025-04-05,DEMO_MINE,SYN_MINE_01,1592.0,1600.5,1.0,0.0,0.0,0.0,0.19,13.0,0.0,0.8224,0.0,0.3,38.58,IMD gridded 0.25deg (REAL_GOVERNMENT),SYNTHETIC,REAL_GOVERNMENT
2025-04-06,DEMO_MINE,SYN_MINE_01,1353.2,1380.9,1.0,0.0,0.0,2.219,0.21,11.07,0.971,0.766,0.0,0.309,39.97,IMD gridded 0.25deg (REAL_GOVERNMENT),SYNTHETIC,REAL_GOVERNMENT
2025-04-07,DEMO_MINE,SYN_MINE_01,1592.0,1518.9,0.9147,1.707,0.0,2.579,0.183,11.82,0.231,0.8632,0.0,0.308,41.06,IMD gridded 0.25deg (REAL_GOVERNMENT),SYNTHETIC,REAL_GOVERNMENT
2025-04-08,DEMO_MINE,SYN_MINE_01,1592.0,1535.7,1.0,0.0,0.0,0.962,0.289,12.97,0.0,0.8089,0.0,0.291,40.49,IMD gridded 0.25deg (REAL_GOVERNMENT),SYNTHETIC,REAL_GOVERNMENT
2025-04-09,DEMO_MINE,SYN_MINE_01,1592.0,1699.4,1.0,0.0,0.0,0.986,0.0,11.81,0.477,0.8911,0.0,0.266,39.68,IMD gridded 0.25deg (REAL_GOVERNMENT),SYNTHETIC,REAL_GOVERNMENT
2025-04-10,DEMO_MINE,SYN_MINE_01,1592.0,1790.5,1.0,0.0,0.0,0.556,0.032,12.5,0.0,0.9119,0.0,0.272,40.38,IMD gridded 0.25deg (REAL_GOVERNMENT),SYNTHETIC,REAL_GOVERNMENT
2025-04-11,DEMO_MINE,SYN_MINE_01,1592.0,1259.0,0.8692,2.617,0.0,0.444,0.157,11.38,1.183,0.834,0.54,0.266,40.1,IMD gridded 0.25deg (REAL_GOVERNMENT),SYNTHETIC,REAL_GOVERNMENT
2025-04-12,DEMO_MINE,SYN_MINE_01,1592.0,1403.6,0.8941,2.118,0.0,1.273,0.39,11.2,0.221,0.852,0.0,0.257,38.2,IMD gridded 0.25deg (REAL_GOVERNMENT),SYNTHETIC,REAL_GOVERNMENT
2025-04-13,DEMO_MINE,SYN_MINE_01,1353.2,1269.1,0.8561,2.878,0.0,2.388,0.38,12.31,0.317,0.8039,0.0,0.254,38.28,IMD gridded 0.25deg (REAL_GOVERNMENT),SYNTHETIC,REAL_GOVERNMENT
2025-04-14,DEMO_MINE,SYN_MINE_01,1592.0,412.3,0.325,10.0,3.5,1.215,0.075,12.44,1.822,0.6794,0.16,0.27,38.32,IMD gridded 0.25deg (REAL_GOVERNMENT),SYNTHETIC,REAL_GOVERNMENT
2025-04-15,DEMO_MINE,SYN_MINE_01,1592.0,1058.9,0.6676,6.648,0.0,0.0,0.234,12.47,0.0,0.8459,0.0,0.269,39.14,IMD gridded 0.25deg (REAL_GOVERNMENT),SYNTHETIC,REAL_GOVERNMENT
2025-04-16,DEMO_MINE,SYN_MINE_01,1592.0,1631.0,1.0,0.0,0.0,0.0,0.204,11.78,0.416,0.8619,0.0,0.281,38.88,IMD gridded 0.25deg (REAL_GOVERNMENT),SYNTHETIC,REAL_GOVERNMENT
2025-04-17,DEMO_MINE,SYN_MINE_01,1592.0,1669.2,1.0,0.0,0.0,4.112,0.081,12.26,0.0,0.875,0.0,0.28,39.5,IMD gridded 0.25deg (REAL_GOVERNMENT),SYNTHETIC,REAL_GOVERNMENT
2025-04-18,DEMO_MINE,SYN_MINE_01,1592.0,1434.7,0.9242,1.516,0.0,2.47,0.248,12.15,0.341,0.8351,0.0,0.275,41.26,IMD gridded 0.25deg (REAL_GOVERNMENT),SYNTHETIC,REAL_GOVERNMENT
2025-04-19,DEMO_MINE,SYN_MINE_01,1592.0,1149.6,0.702,5.96,0.0,1.563,0.064,13.0,0.0,0.8645,0.0,0.272,41.22,IMD gridded 0.25deg (REAL_GOVERNMENT),SYNTHETIC,REAL_GOVERNMENT
2025-04-20,DEMO_MINE,SYN_MINE_01,1353.2,1261.4,1.0,0.0,0.0,1.041,0.309,10.94,1.184,0.739,0.0,0.267,40.98,IMD gridded 0.25deg (REAL_GOVERNMENT),SYNTHETIC,REAL_GOVERNMENT
2025-04-21,DEMO_MINE,SYN_MINE_01,1592.0,1549.9,1.0,0.0,0.0,1.673,0.2,12.21,0.233,0.8169,0.0,0.262,41.55,IMD gridded 0.25deg (REAL_GOVERNMENT),SYNTHETIC,REAL_GOVERNMENT
2025-04-22,DEMO_MINE,SYN_MINE_01,1592.0,999.8,0.6323,3.926,3.429,0.847,0.47,12.28,0.0,0.87,0.0,0.257,42.41,IMD gridded 0.25deg (REAL_GOVERNMENT),SYNTHETIC,REAL_GOVERNMENT
2025-04-23,DEMO_MINE,SYN_MINE_01,1592.0,898.0,0.5489,9.022,0.0,0.0,0.162,11.76,0.0,0.8658,0.0,0.253,42.33,IMD gridded 0.25deg (REAL_GOVERNMENT),SYNTHETIC,REAL_GOVERNMENT
2025-04-24,DEMO_MINE,SYN_MINE_01,1592.0,1558.0,1.0,0.0,0.0,0.0,0.246,10.99,1.324,0.8939,0.0,0.251,42.06,IMD gridded 0.25deg (REAL_GOVERNMENT),SYNTHETIC,REAL_GOVERNMENT
2025-04-25,DEMO_MINE,SYN_MINE_01,1592.0,1385.9,0.815,3.7,0.0,0.0,0.0,12.92,0.0,0.8626,0.0,0.251,41.97,IMD gridded 0.25deg (REAL_GOVERNMENT),SYNTHETIC,REAL_GOVERNMENT
2025-04-26,DEMO_MINE,SYN_MINE_01,1592.0,1616.5,1.0,0.0,0.0,0.869,0.182,12.49,0.0,0.8606,0.0,0.251,39.54,IMD gridded 0.25deg (REAL_GOVERNMENT),SYNTHETIC,REAL_GOVERNMENT
2025-04-27,DEMO_MINE,SYN_MINE_01,1353.2,1395.4,1.0,0.0,0.0,0.0,0.165,12.46,0.0,0.7274,0.0,0.251,37.84,IMD gridded 0.25deg (REAL_GOVERNMENT),SYNTHETIC,REAL_GOVERNMENT
2025-04-28,DEMO_MINE,SYN_MINE_01,1592.0,1307.3,0.9296,1.408,0.0,1.094,0.418,12.29,1.641,0.75,2.39,0.25,39.49,IMD gridded 0.25deg (REAL_GOVERNMENT),SYNTHETIC,REAL_GOVERNMENT
2025-04-29,DEMO_MINE,SYN_MINE_01,1592.0,1478.8,0.8629,2.741,0.0,0.0,0.0,11.45,0.149,0.8865,0.91,0.266,40.51,IMD gridded 0.25deg (REAL_GOVERNMENT),SYNTHETIC,REAL_GOVERNMENT
2025-04-30,DEMO_MINE,SYN_MINE_01,1592.0,1679.2,1.0,0.0,0.0,0.0,0.049,11.46,0.762,0.8797,0.26,0.301,40.25,IMD gridded 0.25deg (REAL_GOVERNMENT),SYNTHETIC,REAL_GOVERNMENT
2025-05-01,DEMO_MINE,SYN_MINE_01,1592.0,1306.2,0.7492,5.015,0.0,0.0,0.045,11.87,0.0,0.8846,0.0,0.32,39.24,IMD gridded 0.25deg (REAL_GOVERNMENT),SYNTHETIC,REAL_GOVERNMENT
2025-05-02,DEMO_MINE,SYN_MINE_01,1592.0,1508.6,0.9553,0.894,0.0,2.425,0.289,11.74,0.482,0.8652,0.79,0.294,39.67,IMD gridded 0.25deg (REAL_GOVERNMENT),SYNTHETIC,REAL_GOVERNMENT
2025-05-03,DEMO_MINE,SYN_MINE_01,1592.0,1094.0,0.6885,2.731,3.5,0.811,0.032,12.38,0.0,0.8362,0.0,0.303,40.41,IMD gridded 0.25deg (REAL_GOVERNMENT),SYNTHETIC,REAL_GOVERNMENT
2025-05-04,DEMO_MINE,SYN_MINE_01,1353.2,1201.6,0.9033,1.935,0.0,0.988,0.132,12.45,0.0,0.7011,4.23,0.319,38.5,IMD gridded 0.25deg (REAL_GOVERNMENT),SYNTHETIC,REAL_GOVERNMENT
2025-05-05,DEMO_MINE,SYN_MINE_01,1592.0,1595.9,1.0,0.0,0.0,1.061,0.462,12.39,0.0,0.8603,1.77,0.317,37.7,IMD gridded 0.25deg (REAL_GOVERNMENT),SYNTHETIC,REAL_GOVERNMENT
2025-05-06,DEMO_MINE,SYN_MINE_01,1592.0,1517.4,1.0,0.0,0.0,0.0,0.057,12.86,0.0,0.7918,6.13,0.328,37.42,IMD gridded 0.25deg (REAL_GOVERNMENT),SYNTHETIC,REAL_GOVERNMENT
2025-05-07,DEMO_MINE,SYN_MINE_01,1592.0,1550.5,1.0,0.0,0.0,0.0,0.202,11.51,0.479,0.8354,0.0,0.331,36.35,IMD gridded 0.25deg (REAL_GOVERNMENT),SYNTHETIC,REAL_GOVERNMENT
2025-05-08,DEMO_MINE,SYN_MINE_01,1592.0,1577.9,1.0,0.0,0.0,1.559,0.617,12.0,0.0,0.8585,0.0,0.313,35.85,IMD gridded 0.25deg (REAL_GOVERNMENT),SYNTHETIC,REAL_GOVERNMENT
2025-05-09,DEMO_MINE,SYN_MINE_01,1592.0,1364.9,0.825,0.0,3.5,0.908,0.371,11.74,0.254,0.906,0.0,0.307,37.57,IMD gridded 0.25deg (REAL_GOVERNMENT),SYNTHETIC,REAL_GOVERNMENT
2025-05-10,DEMO_MINE,SYN_MINE_01,1592.0,1602.8,1.0,0.0,0.0,0.0,0.0,12.19,0.076,0.831,0.0,0.304,37.15,IMD gridded 0.25deg (REAL_GOVERNMENT),SYNTHETIC,REAL_GOVERNMENT
2025-05-11,DEMO_MINE,SYN_MINE_01,1353.2,1361.4,1.0,0.0,0.0,0.0,0.351,11.61,0.734,0.7425,0.0,0.305,37.85,IMD gridded 0.25deg (REAL_GOVERNMENT),SYNTHETIC,REAL_GOVERNMENT
2025-05-12,DEMO_MINE,SYN_MINE_01,1592.0,1604.7,1.0,0.0,0.0,0.0,0.74,12.03,0.23,0.8668,0.0,0.307,37.08,IMD gridded 0.25deg (REAL_GOVERNMENT),SYNTHETIC,REAL_GOVERNMENT
2025-05-13,DEMO_MINE,SYN_MINE_01,1592.0,1344.4,1.0,0.0,0.0,0.786,0.33,10.35,2.148,0.8307,0.0,0.316,37.49,IMD gridded 0.25deg (REAL_GOVERNMENT),SYNTHETIC,REAL_GOVERNMENT
2025-05-14,DEMO_MINE,SYN_MINE_01,1592.0,1599.2,1.0,0.0,0.0,0.0,0.491,12.65,0.0,0.8674,0.0,0.303,38.72,IMD gridded 0.25deg (REAL_GOVERNMENT),SYNTHETIC,REAL_GOVERNMENT
2025-05-15,DEMO_MINE,SYN_MINE_01,1592.0,1605.0,1.0,0.0,0.0,0.829,0.01,12.09,0.0,0.836,0.0,0.296,37.37,IMD gridded 0.25deg (REAL_GOVERNMENT),SYNTHETIC,REAL_GOVERNMENT
2025-05-16,DEMO_MINE,SYN_MINE_01,1592.0,1404.1,1.0,0.0,0.0,0.0,0.348,11.65,0.551,0.785,0.0,0.302,37.78,IMD gridded 0.25deg (REAL_GOVERNMENT),SYNTHETIC,REAL_GOVERNMENT
2025-05-17,DEMO_MINE,SYN_MINE_01,1592.0,1180.1,0.7295,5.411,0.0,1.36,0.151,12.19,0.0,0.8589,1.34,0.3,38.05,IMD gridded 0.25deg (REAL_GOVERNMENT),SYNTHETIC,REAL_GOVERNMENT
2025-05-18,DEMO_MINE,SYN_MINE_01,1353.2,1046.5,0.7261,5.479,0.0,0.741,0.0,11.98,0.262,0.7452,6.12,0.3,38.48,IMD gridded 0.25deg (REAL_GOVERNMENT),SYNTHETIC,REAL_GOVERNMENT
2025-05-19,DEMO_MINE,SYN_MINE_01,1592.0,1540.0,1.0,0.0,0.0,0.0,0.2,10.95,1.336,0.8759,0.0,0.291,39.18,IMD gridded 0.25deg (REAL_GOVERNMENT),SYNTHETIC,REAL_GOVERNMENT
2025-05-20,DEMO_MINE,SYN_MINE_01,1592.0,1284.2,0.8404,0.0,3.192,0.0,0.029,11.75,0.765,0.8408,0.0,0.292,39.25,IMD gridded 0.25deg (REAL_GOVERNMENT),SYNTHETIC,REAL_GOVERNMENT
2025-05-21,DEMO_MINE,SYN_MINE_01,1592.0,929.3,1.0,0.0,0.0,1.461,6.973,12.44,0.269,0.8492,1.32,0.299,38.23,IMD gridded 0.25deg (REAL_GOVERNMENT),SYNTHETIC,REAL_GOVERNMENT
2025-05-22,DEMO_MINE,SYN_MINE_01,1592.0,1630.5,1.0,0.0,0.0,0.645,0.216,12.58,0.243,0.8826,5.28,0.303,33.11,IMD gridded 0.25deg (REAL_GOVERNMENT),SYNTHETIC,REAL_GOVERNMENT
2025-05-23,DEMO_MINE,SYN_MINE_01,1592.0,1369.2,1.0,0.0,0.0,0.563,0.229,10.6,2.066,0.8299,0.0,0.301,34.05,IMD gridded 0.25deg (REAL_GOVERNMENT),SYNTHETIC,REAL_GOVERNMENT
2025-05-24,DEMO_MINE,SYN_MINE_01,1592.0,1548.9,1.0,0.0,0.0,0.682,0.052,11.59,0.973,0.8593,0.0,0.314,31.73,IMD gridded 0.25deg (REAL_GOVERNMENT),SYNTHETIC,REAL_GOVERNMENT
2025-05-25,DEMO_MINE,SYN_MINE_01,1353.2,1053.8,0.825,0.0,3.5,2.327,0.003,12.67,1.651,0.7684,0.0,0.483,32.94,IMD gridded 0.25deg (REAL_GOVERNMENT),SYNTHETIC,REAL_GOVERNMENT
2025-05-26,DEMO_MINE,SYN_MINE_01,1592.0,1546.7,1.0,0.0,0.0,1.021,0.018,11.94,2.183,0.8959,0.49,0.439,35.61,IMD gridded 0.25deg (REAL_GOVERNMENT),SYNTHETIC,REAL_GOVERNMENT
2025-05-27,DEMO_MINE,SYN_MINE_01,1592.0,1534.7,1.0,0.0,0.0,0.786,0.342,12.4,0.556,0.8523,0.46,0.4,36.62,IMD gridded 0.25deg (REAL_GOVERNMENT),SYNTHETIC,REAL_GOVERNMENT
2025-05-28,DEMO_MINE,SYN_MINE_01,1592.0,1659.1,1.0,0.0,0.0,0.0,0.0,11.49,0.707,0.8836,0.55,0.383,34.03,IMD gridded 0.25deg (REAL_GOVERNMENT),SYNTHETIC,REAL_GOVERNMENT
2025-05-29,DEMO_MINE,SYN_MINE_01,1592.0,1499.7,1.0,0.0,0.0,1.134,0.335,12.16,0.555,0.8309,3.34,0.399,36.05,IMD gridded 0.25deg (REAL_GOVERNMENT),SYNTHETIC,REAL_GOVERNMENT
2025-05-30,DEMO_MINE,SYN_MINE_01,1592.0,1348.5,1.0,0.0,0.0,1.648,0.04,10.8,3.131,0.8591,1.6,0.423,34.55,IMD gridded 0.25deg (REAL_GOVERNMENT),SYNTHETIC,REAL_GOVERNMENT
2025-05-31,DEMO_MINE,SYN_MINE_01,1592.0,1162.4,0.8362,1.817,0.0,0.692,0.212,11.32,1.557,0.8388,4.15,0.445,35.56,IMD gridded 0.25deg (REAL_GOVERNMENT),SYNTHETIC,REAL_GOVERNMENT
2025-06-01,DEMO_MINE,SYN_MINE_01,1353.2,1066.2,0.7484,5.033,0.0,0.762,0.254,10.8,0.29,0.7677,0.0,0.433,35.33,IMD gridded 0.25deg (REAL_GOVERNMENT),SYNTHETIC,REAL_GOVERNMENT
2025-06-02,DEMO_MINE,SYN_MINE_01,1592.0,1436.7,1.0,0.0,0.0,0.743,0.479,11.83,1.418,0.8511,1.77,0.413,36.15,IMD gridded 0.25deg (REAL_GOVERNMENT),SYNTHETIC,REAL_GOVERNMENT
2025-06-03,DEMO_MINE,SYN_MINE_01,1592.0,1120.9,1.0,0.0,0.0,1.209,0.272,11.51,2.877,0.654,0.23,0.402,35.03,IMD gridded 0.25deg (REAL_GOVERNMENT),SYNTHETIC,REAL_GOVERNMENT
2025-06-04,DEMO_MINE,SYN_MINE_01,1592.0,1653.9,1.0,0.0,0.0,0.0,0.0,12.59,0.0,0.8448,0.0,0.376,35.47,IMD gridded 0.25deg (REAL_GOVERNMENT),SYNTHETIC,REAL_GOVERNMENT
2025-06-05,DEMO_MINE,SYN_MINE_01,1592.0,1376.0,0.8458,0.0,3.085,0.0,0.198,13.0,0.0,0.8545,0.0,0.354,36.26,IMD gridded 0.25deg (REAL_GOVERNMENT),SYNTHETIC,REAL_GOVERNMENT
2025-06-06,DEMO_MINE,SYN_MINE_01,1592.0,1415.8,0.9292,1.33,0.0,0.854,0.743,12.12,0.06,0.8444,0.0,0.336,38.75,IMD gridded 0.25deg (REAL_GOVERNMENT),SYNTHETIC,REAL_GOVERNMENT
2025-06-07,DEMO_MINE,SYN_MINE_01,1592.0,1631.4,1.0,0.0,0.0,0.69,0.33,11.9,0.194,0.8678,0.0,0.324,38.08,IMD gridded 0.25deg (REAL_GOVERNMENT),SYNTHETIC,REAL_GOVERNMENT
2025-06-08,DEMO_MINE,SYN_MINE_01,1353.2,1389.0,1.0,0.0,0.0,0.0,0.0,10.94,1.115,0.7475,0.0,0.314,40.61,IMD gridded 0.25deg (REAL_GOVERNMENT),SYNTHETIC,REAL_GOVERNMENT
2025-06-09,DEMO_MINE,SYN_MINE_01,1592.0,1438.0,0.8956,2.089,0.0,1.161,0.0,11.7,0.725,0.8768,0.0,0.319,41.16,IMD gridded 0.25deg (REAL_GOVERNMENT),SYNTHETIC,REAL_GOVERNMENT
2025-06-10,DEMO_MINE,SYN_MINE_01,1592.0,1312.4,0.8085,0.641,3.189,0.964,0.066,12.16,0.0,0.851,0.0,0.327,40.85,IMD gridded 0.25deg (REAL_GOVERNMENT),SYNTHETIC,REAL_GOVERNMENT
2025-06-11,DEMO_MINE,SYN_MINE_01,1592.0,1572.9,1.0,0.0,0.0,0.514,0.102,12.74,0.0,0.8316,7.8,0.346,39.08,IMD gridded 0.25deg (REAL_GOVERNMENT),SYNTHETIC,REAL_GOVERNMENT
2025-06-12,DEMO_MINE,SYN_MINE_01,1592.0,652.7,0.4074,11.853,0.0,0.379,0.132,12.15,0.0,0.8509,0.0,0.337,38.69,IMD gridded 0.25deg (REAL_GOVERNMENT),SYNTHETIC,REAL_GOVERNMENT
2025-06-13,DEMO_MINE,SYN_MINE_01,1592.0,1282.6,0.7612,4.777,0.0,0.0,0.119,12.49,0.0,0.8891,0.0,0.321,38.4,IMD gridded 0.25deg (REAL_GOVERNMENT),SYNTHETIC,REAL_GOVERNMENT
2025-06-14,DEMO_MINE,SYN_MINE_01,1592.0,1681.9,1.0,0.0,0.0,1.218,0.247,11.26,1.127,0.9175,0.0,0.302,38.69,IMD gridded 0.25deg (REAL_GOVERNMENT),SYNTHETIC,REAL_GOVERNMENT
2025-06-15,DEMO_MINE,SYN_MINE_01,1353.2,1353.4,1.0,0.0,0.0,1.001,0.344,11.91,0.36,0.7493,0.0,0.315,36.67,IMD gridded 0.25deg (REAL_GOVERNMENT),SYNTHETIC,REAL_GOVERNMENT
2025-06-16,DEMO_MINE,SYN_MINE_01,1592.0,1084.6,0.6953,6.095,0.0,0.757,0.152,12.05,0.0,0.8112,5.27,0.42,35.61,IMD gridded 0.25deg (REAL_GOVERNMENT),SYNTHETIC,REAL_GOVERNMENT
2025-06-17,DEMO_MINE,SYN_MINE_01,1592.0,1236.0,1.0,0.0,0.0,1.468,0.348,11.03,4.124,0.864,0.12,0.47,34.17,IMD gridded 0.25deg (REAL_GOVERNMENT),SYNTHETIC,REAL_GOVERNMENT
2025-06-18,DEMO_MINE,SYN_MINE_01,1592.0,1374.3,1.0,0.0,0.0,0.0,0.087,11.73,2.659,0.8567,6.49,0.439,35.13,IMD gridded 0.25deg (REAL_GOVERNMENT),SYNTHETIC,REAL_GOVERNMENT
2025-06-19,DEMO_MINE,SYN_MINE_01,1592.0,1390.7,1.0,0.0,0.0,1.324,0.146,11.04,2.97,0.8842,0.0,0.429,32.17,IMD gridded 0.25deg (REAL_GOVERNMENT),SYNTHETIC,REAL_GOVERNMENT
2025-06-20,DEMO_MINE,SYN_MINE_01,1592.0,1054.0,1.0,0.0,0.0,1.109,0.135,10.35,5.72,0.7855,7.86,0.467,29.32,IMD gridded 0.25deg (REAL_GOVERNMENT),SYNTHETIC,REAL_GOVERNMENT
2025-06-21,DEMO_MINE,SYN_MINE_01,1592.0,1183.3,1.0,0.0,0.0,1.231,0.583,11.04,4.33,0.8659,4.86,0.47,30.99,IMD gridded 0.25deg (REAL_GOVERNMENT),SYNTHETIC,REAL_GOVERNMENT
2025-06-22,DEMO_MINE,SYN_MINE_01,1353.2,798.6,0.6291,4.378,3.041,1.921,0.071,9.93,0.858,0.7293,1.85,0.477,29.2,IMD gridded 0.25deg (REAL_GOVERNMENT),SYNTHETIC,REAL_GOVERNMENT
2025-06-23,DEMO_MINE,SYN_MINE_01,1592.0,1114.4,0.8303,3.394,0.0,3.77,0.216,11.07,2.419,0.8629,2.3,0.476,28.17,IMD gridded 0.25deg (REAL_GOVERNMENT),SYNTHETIC,REAL_GOVERNMENT
2025-06-24,DEMO_MINE,SYN_MINE_01,1592.0,874.8,0.5,10.0,0.0,0.0,0.073,11.62,0.0,0.9139,5.54,0.502,28.09,IMD gridded 0.25deg (REAL_GOVERNMENT),SYNTHETIC,REAL_GOVERNMENT
2025-06-25,DEMO_MINE,SYN_MINE_01,1592.0,930.2,0.7123,5.754,0.0,2.831,0.423,11.25,2.311,0.8812,45.24,0.498,29.29,IMD gridded 0.25deg (REAL_GOVERNMENT),SYNTHETIC,REAL_GOVERNMENT
2025-06-26,DEMO_MINE,SYN_MINE_01,1592.0,1145.5,0.9516,0.967,0.0,0.311,0.092,11.44,4.027,0.844,9.95,0.507,28.07,IMD gridded 0.25deg (REAL_GOVERNMENT),SYNTHETIC,REAL_GOVERNMENT
2025-06-27,DEMO_MINE,SYN_MINE_01,1592.0,1061.4,0.829,0.0,3.419,1.231,0.164,11.17,2.779,0.8393,2.56,0.503,29.52,IMD gridded 0.25deg (REAL_GOVERNMENT),SYNTHETIC,REAL_GOVERNMENT
2025-06-28,DEMO_MINE,SYN_MINE_01,1592.0,1148.5,1.0,0.0,0.0,2.785,0.132,11.41,5.154,0.854,22.52,0.498,30.07,IMD gridded 0.25deg (REAL_GOVERNMENT),SYNTHETIC,REAL_GOVERNMENT
2025-06-29,DEMO_MINE,SYN_MINE_01,1353.2,821.6,0.8693,2.614,0.0,2.324,0.213,10.91,3.201,0.6953,31.92,0.502,26.6,IMD gridded 0.25deg (REAL_GOVERNMENT),SYNTHETIC,REAL_GOVERNMENT
2025-06-30,DEMO_MINE,SYN_MINE_01,1592.0,1120.5,0.9482,1.037,0.0,1.667,0.06,11.81,4.581,0.8618,35.14,0.509,26.58,IMD gridded 0.25deg (REAL_GOVERNMENT),SYNTHETIC,REAL_GOVERNMENT
2025-07-01,DEMO_MINE,SYN_MINE_01,1432.8,1260.7,1.0,0.0,0.0,2.991,0.0,12.82,3.988,0.8515,23.16,0.509,26.32,IMD gridded 0.25deg (REAL_GOVERNMENT),SYNTHETIC,REAL_GOVERNMENT
2025-07-02,DEMO_MINE,SYN_MINE_01,1432.8,995.2,0.8427,2.989,0.0,3.923,0.047,10.72,3.445,0.8284,22.87,0.504,28.24,IMD gridded 0.25deg (REAL_GOVERNMENT),SYNTHETIC,REAL_GOVERNMENT
2025-07-03,DEMO_MINE,SYN_MINE_01,1432.8,1063.8,1.0,0.0,0.0,0.879,0.378,10.86,5.241,0.8387,9.81,0.498,29.64,IMD gridded 0.25deg (REAL_GOVERNMENT),SYNTHETIC,REAL_GOVERNMENT
2025-07-04,DEMO_MINE,SYN_MINE_01,1432.8,1175.2,1.0,0.0,0.0,0.844,0.0,11.33,5.0,0.8532,6.97,0.509,26.92,IMD gridded 0.25deg (REAL_GOVERNMENT),SYNTHETIC,REAL_GOVERNMENT
2025-07-05,DEMO_MINE,SYN_MINE_01,1432.8,1278.1,1.0,0.0,0.0,3.333,0.317,12.44,3.186,0.8499,1.9,0.495,27.3,IMD gridded 0.25deg (REAL_GOVERNMENT),SYNTHETIC,REAL_GOVERNMENT
2025-07-06,DEMO_MINE,SYN_MINE_01,1217.9,1114.5,1.0,0.0,0.0,2.924,0.0,11.64,4.074,0.7581,7.23,0.505,26.93,IMD gridded 0.25deg (REAL_GOVERNMENT),SYNTHETIC,REAL_GOVERNMENT
2025-07-07,DEMO_MINE,SYN_MINE_01,1432.8,495.6,1.0,0.0,0.0,4.059,0.068,11.98,8.925,0.4601,126.97,0.514,27.22,IMD gridded 0.25deg (REAL_GOVERNMENT),SYNTHETIC,REAL_GOVERNMENT
2025-07-08,DEMO_MINE,SYN_MINE_01,1432.8,475.3,0.9051,0.976,0.0,3.632,0.048,12.36,8.648,0.5383,223.18,0.509,26.91,IMD gridded 0.25deg (REAL_GOVERNMENT),SYNTHETIC,REAL_GOVERNMENT
2025-07-09,DEMO_MINE,SYN_MINE_01,1432.8,1103.5,1.0,0.0,0.0,1.667,0.307,12.92,5.964,0.8962,79.08,0.508,26.46,IMD gridded 0.25deg (REAL_GOVERNMENT),SYNTHETIC,REAL_GOVERNMENT
2025-07-10,DEMO_MINE,SYN_MINE_01,1432.8,948.3,0.7259,5.481,0.0,1.667,0.76,11.6,1.575,0.8506,20.87,0.502,28.37,IMD gridded 0.25deg (REAL_GOVERNMENT),SYNTHETIC,REAL_GOVERNMENT
2025-07-11,DEMO_MINE,SYN_MINE_01,1432.8,968.7,0.7529,1.441,3.5,1.469,0.191,10.71,2.882,0.8833,0.0,0.497,29.48,IMD gridded 0.25deg (REAL_GOVERNMENT),SYNTHETIC,REAL_GOVERNMENT
2025-07-12,DEMO_MINE,SYN_MINE_01,1432.8,1360.5,1.0,0.0,0.0,0.577,0.0,12.34,2.972,0.8455,0.85,0.484,29.51,IMD gridded 0.25deg (REAL_GOVERNMENT),SYNTHETIC,REAL_GOVERNMENT
2025-07-13,DEMO_MINE,SYN_MINE_01,1217.9,1041.2,1.0,0.0,0.0,2.588,0.185,11.11,3.878,0.7507,3.27,0.48,29.56,IMD gridded 0.25deg (REAL_GOVERNMENT),SYNTHETIC,REAL_GOVERNMENT
2025-07-14,DEMO_MINE,SYN_MINE_01,1432.8,1070.9,0.8381,3.239,0.0,0.838,0.0,11.33,2.558,0.8122,1.84,0.476,30.99,IMD gridded 0.25deg (REAL_GOVERNMENT),SYNTHETIC,REAL_GOVERNMENT
2025-07-15,DEMO_MINE,SYN_MINE_01,1432.8,923.8,0.7076,2.377,3.472,0.893,0.151,11.53,2.887,0.893,5.69,0.482,31.23,IMD gridded 0.25deg (REAL_GOVERNMENT),SYNTHETIC,REAL_GOVERNMENT
2025-07-16,DEMO_MINE,SYN_MINE_01,1432.8,1217.0,1.0,0.0,0.0,0.0,0.246,12.72,3.25,0.8098,9.8,0.503,30.39,IMD gridded 0.25deg (REAL_GOVERNMENT),SYNTHETIC,REAL_GOVERNMENT
2025-07-17,DEMO_MINE,SYN_MINE_01,1432.8,1041.0,1.0,0.0,0.0,2.378,0.05,10.55,6.233,0.8488,29.28,0.497,28.43,IMD gridded 0.25deg (REAL_GOVERNMENT),SYNTHETIC,REAL_GOVERNMENT
2025-07-18,DEMO_MINE,SYN_MINE_01,1432.8,1197.2,1.0,0.0,0.0,0.403,0.222,11.7,4.255,0.8421,9.17,0.493,29.47,IMD gridded 0.25deg (REAL_GOVERNMENT),SYNTHETIC,REAL_GOVERNMENT
2025-07-19,DEMO_MINE,SYN_MINE_01,1432.8,1284.5,1.0,0.0,0.0,1.017,0.345,11.86,3.617,0.864,9.22,0.473,32.08,IMD gridded 0.25deg (REAL_GOVERNMENT),SYNTHETIC,REAL_GOVERNMENT
2025-07-20,DEMO_MINE,SYN_MINE_01,1217.9,1075.8,1.0,0.0,0.0,0.944,0.341,12.31,2.113,0.6859,0.19,0.472,31.75,IMD gridded 0.25deg (REAL_GOVERNMENT),SYNTHETIC,REAL_GOVERNMENT
2025-07-21,DEMO_MINE,SYN_MINE_01,1432.8,1005.1,1.0,0.0,0.0,0.0,0.142,10.43,5.769,0.8138,19.62,0.495,32.46,IMD gridded 0.25deg (REAL_GOVERNMENT),SYNTHETIC,REAL_GOVERNMENT
2025-07-22,DEMO_MINE,SYN_MINE_01,1432.8,1084.5,0.9739,0.523,0.0,0.576,0.304,10.4,5.044,0.8492,0.0,0.498,31.39,IMD gridded 0.25deg (REAL_GOVERNMENT),SYNTHETIC,REAL_GOVERNMENT
2025-07-23,DEMO_MINE,SYN_MINE_01,1432.8,1095.8,0.8723,2.555,0.0,0.508,0.087,10.29,3.815,0.8849,2.41,0.505,30.74,IMD gridded 0.25deg (REAL_GOVERNMENT),SYNTHETIC,REAL_GOVERNMENT
2025-07-24,DEMO_MINE,SYN_MINE_01,1432.8,1052.6,0.7918,2.416,0.0,1.667,0.001,11.47,2.506,0.8556,43.44,0.508,27.6,IMD gridded 0.25deg (REAL_GOVERNMENT),SYNTHETIC,REAL_GOVERNMENT
2025-07-25,DEMO_MINE,SYN_MINE_01,1432.8,1161.1,1.0,0.0,0.0,1.667,0.039,12.49,4.695,0.8375,34.46,0.512,27.39,IMD gridded 0.25deg (REAL_GOVERNMENT),SYNTHETIC,REAL_GOVERNMENT
2025-07-26,DEMO_MINE,SYN_MINE_01,1432.8,597.9,1.0,0.0,0.0,4.349,0.191,11.28,7.665,0.512,48.4,0.51,27.07,IMD gridded 0.25deg (REAL_GOVERNMENT),SYNTHETIC,REAL_GOVERNMENT
2025-07-27,DEMO_MINE,SYN_MINE_01,1217.9,617.6,1.0,0.0,0.0,3.926,0.053,12.22,6.602,0.4807,57.45,0.492,28.15,IMD gridded 0.25deg (REAL_GOVERNMENT),SYNTHETIC,REAL_GOVERNMENT
2025-07-28,DEMO_MINE,SYN_MINE_01,1432.8,1259.4,1.0,0.0,0.0,0.0,0.22,11.9,3.441,0.8386,0.68,0.485,26.65,IMD gridded 0.25deg (REAL_GOVERNMENT),SYNTHETIC,REAL_GOVERNMENT
2025-07-29,DEMO_MINE,SYN_MINE_01,1432.8,1065.9,0.825,0.0,3.5,0.0,0.413,12.07,2.889,0.8827,13.59,0.507,25.89,IMD gridded 0.25deg (REAL_GOVERNMENT),SYNTHETIC,REAL_GOVERNMENT
2025-07-30,DEMO_MINE,SYN_MINE_01,1432.8,1383.2,1.0,0.0,0.0,1.239,0.074,12.16,3.427,0.8914,0.0,0.489,26.98,IMD gridded 0.25deg (REAL_GOVERNMENT),SYNTHETIC,REAL_GOVERNMENT
2025-07-31,DEMO_MINE,SYN_MINE_01,1432.8,1300.7,0.8768,2.325,0.0,2.416,0.092,11.59,2.447,0.8915,0.0,0.475,28.81,IMD gridded 0.25deg (REAL_GOVERNMENT),SYNTHETIC,REAL_GOVERNMENT
2025-08-01,DEMO_MINE,SYN_MINE_01,1432.8,1113.5,0.825,0.0,3.5,1.267,0.546,11.91,2.263,0.861,5.51,0.465,29.81,IMD gridded 0.25deg (REAL_GOVERNMENT),SYNTHETIC,REAL_GOVERNMENT
2025-08-02,DEMO_MINE,SYN_MINE_01,1432.8,1144.4,0.8923,2.154,0.0,0.573,0.287,10.33,3.505,0.8902,3.98,0.446,30.55,IMD gridded 0.25deg (REAL_GOVERNMENT),SYNTHETIC,REAL_GOVERNMENT
2025-08-03,DEMO_MINE,SYN_MINE_01,1217.9,682.4,0.5,10.0,0.0,1.078,0.154,11.45,0.0,0.7367,1.83,0.433,30.97,IMD gridded 0.25deg (REAL_GOVERNMENT),SYNTHETIC,REAL_GOVERNMENT
2025-08-04,DEMO_MINE,SYN_MINE_01,1432.8,1144.5,0.8648,2.704,0.0,2.303,0.035,11.86,2.215,0.7116,3.0,0.418,32.33,IMD gridded 0.25deg (REAL_GOVERNMENT),SYNTHETIC,REAL_GOVERNMENT
2025-08-05,DEMO_MINE,SYN_MINE_01,1432.8,1467.6,1.0,0.0,0.0,0.947,0.171,11.5,1.708,0.8444,4.93,0.405,33.34,IMD gridded 0.25deg (REAL_GOVERNMENT),SYNTHETIC,REAL_GOVERNMENT
2025-08-06,DEMO_MINE,SYN_MINE_01,1432.8,1443.3,0.8782,2.437,0.0,0.0,0.06,12.01,0.072,0.8313,0.0,0.378,33.23,IMD gridded 0.25deg (REAL_GOVERNMENT),SYNTHETIC,REAL_GOVERNMENT
2025-08-07,DEMO_MINE,SYN_MINE_01,1432.8,1177.9,0.6898,6.204,0.0,0.0,0.0,12.11,0.259,0.9,1.28,0.414,32.68,IMD gridded 0.25deg (REAL_GOVERNMENT),SYNTHETIC,REAL_GOVERNMENT
2025-08-08,DEMO_MINE,SYN_MINE_01,1432.8,1345.6,1.0,0.0,0.0,1.652,0.083,11.3,3.843,0.8988,4.59,0.459,29.45,IMD gridded 0.25deg (REAL_GOVERNMENT),SYNTHETIC,REAL_GOVERNMENT
2025-08-09,DEMO_MINE,SYN_MINE_01,1432.8,978.7,0.58,8.399,0.0,0.0,0.033,11.67,0.006,0.8824,10.44,0.479,30.08,IMD gridded 0.25deg (REAL_GOVERNMENT),SYNTHETIC,REAL_GOVERNMENT
2025-08-10,DEMO_MINE,SYN_MINE_01,1217.9,1097.6,0.9389,1.223,0.0,0.0,0.558,12.56,1.036,0.7015,2.99,0.445,31.47,IMD gridded 0.25deg (REAL_GOVERNMENT),SYNTHETIC,REAL_GOVERNMENT
2025-08-11,DEMO_MINE,SYN_MINE_01,1432.8,1472.3,1.0,0.0,0.0,0.0,0.325,11.9,1.98,0.8823,1.32,0.431,31.27,IMD gridded 0.25deg (REAL_GOVERNMENT),SYNTHETIC,REAL_GOVERNMENT
2025-08-12,DEMO_MINE,SYN_MINE_01,1432.8,1210.7,1.0,0.0,0.0,0.0,0.523,10.87,4.191,0.8755,1.1,0.462,30.78,IMD gridded 0.25deg (REAL_GOVERNMENT),SYNTHETIC,REAL_GOVERNMENT
2025-08-13,DEMO_MINE,SYN_MINE_01,1432.8,1013.8,1.0,0.0,0.0,0.017,2.817,11.94,3.901,0.8653,0.64,0.501,27.63,IMD gridded 0.25deg (REAL_GOVERNMENT),SYNTHETIC,REAL_GOVERNMENT
2025-08-14,DEMO_MINE,SYN_MINE_01,1432.8,5.7,1.0,0.0,0.0,2.604,12.734,11.75,5.135,0.8964,28.17,0.492,30.46,IMD gridded 0.25deg (REAL_GOVERNMENT),SYNTHETIC,REAL_GOVERNMENT
2025-08-15,DEMO_MINE,SYN_MINE_01,1432.8,0.0,0.6635,3.511,3.219,0.403,10.258,11.17,0.195,0.7877,3.67,0.494,30.9,IMD gridded 0.25deg (REAL_GOVERNMENT),SYNTHETIC,REAL_GOVERNMENT
2025-08-16,DEMO_MINE,SYN_MINE_01,1432.8,1205.2,1.0,0.0,0.0,1.334,0.193,11.86,4.582,0.8758,14.04,0.501,29.77,IMD gridded 0.25deg (REAL_GOVERNMENT),SYNTHETIC,REAL_GOVERNMENT
2025-08-17,DEMO_MINE,SYN_MINE_01,1217.9,1151.5,1.0,0.0,0.0,1.63,0.12,12.17,2.869,0.7583,0.11,0.487,30.9,IMD gridded 0.25deg (REAL_GOVERNMENT),SYNTHETIC,REAL_GOVERNMENT
2025-08-18,DEMO_MINE,SYN_MINE_01,1432.8,1346.0,1.0,0.0,0.0,0.0,0.0,12.78,2.786,0.8257,6.57,0.49,30.87,IMD gridded 0.25deg (REAL_GOVERNMENT),SYNTHETIC,REAL_GOVERNMENT
2025-08-19,DEMO_MINE,SYN_MINE_01,1432.8,1155.3,0.825,0.0,3.5,1.842,0.116,13.0,1.829,0.8528,3.17,0.505,29.32,IMD gridded 0.25deg (REAL_GOVERNMENT),SYNTHETIC,REAL_GOVERNMENT
2025-08-20,DEMO_MINE,SYN_MINE_01,1432.8,900.5,1.0,0.0,0.0,3.798,0.246,12.41,5.948,0.6888,47.4,0.503,28.65,IMD gridded 0.25deg (REAL_GOVERNMENT),SYNTHETIC,REAL_GOVERNMENT
2025-08-21,DEMO_MINE,SYN_MINE_01,1432.8,1023.2,1.0,0.0,0.0,0.391,0.217,10.58,5.208,0.8123,6.0,0.497,30.04,IMD gridded 0.25deg (REAL_GOVERNMENT),SYNTHETIC,REAL_GOVERNMENT
2025-08-22,DEMO_MINE,SYN_MINE_01,1432.8,1032.7,1.0,0.0,0.0,1.137,0.207,10.06,6.163,0.858,8.69,0.497,29.02,IMD gridded 0.25deg (REAL_GOVERNMENT),SYNTHETIC,REAL_GOVERNMENT
2025-08-23,DEMO_MINE,SYN_MINE_01,1432.8,1061.8,1.0,0.0,0.0,0.0,0.208,11.03,5.141,0.829,14.82,0.5,28.24,IMD gridded 0.25deg (REAL_GOVERNMENT),SYNTHETIC,REAL_GOVERNMENT
2025-08-24,DEMO_MINE,SYN_MINE_01,1217.9,1109.6,1.0,0.0,0.0,1.281,0.093,12.0,3.382,0.7547,2.62,0.499,27.0,IMD gridded 0.25deg (REAL_GOVERNMENT),SYNTHETIC,REAL_GOVERNMENT
2025-08-25,DEMO_MINE,SYN_MINE_01,1432.8,1140.9,0.8924,1.697,0.0,0.633,0.353,11.17,3.365,0.8753,0.87,0.502,28.12,IMD gridded 0.25deg (REAL_GOVERNMENT),SYNTHETIC,REAL_GOVERNMENT
2025-08-26,DEMO_MINE,SYN_MINE_01,1432.8,1162.5,1.0,0.0,0.0,0.0,0.421,11.69,3.68,0.8198,0.0,0.49,30.33,IMD gridded 0.25deg (REAL_GOVERNMENT),SYNTHETIC,REAL_GOVERNMENT
2025-08-27,DEMO_MINE,SYN_MINE_01,1432.8,1177.3,1.0,0.0,0.0,1.327,0.548,12.06,4.002,0.8492,6.07,0.503,30.84,IMD gridded 0.25deg (REAL_GOVERNMENT),SYNTHETIC,REAL_GOVERNMENT
2025-08-28,DEMO_MINE,SYN_MINE_01,1432.8,1124.4,1.0,0.0,0.0,3.525,0.456,10.9,5.083,0.867,2.83,0.497,30.81,IMD gridded 0.25deg (REAL_GOVERNMENT),SYNTHETIC,REAL_GOVERNMENT
2025-08-29,DEMO_MINE,SYN_MINE_01,1432.8,1244.3,0.9245,1.51,0.0,3.377,0.356,12.19,3.268,0.9079,26.18,0.489,30.39,IMD gridded 0.25deg (REAL_GOVERNMENT),SYNTHETIC,REAL_GOVERNMENT
2025-08-30,DEMO_MINE,SYN_MINE_01,1432.8,1316.3,0.9491,1.018,0.0,1.01,0.265,11.31,2.804,0.8704,0.0,0.466,30.55,IMD gridded 0.25deg (REAL_GOVERNMENT),SYNTHETIC,REAL_GOVERNMENT
2025-08-31,DEMO_MINE,SYN_MINE_01,1217.9,923.0,0.825,0.0,3.5,3.058,0.253,11.51,1.934,0.7112,0.19,0.489,29.7,IMD gridded 0.25deg (REAL_GOVERNMENT),SYNTHETIC,REAL_GOVERNMENT
2025-09-01,DEMO_MINE,SYN_MINE_01,1432.8,1282.8,1.0,0.0,0.0,1.927,0.209,12.28,3.499,0.8517,3.24,0.497,28.98,IMD gridded 0.25deg (REAL_GOVERNMENT),SYNTHETIC,REAL_GOVERNMENT
2025-09-02,DEMO_MINE,SYN_MINE_01,1432.8,878.2,1.0,0.0,0.0,3.104,0.036,12.13,5.855,0.6163,14.12,0.504,29.14,IMD gridded 0.25deg (REAL_GOVERNMENT),SYNTHETIC,REAL_GOVERNMENT
2025-09-03,DEMO_MINE,SYN_MINE_01,1432.8,1145.9,1.0,0.0,0.0,1.667,0.266,11.78,5.241,0.8684,30.57,0.501,28.23,IMD gridded 0.25deg (REAL_GOVERNMENT),SYNTHETIC,REAL_GOVERNMENT
2025-09-04,DEMO_MINE,SYN_MINE_01,1432.8,1159.0,0.8427,0.0,3.145,1.748,0.196,11.86,2.404,0.872,4.27,0.489,27.77,IMD gridded 0.25deg (REAL_GOVERNMENT),SYNTHETIC,REAL_GOVERNMENT
2025-09-05,DEMO_MINE,SYN_MINE_01,1432.8,334.1,1.0,0.0,0.0,3.506,8.996,10.31,6.132,0.9331,7.59,0.487,28.59,IMD gridded 0.25deg (REAL_GOVERNMENT),SYNTHETIC,REAL_GOVERNMENT
2025-09-06,DEMO_MINE,SYN_MINE_01,1432.8,0.0,0.8336,3.329,0.0,2.898,9.923,11.38,3.789,0.6495,0.0,0.473,29.31,IMD gridded 0.25deg (REAL_GOVERNMENT),SYNTHETIC,REAL_GOVERNMENT
2025-09-07,DEMO_MINE,SYN_MINE_01,1217.9,0.0,0.9047,1.352,0.0,0.984,12.315,11.39,1.556,0.7666,0.0,0.461,30.62,IMD gridded 0.25deg (REAL_GOVERNMENT),SYNTHETIC,REAL_GOVERNMENT
2025-09-08,DEMO_MINE,SYN_MINE_01,1432.8,0.0,1.0,0.0,0.0,0.951,16.2,12.44,1.864,0.9032,10.52,0.433,30.72,IMD gridded 0.25deg (REAL_GOVERNMENT),SYNTHETIC,REAL_GOVERNMENT
2025-09-09,DEMO_MINE,SYN_MINE_01,1432.8,0.0,1.0,0.0,0.0,0.348,13.848,11.85,2.921,0.8385,3.77,0.46,31.46,IMD gridded 0.25deg (REAL_GOVERNMENT),SYNTHETIC,REAL_GOVERNMENT
2025-09-10,DEMO_MINE,SYN_MINE_01,1432.8,1386.4,1.0,0.0,0.0,0.0,0.002,11.18,2.689,0.8649,2.37,0.425,31.59,IMD gridded 0.25deg (REAL_GOVERNMENT),SYNTHETIC,REAL_GOVERNMENT
2025-09-11,DEMO_MINE,SYN_MINE_01,1432.8,1654.0,1.0,0.0,0.0,0.0,0.0,12.99,0.927,0.8904,0.62,0.443,30.5,IMD gridded 0.25deg (REAL_GOVERNMENT),SYNTHETIC,REAL_GOVERNMENT
2025-09-12,DEMO_MINE,SYN_MINE_01,1432.8,1284.7,1.0,0.0,0.0,1.093,0.287,12.18,2.975,0.8368,9.21,0.467,30.18,IMD gridded 0.25deg (REAL_GOVERNMENT),SYNTHETIC,REAL_GOVERNMENT
2025-09-13,DEMO_MINE,SYN_MINE_01,1432.8,1095.9,0.7663,4.674,0.0,1.667,0.0,11.48,1.877,0.8536,23.77,0.495,30.53,IMD gridded 0.25deg (REAL_GOVERNMENT),SYNTHETIC,REAL_GOVERNMENT
2025-09-14,DEMO_MINE,SYN_MINE_01,1217.9,1077.7,1.0,0.0,0.0,3.475,0.024,11.63,3.655,0.7416,9.41,0.488,30.89,IMD gridded 0.25deg (REAL_GOVERNMENT),SYNTHETIC,REAL_GOVERNMENT
2025-09-15,DEMO_MINE,SYN_MINE_01,1432.8,1148.1,1.0,0.0,0.0,1.17,0.107,10.55,5.261,0.8536,1.33,0.495,30.11,IMD gridded 0.25deg (REAL_GOVERNMENT),SYNTHETIC,REAL_GOVERNMENT
2025-09-16,DEMO_MINE,SYN_MINE_01,1432.8,1081.0,0.7657,4.686,0.0,2.352,0.0,11.43,1.783,0.8549,10.96,0.495,29.47,IMD gridded 0.25deg (REAL_GOVERNMENT),SYNTHETIC,REAL_GOVERNMENT
2025-09-17,DEMO_MINE,SYN_MINE_01,1432.8,703.0,0.8247,0.194,3.313,2.594,0.384,11.27,4.951,0.5999,0.99,0.493,30.1,IMD gridded 0.25deg (REAL_GOVERNMENT),SYNTHETIC,REAL_GOVERNMENT
2025-09-18,DEMO_MINE,SYN_MINE_01,1432.8,1353.7,1.0,0.0,0.0,0.0,0.103,11.96,3.557,0.8785,0.15,0.488,30.63,IMD gridded 0.25deg (REAL_GOVERNMENT),SYNTHETIC,REAL_GOVERNMENT
2025-09-19,DEMO_MINE,SYN_MINE_01,1432.8,1203.0,1.0,0.0,0.0,0.0,0.492,10.18,4.804,0.8894,0.8,0.454,31.45,IMD gridded 0.25deg (REAL_GOVERNMENT),SYNTHETIC,REAL_GOVERNMENT
2025-09-20,DEMO_MINE,SYN_MINE_01,1432.8,1222.2,1.0,0.0,0.0,0.0,0.182,10.8,4.208,0.8534,0.0,0.465,32.4,IMD gridded 0.25deg (REAL_GOVERNMENT),SYNTHETIC,REAL_GOVERNMENT
2025-09-21,DEMO_MINE,SYN_MINE_01,1217.9,769.4,0.642,3.66,3.5,0.0,0.186,10.79,1.366,0.7537,14.97,0.461,32.86,IMD gridded 0.25deg (REAL_GOVERNMENT),SYNTHETIC,REAL_GOVERNMENT
2025-09-22,DEMO_MINE,SYN_MINE_01,1432.8,780.4,0.5,10.0,0.0,0.731,0.332,11.54,0.0,0.8594,0.0,0.428,32.05,IMD gridded 0.25deg (REAL_GOVERNMENT),SYNTHETIC,REAL_GOVERNMENT
2025-09-23,DEMO_MINE,SYN_MINE_01,1432.8,1380.4,0.9647,0.707,0.0,0.954,0.369,11.3,1.275,0.8365,0.0,0.411,32.41,IMD gridded 0.25deg (REAL_GOVERNMENT),SYNTHETIC,REAL_GOVERNMENT
2025-09-24,DEMO_MINE,SYN_MINE_01,1432.8,1538.1,1.0,0.0,0.0,0.889,0.863,11.7,1.279,0.9214,0.0,0.402,31.35,IMD gridded 0.25deg (REAL_GOVERNMENT),SYNTHETIC,REAL_GOVERNMENT
2025-09-25,DEMO_MINE,SYN_MINE_01,1432.8,1323.3,1.0,0.0,0.0,0.81,0.06,11.6,4.221,0.9123,3.19,0.486,29.46,IMD gridded 0.25deg (REAL_GOVERNMENT),SYNTHETIC,REAL_GOVERNMENT
2025-09-26,DEMO_MINE,SYN_MINE_01,1432.8,958.2,1.0,0.0,0.0,1.873,0.161,9.34,5.898,0.7973,11.02,0.462,31.7,IMD gridded 0.25deg (REAL_GOVERNMENT),SYNTHETIC,REAL_GOVERNMENT
2025-09-27,DEMO_MINE,SYN_MINE_01,1432.8,771.6,0.539,9.22,0.0,0.076,0.423,10.23,0.87,0.8779,14.02,0.488,28.57,IMD gridded 0.25deg (REAL_GOVERNMENT),SYNTHETIC,REAL_GOVERNMENT
2025-09-28,DEMO_MINE,SYN_MINE_01,1217.9,813.0,0.5652,8.696,0.0,1.826,0.008,12.54,0.0,0.7473,12.29,0.501,28.93,IMD gridded 0.25deg (REAL_GOVERNMENT),SYNTHETIC,REAL_GOVERNMENT
2025-09-29,DEMO_MINE,SYN_MINE_01,1432.8,1326.3,0.9498,1.004,0.0,0.854,0.0,11.54,3.338,0.8919,5.17,0.482,29.9,IMD gridded 0.25deg (REAL_GOVERNMENT),SYNTHETIC,REAL_GOVERNMENT
2025-09-30,DEMO_MINE,SYN_MINE_01,1432.8,915.1,0.5868,8.264,0.0,0.0,0.0,11.65,0.16,0.8235,0.0,0.451,30.66,IMD gridded 0.25deg (REAL_GOVERNMENT),SYNTHETIC,REAL_GOVERNMENT
2025-10-01,DEMO_MINE,SYN_MINE_01,1592.0,1012.0,0.7091,5.818,0.0,0.0,0.013,12.3,1.042,0.8173,0.0,0.463,30.07,IMD gridded 0.25deg (REAL_GOVERNMENT),SYNTHETIC,REAL_GOVERNMENT
2025-10-02,DEMO_MINE,SYN_MINE_01,1592.0,1117.3,1.0,0.0,0.0,0.0,0.133,9.62,5.451,0.8595,1.87,0.454,30.66,IMD gridded 0.25deg (REAL_GOVERNMENT),SYNTHETIC,REAL_GOVERNMENT
2025-10-03,DEMO_MINE,SYN_MINE_01,1592.0,1327.2,1.0,0.0,0.0,0.962,0.175,11.13,3.279,0.8676,0.0,0.443,30.17,IMD gridded 0.25deg (REAL_GOVERNMENT),SYNTHETIC,REAL_GOVERNMENT
2025-10-04,DEMO_MINE,SYN_MINE_01,1592.0,1397.1,1.0,0.0,0.0,1.186,0.135,12.18,2.34,0.8472,0.13,0.46,30.19,IMD gridded 0.25deg (REAL_GOVERNMENT),SYNTHETIC,REAL_GOVERNMENT
2025-10-05,DEMO_MINE,SYN_MINE_01,1353.2,1083.5,1.0,0.0,0.0,1.427,0.11,11.63,3.07,0.7204,2.35,0.479,30.31,IMD gridded 0.25deg (REAL_GOVERNMENT),SYNTHETIC,REAL_GOVERNMENT
2025-10-06,DEMO_MINE,SYN_MINE_01,1592.0,1347.5,1.0,0.0,0.0,0.0,0.147,12.85,2.94,0.85,2.55,0.503,29.52,IMD gridded 0.25deg (REAL_GOVERNMENT),SYNTHETIC,REAL_GOVERNMENT
2025-10-07,DEMO_MINE,SYN_MINE_01,1592.0,1033.4,0.825,0.0,3.5,0.0,0.0,11.29,2.708,0.8193,5.96,0.479,30.37,IMD gridded 0.25deg (REAL_GOVERNMENT),SYNTHETIC,REAL_GOVERNMENT
2025-10-08,DEMO_MINE,SYN_MINE_01,1592.0,997.9,0.825,0.0,3.5,1.405,0.167,11.54,2.224,0.7095,4.34,0.443,31.07,IMD gridded 0.25deg (REAL_GOVERNMENT),SYNTHETIC,REAL_GOVERNMENT
2025-10-09,DEMO_MINE,SYN_MINE_01,1592.0,1555.6,1.0,0.0,0.0,0.69,0.465,12.03,0.604,0.8718,1.03,0.401,30.71,IMD gridded 0.25deg (REAL_GOVERNMENT),SYNTHETIC,REAL_GOVERNMENT
2025-10-10,DEMO_MINE,SYN_MINE_01,1592.0,1183.1,0.7736,4.528,0.0,2.125,0.501,12.38,0.0,0.829,0.0,0.394,29.35,IMD gridded 0.25deg (REAL_GOVERNMENT),SYNTHETIC,REAL_GOVERNMENT
2025-10-11,DEMO_MINE,SYN_MINE_01,1592.0,1409.3,0.8951,2.097,0.0,1.759,0.367,11.55,0.73,0.8952,4.6,0.383,29.63,IMD gridded 0.25deg (REAL_GOVERNMENT),SYNTHETIC,REAL_GOVERNMENT
2025-10-12,DEMO_MINE,SYN_MINE_01,1353.2,1297.9,1.0,0.0,0.0,3.214,0.583,11.61,0.612,0.7472,0.0,0.366,29.46,IMD gridded 0.25deg (REAL_GOVERNMENT),SYNTHETIC,REAL_GOVERNMENT
2025-10-13,DEMO_MINE,SYN_MINE_01,1592.0,1023.2,0.6566,6.868,0.0,0.275,0.285,12.43,0.0,0.8455,0.0,0.356,30.12,IMD gridded 0.25deg (REAL_GOVERNMENT),SYNTHETIC,REAL_GOVERNMENT
2025-10-14,DEMO_MINE,SYN_MINE_01,1592.0,1526.5,1.0,0.0,0.0,0.067,0.058,12.4,0.0,0.8085,0.0,0.345,30.31,IMD gridded 0.25deg (REAL_GOVERNMENT),SYNTHETIC,REAL_GOVERNMENT
2025-10-15,DEMO_MINE,SYN_MINE_01,1592.0,1625.0,1.0,0.0,0.0,1.746,0.308,12.13,0.029,0.8668,0.0,0.329,31.03,IMD gridded 0.25deg (REAL_GOVERNMENT),SYNTHETIC,REAL_GOVERNMENT
2025-10-16,DEMO_MINE,SYN_MINE_01,1592.0,1747.0,1.0,0.0,0.0,0.476,0.18,12.48,0.0,0.9052,0.0,0.304,31.08,IMD gridded 0.25deg (REAL_GOVERNMENT),SYNTHETIC,REAL_GOVERNMENT
2025-10-17,DEMO_MINE,SYN_MINE_01,1592.0,1666.2,1.0,0.0,0.0,0.0,0.25,12.65,0.0,0.8776,0.0,0.305,30.71,IMD gridded 0.25deg (REAL_GOVERNMENT),SYNTHETIC,REAL_GOVERNMENT
2025-10-18,DEMO_MINE,SYN_MINE_01,1592.0,1587.2,1.0,0.0,0.0,0.0,0.0,11.59,0.332,0.8325,0.0,0.318,30.18,IMD gridded 0.25deg (REAL_GOVERNMENT),SYNTHETIC,REAL_GOVERNMENT
2025-10-19,DEMO_MINE,SYN_MINE_01,1353.2,1331.8,1.0,0.0,0.0,0.0,0.249,12.76,0.0,0.7035,0.0,0.304,30.36,IMD gridded 0.25deg (REAL_GOVERNMENT),SYNTHETIC,REAL_GOVERNMENT
2025-10-20,DEMO_MINE,SYN_MINE_01,1592.0,1496.8,1.0,0.0,0.0,1.137,0.534,12.58,0.0,0.8197,0.0,0.305,30.79,IMD gridded 0.25deg (REAL_GOVERNMENT),SYNTHETIC,REAL_GOVERNMENT
2025-10-21,DEMO_MINE,SYN_MINE_01,1592.0,1431.7,0.922,1.56,0.0,1.216,0.04,12.45,0.0,0.8081,0.0,0.318,30.43,IMD gridded 0.25deg (REAL_GOVERNMENT),SYNTHETIC,REAL_GOVERNMENT
2025-10-22,DEMO_MINE,SYN_MINE_01,1592.0,1348.7,0.7996,3.558,0.0,0.072,0.0,12.23,0.0,0.8217,0.0,0.31,31.34,IMD gridded 0.25deg (REAL_GOVERNMENT),SYNTHETIC,REAL_GOVERNMENT
2025-10-23,DEMO_MINE,SYN_MINE_01,1592.0,801.0,0.4946,9.041,0.0,0.921,0.069,11.69,0.0,0.8583,0.0,0.297,30.89,IMD gridded 0.25deg (REAL_GOVERNMENT),SYNTHETIC,REAL_GOVERNMENT
2025-10-24,DEMO_MINE,SYN_MINE_01,1592.0,1616.8,0.9677,0.646,0.0,0.0,0.153,12.34,0.0,0.8764,0.0,0.29,30.68,IMD gridded 0.25deg (REAL_GOVERNMENT),SYNTHETIC,REAL_GOVERNMENT
2025-10-25,DEMO_MINE,SYN_MINE_01,1592.0,951.2,0.6065,4.37,3.5,0.303,0.414,11.55,0.047,0.8494,0.0,0.315,28.24,IMD gridded 0.25deg (REAL_GOVERNMENT),SYNTHETIC,REAL_GOVERNMENT
2025-10-26,DEMO_MINE,SYN_MINE_01,1353.2,960.6,0.7109,5.627,0.0,0.857,0.318,11.76,0.0,0.7353,8.96,0.394,27.56,IMD gridded 0.25deg (REAL_GOVERNMENT),SYNTHETIC,REAL_GOVERNMENT
2025-10-27,DEMO_MINE,SYN_MINE_01,1592.0,1219.6,0.7316,1.869,3.5,1.048,0.0,12.51,0.606,0.8851,3.58,0.451,29.71,IMD gridded 0.25deg (REAL_GOVERNMENT),SYNTHETIC,REAL_GOVERNMENT
2025-10-28,DEMO_MINE,SYN_MINE_01,1592.0,1453.3,0.915,1.7,0.0,0.479,0.0,11.63,1.322,0.8681,0.0,0.438,27.91,IMD gridded 0.25deg (REAL_GOVERNMENT),SYNTHETIC,REAL_GOVERNMENT
2025-10-29,DEMO_MINE,SYN_MINE_01,1592.0,1445.4,1.0,0.0,0.0,0.795,0.6,12.06,1.863,0.8891,0.0,0.438,27.39,IMD gridded 0.25deg (REAL_GOVERNMENT),SYNTHETIC,REAL_GOVERNMENT
2025-10-30,DEMO_MINE,SYN_MINE_01,1592.0,1343.2,1.0,0.0,0.0,0.0,0.074,12.36,2.981,0.8526,2.5,0.484,26.32,IMD gridded 0.25deg (REAL_GOVERNMENT),SYNTHETIC,REAL_GOVERNMENT
2025-10-31,DEMO_MINE,SYN_MINE_01,1592.0,1222.0,1.0,0.0,0.0,3.012,0.285,11.58,4.67,0.8954,11.91,0.494,27.4,IMD gridded 0.25deg (REAL_GOVERNMENT),SYNTHETIC,REAL_GOVERNMENT
2025-11-01,DEMO_MINE,SYN_MINE_01,1592.0,1155.2,0.8359,3.283,0.0,3.367,0.035,11.48,1.443,0.8151,10.17,0.483,28.99,IMD gridded 0.25deg (REAL_GOVERNMENT),SYNTHETIC,REAL_GOVERNMENT
2025-11-02,DEMO_MINE,SYN_MINE_01,1353.2,1226.0,1.0,0.0,0.0,4.134,0.208,12.36,1.947,0.7454,0.64,0.462,29.65,IMD gridded 0.25deg (REAL_GOVERNMENT),SYNTHETIC,REAL_GOVERNMENT
2025-11-03,DEMO_MINE,SYN_MINE_01,1592.0,1419.1,1.0,0.0,0.0,2.309,0.096,11.71,2.649,0.889,0.0,0.446,30.01,IMD gridded 0.25deg (REAL_GOVERNMENT),SYNTHETIC,REAL_GOVERNMENT
2025-11-04,DEMO_MINE,SYN_MINE_01,1592.0,1327.4,1.0,0.0,0.0,1.169,0.352,11.61,1.942,0.8183,0.0,0.425,29.98,IMD gridded 0.25deg (REAL_GOVERNMENT),SYNTHETIC,REAL_GOVERNMENT
2025-11-05,DEMO_MINE,SYN_MINE_01,1592.0,1079.7,0.7237,5.525,0.0,0.838,0.169,12.46,0.474,0.8352,0.0,0.41,29.57,IMD gridded 0.25deg (REAL_GOVERNMENT),SYNTHETIC,REAL_GOVERNMENT
2025-11-06,DEMO_MINE,SYN_MINE_01,1592.0,1431.8,0.8935,2.13,0.0,1.989,0.0,11.33,0.126,0.834,0.0,0.395,29.8,IMD gridded 0.25deg (REAL_GOVERNMENT),SYNTHETIC,REAL_GOVERNMENT
2025-11-07,DEMO_MINE,SYN_MINE_01,1592.0,1283.4,0.7771,3.256,0.0,2.336,0.0,11.1,0.189,0.865,0.0,0.385,28.81,IMD gridded 0.25deg (REAL_GOVERNMENT),SYNTHETIC,REAL_GOVERNMENT
2025-11-08,DEMO_MINE,SYN_MINE_01,1592.0,1422.0,0.9103,1.794,0.0,0.975,0.251,11.9,0.136,0.8495,0.0,0.377,28.16,IMD gridded 0.25deg (REAL_GOVERNMENT),SYNTHETIC,REAL_GOVERNMENT
2025-11-09,DEMO_MINE,SYN_MINE_01,1353.2,1343.2,1.0,0.0,0.0,0.0,0.074,12.77,0.0,0.6981,0.0,0.362,27.98,IMD gridded 0.25deg (REAL_GOVERNMENT),SYNTHETIC,REAL_GOVERNMENT
2025-11-10,DEMO_MINE,SYN_MINE_01,1592.0,1688.4,1.0,0.0,0.0,0.356,0.11,12.1,0.211,0.8982,0.0,0.345,27.84,IMD gridded 0.25deg (REAL_GOVERNMENT),SYNTHETIC,REAL_GOVERNMENT
2025-11-11,DEMO_MINE,SYN_MINE_01,1592.0,1664.6,1.0,0.0,0.0,1.24,0.0,12.15,0.0,0.8598,0.0,0.337,27.78,IMD gridded 0.25deg (REAL_GOVERNMENT),SYNTHETIC,REAL_GOVERNMENT
2025-11-12,DEMO_MINE,SYN_MINE_01,1592.0,800.9,0.5046,3.14,6.769,0.406,0.16,12.15,0.0,0.8575,0.0,0.33,27.65,IMD gridded 0.25deg (REAL_GOVERNMENT),SYNTHETIC,REAL_GOVERNMENT
2025-11-13,DEMO_MINE,SYN_MINE_01,1592.0,1522.9,0.8987,2.027,0.0,1.498,0.067,11.85,0.0,0.8962,0.0,0.331,27.26,IMD gridded 0.25deg (REAL_GOVERNMENT),SYNTHETIC,REAL_GOVERNMENT
2025-11-14,DEMO_MINE,SYN_MINE_01,1592.0,1582.3,1.0,0.0,0.0,1.293,0.356,11.88,0.697,0.8751,0.0,0.328,27.22,IMD gridded 0.25deg (REAL_GOVERNMENT),SYNTHETIC,REAL_GOVERNMENT
2025-11-15,DEMO_MINE,SYN_MINE_01,1592.0,1536.2,1.0,0.0,0.0,1.113,0.204,12.65,0.0,0.8248,0.0,0.32,26.95,IMD gridded 0.25deg (REAL_GOVERNMENT),SYNTHETIC,REAL_GOVERNMENT
2025-11-16,DEMO_MINE,SYN_MINE_01,1353.2,1342.2,1.0,0.0,0.0,0.214,0.296,11.88,0.126,0.7329,0.0,0.317,26.72,IMD gridded 0.25deg (REAL_GOVERNMENT),SYNTHETIC,REAL_GOVERNMENT
2025-11-17,DEMO_MINE,SYN_MINE_01,1592.0,350.8,0.2204,15.592,0.0,0.0,0.219,12.16,0.0,0.8939,0.0,0.309,26.44,IMD gridded 0.25deg (REAL_GOVERNMENT),SYNTHETIC,REAL_GOVERNMENT
2025-11-18,DEMO_MINE,SYN_MINE_01,1592.0,900.7,0.5626,8.749,0.0,0.84,0.152,11.64,0.0,0.8452,0.0,0.292,26.43,IMD gridded 0.25deg (REAL_GOVERNMENT),SYNTHETIC,REAL_GOVERNMENT
2025-11-19,DEMO_MINE,SYN_MINE_01,1592.0,1265.7,0.7627,4.745,0.0,0.933,0.421,11.93,0.039,0.9102,0.0,0.285,26.55,IMD gridded 0.25deg (REAL_GOVERNMENT),SYNTHETIC,REAL_GOVERNMENT
2025-11-20,DEMO_MINE,SYN_MINE_01,1592.0,1073.6,0.7122,5.756,0.0,0.0,0.013,10.56,0.835,0.8466,0.0,0.285,27.44,IMD gridded 0.25deg (REAL_GOVERNMENT),SYNTHETIC,REAL_GOVERNMENT
2025-11-21,DEMO_MINE,SYN_MINE_01,1592.0,1108.0,0.8094,3.812,0.0,1.857,0.321,10.82,1.818,0.7285,0.0,0.29,28.76,IMD gridded 0.25deg (REAL_GOVERNMENT),SYNTHETIC,REAL_GOVERNMENT
2025-11-22,DEMO_MINE,SYN_MINE_01,1592.0,1487.3,1.0,0.0,0.0,0.978,0.398,11.25,0.947,0.8364,0.0,0.29,28.85,IMD gridded 0.25deg (REAL_GOVERNMENT),SYNTHETIC,REAL_GOVERNMENT
2025-11-23,DEMO_MINE,SYN_MINE_01,1353.2,1033.8,0.7566,4.867,0.0,1.8,0.021,11.39,0.653,0.757,0.0,0.304,28.99,IMD gridded 0.25deg (REAL_GOVERNMENT),SYNTHETIC,REAL_GOVERNMENT
2025-11-24,DEMO_MINE,SYN_MINE_01,1592.0,476.1,0.3018,13.964,0.0,0.0,0.109,12.51,0.0,0.8549,0.0,0.314,28.88,IMD gridded 0.25deg (REAL_GOVERNMENT),SYNTHETIC,REAL_GOVERNMENT
2025-11-25,DEMO_MINE,SYN_MINE_01,1592.0,805.4,0.4704,10.592,0.0,0.964,0.115,12.13,0.0,0.91,0.0,0.326,28.19,IMD gridded 0.25deg (REAL_GOVERNMENT),SYNTHETIC,REAL_GOVERNMENT
2025-11-26,DEMO_MINE,SYN_MINE_01,1592.0,839.6,0.5652,8.696,0.0,2.064,0.31,10.75,0.0,0.8155,0.0,0.333,27.65,IMD gridded 0.25deg (REAL_GOVERNMENT),SYNTHETIC,REAL_GOVERNMENT
2025-11-27,DEMO_MINE,SYN_MINE_01,1592.0,1313.7,1.0,0.0,0.0,1.965,0.037,12.45,2.036,0.6856,0.0,0.336,27.67,IMD gridded 0.25deg (REAL_GOVERNMENT),SYNTHETIC,REAL_GOVERNMENT
2025-11-28,DEMO_MINE,SYN_MINE_01,1592.0,1506.0,0.9662,0.677,0.0,0.668,0.289,11.54,0.523,0.8597,0.0,0.327,26.88,IMD gridded 0.25deg (REAL_GOVERNMENT),SYNTHETIC,REAL_GOVERNMENT
2025-11-29,DEMO_MINE,SYN_MINE_01,1592.0,1063.4,0.6921,6.158,0.0,1.329,0.502,11.42,0.297,0.8729,0.0,0.317,26.63,IMD gridded 0.25deg (REAL_GOVERNMENT),SYNTHETIC,REAL_GOVERNMENT
2025-11-30,DEMO_MINE,SYN_MINE_01,1353.2,1425.2,1.0,0.0,0.0,1.665,0.306,12.48,0.004,0.7595,0.0,0.313,26.85,IMD gridded 0.25deg (REAL_GOVERNMENT),SYNTHETIC,REAL_GOVERNMENT
2025-12-01,DEMO_MINE,SYN_MINE_01,1592.0,1690.2,1.0,0.0,0.0,0.664,0.0,12.64,0.0,0.8756,0.0,0.315,26.78,IMD gridded 0.25deg (REAL_GOVERNMENT),SYNTHETIC,REAL_GOVERNMENT
2025-12-02,DEMO_MINE,SYN_MINE_01,1592.0,1313.2,0.8264,0.0,3.472,0.782,0.366,11.58,0.325,0.8838,0.0,0.31,26.49,IMD gridded 0.25deg (REAL_GOVERNMENT),SYNTHETIC,REAL_GOVERNMENT
2025-12-03,DEMO_MINE,SYN_MINE_01,1592.0,1385.3,0.825,0.0,3.5,0.0,0.499,12.14,0.0,0.9212,0.0,0.309,26.93,IMD gridded 0.25deg (REAL_GOVERNMENT),SYNTHETIC,REAL_GOVERNMENT
2025-12-04,DEMO_MINE,SYN_MINE_01,1592.0,1638.5,1.0,0.0,0.0,0.0,0.439,12.17,0.0,0.8748,0.0,0.296,26.61,IMD gridded 0.25deg (REAL_GOVERNMENT),SYNTHETIC,REAL_GOVERNMENT
2025-12-05,DEMO_MINE,SYN_MINE_01,1592.0,815.4,1.0,0.0,0.0,3.396,0.117,12.29,5.303,0.4387,0.0,0.288,26.23,IMD gridded 0.25deg (REAL_GOVERNMENT),SYNTHETIC,REAL_GOVERNMENT
2025-12-06,DEMO_MINE,SYN_MINE_01,1592.0,1629.5,1.0,0.0,0.0,0.327,0.066,12.92,0.0,0.8535,0.0,0.283,26.09,IMD gridded 0.25deg (REAL_GOVERNMENT),SYNTHETIC,REAL_GOVERNMENT
2025-12-07,DEMO_MINE,SYN_MINE_01,1353.2,1338.6,1.0,0.0,0.0,0.254,0.0,12.2,0.032,0.6999,0.0,0.286,27.22,IMD gridded 0.25deg (REAL_GOVERNMENT),SYNTHETIC,REAL_GOVERNMENT
2025-12-08,DEMO_MINE,SYN_MINE_01,1592.0,1623.3,1.0,0.0,0.0,0.0,0.344,12.72,0.0,0.8664,0.0,0.276,28.41,IMD gridded 0.25deg (REAL_GOVERNMENT),SYNTHETIC,REAL_GOVERNMENT
2025-12-09,DEMO_MINE,SYN_MINE_01,1592.0,1381.4,0.8406,3.189,0.0,0.0,0.166,12.26,0.0,0.8701,0.0,0.275,28.12,IMD gridded 0.25deg (REAL_GOVERNMENT),SYNTHETIC,REAL_GOVERNMENT
2025-12-10,DEMO_MINE,SYN_MINE_01,1592.0,1449.7,0.9671,0.658,0.0,0.981,0.509,11.43,0.281,0.8364,0.0,0.27,27.99,IMD gridded 0.25deg (REAL_GOVERNMENT),SYNTHETIC,REAL_GOVERNMENT
2025-12-11,DEMO_MINE,SYN_MINE_01,1592.0,1558.1,0.9326,1.349,0.0,0.0,0.022,12.7,0.0,0.882,0.0,0.259,27.66,IMD gridded 0.25deg (REAL_GOVERNMENT),SYNTHETIC,REAL_GOVERNMENT
2025-12-12,DEMO_MINE,SYN_MINE_01,1592.0,1656.2,1.0,0.0,0.0,0.0,0.0,12.46,0.0,0.8659,0.0,0.263,28.44,IMD gridded 0.25deg (REAL_GOVERNMENT),SYNTHETIC,REAL_GOVERNMENT
2025-12-13,DEMO_MINE,SYN_MINE_01,1592.0,1211.0,0.7082,5.836,0.0,0.975,0.129,12.73,0.0,0.895,0.0,0.26,28.58,IMD gridded 0.25deg (REAL_GOVERNMENT),SYNTHETIC,REAL_GOVERNMENT
2025-12-14,DEMO_MINE,SYN_MINE_01,1353.2,1094.1,0.9759,0.482,0.0,2.527,0.158,12.67,1.81,0.5905,0.0,0.259,27.7,IMD gridded 0.25deg (REAL_GOVERNMENT),SYNTHETIC,REAL_GOVERNMENT
2025-12-15,DEMO_MINE,SYN_MINE_01,1592.0,1556.1,1.0,0.0,0.0,0.85,0.291,11.96,0.0,0.8292,0.0,0.257,27.29,IMD gridded 0.25deg (REAL_GOVERNMENT),SYNTHETIC,REAL_GOVERNMENT
2025-12-16,DEMO_MINE,SYN_MINE_01,1592.0,1064.0,0.7003,5.994,0.0,0.0,0.155,12.14,0.579,0.8586,0.0,0.256,28.17,IMD gridded 0.25deg (REAL_GOVERNMENT),SYNTHETIC,REAL_GOVERNMENT
2025-12-17,DEMO_MINE,SYN_MINE_01,1592.0,1359.9,0.8858,2.284,0.0,1.065,0.687,12.0,0.0,0.8516,0.0,0.255,28.76,IMD gridded 0.25deg (REAL_GOVERNMENT),SYNTHETIC,REAL_GOVERNMENT
2025-12-18,DEMO_MINE,SYN_MINE_01,1592.0,1244.0,0.7787,3.561,0.0,1.801,0.188,11.75,0.0,0.8521,0.0,0.254,28.94,IMD gridded 0.25deg (REAL_GOVERNMENT),SYNTHETIC,REAL_GOVERNMENT
2025-12-19,DEMO_MINE,SYN_MINE_01,1592.0,1013.1,0.825,0.0,3.5,1.523,0.24,11.96,2.485,0.6786,0.0,0.253,27.35,IMD gridded 0.25deg (REAL_GOVERNMENT),SYNTHETIC,REAL_GOVERNMENT
2025-12-20,DEMO_MINE,SYN_MINE_01,1592.0,1570.2,0.9082,1.837,0.0,0.95,0.0,13.0,0.0,0.8689,0.0,0.253,27.11,IMD gridded 0.25deg (REAL_GOVERNMENT),SYNTHETIC,REAL_GOVERNMENT
2025-12-21,DEMO_MINE,SYN_MINE_01,1353.2,1177.0,0.8586,2.828,0.0,1.361,0.473,12.44,0.0,0.7261,0.0,0.252,27.19,IMD gridded 0.25deg (REAL_GOVERNMENT),SYNTHETIC,REAL_GOVERNMENT
2025-12-22,DEMO_MINE,SYN_MINE_01,1592.0,1329.8,0.825,0.0,3.5,0.0,0.151,12.57,0.0,0.8605,0.0,0.252,26.67,IMD gridded 0.25deg (REAL_GOVERNMENT),SYNTHETIC,REAL_GOVERNMENT
2025-12-23,DEMO_MINE,SYN_MINE_01,1592.0,1594.8,1.0,0.0,0.0,0.75,0.256,12.7,0.0,0.836,0.0,0.252,27.8,IMD gridded 0.25deg (REAL_GOVERNMENT),SYNTHETIC,REAL_GOVERNMENT
2025-12-24,DEMO_MINE,SYN_MINE_01,1592.0,1421.1,1.0,0.0,0.0,0.615,0.323,11.81,0.208,0.7811,0.0,0.251,27.16,IMD gridded 0.25deg (REAL_GOVERNMENT),SYNTHETIC,REAL_GOVERNMENT
2025-12-25,DEMO_MINE,SYN_MINE_01,1592.0,1044.6,0.729,5.42,0.0,0.661,0.09,10.84,1.01,0.8212,0.0,0.251,26.94,IMD gridded 0.25deg (REAL_GOVERNMENT),SYNTHETIC,REAL_GOVERNMENT
2025-12-26,DEMO_MINE,SYN_MINE_01,1592.0,1584.3,0.9614,0.772,0.0,0.674,0.137,13.0,0.0,0.8723,0.0,0.251,26.69,IMD gridded 0.25deg (REAL_GOVERNMENT),SYNTHETIC,REAL_GOVERNMENT
2025-12-27,DEMO_MINE,SYN_MINE_01,1592.0,1166.1,0.7452,5.097,0.0,0.627,0.214,12.03,0.0,0.8381,0.0,0.251,26.27,IMD gridded 0.25deg (REAL_GOVERNMENT),SYNTHETIC,REAL_GOVERNMENT
2025-12-28,DEMO_MINE,SYN_MINE_01,1353.2,1376.4,1.0,0.0,0.0,0.0,0.003,11.04,1.382,0.7794,0.0,0.251,26.26,IMD gridded 0.25deg (REAL_GOVERNMENT),SYNTHETIC,REAL_GOVERNMENT
2025-12-29,DEMO_MINE,SYN_MINE_01,1592.0,1588.1,1.0,0.0,0.0,1.032,0.216,12.86,0.0,0.8508,0.0,0.251,26.97,IMD gridded 0.25deg (REAL_GOVERNMENT),SYNTHETIC,REAL_GOVERNMENT
2025-12-30,DEMO_MINE,SYN_MINE_01,1592.0,1110.7,0.6791,6.417,0.0,0.0,0.335,11.12,0.138,0.9034,0.0,0.251,27.7,IMD gridded 0.25deg (REAL_GOVERNMENT),SYNTHETIC,REAL_GOVERNMENT
2025-12-31,DEMO_MINE,SYN_MINE_01,1592.0,1282.0,0.9183,1.633,0.0,0.0,0.396,10.55,1.09,0.814,0.0,0.251,27.41,IMD gridded 0.25deg (REAL_GOVERNMENT),SYNTHETIC,REAL_GOVERNMENT
2026-01-01,DEMO_MINE,SYN_MINE_01,1592.0,1646.8,1.0,0.0,0.0,0.0,0.267,11.56,0.561,0.9127,0.0,0.25,27.4,ERA5 via Open-Meteo (REAL_PUBLIC; IMD not yet published),SYNTHETIC,REAL_PUBLIC
2026-01-02,DEMO_MINE,SYN_MINE_01,1592.0,1515.7,1.0,0.0,0.0,0.972,0.005,11.24,0.739,0.8213,0.0,0.25,28.2,ERA5 via Open-Meteo (REAL_PUBLIC; IMD not yet published),SYNTHETIC,REAL_PUBLIC
2026-01-03,DEMO_MINE,SYN_MINE_01,1592.0,1404.7,1.0,0.0,0.0,3.571,0.236,12.31,1.567,0.7571,0.0,0.25,27.9,ERA5 via Open-Meteo (REAL_PUBLIC; IMD not yet published),SYNTHETIC,REAL_PUBLIC
2026-01-04,DEMO_MINE,SYN_MINE_01,1353.2,1250.0,1.0,0.0,0.0,0.5,0.145,11.1,0.767,0.6821,0.0,0.25,28.0,ERA5 via Open-Meteo (REAL_PUBLIC; IMD not yet published),SYNTHETIC,REAL_PUBLIC
2026-01-05,DEMO_MINE,SYN_MINE_01,1592.0,1619.5,1.0,0.0,0.0,0.906,0.074,12.31,0.218,0.8698,0.0,0.25,25.1,ERA5 via Open-Meteo (REAL_PUBLIC; IMD not yet published),SYNTHETIC,REAL_PUBLIC
2026-01-06,DEMO_MINE,SYN_MINE_01,1592.0,1358.7,0.825,0.0,3.5,0.71,0.1,12.26,0.0,0.8583,0.0,0.25,26.1,ERA5 via Open-Meteo (REAL_PUBLIC; IMD not yet published),SYNTHETIC,REAL_PUBLIC
2026-01-07,DEMO_MINE,SYN_MINE_01,1592.0,1356.7,0.8378,0.0,3.243,0.0,0.107,10.52,0.259,0.8674,0.0,0.25,26.9,ERA5 via Open-Meteo (REAL_PUBLIC; IMD not yet published),SYNTHETIC,REAL_PUBLIC
2026-01-08,DEMO_MINE,SYN_MINE_01,1592.0,1758.2,1.0,0.0,0.0,1.156,0.2,11.9,0.025,0.934,0.0,0.25,26.6,ERA5 via Open-Meteo (REAL_PUBLIC; IMD not yet published),SYNTHETIC,REAL_PUBLIC
2026-01-09,DEMO_MINE,SYN_MINE_01,1592.0,1587.6,1.0,0.0,0.0,0.0,0.0,11.08,1.164,0.8852,0.0,0.25,26.8,ERA5 via Open-Meteo (REAL_PUBLIC; IMD not yet published),SYNTHETIC,REAL_PUBLIC
2026-01-10,DEMO_MINE,SYN_MINE_01,1592.0,1691.9,1.0,0.0,0.0,0.0,0.141,12.04,0.0,0.8993,0.0,0.25,26.7,ERA5 via Open-Meteo (REAL_PUBLIC; IMD not yet published),SYNTHETIC,REAL_PUBLIC
2026-01-11,DEMO_MINE,SYN_MINE_01,1353.2,1135.6,1.0,0.0,0.0,1.466,0.696,12.68,1.62,0.6381,0.0,0.25,26.8,ERA5 via Open-Meteo (REAL_PUBLIC; IMD not yet published),SYNTHETIC,REAL_PUBLIC
2026-01-12,DEMO_MINE,SYN_MINE_01,1592.0,1714.3,1.0,0.0,0.0,0.0,0.436,12.16,0.002,0.9161,0.0,0.25,27.0,ERA5 via Open-Meteo (REAL_PUBLIC; IMD not yet published),SYNTHETIC,REAL_PUBLIC
2026-01-13,DEMO_MINE,SYN_MINE_01,1592.0,1600.5,1.0,0.0,0.0,0.0,0.213,11.88,0.363,0.8791,0.0,0.25,27.5,ERA5 via Open-Meteo (REAL_PUBLIC; IMD not yet published),SYNTHETIC,REAL_PUBLIC
2026-01-14,DEMO_MINE,SYN_MINE_01,1592.0,1543.2,1.0,0.0,0.0,1.013,0.273,11.22,0.8,0.8622,0.0,0.25,29.3,ERA5 via Open-Meteo (REAL_PUBLIC; IMD not yet published),SYNTHETIC,REAL_PUBLIC
2026-01-15,DEMO_MINE,SYN_MINE_01,1592.0,1639.2,1.0,0.0,0.0,1.718,0.177,12.68,0.0,0.8595,0.0,0.25,28.5,ERA5 via Open-Meteo (REAL_PUBLIC; IMD not yet published),SYNTHETIC,REAL_PUBLIC
2026-01-16,DEMO_MINE,SYN_MINE_01,1592.0,1444.1,0.9224,1.552,0.0,0.899,0.217,11.86,0.159,0.8523,0.0,0.253,27.7,ERA5 via Open-Meteo (REAL_PUBLIC; IMD not yet published),SYNTHETIC,REAL_PUBLIC
2026-01-17,DEMO_MINE,SYN_MINE_01,1592.0,892.5,0.5607,8.785,0.0,0.082,0.16,12.13,0.0,0.8599,0.0,0.25,29.0,ERA5 via Open-Meteo (REAL_PUBLIC; IMD not yet published),SYNTHETIC,REAL_PUBLIC
2026-01-18,DEMO_MINE,SYN_MINE_01,1353.2,970.1,0.7098,5.805,0.0,2.573,0.21,12.28,0.0,0.7401,0.0,0.25,29.5,ERA5 via Open-Meteo (REAL_PUBLIC; IMD not yet published),SYNTHETIC,REAL_PUBLIC
2026-01-19,DEMO_MINE,SYN_MINE_01,1592.0,1544.4,0.9038,1.925,0.0,0.0,0.178,12.78,0.0,0.8901,0.0,0.25,29.4,ERA5 via Open-Meteo (REAL_PUBLIC; IMD not yet published),SYNTHETIC,REAL_PUBLIC
2026-01-20,DEMO_MINE,SYN_MINE_01,1592.0,1414.1,1.0,0.0,0.0,1.009,0.054,12.25,1.58,0.75,0.0,0.25,29.3,ERA5 via Open-Meteo (REAL_PUBLIC; IMD not yet published),SYNTHETIC,REAL_PUBLIC
2026-01-21,DEMO_MINE,SYN_MINE_01,1592.0,804.2,0.4822,10.355,0.0,0.755,0.014,12.14,0.0,0.8689,0.0,0.25,29.0,ERA5 via Open-Meteo (REAL_PUBLIC; IMD not yet published),SYNTHETIC,REAL_PUBLIC
2026-01-22,DEMO_MINE,SYN_MINE_01,1592.0,1112.7,0.6782,6.436,0.0,0.423,0.0,12.17,0.007,0.8479,0.0,0.25,28.7,ERA5 via Open-Meteo (REAL_PUBLIC; IMD not yet published),SYNTHETIC,REAL_PUBLIC
2026-01-23,DEMO_MINE,SYN_MINE_01,1592.0,1470.6,0.825,0.0,3.5,0.761,0.153,12.27,0.0,0.9328,0.0,0.25,29.3,ERA5 via Open-Meteo (REAL_PUBLIC; IMD not yet published),SYNTHETIC,REAL_PUBLIC
2026-01-24,DEMO_MINE,SYN_MINE_01,1592.0,1731.7,1.0,0.0,0.0,0.0,0.217,12.52,0.0,0.9035,0.0,0.25,28.7,ERA5 via Open-Meteo (REAL_PUBLIC; IMD not yet published),SYNTHETIC,REAL_PUBLIC
2026-01-25,DEMO_MINE,SYN_MINE_01,1353.2,1107.7,0.825,0.0,3.5,1.076,0.11,12.14,0.0,0.709,0.0,0.25,28.9,ERA5 via Open-Meteo (REAL_PUBLIC; IMD not yet published),SYNTHETIC,REAL_PUBLIC
2026-01-26,DEMO_MINE,SYN_MINE_01,1592.0,1496.2,1.0,0.0,0.0,0.154,0.263,12.41,0.016,0.8012,0.0,0.251,29.2,ERA5 via Open-Meteo (REAL_PUBLIC; IMD not yet published),SYNTHETIC,REAL_PUBLIC
2026-01-27,DEMO_MINE,SYN_MINE_01,1592.0,1555.6,1.0,0.0,0.0,0.0,0.414,12.05,0.562,0.864,0.0,0.256,29.8,ERA5 via Open-Meteo (REAL_PUBLIC; IMD not yet published),SYNTHETIC,REAL_PUBLIC
2026-01-28,DEMO_MINE,SYN_MINE_01,1592.0,1620.3,1.0,0.0,0.0,1.245,0.062,12.07,0.0,0.8559,0.0,0.267,29.2,ERA5 via Open-Meteo (REAL_PUBLIC; IMD not yet published),SYNTHETIC,REAL_PUBLIC
2026-01-29,DEMO_MINE,SYN_MINE_01,1592.0,1543.5,1.0,0.0,0.0,0.675,0.368,12.07,0.141,0.8441,0.0,0.259,28.5,ERA5 via Open-Meteo (REAL_PUBLIC; IMD not yet published),SYNTHETIC,REAL_PUBLIC
2026-01-30,DEMO_MINE,SYN_MINE_01,1592.0,1543.8,1.0,0.0,0.0,2.048,0.412,11.38,0.764,0.8641,0.0,0.258,28.6,ERA5 via Open-Meteo (REAL_PUBLIC; IMD not yet published),SYNTHETIC,REAL_PUBLIC
2026-01-31,DEMO_MINE,SYN_MINE_01,1592.0,1588.4,1.0,0.0,0.0,0.618,0.068,11.91,0.213,0.8424,0.0,0.262,30.3,ERA5 via Open-Meteo (REAL_PUBLIC; IMD not yet published),SYNTHETIC,REAL_PUBLIC
2026-02-01,DEMO_MINE,SYN_MINE_01,1353.2,1404.8,1.0,0.0,0.0,0.0,0.261,12.48,0.103,0.7494,0.0,0.261,30.8,ERA5 via Open-Meteo (REAL_PUBLIC; IMD not yet published),SYNTHETIC,REAL_PUBLIC
2026-02-02,DEMO_MINE,SYN_MINE_01,1592.0,1609.2,1.0,0.0,0.0,0.0,0.258,12.01,0.316,0.8648,0.0,0.258,30.6,ERA5 via Open-Meteo (REAL_PUBLIC; IMD not yet published),SYNTHETIC,REAL_PUBLIC
2026-02-03,DEMO_MINE,SYN_MINE_01,1592.0,1486.4,1.0,0.0,0.0,0.584,0.208,11.51,0.702,0.8333,0.0,0.255,29.9,ERA5 via Open-Meteo (REAL_PUBLIC; IMD not yet published),SYNTHETIC,REAL_PUBLIC
2026-02-04,DEMO_MINE,SYN_MINE_01,1592.0,1478.2,1.0,0.0,0.0,0.0,0.183,11.06,0.961,0.8233,0.0,0.259,29.8,ERA5 via Open-Meteo (REAL_PUBLIC; IMD not yet published),SYNTHETIC,REAL_PUBLIC
2026-02-05,DEMO_MINE,SYN_MINE_01,1592.0,1605.8,1.0,0.0,0.0,0.0,0.4,12.73,0.0,0.8614,0.0,0.254,29.7,ERA5 via Open-Meteo (REAL_PUBLIC; IMD not yet published),SYNTHETIC,REAL_PUBLIC
2026-02-06,DEMO_MINE,SYN_MINE_01,1592.0,1611.4,1.0,0.0,0.0,0.442,0.397,12.42,0.0,0.8573,0.0,0.253,30.7,ERA5 via Open-Meteo (REAL_PUBLIC; IMD not yet published),SYNTHETIC,REAL_PUBLIC
2026-02-07,DEMO_MINE,SYN_MINE_01,1592.0,1511.7,1.0,0.0,0.0,1.877,0.582,12.66,0.0,0.8301,0.0,0.252,29.7,ERA5 via Open-Meteo (REAL_PUBLIC; IMD not yet published),SYNTHETIC,REAL_PUBLIC
2026-02-08,DEMO_MINE,SYN_MINE_01,1353.2,1063.2,0.825,0.0,3.5,0.0,0.258,12.63,0.0,0.701,0.0,0.251,28.9,ERA5 via Open-Meteo (REAL_PUBLIC; IMD not yet published),SYNTHETIC,REAL_PUBLIC
2026-02-09,DEMO_MINE,SYN_MINE_01,1592.0,1127.2,1.0,0.0,0.0,2.393,0.011,11.72,3.263,0.6138,0.0,0.243,29.9,ERA5 via Open-Meteo (REAL_PUBLIC; IMD not yet published),SYNTHETIC,REAL_PUBLIC
2026-02-10,DEMO_MINE,SYN_MINE_01,1592.0,1298.2,0.825,0.0,3.5,0.799,0.571,11.47,0.238,0.8858,0.0,0.25,30.6,ERA5 via Open-Meteo (REAL_PUBLIC; IMD not yet published),SYNTHETIC,REAL_PUBLIC
2026-02-11,DEMO_MINE,SYN_MINE_01,1592.0,1542.6,1.0,0.0,0.0,0.0,0.183,11.36,0.795,0.841,0.0,0.25,31.8,ERA5 via Open-Meteo (REAL_PUBLIC; IMD not yet published),SYNTHETIC,REAL_PUBLIC
2026-02-12,DEMO_MINE,SYN_MINE_01,1592.0,1617.7,1.0,0.0,0.0,0.0,0.428,12.62,0.0,0.8813,0.0,0.254,30.9,ERA5 via Open-Meteo (REAL_PUBLIC; IMD not yet published),SYNTHETIC,REAL_PUBLIC
2026-02-13,DEMO_MINE,SYN_MINE_01,1592.0,1455.8,1.0,0.0,0.0,0.0,0.888,11.29,0.691,0.8532,0.0,0.26,31.0,ERA5 via Open-Meteo (REAL_PUBLIC; IMD not yet published),SYNTHETIC,REAL_PUBLIC
2026-02-14,DEMO_MINE,SYN_MINE_01,1592.0,1536.1,1.0,0.0,0.0,0.0,0.0,11.83,0.425,0.8239,0.0,0.25,33.1,ERA5 via Open-Meteo (REAL_PUBLIC; IMD not yet published),SYNTHETIC,REAL_PUBLIC
2026-02-15,DEMO_MINE,SYN_MINE_01,1353.2,1473.6,1.0,0.0,0.0,0.0,0.0,12.04,0.115,0.7622,0.0,0.255,32.2,ERA5 via Open-Meteo (REAL_PUBLIC; IMD not yet published),SYNTHETIC,REAL_PUBLIC
2026-02-16,DEMO_MINE,SYN_MINE_01,1592.0,1301.1,0.844,1.585,0.0,0.0,0.123,10.23,0.451,0.839,0.0,0.25,31.2,ERA5 via Open-Meteo (REAL_PUBLIC; IMD not yet published),SYNTHETIC,REAL_PUBLIC
2026-02-17,DEMO_MINE,SYN_MINE_01,1592.0,1472.5,1.0,0.0,0.0,0.496,0.634,12.32,0.358,0.8199,0.0,0.25,32.2,ERA5 via Open-Meteo (REAL_PUBLIC; IMD not yet published),SYNTHETIC,REAL_PUBLIC
2026-02-18,DEMO_MINE,SYN_MINE_01,1592.0,1692.6,1.0,0.0,0.0,1.048,0.242,12.61,0.019,0.8958,0.0,0.25,31.6,ERA5 via Open-Meteo (REAL_PUBLIC; IMD not yet published),SYNTHETIC,REAL_PUBLIC
2026-02-19,DEMO_MINE,SYN_MINE_01,1592.0,1644.7,1.0,0.0,0.0,1.56,0.455,12.01,0.312,0.8875,0.0,0.25,31.6,ERA5 via Open-Meteo (REAL_PUBLIC; IMD not yet published),SYNTHETIC,REAL_PUBLIC
2026-02-20,DEMO_MINE,SYN_MINE_01,1592.0,1632.8,1.0,0.0,0.0,0.0,0.31,12.36,0.0,0.8792,0.0,0.248,32.8,ERA5 via Open-Meteo (REAL_PUBLIC; IMD not yet published),SYNTHETIC,REAL_PUBLIC
2026-02-21,DEMO_MINE,SYN_MINE_01,1592.0,1597.1,1.0,0.0,0.0,1.85,0.243,12.57,0.0,0.8399,0.0,0.248,32.7,ERA5 via Open-Meteo (REAL_PUBLIC; IMD not yet published),SYNTHETIC,REAL_PUBLIC
2026-02-22,DEMO_MINE,SYN_MINE_01,1353.2,1404.3,1.0,0.0,0.0,0.178,0.0,13.0,0.0,0.7371,0.0,0.272,33.8,ERA5 via Open-Meteo (REAL_PUBLIC; IMD not yet published),SYNTHETIC,REAL_PUBLIC
2026-02-23,DEMO_MINE,SYN_MINE_01,1592.0,1293.8,0.8723,2.554,0.0,0.347,0.268,12.39,0.0,0.7997,0.0,0.273,31.6,ERA5 via Open-Meteo (REAL_PUBLIC; IMD not yet published),SYNTHETIC,REAL_PUBLIC
2026-02-24,DEMO_MINE,SYN_MINE_01,1592.0,1541.7,1.0,0.0,0.0,1.981,0.533,11.81,0.752,0.875,0.0,0.268,31.9,ERA5 via Open-Meteo (REAL_PUBLIC; IMD not yet published),SYNTHETIC,REAL_PUBLIC
2026-02-25,DEMO_MINE,SYN_MINE_01,1592.0,1264.5,0.825,0.0,3.5,0.0,0.097,11.75,0.25,0.8237,0.0,0.283,31.1,ERA5 via Open-Meteo (REAL_PUBLIC; IMD not yet published),SYNTHETIC,REAL_PUBLIC
2026-02-26,DEMO_MINE,SYN_MINE_01,1592.0,966.1,0.5586,5.328,3.5,0.998,0.083,11.93,0.0,0.9276,0.0,0.272,33.7,ERA5 via Open-Meteo (REAL_PUBLIC; IMD not yet published),SYNTHETIC,REAL_PUBLIC
2026-02-27,DEMO_MINE,SYN_MINE_01,1592.0,1359.9,0.8412,3.176,0.0,1.886,0.085,10.97,0.326,0.8455,0.0,0.256,33.1,ERA5 via Open-Meteo (REAL_PUBLIC; IMD not yet published),SYNTHETIC,REAL_PUBLIC
2026-02-28,DEMO_MINE,SYN_MINE_01,1592.0,1645.9,1.0,0.0,0.0,0.907,0.311,12.17,0.0,0.8658,0.0,0.253,34.5,ERA5 via Open-Meteo (REAL_PUBLIC; IMD not yet published),SYNTHETIC,REAL_PUBLIC
2026-03-01,DEMO_MINE,SYN_MINE_01,1353.2,1396.6,1.0,0.0,0.0,0.62,0.252,12.46,0.19,0.7456,0.0,0.252,35.2,ERA5 via Open-Meteo (REAL_PUBLIC; IMD not yet published),SYNTHETIC,REAL_PUBLIC
2026-03-02,DEMO_MINE,SYN_MINE_01,1592.0,1552.8,1.0,0.0,0.0,1.089,0.421,11.54,0.73,0.8811,0.0,0.262,34.9,ERA5 via Open-Meteo (REAL_PUBLIC; IMD not yet published),SYNTHETIC,REAL_PUBLIC
2026-03-03,DEMO_MINE,SYN_MINE_01,1592.0,1643.7,1.0,0.0,0.0,0.398,0.17,12.37,0.094,0.8746,0.0,0.26,35.3,ERA5 via Open-Meteo (REAL_PUBLIC; IMD not yet published),SYNTHETIC,REAL_PUBLIC
2026-03-04,DEMO_MINE,SYN_MINE_01,1592.0,1509.2,0.9362,1.275,0.0,0.654,0.462,12.18,0.0,0.8749,0.0,0.264,36.7,ERA5 via Open-Meteo (REAL_PUBLIC; IMD not yet published),SYNTHETIC,REAL_PUBLIC
2026-03-05,DEMO_MINE,SYN_MINE_01,1592.0,681.5,0.4272,11.456,0.0,1.042,0.11,11.09,0.0,0.8508,0.0,0.272,36.7,ERA5 via Open-Meteo (REAL_PUBLIC; IMD not yet published),SYNTHETIC,REAL_PUBLIC
2026-03-06,DEMO_MINE,SYN_MINE_01,1592.0,1159.4,0.7368,5.264,0.0,0.879,0.0,12.18,0.0,0.8279,0.0,0.266,37.5,ERA5 via Open-Meteo (REAL_PUBLIC; IMD not yet published),SYNTHETIC,REAL_PUBLIC
2026-03-07,DEMO_MINE,SYN_MINE_01,1592.0,1542.9,1.0,0.0,0.0,0.0,0.491,14.24,0.0,0.8426,0.0,0.26,36.8,ERA5 via Open-Meteo (REAL_PUBLIC; IMD not yet published),SYNTHETIC,REAL_PUBLIC
2026-03-08,DEMO_MINE,SYN_MINE_01,1353.2,1488.1,1.0,0.0,0.0,0.0,0.0,13.81,0.0,0.7629,0.0,0.249,37.1,ERA5 via Open-Meteo (REAL_PUBLIC; IMD not yet published),SYNTHETIC,REAL_PUBLIC
2026-03-09,DEMO_MINE,SYN_MINE_01,1592.0,1515.8,1.0,0.0,0.0,0.0,0.444,14.29,0.0,0.8278,0.0,0.253,38.0,ERA5 via Open-Meteo (REAL_PUBLIC; IMD not yet published),SYNTHETIC,REAL_PUBLIC
2026-03-10,DEMO_MINE,SYN_MINE_01,1592.0,1201.8,0.6818,6.365,0.0,0.0,0.0,14.35,0.0,0.9004,0.0,0.251,37.0,ERA5 via Open-Meteo (REAL_PUBLIC; IMD not yet published),SYNTHETIC,REAL_PUBLIC
2026-03-11,DEMO_MINE,SYN_MINE_01,1592.0,1457.2,0.8863,2.274,0.0,0.0,0.511,13.69,0.0,0.9019,0.0,0.25,38.0,ERA5 via Open-Meteo (REAL_PUBLIC; IMD not yet published),SYNTHETIC,REAL_PUBLIC
2026-03-12,DEMO_MINE,SYN_MINE_01,1592.0,1055.2,0.8989,2.023,0.0,1.949,0.235,13.86,2.675,0.6281,0.0,0.25,38.8,ERA5 via Open-Meteo (REAL_PUBLIC; IMD not yet published),SYNTHETIC,REAL_PUBLIC
2026-03-13,DEMO_MINE,SYN_MINE_01,1592.0,1085.8,1.0,0.0,0.0,2.005,6.559,14.24,0.0,0.8838,0.0,0.25,38.5,ERA5 via Open-Meteo (REAL_PUBLIC; IMD not yet published),SYNTHETIC,REAL_PUBLIC
2026-03-14,DEMO_MINE,SYN_MINE_01,1592.0,0.0,0.7297,2.146,3.259,0.805,12.985,13.09,0.01,0.8904,0.0,0.25,38.7,ERA5 via Open-Meteo (REAL_PUBLIC; IMD not yet published),SYNTHETIC,REAL_PUBLIC
2026-03-15,DEMO_MINE,SYN_MINE_01,1353.2,1489.4,1.0,0.0,0.0,0.0,0.154,13.73,0.0,0.7992,0.0,0.25,38.1,ERA5 via Open-Meteo (REAL_PUBLIC; IMD not yet published),SYNTHETIC,REAL_PUBLIC
2026-03-16,DEMO_MINE,SYN_MINE_01,1592.0,1698.5,1.0,0.0,0.0,0.0,0.025,12.54,0.0,0.8821,0.0,0.254,37.2,ERA5 via Open-Meteo (REAL_PUBLIC; IMD not yet published),SYNTHETIC,REAL_PUBLIC
2026-03-17,DEMO_MINE,SYN_MINE_01,1592.0,1220.5,0.7581,1.339,3.5,1.48,0.339,14.04,0.0,0.8795,0.0,0.274,36.5,ERA5 via Open-Meteo (REAL_PUBLIC; IMD not yet published),SYNTHETIC,REAL_PUBLIC
2026-03-18,DEMO_MINE,SYN_MINE_01,1592.0,1630.3,1.0,0.0,0.0,0.0,0.085,14.08,0.0,0.8435,0.0,0.255,33.9,ERA5 via Open-Meteo (REAL_PUBLIC; IMD not yet published),SYNTHETIC,REAL_PUBLIC
2026-03-19,DEMO_MINE,SYN_MINE_01,1592.0,1552.5,1.0,0.0,0.0,0.0,0.281,14.14,0.0,0.8319,0.0,0.253,35.1,ERA5 via Open-Meteo (REAL_PUBLIC; IMD not yet published),SYNTHETIC,REAL_PUBLIC
2026-03-20,DEMO_MINE,SYN_MINE_01,1592.0,1567.4,1.0,0.0,0.0,0.0,0.261,14.71,0.0,0.8341,0.6,0.253,31.7,ERA5 via Open-Meteo (REAL_PUBLIC; IMD not yet published),SYNTHETIC,REAL_PUBLIC
2026-03-21,DEMO_MINE,SYN_MINE_01,1592.0,1660.5,1.0,0.0,0.0,0.0,0.048,14.27,0.0,0.8772,0.0,0.248,32.5,ERA5 via Open-Meteo (REAL_PUBLIC; IMD not yet published),SYNTHETIC,REAL_PUBLIC
2026-03-22,DEMO_MINE,SYN_MINE_01,1353.2,1400.6,1.0,0.0,0.0,0.0,0.0,13.4,0.0,0.7273,0.0,0.262,34.1,ERA5 via Open-Meteo (REAL_PUBLIC; IMD not yet published),SYNTHETIC,REAL_PUBLIC
2026-03-23,DEMO_MINE,SYN_MINE_01,1592.0,1058.5,0.6928,6.144,0.0,0.734,0.256,14.12,0.0,0.8257,0.0,0.272,34.8,ERA5 via Open-Meteo (REAL_PUBLIC; IMD not yet published),SYNTHETIC,REAL_PUBLIC
2026-03-24,DEMO_MINE,SYN_MINE_01,1592.0,1563.2,0.9856,0.288,0.0,1.188,0.174,13.97,0.0,0.8344,0.0,0.284,35.9,ERA5 via Open-Meteo (REAL_PUBLIC; IMD not yet published),SYNTHETIC,REAL_PUBLIC
2026-03-25,DEMO_MINE,SYN_MINE_01,1592.0,1404.5,0.8925,2.15,0.0,0.858,0.499,14.8,0.0,0.852,0.0,0.272,36.7,ERA5 via Open-Meteo (REAL_PUBLIC; IMD not yet published),SYNTHETIC,REAL_PUBLIC
2026-03-26,DEMO_MINE,SYN_MINE_01,1592.0,1576.2,1.0,0.0,0.0,1.755,0.829,14.31,0.0,0.8669,0.0,0.266,37.1,ERA5 via Open-Meteo (REAL_PUBLIC; IMD not yet published),SYNTHETIC,REAL_PUBLIC
2026-03-27,DEMO_MINE,SYN_MINE_01,1592.0,1669.6,1.0,0.0,0.0,0.346,0.0,12.8,0.0,0.872,0.0,0.256,39.7,ERA5 via Open-Meteo (REAL_PUBLIC; IMD not yet published),SYNTHETIC,REAL_PUBLIC
2026-03-28,DEMO_MINE,SYN_MINE_01,1592.0,1301.1,0.7943,4.113,0.0,1.597,0.271,13.93,0.0,0.8806,0.0,0.252,38.4,ERA5 via Open-Meteo (REAL_PUBLIC; IMD not yet published),SYNTHETIC,REAL_PUBLIC
2026-03-29,DEMO_MINE,SYN_MINE_01,1353.2,1480.0,1.0,0.0,0.0,0.0,0.212,14.53,0.0,0.7886,0.0,0.257,39.5,ERA5 via Open-Meteo (REAL_PUBLIC; IMD not yet published),SYNTHETIC,REAL_PUBLIC
2026-03-30,DEMO_MINE,SYN_MINE_01,1592.0,1249.5,0.8296,0.0,3.407,0.0,0.566,14.36,0.0,0.833,1.8,0.251,38.8,ERA5 via Open-Meteo (REAL_PUBLIC; IMD not yet published),SYNTHETIC,REAL_PUBLIC
2026-03-31,DEMO_MINE,SYN_MINE_01,1592.0,1130.5,0.6729,6.542,0.0,0.0,0.334,13.72,0.0,0.8981,2.2,0.295,35.0,ERA5 via Open-Meteo (REAL_PUBLIC; IMD not yet published),SYNTHETIC,REAL_PUBLIC
2026-04-01,DEMO_MINE,SYN_MINE_01,1615.9,1563.2,1.0,0.0,0.0,0.592,0.346,14.16,0.0,0.8352,0.0,0.302,36.6,ERA5 via Open-Meteo (REAL_PUBLIC; IMD not yet published),SYNTHETIC,REAL_PUBLIC
2026-04-02,DEMO_MINE,SYN_MINE_01,1615.9,1395.8,0.8425,0.0,3.15,0.0,0.292,14.13,0.0,0.8872,0.0,0.319,34.9,ERA5 via Open-Meteo (REAL_PUBLIC; IMD not yet published),SYNTHETIC,REAL_PUBLIC
2026-04-03,DEMO_MINE,SYN_MINE_01,1615.9,1650.3,1.0,0.0,0.0,0.0,0.078,13.1,0.0,0.882,0.0,0.335,36.9,ERA5 via Open-Meteo (REAL_PUBLIC; IMD not yet published),SYNTHETIC,REAL_PUBLIC
2026-04-04,DEMO_MINE,SYN_MINE_01,1615.9,1455.4,0.8815,2.37,0.0,1.963,0.084,13.13,0.0,0.8718,0.0,0.342,34.1,ERA5 via Open-Meteo (REAL_PUBLIC; IMD not yet published),SYNTHETIC,REAL_PUBLIC
2026-04-05,DEMO_MINE,SYN_MINE_01,1373.5,1130.1,0.7834,4.332,0.0,0.0,0.14,13.24,0.0,0.7705,0.3,0.329,34.4,ERA5 via Open-Meteo (REAL_PUBLIC; IMD not yet published),SYNTHETIC,REAL_PUBLIC
2026-04-06,DEMO_MINE,SYN_MINE_01,1615.9,1475.6,1.0,0.0,0.0,2.003,0.162,12.89,0.498,0.8147,0.0,0.32,35.8,ERA5 via Open-Meteo (REAL_PUBLIC; IMD not yet published),SYNTHETIC,REAL_PUBLIC
2026-04-07,DEMO_MINE,SYN_MINE_01,1615.9,1536.5,0.9466,1.068,0.0,0.0,0.0,14.72,0.0,0.8387,0.0,0.286,36.1,ERA5 via Open-Meteo (REAL_PUBLIC; IMD not yet published),SYNTHETIC,REAL_PUBLIC
2026-04-08,DEMO_MINE,SYN_MINE_01,1615.9,1331.9,0.8074,3.852,0.0,1.762,0.0,13.63,0.0,0.8401,0.0,0.26,34.7,ERA5 via Open-Meteo (REAL_PUBLIC; IMD not yet published),SYNTHETIC,REAL_PUBLIC
2026-04-09,DEMO_MINE,SYN_MINE_01,1615.9,1235.8,0.7878,4.243,0.0,1.098,0.134,14.17,0.0,0.8306,0.0,0.257,35.6,ERA5 via Open-Meteo (REAL_PUBLIC; IMD not yet published),SYNTHETIC,REAL_PUBLIC
2026-04-10,DEMO_MINE,SYN_MINE_01,1615.9,1660.3,1.0,0.0,0.0,0.0,0.168,14.55,0.0,0.8754,0.0,0.244,36.5,ERA5 via Open-Meteo (REAL_PUBLIC; IMD not yet published),SYNTHETIC,REAL_PUBLIC
2026-04-11,DEMO_MINE,SYN_MINE_01,1615.9,1612.3,1.0,0.0,0.0,0.442,0.535,14.79,0.0,0.8718,0.0,0.255,36.9,ERA5 via Open-Meteo (REAL_PUBLIC; IMD not yet published),SYNTHETIC,REAL_PUBLIC
2026-04-12,DEMO_MINE,SYN_MINE_01,1373.5,1091.7,0.8394,3.212,0.0,0.0,0.314,13.18,0.0,0.7086,0.0,0.27,39.2,ERA5 via Open-Meteo (REAL_PUBLIC; IMD not yet published),SYNTHETIC,REAL_PUBLIC
2026-04-13,DEMO_MINE,SYN_MINE_01,1615.9,1363.6,0.8321,2.677,0.0,0.0,0.128,13.79,0.0,0.8398,0.0,0.277,39.1,ERA5 via Open-Meteo (REAL_PUBLIC; IMD not yet published),SYNTHETIC,REAL_PUBLIC
2026-04-14,DEMO_MINE,SYN_MINE_01,1615.9,1668.2,1.0,0.0,0.0,0.0,0.265,14.98,0.0,0.8696,0.0,0.268,39.3,ERA5 via Open-Meteo (REAL_PUBLIC; IMD not yet published),SYNTHETIC,REAL_PUBLIC
2026-04-15,DEMO_MINE,SYN_MINE_01,1615.9,1579.6,1.0,0.0,0.0,0.0,0.135,13.92,0.0,0.8232,0.0,0.261,41.8,ERA5 via Open-Meteo (REAL_PUBLIC; IMD not yet published),SYNTHETIC,REAL_PUBLIC
2026-04-16,DEMO_MINE,SYN_MINE_01,1615.9,1370.2,0.833,0.0,3.339,0.0,0.306,14.28,0.0,0.8886,0.0,0.255,41.4,ERA5 via Open-Meteo (REAL_PUBLIC; IMD not yet published),SYNTHETIC,REAL_PUBLIC
2026-04-17,DEMO_MINE,SYN_MINE_01,1615.9,1644.5,1.0,0.0,0.0,1.351,0.273,12.31,0.0,0.8791,0.0,0.252,41.2,ERA5 via Open-Meteo (REAL_PUBLIC; IMD not yet published),SYNTHETIC,REAL_PUBLIC
2026-04-18,DEMO_MINE,SYN_MINE_01,1615.9,1518.6,1.0,0.0,0.0,1.931,0.042,14.46,0.0,0.7896,0.0,0.251,41.3,ERA5 via Open-Meteo (REAL_PUBLIC; IMD not yet published),SYNTHETIC,REAL_PUBLIC
2026-04-19,DEMO_MINE,SYN_MINE_01,1373.5,1073.3,0.8384,0.0,3.232,2.755,0.398,14.73,0.0,0.7034,0.0,0.25,41.5,ERA5 via Open-Meteo (REAL_PUBLIC; IMD not yet published),SYNTHETIC,REAL_PUBLIC
2026-04-20,DEMO_MINE,SYN_MINE_01,1615.9,1607.7,1.0,0.0,0.0,0.689,0.129,14.15,0.0,0.8472,0.0,0.25,42.0,ERA5 via Open-Meteo (REAL_PUBLIC; IMD not yet published),SYNTHETIC,REAL_PUBLIC
2026-04-21,DEMO_MINE,SYN_MINE_01,1615.9,1725.0,1.0,0.0,0.0,0.0,0.325,13.57,0.0,0.9247,0.0,0.25,40.9,ERA5 via Open-Meteo (REAL_PUBLIC; IMD not yet published),SYNTHETIC,REAL_PUBLIC
2026-04-22,DEMO_MINE,SYN_MINE_01,1615.9,1666.7,1.0,0.0,0.0,0.0,0.084,15.0,0.0,0.8905,0.0,0.259,41.2,ERA5 via Open-Meteo (REAL_PUBLIC; IMD not yet published),SYNTHETIC,REAL_PUBLIC
2026-04-23,DEMO_MINE,SYN_MINE_01,1615.9,1369.2,0.8326,3.347,0.0,0.0,0.796,12.47,0.0,0.9233,0.0,0.26,42.0,ERA5 via Open-Meteo (REAL_PUBLIC; IMD not yet published),SYNTHETIC,REAL_PUBLIC
2026-04-24,DEMO_MINE,SYN_MINE_01,1615.9,1460.2,0.926,1.48,0.0,0.45,0.094,14.08,0.0,0.8292,0.0,0.25,42.6,ERA5 via Open-Meteo (REAL_PUBLIC; IMD not yet published),SYNTHETIC,REAL_PUBLIC
2026-04-25,DEMO_MINE,SYN_MINE_01,1615.9,741.2,0.5,10.0,0.0,0.0,0.236,13.16,0.0,0.8074,0.0,0.265,42.6,ERA5 via Open-Meteo (REAL_PUBLIC; IMD not yet published),SYNTHETIC,REAL_PUBLIC
2026-04-26,DEMO_MINE,SYN_MINE_01,1373.5,1283.2,0.9491,1.018,0.0,1.267,0.0,14.52,0.0,0.6856,0.0,0.273,42.6,ERA5 via Open-Meteo (REAL_PUBLIC; IMD not yet published),SYNTHETIC,REAL_PUBLIC
2026-04-27,DEMO_MINE,SYN_MINE_01,1615.9,1607.7,1.0,0.0,0.0,0.785,0.413,13.42,0.0,0.8478,0.0,0.261,42.3,ERA5 via Open-Meteo (REAL_PUBLIC; IMD not yet published),SYNTHETIC,REAL_PUBLIC
2026-04-28,DEMO_MINE,SYN_MINE_01,1615.9,1552.5,1.0,0.0,0.0,0.0,0.106,13.87,0.0,0.8215,0.0,0.255,42.9,ERA5 via Open-Meteo (REAL_PUBLIC; IMD not yet published),SYNTHETIC,REAL_PUBLIC
2026-04-29,DEMO_MINE,SYN_MINE_01,1615.9,1599.0,1.0,0.0,0.0,2.544,0.0,13.91,0.0,0.8408,0.0,0.252,42.8,ERA5 via Open-Meteo (REAL_PUBLIC; IMD not yet published),SYNTHETIC,REAL_PUBLIC
2026-04-30,DEMO_MINE,SYN_MINE_01,1615.9,1541.4,1.0,0.0,0.0,0.372,0.318,14.49,0.0,0.8378,0.0,0.25,40.3,ERA5 via Open-Meteo (REAL_PUBLIC; IMD not yet published),SYNTHETIC,REAL_PUBLIC
2026-05-01,DEMO_MINE,SYN_MINE_01,1615.9,1573.3,1.0,0.0,0.0,1.464,0.182,13.27,0.0,0.8458,0.0,0.25,39.1,ERA5 via Open-Meteo (REAL_PUBLIC; IMD not yet published),SYNTHETIC,REAL_PUBLIC
2026-05-02,DEMO_MINE,SYN_MINE_01,1615.9,1633.5,1.0,0.0,0.0,0.0,0.181,12.82,0.0,0.8464,0.1,0.25,40.8,ERA5 via Open-Meteo (REAL_PUBLIC; IMD not yet published),SYNTHETIC,REAL_PUBLIC
2026-05-03,DEMO_MINE,SYN_MINE_01,1373.5,872.4,0.6318,3.864,3.5,1.051,0.121,13.69,0.0,0.7279,0.0,0.255,40.1,ERA5 via Open-Meteo (REAL_PUBLIC; IMD not yet published),SYNTHETIC,REAL_PUBLIC
2026-05-04,DEMO_MINE,SYN_MINE_01,1615.9,1702.5,1.0,0.0,0.0,0.0,0.114,13.87,0.0,0.9044,0.0,0.264,40.9,ERA5 via Open-Meteo (REAL_PUBLIC; IMD not yet published),SYNTHETIC,REAL_PUBLIC
2026-05-05,DEMO_MINE,SYN_MINE_01,1615.9,1331.7,0.825,0.0,3.5,0.0,0.577,15.0,0.0,0.8949,0.0,0.256,38.8,ERA5 via Open-Meteo (REAL_PUBLIC; IMD not yet published),SYNTHETIC,REAL_PUBLIC
2026-05-06,DEMO_MINE,SYN_MINE_01,1615.9,1655.3,1.0,0.0,0.0,0.555,0.0,14.22,0.0,0.8701,0.0,0.256,36.6,ERA5 via Open-Meteo (REAL_PUBLIC; IMD not yet published),SYNTHETIC,REAL_PUBLIC
2026-05-07,DEMO_MINE,SYN_MINE_01,1615.9,1642.1,1.0,0.0,0.0,0.0,0.533,12.38,0.0,0.9024,0.0,0.287,37.0,ERA5 via Open-Meteo (REAL_PUBLIC; IMD not yet published),SYNTHETIC,REAL_PUBLIC
2026-05-08,DEMO_MINE,SYN_MINE_01,1615.9,1525.7,1.0,0.0,0.0,0.0,0.345,14.06,0.0,0.831,0.0,0.314,37.2,ERA5 via Open-Meteo (REAL_PUBLIC; IMD not yet published),SYNTHETIC,REAL_PUBLIC
2026-05-09,DEMO_MINE,SYN_MINE_01,1615.9,1051.1,0.648,7.041,0.0,0.0,0.382,14.65,0.0,0.8833,1.4,0.315,37.1,ERA5 via Open-Meteo (REAL_PUBLIC; IMD not yet published),SYNTHETIC,REAL_PUBLIC
2026-05-10,DEMO_MINE,SYN_MINE_01,1373.5,774.2,0.5207,9.587,0.0,1.037,0.005,13.4,0.0,0.77,0.0,0.289,37.6,ERA5 via Open-Meteo (REAL_PUBLIC; IMD not yet published),SYNTHETIC,REAL_PUBLIC
2026-05-11,DEMO_MINE,SYN_MINE_01,1615.9,752.4,0.5,10.0,0.0,3.763,0.118,13.69,0.0,0.8103,0.0,0.302,38.8,ERA5 via Open-Meteo (REAL_PUBLIC; IMD not yet published),SYNTHETIC,REAL_PUBLIC
2026-05-12,DEMO_MINE,SYN_MINE_01,1615.9,1108.8,0.7333,5.334,0.0,1.82,0.178,14.24,0.0,0.8165,0.0,0.311,39.1,ERA5 via Open-Meteo (REAL_PUBLIC; IMD not yet published),SYNTHETIC,REAL_PUBLIC
2026-05-13,DEMO_MINE,SYN_MINE_01,1615.9,1593.9,1.0,0.0,0.0,2.221,0.355,14.13,0.0,0.8635,0.0,0.311,39.8,ERA5 via Open-Meteo (REAL_PUBLIC; IMD not yet published),SYNTHETIC,REAL_PUBLIC
2026-05-14,DEMO_MINE,SYN_MINE_01,1615.9,1639.9,1.0,0.0,0.0,0.684,0.322,14.14,0.0,0.8558,0.7,0.308,39.4,ERA5 via Open-Meteo (REAL_PUBLIC; IMD not yet published),SYNTHETIC,REAL_PUBLIC
2026-05-15,DEMO_MINE,SYN_MINE_01,1615.9,1534.9,1.0,0.0,0.0,0.0,0.448,12.67,0.157,0.8458,0.0,0.303,39.9,ERA5 via Open-Meteo (REAL_PUBLIC; IMD not yet published),SYNTHETIC,REAL_PUBLIC
2026-05-16,DEMO_MINE,SYN_MINE_01,1615.9,1622.9,1.0,0.0,0.0,0.55,0.232,13.78,0.0,0.8541,0.5,0.325,39.2,ERA5 via Open-Meteo (REAL_PUBLIC; IMD not yet published),SYNTHETIC,REAL_PUBLIC
2026-05-17,DEMO_MINE,SYN_MINE_01,1373.5,1361.9,1.0,0.0,0.0,0.0,0.822,12.78,0.0,0.7677,0.0,0.348,39.7,ERA5 via Open-Meteo (REAL_PUBLIC; IMD not yet published),SYNTHETIC,REAL_PUBLIC
2026-05-18,DEMO_MINE,SYN_MINE_01,1615.9,1747.1,1.0,0.0,0.0,0.087,0.0,12.61,0.092,0.9187,0.0,0.351,40.9,ERA5 via Open-Meteo (REAL_PUBLIC; IMD not yet published),SYNTHETIC,REAL_PUBLIC
2026-05-19,DEMO_MINE,SYN_MINE_01,1615.9,1636.2,1.0,0.0,0.0,2.614,0.686,14.55,0.0,0.9073,0.0,0.35,41.1,ERA5 via Open-Meteo (REAL_PUBLIC; IMD not yet published),SYNTHETIC,REAL_PUBLIC
2026-05-20,DEMO_MINE,SYN_MINE_01,1615.9,1330.7,0.8326,0.0,3.348,0.353,0.0,13.59,0.0,0.8151,0.0,0.35,41.0,ERA5 via Open-Meteo (REAL_PUBLIC; IMD not yet published),SYNTHETIC,REAL_PUBLIC
2026-05-21,DEMO_MINE,SYN_MINE_01,1615.9,1412.6,1.0,0.0,0.0,0.0,0.486,11.49,1.275,0.8418,0.0,0.33,42.4,ERA5 via Open-Meteo (REAL_PUBLIC; IMD not yet published),SYNTHETIC,REAL_PUBLIC
2026-05-22,DEMO_MINE,SYN_MINE_01,1615.9,1429.4,0.825,0.0,3.5,0.0,0.0,14.79,0.0,0.89,0.0,0.311,42.7,ERA5 via Open-Meteo (REAL_PUBLIC; IMD not yet published),SYNTHETIC,REAL_PUBLIC
2026-05-23,DEMO_MINE,SYN_MINE_01,1615.9,1657.0,1.0,0.0,0.0,1.164,0.51,14.33,0.0,0.8844,0.0,0.291,41.9,ERA5 via Open-Meteo (REAL_PUBLIC; IMD not yet published),SYNTHETIC,REAL_PUBLIC
2026-05-24,DEMO_MINE,SYN_MINE_01,1373.5,1388.3,1.0,0.0,0.0,0.0,0.0,13.8,0.0,0.7091,0.0,0.275,42.1,ERA5 via Open-Meteo (REAL_PUBLIC; IMD not yet published),SYNTHETIC,REAL_PUBLIC
2026-05-25,DEMO_MINE,SYN_MINE_01,1615.9,920.9,0.5845,8.309,0.0,1.609,0.225,14.15,0.0,0.86,0.0,0.266,43.5,ERA5 via Open-Meteo (REAL_PUBLIC; IMD not yet published),SYNTHETIC,REAL_PUBLIC
2026-05-26,DEMO_MINE,SYN_MINE_01,1615.9,597.4,0.4156,11.688,0.0,0.0,0.123,12.55,0.0,0.7685,0.0,0.257,42.3,ERA5 via Open-Meteo (REAL_PUBLIC; IMD not yet published),SYNTHETIC,REAL_PUBLIC
2026-05-27,DEMO_MINE,SYN_MINE_01,1615.9,1088.1,0.6698,6.604,0.0,0.0,0.11,13.58,0.0,0.8671,0.0,0.253,42.8,ERA5 via Open-Meteo (REAL_PUBLIC; IMD not yet published),SYNTHETIC,REAL_PUBLIC
2026-05-28,DEMO_MINE,SYN_MINE_01,1615.9,1121.8,0.7164,5.673,0.0,0.0,0.357,14.32,0.0,0.8607,0.0,0.251,44.0,ERA5 via Open-Meteo (REAL_PUBLIC; IMD not yet published),SYNTHETIC,REAL_PUBLIC
2026-05-29,DEMO_MINE,SYN_MINE_01,1615.9,1670.3,1.0,0.0,0.0,1.128,0.118,14.26,0.0,0.8722,0.4,0.252,40.4,ERA5 via Open-Meteo (REAL_PUBLIC; IMD not yet published),SYNTHETIC,REAL_PUBLIC
2026-05-30,DEMO_MINE,SYN_MINE_01,1615.9,1632.3,1.0,0.0,0.0,1.504,0.379,14.14,0.0,0.8649,0.5,0.254,38.7,ERA5 via Open-Meteo (REAL_PUBLIC; IMD not yet published),SYNTHETIC,REAL_PUBLIC
2026-05-31,DEMO_MINE,SYN_MINE_01,1373.5,1328.1,1.0,0.0,0.0,0.0,0.467,12.96,0.0,0.7195,0.0,0.243,38.6,ERA5 via Open-Meteo (REAL_PUBLIC; IMD not yet published),SYNTHETIC,REAL_PUBLIC
2026-06-01,DEMO_MINE,SYN_MINE_01,1615.9,1510.5,0.9392,1.215,0.0,0.9,0.058,14.11,0.0,0.8595,0.0,0.237,37.4,ERA5 via Open-Meteo (REAL_PUBLIC; IMD not yet published),SYNTHETIC,REAL_PUBLIC
2026-06-02,DEMO_MINE,SYN_MINE_01,1615.9,815.6,0.5,10.0,0.0,1.296,0.03,13.42,0.0,0.8486,0.1,0.242,37.8,ERA5 via Open-Meteo (REAL_PUBLIC; IMD not yet published),SYNTHETIC,REAL_PUBLIC
2026-06-03,DEMO_MINE,SYN_MINE_01,1615.9,1233.3,0.7995,4.011,0.0,0.36,0.393,12.84,0.0,0.8342,0.5,0.255,38.4,ERA5 via Open-Meteo (REAL_PUBLIC; IMD not yet published),SYNTHETIC,REAL_PUBLIC
2026-06-04,DEMO_MINE,SYN_MINE_01,1615.9,1547.9,1.0,0.0,0.0,2.411,0.573,13.98,0.0,0.8363,1.4,0.235,39.0,ERA5 via Open-Meteo (REAL_PUBLIC; IMD not yet published),SYNTHETIC,REAL_PUBLIC
2026-06-05,DEMO_MINE,SYN_MINE_01,1615.9,1607.7,1.0,0.0,0.0,1.527,0.0,13.52,0.0,0.8217,0.0,0.219,37.5,ERA5 via Open-Meteo (REAL_PUBLIC; IMD not yet published),SYNTHETIC,REAL_PUBLIC
2026-06-06,DEMO_MINE,SYN_MINE_01,1615.9,1644.4,1.0,0.0,0.0,0.707,0.388,13.94,0.0,0.8833,1.7,0.225,37.0,ERA5 via Open-Meteo (REAL_PUBLIC; IMD not yet published),SYNTHETIC,REAL_PUBLIC
2026-06-07,DEMO_MINE,SYN_MINE_01,1373.5,0.0,0.825,0.0,3.5,0.728,12.238,12.51,0.0,0.7417,0.1,0.235,38.8,ERA5 via Open-Meteo (REAL_PUBLIC; IMD not yet published),SYNTHETIC,REAL_PUBLIC
2026-06-08,DEMO_MINE,SYN_MINE_01,1615.9,0.0,1.0,0.0,0.0,0.628,17.269,14.32,0.0,0.8634,1.8,0.246,40.2,ERA5 via Open-Meteo (REAL_PUBLIC; IMD not yet published),SYNTHETIC,REAL_PUBLIC
2026-06-09,DEMO_MINE,SYN_MINE_01,1615.9,0.0,1.0,0.0,0.0,0.0,17.251,13.33,0.0,0.8625,4.4,0.266,40.0,ERA5 via Open-Meteo (REAL_PUBLIC; IMD not yet published),SYNTHETIC,REAL_PUBLIC
2026-06-10,DEMO_MINE,SYN_MINE_01,1615.9,0.0,0.825,0.0,3.5,1.16,13.708,13.29,0.0,0.8308,0.7,0.26,40.7,ERA5 via Open-Meteo (REAL_PUBLIC; IMD not yet published),SYNTHETIC,REAL_PUBLIC
2026-06-11,DEMO_MINE,SYN_MINE_01,1615.9,0.0,1.0,0.0,0.0,0.0,16.928,14.21,0.0,0.8464,0.0,0.26,39.9,ERA5 via Open-Meteo (REAL_PUBLIC; IMD not yet published),SYNTHETIC,REAL_PUBLIC
2026-06-12,DEMO_MINE,SYN_MINE_01,1615.9,1362.1,0.8729,2.543,0.0,0.0,0.58,12.07,0.0,0.8664,1.4,0.265,38.4,ERA5 via Open-Meteo (REAL_PUBLIC; IMD not yet published),SYNTHETIC,REAL_PUBLIC
2026-06-13,DEMO_MINE,SYN_MINE_01,1615.9,1440.5,0.8882,2.235,0.0,1.837,0.342,14.35,0.0,0.8816,1.2,0.315,35.4,ERA5 via Open-Meteo (REAL_PUBLIC; IMD not yet published),SYNTHETIC,REAL_PUBLIC
2026-06-14,DEMO_MINE,SYN_MINE_01,1373.5,1403.0,1.0,0.0,0.0,0.0,0.024,14.57,0.0,0.7331,2.3,0.384,37.3,ERA5 via Open-Meteo (REAL_PUBLIC; IMD not yet published),SYNTHETIC,REAL_PUBLIC
2026-06-15,DEMO_MINE,SYN_MINE_01,1615.9,594.4,1.0,0.0,0.0,2.539,9.674,13.85,0.0,0.7996,0.0,0.393,37.0,ERA5 via Open-Meteo (REAL_PUBLIC; IMD not yet published),SYNTHETIC,REAL_PUBLIC
2026-06-16,DEMO_MINE,SYN_MINE_01,1615.9,0.0,0.9232,1.536,0.0,0.0,15.711,13.08,0.0,0.8509,0.0,0.373,37.7,ERA5 via Open-Meteo (REAL_PUBLIC; IMD not yet published),SYNTHETIC,REAL_PUBLIC
2026-06-17,DEMO_MINE,SYN_MINE_01,1615.9,0.0,0.9198,1.605,0.0,0.0,16.014,14.35,0.0,0.8705,0.8,0.351,37.5,ERA5 via Open-Meteo (REAL_PUBLIC; IMD not yet published),SYNTHETIC,REAL_PUBLIC
2026-06-18,DEMO_MINE,SYN_MINE_01,1615.9,0.0,1.0,0.0,0.0,1.64,16.55,14.39,0.0,0.8275,3.1,0.37,37.1,ERA5 via Open-Meteo (REAL_PUBLIC; IMD not yet published),SYNTHETIC,REAL_PUBLIC
2026-06-19,DEMO_MINE,SYN_MINE_01,1615.9,0.0,1.0,0.0,0.0,0.0,16.762,13.5,0.02,0.8391,0.4,0.408,37.1,ERA5 via Open-Meteo (REAL_PUBLIC; IMD not yet published),SYNTHETIC,REAL_PUBLIC
2026-06-20,DEMO_MINE,SYN_MINE_01,1615.9,1577.4,1.0,0.0,0.0,0.0,0.064,14.73,0.0,0.8407,0.0,0.345,38.3,ERA5 via Open-Meteo (REAL_PUBLIC; IMD not yet published),SYNTHETIC,REAL_PUBLIC
2026-06-21,DEMO_MINE,SYN_MINE_01,1373.5,1262.8,0.903,1.356,0.0,0.745,0.21,14.31,0.0,0.7515,0.9,0.302,38.2,ERA5 via Open-Meteo (REAL_PUBLIC; IMD not yet published),SYNTHETIC,REAL_PUBLIC
2026-06-22,DEMO_MINE,SYN_MINE_01,1615.9,1509.7,0.8916,2.168,0.0,1.553,0.388,13.55,0.0,0.8814,4.9,0.325,36.9,ERA5 via Open-Meteo (REAL_PUBLIC; IMD not yet published),SYNTHETIC,REAL_PUBLIC
2026-06-23,DEMO_MINE,SYN_MINE_01,1615.9,877.9,0.6877,1.833,3.5,1.986,0.27,12.69,1.862,0.6922,4.8,0.393,35.4,ERA5 via Open-Meteo (REAL_PUBLIC; IMD not yet published),SYNTHETIC,REAL_PUBLIC
2026-06-24,DEMO_MINE,SYN_MINE_01,1615.9,1409.1,1.0,0.0,0.0,0.332,0.215,11.78,0.862,0.7982,4.3,0.384,33.5,ERA5 via Open-Meteo (REAL_PUBLIC; IMD not yet published),SYNTHETIC,REAL_PUBLIC
2026-06-25,DEMO_MINE,SYN_MINE_01,1615.9,1403.1,0.8182,3.637,0.0,0.127,0.036,14.09,0.0,0.8966,2.4,0.374,34.1,ERA5 via Open-Meteo (REAL_PUBLIC; IMD not yet published),SYNTHETIC,REAL_PUBLIC
2026-06-26,DEMO_MINE,SYN_MINE_01,1615.9,1317.2,0.8872,2.255,0.0,0.0,0.674,12.98,0.0,0.8311,4.3,0.366,34.9,ERA5 via Open-Meteo (REAL_PUBLIC; IMD not yet published),SYNTHETIC,REAL_PUBLIC
2026-06-27,DEMO_MINE,SYN_MINE_01,1615.9,1623.1,0.9829,0.343,0.0,0.692,0.0,14.04,0.0,0.8518,1.8,0.368,35.6,ERA5 via Open-Meteo (REAL_PUBLIC; IMD not yet published),SYNTHETIC,REAL_PUBLIC
2026-06-28,DEMO_MINE,SYN_MINE_01,1373.5,1094.4,0.825,0.0,3.5,0.657,0.171,14.69,0.0,0.7145,0.4,0.403,34.6,ERA5 via Open-Meteo (REAL_PUBLIC; IMD not yet published),SYNTHETIC,REAL_PUBLIC
2026-06-29,DEMO_MINE,SYN_MINE_01,1615.9,1527.6,1.0,0.0,0.0,0.685,0.397,12.74,0.578,0.8539,5.9,0.411,34.0,ERA5 via Open-Meteo (REAL_PUBLIC; IMD not yet published),SYNTHETIC,REAL_PUBLIC
2026-06-30,DEMO_MINE,SYN_MINE_01,1615.9,1510.0,1.0,0.0,0.0,1.45,0.337,13.38,1.296,0.8861,17.8,0.441,28.8,ERA5 via Open-Meteo (REAL_PUBLIC; IMD not yet published),SYNTHETIC,REAL_PUBLIC
2026-07-01,DEMO_MINE,SYN_MINE_01,1454.3,1131.7,1.0,0.0,0.0,1.667,0.557,13.26,3.463,0.8057,36.2,0.5,29.0,ERA5 via Open-Meteo (REAL_PUBLIC; IMD not yet published),SYNTHETIC,REAL_PUBLIC
2026-07-02,DEMO_MINE,SYN_MINE_01,1454.3,1339.7,1.0,0.0,0.0,2.186,0.226,14.38,2.626,0.8471,31.5,0.512,27.7,ERA5 via Open-Meteo (REAL_PUBLIC; IMD not yet published),SYNTHETIC,REAL_PUBLIC
2026-07-03,DEMO_MINE,SYN_MINE_01,1454.3,1238.1,0.8884,2.233,0.0,4.167,0.349,13.41,2.994,0.9049,44.2,0.51,27.8,ERA5 via Open-Meteo (REAL_PUBLIC; IMD not yet published),SYNTHETIC,REAL_PUBLIC
2026-07-04,DEMO_MINE,SYN_MINE_01,1454.3,942.8,0.6138,7.724,0.0,3.333,0.037,12.64,0.588,0.8717,8.7,0.506,31.4,ERA5 via Open-Meteo (REAL_PUBLIC; IMD not yet published),SYNTHETIC,REAL_PUBLIC
2026-07-05,DEMO_MINE,SYN_MINE_01,1236.2,897.2,1.0,0.0,0.0,4.083,0.118,10.97,4.669,0.716,17.5,0.508,31.5,ERA5 via Open-Meteo (REAL_PUBLIC; IMD not yet published),SYNTHETIC,REAL_PUBLIC
2026-07-06,DEMO_MINE,SYN_MINE_01,1454.3,1030.4,0.6873,6.255,0.0,0.0,0.0,11.43,1.603,0.8987,6.6,0.504,30.5,ERA5 via Open-Meteo (REAL_PUBLIC; IMD not yet published),SYNTHETIC,REAL_PUBLIC
2026-07-07,DEMO_MINE,SYN_MINE_01,1454.3,407.6,0.2692,14.616,0.0,0.998,0.0,11.59,0.078,0.7851,5.7,0.501,30.4,ERA5 via Open-Meteo (REAL_PUBLIC; IMD not yet published),SYNTHETIC,REAL_PUBLIC
2026-07-08,DEMO_MINE,SYN_MINE_01,1454.3,11.8,0.0071,19.859,0.0,1.601,0.0,10.94,0.0,0.8669,8.3,0.504,30.9,ERA5 via Open-Meteo (REAL_PUBLIC; IMD not yet published),SYNTHETIC,REAL_PUBLIC
2026-07-09,DEMO_MINE,SYN_MINE_01,1454.3,1281.9,0.9138,1.724,0.0,0.499,0.317,12.78,1.693,0.8498,7.3,0.497,32.8,ERA5 via Open-Meteo (REAL_PUBLIC; IMD not yet published),SYNTHETIC,REAL_PUBLIC
2026-07-10,DEMO_MINE,SYN_MINE_01,1454.3,1447.6,1.0,0.0,0.0,0.798,0.054,12.48,2.854,0.9137,2.2,0.483,33.5,ERA5 via Open-Meteo (REAL_PUBLIC; IMD not yet published),SYNTHETIC,REAL_PUBLIC
2026-07-11,DEMO_MINE,SYN_MINE_01,1454.3,1222.6,0.825,0.0,3.5,0.0,0.317,12.51,1.423,0.8794,0.6,0.47,33.1,ERA5 via Open-Meteo (REAL_PUBLIC; IMD not yet published),SYNTHETIC,REAL_PUBLIC
2026-07-12,DEMO_MINE,SYN_MINE_01,1236.2,1071.9,0.7862,4.276,0.0,1.033,0.332,13.37,0.138,0.7439,0.0,0.456,33.6,ERA5 via Open-Meteo (REAL_PUBLIC; IMD not yet published),SYNTHETIC,REAL_PUBLIC
2026-07-13,DEMO_MINE,SYN_MINE_01,1454.3,1020.7,0.699,6.019,0.0,0.665,0.527,11.78,0.242,0.8354,0.7,0.437,33.4,ERA5 via Open-Meteo (REAL_PUBLIC; IMD not yet published),SYNTHETIC,REAL_PUBLIC
2026-07-14,DEMO_MINE,SYN_MINE_01,1454.3,1563.8,1.0,0.0,0.0,0.783,0.702,13.59,0.0,0.8647,0.2,0.418,34.6,ERA5 via Open-Meteo (REAL_PUBLIC; IMD not yet published),SYNTHETIC,REAL_PUBLIC
2026-07-15,DEMO_MINE,SYN_MINE_01,1454.3,1592.3,1.0,0.0,0.0,3.001,0.0,13.44,0.0,0.8429,0.7,0.397,33.2,ERA5 via Open-Meteo (REAL_PUBLIC; IMD not yet published),SYNTHETIC,REAL_PUBLIC
2026-07-16,DEMO_MINE,SYN_MINE_01,1454.3,1454.7,1.0,0.0,0.0,1.751,0.339,13.07,0.949,0.831,15.2,0.421,33.4,ERA5 via Open-Meteo (REAL_PUBLIC; IMD not yet published),SYNTHETIC,REAL_PUBLIC
2026-07-17,DEMO_MINE,SYN_MINE_01,1454.3,980.5,0.825,0.0,3.5,1.667,0.051,11.86,2.793,0.7979,30.4,0.501,26.8,ERA5 via Open-Meteo (REAL_PUBLIC; IMD not yet published),SYNTHETIC,REAL_PUBLIC
2026-07-18,DEMO_MINE,SYN_MINE_01,1454.3,772.5,1.0,0.0,0.0,3.61,5.239,12.71,4.289,0.8894,28.5,0.507,30.1,ERA5 via Open-Meteo (REAL_PUBLIC; IMD not yet published),SYNTHETIC,REAL_PUBLIC
2026-07-19,DEMO_MINE,SYN_MINE_01,1236.2,1122.7,1.0,0.0,0.0,3.876,0.111,12.98,2.405,0.6963,10.5,0.5,31.7,ERA5 via Open-Meteo (REAL_PUBLIC; IMD not yet published),SYNTHETIC,REAL_PUBLIC
2026-07-20,DEMO_MINE,SYN_MINE_01,1454.3,1195.9,1.0,0.0,0.0,2.152,0.434,12.54,3.982,0.859,21.1,0.503,30.3,ERA5 via Open-Meteo (REAL_PUBLIC; IMD not yet published),SYNTHETIC,REAL_PUBLIC
2026-07-21,DEMO_MINE,SYN_MINE_01,1454.3,1299.8,1.0,0.0,0.0,2.829,0.0,12.46,5.366,0.9175,41.3,0.514,26.3,ERA5 via Open-Meteo (REAL_PUBLIC; IMD not yet published),SYNTHETIC,REAL_PUBLIC
2026-07-22,DEMO_MINE,SYN_MINE_01,1454.3,1045.4,0.689,6.221,0.0,0.0,0.152,12.29,0.809,0.881,15.2,0.508,26.2,ERA5 via Open-Meteo (REAL_PUBLIC; IMD not yet published),SYNTHETIC,REAL_PUBLIC
2026-07-23,DEMO_MINE,SYN_MINE_01,1454.3,1111.2,1.0,0.0,0.0,1.623,0.044,11.54,5.032,0.7743,2.8,0.502,28.0,ERA5 via Open-Meteo (REAL_PUBLIC; IMD not yet published),SYNTHETIC,REAL_PUBLIC
2026-07-24,DEMO_MINE,SYN_MINE_01,1454.3,147.5,1.0,0.0,0.0,1.384,12.874,12.43,3.006,0.8729,2.3,0.491,30.7,ERA5 via Open-Meteo (REAL_PUBLIC; IMD not yet published),SYNTHETIC,REAL_PUBLIC
2026-07-25,DEMO_MINE,SYN_MINE_01,1454.3,1464.8,1.0,0.0,0.0,0.622,0.201,12.86,1.935,0.8798,1.0,0.473,32.4,ERA5 via Open-Meteo (REAL_PUBLIC; IMD not yet published),SYNTHETIC,REAL_PUBLIC
2026-07-26,DEMO_MINE,SYN_MINE_01,1236.2,1065.1,0.7995,4.009,0.0,1.351,0.058,13.75,0.403,0.7294,6.4,0.477,32.3,ERA5 via Open-Meteo (REAL_PUBLIC; IMD not yet published),SYNTHETIC,REAL_PUBLIC
2026-07-27,DEMO_MINE,SYN_MINE_01,1454.3,972.6,0.6916,6.167,0.0,1.802,0.386,13.21,1.35,0.8775,42.1,0.505,31.9,ERA5 via Open-Meteo (REAL_PUBLIC; IMD not yet published),SYNTHETIC,REAL_PUBLIC
2026-07-28,DEMO_MINE,SYN_MINE_01,1454.3,1274.9,1.0,0.0,0.0,1.364,0.0,12.78,3.324,0.8402,13.7,0.505,30.5,ERA5 via Open-Meteo (REAL_PUBLIC; IMD not yet published),SYNTHETIC,REAL_PUBLIC
2026-07-29,DEMO_MINE,SYN_MINE_01,1454.3,1041.2,0.7997,0.595,3.41,1.667,0.311,13.16,1.929,0.8363,51.3,0.508,31.3,ERA5 via Open-Meteo (REAL_PUBLIC; IMD not yet published),SYNTHETIC,REAL_PUBLIC
2026-07-30,DEMO_MINE,SYN_MINE_01,1454.3,1180.9,0.8519,2.962,0.0,0.0,0.084,12.37,2.452,0.8602,7.3,0.502,30.7,ERA5 via Open-Meteo (REAL_PUBLIC; IMD not yet published),SYNTHETIC,REAL_PUBLIC
2026-07-31,DEMO_MINE,SYN_MINE_01,1454.3,1094.1,1.0,0.0,0.0,0.89,0.214,11.17,4.709,0.8313,5.2,0.504,29.0,ERA5 via Open-Meteo (REAL_PUBLIC; IMD not yet published),SYNTHETIC,REAL_PUBLIC
2026-08-01,DEMO_MINE,SYN_MINE_01,1454.3,1264.1,1.0,0.0,0.0,0.0,0.048,11.62,4.003,0.8545,2.0,0.494,30.3,ERA5 via Open-Meteo (REAL_PUBLIC; IMD not yet published),SYNTHETIC,REAL_PUBLIC
2026-08-02,DEMO_MINE,SYN_MINE_01,1236.2,1252.7,1.0,0.0,0.0,0.0,0.297,13.03,1.538,0.7447,0.1,0.477,31.9,ERA5 via Open-Meteo (REAL_PUBLIC; IMD not yet published),SYNTHETIC,REAL_PUBLIC
2026-08-03,DEMO_MINE,SYN_MINE_01,1454.3,970.2,0.5653,5.194,3.5,1.404,0.142,13.61,0.049,0.8808,0.9,0.462,32.3,ERA5 via Open-Meteo (REAL_PUBLIC; IMD not yet published),SYNTHETIC,REAL_PUBLIC
2026-08-04,DEMO_MINE,SYN_MINE_01,1454.3,1442.6,1.0,0.0,0.0,0.738,0.239,13.0,1.48,0.8484,4.3,0.461,31.3,ERA5 via Open-Meteo (REAL_PUBLIC; IMD not yet published),SYNTHETIC,REAL_PUBLIC
2026-08-05,DEMO_MINE,SYN_MINE_01,1454.3,1465.8,1.0,0.0,0.0,0.779,0.142,12.26,2.672,0.8981,2.5,0.47,32.1,ERA5 via Open-Meteo (REAL_PUBLIC; IMD not yet published),SYNTHETIC,REAL_PUBLIC
2026-08-06,DEMO_MINE,SYN_MINE_01,1454.3,1042.2,0.6119,7.762,0.0,3.316,0.079,12.95,0.0,0.8761,1.4,0.445,31.8,ERA5 via Open-Meteo (REAL_PUBLIC; IMD not yet published),SYNTHETIC,REAL_PUBLIC
2026-08-07,DEMO_MINE,SYN_MINE_01,1454.3,887.1,0.5873,8.255,0.0,2.152,0.155,12.38,0.142,0.8056,39.5,0.468,29.0,ERA5 via Open-Meteo (REAL_PUBLIC; IMD not yet published),SYNTHETIC,REAL_PUBLIC
2026-08-08,DEMO_MINE,SYN_MINE_01,1454.3,1271.3,1.0,0.0,0.0,2.943,0.0,12.72,4.065,0.8544,25.6,0.508,30.5,ERA5 via Open-Meteo (REAL_PUBLIC; IMD not yet published),SYNTHETIC,REAL_PUBLIC
2026-08-09,DEMO_MINE,SYN_MINE_01,1236.2,982.5,1.0,0.0,0.0,4.101,0.133,12.74,3.79,0.7196,41.0,0.507,28.8,ERA5 via Open-Meteo (REAL_PUBLIC; IMD not yet published),SYNTHETIC,REAL_PUBLIC
2026-08-10,DEMO_MINE,SYN_MINE_01,1454.3,1102.9,1.0,0.0,0.0,1.367,0.383,10.48,5.608,0.8854,2.5,0.497,30.8,ERA5 via Open-Meteo (REAL_PUBLIC; IMD not yet published),SYNTHETIC,REAL_PUBLIC
2026-08-11,DEMO_MINE,SYN_MINE_01,1454.3,1137.6,1.0,0.0,0.0,0.0,0.191,10.58,4.96,0.8479,2.6,0.489,30.2,ERA5 via Open-Meteo (REAL_PUBLIC; IMD not yet published),SYNTHETIC,REAL_PUBLIC
2026-08-12,DEMO_MINE,SYN_MINE_01,1454.3,1007.6,0.856,1.953,0.0,0.0,0.428,10.92,3.299,0.8448,3.7,0.491,30.3,ERA5 via Open-Meteo (REAL_PUBLIC; IMD not yet published),SYNTHETIC,REAL_PUBLIC
2026-08-13,DEMO_MINE,SYN_MINE_01,1454.3,1254.5,1.0,0.0,0.0,0.74,0.778,11.74,3.646,0.8924,1.3,0.483,31.0,ERA5 via Open-Meteo (REAL_PUBLIC; IMD not yet published),SYNTHETIC,REAL_PUBLIC
2026-08-14,DEMO_MINE,SYN_MINE_01,1454.3,1226.1,0.7754,4.493,0.0,1.463,0.272,13.45,0.315,0.8789,3.0,0.48,29.9,ERA5 via Open-Meteo (REAL_PUBLIC; IMD not yet published),SYNTHETIC,REAL_PUBLIC
2026-08-15,DEMO_MINE,SYN_MINE_01,1454.3,1149.4,0.9785,0.431,0.0,2.115,0.13,11.58,4.415,0.8504,22.7,0.496,29.7,ERA5 via Open-Meteo (REAL_PUBLIC; IMD not yet published),SYNTHETIC,REAL_PUBLIC
2026-08-16,DEMO_MINE,SYN_MINE_01,1236.2,781.0,0.5341,5.817,3.5,0.458,0.126,12.94,0.0,0.7789,7.1,0.508,29.6,ERA5 via Open-Meteo (REAL_PUBLIC; IMD not yet published),SYNTHETIC,REAL_PUBLIC
2026-08-17,DEMO_MINE,SYN_MINE_01,1454.3,1004.0,0.6603,6.794,0.0,0.0,0.002,12.78,0.918,0.858,8.0,0.502,29.9,ERA5 via Open-Meteo (REAL_PUBLIC; IMD not yet published),SYNTHETIC,REAL_PUBLIC
2026-08-18,DEMO_MINE,SYN_MINE_01,1454.3,1180.5,1.0,0.0,0.0,0.915,0.476,12.58,3.323,0.8217,8.4,0.508,27.4,ERA5 via Open-Meteo (REAL_PUBLIC; IMD not yet published),SYNTHETIC,REAL_PUBLIC
2026-08-19,DEMO_MINE,SYN_MINE_01,1454.3,1089.6,0.825,0.0,3.5,1.667,0.29,12.62,2.515,0.862,20.7,0.511,27.1,ERA5 via Open-Meteo (REAL_PUBLIC; IMD not yet published),SYNTHETIC,REAL_PUBLIC
2026-08-20,DEMO_MINE,SYN_MINE_01,1454.3,884.0,0.5934,8.132,0.0,1.417,0.067,11.61,0.884,0.8549,0.6,0.496,30.8,ERA5 via Open-Meteo (REAL_PUBLIC; IMD not yet published),SYNTHETIC,REAL_PUBLIC
2026-08-21,DEMO_MINE,SYN_MINE_01,1454.3,1304.2,0.9086,1.827,0.0,1.053,0.231,13.21,1.561,0.8668,10.9,0.501,29.8,ERA5 via Open-Meteo (REAL_PUBLIC; IMD not yet published),SYNTHETIC,REAL_PUBLIC
2026-08-22,DEMO_MINE,SYN_MINE_01,1454.3,1166.0,1.0,0.0,0.0,1.667,0.0,11.88,5.214,0.867,32.3,0.511,27.9,ERA5 via Open-Meteo (REAL_PUBLIC; IMD not yet published),SYNTHETIC,REAL_PUBLIC
2026-08-23,DEMO_MINE,SYN_MINE_01,1236.2,991.5,1.0,0.0,0.0,1.907,0.1,11.12,4.172,0.7329,6.0,0.503,30.8,ERA5 via Open-Meteo (REAL_PUBLIC; IMD not yet published),SYNTHETIC,REAL_PUBLIC
2026-08-24,DEMO_MINE,SYN_MINE_01,1454.3,1254.3,1.0,0.0,0.0,0.0,0.116,12.51,3.893,0.8708,15.5,0.505,28.3,ERA5 via Open-Meteo (REAL_PUBLIC; IMD not yet published),SYNTHETIC,REAL_PUBLIC
2026-08-25,DEMO_MINE,SYN_MINE_01,1454.3,923.1,0.627,7.46,0.0,0.755,0.052,11.84,1.265,0.8704,18.5,0.504,29.7,ERA5 via Open-Meteo (REAL_PUBLIC; IMD not yet published),SYNTHETIC,REAL_PUBLIC
2026-08-26,DEMO_MINE,SYN_MINE_01,1454.3,1317.8,0.9985,0.03,0.0,0.939,0.274,12.44,3.349,0.878,5.6,0.5,31.2,ERA5 via Open-Meteo (REAL_PUBLIC; IMD not yet published),SYNTHETIC,REAL_PUBLIC
2026-08-27,DEMO_MINE,SYN_MINE_01,1454.3,1289.5,1.0,0.0,0.0,1.706,0.002,13.21,2.856,0.8201,12.7,0.507,30.5,ERA5 via Open-Meteo (REAL_PUBLIC; IMD not yet published),SYNTHETIC,REAL_PUBLIC
2026-08-28,DEMO_MINE,SYN_MINE_01,1454.3,1505.7,1.0,0.0,0.0,0.0,0.0,13.72,1.643,0.8691,2.8,0.495,30.6,ERA5 via Open-Meteo (REAL_PUBLIC; IMD not yet published),SYNTHETIC,REAL_PUBLIC
2026-08-29,DEMO_MINE,SYN_MINE_01,1454.3,1112.2,0.732,5.36,0.0,1.675,0.108,12.34,1.917,0.9099,45.9,0.51,26.9,ERA5 via Open-Meteo (REAL_PUBLIC; IMD not yet published),SYNTHETIC,REAL_PUBLIC
2026-08-30,DEMO_MINE,SYN_MINE_01,1236.2,990.2,1.0,0.0,0.0,4.184,0.465,11.9,2.889,0.6978,1.3,0.493,29.7,ERA5 via Open-Meteo (REAL_PUBLIC; IMD not yet published),SYNTHETIC,REAL_PUBLIC
2026-08-31,DEMO_MINE,SYN_MINE_01,1454.3,1067.2,0.6339,7.322,0.0,0.69,0.244,13.46,0.016,0.9057,7.4,0.491,28.2,ERA5 via Open-Meteo (REAL_PUBLIC; IMD not yet published),SYNTHETIC,REAL_PUBLIC
2026-09-01,DEMO_MINE,SYN_MINE_01,1454.3,898.3,0.5507,8.987,0.0,2.231,0.015,12.5,0.0,0.8634,0.6,0.48,29.8,ERA5 via Open-Meteo (REAL_PUBLIC; IMD not yet published),SYNTHETIC,REAL_PUBLIC
2026-09-02,DEMO_MINE,SYN_MINE_01,1454.3,1378.4,1.0,0.0,0.0,1.715,0.055,12.76,3.264,0.9001,8.2,0.501,27.1,ERA5 via Open-Meteo (REAL_PUBLIC; IMD not yet published),SYNTHETIC,REAL_PUBLIC
2026-09-03,DEMO_MINE,SYN_MINE_01,1454.3,969.8,0.8433,2.519,0.0,2.749,0.073,12.81,3.941,0.7488,23.3,0.509,27.0,ERA5 via Open-Meteo (REAL_PUBLIC; IMD not yet published),SYNTHETIC,REAL_PUBLIC
2026-09-04,DEMO_MINE,SYN_MINE_01,1454.3,1343.8,0.9062,1.875,0.0,0.784,0.145,13.98,0.823,0.828,0.9,0.494,28.6,ERA5 via Open-Meteo (REAL_PUBLIC; IMD not yet published),SYNTHETIC,REAL_PUBLIC
2026-09-05,DEMO_MINE,SYN_MINE_01,1454.3,531.1,0.3319,9.863,3.5,0.0,0.143,13.27,0.0,0.8786,5.4,0.5,28.2,ERA5 via Open-Meteo (REAL_PUBLIC; IMD not yet published),SYNTHETIC,REAL_PUBLIC
2026-09-06,DEMO_MINE,SYN_MINE_01,1236.2,1116.8,0.8405,0.0,3.189,1.051,0.07,13.46,0.915,0.7641,0.6,0.484,30.7,ERA5 via Open-Meteo (REAL_PUBLIC; IMD not yet published),SYNTHETIC,REAL_PUBLIC
2026-09-07,DEMO_MINE,SYN_MINE_01,1454.3,1035.7,0.6708,6.111,0.0,3.708,0.103,11.79,0.714,0.8652,2.3,0.464,30.8,ERA5 via Open-Meteo (REAL_PUBLIC; IMD not yet published),SYNTHETIC,REAL_PUBLIC
2026-09-08,DEMO_MINE,SYN_MINE_01,1454.3,1515.3,0.9858,0.284,0.0,0.964,0.332,12.98,0.866,0.8774,1.9,0.449,31.5,ERA5 via Open-Meteo (REAL_PUBLIC; IMD not yet published),SYNTHETIC,REAL_PUBLIC
2026-09-09,DEMO_MINE,SYN_MINE_01,1454.3,1105.4,1.0,0.0,0.0,3.025,0.049,13.22,3.038,0.6063,0.1,0.448,32.4,ERA5 via Open-Meteo (REAL_PUBLIC; IMD not yet published),SYNTHETIC,REAL_PUBLIC
2026-09-10,DEMO_MINE,SYN_MINE_01,1454.3,969.2,0.5879,8.242,0.0,0.0,0.0,11.58,0.0,0.8552,0.0,0.423,32.0,ERA5 via Open-Meteo (REAL_PUBLIC; IMD not yet published),SYNTHETIC,REAL_PUBLIC
2026-09-11,DEMO_MINE,SYN_MINE_01,1454.3,1419.8,0.9684,0.632,0.0,0.0,0.0,11.64,2.554,0.8811,13.3,0.443,29.4,ERA5 via Open-Meteo (REAL_PUBLIC; IMD not yet published),SYNTHETIC,REAL_PUBLIC
2026-09-12,DEMO_MINE,SYN_MINE_01,1454.3,1126.9,1.0,0.0,0.0,1.618,0.0,10.93,5.221,0.8437,16.8,0.498,29.3,ERA5 via Open-Meteo (REAL_PUBLIC; IMD not yet published),SYNTHETIC,REAL_PUBLIC
2026-09-13,DEMO_MINE,SYN_MINE_01,1236.2,804.7,1.0,0.0,0.0,2.161,0.061,10.12,5.416,0.7042,23.5,0.505,26.7,ERA5 via Open-Meteo (REAL_PUBLIC; IMD not yet published),SYNTHETIC,REAL_PUBLIC
2026-09-14,DEMO_MINE,SYN_MINE_01,1454.3,1094.0,1.0,0.0,0.0,0.89,0.072,10.07,5.644,0.8455,3.7,0.489,28.6,ERA5 via Open-Meteo (REAL_PUBLIC; IMD not yet published),SYNTHETIC,REAL_PUBLIC
2026-09-15,DEMO_MINE,SYN_MINE_01,1454.3,1081.6,0.875,2.5,0.0,0.0,0.137,11.39,3.369,0.8609,4.7,0.493,30.2,ERA5 via Open-Meteo (REAL_PUBLIC; IMD not yet published),SYNTHETIC,REAL_PUBLIC
2026-09-16,DEMO_MINE,SYN_MINE_01,1454.3,992.7,0.6958,6.084,0.0,1.232,0.146,11.89,1.992,0.7801,0.6,0.479,31.4,ERA5 via Open-Meteo (REAL_PUBLIC; IMD not yet published),SYNTHETIC,REAL_PUBLIC
2026-09-17,DEMO_MINE,SYN_MINE_01,1454.3,1419.1,1.0,0.0,0.0,1.512,0.094,11.99,2.927,0.871,3.5,0.469,31.6,ERA5 via Open-Meteo (REAL_PUBLIC; IMD not yet published),SYNTHETIC,REAL_PUBLIC
2026-09-18,DEMO_MINE,SYN_MINE_01,1454.3,1235.8,1.0,0.0,0.0,0.622,0.189,11.0,3.686,0.8469,8.1,0.449,31.9,ERA5 via Open-Meteo (REAL_PUBLIC; IMD not yet published),SYNTHETIC,REAL_PUBLIC
2026-09-19,DEMO_MINE,SYN_MINE_01,1454.3,1583.6,1.0,0.0,0.0,1.946,0.257,12.0,1.002,0.8826,1.1,0.415,31.6,ERA5 via Open-Meteo (REAL_PUBLIC; IMD not yet published),SYNTHETIC,REAL_PUBLIC
2026-09-20,DEMO_MINE,SYN_MINE_01,1236.2,1121.6,0.8421,3.083,0.0,2.263,0.372,12.36,0.536,0.7669,5.9,0.408,31.5,ERA5 via Open-Meteo (REAL_PUBLIC; IMD not yet published),SYNTHETIC,REAL_PUBLIC
2026-09-21,DEMO_MINE,SYN_MINE_01,1454.3,1276.6,0.9269,1.461,0.0,0.59,0.0,10.5,3.043,0.8744,1.7,0.431,31.0,ERA5 via Open-Meteo (REAL_PUBLIC; IMD not yet published),SYNTHETIC,REAL_PUBLIC
2026-09-22,DEMO_MINE,SYN_MINE_01,1454.3,773.8,0.5,10.0,0.0,0.0,0.068,11.03,0.0,0.8255,4.7,0.397,31.0,ERA5 via Open-Meteo (REAL_PUBLIC; IMD not yet published),SYNTHETIC,REAL_PUBLIC
2026-09-23,DEMO_MINE,SYN_MINE_01,1454.3,509.7,0.325,10.0,3.5,0.298,0.169,12.51,0.0,0.8662,10.5,0.393,31.5,ERA5 via Open-Meteo (REAL_PUBLIC; IMD not yet published),SYNTHETIC,REAL_PUBLIC
2026-09-24,DEMO_MINE,SYN_MINE_01,1454.3,773.4,0.5,10.0,0.0,0.781,0.125,11.53,0.0,0.8413,3.9,0.381,30.0,ERA5 via Open-Meteo (REAL_PUBLIC; IMD not yet published),SYNTHETIC,REAL_PUBLIC
