date,rainfall_mm,temperature_max_c,rainfall_source,tmax_source,soil_moisture_m3m3,soil_moisture_source
2021-01-01,0.0,27.24,IMD gridded 0.25deg (REAL_GOVERNMENT),IMD gridded 1deg (REAL_GOVERNMENT),0.279,ERA5-Land via Open-Meteo (REAL_PUBLIC; no IMD soil-moisture grid)
2021-01-02,0.0,28.64,IMD gridded 0.25deg (REAL_GOVERNMENT),IMD gridded 1deg (REAL_GOVERNMENT),0.274,ERA5-Land via Open-Meteo (REAL_PUBLIC; no IMD soil-moisture grid)
2021-01-03,0.0,28.99,IMD gridded 0.25deg (REAL_GOVERNMENT),IMD gridded 1deg (REAL_GOVERNMENT),0.266,ERA5-Land via Open-Meteo (REAL_PUBLIC; no IMD soil-moisture grid)
2021-01-04,0.0,27.79,IMD gridded 0.25deg (REAL_GOVERNMENT),IMD gridded 1deg (REAL_GOVERNMENT),0.262,ERA5-Land via Open-Meteo (REAL_PUBLIC; no IMD soil-moisture grid)
2021-01-05,0.0,26.64,IMD gridded 0.25deg (REAL_GOVERNMENT),IMD gridded 1deg (REAL_GOVERNMENT),0.262,ERA5-Land via Open-Meteo (REAL_PUBLIC; no IMD soil-moisture grid)
2021-01-06,0.0,29.39,IMD gridded 0.25deg (REAL_GOVERNMENT),IMD gridded 1deg (REAL_GOVERNMENT),0.261,ERA5-Land via Open-Meteo (REAL_PUBLIC; no IMD soil-moisture grid)
2021-01-07,0.0,29.48,IMD gridded 0.25deg (REAL_GOVERNMENT),IMD gridded 1deg (REAL_GOVERNMENT),0.26,ERA5-Land via Open-Meteo (REAL_PUBLIC; no IMD soil-moisture grid)
2021-01-08,0.0,27.76,IMD gridded 0.25deg (REAL_GOVERNMENT),IMD gridded 1deg (REAL_GOVERNMENT),0.261,ERA5-Land via Open-Meteo (REAL_PUBLIC; no IMD soil-moisture grid)
2021-01-09,0.0,29.64,IMD gridded 0.25deg (REAL_GOVERNMENT),IMD gridded 1deg (REAL_GOVERNMENT),0.259,ERA5-Land via Open-Meteo (REAL_PUBLIC; no IMD soil-moisture grid)
2021-01-10,0.0,29.21,IMD gridded 0.25deg (REAL_GOVERNMENT),IMD gridded 1deg (REAL_GOVERNMENT),0.262,ERA5-Land via Open-Meteo (REAL_PUBLIC; no IMD soil-moisture grid)
2021-01-11,0.0,30.05,IMD gridded 0.25deg (REAL_GOVERNMENT),IMD gridded 1deg (REAL_GOVERNMENT),0.262,ERA5-Land via Open-Meteo (REAL_PUBLIC; no IMD soil-moisture grid)
2021-01-12,0.0,27.99,IMD gridded 0.25deg (REAL_GOVERNMENT),IMD gridded 1deg (REAL_GOVERNMENT),0.26,ERA5-Land via Open-Meteo (REAL_PUBLIC; no IMD soil-moisture grid)
2021-01-13,0.0,26.75,IMD gridded 0.25deg (REAL_GOVERNMENT),IMD gridded 1deg (REAL_GOVERNMENT),0.263,ERA5-Land via Open-Meteo (REAL_PUBLIC; no IMD soil-moisture grid)
2021-01-14,0.0,27.52,IMD gridded 0.25deg (REAL_GOVERNMENT),IMD gridded 1deg (REAL_GOVERNMENT),0.258,ERA5-Land via Open-Meteo (REAL_PUBLIC; no IMD soil-moisture grid)
2021-01-15,0.0,27.99,IMD gridded 0.25deg (REAL_GOVERNMENT),IMD gridded 1deg (REAL_GOVERNMENT),0.257,ERA5-Land via Open-Meteo (REAL_PUBLIC; no IMD soil-moisture grid)
2021-01-16,0.0,28.56,IMD gridded 0.25deg (REAL_GOVERNMENT),IMD gridded 1deg (REAL_GOVERNMENT),0.258,ERA5-Land via Open-Meteo (REAL_PUBLIC; no IMD soil-moisture grid)
2021-01-17,0.0,29.35,IMD gridded 0.25deg (REAL_GOVERNMENT),IMD gridded 1deg (REAL_GOVERNMENT),0.259,ERA5-Land via Open-Meteo (REAL_PUBLIC; no IMD soil-moisture grid)
2021-01-18,0.0,29.76,IMD gridded 0.25deg (REAL_GOVERNMENT),IMD gridded 1deg (REAL_GOVERNMENT),0.254,ERA5-Land via Open-Meteo (REAL_PUBLIC; no IMD soil-moisture grid)
2021-01-19,0.0,30.51,IMD gridded 0.25deg (REAL_GOVERNMENT),IMD gridded 1deg (REAL_GOVERNMENT),0.253,ERA5-Land via Open-Meteo (REAL_PUBLIC; no IMD soil-moisture grid)
2021-01-20,0.0,28.8,IMD gridded 0.25deg (REAL_GOVERNMENT),IMD gridded 1deg (REAL_GOVERNMENT),0.252,ERA5-Land via Open-Meteo (REAL_PUBLIC; no IMD soil-moisture grid)
2021-01-21,0.0,29.14,IMD gridded 0.25deg (REAL_GOVERNMENT),IMD gridded 1deg (REAL_GOVERNMENT),0.252,ERA5-Land via Open-Meteo (REAL_PUBLIC; no IMD soil-moisture grid)
2021-01-22,0.0,30.17,IMD gridded 0.25deg (REAL_GOVERNMENT),IMD gridded 1deg (REAL_GOVERNMENT),0.252,ERA5-Land via Open-Meteo (REAL_PUBLIC; no IMD soil-moisture grid)
2021-01-23,0.0,30.95,IMD gridded 0.25deg (REAL_GOVERNMENT),IMD gridded 1deg (REAL_GOVERNMENT),0.253,ERA5-Land via Open-Meteo (REAL_PUBLIC; no IMD soil-moisture grid)
2021-01-24,0.0,30.73,IMD gridded 0.25deg (REAL_GOVERNMENT),IMD gridded 1deg (REAL_GOVERNMENT),0.253,ERA5-Land via Open-Meteo (REAL_PUBLIC; no IMD soil-moisture grid)
2021-01-25,0.0,28.72,IMD gridded 0.25deg (REAL_GOVERNMENT),IMD gridded 1deg (REAL_GOVERNMENT),0.253,ERA5-Land via Open-Meteo (REAL_PUBLIC; no IMD soil-moisture grid)
2021-01-26,0.0,26.53,IMD gridded 0.25deg (REAL_GOVERNMENT),IMD gridded 1deg (REAL_GOVERNMENT),0.253,ERA5-Land via Open-Meteo (REAL_PUBLIC; no IMD soil-moisture grid)
2021-01-27,0.0,26.72,IMD gridded 0.25deg (REAL_GOVERNMENT),IMD gridded 1deg (REAL_GOVERNMENT),0.253,ERA5-Land via Open-Meteo (REAL_PUBLIC; no IMD soil-moisture grid)
2021-01-28,0.0,27.35,IMD gridded 0.25deg (REAL_GOVERNMENT),IMD gridded 1deg (REAL_GOVERNMENT),0.254,ERA5-Land via Open-Meteo (REAL_PUBLIC; no IMD soil-moisture grid)
2021-01-29,4.22,25.24,IMD gridded 0.25deg (REAL_GOVERNMENT),IMD gridded 1deg (REAL_GOVERNMENT),0.275,ERA5-Land via Open-Meteo (REAL_PUBLIC; no IMD soil-moisture grid)
2021-01-30,0.0,24.93,IMD gridded 0.25deg (REAL_GOVERNMENT),IMD gridded 1deg (REAL_GOVERNMENT),0.282,ERA5-Land via Open-Meteo (REAL_PUBLIC; no IMD soil-moisture grid)
2021-01-31,0.0,26.83,IMD gridded 0.25deg (REAL_GOVERNMENT),IMD gridded 1deg (REAL_GOVERNMENT),0.278,ERA5-Land via Open-Meteo (REAL_PUBLIC; no IMD soil-moisture grid)
2021-02-01,0.0,28.44,IMD gridded 0.25deg (REAL_GOVERNMENT),IMD gridded 1deg (REAL_GOVERNMENT),0.276,ERA5-Land via Open-Meteo (REAL_PUBLIC; no IMD soil-moisture grid)
2021-02-02,0.0,30.09,IMD gridded 0.25deg (REAL_GOVERNMENT),IMD gridded 1deg (REAL_GOVERNMENT),0.271,ERA5-Land via Open-Meteo (REAL_PUBLIC; no IMD soil-moisture grid)
2021-02-03,0.0,30.73,IMD gridded 0.25deg (REAL_GOVERNMENT),IMD gridded 1deg (REAL_GOVERNMENT),0.27,ERA5-Land via Open-Meteo (REAL_PUBLIC; no IMD soil-moisture grid)
2021-02-04,0.0,31.34,IMD gridded 0.25deg (REAL_GOVERNMENT),IMD gridded 1deg (REAL_GOVERNMENT),0.268,ERA5-Land via Open-Meteo (REAL_PUBLIC; no IMD soil-moisture grid)
2021-02-05,0.0,29.74,IMD gridded 0.25deg (REAL_GOVERNMENT),IMD gridded 1deg (REAL_GOVERNMENT),0.266,ERA5-Land via Open-Meteo (REAL_PUBLIC; no IMD soil-moisture grid)
2021-02-06,0.0,27.13,IMD gridded 0.25deg (REAL_GOVERNMENT),IMD gridded 1deg (REAL_GOVERNMENT),0.263,ERA5-Land via Open-Meteo (REAL_PUBLIC; no IMD soil-moisture grid)
2021-02-07,0.0,27.18,IMD gridded 0.25deg (REAL_GOVERNMENT),IMD gridded 1deg (REAL_GOVERNMENT),0.262,ERA5-Land via Open-Meteo (REAL_PUBLIC; no IMD soil-moisture grid)
2021-02-08,0.0,27.99,IMD gridded 0.25deg (REAL_GOVERNMENT),IMD gridded 1deg (REAL_GOVERNMENT),0.261,ERA5-Land via Open-Meteo (REAL_PUBLIC; no IMD soil-moisture grid)
2021-02-09,0.0,29.84,IMD gridded 0.25deg (REAL_GOVERNMENT),IMD gridded 1deg (REAL_GOVERNMENT),0.261,ERA5-Land via Open-Meteo (REAL_PUBLIC; no IMD soil-moisture grid)
2021-02-10,0.0,31.46,IMD gridded 0.25deg (REAL_GOVERNMENT),IMD gridded 1deg (REAL_GOVERNMENT),0.26,ERA5-Land via Open-Meteo (REAL_PUBLIC; no IMD soil-moisture grid)
2021-02-11,0.0,31.15,IMD gridded 0.25deg (REAL_GOVERNMENT),IMD gridded 1deg (REAL_GOVERNMENT),0.26,ERA5-Land via Open-Meteo (REAL_PUBLIC; no IMD soil-moisture grid)
2021-02-12,0.0,31.7,IMD gridded 0.25deg (REAL_GOVERNMENT),IMD gridded 1deg (REAL_GOVERNMENT),0.263,ERA5-Land via Open-Meteo (REAL_PUBLIC; no IMD soil-moisture grid)
2021-02-13,0.0,32.07,IMD gridded 0.25deg (REAL_GOVERNMENT),IMD gridded 1deg (REAL_GOVERNMENT),0.259,ERA5-Land via Open-Meteo (REAL_PUBLIC; no IMD soil-moisture grid)
2021-02-14,0.0,32.04,IMD gridded 0.25deg (REAL_GOVERNMENT),IMD gridded 1deg (REAL_GOVERNMENT),0.258,ERA5-Land via Open-Meteo (REAL_PUBLIC; no IMD soil-moisture grid)
2021-02-15,0.0,31.96,IMD gridded 0.25deg (REAL_GOVERNMENT),IMD gridded 1deg (REAL_GOVERNMENT),0.258,ERA5-Land via Open-Meteo (REAL_PUBLIC; no IMD soil-moisture grid)
2021-02-16,0.0,29.79,IMD gridded 0.25deg (REAL_GOVERNMENT),IMD gridded 1deg (REAL_GOVERNMENT),0.257,ERA5-Land via Open-Meteo (REAL_PUBLIC; no IMD soil-moisture grid)
2021-02-17,8.0,26.89,IMD gridded 0.25deg (REAL_GOVERNMENT),IMD gridded 1deg (REAL_GOVERNMENT),0.314,ERA5-Land via Open-Meteo (REAL_PUBLIC; no IMD soil-moisture grid)
2021-02-18,1.36,27.44,IMD gridded 0.25deg (REAL_GOVERNMENT),IMD gridded 1deg (REAL_GOVERNMENT),0.355,ERA5-Land via Open-Meteo (REAL_PUBLIC; no IMD soil-moisture grid)
2021-02-19,0.35,26.85,IMD gridded 0.25deg (REAL_GOVERNMENT),IMD gridded 1deg (REAL_GOVERNMENT),0.349,ERA5-Land via Open-Meteo (REAL_PUBLIC; no IMD soil-moisture grid)
2021-02-20,0.0,29.47,IMD gridded 0.25deg (REAL_GOVERNMENT),IMD gridded 1deg (REAL_GOVERNMENT),0.344,ERA5-Land via Open-Meteo (REAL_PUBLIC; no IMD soil-moisture grid)
2021-02-21,0.0,30.38,IMD gridded 0.25deg (REAL_GOVERNMENT),IMD gridded 1deg (REAL_GOVERNMENT),0.334,ERA5-Land via Open-Meteo (REAL_PUBLIC; no IMD soil-moisture grid)
2021-02-22,0.0,31.95,IMD gridded 0.25deg (REAL_GOVERNMENT),IMD gridded 1deg (REAL_GOVERNMENT),0.328,ERA5-Land via Open-Meteo (REAL_PUBLIC; no IMD soil-moisture grid)
2021-02-23,0.0,32.86,IMD gridded 0.25deg (REAL_GOVERNMENT),IMD gridded 1deg (REAL_GOVERNMENT),0.319,ERA5-Land via Open-Meteo (REAL_PUBLIC; no IMD soil-moisture grid)
2021-02-24,0.0,33.37,IMD gridded 0.25deg (REAL_GOVERNMENT),IMD gridded 1deg (REAL_GOVERNMENT),0.313,ERA5-Land via Open-Meteo (REAL_PUBLIC; no IMD soil-moisture grid)
2021-02-25,0.0,34.99,IMD gridded 0.25deg (REAL_GOVERNMENT),IMD gridded 1deg (REAL_GOVERNMENT),0.309,ERA5-Land via Open-Meteo (REAL_PUBLIC; no IMD soil-moisture grid)
2021-02-26,0.0,35.32,IMD gridded 0.25deg (REAL_GOVERNMENT),IMD gridded 1deg (REAL_GOVERNMENT),0.304,ERA5-Land via Open-Meteo (REAL_PUBLIC; no IMD soil-moisture grid)
2021-02-27,0.0,35.56,IMD gridded 0.25deg (REAL_GOVERNMENT),IMD gridded 1deg (REAL_GOVERNMENT),0.298,ERA5-Land via Open-Meteo (REAL_PUBLIC; no IMD soil-moisture grid)
2021-02-28,0.0,35.22,IMD gridded 0.25deg (REAL_GOVERNMENT),IMD gridded 1deg (REAL_GOVERNMENT),0.291,ERA5-Land via Open-Meteo (REAL_PUBLIC; no IMD soil-moisture grid)
2021-03-01,0.0,36.24,IMD gridded 0.25deg (REAL_GOVERNMENT),IMD gridded 1deg (REAL_GOVERNMENT),0.287,ERA5-Land via Open-Meteo (REAL_PUBLIC; no IMD soil-moisture grid)
2021-03-02,0.0,34.53,IMD gridded 0.25deg (REAL_GOVERNMENT),IMD gridded 1deg (REAL_GOVERNMENT),0.285,ERA5-Land via Open-Meteo (REAL_PUBLIC; no IMD soil-moisture grid)
2021-03-03,0.0,33.86,IMD gridded 0.25deg (REAL_GOVERNMENT),IMD gridded 1deg (REAL_GOVERNMENT),0.277,ERA5-Land via Open-Meteo (REAL_PUBLIC; no IMD soil-moisture grid)
2021-03-04,0.0,35.72,IMD gridded 0.25deg (REAL_GOVERNMENT),IMD gridded 1deg (REAL_GOVERNMENT),0.27,ERA5-Land via Open-Meteo (REAL_PUBLIC; no IMD soil-moisture grid)
2021-03-05,0.0,35.84,IMD gridded 0.25deg (REAL_GOVERNMENT),IMD gridded 1deg (REAL_GOVERNMENT),0.27,ERA5-Land via Open-Meteo (REAL_PUBLIC; no IMD soil-moisture grid)
2021-03-06,0.0,35.33,IMD gridded 0.25deg (REAL_GOVERNMENT),IMD gridded 1deg (REAL_GOVERNMENT),0.268,ERA5-Land via Open-Meteo (REAL_PUBLIC; no IMD soil-moisture grid)
2021-03-07,0.0,36.6,IMD gridded 0.25deg (REAL_GOVERNMENT),IMD gridded 1deg (REAL_GOVERNMENT),0.265,ERA5-Land via Open-Meteo (REAL_PUBLIC; no IMD soil-moisture grid)
2021-03-08,0.0,36.56,IMD gridded 0.25deg (REAL_GOVERNMENT),IMD gridded 1deg (REAL_GOVERNMENT),0.262,ERA5-Land via Open-Meteo (REAL_PUBLIC; no IMD soil-moisture grid)
2021-03-09,0.0,36.29,IMD gridded 0.25deg (REAL_GOVERNMENT),IMD gridded 1deg (REAL_GOVERNMENT),0.259,ERA5-Land via Open-Meteo (REAL_PUBLIC; no IMD soil-moisture grid)
2021-03-10,0.0,36.33,IMD gridded 0.25deg (REAL_GOVERNMENT),IMD gridded 1deg (REAL_GOVERNMENT),0.258,ERA5-Land via Open-Meteo (REAL_PUBLIC; no IMD soil-moisture grid)
2021-03-11,0.0,35.6,IMD gridded 0.25deg (REAL_GOVERNMENT),IMD gridded 1deg (REAL_GOVERNMENT),0.257,ERA5-Land via Open-Meteo (REAL_PUBLIC; no IMD soil-moisture grid)
2021-03-12,0.0,33.94,IMD gridded 0.25deg (REAL_GOVERNMENT),IMD gridded 1deg (REAL_GOVERNMENT),0.256,ERA5-Land via Open-Meteo (REAL_PUBLIC; no IMD soil-moisture grid)
2021-03-13,7.52,33.06,IMD gridded 0.25deg (REAL_GOVERNMENT),IMD gridded 1deg (REAL_GOVERNMENT),0.255,ERA5-Land via Open-Meteo (REAL_PUBLIC; no IMD soil-moisture grid)
2021-03-14,0.0,34.49,IMD gridded 0.25deg (REAL_GOVERNMENT),IMD gridded 1deg (REAL_GOVERNMENT),0.258,ERA5-Land via Open-Meteo (REAL_PUBLIC; no IMD soil-moisture grid)
2021-03-15,0.0,35.41,IMD gridded 0.25deg (REAL_GOVERNMENT),IMD gridded 1deg (REAL_GOVERNMENT),0.267,ERA5-Land via Open-Meteo (REAL_PUBLIC; no IMD soil-moisture grid)
2021-03-16,0.0,34.89,IMD gridded 0.25deg (REAL_GOVERNMENT),IMD gridded 1deg (REAL_GOVERNMENT),0.266,ERA5-Land via Open-Meteo (REAL_PUBLIC; no IMD soil-moisture grid)
2021-03-17,0.0,35.22,IMD gridded 0.25deg (REAL_GOVERNMENT),IMD gridded 1deg (REAL_GOVERNMENT),0.261,ERA5-Land via Open-Meteo (REAL_PUBLIC; no IMD soil-moisture grid)
2021-03-18,0.0,34.38,IMD gridded 0.25deg (REAL_GOVERNMENT),IMD gridded 1deg (REAL_GOVERNMENT),0.268,ERA5-Land via Open-Meteo (REAL_PUBLIC; no IMD soil-moisture grid)
2021-03-19,0.38,30.42,IMD gridded 0.25deg (REAL_GOVERNMENT),IMD gridded 1deg (REAL_GOVERNMENT),0.285,ERA5-Land via Open-Meteo (REAL_PUBLIC; no IMD soil-moisture grid)
2021-03-20,0.66,33.07,IMD gridded 0.25deg (REAL_GOVERNMENT),IMD gridded 1deg (REAL_GOVERNMENT),0.291,ERA5-Land via Open-Meteo (REAL_PUBLIC; no IMD soil-moisture grid)
2021-03-21,3.38,34.61,IMD gridded 0.25deg (REAL_GOVERNMENT),IMD gridded 1deg (REAL_GOVERNMENT),0.291,ERA5-Land via Open-Meteo (REAL_PUBLIC; no IMD soil-moisture grid)
2021-03-22,0.0,33.47,IMD gridded 0.25deg (REAL_GOVERNMENT),IMD gridded 1deg (REAL_GOVERNMENT),0.292,ERA5-Land via Open-Meteo (REAL_PUBLIC; no IMD soil-moisture grid)
2021-03-23,0.49,29.83,IMD gridded 0.25deg (REAL_GOVERNMENT),IMD gridded 1deg (REAL_GOVERNMENT),0.301,ERA5-Land via Open-Meteo (REAL_PUBLIC; no IMD soil-moisture grid)
2021-03-24,0.0,34.77,IMD gridded 0.25deg (REAL_GOVERNMENT),IMD gridded 1deg (REAL_GOVERNMENT),0.301,ERA5-Land via Open-Meteo (REAL_PUBLIC; no IMD soil-moisture grid)
2021-03-25,0.0,36.16,IMD gridded 0.25deg (REAL_GOVERNMENT),IMD gridded 1deg (REAL_GOVERNMENT),0.297,ERA5-Land via Open-Meteo (REAL_PUBLIC; no IMD soil-moisture grid)
2021-03-26,0.0,35.6,IMD gridded 0.25deg (REAL_GOVERNMENT),IMD gridded 1deg (REAL_GOVERNMENT),0.293,ERA5-Land via Open-Meteo (REAL_PUBLIC; no IMD soil-moisture grid)
2021-03-27,0.0,37.38,IMD gridded 0.25deg (REAL_GOVERNMENT),IMD gridded 1deg (REAL_GOVERNMENT),0.285,ERA5-Land via Open-Meteo (REAL_PUBLIC; no IMD soil-moisture grid)
2021-03-28,0.0,38.89,IMD gridded 0.25deg (REAL_GOVERNMENT),IMD gridded 1deg (REAL_GOVERNMENT),0.28,ERA5-Land via Open-Meteo (REAL_PUBLIC; no IMD soil-moisture grid)
2021-03-29,0.0,40.14,IMD gridded 0.25deg (REAL_GOVERNMENT),IMD gridded 1deg (REAL_GOVERNMENT),0.28,ERA5-Land via Open-Meteo (REAL_PUBLIC; no IMD soil-moisture grid)
2021-03-30,0.0,39.74,IMD gridded 0.25deg (REAL_GOVERNMENT),IMD gridded 1deg (REAL_GOVERNMENT),0.278,ERA5-Land via Open-Meteo (REAL_PUBLIC; no IMD soil-moisture grid)
2021-03-31,0.0,39.18,IMD gridded 0.25deg (REAL_GOVERNMENT),IMD gridded 1deg (REAL_GOVERNMENT),0.272,ERA5-Land via Open-Meteo (REAL_PUBLIC; no IMD soil-moisture grid)
2021-04-01,0.0,38.43,IMD gridded 0.25deg (REAL_GOVERNMENT),IMD gridded 1deg (REAL_GOVERNMENT),0.266,ERA5-Land via Open-Meteo (REAL_PUBLIC; no IMD soil-moisture grid)
2021-04-02,0.0,39.23,IMD gridded 0.25deg (REAL_GOVERNMENT),IMD gridded 1deg (REAL_GOVERNMENT),0.262,ERA5-Land via Open-Meteo (REAL_PUBLIC; no IMD soil-moisture grid)
2021-04-03,0.0,39.18,IMD gridded 0.25deg (REAL_GOVERNMENT),IMD gridded 1deg (REAL_GOVERNMENT),0.266,ERA5-Land via Open-Meteo (REAL_PUBLIC; no IMD soil-moisture grid)
2021-04-04,0.0,39.28,IMD gridded 0.25deg (REAL_GOVERNMENT),IMD gridded 1deg (REAL_GOVERNMENT),0.27,ERA5-Land via Open-Meteo (REAL_PUBLIC; no IMD soil-moisture grid)
2021-04-05,0.0,40.13,IMD gridded 0.25deg (REAL_GOVERNMENT),IMD gridded 1deg (REAL_GOVERNMENT),0.264,ERA5-Land via Open-Meteo (REAL_PUBLIC; no IMD soil-moisture grid)
2021-04-06,0.0,40.8,IMD gridded 0.25deg (REAL_GOVERNMENT),IMD gridded 1deg (REAL_GOVERNMENT),0.256,ERA5-Land via Open-Meteo (REAL_PUBLIC; no IMD soil-moisture grid)
2021-04-07,0.0,40.7,IMD gridded 0.25deg (REAL_GOVERNMENT),IMD gridded 1deg (REAL_GOVERNMENT),0.255,ERA5-Land via Open-Meteo (REAL_PUBLIC; no IMD soil-moisture grid)
2021-04-08,0.0,40.28,IMD gridded 0.25deg (REAL_GOVERNMENT),IMD gridded 1deg (REAL_GOVERNMENT),0.255,ERA5-Land via Open-Meteo (REAL_PUBLIC; no IMD soil-moisture grid)
2021-04-09,0.0,38.25,IMD gridded 0.25deg (REAL_GOVERNMENT),IMD gridded 1deg (REAL_GOVERNMENT),0.254,ERA5-Land via Open-Meteo (REAL_PUBLIC; no IMD soil-moisture grid)
2021-04-10,0.0,38.32,IMD gridded 0.25deg (REAL_GOVERNMENT),IMD gridded 1deg (REAL_GOVERNMENT),0.247,ERA5-Land via Open-Meteo (REAL_PUBLIC; no IMD soil-moisture grid)
2021-04-11,0.76,36.47,IMD gridded 0.25deg (REAL_GOVERNMENT),IMD gridded 1deg (REAL_GOVERNMENT),0.245,ERA5-Land via Open-Meteo (REAL_PUBLIC; no IMD soil-moisture grid)
2021-04-12,0.0,37.2,IMD gridded 0.25deg (REAL_GOVERNMENT),IMD gridded 1deg (REAL_GOVERNMENT),0.245,ERA5-Land via Open-Meteo (REAL_PUBLIC; no IMD soil-moisture grid)
2021-04-13,0.0,38.74,IMD gridded 0.25deg (REAL_GOVERNMENT),IMD gridded 1deg (REAL_GOVERNMENT),0.247,ERA5-Land via Open-Meteo (REAL_PUBLIC; no IMD soil-moisture grid)
2021-04-14,0.0,37.89,IMD gridded 0.25deg (REAL_GOVERNMENT),IMD gridded 1deg (REAL_GOVERNMENT),0.247,ERA5-Land via Open-Meteo (REAL_PUBLIC; no IMD soil-moisture grid)
2021-04-15,0.0,35.64,IMD gridded 0.25deg (REAL_GOVERNMENT),IMD gridded 1deg (REAL_GOVERNMENT),0.247,ERA5-Land via Open-Meteo (REAL_PUBLIC; no IMD soil-moisture grid)
2021-04-16,0.0,38.24,IMD gridded 0.25deg (REAL_GOVERNMENT),IMD gridded 1deg (REAL_GOVERNMENT),0.247,ERA5-Land via Open-Meteo (REAL_PUBLIC; no IMD soil-moisture grid)
2021-04-17,0.0,37.7,IMD gridded 0.25deg (REAL_GOVERNMENT),IMD gridded 1deg (REAL_GOVERNMENT),0.251,ERA5-Land via Open-Meteo (REAL_PUBLIC; no IMD soil-moisture grid)
2021-04-18,0.0,38.92,IMD gridded 0.25deg (REAL_GOVERNMENT),IMD gridded 1deg (REAL_GOVERNMENT),0.253,ERA5-Land via Open-Meteo (REAL_PUBLIC; no IMD soil-moisture grid)
2021-04-19,0.0,39.19,IMD gridded 0.25deg (REAL_GOVERNMENT),IMD gridded 1deg (REAL_GOVERNMENT),0.253,ERA5-Land via Open-Meteo (REAL_PUBLIC; no IMD soil-moisture grid)
2021-04-20,0.0,39.46,IMD gridded 0.25deg (REAL_GOVERNMENT),IMD gridded 1deg (REAL_GOVERNMENT),0.253,ERA5-Land via Open-Meteo (REAL_PUBLIC; no IMD soil-moisture grid)
2021-04-21,0.0,37.8,IMD gridded 0.25deg (REAL_GOVERNMENT),IMD gridded 1deg (REAL_GOVERNMENT),0.253,ERA5-Land via Open-Meteo (REAL_PUBLIC; no IMD soil-moisture grid)
2021-04-22,0.0,37.38,IMD gridded 0.25deg (REAL_GOVERNMENT),IMD gridded 1deg (REAL_GOVERNMENT),0.258,ERA5-Land via Open-Meteo (REAL_PUBLIC; no IMD soil-moisture grid)
2021-04-23,0.0,38.29,IMD gridded 0.25deg (REAL_GOVERNMENT),IMD gridded 1deg (REAL_GOVERNMENT),0.259,ERA5-Land via Open-Meteo (REAL_PUBLIC; no IMD soil-moisture grid)
2021-04-24,0.0,39.29,IMD gridded 0.25deg (REAL_GOVERNMENT),IMD gridded 1deg (REAL_GOVERNMENT),0.259,ERA5-Land via Open-Meteo (REAL_PUBLIC; no IMD soil-moisture grid)
2021-04-25,0.0,38.85,IMD gridded 0.25deg (REAL_GOVERNMENT),IMD gridded 1deg (REAL_GOVERNMENT),0.262,ERA5-Land via Open-Meteo (REAL_PUBLIC; no IMD soil-moisture grid)
2021-04-26,0.0,39.67,IMD gridded 0.25deg (REAL_GOVERNMENT),IMD gridded 1deg (REAL_GOVERNMENT),0.258,ERA5-Land via Open-Meteo (REAL_PUBLIC; no IMD soil-moisture grid)
2021-04-27,0.0,40.31,IMD gridded 0.25deg (REAL_GOVERNMENT),IMD gridded 1deg (REAL_GOVERNMENT),0.259,ERA5-Land via Open-Meteo (REAL_PUBLIC; no IMD soil-moisture grid)
2021-04-28,0.0,40.9,IMD gridded 0.25deg (REAL_GOVERNMENT),IMD gridded 1deg (REAL_GOVERNMENT),0.254,ERA5-Land via Open-Meteo (REAL_PUBLIC; no IMD soil-moisture grid)
2021-04-29,0.0,41.64,IMD gridded 0.25deg (REAL_GOVERNMENT),IMD gridded 1deg (REAL_GOVERNMENT),0.253,ERA5-Land via Open-Meteo (REAL_PUBLIC; no IMD soil-moisture grid)
2021-04-30,0.0,40.51,IMD gridded 0.25deg (REAL_GOVERNMENT),IMD gridded 1deg (REAL_GOVERNMENT),0.256,ERA5-Land via Open-Meteo (REAL_PUBLIC; no IMD soil-moisture grid)
2021-05-01,0.0,38.29,IMD gridded 0.25deg (REAL_GOVERNMENT),IMD gridded 1deg (REAL_GOVERNMENT),0.257,ERA5-Land via Open-Meteo (REAL_PUBLIC; no IMD soil-moisture grid)
2021-05-02,2.68,37.51,IMD gridded 0.25deg (REAL_GOVERNMENT),IMD gridded 1deg (REAL_GOVERNMENT),0.256,ERA5-Land via Open-Meteo (REAL_PUBLIC; no IMD soil-moisture grid)
2021-05-03,0.0,37.34,IMD gridded 0.25deg (REAL_GOVERNMENT),IMD gridded 1deg (REAL_GOVERNMENT),0.258,ERA5-Land via Open-Meteo (REAL_PUBLIC; no IMD soil-moisture grid)
2021-05-04,0.0,39.02,IMD gridded 0.25deg (REAL_GOVERNMENT),IMD gridded 1deg (REAL_GOVERNMENT),0.258,ERA5-Land via Open-Meteo (REAL_PUBLIC; no IMD soil-moisture grid)
2021-05-05,0.0,40.01,IMD gridded 0.25deg (REAL_GOVERNMENT),IMD gridded 1deg (REAL_GOVERNMENT),0.258,ERA5-Land via Open-Meteo (REAL_PUBLIC; no IMD soil-moisture grid)
2021-05-06,0.0,40.58,IMD gridded 0.25deg (REAL_GOVERNMENT),IMD gridded 1deg (REAL_GOVERNMENT),0.256,ERA5-Land via Open-Meteo (REAL_PUBLIC; no IMD soil-moisture grid)
2021-05-07,0.42,38.54,IMD gridded 0.25deg (REAL_GOVERNMENT),IMD gridded 1deg (REAL_GOVERNMENT),0.257,ERA5-Land via Open-Meteo (REAL_PUBLIC; no IMD soil-moisture grid)
2021-05-08,0.0,38.44,IMD gridded 0.25deg (REAL_GOVERNMENT),IMD gridded 1deg (REAL_GOVERNMENT),0.255,ERA5-Land via Open-Meteo (REAL_PUBLIC; no IMD soil-moisture grid)
2021-05-09,13.54,37.5,IMD gridded 0.25deg (REAL_GOVERNMENT),IMD gridded 1deg (REAL_GOVERNMENT),0.279,ERA5-Land via Open-Meteo (REAL_PUBLIC; no IMD soil-moisture grid)
2021-05-10,16.77,37.52,IMD gridded 0.25deg (REAL_GOVERNMENT),IMD gridded 1deg (REAL_GOVERNMENT),0.274,ERA5-Land via Open-Meteo (REAL_PUBLIC; no IMD soil-moisture grid)
2021-05-11,3.51,38.43,IMD gridded 0.25deg (REAL_GOVERNMENT),IMD gridded 1deg (REAL_GOVERNMENT),0.28,ERA5-Land via Open-Meteo (REAL_PUBLIC; no IMD soil-moisture grid)
2021-05-12,0.45,39.48,IMD gridded 0.25deg (REAL_GOVERNMENT),IMD gridded 1deg (REAL_GOVERNMENT),0.291,ERA5-Land via Open-Meteo (REAL_PUBLIC; no IMD soil-moisture grid)
2021-05-13,0.0,38.93,IMD gridded 0.25deg (REAL_GOVERNMENT),IMD gridded 1deg (REAL_GOVERNMENT),0.287,ERA5-Land via Open-Meteo (REAL_PUBLIC; no IMD soil-moisture grid)
2021-05-14,0.0,39.26,IMD gridded 0.25deg (REAL_GOVERNMENT),IMD gridded 1deg (REAL_GOVERNMENT),0.283,ERA5-Land via Open-Meteo (REAL_PUBLIC; no IMD soil-moisture grid)
2021-05-15,1.57,38.33,IMD gridded 0.25deg (REAL_GOVERNMENT),IMD gridded 1deg (REAL_GOVERNMENT),0.275,ERA5-Land via Open-Meteo (REAL_PUBLIC; no IMD soil-moisture grid)
2021-05-16,0.0,37.6,IMD gridded 0.25deg (REAL_GOVERNMENT),IMD gridded 1deg (REAL_GOVERNMENT),0.267,ERA5-Land via Open-Meteo (REAL_PUBLIC; no IMD soil-moisture grid)
2021-05-17,0.0,35.56,IMD gridded 0.25deg (REAL_GOVERNMENT),IMD gridded 1deg (REAL_GOVERNMENT),0.264,ERA5-Land via Open-Meteo (REAL_PUBLIC; no IMD soil-moisture grid)
2021-05-18,0.11,36.04,IMD gridded 0.25deg (REAL_GOVERNMENT),IMD gridded 1deg (REAL_GOVERNMENT),0.268,ERA5-Land via Open-Meteo (REAL_PUBLIC; no IMD soil-moisture grid)
2021-05-19,0.0,34.86,IMD gridded 0.25deg (REAL_GOVERNMENT),IMD gridded 1deg (REAL_GOVERNMENT),0.304,ERA5-Land via Open-Meteo (REAL_PUBLIC; no IMD soil-moisture grid)
2021-05-20,3.36,33.71,IMD gridded 0.25deg (REAL_GOVERNMENT),IMD gridded 1deg (REAL_GOVERNMENT),0.318,ERA5-Land via Open-Meteo (REAL_PUBLIC; no IMD soil-moisture grid)
2021-05-21,0.0,37.57,IMD gridded 0.25deg (REAL_GOVERNMENT),IMD gridded 1deg (REAL_GOVERNMENT),0.299,ERA5-Land via Open-Meteo (REAL_PUBLIC; no IMD soil-moisture grid)
2021-05-22,0.0,37.8,IMD gridded 0.25deg (REAL_GOVERNMENT),IMD gridded 1deg (REAL_GOVERNMENT),0.282,ERA5-Land via Open-Meteo (REAL_PUBLIC; no IMD soil-moisture grid)
2021-05-23,0.0,37.48,IMD gridded 0.25deg (REAL_GOVERNMENT),IMD gridded 1deg (REAL_GOVERNMENT),0.273,ERA5-Land via Open-Meteo (REAL_PUBLIC; no IMD soil-moisture grid)
2021-05-24,0.0,38.54,IMD gridded 0.25deg (REAL_GOVERNMENT),IMD gridded 1deg (REAL_GOVERNMENT),0.269,ERA5-Land via Open-Meteo (REAL_PUBLIC; no IMD soil-moisture grid)
2021-05-25,0.0,37.76,IMD gridded 0.25deg (REAL_GOVERNMENT),IMD gridded 1deg (REAL_GOVERNMENT),0.264,ERA5-Land via Open-Meteo (REAL_PUBLIC; no IMD soil-moisture grid)
2021-05-26,0.0,39.16,IMD gridded 0.25deg (REAL_GOVERNMENT),IMD gridded 1deg (REAL_GOVERNMENT),0.265,ERA5-Land via Open-Meteo (REAL_PUBLIC; no IMD soil-moisture grid)
2021-05-27,0.0,38.9,IMD gridded 0.25deg (REAL_GOVERNMENT),IMD gridded 1deg (REAL_GOVERNMENT),0.261,ERA5-Land via Open-Meteo (REAL_PUBLIC; no IMD soil-moisture grid)
2021-05-28,0.0,39.21,IMD gridded 0.25deg (REAL_GOVERNMENT),IMD gridded 1deg (REAL_GOVERNMENT),0.252,ERA5-Land via Open-Meteo (REAL_PUBLIC; no IMD soil-moisture grid)
2021-05-29,0.0,39.96,IMD gridded 0.25deg (REAL_GOVERNMENT),IMD gridded 1deg (REAL_GOVERNMENT),0.247,ERA5-Land via Open-Meteo (REAL_PUBLIC; no IMD soil-moisture grid)
2021-05-30,0.0,38.67,IMD gridded 0.25deg (REAL_GOVERNMENT),IMD gridded 1deg (REAL_GOVERNMENT),0.25,ERA5-Land via Open-Meteo (REAL_PUBLIC; no IMD soil-moisture grid)
2021-05-31,0.0,38.28,IMD gridded 0.25deg (REAL_GOVERNMENT),IMD gridded 1deg (REAL_GOVERNMENT),0.255,ERA5-Land via Open-Meteo (REAL_PUBLIC; no IMD soil-moisture grid)
2021-06-01,0.41,36.37,IMD gridded 0.25deg (REAL_GOVERNMENT),IMD gridded 1deg (REAL_GOVERNMENT),0.257,ERA5-Land via Open-Meteo (REAL_PUBLIC; no IMD soil-moisture grid)
2021-06-02,0.0,36.33,IMD gridded 0.25deg (REAL_GOVERNMENT),IMD gridded 1deg (REAL_GOVERNMENT),0.265,ERA5-Land via Open-Meteo (REAL_PUBLIC; no IMD soil-moisture grid)
2021-06-03,0.0,35.91,IMD gridded 0.25deg (REAL_GOVERNMENT),IMD gridded 1deg (REAL_GOVERNMENT),0.269,ERA5-Land via Open-Meteo (REAL_PUBLIC; no IMD soil-moisture grid)
2021-06-04,23.31,33.41,IMD gridded 0.25deg (REAL_GOVERNMENT),IMD gridded 1deg (REAL_GOVERNMENT),0.289,ERA5-Land via Open-Meteo (REAL_PUBLIC; no IMD soil-moisture grid)
2021-06-05,3.44,33.67,IMD gridded 0.25deg (REAL_GOVERNMENT),IMD gridded 1deg (REAL_GOVERNMENT),0.309,ERA5-Land via Open-Meteo (REAL_PUBLIC; no IMD soil-moisture grid)
2021-06-06,0.0,36.82,IMD gridded 0.25deg (REAL_GOVERNMENT),IMD gridded 1deg (REAL_GOVERNMENT),0.333,ERA5-Land via Open-Meteo (REAL_PUBLIC; no IMD soil-moisture grid)
2021-06-07,0.16,36.04,IMD gridded 0.25deg (REAL_GOVERNMENT),IMD gridded 1deg (REAL_GOVERNMENT),0.287,ERA5-Land via Open-Meteo (REAL_PUBLIC; no IMD soil-moisture grid)
2021-06-08,0.18,37.79,IMD gridded 0.25deg (REAL_GOVERNMENT),IMD gridded 1deg (REAL_GOVERNMENT),0.317,ERA5-Land via Open-Meteo (REAL_PUBLIC; no IMD soil-moisture grid)
2021-06-09,2.66,33.47,IMD gridded 0.25deg (REAL_GOVERNMENT),IMD gridded 1deg (REAL_GOVERNMENT),0.391,ERA5-Land via Open-Meteo (REAL_PUBLIC; no IMD soil-moisture grid)
2021-06-10,12.46,30.0,IMD gridded 0.25deg (REAL_GOVERNMENT),IMD gridded 1deg (REAL_GOVERNMENT),0.477,ERA5-Land via Open-Meteo (REAL_PUBLIC; no IMD soil-moisture grid)
2021-06-11,25.71,29.8,IMD gridded 0.25deg (REAL_GOVERNMENT),IMD gridded 1deg (REAL_GOVERNMENT),0.507,ERA5-Land via Open-Meteo (REAL_PUBLIC; no IMD soil-moisture grid)
2021-06-12,13.35,29.24,IMD gridded 0.25deg (REAL_GOVERNMENT),IMD gridded 1deg (REAL_GOVERNMENT),0.508,ERA5-Land via Open-Meteo (REAL_PUBLIC; no IMD soil-moisture grid)
2021-06-13,12.05,33.18,IMD gridded 0.25deg (REAL_GOVERNMENT),IMD gridded 1deg (REAL_GOVERNMENT),0.502,ERA5-Land via Open-Meteo (REAL_PUBLIC; no IMD soil-moisture grid)
2021-06-14,0.59,33.59,IMD gridded 0.25deg (REAL_GOVERNMENT),IMD gridded 1deg (REAL_GOVERNMENT),0.499,ERA5-Land via Open-Meteo (REAL_PUBLIC; no IMD soil-moisture grid)
2021-06-15,6.48,33.35,IMD gridded 0.25deg (REAL_GOVERNMENT),IMD gridded 1deg (REAL_GOVERNMENT),0.49,ERA5-Land via Open-Meteo (REAL_PUBLIC; no IMD soil-moisture grid)
2021-06-16,0.0,32.44,IMD gridded 0.25deg (REAL_GOVERNMENT),IMD gridded 1deg (REAL_GOVERNMENT),0.478,ERA5-Land via Open-Meteo (REAL_PUBLIC; no IMD soil-moisture grid)
2021-06-17,0.21,33.06,IMD gridded 0.25deg (REAL_GOVERNMENT),IMD gridded 1deg (REAL_GOVERNMENT),0.49,ERA5-Land via Open-Meteo (REAL_PUBLIC; no IMD soil-moisture grid)
2021-06-18,3.72,30.89,IMD gridded 0.25deg (REAL_GOVERNMENT),IMD gridded 1deg (REAL_GOVERNMENT),0.504,ERA5-Land via Open-Meteo (REAL_PUBLIC; no IMD soil-moisture grid)
2021-06-19,6.78,30.56,IMD gridded 0.25deg (REAL_GOVERNMENT),IMD gridded 1deg (REAL_GOVERNMENT),0.494,ERA5-Land via Open-Meteo (REAL_PUBLIC; no IMD soil-moisture grid)
2021-06-20,10.12,32.52,IMD gridded 0.25deg (REAL_GOVERNMENT),IMD gridded 1deg (REAL_GOVERNMENT),0.477,ERA5-Land via Open-Meteo (REAL_PUBLIC; no IMD soil-moisture grid)
2021-06-21,0.0,33.34,IMD gridded 0.25deg (REAL_GOVERNMENT),IMD gridded 1deg (REAL_GOVERNMENT),0.46,ERA5-Land via Open-Meteo (REAL_PUBLIC; no IMD soil-moisture grid)
2021-06-22,0.0,33.96,IMD gridded 0.25deg (REAL_GOVERNMENT),IMD gridded 1deg (REAL_GOVERNMENT),0.47,ERA5-Land via Open-Meteo (REAL_PUBLIC; no IMD soil-moisture grid)
2021-06-23,58.53,30.35,IMD gridded 0.25deg (REAL_GOVERNMENT),IMD gridded 1deg (REAL_GOVERNMENT),0.503,ERA5-Land via Open-Meteo (REAL_PUBLIC; no IMD soil-moisture grid)
2021-06-24,29.95,30.36,IMD gridded 0.25deg (REAL_GOVERNMENT),IMD gridded 1deg (REAL_GOVERNMENT),0.504,ERA5-Land via Open-Meteo (REAL_PUBLIC; no IMD soil-moisture grid)
2021-06-25,22.97,30.75,IMD gridded 0.25deg (REAL_GOVERNMENT),IMD gridded 1deg (REAL_GOVERNMENT),0.501,ERA5-Land via Open-Meteo (REAL_PUBLIC; no IMD soil-moisture grid)
2021-06-26,2.06,33.39,IMD gridded 0.25deg (REAL_GOVERNMENT),IMD gridded 1deg (REAL_GOVERNMENT),0.488,ERA5-Land via Open-Meteo (REAL_PUBLIC; no IMD soil-moisture grid)
2021-06-27,3.83,33.24,IMD gridded 0.25deg (REAL_GOVERNMENT),IMD gridded 1deg (REAL_GOVERNMENT),0.482,ERA5-Land via Open-Meteo (REAL_PUBLIC; no IMD soil-moisture grid)
2021-06-28,2.06,33.46,IMD gridded 0.25deg (REAL_GOVERNMENT),IMD gridded 1deg (REAL_GOVERNMENT),0.501,ERA5-Land via Open-Meteo (REAL_PUBLIC; no IMD soil-moisture grid)
2021-06-29,0.0,34.47,IMD gridded 0.25deg (REAL_GOVERNMENT),IMD gridded 1deg (REAL_GOVERNMENT),0.485,ERA5-Land via Open-Meteo (REAL_PUBLIC; no IMD soil-moisture grid)
2021-06-30,2.1,34.33,IMD gridded 0.25deg (REAL_GOVERNMENT),IMD gridded 1deg (REAL_GOVERNMENT),0.486,ERA5-Land via Open-Meteo (REAL_PUBLIC; no IMD soil-moisture grid)
2021-07-01,8.24,32.98,IMD gridded 0.25deg (REAL_GOVERNMENT),IMD gridded 1deg (REAL_GOVERNMENT),0.477,ERA5-Land via Open-Meteo (REAL_PUBLIC; no IMD soil-moisture grid)
2021-07-02,5.95,32.45,IMD gridded 0.25deg (REAL_GOVERNMENT),IMD gridded 1deg (REAL_GOVERNMENT),0.494,ERA5-Land via Open-Meteo (REAL_PUBLIC; no IMD soil-moisture grid)
2021-07-03,3.0,35.42,IMD gridded 0.25deg (REAL_GOVERNMENT),IMD gridded 1deg (REAL_GOVERNMENT),0.48,ERA5-Land via Open-Meteo (REAL_PUBLIC; no IMD soil-moisture grid)
2021-07-04,0.0,35.27,IMD gridded 0.25deg (REAL_GOVERNMENT),IMD gridded 1deg (REAL_GOVERNMENT),0.462,ERA5-Land via Open-Meteo (REAL_PUBLIC; no IMD soil-moisture grid)
2021-07-05,1.19,35.04,IMD gridded 0.25deg (REAL_GOVERNMENT),IMD gridded 1deg (REAL_GOVERNMENT),0.467,ERA5-Land via Open-Meteo (REAL_PUBLIC; no IMD soil-moisture grid)
2021-07-06,3.99,35.24,IMD gridded 0.25deg (REAL_GOVERNMENT),IMD gridded 1deg (REAL_GOVERNMENT),0.486,ERA5-Land via Open-Meteo (REAL_PUBLIC; no IMD soil-moisture grid)
2021-07-07,1.95,36.98,IMD gridded 0.25deg (REAL_GOVERNMENT),IMD gridded 1deg (REAL_GOVERNMENT),0.478,ERA5-Land via Open-Meteo (REAL_PUBLIC; no IMD soil-moisture grid)
2021-07-08,22.31,29.66,IMD gridded 0.25deg (REAL_GOVERNMENT),IMD gridded 1deg (REAL_GOVERNMENT),0.511,ERA5-Land via Open-Meteo (REAL_PUBLIC; no IMD soil-moisture grid)
2021-07-09,29.99,32.07,IMD gridded 0.25deg (REAL_GOVERNMENT),IMD gridded 1deg (REAL_GOVERNMENT),0.498,ERA5-Land via Open-Meteo (REAL_PUBLIC; no IMD soil-moisture grid)
2021-07-10,2.17,33.72,IMD gridded 0.25deg (REAL_GOVERNMENT),IMD gridded 1deg (REAL_GOVERNMENT),0.5,ERA5-Land via Open-Meteo (REAL_PUBLIC; no IMD soil-moisture grid)
2021-07-11,11.89,33.73,IMD gridded 0.25deg (REAL_GOVERNMENT),IMD gridded 1deg (REAL_GOVERNMENT),0.503,ERA5-Land via Open-Meteo (REAL_PUBLIC; no IMD soil-moisture grid)
2021-07-12,8.05,32.87,IMD gridded 0.25deg (REAL_GOVERNMENT),IMD gridded 1deg (REAL_GOVERNMENT),0.487,ERA5-Land via Open-Meteo (REAL_PUBLIC; no IMD soil-moisture grid)
2021-07-13,0.0,32.79,IMD gridded 0.25deg (REAL_GOVERNMENT),IMD gridded 1deg (REAL_GOVERNMENT),0.469,ERA5-Land via Open-Meteo (REAL_PUBLIC; no IMD soil-moisture grid)
2021-07-14,1.04,33.01,IMD gridded 0.25deg (REAL_GOVERNMENT),IMD gridded 1deg (REAL_GOVERNMENT),0.464,ERA5-Land via Open-Meteo (REAL_PUBLIC; no IMD soil-moisture grid)
2021-07-15,7.4,32.88,IMD gridded 0.25deg (REAL_GOVERNMENT),IMD gridded 1deg (REAL_GOVERNMENT),0.453,ERA5-Land via Open-Meteo (REAL_PUBLIC; no IMD soil-moisture grid)
2021-07-16,7.72,33.37,IMD gridded 0.25deg (REAL_GOVERNMENT),IMD gridded 1deg (REAL_GOVERNMENT),0.439,ERA5-Land via Open-Meteo (REAL_PUBLIC; no IMD soil-moisture grid)
2021-07-17,0.0,34.18,IMD gridded 0.25deg (REAL_GOVERNMENT),IMD gridded 1deg (REAL_GOVERNMENT),0.42,ERA5-Land via Open-Meteo (REAL_PUBLIC; no IMD soil-moisture grid)
2021-07-18,0.0,33.83,IMD gridded 0.25deg (REAL_GOVERNMENT),IMD gridded 1deg (REAL_GOVERNMENT),0.408,ERA5-Land via Open-Meteo (REAL_PUBLIC; no IMD soil-moisture grid)
2021-07-19,0.0,32.78,IMD gridded 0.25deg (REAL_GOVERNMENT),IMD gridded 1deg (REAL_GOVERNMENT),0.432,ERA5-Land via Open-Meteo (REAL_PUBLIC; no IMD soil-moisture grid)
2021-07-20,0.0,29.56,IMD gridded 0.25deg (REAL_GOVERNMENT),IMD gridded 1deg (REAL_GOVERNMENT),0.469,ERA5-Land via Open-Meteo (REAL_PUBLIC; no IMD soil-moisture grid)
2021-07-21,27.69,27.84,IMD gridded 0.25deg (REAL_GOVERNMENT),IMD gridded 1deg (REAL_GOVERNMENT),0.509,ERA5-Land via Open-Meteo (REAL_PUBLIC; no IMD soil-moisture grid)
2021-07-22,24.28,27.63,IMD gridded 0.25deg (REAL_GOVERNMENT),IMD gridded 1deg (REAL_GOVERNMENT),0.504,ERA5-Land via Open-Meteo (REAL_PUBLIC; no IMD soil-moisture grid)
2021-07-23,35.85,27.73,IMD gridded 0.25deg (REAL_GOVERNMENT),IMD gridded 1deg (REAL_GOVERNMENT),0.506,ERA5-Land via Open-Meteo (REAL_PUBLIC; no IMD soil-moisture grid)
2021-07-24,26.48,26.69,IMD gridded 0.25deg (REAL_GOVERNMENT),IMD gridded 1deg (REAL_GOVERNMENT),0.51,ERA5-Land via Open-Meteo (REAL_PUBLIC; no IMD soil-moisture grid)
2021-07-25,9.56,28.95,IMD gridded 0.25deg (REAL_GOVERNMENT),IMD gridded 1deg (REAL_GOVERNMENT),0.498,ERA5-Land via Open-Meteo (REAL_PUBLIC; no IMD soil-moisture grid)
2021-07-26,1.56,28.88,IMD gridded 0.25deg (REAL_GOVERNMENT),IMD gridded 1deg (REAL_GOVERNMENT),0.479,ERA5-Land via Open-Meteo (REAL_PUBLIC; no IMD soil-moisture grid)
2021-07-27,2.85,27.74,IMD gridded 0.25deg (REAL_GOVERNMENT),IMD gridded 1deg (REAL_GOVERNMENT),0.486,ERA5-Land via Open-Meteo (REAL_PUBLIC; no IMD soil-moisture grid)
2021-07-28,45.14,27.42,IMD gridded 0.25deg (REAL_GOVERNMENT),IMD gridded 1deg (REAL_GOVERNMENT),0.514,ERA5-Land via Open-Meteo (REAL_PUBLIC; no IMD soil-moisture grid)
2021-07-29,31.89,27.21,IMD gridded 0.25deg (REAL_GOVERNMENT),IMD gridded 1deg (REAL_GOVERNMENT),0.499,ERA5-Land via Open-Meteo (REAL_PUBLIC; no IMD soil-moisture grid)
2021-07-30,1.05,26.86,IMD gridded 0.25deg (REAL_GOVERNMENT),IMD gridded 1deg (REAL_GOVERNMENT),0.502,ERA5-Land via Open-Meteo (REAL_PUBLIC; no IMD soil-moisture grid)
2021-07-31,41.4,26.84,IMD gridded 0.25deg (REAL_GOVERNMENT),IMD gridded 1deg (REAL_GOVERNMENT),0.502,ERA5-Land via Open-Meteo (REAL_PUBLIC; no IMD soil-moisture grid)
2021-08-01,0.34,26.51,IMD gridded 0.25deg (REAL_GOVERNMENT),IMD gridded 1deg (REAL_GOVERNMENT),0.494,ERA5-Land via Open-Meteo (REAL_PUBLIC; no IMD soil-moisture grid)
2021-08-02,4.41,26.59,IMD gridded 0.25deg (REAL_GOVERNMENT),IMD gridded 1deg (REAL_GOVERNMENT),0.49,ERA5-Land via Open-Meteo (REAL_PUBLIC; no IMD soil-moisture grid)
2021-08-03,2.41,28.24,IMD gridded 0.25deg (REAL_GOVERNMENT),IMD gridded 1deg (REAL_GOVERNMENT),0.475,ERA5-Land via Open-Meteo (REAL_PUBLIC; no IMD soil-moisture grid)
2021-08-04,0.16,28.79,IMD gridded 0.25deg (REAL_GOVERNMENT),IMD gridded 1deg (REAL_GOVERNMENT),0.461,ERA5-Land via Open-Meteo (REAL_PUBLIC; no IMD soil-moisture grid)
2021-08-05,1.56,27.59,IMD gridded 0.25deg (REAL_GOVERNMENT),IMD gridded 1deg (REAL_GOVERNMENT),0.472,ERA5-Land via Open-Meteo (REAL_PUBLIC; no IMD soil-moisture grid)
2021-08-06,0.89,27.89,IMD gridded 0.25deg (REAL_GOVERNMENT),IMD gridded 1deg (REAL_GOVERNMENT),0.485,ERA5-Land via Open-Meteo (REAL_PUBLIC; no IMD soil-moisture grid)
2021-08-07,0.0,29.26,IMD gridded 0.25deg (REAL_GOVERNMENT),IMD gridded 1deg (REAL_GOVERNMENT),0.486,ERA5-Land via Open-Meteo (REAL_PUBLIC; no IMD soil-moisture grid)
2021-08-08,2.88,29.93,IMD gridded 0.25deg (REAL_GOVERNMENT),IMD gridded 1deg (REAL_GOVERNMENT),0.482,ERA5-Land via Open-Meteo (REAL_PUBLIC; no IMD soil-moisture grid)
2021-08-09,0.0,30.67,IMD gridded 0.25deg (REAL_GOVERNMENT),IMD gridded 1deg (REAL_GOVERNMENT),0.469,ERA5-Land via Open-Meteo (REAL_PUBLIC; no IMD soil-moisture grid)
2021-08-10,2.76,29.82,IMD gridded 0.25deg (REAL_GOVERNMENT),IMD gridded 1deg (REAL_GOVERNMENT),0.477,ERA5-Land via Open-Meteo (REAL_PUBLIC; no IMD soil-moisture grid)
2021-08-11,27.54,30.94,IMD gridded 0.25deg (REAL_GOVERNMENT),IMD gridded 1deg (REAL_GOVERNMENT),0.48,ERA5-Land via Open-Meteo (REAL_PUBLIC; no IMD soil-moisture grid)
2021-08-12,0.81,32.01,IMD gridded 0.25deg (REAL_GOVERNMENT),IMD gridded 1deg (REAL_GOVERNMENT),0.461,ERA5-Land via Open-Meteo (REAL_PUBLIC; no IMD soil-moisture grid)
2021-08-13,4.03,32.42,IMD gridded 0.25deg (REAL_GOVERNMENT),IMD gridded 1deg (REAL_GOVERNMENT),0.454,ERA5-Land via Open-Meteo (REAL_PUBLIC; no IMD soil-moisture grid)
2021-08-14,0.58,32.65,IMD gridded 0.25deg (REAL_GOVERNMENT),IMD gridded 1deg (REAL_GOVERNMENT),0.437,ERA5-Land via Open-Meteo (REAL_PUBLIC; no IMD soil-moisture grid)
2021-08-15,3.06,31.98,IMD gridded 0.25deg (REAL_GOVERNMENT),IMD gridded 1deg (REAL_GOVERNMENT),0.429,ERA5-Land via Open-Meteo (REAL_PUBLIC; no IMD soil-moisture grid)
2021-08-16,2.32,31.8,IMD gridded 0.25deg (REAL_GOVERNMENT),IMD gridded 1deg (REAL_GOVERNMENT),0.439,ERA5-Land via Open-Meteo (REAL_PUBLIC; no IMD soil-moisture grid)
2021-08-17,7.41,29.49,IMD gridded 0.25deg (REAL_GOVERNMENT),IMD gridded 1deg (REAL_GOVERNMENT),0.507,ERA5-Land via Open-Meteo (REAL_PUBLIC; no IMD soil-moisture grid)
2021-08-18,21.39,28.53,IMD gridded 0.25deg (REAL_GOVERNMENT),IMD gridded 1deg (REAL_GOVERNMENT),0.509,ERA5-Land via Open-Meteo (REAL_PUBLIC; no IMD soil-moisture grid)
2021-08-19,6.69,27.72,IMD gridded 0.25deg (REAL_GOVERNMENT),IMD gridded 1deg (REAL_GOVERNMENT),0.51,ERA5-Land via Open-Meteo (REAL_PUBLIC; no IMD soil-moisture grid)
2021-08-20,12.64,27.26,IMD gridded 0.25deg (REAL_GOVERNMENT),IMD gridded 1deg (REAL_GOVERNMENT),0.499,ERA5-Land via Open-Meteo (REAL_PUBLIC; no IMD soil-moisture grid)
2021-08-21,0.7,29.73,IMD gridded 0.25deg (REAL_GOVERNMENT),IMD gridded 1deg (REAL_GOVERNMENT),0.495,ERA5-Land via Open-Meteo (REAL_PUBLIC; no IMD soil-moisture grid)
2021-08-22,2.36,30.81,IMD gridded 0.25deg (REAL_GOVERNMENT),IMD gridded 1deg (REAL_GOVERNMENT),0.49,ERA5-Land via Open-Meteo (REAL_PUBLIC; no IMD soil-moisture grid)
2021-08-23,0.3,31.34,IMD gridded 0.25deg (REAL_GOVERNMENT),IMD gridded 1deg (REAL_GOVERNMENT),0.49,ERA5-Land via Open-Meteo (REAL_PUBLIC; no IMD soil-moisture grid)
2021-08-24,2.61,31.09,IMD gridded 0.25deg (REAL_GOVERNMENT),IMD gridded 1deg (REAL_GOVERNMENT),0.483,ERA5-Land via Open-Meteo (REAL_PUBLIC; no IMD soil-moisture grid)
2021-08-25,2.5,30.79,IMD gridded 0.25deg (REAL_GOVERNMENT),IMD gridded 1deg (REAL_GOVERNMENT),0.467,ERA5-Land via Open-Meteo (REAL_PUBLIC; no IMD soil-moisture grid)
2021-08-26,0.0,30.87,IMD gridded 0.25deg (REAL_GOVERNMENT),IMD gridded 1deg (REAL_GOVERNMENT),0.455,ERA5-Land via Open-Meteo (REAL_PUBLIC; no IMD soil-moisture grid)
2021-08-27,0.0,31.5,IMD gridded 0.25deg (REAL_GOVERNMENT),IMD gridded 1deg (REAL_GOVERNMENT),0.44,ERA5-Land via Open-Meteo (REAL_PUBLIC; no IMD soil-moisture grid)
2021-08-28,0.0,31.69,IMD gridded 0.25deg (REAL_GOVERNMENT),IMD gridded 1deg (REAL_GOVERNMENT),0.426,ERA5-Land via Open-Meteo (REAL_PUBLIC; no IMD soil-moisture grid)
2021-08-29,1.32,31.4,IMD gridded 0.25deg (REAL_GOVERNMENT),IMD gridded 1deg (REAL_GOVERNMENT),0.494,ERA5-Land via Open-Meteo (REAL_PUBLIC; no IMD soil-moisture grid)
2021-08-30,9.62,30.72,IMD gridded 0.25deg (REAL_GOVERNMENT),IMD gridded 1deg (REAL_GOVERNMENT),0.504,ERA5-Land via Open-Meteo (REAL_PUBLIC; no IMD soil-moisture grid)
2021-08-31,3.01,30.69,IMD gridded 0.25deg (REAL_GOVERNMENT),IMD gridded 1deg (REAL_GOVERNMENT),0.498,ERA5-Land via Open-Meteo (REAL_PUBLIC; no IMD soil-moisture grid)
2021-09-01,7.13,30.96,IMD gridded 0.25deg (REAL_GOVERNMENT),IMD gridded 1deg (REAL_GOVERNMENT),0.5,ERA5-Land via Open-Meteo (REAL_PUBLIC; no IMD soil-moisture grid)
2021-09-02,1.89,31.37,IMD gridded 0.25deg (REAL_GOVERNMENT),IMD gridded 1deg (REAL_GOVERNMENT),0.498,ERA5-Land via Open-Meteo (REAL_PUBLIC; no IMD soil-moisture grid)
2021-09-03,0.41,31.56,IMD gridded 0.25deg (REAL_GOVERNMENT),IMD gridded 1deg (REAL_GOVERNMENT),0.486,ERA5-Land via Open-Meteo (REAL_PUBLIC; no IMD soil-moisture grid)
2021-09-04,4.27,31.46,IMD gridded 0.25deg (REAL_GOVERNMENT),IMD gridded 1deg (REAL_GOVERNMENT),0.499,ERA5-Land via Open-Meteo (REAL_PUBLIC; no IMD soil-moisture grid)
2021-09-05,3.16,31.5,IMD gridded 0.25deg (REAL_GOVERNMENT),IMD gridded 1deg (REAL_GOVERNMENT),0.503,ERA5-Land via Open-Meteo (REAL_PUBLIC; no IMD soil-moisture grid)
2021-09-06,1.08,31.58,IMD gridded 0.25deg (REAL_GOVERNMENT),IMD gridded 1deg (REAL_GOVERNMENT),0.501,ERA5-Land via Open-Meteo (REAL_PUBLIC; no IMD soil-moisture grid)
2021-09-07,23.62,30.1,IMD gridded 0.25deg (REAL_GOVERNMENT),IMD gridded 1deg (REAL_GOVERNMENT),0.499,ERA5-Land via Open-Meteo (REAL_PUBLIC; no IMD soil-moisture grid)
2021-09-08,18.14,29.01,IMD gridded 0.25deg (REAL_GOVERNMENT),IMD gridded 1deg (REAL_GOVERNMENT),0.507,ERA5-Land via Open-Meteo (REAL_PUBLIC; no IMD soil-moisture grid)
2021-09-09,3.49,29.35,IMD gridded 0.25deg (REAL_GOVERNMENT),IMD gridded 1deg (REAL_GOVERNMENT),0.507,ERA5-Land via Open-Meteo (REAL_PUBLIC; no IMD soil-moisture grid)
2021-09-10,28.25,29.86,IMD gridded 0.25deg (REAL_GOVERNMENT),IMD gridded 1deg (REAL_GOVERNMENT),0.506,ERA5-Land via Open-Meteo (REAL_PUBLIC; no IMD soil-moisture grid)
2021-09-11,6.54,30.99,IMD gridded 0.25deg (REAL_GOVERNMENT),IMD gridded 1deg (REAL_GOVERNMENT),0.497,ERA5-Land via Open-Meteo (REAL_PUBLIC; no IMD soil-moisture grid)
2021-09-12,59.59,30.64,IMD gridded 0.25deg (REAL_GOVERNMENT),IMD gridded 1deg (REAL_GOVERNMENT),0.503,ERA5-Land via Open-Meteo (REAL_PUBLIC; no IMD soil-moisture grid)
2021-09-13,12.73,30.94,IMD gridded 0.25deg (REAL_GOVERNMENT),IMD gridded 1deg (REAL_GOVERNMENT),0.503,ERA5-Land via Open-Meteo (REAL_PUBLIC; no IMD soil-moisture grid)
2021-09-14,27.61,29.57,IMD gridded 0.25deg (REAL_GOVERNMENT),IMD gridded 1deg (REAL_GOVERNMENT),0.509,ERA5-Land via Open-Meteo (REAL_PUBLIC; no IMD soil-moisture grid)
2021-09-15,59.37,27.83,IMD gridded 0.25deg (REAL_GOVERNMENT),IMD gridded 1deg (REAL_GOVERNMENT),0.513,ERA5-Land via Open-Meteo (REAL_PUBLIC; no IMD soil-moisture grid)
2021-09-16,11.77,27.44,IMD gridded 0.25deg (REAL_GOVERNMENT),IMD gridded 1deg (REAL_GOVERNMENT),0.505,ERA5-Land via Open-Meteo (REAL_PUBLIC; no IMD soil-moisture grid)
2021-09-17,5.3,28.32,IMD gridded 0.25deg (REAL_GOVERNMENT),IMD gridded 1deg (REAL_GOVERNMENT),0.491,ERA5-Land via Open-Meteo (REAL_PUBLIC; no IMD soil-moisture grid)
2021-09-18,2.82,30.34,IMD gridded 0.25deg (REAL_GOVERNMENT),IMD gridded 1deg (REAL_GOVERNMENT),0.482,ERA5-Land via Open-Meteo (REAL_PUBLIC; no IMD soil-moisture grid)
2021-09-19,0.0,31.15,IMD gridded 0.25deg (REAL_GOVERNMENT),IMD gridded 1deg (REAL_GOVERNMENT),0.465,ERA5-Land via Open-Meteo (REAL_PUBLIC; no IMD soil-moisture grid)
2021-09-20,25.64,29.48,IMD gridded 0.25deg (REAL_GOVERNMENT),IMD gridded 1deg (REAL_GOVERNMENT),0.496,ERA5-Land via Open-Meteo (REAL_PUBLIC; no IMD soil-moisture grid)
2021-09-21,12.01,30.18,IMD gridded 0.25deg (REAL_GOVERNMENT),IMD gridded 1deg (REAL_GOVERNMENT),0.498,ERA5-Land via Open-Meteo (REAL_PUBLIC; no IMD soil-moisture grid)
2021-09-22,0.0,30.82,IMD gridded 0.25deg (REAL_GOVERNMENT),IMD gridded 1deg (REAL_GOVERNMENT),0.482,ERA5-Land via Open-Meteo (REAL_PUBLIC; no IMD soil-moisture grid)
2021-09-23,6.46,30.9,IMD gridded 0.25deg (REAL_GOVERNMENT),IMD gridded 1deg (REAL_GOVERNMENT),0.491,ERA5-Land via Open-Meteo (REAL_PUBLIC; no IMD soil-moisture grid)
2021-09-24,0.0,31.11,IMD gridded 0.25deg (REAL_GOVERNMENT),IMD gridded 1deg (REAL_GOVERNMENT),0.5,ERA5-Land via Open-Meteo (REAL_PUBLIC; no IMD soil-moisture grid)
2021-09-25,6.95,30.19,IMD gridded 0.25deg (REAL_GOVERNMENT),IMD gridded 1deg (REAL_GOVERNMENT),0.491,ERA5-Land via Open-Meteo (REAL_PUBLIC; no IMD soil-moisture grid)
2021-09-26,0.0,31.3,IMD gridded 0.25deg (REAL_GOVERNMENT),IMD gridded 1deg (REAL_GOVERNMENT),0.485,ERA5-Land via Open-Meteo (REAL_PUBLIC; no IMD soil-moisture grid)
2021-09-27,1.39,30.62,IMD gridded 0.25deg (REAL_GOVERNMENT),IMD gridded 1deg (REAL_GOVERNMENT),0.484,ERA5-Land via Open-Meteo (REAL_PUBLIC; no IMD soil-moisture grid)
2021-09-28,0.0,28.7,IMD gridded 0.25deg (REAL_GOVERNMENT),IMD gridded 1deg (REAL_GOVERNMENT),0.465,ERA5-Land via Open-Meteo (REAL_PUBLIC; no IMD soil-moisture grid)
2021-09-29,18.92,31.09,IMD gridded 0.25deg (REAL_GOVERNMENT),IMD gridded 1deg (REAL_GOVERNMENT),0.479,ERA5-Land via Open-Meteo (REAL_PUBLIC; no IMD soil-moisture grid)
2021-09-30,0.0,32.07,IMD gridded 0.25deg (REAL_GOVERNMENT),IMD gridded 1deg (REAL_GOVERNMENT),0.457,ERA5-Land via Open-Meteo (REAL_PUBLIC; no IMD soil-moisture grid)
2021-10-01,2.89,31.64,IMD gridded 0.25deg (REAL_GOVERNMENT),IMD gridded 1deg (REAL_GOVERNMENT),0.433,ERA5-Land via Open-Meteo (REAL_PUBLIC; no IMD soil-moisture grid)
2021-10-02,5.39,30.74,IMD gridded 0.25deg (REAL_GOVERNMENT),IMD gridded 1deg (REAL_GOVERNMENT),0.421,ERA5-Land via Open-Meteo (REAL_PUBLIC; no IMD soil-moisture grid)
2021-10-03,2.07,32.38,IMD gridded 0.25deg (REAL_GOVERNMENT),IMD gridded 1deg (REAL_GOVERNMENT),0.424,ERA5-Land via Open-Meteo (REAL_PUBLIC; no IMD soil-moisture grid)
2021-10-04,0.0,32.76,IMD gridded 0.25deg (REAL_GOVERNMENT),IMD gridded 1deg (REAL_GOVERNMENT),0.401,ERA5-Land via Open-Meteo (REAL_PUBLIC; no IMD soil-moisture grid)
2021-10-05,0.0,32.5,IMD gridded 0.25deg (REAL_GOVERNMENT),IMD gridded 1deg (REAL_GOVERNMENT),0.371,ERA5-Land via Open-Meteo (REAL_PUBLIC; no IMD soil-moisture grid)
2021-10-06,2.44,32.75,IMD gridded 0.25deg (REAL_GOVERNMENT),IMD gridded 1deg (REAL_GOVERNMENT),0.361,ERA5-Land via Open-Meteo (REAL_PUBLIC; no IMD soil-moisture grid)
2021-10-07,0.0,33.06,IMD gridded 0.25deg (REAL_GOVERNMENT),IMD gridded 1deg (REAL_GOVERNMENT),0.362,ERA5-Land via Open-Meteo (REAL_PUBLIC; no IMD soil-moisture grid)
2021-10-08,0.0,32.89,IMD gridded 0.25deg (REAL_GOVERNMENT),IMD gridded 1deg (REAL_GOVERNMENT),0.347,ERA5-Land via Open-Meteo (REAL_PUBLIC; no IMD soil-moisture grid)
2021-10-09,1.3,32.76,IMD gridded 0.25deg (REAL_GOVERNMENT),IMD gridded 1deg (REAL_GOVERNMENT),0.328,ERA5-Land via Open-Meteo (REAL_PUBLIC; no IMD soil-moisture grid)
2021-10-10,0.0,32.88,IMD gridded 0.25deg (REAL_GOVERNMENT),IMD gridded 1deg (REAL_GOVERNMENT),0.31,ERA5-Land via Open-Meteo (REAL_PUBLIC; no IMD soil-moisture grid)
2021-10-11,0.0,32.98,IMD gridded 0.25deg (REAL_GOVERNMENT),IMD gridded 1deg (REAL_GOVERNMENT),0.295,ERA5-Land via Open-Meteo (REAL_PUBLIC; no IMD soil-moisture grid)
2021-10-12,0.0,32.71,IMD gridded 0.25deg (REAL_GOVERNMENT),IMD gridded 1deg (REAL_GOVERNMENT),0.286,ERA5-Land via Open-Meteo (REAL_PUBLIC; no IMD soil-moisture grid)
2021-10-13,0.0,32.6,IMD gridded 0.25deg (REAL_GOVERNMENT),IMD gridded 1deg (REAL_GOVERNMENT),0.29,ERA5-Land via Open-Meteo (REAL_PUBLIC; no IMD soil-moisture grid)
2021-10-14,0.0,32.07,IMD gridded 0.25deg (REAL_GOVERNMENT),IMD gridded 1deg (REAL_GOVERNMENT),0.28,ERA5-Land via Open-Meteo (REAL_PUBLIC; no IMD soil-moisture grid)
2021-10-15,0.0,32.17,IMD gridded 0.25deg (REAL_GOVERNMENT),IMD gridded 1deg (REAL_GOVERNMENT),0.276,ERA5-Land via Open-Meteo (REAL_PUBLIC; no IMD soil-moisture grid)
2021-10-16,0.25,31.9,IMD gridded 0.25deg (REAL_GOVERNMENT),IMD gridded 1deg (REAL_GOVERNMENT),0.292,ERA5-Land via Open-Meteo (REAL_PUBLIC; no IMD soil-moisture grid)
2021-10-17,0.0,30.08,IMD gridded 0.25deg (REAL_GOVERNMENT),IMD gridded 1deg (REAL_GOVERNMENT),0.438,ERA5-Land via Open-Meteo (REAL_PUBLIC; no IMD soil-moisture grid)
2021-10-18,0.54,29.83,IMD gridded 0.25deg (REAL_GOVERNMENT),IMD gridded 1deg (REAL_GOVERNMENT),0.459,ERA5-Land via Open-Meteo (REAL_PUBLIC; no IMD soil-moisture grid)
2021-10-19,0.18,30.1,IMD gridded 0.25deg (REAL_GOVERNMENT),IMD gridded 1deg (REAL_GOVERNMENT),0.421,ERA5-Land via Open-Meteo (REAL_PUBLIC; no IMD soil-moisture grid)
2021-10-20,0.0,30.36,IMD gridded 0.25deg (REAL_GOVERNMENT),IMD gridded 1deg (REAL_GOVERNMENT),0.395,ERA5-Land via Open-Meteo (REAL_PUBLIC; no IMD soil-moisture grid)
2021-10-21,0.0,30.98,IMD gridded 0.25deg (REAL_GOVERNMENT),IMD gridded 1deg (REAL_GOVERNMENT),0.371,ERA5-Land via Open-Meteo (REAL_PUBLIC; no IMD soil-moisture grid)
2021-10-22,0.0,31.35,IMD gridded 0.25deg (REAL_GOVERNMENT),IMD gridded 1deg (REAL_GOVERNMENT),0.35,ERA5-Land via Open-Meteo (REAL_PUBLIC; no IMD soil-moisture grid)
2021-10-23,0.0,30.97,IMD gridded 0.25deg (REAL_GOVERNMENT),IMD gridded 1deg (REAL_GOVERNMENT),0.333,ERA5-Land via Open-Meteo (REAL_PUBLIC; no IMD soil-moisture grid)
2021-10-24,0.0,30.37,IMD gridded 0.25deg (REAL_GOVERNMENT),IMD gridded 1deg (REAL_GOVERNMENT),0.321,ERA5-Land via Open-Meteo (REAL_PUBLIC; no IMD soil-moisture grid)
2021-10-25,0.0,30.19,IMD gridded 0.25deg (REAL_GOVERNMENT),IMD gridded 1deg (REAL_GOVERNMENT),0.313,ERA5-Land via Open-Meteo (REAL_PUBLIC; no IMD soil-moisture grid)
2021-10-26,0.0,30.24,IMD gridded 0.25deg (REAL_GOVERNMENT),IMD gridded 1deg (REAL_GOVERNMENT),0.305,ERA5-Land via Open-Meteo (REAL_PUBLIC; no IMD soil-moisture grid)
2021-10-27,0.0,29.52,IMD gridded 0.25deg (REAL_GOVERNMENT),IMD gridded 1deg (REAL_GOVERNMENT),0.295,ERA5-Land via Open-Meteo (REAL_PUBLIC; no IMD soil-moisture grid)
2021-10-28,0.0,29.08,IMD gridded 0.25deg (REAL_GOVERNMENT),IMD gridded 1deg (REAL_GOVERNMENT),0.289,ERA5-Land via Open-Meteo (REAL_PUBLIC; no IMD soil-moisture grid)
2021-10-29,0.0,28.8,IMD gridded 0.25deg (REAL_GOVERNMENT),IMD gridded 1deg (REAL_GOVERNMENT),0.283,ERA5-Land via Open-Meteo (REAL_PUBLIC; no IMD soil-moisture grid)
2021-10-30,0.0,28.87,IMD gridded 0.25deg (REAL_GOVERNMENT),IMD gridded 1deg (REAL_GOVERNMENT),0.281,ERA5-Land via Open-Meteo (REAL_PUBLIC; no IMD soil-moisture grid)
2021-10-31,0.0,28.85,IMD gridded 0.25deg (REAL_GOVERNMENT),IMD gridded 1deg (REAL_GOVERNMENT),0.275,ERA5-Land via Open-Meteo (REAL_PUBLIC; no IMD soil-moisture grid)
2021-11-01,0.0,29.58,IMD gridded 0.25deg (REAL_GOVERNMENT),IMD gridded 1deg (REAL_GOVERNMENT),0.272,ERA5-Land via Open-Meteo (REAL_PUBLIC; no IMD soil-moisture grid)
2021-11-02,0.0,29.72,IMD gridded 0.25deg (REAL_GOVERNMENT),IMD gridded 1deg (REAL_GOVERNMENT),0.276,ERA5-Land via Open-Meteo (REAL_PUBLIC; no IMD soil-moisture grid)
2021-11-03,0.0,29.91,IMD gridded 0.25deg (REAL_GOVERNMENT),IMD gridded 1deg (REAL_GOVERNMENT),0.274,ERA5-Land via Open-Meteo (REAL_PUBLIC; no IMD soil-moisture grid)
2021-11-04,0.0,29.79,IMD gridded 0.25deg (REAL_GOVERNMENT),IMD gridded 1deg (REAL_GOVERNMENT),0.269,ERA5-Land via Open-Meteo (REAL_PUBLIC; no IMD soil-moisture grid)
2021-11-05,0.0,30.41,IMD gridded 0.25deg (REAL_GOVERNMENT),IMD gridded 1deg (REAL_GOVERNMENT),0.263,ERA5-Land via Open-Meteo (REAL_PUBLIC; no IMD soil-moisture grid)
2021-11-06,0.0,29.88,IMD gridded 0.25deg (REAL_GOVERNMENT),IMD gridded 1deg (REAL_GOVERNMENT),0.261,ERA5-Land via Open-Meteo (REAL_PUBLIC; no IMD soil-moisture grid)
2021-11-07,0.0,29.07,IMD gridded 0.25deg (REAL_GOVERNMENT),IMD gridded 1deg (REAL_GOVERNMENT),0.262,ERA5-Land via Open-Meteo (REAL_PUBLIC; no IMD soil-moisture grid)
2021-11-08,0.0,29.59,IMD gridded 0.25deg (REAL_GOVERNMENT),IMD gridded 1deg (REAL_GOVERNMENT),0.264,ERA5-Land via Open-Meteo (REAL_PUBLIC; no IMD soil-moisture grid)
2021-11-09,0.0,28.97,IMD gridded 0.25deg (REAL_GOVERNMENT),IMD gridded 1deg (REAL_GOVERNMENT),0.264,ERA5-Land via Open-Meteo (REAL_PUBLIC; no IMD soil-moisture grid)
2021-11-10,0.0,28.44,IMD gridded 0.25deg (REAL_GOVERNMENT),IMD gridded 1deg (REAL_GOVERNMENT),0.272,ERA5-Land via Open-Meteo (REAL_PUBLIC; no IMD soil-moisture grid)
2021-11-11,0.0,27.91,IMD gridded 0.25deg (REAL_GOVERNMENT),IMD gridded 1deg (REAL_GOVERNMENT),0.277,ERA5-Land via Open-Meteo (REAL_PUBLIC; no IMD soil-moisture grid)
2021-11-12,0.0,28.23,IMD gridded 0.25deg (REAL_GOVERNMENT),IMD gridded 1deg (REAL_GOVERNMENT),0.28,ERA5-Land via Open-Meteo (REAL_PUBLIC; no IMD soil-moisture grid)
2021-11-13,0.0,28.4,IMD gridded 0.25deg (REAL_GOVERNMENT),IMD gridded 1deg (REAL_GOVERNMENT),0.269,ERA5-Land via Open-Meteo (REAL_PUBLIC; no IMD soil-moisture grid)
2021-11-14,0.35,29.19,IMD gridded 0.25deg (REAL_GOVERNMENT),IMD gridded 1deg (REAL_GOVERNMENT),0.265,ERA5-Land via Open-Meteo (REAL_PUBLIC; no IMD soil-moisture grid)
2021-11-15,0.0,29.4,IMD gridded 0.25deg (REAL_GOVERNMENT),IMD gridded 1deg (REAL_GOVERNMENT),0.263,ERA5-Land via Open-Meteo (REAL_PUBLIC; no IMD soil-moisture grid)
2021-11-16,0.0,28.5,IMD gridded 0.25deg (REAL_GOVERNMENT),IMD gridded 1deg (REAL_GOVERNMENT),0.259,ERA5-Land via Open-Meteo (REAL_PUBLIC; no IMD soil-moisture grid)
2021-11-17,0.0,29.21,IMD gridded 0.25deg (REAL_GOVERNMENT),IMD gridded 1deg (REAL_GOVERNMENT),0.255,ERA5-Land via Open-Meteo (REAL_PUBLIC; no IMD soil-moisture grid)
2021-11-18,0.0,30.48,IMD gridded 0.25deg (REAL_GOVERNMENT),IMD gridded 1deg (REAL_GOVERNMENT),0.251,ERA5-Land via Open-Meteo (REAL_PUBLIC; no IMD soil-moisture grid)
2021-11-19,0.0,29.71,IMD gridded 0.25deg (REAL_GOVERNMENT),IMD gridded 1deg (REAL_GOVERNMENT),0.253,ERA5-Land via Open-Meteo (REAL_PUBLIC; no IMD soil-moisture grid)
2021-11-20,0.0,29.43,IMD gridded 0.25deg (REAL_GOVERNMENT),IMD gridded 1deg (REAL_GOVERNMENT),0.253,ERA5-Land via Open-Meteo (REAL_PUBLIC; no IMD soil-moisture grid)
2021-11-21,0.3,29.57,IMD gridded 0.25deg (REAL_GOVERNMENT),IMD gridded 1deg (REAL_GOVERNMENT),0.284,ERA5-Land via Open-Meteo (REAL_PUBLIC; no IMD soil-moisture grid)
2021-11-22,2.37,29.35,IMD gridded 0.25deg (REAL_GOVERNMENT),IMD gridded 1deg (REAL_GOVERNMENT),0.365,ERA5-Land via Open-Meteo (REAL_PUBLIC; no IMD soil-moisture grid)
2021-11-23,2.84,30.07,IMD gridded 0.25deg (REAL_GOVERNMENT),IMD gridded 1deg (REAL_GOVERNMENT),0.364,ERA5-Land via Open-Meteo (REAL_PUBLIC; no IMD soil-moisture grid)
2021-11-24,0.0,29.97,IMD gridded 0.25deg (REAL_GOVERNMENT),IMD gridded 1deg (REAL_GOVERNMENT),0.344,ERA5-Land via Open-Meteo (REAL_PUBLIC; no IMD soil-moisture grid)
2021-11-25,0.0,29.0,IMD gridded 0.25deg (REAL_GOVERNMENT),IMD gridded 1deg (REAL_GOVERNMENT),0.331,ERA5-Land via Open-Meteo (REAL_PUBLIC; no IMD soil-moisture grid)
2021-11-26,0.0,28.81,IMD gridded 0.25deg (REAL_GOVERNMENT),IMD gridded 1deg (REAL_GOVERNMENT),0.319,ERA5-Land via Open-Meteo (REAL_PUBLIC; no IMD soil-moisture grid)
2021-11-27,0.0,29.02,IMD gridded 0.25deg (REAL_GOVERNMENT),IMD gridded 1deg (REAL_GOVERNMENT),0.312,ERA5-Land via Open-Meteo (REAL_PUBLIC; no IMD soil-moisture grid)
2021-11-28,0.0,28.54,IMD gridded 0.25deg (REAL_GOVERNMENT),IMD gridded 1deg (REAL_GOVERNMENT),0.307,ERA5-Land via Open-Meteo (REAL_PUBLIC; no IMD soil-moisture grid)
2021-11-29,0.0,27.57,IMD gridded 0.25deg (REAL_GOVERNMENT),IMD gridded 1deg (REAL_GOVERNMENT),0.299,ERA5-Land via Open-Meteo (REAL_PUBLIC; no IMD soil-moisture grid)
2021-11-30,0.0,26.65,IMD gridded 0.25deg (REAL_GOVERNMENT),IMD gridded 1deg (REAL_GOVERNMENT),0.292,ERA5-Land via Open-Meteo (REAL_PUBLIC; no IMD soil-moisture grid)
2021-12-01,0.0,27.14,IMD gridded 0.25deg (REAL_GOVERNMENT),IMD gridded 1deg (REAL_GOVERNMENT),0.285,ERA5-Land via Open-Meteo (REAL_PUBLIC; no IMD soil-moisture grid)
2021-12-02,0.0,26.38,IMD gridded 0.25deg (REAL_GOVERNMENT),IMD gridded 1deg (REAL_GOVERNMENT),0.277,ERA5-Land via Open-Meteo (REAL_PUBLIC; no IMD soil-moisture grid)
2021-12-03,0.0,25.44,IMD gridded 0.25deg (REAL_GOVERNMENT),IMD gridded 1deg (REAL_GOVERNMENT),0.273,ERA5-Land via Open-Meteo (REAL_PUBLIC; no IMD soil-moisture grid)
2021-12-04,0.0,28.03,IMD gridded 0.25deg (REAL_GOVERNMENT),IMD gridded 1deg (REAL_GOVERNMENT),0.273,ERA5-Land via Open-Meteo (REAL_PUBLIC; no IMD soil-moisture grid)
2021-12-05,0.0,28.68,IMD gridded 0.25deg (REAL_GOVERNMENT),IMD gridded 1deg (REAL_GOVERNMENT),0.274,ERA5-Land via Open-Meteo (REAL_PUBLIC; no IMD soil-moisture grid)
2021-12-06,0.0,28.6,IMD gridded 0.25deg (REAL_GOVERNMENT),IMD gridded 1deg (REAL_GOVERNMENT),0.273,ERA5-Land via Open-Meteo (REAL_PUBLIC; no IMD soil-moisture grid)
2021-12-07,0.0,27.46,IMD gridded 0.25deg (REAL_GOVERNMENT),IMD gridded 1deg (REAL_GOVERNMENT),0.274,ERA5-Land via Open-Meteo (REAL_PUBLIC; no IMD soil-moisture grid)
2021-12-08,0.0,27.35,IMD gridded 0.25deg (REAL_GOVERNMENT),IMD gridded 1deg (REAL_GOVERNMENT),0.275,ERA5-Land via Open-Meteo (REAL_PUBLIC; no IMD soil-moisture grid)
2021-12-09,0.0,27.76,IMD gridded 0.25deg (REAL_GOVERNMENT),IMD gridded 1deg (REAL_GOVERNMENT),0.279,ERA5-Land via Open-Meteo (REAL_PUBLIC; no IMD soil-moisture grid)
2021-12-10,0.0,26.38,IMD gridded 0.25deg (REAL_GOVERNMENT),IMD gridded 1deg (REAL_GOVERNMENT),0.278,ERA5-Land via Open-Meteo (REAL_PUBLIC; no IMD soil-moisture grid)
2021-12-11,0.0,26.31,IMD gridded 0.25deg (REAL_GOVERNMENT),IMD gridded 1deg (REAL_GOVERNMENT),0.279,ERA5-Land via Open-Meteo (REAL_PUBLIC; no IMD soil-moisture grid)
2021-12-12,0.0,26.54,IMD gridded 0.25deg (REAL_GOVERNMENT),IMD gridded 1deg (REAL_GOVERNMENT),0.28,ERA5-Land via Open-Meteo (REAL_PUBLIC; no IMD soil-moisture grid)
2021-12-13,0.0,26.55,IMD gridded 0.25deg (REAL_GOVERNMENT),IMD gridded 1deg (REAL_GOVERNMENT),0.279,ERA5-Land via Open-Meteo (REAL_PUBLIC; no IMD soil-moisture grid)
2021-12-14,0.0,27.14,IMD gridded 0.25deg (REAL_GOVERNMENT),IMD gridded 1deg (REAL_GOVERNMENT),0.28,ERA5-Land via Open-Meteo (REAL_PUBLIC; no IMD soil-moisture grid)
2021-12-15,0.0,26.42,IMD gridded 0.25deg (REAL_GOVERNMENT),IMD gridded 1deg (REAL_GOVERNMENT),0.285,ERA5-Land via Open-Meteo (REAL_PUBLIC; no IMD soil-moisture grid)
2021-12-16,0.0,27.22,IMD gridded 0.25deg (REAL_GOVERNMENT),IMD gridded 1deg (REAL_GOVERNMENT),0.284,ERA5-Land via Open-Meteo (REAL_PUBLIC; no IMD soil-moisture grid)
2021-12-17,0.0,26.8,IMD gridded 0.25deg (REAL_GOVERNMENT),IMD gridded 1deg (REAL_GOVERNMENT),0.287,ERA5-Land via Open-Meteo (REAL_PUBLIC; no IMD soil-moisture grid)
2021-12-18,0.0,23.48,IMD gridded 0.25deg (REAL_GOVERNMENT),IMD gridded 1deg (REAL_GOVERNMENT),0.291,ERA5-Land via Open-Meteo (REAL_PUBLIC; no IMD soil-moisture grid)
2021-12-19,0.0,23.38,IMD gridded 0.25deg (REAL_GOVERNMENT),IMD gridded 1deg (REAL_GOVERNMENT),0.284,ERA5-Land via Open-Meteo (REAL_PUBLIC; no IMD soil-moisture grid)
2021-12-20,0.0,24.12,IMD gridded 0.25deg (REAL_GOVERNMENT),IMD gridded 1deg (REAL_GOVERNMENT),0.281,ERA5-Land via Open-Meteo (REAL_PUBLIC; no IMD soil-moisture grid)
2021-12-21,0.0,25.52,IMD gridded 0.25deg (REAL_GOVERNMENT),IMD gridded 1deg (REAL_GOVERNMENT),0.279,ERA5-Land via Open-Meteo (REAL_PUBLIC; no IMD soil-moisture grid)
2021-12-22,0.0,26.74,IMD gridded 0.25deg (REAL_GOVERNMENT),IMD gridded 1deg (REAL_GOVERNMENT),0.277,ERA5-Land via Open-Meteo (REAL_PUBLIC; no IMD soil-moisture grid)
2021-12-23,0.0,28.03,IMD gridded 0.25deg (REAL_GOVERNMENT),IMD gridded 1deg (REAL_GOVERNMENT),0.274,ERA5-Land via Open-Meteo (REAL_PUBLIC; no IMD soil-moisture grid)
2021-12-24,0.0,28.9,IMD gridded 0.25deg (REAL_GOVERNMENT),IMD gridded 1deg (REAL_GOVERNMENT),0.273,ERA5-Land via Open-Meteo (REAL_PUBLIC; no IMD soil-moisture grid)
2021-12-25,0.0,27.19,IMD gridded 0.25deg (REAL_GOVERNMENT),IMD gridded 1deg (REAL_GOVERNMENT),0.278,ERA5-Land via Open-Meteo (REAL_PUBLIC; no IMD soil-moisture grid)
2021-12-26,0.0,27.75,IMD gridded 0.25deg (REAL_GOVERNMENT),IMD gridded 1deg (REAL_GOVERNMENT),0.277,ERA5-Land via Open-Meteo (REAL_PUBLIC; no IMD soil-moisture grid)
2021-12-27,0.0,27.13,IMD gridded 0.25deg (REAL_GOVERNMENT),IMD gridded 1deg (REAL_GOVERNMENT),0.272,ERA5-Land via Open-Meteo (REAL_PUBLIC; no IMD soil-moisture grid)
2021-12-28,0.0,24.49,IMD gridded 0.25deg (REAL_GOVERNMENT),IMD gridded 1deg (REAL_GOVERNMENT),0.32,ERA5-Land via Open-Meteo (REAL_PUBLIC; no IMD soil-moisture grid)
2021-12-29,36.02,21.26,IMD gridded 0.25deg (REAL_GOVERNMENT),IMD gridded 1deg (REAL_GOVERNMENT),0.446,ERA5-Land via Open-Meteo (REAL_PUBLIC; no IMD soil-moisture grid)
2021-12-30,5.97,21.53,IMD gridded 0.25deg (REAL_GOVERNMENT),IMD gridded 1deg (REAL_GOVERNMENT),0.436,ERA5-Land via Open-Meteo (REAL_PUBLIC; no IMD soil-moisture grid)
2021-12-31,0.0,22.26,IMD gridded 0.25deg (REAL_GOVERNMENT),IMD gridded 1deg (REAL_GOVERNMENT),0.414,ERA5-Land via Open-Meteo (REAL_PUBLIC; no IMD soil-moisture grid)
2022-01-01,0.0,24.17,IMD gridded 0.25deg (REAL_GOVERNMENT),IMD gridded 1deg (REAL_GOVERNMENT),0.399,ERA5-Land via Open-Meteo (REAL_PUBLIC; no IMD soil-moisture grid)
2022-01-02,0.0,25.26,IMD gridded 0.25deg (REAL_GOVERNMENT),IMD gridded 1deg (REAL_GOVERNMENT),0.38,ERA5-Land via Open-Meteo (REAL_PUBLIC; no IMD soil-moisture grid)
2022-01-03,0.0,25.31,IMD gridded 0.25deg (REAL_GOVERNMENT),IMD gridded 1deg (REAL_GOVERNMENT),0.362,ERA5-Land via Open-Meteo (REAL_PUBLIC; no IMD soil-moisture grid)
2022-01-04,0.0,27.19,IMD gridded 0.25deg (REAL_GOVERNMENT),IMD gridded 1deg (REAL_GOVERNMENT),0.348,ERA5-Land via Open-Meteo (REAL_PUBLIC; no IMD soil-moisture grid)
2022-01-05,0.0,27.88,IMD gridded 0.25deg (REAL_GOVERNMENT),IMD gridded 1deg (REAL_GOVERNMENT),0.34,ERA5-Land via Open-Meteo (REAL_PUBLIC; no IMD soil-moisture grid)
2022-01-06,0.0,28.15,IMD gridded 0.25deg (REAL_GOVERNMENT),IMD gridded 1deg (REAL_GOVERNMENT),0.33,ERA5-Land via Open-Meteo (REAL_PUBLIC; no IMD soil-moisture grid)
2022-01-07,0.0,26.28,IMD gridded 0.25deg (REAL_GOVERNMENT),IMD gridded 1deg (REAL_GOVERNMENT),0.324,ERA5-Land via Open-Meteo (REAL_PUBLIC; no IMD soil-moisture grid)
2022-01-08,0.0,26.92,IMD gridded 0.25deg (REAL_GOVERNMENT),IMD gridded 1deg (REAL_GOVERNMENT),0.322,ERA5-Land via Open-Meteo (REAL_PUBLIC; no IMD soil-moisture grid)
2022-01-09,1.25,22.14,IMD gridded 0.25deg (REAL_GOVERNMENT),IMD gridded 1deg (REAL_GOVERNMENT),0.385,ERA5-Land via Open-Meteo (REAL_PUBLIC; no IMD soil-moisture grid)
2022-01-10,9.97,21.61,IMD gridded 0.25deg (REAL_GOVERNMENT),IMD gridded 1deg (REAL_GOVERNMENT),0.447,ERA5-Land via Open-Meteo (REAL_PUBLIC; no IMD soil-moisture grid)
2022-01-11,5.5,20.8,IMD gridded 0.25deg (REAL_GOVERNMENT),IMD gridded 1deg (REAL_GOVERNMENT),0.432,ERA5-Land via Open-Meteo (REAL_PUBLIC; no IMD soil-moisture grid)
2022-01-12,2.67,21.74,IMD gridded 0.25deg (REAL_GOVERNMENT),IMD gridded 1deg (REAL_GOVERNMENT),0.426,ERA5-Land via Open-Meteo (REAL_PUBLIC; no IMD soil-moisture grid)
2022-01-13,0.0,23.42,IMD gridded 0.25deg (REAL_GOVERNMENT),IMD gridded 1deg (REAL_GOVERNMENT),0.411,ERA5-Land via Open-Meteo (REAL_PUBLIC; no IMD soil-moisture grid)
2022-01-14,0.0,20.4,IMD gridded 0.25deg (REAL_GOVERNMENT),IMD gridded 1deg (REAL_GOVERNMENT),0.407,ERA5-Land via Open-Meteo (REAL_PUBLIC; no IMD soil-moisture grid)
2022-01-15,2.13,20.31,IMD gridded 0.25deg (REAL_GOVERNMENT),IMD gridded 1deg (REAL_GOVERNMENT),0.407,ERA5-Land via Open-Meteo (REAL_PUBLIC; no IMD soil-moisture grid)
2022-01-16,0.0,22.75,IMD gridded 0.25deg (REAL_GOVERNMENT),IMD gridded 1deg (REAL_GOVERNMENT),0.397,ERA5-Land via Open-Meteo (REAL_PUBLIC; no IMD soil-moisture grid)
2022-01-17,0.0,24.2,IMD gridded 0.25deg (REAL_GOVERNMENT),IMD gridded 1deg (REAL_GOVERNMENT),0.382,ERA5-Land via Open-Meteo (REAL_PUBLIC; no IMD soil-moisture grid)
2022-01-18,0.0,25.61,IMD gridded 0.25deg (REAL_GOVERNMENT),IMD gridded 1deg (REAL_GOVERNMENT),0.364,ERA5-Land via Open-Meteo (REAL_PUBLIC; no IMD soil-moisture grid)
2022-01-19,0.0,25.2,IMD gridded 0.25deg (REAL_GOVERNMENT),IMD gridded 1deg (REAL_GOVERNMENT),0.343,ERA5-Land via Open-Meteo (REAL_PUBLIC; no IMD soil-moisture grid)
2022-01-20,0.0,26.93,IMD gridded 0.25deg (REAL_GOVERNMENT),IMD gridded 1deg (REAL_GOVERNMENT),0.322,ERA5-Land via Open-Meteo (REAL_PUBLIC; no IMD soil-moisture grid)
2022-01-21,0.0,26.79,IMD gridded 0.25deg (REAL_GOVERNMENT),IMD gridded 1deg (REAL_GOVERNMENT),0.306,ERA5-Land via Open-Meteo (REAL_PUBLIC; no IMD soil-moisture grid)
2022-01-22,0.0,26.89,IMD gridded 0.25deg (REAL_GOVERNMENT),IMD gridded 1deg (REAL_GOVERNMENT),0.295,ERA5-Land via Open-Meteo (REAL_PUBLIC; no IMD soil-moisture grid)
2022-01-23,0.0,25.0,IMD gridded 0.25deg (REAL_GOVERNMENT),IMD gridded 1deg (REAL_GOVERNMENT),0.291,ERA5-Land via Open-Meteo (REAL_PUBLIC; no IMD soil-moisture grid)
2022-01-24,0.0,22.42,IMD gridded 0.25deg (REAL_GOVERNMENT),IMD gridded 1deg (REAL_GOVERNMENT),0.29,ERA5-Land via Open-Meteo (REAL_PUBLIC; no IMD soil-moisture grid)
2022-01-25,0.0,21.88,IMD gridded 0.25deg (REAL_GOVERNMENT),IMD gridded 1deg (REAL_GOVERNMENT),0.291,ERA5-Land via Open-Meteo (REAL_PUBLIC; no IMD soil-moisture grid)
2022-01-26,0.0,22.56,IMD gridded 0.25deg (REAL_GOVERNMENT),IMD gridded 1deg (REAL_GOVERNMENT),0.286,ERA5-Land via Open-Meteo (REAL_PUBLIC; no IMD soil-moisture grid)
2022-01-27,0.0,22.99,IMD gridded 0.25deg (REAL_GOVERNMENT),IMD gridded 1deg (REAL_GOVERNMENT),0.28,ERA5-Land via Open-Meteo (REAL_PUBLIC; no IMD soil-moisture grid)
2022-01-28,0.0,23.0,IMD gridded 0.25deg (REAL_GOVERNMENT),IMD gridded 1deg (REAL_GOVERNMENT),0.268,ERA5-Land via Open-Meteo (REAL_PUBLIC; no IMD soil-moisture grid)
2022-01-29,0.0,25.51,IMD gridded 0.25deg (REAL_GOVERNMENT),IMD gridded 1deg (REAL_GOVERNMENT),0.257,ERA5-Land via Open-Meteo (REAL_PUBLIC; no IMD soil-moisture grid)
2022-01-30,0.0,28.11,IMD gridded 0.25deg (REAL_GOVERNMENT),IMD gridded 1deg (REAL_GOVERNMENT),0.25,ERA5-Land via Open-Meteo (REAL_PUBLIC; no IMD soil-moisture grid)
2022-01-31,0.0,28.65,IMD gridded 0.25deg (REAL_GOVERNMENT),IMD gridded 1deg (REAL_GOVERNMENT),0.244,ERA5-Land via Open-Meteo (REAL_PUBLIC; no IMD soil-moisture grid)
2022-02-01,0.0,28.61,IMD gridded 0.25deg (REAL_GOVERNMENT),IMD gridded 1deg (REAL_GOVERNMENT),0.243,ERA5-Land via Open-Meteo (REAL_PUBLIC; no IMD soil-moisture grid)
2022-02-02,0.0,29.56,IMD gridded 0.25deg (REAL_GOVERNMENT),IMD gridded 1deg (REAL_GOVERNMENT),0.243,ERA5-Land via Open-Meteo (REAL_PUBLIC; no IMD soil-moisture grid)
2022-02-03,0.0,29.61,IMD gridded 0.25deg (REAL_GOVERNMENT),IMD gridded 1deg (REAL_GOVERNMENT),0.246,ERA5-Land via Open-Meteo (REAL_PUBLIC; no IMD soil-moisture grid)
2022-02-04,0.0,25.19,IMD gridded 0.25deg (REAL_GOVERNMENT),IMD gridded 1deg (REAL_GOVERNMENT),0.255,ERA5-Land via Open-Meteo (REAL_PUBLIC; no IMD soil-moisture grid)
2022-02-05,0.0,25.91,IMD gridded 0.25deg (REAL_GOVERNMENT),IMD gridded 1deg (REAL_GOVERNMENT),0.254,ERA5-Land via Open-Meteo (REAL_PUBLIC; no IMD soil-moisture grid)
2022-02-06,0.0,27.83,IMD gridded 0.25deg (REAL_GOVERNMENT),IMD gridded 1deg (REAL_GOVERNMENT),0.25,ERA5-Land via Open-Meteo (REAL_PUBLIC; no IMD soil-moisture grid)
2022-02-07,0.0,28.73,IMD gridded 0.25deg (REAL_GOVERNMENT),IMD gridded 1deg (REAL_GOVERNMENT),0.246,ERA5-Land via Open-Meteo (REAL_PUBLIC; no IMD soil-moisture grid)
2022-02-08,0.0,29.48,IMD gridded 0.25deg (REAL_GOVERNMENT),IMD gridded 1deg (REAL_GOVERNMENT),0.247,ERA5-Land via Open-Meteo (REAL_PUBLIC; no IMD soil-moisture grid)
2022-02-09,0.0,28.02,IMD gridded 0.25deg (REAL_GOVERNMENT),IMD gridded 1deg (REAL_GOVERNMENT),0.256,ERA5-Land via Open-Meteo (REAL_PUBLIC; no IMD soil-moisture grid)
2022-02-10,12.44,25.07,IMD gridded 0.25deg (REAL_GOVERNMENT),IMD gridded 1deg (REAL_GOVERNMENT),0.264,ERA5-Land via Open-Meteo (REAL_PUBLIC; no IMD soil-moisture grid)
2022-02-11,0.0,25.48,IMD gridded 0.25deg (REAL_GOVERNMENT),IMD gridded 1deg (REAL_GOVERNMENT),0.271,ERA5-Land via Open-Meteo (REAL_PUBLIC; no IMD soil-moisture grid)
2022-02-12,0.0,27.08,IMD gridded 0.25deg (REAL_GOVERNMENT),IMD gridded 1deg (REAL_GOVERNMENT),0.267,ERA5-Land via Open-Meteo (REAL_PUBLIC; no IMD soil-moisture grid)
2022-02-13,0.0,28.43,IMD gridded 0.25deg (REAL_GOVERNMENT),IMD gridded 1deg (REAL_GOVERNMENT),0.259,ERA5-Land via Open-Meteo (REAL_PUBLIC; no IMD soil-moisture grid)
2022-02-14,0.0,29.06,IMD gridded 0.25deg (REAL_GOVERNMENT),IMD gridded 1deg (REAL_GOVERNMENT),0.258,ERA5-Land via Open-Meteo (REAL_PUBLIC; no IMD soil-moisture grid)
2022-02-15,0.0,28.89,IMD gridded 0.25deg (REAL_GOVERNMENT),IMD gridded 1deg (REAL_GOVERNMENT),0.261,ERA5-Land via Open-Meteo (REAL_PUBLIC; no IMD soil-moisture grid)
2022-02-16,0.0,28.81,IMD gridded 0.25deg (REAL_GOVERNMENT),IMD gridded 1deg (REAL_GOVERNMENT),0.267,ERA5-Land via Open-Meteo (REAL_PUBLIC; no IMD soil-moisture grid)
2022-02-17,0.0,27.18,IMD gridded 0.25deg (REAL_GOVERNMENT),IMD gridded 1deg (REAL_GOVERNMENT),0.273,ERA5-Land via Open-Meteo (REAL_PUBLIC; no IMD soil-moisture grid)
2022-02-18,0.0,28.5,IMD gridded 0.25deg (REAL_GOVERNMENT),IMD gridded 1deg (REAL_GOVERNMENT),0.269,ERA5-Land via Open-Meteo (REAL_PUBLIC; no IMD soil-moisture grid)
2022-02-19,0.0,29.29,IMD gridded 0.25deg (REAL_GOVERNMENT),IMD gridded 1deg (REAL_GOVERNMENT),0.279,ERA5-Land via Open-Meteo (REAL_PUBLIC; no IMD soil-moisture grid)
2022-02-20,0.0,29.71,IMD gridded 0.25deg (REAL_GOVERNMENT),IMD gridded 1deg (REAL_GOVERNMENT),0.281,ERA5-Land via Open-Meteo (REAL_PUBLIC; no IMD soil-moisture grid)
2022-02-21,0.0,30.73,IMD gridded 0.25deg (REAL_GOVERNMENT),IMD gridded 1deg (REAL_GOVERNMENT),0.28,ERA5-Land via Open-Meteo (REAL_PUBLIC; no IMD soil-moisture grid)
2022-02-22,0.0,33.21,IMD gridded 0.25deg (REAL_GOVERNMENT),IMD gridded 1deg (REAL_GOVERNMENT),0.274,ERA5-Land via Open-Meteo (REAL_PUBLIC; no IMD soil-moisture grid)
2022-02-23,0.0,33.41,IMD gridded 0.25deg (REAL_GOVERNMENT),IMD gridded 1deg (REAL_GOVERNMENT),0.274,ERA5-Land via Open-Meteo (REAL_PUBLIC; no IMD soil-moisture grid)
2022-02-24,0.0,32.83,IMD gridded 0.25deg (REAL_GOVERNMENT),IMD gridded 1deg (REAL_GOVERNMENT),0.269,ERA5-Land via Open-Meteo (REAL_PUBLIC; no IMD soil-moisture grid)
2022-02-25,0.0,31.4,IMD gridded 0.25deg (REAL_GOVERNMENT),IMD gridded 1deg (REAL_GOVERNMENT),0.265,ERA5-Land via Open-Meteo (REAL_PUBLIC; no IMD soil-moisture grid)
2022-02-26,0.0,32.38,IMD gridded 0.25deg (REAL_GOVERNMENT),IMD gridded 1deg (REAL_GOVERNMENT),0.263,ERA5-Land via Open-Meteo (REAL_PUBLIC; no IMD soil-moisture grid)
2022-02-27,0.0,32.63,IMD gridded 0.25deg (REAL_GOVERNMENT),IMD gridded 1deg (REAL_GOVERNMENT),0.262,ERA5-Land via Open-Meteo (REAL_PUBLIC; no IMD soil-moisture grid)
2022-02-28,0.0,31.24,IMD gridded 0.25deg (REAL_GOVERNMENT),IMD gridded 1deg (REAL_GOVERNMENT),0.263,ERA5-Land via Open-Meteo (REAL_PUBLIC; no IMD soil-moisture grid)
2022-03-01,0.0,31.61,IMD gridded 0.25deg (REAL_GOVERNMENT),IMD gridded 1deg (REAL_GOVERNMENT),0.261,ERA5-Land via Open-Meteo (REAL_PUBLIC; no IMD soil-moisture grid)
2022-03-02,0.0,32.38,IMD gridded 0.25deg (REAL_GOVERNMENT),IMD gridded 1deg (REAL_GOVERNMENT),0.266,ERA5-Land via Open-Meteo (REAL_PUBLIC; no IMD soil-moisture grid)
2022-03-03,0.0,32.07,IMD gridded 0.25deg (REAL_GOVERNMENT),IMD gridded 1deg (REAL_GOVERNMENT),0.258,ERA5-Land via Open-Meteo (REAL_PUBLIC; no IMD soil-moisture grid)
2022-03-04,0.0,32.5,IMD gridded 0.25deg (REAL_GOVERNMENT),IMD gridded 1deg (REAL_GOVERNMENT),0.252,ERA5-Land via Open-Meteo (REAL_PUBLIC; no IMD soil-moisture grid)
2022-03-05,0.0,31.83,IMD gridded 0.25deg (REAL_GOVERNMENT),IMD gridded 1deg (REAL_GOVERNMENT),0.251,ERA5-Land via Open-Meteo (REAL_PUBLIC; no IMD soil-moisture grid)
2022-03-06,0.0,32.11,IMD gridded 0.25deg (REAL_GOVERNMENT),IMD gridded 1deg (REAL_GOVERNMENT),0.253,ERA5-Land via Open-Meteo (REAL_PUBLIC; no IMD soil-moisture grid)
2022-03-07,0.0,32.91,IMD gridded 0.25deg (REAL_GOVERNMENT),IMD gridded 1deg (REAL_GOVERNMENT),0.262,ERA5-Land via Open-Meteo (REAL_PUBLIC; no IMD soil-moisture grid)
2022-03-08,0.0,30.91,IMD gridded 0.25deg (REAL_GOVERNMENT),IMD gridded 1deg (REAL_GOVERNMENT),0.267,ERA5-Land via Open-Meteo (REAL_PUBLIC; no IMD soil-moisture grid)
2022-03-09,0.0,32.46,IMD gridded 0.25deg (REAL_GOVERNMENT),IMD gridded 1deg (REAL_GOVERNMENT),0.268,ERA5-Land via Open-Meteo (REAL_PUBLIC; no IMD soil-moisture grid)
2022-03-10,0.0,33.43,IMD gridded 0.25deg (REAL_GOVERNMENT),IMD gridded 1deg (REAL_GOVERNMENT),0.267,ERA5-Land via Open-Meteo (REAL_PUBLIC; no IMD soil-moisture grid)
2022-03-11,0.0,33.04,IMD gridded 0.25deg (REAL_GOVERNMENT),IMD gridded 1deg (REAL_GOVERNMENT),0.264,ERA5-Land via Open-Meteo (REAL_PUBLIC; no IMD soil-moisture grid)
2022-03-12,0.0,33.16,IMD gridded 0.25deg (REAL_GOVERNMENT),IMD gridded 1deg (REAL_GOVERNMENT),0.261,ERA5-Land via Open-Meteo (REAL_PUBLIC; no IMD soil-moisture grid)
2022-03-13,0.0,34.37,IMD gridded 0.25deg (REAL_GOVERNMENT),IMD gridded 1deg (REAL_GOVERNMENT),0.259,ERA5-Land via Open-Meteo (REAL_PUBLIC; no IMD soil-moisture grid)
2022-03-14,0.0,35.57,IMD gridded 0.25deg (REAL_GOVERNMENT),IMD gridded 1deg (REAL_GOVERNMENT),0.257,ERA5-Land via Open-Meteo (REAL_PUBLIC; no IMD soil-moisture grid)
2022-03-15,0.0,37.24,IMD gridded 0.25deg (REAL_GOVERNMENT),IMD gridded 1deg (REAL_GOVERNMENT),0.256,ERA5-Land via Open-Meteo (REAL_PUBLIC; no IMD soil-moisture grid)
2022-03-16,0.0,38.04,IMD gridded 0.25deg (REAL_GOVERNMENT),IMD gridded 1deg (REAL_GOVERNMENT),0.255,ERA5-Land via Open-Meteo (REAL_PUBLIC; no IMD soil-moisture grid)
2022-03-17,0.0,38.23,IMD gridded 0.25deg (REAL_GOVERNMENT),IMD gridded 1deg (REAL_GOVERNMENT),0.254,ERA5-Land via Open-Meteo (REAL_PUBLIC; no IMD soil-moisture grid)
2022-03-18,0.0,38.39,IMD gridded 0.25deg (REAL_GOVERNMENT),IMD gridded 1deg (REAL_GOVERNMENT),0.253,ERA5-Land via Open-Meteo (REAL_PUBLIC; no IMD soil-moisture grid)
2022-03-19,0.0,37.46,IMD gridded 0.25deg (REAL_GOVERNMENT),IMD gridded 1deg (REAL_GOVERNMENT),0.253,ERA5-Land via Open-Meteo (REAL_PUBLIC; no IMD soil-moisture grid)
2022-03-20,0.0,37.74,IMD gridded 0.25deg (REAL_GOVERNMENT),IMD gridded 1deg (REAL_GOVERNMENT),0.253,ERA5-Land via Open-Meteo (REAL_PUBLIC; no IMD soil-moisture grid)
2022-03-21,0.0,38.14,IMD gridded 0.25deg (REAL_GOVERNMENT),IMD gridded 1deg (REAL_GOVERNMENT),0.253,ERA5-Land via Open-Meteo (REAL_PUBLIC; no IMD soil-moisture grid)
2022-03-22,0.0,38.14,IMD gridded 0.25deg (REAL_GOVERNMENT),IMD gridded 1deg (REAL_GOVERNMENT),0.252,ERA5-Land via Open-Meteo (REAL_PUBLIC; no IMD soil-moisture grid)
2022-03-23,0.0,37.99,IMD gridded 0.25deg (REAL_GOVERNMENT),IMD gridded 1deg (REAL_GOVERNMENT),0.252,ERA5-Land via Open-Meteo (REAL_PUBLIC; no IMD soil-moisture grid)
2022-03-24,0.0,37.72,IMD gridded 0.25deg (REAL_GOVERNMENT),IMD gridded 1deg (REAL_GOVERNMENT),0.252,ERA5-Land via Open-Meteo (REAL_PUBLIC; no IMD soil-moisture grid)
2022-03-25,0.0,38.16,IMD gridded 0.25deg (REAL_GOVERNMENT),IMD gridded 1deg (REAL_GOVERNMENT),0.252,ERA5-Land via Open-Meteo (REAL_PUBLIC; no IMD soil-moisture grid)
2022-03-26,0.0,38.28,IMD gridded 0.25deg (REAL_GOVERNMENT),IMD gridded 1deg (REAL_GOVERNMENT),0.252,ERA5-Land via Open-Meteo (REAL_PUBLIC; no IMD soil-moisture grid)
2022-03-27,0.0,38.93,IMD gridded 0.25deg (REAL_GOVERNMENT),IMD gridded 1deg (REAL_GOVERNMENT),0.25,ERA5-Land via Open-Meteo (REAL_PUBLIC; no IMD soil-moisture grid)
2022-03-28,0.0,39.53,IMD gridded 0.25deg (REAL_GOVERNMENT),IMD gridded 1deg (REAL_GOVERNMENT),0.251,ERA5-Land via Open-Meteo (REAL_PUBLIC; no IMD soil-moisture grid)
2022-03-29,0.0,39.98,IMD gridded 0.25deg (REAL_GOVERNMENT),IMD gridded 1deg (REAL_GOVERNMENT),0.252,ERA5-Land via Open-Meteo (REAL_PUBLIC; no IMD soil-moisture grid)
2022-03-30,0.0,40.31,IMD gridded 0.25deg (REAL_GOVERNMENT),IMD gridded 1deg (REAL_GOVERNMENT),0.252,ERA5-Land via Open-Meteo (REAL_PUBLIC; no IMD soil-moisture grid)
2022-03-31,0.0,40.86,IMD gridded 0.25deg (REAL_GOVERNMENT),IMD gridded 1deg (REAL_GOVERNMENT),0.252,ERA5-Land via Open-Meteo (REAL_PUBLIC; no IMD soil-moisture grid)
2022-04-01,0.0,40.38,IMD gridded 0.25deg (REAL_GOVERNMENT),IMD gridded 1deg (REAL_GOVERNMENT),0.252,ERA5-Land via Open-Meteo (REAL_PUBLIC; no IMD soil-moisture grid)
2022-04-02,0.0,40.5,IMD gridded 0.25deg (REAL_GOVERNMENT),IMD gridded 1deg (REAL_GOVERNMENT),0.252,ERA5-Land via Open-Meteo (REAL_PUBLIC; no IMD soil-moisture grid)
2022-04-03,0.0,40.67,IMD gridded 0.25deg (REAL_GOVERNMENT),IMD gridded 1deg (REAL_GOVERNMENT),0.251,ERA5-Land via Open-Meteo (REAL_PUBLIC; no IMD soil-moisture grid)
2022-04-04,0.0,41.21,IMD gridded 0.25deg (REAL_GOVERNMENT),IMD gridded 1deg (REAL_GOVERNMENT),0.251,ERA5-Land via Open-Meteo (REAL_PUBLIC; no IMD soil-moisture grid)
2022-04-05,0.0,41.15,IMD gridded 0.25deg (REAL_GOVERNMENT),IMD gridded 1deg (REAL_GOVERNMENT),0.252,ERA5-Land via Open-Meteo (REAL_PUBLIC; no IMD soil-moisture grid)
2022-04-06,0.0,41.03,IMD gridded 0.25deg (REAL_GOVERNMENT),IMD gridded 1deg (REAL_GOVERNMENT),0.252,ERA5-Land via Open-Meteo (REAL_PUBLIC; no IMD soil-moisture grid)
2022-04-07,0.0,40.75,IMD gridded 0.25deg (REAL_GOVERNMENT),IMD gridded 1deg (REAL_GOVERNMENT),0.252,ERA5-Land via Open-Meteo (REAL_PUBLIC; no IMD soil-moisture grid)
2022-04-08,0.0,40.88,IMD gridded 0.25deg (REAL_GOVERNMENT),IMD gridded 1deg (REAL_GOVERNMENT),0.252,ERA5-Land via Open-Meteo (REAL_PUBLIC; no IMD soil-moisture grid)
2022-04-09,0.0,40.97,IMD gridded 0.25deg (REAL_GOVERNMENT),IMD gridded 1deg (REAL_GOVERNMENT),0.252,ERA5-Land via Open-Meteo (REAL_PUBLIC; no IMD soil-moisture grid)
2022-04-10,0.0,41.64,IMD gridded 0.25deg (REAL_GOVERNMENT),IMD gridded 1deg (REAL_GOVERNMENT),0.248,ERA5-Land via Open-Meteo (REAL_PUBLIC; no IMD soil-moisture grid)
2022-04-11,0.0,41.6,IMD gridded 0.25deg (REAL_GOVERNMENT),IMD gridded 1deg (REAL_GOVERNMENT),0.249,ERA5-Land via Open-Meteo (REAL_PUBLIC; no IMD soil-moisture grid)
2022-04-12,0.0,41.13,IMD gridded 0.25deg (REAL_GOVERNMENT),IMD gridded 1deg (REAL_GOVERNMENT),0.252,ERA5-Land via Open-Meteo (REAL_PUBLIC; no IMD soil-moisture grid)
2022-04-13,0.0,40.41,IMD gridded 0.25deg (REAL_GOVERNMENT),IMD gridded 1deg (REAL_GOVERNMENT),0.252,ERA5-Land via Open-Meteo (REAL_PUBLIC; no IMD soil-moisture grid)
2022-04-14,0.0,39.75,IMD gridded 0.25deg (REAL_GOVERNMENT),IMD gridded 1deg (REAL_GOVERNMENT),0.252,ERA5-Land via Open-Meteo (REAL_PUBLIC; no IMD soil-moisture grid)
2022-04-15,0.0,40.35,IMD gridded 0.25deg (REAL_GOVERNMENT),IMD gridded 1deg (REAL_GOVERNMENT),0.252,ERA5-Land via Open-Meteo (REAL_PUBLIC; no IMD soil-moisture grid)
2022-04-16,0.0,40.83,IMD gridded 0.25deg (REAL_GOVERNMENT),IMD gridded 1deg (REAL_GOVERNMENT),0.252,ERA5-Land via Open-Meteo (REAL_PUBLIC; no IMD soil-moisture grid)
2022-04-17,0.0,40.83,IMD gridded 0.25deg (REAL_GOVERNMENT),IMD gridded 1deg (REAL_GOVERNMENT),0.252,ERA5-Land via Open-Meteo (REAL_PUBLIC; no IMD soil-moisture grid)
2022-04-18,0.0,41.66,IMD gridded 0.25deg (REAL_GOVERNMENT),IMD gridded 1deg (REAL_GOVERNMENT),0.252,ERA5-Land via Open-Meteo (REAL_PUBLIC; no IMD soil-moisture grid)
2022-04-19,0.0,42.12,IMD gridded 0.25deg (REAL_GOVERNMENT),IMD gridded 1deg (REAL_GOVERNMENT),0.252,ERA5-Land via Open-Meteo (REAL_PUBLIC; no IMD soil-moisture grid)
2022-04-20,0.0,42.3,IMD gridded 0.25deg (REAL_GOVERNMENT),IMD gridded 1deg (REAL_GOVERNMENT),0.252,ERA5-Land via Open-Meteo (REAL_PUBLIC; no IMD soil-moisture grid)
2022-04-21,0.0,41.32,IMD gridded 0.25deg (REAL_GOVERNMENT),IMD gridded 1deg (REAL_GOVERNMENT),0.252,ERA5-Land via Open-Meteo (REAL_PUBLIC; no IMD soil-moisture grid)
2022-04-22,3.2,38.68,IMD gridded 0.25deg (REAL_GOVERNMENT),IMD gridded 1deg (REAL_GOVERNMENT),0.252,ERA5-Land via Open-Meteo (REAL_PUBLIC; no IMD soil-moisture grid)
2022-04-23,0.0,40.29,IMD gridded 0.25deg (REAL_GOVERNMENT),IMD gridded 1deg (REAL_GOVERNMENT),0.252,ERA5-Land via Open-Meteo (REAL_PUBLIC; no IMD soil-moisture grid)
2022-04-24,0.0,40.71,IMD gridded 0.25deg (REAL_GOVERNMENT),IMD gridded 1deg (REAL_GOVERNMENT),0.252,ERA5-Land via Open-Meteo (REAL_PUBLIC; no IMD soil-moisture grid)
2022-04-25,0.0,41.38,IMD gridded 0.25deg (REAL_GOVERNMENT),IMD gridded 1deg (REAL_GOVERNMENT),0.256,ERA5-Land via Open-Meteo (REAL_PUBLIC; no IMD soil-moisture grid)
2022-04-26,0.0,41.78,IMD gridded 0.25deg (REAL_GOVERNMENT),IMD gridded 1deg (REAL_GOVERNMENT),0.252,ERA5-Land via Open-Meteo (REAL_PUBLIC; no IMD soil-moisture grid)
2022-04-27,0.0,42.46,IMD gridded 0.25deg (REAL_GOVERNMENT),IMD gridded 1deg (REAL_GOVERNMENT),0.252,ERA5-Land via Open-Meteo (REAL_PUBLIC; no IMD soil-moisture grid)
2022-04-28,0.0,42.73,IMD gridded 0.25deg (REAL_GOVERNMENT),IMD gridded 1deg (REAL_GOVERNMENT),0.252,ERA5-Land via Open-Meteo (REAL_PUBLIC; no IMD soil-moisture grid)
2022-04-29,0.0,43.48,IMD gridded 0.25deg (REAL_GOVERNMENT),IMD gridded 1deg (REAL_GOVERNMENT),0.252,ERA5-Land via Open-Meteo (REAL_PUBLIC; no IMD soil-moisture grid)
2022-04-30,0.0,42.74,IMD gridded 0.25deg (REAL_GOVERNMENT),IMD gridded 1deg (REAL_GOVERNMENT),0.252,ERA5-Land via Open-Meteo (REAL_PUBLIC; no IMD soil-moisture grid)
2022-05-01,0.0,41.76,IMD gridded 0.25deg (REAL_GOVERNMENT),IMD gridded 1deg (REAL_GOVERNMENT),0.252,ERA5-Land via Open-Meteo (REAL_PUBLIC; no IMD soil-moisture grid)
2022-05-02,0.0,42.04,IMD gridded 0.25deg (REAL_GOVERNMENT),IMD gridded 1deg (REAL_GOVERNMENT),0.252,ERA5-Land via Open-Meteo (REAL_PUBLIC; no IMD soil-moisture grid)
2022-05-03,0.0,42.09,IMD gridded 0.25deg (REAL_GOVERNMENT),IMD gridded 1deg (REAL_GOVERNMENT),0.252,ERA5-Land via Open-Meteo (REAL_PUBLIC; no IMD soil-moisture grid)
2022-05-04,0.0,41.43,IMD gridded 0.25deg (REAL_GOVERNMENT),IMD gridded 1deg (REAL_GOVERNMENT),0.252,ERA5-Land via Open-Meteo (REAL_PUBLIC; no IMD soil-moisture grid)
2022-05-05,0.0,41.28,IMD gridded 0.25deg (REAL_GOVERNMENT),IMD gridded 1deg (REAL_GOVERNMENT),0.252,ERA5-Land via Open-Meteo (REAL_PUBLIC; no IMD soil-moisture grid)
2022-05-06,0.0,42.07,IMD gridded 0.25deg (REAL_GOVERNMENT),IMD gridded 1deg (REAL_GOVERNMENT),0.252,ERA5-Land via Open-Meteo (REAL_PUBLIC; no IMD soil-moisture grid)
2022-05-07,0.0,40.76,IMD gridded 0.25deg (REAL_GOVERNMENT),IMD gridded 1deg (REAL_GOVERNMENT),0.252,ERA5-Land via Open-Meteo (REAL_PUBLIC; no IMD soil-moisture grid)
2022-05-08,0.0,41.84,IMD gridded 0.25deg (REAL_GOVERNMENT),IMD gridded 1deg (REAL_GOVERNMENT),0.25,ERA5-Land via Open-Meteo (REAL_PUBLIC; no IMD soil-moisture grid)
2022-05-09,0.0,42.3,IMD gridded 0.25deg (REAL_GOVERNMENT),IMD gridded 1deg (REAL_GOVERNMENT),0.25,ERA5-Land via Open-Meteo (REAL_PUBLIC; no IMD soil-moisture grid)
2022-05-10,0.0,41.76,IMD gridded 0.25deg (REAL_GOVERNMENT),IMD gridded 1deg (REAL_GOVERNMENT),0.252,ERA5-Land via Open-Meteo (REAL_PUBLIC; no IMD soil-moisture grid)
2022-05-11,0.0,40.96,IMD gridded 0.25deg (REAL_GOVERNMENT),IMD gridded 1deg (REAL_GOVERNMENT),0.255,ERA5-Land via Open-Meteo (REAL_PUBLIC; no IMD soil-moisture grid)
2022-05-12,0.0,40.92,IMD gridded 0.25deg (REAL_GOVERNMENT),IMD gridded 1deg (REAL_GOVERNMENT),0.252,ERA5-Land via Open-Meteo (REAL_PUBLIC; no IMD soil-moisture grid)
2022-05-13,3.86,42.69,IMD gridded 0.25deg (REAL_GOVERNMENT),IMD gridded 1deg (REAL_GOVERNMENT),0.252,ERA5-Land via Open-Meteo (REAL_PUBLIC; no IMD soil-moisture grid)
2022-05-14,0.0,44.07,IMD gridded 0.25deg (REAL_GOVERNMENT),IMD gridded 1deg (REAL_GOVERNMENT),0.25,ERA5-Land via Open-Meteo (REAL_PUBLIC; no IMD soil-moisture grid)
2022-05-15,0.0,43.4,IMD gridded 0.25deg (REAL_GOVERNMENT),IMD gridded 1deg (REAL_GOVERNMENT),0.252,ERA5-Land via Open-Meteo (REAL_PUBLIC; no IMD soil-moisture grid)
2022-05-16,0.12,40.65,IMD gridded 0.25deg (REAL_GOVERNMENT),IMD gridded 1deg (REAL_GOVERNMENT),0.255,ERA5-Land via Open-Meteo (REAL_PUBLIC; no IMD soil-moisture grid)
2022-05-17,0.0,41.88,IMD gridded 0.25deg (REAL_GOVERNMENT),IMD gridded 1deg (REAL_GOVERNMENT),0.263,ERA5-Land via Open-Meteo (REAL_PUBLIC; no IMD soil-moisture grid)
2022-05-18,0.0,41.84,IMD gridded 0.25deg (REAL_GOVERNMENT),IMD gridded 1deg (REAL_GOVERNMENT),0.257,ERA5-Land via Open-Meteo (REAL_PUBLIC; no IMD soil-moisture grid)
2022-05-19,6.41,41.19,IMD gridded 0.25deg (REAL_GOVERNMENT),IMD gridded 1deg (REAL_GOVERNMENT),0.258,ERA5-Land via Open-Meteo (REAL_PUBLIC; no IMD soil-moisture grid)
2022-05-20,0.0,42.62,IMD gridded 0.25deg (REAL_GOVERNMENT),IMD gridded 1deg (REAL_GOVERNMENT),0.262,ERA5-Land via Open-Meteo (REAL_PUBLIC; no IMD soil-moisture grid)
2022-05-21,0.0,41.63,IMD gridded 0.25deg (REAL_GOVERNMENT),IMD gridded 1deg (REAL_GOVERNMENT),0.261,ERA5-Land via Open-Meteo (REAL_PUBLIC; no IMD soil-moisture grid)
2022-05-22,0.0,40.04,IMD gridded 0.25deg (REAL_GOVERNMENT),IMD gridded 1deg (REAL_GOVERNMENT),0.257,ERA5-Land via Open-Meteo (REAL_PUBLIC; no IMD soil-moisture grid)
2022-05-23,0.0,38.96,IMD gridded 0.25deg (REAL_GOVERNMENT),IMD gridded 1deg (REAL_GOVERNMENT),0.259,ERA5-Land via Open-Meteo (REAL_PUBLIC; no IMD soil-moisture grid)
2022-05-24,0.0,37.78,IMD gridded 0.25deg (REAL_GOVERNMENT),IMD gridded 1deg (REAL_GOVERNMENT),0.289,ERA5-Land via Open-Meteo (REAL_PUBLIC; no IMD soil-moisture grid)
2022-05-25,0.0,38.23,IMD gridded 0.25deg (REAL_GOVERNMENT),IMD gridded 1deg (REAL_GOVERNMENT),0.27,ERA5-Land via Open-Meteo (REAL_PUBLIC; no IMD soil-moisture grid)
2022-05-26,9.96,39.33,IMD gridded 0.25deg (REAL_GOVERNMENT),IMD gridded 1deg (REAL_GOVERNMENT),0.269,ERA5-Land via Open-Meteo (REAL_PUBLIC; no IMD soil-moisture grid)
2022-05-27,0.0,39.58,IMD gridded 0.25deg (REAL_GOVERNMENT),IMD gridded 1deg (REAL_GOVERNMENT),0.269,ERA5-Land via Open-Meteo (REAL_PUBLIC; no IMD soil-moisture grid)
2022-05-28,0.0,39.7,IMD gridded 0.25deg (REAL_GOVERNMENT),IMD gridded 1deg (REAL_GOVERNMENT),0.265,ERA5-Land via Open-Meteo (REAL_PUBLIC; no IMD soil-moisture grid)
2022-05-29,0.0,39.78,IMD gridded 0.25deg (REAL_GOVERNMENT),IMD gridded 1deg (REAL_GOVERNMENT),0.264,ERA5-Land via Open-Meteo (REAL_PUBLIC; no IMD soil-moisture grid)
2022-05-30,5.11,40.65,IMD gridded 0.25deg (REAL_GOVERNMENT),IMD gridded 1deg (REAL_GOVERNMENT),0.269,ERA5-Land via Open-Meteo (REAL_PUBLIC; no IMD soil-moisture grid)
2022-05-31,4.37,41.13,IMD gridded 0.25deg (REAL_GOVERNMENT),IMD gridded 1deg (REAL_GOVERNMENT),0.271,ERA5-Land via Open-Meteo (REAL_PUBLIC; no IMD soil-moisture grid)
2022-06-01,0.0,41.75,IMD gridded 0.25deg (REAL_GOVERNMENT),IMD gridded 1deg (REAL_GOVERNMENT),0.271,ERA5-Land via Open-Meteo (REAL_PUBLIC; no IMD soil-moisture grid)
2022-06-02,0.0,43.32,IMD gridded 0.25deg (REAL_GOVERNMENT),IMD gridded 1deg (REAL_GOVERNMENT),0.269,ERA5-Land via Open-Meteo (REAL_PUBLIC; no IMD soil-moisture grid)
2022-06-03,0.0,42.89,IMD gridded 0.25deg (REAL_GOVERNMENT),IMD gridded 1deg (REAL_GOVERNMENT),0.262,ERA5-Land via Open-Meteo (REAL_PUBLIC; no IMD soil-moisture grid)
2022-06-04,0.0,42.63,IMD gridded 0.25deg (REAL_GOVERNMENT),IMD gridded 1deg (REAL_GOVERNMENT),0.256,ERA5-Land via Open-Meteo (REAL_PUBLIC; no IMD soil-moisture grid)
2022-06-05,0.0,42.51,IMD gridded 0.25deg (REAL_GOVERNMENT),IMD gridded 1deg (REAL_GOVERNMENT),0.25,ERA5-Land via Open-Meteo (REAL_PUBLIC; no IMD soil-moisture grid)
2022-06-06,0.0,42.66,IMD gridded 0.25deg (REAL_GOVERNMENT),IMD gridded 1deg (REAL_GOVERNMENT),0.259,ERA5-Land via Open-Meteo (REAL_PUBLIC; no IMD soil-moisture grid)
2022-06-07,0.0,42.62,IMD gridded 0.25deg (REAL_GOVERNMENT),IMD gridded 1deg (REAL_GOVERNMENT),0.258,ERA5-Land via Open-Meteo (REAL_PUBLIC; no IMD soil-moisture grid)
2022-06-08,0.0,42.82,IMD gridded 0.25deg (REAL_GOVERNMENT),IMD gridded 1deg (REAL_GOVERNMENT),0.259,ERA5-Land via Open-Meteo (REAL_PUBLIC; no IMD soil-moisture grid)
2022-06-09,0.0,41.25,IMD gridded 0.25deg (REAL_GOVERNMENT),IMD gridded 1deg (REAL_GOVERNMENT),0.259,ERA5-Land via Open-Meteo (REAL_PUBLIC; no IMD soil-moisture grid)
2022-06-10,2.17,39.85,IMD gridded 0.25deg (REAL_GOVERNMENT),IMD gridded 1deg (REAL_GOVERNMENT),0.257,ERA5-Land via Open-Meteo (REAL_PUBLIC; no IMD soil-moisture grid)
2022-06-11,0.0,40.02,IMD gridded 0.25deg (REAL_GOVERNMENT),IMD gridded 1deg (REAL_GOVERNMENT),0.257,ERA5-Land via Open-Meteo (REAL_PUBLIC; no IMD soil-moisture grid)
2022-06-12,4.51,36.46,IMD gridded 0.25deg (REAL_GOVERNMENT),IMD gridded 1deg (REAL_GOVERNMENT),0.259,ERA5-Land via Open-Meteo (REAL_PUBLIC; no IMD soil-moisture grid)
2022-06-13,0.0,38.93,IMD gridded 0.25deg (REAL_GOVERNMENT),IMD gridded 1deg (REAL_GOVERNMENT),0.256,ERA5-Land via Open-Meteo (REAL_PUBLIC; no IMD soil-moisture grid)
2022-06-14,0.0,38.44,IMD gridded 0.25deg (REAL_GOVERNMENT),IMD gridded 1deg (REAL_GOVERNMENT),0.254,ERA5-Land via Open-Meteo (REAL_PUBLIC; no IMD soil-moisture grid)
2022-06-15,0.0,38.11,IMD gridded 0.25deg (REAL_GOVERNMENT),IMD gridded 1deg (REAL_GOVERNMENT),0.285,ERA5-Land via Open-Meteo (REAL_PUBLIC; no IMD soil-moisture grid)
2022-06-16,15.86,33.59,IMD gridded 0.25deg (REAL_GOVERNMENT),IMD gridded 1deg (REAL_GOVERNMENT),0.345,ERA5-Land via Open-Meteo (REAL_PUBLIC; no IMD soil-moisture grid)
2022-06-17,0.55,34.05,IMD gridded 0.25deg (REAL_GOVERNMENT),IMD gridded 1deg (REAL_GOVERNMENT),0.373,ERA5-Land via Open-Meteo (REAL_PUBLIC; no IMD soil-moisture grid)
2022-06-18,3.02,33.28,IMD gridded 0.25deg (REAL_GOVERNMENT),IMD gridded 1deg (REAL_GOVERNMENT),0.391,ERA5-Land via Open-Meteo (REAL_PUBLIC; no IMD soil-moisture grid)
2022-06-19,3.87,32.76,IMD gridded 0.25deg (REAL_GOVERNMENT),IMD gridded 1deg (REAL_GOVERNMENT),0.46,ERA5-Land via Open-Meteo (REAL_PUBLIC; no IMD soil-moisture grid)
2022-06-20,8.91,32.6,IMD gridded 0.25deg (REAL_GOVERNMENT),IMD gridded 1deg (REAL_GOVERNMENT),0.486,ERA5-Land via Open-Meteo (REAL_PUBLIC; no IMD soil-moisture grid)
2022-06-21,20.92,32.08,IMD gridded 0.25deg (REAL_GOVERNMENT),IMD gridded 1deg (REAL_GOVERNMENT),0.466,ERA5-Land via Open-Meteo (REAL_PUBLIC; no IMD soil-moisture grid)
2022-06-22,0.23,34.49,IMD gridded 0.25deg (REAL_GOVERNMENT),IMD gridded 1deg (REAL_GOVERNMENT),0.449,ERA5-Land via Open-Meteo (REAL_PUBLIC; no IMD soil-moisture grid)
2022-06-23,0.0,34.78,IMD gridded 0.25deg (REAL_GOVERNMENT),IMD gridded 1deg (REAL_GOVERNMENT),0.434,ERA5-Land via Open-Meteo (REAL_PUBLIC; no IMD soil-moisture grid)
2022-06-24,0.0,35.02,IMD gridded 0.25deg (REAL_GOVERNMENT),IMD gridded 1deg (REAL_GOVERNMENT),0.41,ERA5-Land via Open-Meteo (REAL_PUBLIC; no IMD soil-moisture grid)
2022-06-25,24.27,34.31,IMD gridded 0.25deg (REAL_GOVERNMENT),IMD gridded 1deg (REAL_GOVERNMENT),0.409,ERA5-Land via Open-Meteo (REAL_PUBLIC; no IMD soil-moisture grid)
2022-06-26,0.12,33.11,IMD gridded 0.25deg (REAL_GOVERNMENT),IMD gridded 1deg (REAL_GOVERNMENT),0.475,ERA5-Land via Open-Meteo (REAL_PUBLIC; no IMD soil-moisture grid)
2022-06-27,10.33,33.56,IMD gridded 0.25deg (REAL_GOVERNMENT),IMD gridded 1deg (REAL_GOVERNMENT),0.466,ERA5-Land via Open-Meteo (REAL_PUBLIC; no IMD soil-moisture grid)
2022-06-28,0.81,34.49,IMD gridded 0.25deg (REAL_GOVERNMENT),IMD gridded 1deg (REAL_GOVERNMENT),0.44,ERA5-Land via Open-Meteo (REAL_PUBLIC; no IMD soil-moisture grid)
2022-06-29,0.0,34.13,IMD gridded 0.25deg (REAL_GOVERNMENT),IMD gridded 1deg (REAL_GOVERNMENT),0.438,ERA5-Land via Open-Meteo (REAL_PUBLIC; no IMD soil-moisture grid)
2022-06-30,9.99,31.21,IMD gridded 0.25deg (REAL_GOVERNMENT),IMD gridded 1deg (REAL_GOVERNMENT),0.501,ERA5-Land via Open-Meteo (REAL_PUBLIC; no IMD soil-moisture grid)
2022-07-01,11.03,32.44,IMD gridded 0.25deg (REAL_GOVERNMENT),IMD gridded 1deg (REAL_GOVERNMENT),0.493,ERA5-Land via Open-Meteo (REAL_PUBLIC; no IMD soil-moisture grid)
2022-07-02,0.28,32.01,IMD gridded 0.25deg (REAL_GOVERNMENT),IMD gridded 1deg (REAL_GOVERNMENT),0.503,ERA5-Land via Open-Meteo (REAL_PUBLIC; no IMD soil-moisture grid)
2022-07-03,12.97,30.73,IMD gridded 0.25deg (REAL_GOVERNMENT),IMD gridded 1deg (REAL_GOVERNMENT),0.506,ERA5-Land via Open-Meteo (REAL_PUBLIC; no IMD soil-moisture grid)
2022-07-04,19.74,29.93,IMD gridded 0.25deg (REAL_GOVERNMENT),IMD gridded 1deg (REAL_GOVERNMENT),0.511,ERA5-Land via Open-Meteo (REAL_PUBLIC; no IMD soil-moisture grid)
2022-07-05,30.62,30.32,IMD gridded 0.25deg (REAL_GOVERNMENT),IMD gridded 1deg (REAL_GOVERNMENT),0.498,ERA5-Land via Open-Meteo (REAL_PUBLIC; no IMD soil-moisture grid)
2022-07-06,6.64,30.04,IMD gridded 0.25deg (REAL_GOVERNMENT),IMD gridded 1deg (REAL_GOVERNMENT),0.51,ERA5-Land via Open-Meteo (REAL_PUBLIC; no IMD soil-moisture grid)
2022-07-07,5.45,31.53,IMD gridded 0.25deg (REAL_GOVERNMENT),IMD gridded 1deg (REAL_GOVERNMENT),0.508,ERA5-Land via Open-Meteo (REAL_PUBLIC; no IMD soil-moisture grid)
2022-07-08,7.4,31.43,IMD gridded 0.25deg (REAL_GOVERNMENT),IMD gridded 1deg (REAL_GOVERNMENT),0.501,ERA5-Land via Open-Meteo (REAL_PUBLIC; no IMD soil-moisture grid)
2022-07-09,5.17,31.66,IMD gridded 0.25deg (REAL_GOVERNMENT),IMD gridded 1deg (REAL_GOVERNMENT),0.504,ERA5-Land via Open-Meteo (REAL_PUBLIC; no IMD soil-moisture grid)
2022-07-10,21.04,30.77,IMD gridded 0.25deg (REAL_GOVERNMENT),IMD gridded 1deg (REAL_GOVERNMENT),0.505,ERA5-Land via Open-Meteo (REAL_PUBLIC; no IMD soil-moisture grid)
2022-07-11,22.45,29.44,IMD gridded 0.25deg (REAL_GOVERNMENT),IMD gridded 1deg (REAL_GOVERNMENT),0.504,ERA5-Land via Open-Meteo (REAL_PUBLIC; no IMD soil-moisture grid)
2022-07-12,39.69,29.79,IMD gridded 0.25deg (REAL_GOVERNMENT),IMD gridded 1deg (REAL_GOVERNMENT),0.507,ERA5-Land via Open-Meteo (REAL_PUBLIC; no IMD soil-moisture grid)
2022-07-13,96.74,29.29,IMD gridded 0.25deg (REAL_GOVERNMENT),IMD gridded 1deg (REAL_GOVERNMENT),0.505,ERA5-Land via Open-Meteo (REAL_PUBLIC; no IMD soil-moisture grid)
2022-07-14,33.81,28.7,IMD gridded 0.25deg (REAL_GOVERNMENT),IMD gridded 1deg (REAL_GOVERNMENT),0.508,ERA5-Land via Open-Meteo (REAL_PUBLIC; no IMD soil-moisture grid)
2022-07-15,39.45,29.39,IMD gridded 0.25deg (REAL_GOVERNMENT),IMD gridded 1deg (REAL_GOVERNMENT),0.505,ERA5-Land via Open-Meteo (REAL_PUBLIC; no IMD soil-moisture grid)
2022-07-16,17.52,31.48,IMD gridded 0.25deg (REAL_GOVERNMENT),IMD gridded 1deg (REAL_GOVERNMENT),0.502,ERA5-Land via Open-Meteo (REAL_PUBLIC; no IMD soil-moisture grid)
2022-07-17,66.16,29.79,IMD gridded 0.25deg (REAL_GOVERNMENT),IMD gridded 1deg (REAL_GOVERNMENT),0.506,ERA5-Land via Open-Meteo (REAL_PUBLIC; no IMD soil-moisture grid)
2022-07-18,62.29,28.16,IMD gridded 0.25deg (REAL_GOVERNMENT),IMD gridded 1deg (REAL_GOVERNMENT),0.507,ERA5-Land via Open-Meteo (REAL_PUBLIC; no IMD soil-moisture grid)
2022-07-19,2.94,26.98,IMD gridded 0.25deg (REAL_GOVERNMENT),IMD gridded 1deg (REAL_GOVERNMENT),0.496,ERA5-Land via Open-Meteo (REAL_PUBLIC; no IMD soil-moisture grid)
2022-07-20,0.66,26.55,IMD gridded 0.25deg (REAL_GOVERNMENT),IMD gridded 1deg (REAL_GOVERNMENT),0.491,ERA5-Land via Open-Meteo (REAL_PUBLIC; no IMD soil-moisture grid)
2022-07-21,3.01,27.84,IMD gridded 0.25deg (REAL_GOVERNMENT),IMD gridded 1deg (REAL_GOVERNMENT),0.506,ERA5-Land via Open-Meteo (REAL_PUBLIC; no IMD soil-moisture grid)
2022-07-22,9.44,29.02,IMD gridded 0.25deg (REAL_GOVERNMENT),IMD gridded 1deg (REAL_GOVERNMENT),0.504,ERA5-Land via Open-Meteo (REAL_PUBLIC; no IMD soil-moisture grid)
2022-07-23,7.95,27.41,IMD gridded 0.25deg (REAL_GOVERNMENT),IMD gridded 1deg (REAL_GOVERNMENT),0.511,ERA5-Land via Open-Meteo (REAL_PUBLIC; no IMD soil-moisture grid)
2022-07-24,5.25,27.07,IMD gridded 0.25deg (REAL_GOVERNMENT),IMD gridded 1deg (REAL_GOVERNMENT),0.504,ERA5-Land via Open-Meteo (REAL_PUBLIC; no IMD soil-moisture grid)
2022-07-25,6.49,27.4,IMD gridded 0.25deg (REAL_GOVERNMENT),IMD gridded 1deg (REAL_GOVERNMENT),0.506,ERA5-Land via Open-Meteo (REAL_PUBLIC; no IMD soil-moisture grid)
2022-07-26,18.36,27.95,IMD gridded 0.25deg (REAL_GOVERNMENT),IMD gridded 1deg (REAL_GOVERNMENT),0.506,ERA5-Land via Open-Meteo (REAL_PUBLIC; no IMD soil-moisture grid)
2022-07-27,7.86,29.68,IMD gridded 0.25deg (REAL_GOVERNMENT),IMD gridded 1deg (REAL_GOVERNMENT),0.499,ERA5-Land via Open-Meteo (REAL_PUBLIC; no IMD soil-moisture grid)
2022-07-28,3.64,31.29,IMD gridded 0.25deg (REAL_GOVERNMENT),IMD gridded 1deg (REAL_GOVERNMENT),0.502,ERA5-Land via Open-Meteo (REAL_PUBLIC; no IMD soil-moisture grid)
2022-07-29,6.47,30.24,IMD gridded 0.25deg (REAL_GOVERNMENT),IMD gridded 1deg (REAL_GOVERNMENT),0.495,ERA5-Land via Open-Meteo (REAL_PUBLIC; no IMD soil-moisture grid)
2022-07-30,5.39,31.56,IMD gridded 0.25deg (REAL_GOVERNMENT),IMD gridded 1deg (REAL_GOVERNMENT),0.483,ERA5-Land via Open-Meteo (REAL_PUBLIC; no IMD soil-moisture grid)
2022-07-31,0.0,31.86,IMD gridded 0.25deg (REAL_GOVERNMENT),IMD gridded 1deg (REAL_GOVERNMENT),0.488,ERA5-Land via Open-Meteo (REAL_PUBLIC; no IMD soil-moisture grid)
2022-08-01,0.0,31.64,IMD gridded 0.25deg (REAL_GOVERNMENT),IMD gridded 1deg (REAL_GOVERNMENT),0.473,ERA5-Land via Open-Meteo (REAL_PUBLIC; no IMD soil-moisture grid)
2022-08-02,0.21,32.32,IMD gridded 0.25deg (REAL_GOVERNMENT),IMD gridded 1deg (REAL_GOVERNMENT),0.464,ERA5-Land via Open-Meteo (REAL_PUBLIC; no IMD soil-moisture grid)
2022-08-03,0.0,32.35,IMD gridded 0.25deg (REAL_GOVERNMENT),IMD gridded 1deg (REAL_GOVERNMENT),0.47,ERA5-Land via Open-Meteo (REAL_PUBLIC; no IMD soil-moisture grid)
2022-08-04,5.42,31.83,IMD gridded 0.25deg (REAL_GOVERNMENT),IMD gridded 1deg (REAL_GOVERNMENT),0.484,ERA5-Land via Open-Meteo (REAL_PUBLIC; no IMD soil-moisture grid)
2022-08-05,12.22,32.41,IMD gridded 0.25deg (REAL_GOVERNMENT),IMD gridded 1deg (REAL_GOVERNMENT),0.486,ERA5-Land via Open-Meteo (REAL_PUBLIC; no IMD soil-moisture grid)
2022-08-06,0.0,32.66,IMD gridded 0.25deg (REAL_GOVERNMENT),IMD gridded 1deg (REAL_GOVERNMENT),0.501,ERA5-Land via Open-Meteo (REAL_PUBLIC; no IMD soil-moisture grid)
2022-08-07,5.28,30.93,IMD gridded 0.25deg (REAL_GOVERNMENT),IMD gridded 1deg (REAL_GOVERNMENT),0.503,ERA5-Land via Open-Meteo (REAL_PUBLIC; no IMD soil-moisture grid)
2022-08-08,20.77,30.95,IMD gridded 0.25deg (REAL_GOVERNMENT),IMD gridded 1deg (REAL_GOVERNMENT),0.502,ERA5-Land via Open-Meteo (REAL_PUBLIC; no IMD soil-moisture grid)
2022-08-09,23.33,29.49,IMD gridded 0.25deg (REAL_GOVERNMENT),IMD gridded 1deg (REAL_GOVERNMENT),0.508,ERA5-Land via Open-Meteo (REAL_PUBLIC; no IMD soil-moisture grid)
2022-08-10,79.03,27.23,IMD gridded 0.25deg (REAL_GOVERNMENT),IMD gridded 1deg (REAL_GOVERNMENT),0.514,ERA5-Land via Open-Meteo (REAL_PUBLIC; no IMD soil-moisture grid)
2022-08-11,33.97,26.72,IMD gridded 0.25deg (REAL_GOVERNMENT),IMD gridded 1deg (REAL_GOVERNMENT),0.506,ERA5-Land via Open-Meteo (REAL_PUBLIC; no IMD soil-moisture grid)
2022-08-12,9.18,29.56,IMD gridded 0.25deg (REAL_GOVERNMENT),IMD gridded 1deg (REAL_GOVERNMENT),0.496,ERA5-Land via Open-Meteo (REAL_PUBLIC; no IMD soil-moisture grid)
2022-08-13,9.2,29.3,IMD gridded 0.25deg (REAL_GOVERNMENT),IMD gridded 1deg (REAL_GOVERNMENT),0.503,ERA5-Land via Open-Meteo (REAL_PUBLIC; no IMD soil-moisture grid)
2022-08-14,29.87,27.09,IMD gridded 0.25deg (REAL_GOVERNMENT),IMD gridded 1deg (REAL_GOVERNMENT),0.506,ERA5-Land via Open-Meteo (REAL_PUBLIC; no IMD soil-moisture grid)
2022-08-15,130.95,25.78,IMD gridded 0.25deg (REAL_GOVERNMENT),IMD gridded 1deg (REAL_GOVERNMENT),0.509,ERA5-Land via Open-Meteo (REAL_PUBLIC; no IMD soil-moisture grid)
2022-08-16,33.82,28.15,IMD gridded 0.25deg (REAL_GOVERNMENT),IMD gridded 1deg (REAL_GOVERNMENT),0.498,ERA5-Land via Open-Meteo (REAL_PUBLIC; no IMD soil-moisture grid)
2022-08-17,2.0,30.72,IMD gridded 0.25deg (REAL_GOVERNMENT),IMD gridded 1deg (REAL_GOVERNMENT),0.482,ERA5-Land via Open-Meteo (REAL_PUBLIC; no IMD soil-moisture grid)
2022-08-18,0.1,31.2,IMD gridded 0.25deg (REAL_GOVERNMENT),IMD gridded 1deg (REAL_GOVERNMENT),0.469,ERA5-Land via Open-Meteo (REAL_PUBLIC; no IMD soil-moisture grid)
2022-08-19,15.6,30.19,IMD gridded 0.25deg (REAL_GOVERNMENT),IMD gridded 1deg (REAL_GOVERNMENT),0.48,ERA5-Land via Open-Meteo (REAL_PUBLIC; no IMD soil-moisture grid)
2022-08-20,1.26,28.18,IMD gridded 0.25deg (REAL_GOVERNMENT),IMD gridded 1deg (REAL_GOVERNMENT),0.506,ERA5-Land via Open-Meteo (REAL_PUBLIC; no IMD soil-moisture grid)
2022-08-21,5.26,26.37,IMD gridded 0.25deg (REAL_GOVERNMENT),IMD gridded 1deg (REAL_GOVERNMENT),0.506,ERA5-Land via Open-Meteo (REAL_PUBLIC; no IMD soil-moisture grid)
2022-08-22,3.95,27.05,IMD gridded 0.25deg (REAL_GOVERNMENT),IMD gridded 1deg (REAL_GOVERNMENT),0.5,ERA5-Land via Open-Meteo (REAL_PUBLIC; no IMD soil-moisture grid)
2022-08-23,1.37,29.9,IMD gridded 0.25deg (REAL_GOVERNMENT),IMD gridded 1deg (REAL_GOVERNMENT),0.48,ERA5-Land via Open-Meteo (REAL_PUBLIC; no IMD soil-moisture grid)
2022-08-24,0.62,31.24,IMD gridded 0.25deg (REAL_GOVERNMENT),IMD gridded 1deg (REAL_GOVERNMENT),0.458,ERA5-Land via Open-Meteo (REAL_PUBLIC; no IMD soil-moisture grid)
2022-08-25,5.47,30.22,IMD gridded 0.25deg (REAL_GOVERNMENT),IMD gridded 1deg (REAL_GOVERNMENT),0.462,ERA5-Land via Open-Meteo (REAL_PUBLIC; no IMD soil-moisture grid)
2022-08-26,3.71,30.28,IMD gridded 0.25deg (REAL_GOVERNMENT),IMD gridded 1deg (REAL_GOVERNMENT),0.471,ERA5-Land via Open-Meteo (REAL_PUBLIC; no IMD soil-moisture grid)
2022-08-27,1.03,31.25,IMD gridded 0.25deg (REAL_GOVERNMENT),IMD gridded 1deg (REAL_GOVERNMENT),0.47,ERA5-Land via Open-Meteo (REAL_PUBLIC; no IMD soil-moisture grid)
2022-08-28,13.32,30.34,IMD gridded 0.25deg (REAL_GOVERNMENT),IMD gridded 1deg (REAL_GOVERNMENT),0.482,ERA5-Land via Open-Meteo (REAL_PUBLIC; no IMD soil-moisture grid)
2022-08-29,4.48,30.21,IMD gridded 0.25deg (REAL_GOVERNMENT),IMD gridded 1deg (REAL_GOVERNMENT),0.475,ERA5-Land via Open-Meteo (REAL_PUBLIC; no IMD soil-moisture grid)
2022-08-30,3.83,31.42,IMD gridded 0.25deg (REAL_GOVERNMENT),IMD gridded 1deg (REAL_GOVERNMENT),0.462,ERA5-Land via Open-Meteo (REAL_PUBLIC; no IMD soil-moisture grid)
2022-08-31,0.0,32.3,IMD gridded 0.25deg (REAL_GOVERNMENT),IMD gridded 1deg (REAL_GOVERNMENT),0.447,ERA5-Land via Open-Meteo (REAL_PUBLIC; no IMD soil-moisture grid)
2022-09-01,48.22,32.62,IMD gridded 0.25deg (REAL_GOVERNMENT),IMD gridded 1deg (REAL_GOVERNMENT),0.454,ERA5-Land via Open-Meteo (REAL_PUBLIC; no IMD soil-moisture grid)
2022-09-02,0.0,32.67,IMD gridded 0.25deg (REAL_GOVERNMENT),IMD gridded 1deg (REAL_GOVERNMENT),0.439,ERA5-Land via Open-Meteo (REAL_PUBLIC; no IMD soil-moisture grid)
2022-09-03,0.0,33.47,IMD gridded 0.25deg (REAL_GOVERNMENT),IMD gridded 1deg (REAL_GOVERNMENT),0.428,ERA5-Land via Open-Meteo (REAL_PUBLIC; no IMD soil-moisture grid)
2022-09-04,30.11,28.23,IMD gridded 0.25deg (REAL_GOVERNMENT),IMD gridded 1deg (REAL_GOVERNMENT),0.478,ERA5-Land via Open-Meteo (REAL_PUBLIC; no IMD soil-moisture grid)
2022-09-05,5.73,29.8,IMD gridded 0.25deg (REAL_GOVERNMENT),IMD gridded 1deg (REAL_GOVERNMENT),0.481,ERA5-Land via Open-Meteo (REAL_PUBLIC; no IMD soil-moisture grid)
2022-09-06,0.34,31.8,IMD gridded 0.25deg (REAL_GOVERNMENT),IMD gridded 1deg (REAL_GOVERNMENT),0.464,ERA5-Land via Open-Meteo (REAL_PUBLIC; no IMD soil-moisture grid)
2022-09-07,0.0,31.7,IMD gridded 0.25deg (REAL_GOVERNMENT),IMD gridded 1deg (REAL_GOVERNMENT),0.458,ERA5-Land via Open-Meteo (REAL_PUBLIC; no IMD soil-moisture grid)
2022-09-08,18.59,32.22,IMD gridded 0.25deg (REAL_GOVERNMENT),IMD gridded 1deg (REAL_GOVERNMENT),0.456,ERA5-Land via Open-Meteo (REAL_PUBLIC; no IMD soil-moisture grid)
2022-09-09,0.0,32.69,IMD gridded 0.25deg (REAL_GOVERNMENT),IMD gridded 1deg (REAL_GOVERNMENT),0.454,ERA5-Land via Open-Meteo (REAL_PUBLIC; no IMD soil-moisture grid)
2022-09-10,0.0,32.65,IMD gridded 0.25deg (REAL_GOVERNMENT),IMD gridded 1deg (REAL_GOVERNMENT),0.458,ERA5-Land via Open-Meteo (REAL_PUBLIC; no IMD soil-moisture grid)
2022-09-11,5.68,31.61,IMD gridded 0.25deg (REAL_GOVERNMENT),IMD gridded 1deg (REAL_GOVERNMENT),0.491,ERA5-Land via Open-Meteo (REAL_PUBLIC; no IMD soil-moisture grid)
2022-09-12,17.29,27.69,IMD gridded 0.25deg (REAL_GOVERNMENT),IMD gridded 1deg (REAL_GOVERNMENT),0.509,ERA5-Land via Open-Meteo (REAL_PUBLIC; no IMD soil-moisture grid)
2022-09-13,50.09,27.08,IMD gridded 0.25deg (REAL_GOVERNMENT),IMD gridded 1deg (REAL_GOVERNMENT),0.514,ERA5-Land via Open-Meteo (REAL_PUBLIC; no IMD soil-moisture grid)
2022-09-14,21.91,28.75,IMD gridded 0.25deg (REAL_GOVERNMENT),IMD gridded 1deg (REAL_GOVERNMENT),0.505,ERA5-Land via Open-Meteo (REAL_PUBLIC; no IMD soil-moisture grid)
2022-09-15,50.59,28.33,IMD gridded 0.25deg (REAL_GOVERNMENT),IMD gridded 1deg (REAL_GOVERNMENT),0.5,ERA5-Land via Open-Meteo (REAL_PUBLIC; no IMD soil-moisture grid)
2022-09-16,9.79,28.92,IMD gridded 0.25deg (REAL_GOVERNMENT),IMD gridded 1deg (REAL_GOVERNMENT),0.493,ERA5-Land via Open-Meteo (REAL_PUBLIC; no IMD soil-moisture grid)
2022-09-17,41.26,29.07,IMD gridded 0.25deg (REAL_GOVERNMENT),IMD gridded 1deg (REAL_GOVERNMENT),0.5,ERA5-Land via Open-Meteo (REAL_PUBLIC; no IMD soil-moisture grid)
2022-09-18,1.05,30.61,IMD gridded 0.25deg (REAL_GOVERNMENT),IMD gridded 1deg (REAL_GOVERNMENT),0.483,ERA5-Land via Open-Meteo (REAL_PUBLIC; no IMD soil-moisture grid)
2022-09-19,0.0,31.96,IMD gridded 0.25deg (REAL_GOVERNMENT),IMD gridded 1deg (REAL_GOVERNMENT),0.468,ERA5-Land via Open-Meteo (REAL_PUBLIC; no IMD soil-moisture grid)
2022-09-20,6.71,31.24,IMD gridded 0.25deg (REAL_GOVERNMENT),IMD gridded 1deg (REAL_GOVERNMENT),0.483,ERA5-Land via Open-Meteo (REAL_PUBLIC; no IMD soil-moisture grid)
2022-09-21,68.82,28.64,IMD gridded 0.25deg (REAL_GOVERNMENT),IMD gridded 1deg (REAL_GOVERNMENT),0.504,ERA5-Land via Open-Meteo (REAL_PUBLIC; no IMD soil-moisture grid)
2022-09-22,50.68,27.38,IMD gridded 0.25deg (REAL_GOVERNMENT),IMD gridded 1deg (REAL_GOVERNMENT),0.501,ERA5-Land via Open-Meteo (REAL_PUBLIC; no IMD soil-moisture grid)
2022-09-23,6.0,27.36,IMD gridded 0.25deg (REAL_GOVERNMENT),IMD gridded 1deg (REAL_GOVERNMENT),0.492,ERA5-Land via Open-Meteo (REAL_PUBLIC; no IMD soil-moisture grid)
2022-09-24,0.0,28.56,IMD gridded 0.25deg (REAL_GOVERNMENT),IMD gridded 1deg (REAL_GOVERNMENT),0.481,ERA5-Land via Open-Meteo (REAL_PUBLIC; no IMD soil-moisture grid)
2022-09-25,0.0,30.66,IMD gridded 0.25deg (REAL_GOVERNMENT),IMD gridded 1deg (REAL_GOVERNMENT),0.481,ERA5-Land via Open-Meteo (REAL_PUBLIC; no IMD soil-moisture grid)
2022-09-26,1.33,31.12,IMD gridded 0.25deg (REAL_GOVERNMENT),IMD gridded 1deg (REAL_GOVERNMENT),0.464,ERA5-Land via Open-Meteo (REAL_PUBLIC; no IMD soil-moisture grid)
2022-09-27,1.07,31.33,IMD gridded 0.25deg (REAL_GOVERNMENT),IMD gridded 1deg (REAL_GOVERNMENT),0.434,ERA5-Land via Open-Meteo (REAL_PUBLIC; no IMD soil-moisture grid)
2022-09-28,0.0,31.74,IMD gridded 0.25deg (REAL_GOVERNMENT),IMD gridded 1deg (REAL_GOVERNMENT),0.414,ERA5-Land via Open-Meteo (REAL_PUBLIC; no IMD soil-moisture grid)
2022-09-29,12.14,31.81,IMD gridded 0.25deg (REAL_GOVERNMENT),IMD gridded 1deg (REAL_GOVERNMENT),0.397,ERA5-Land via Open-Meteo (REAL_PUBLIC; no IMD soil-moisture grid)
2022-09-30,2.92,32.61,IMD gridded 0.25deg (REAL_GOVERNMENT),IMD gridded 1deg (REAL_GOVERNMENT),0.386,ERA5-Land via Open-Meteo (REAL_PUBLIC; no IMD soil-moisture grid)
2022-10-01,0.0,32.48,IMD gridded 0.25deg (REAL_GOVERNMENT),IMD gridded 1deg (REAL_GOVERNMENT),0.372,ERA5-Land via Open-Meteo (REAL_PUBLIC; no IMD soil-moisture grid)
2022-10-02,0.29,32.62,IMD gridded 0.25deg (REAL_GOVERNMENT),IMD gridded 1deg (REAL_GOVERNMENT),0.362,ERA5-Land via Open-Meteo (REAL_PUBLIC; no IMD soil-moisture grid)
2022-10-03,0.0,32.65,IMD gridded 0.25deg (REAL_GOVERNMENT),IMD gridded 1deg (REAL_GOVERNMENT),0.351,ERA5-Land via Open-Meteo (REAL_PUBLIC; no IMD soil-moisture grid)
2022-10-04,0.0,30.99,IMD gridded 0.25deg (REAL_GOVERNMENT),IMD gridded 1deg (REAL_GOVERNMENT),0.367,ERA5-Land via Open-Meteo (REAL_PUBLIC; no IMD soil-moisture grid)
2022-10-05,3.52,30.55,IMD gridded 0.25deg (REAL_GOVERNMENT),IMD gridded 1deg (REAL_GOVERNMENT),0.435,ERA5-Land via Open-Meteo (REAL_PUBLIC; no IMD soil-moisture grid)
2022-10-06,0.0,31.03,IMD gridded 0.25deg (REAL_GOVERNMENT),IMD gridded 1deg (REAL_GOVERNMENT),0.495,ERA5-Land via Open-Meteo (REAL_PUBLIC; no IMD soil-moisture grid)
2022-10-07,6.57,29.56,IMD gridded 0.25deg (REAL_GOVERNMENT),IMD gridded 1deg (REAL_GOVERNMENT),0.496,ERA5-Land via Open-Meteo (REAL_PUBLIC; no IMD soil-moisture grid)
2022-10-08,4.14,30.58,IMD gridded 0.25deg (REAL_GOVERNMENT),IMD gridded 1deg (REAL_GOVERNMENT),0.491,ERA5-Land via Open-Meteo (REAL_PUBLIC; no IMD soil-moisture grid)
2022-10-09,0.14,31.72,IMD gridded 0.25deg (REAL_GOVERNMENT),IMD gridded 1deg (REAL_GOVERNMENT),0.474,ERA5-Land via Open-Meteo (REAL_PUBLIC; no IMD soil-moisture grid)
2022-10-10,0.0,30.39,IMD gridded 0.25deg (REAL_GOVERNMENT),IMD gridded 1deg (REAL_GOVERNMENT),0.487,ERA5-Land via Open-Meteo (REAL_PUBLIC; no IMD soil-moisture grid)
2022-10-11,2.6,29.01,IMD gridded 0.25deg (REAL_GOVERNMENT),IMD gridded 1deg (REAL_GOVERNMENT),0.506,ERA5-Land via Open-Meteo (REAL_PUBLIC; no IMD soil-moisture grid)
2022-10-12,28.08,28.87,IMD gridded 0.25deg (REAL_GOVERNMENT),IMD gridded 1deg (REAL_GOVERNMENT),0.502,ERA5-Land via Open-Meteo (REAL_PUBLIC; no IMD soil-moisture grid)
2022-10-13,2.85,29.87,IMD gridded 0.25deg (REAL_GOVERNMENT),IMD gridded 1deg (REAL_GOVERNMENT),0.486,ERA5-Land via Open-Meteo (REAL_PUBLIC; no IMD soil-moisture grid)
2022-10-14,0.0,29.6,IMD gridded 0.25deg (REAL_GOVERNMENT),IMD gridded 1deg (REAL_GOVERNMENT),0.459,ERA5-Land via Open-Meteo (REAL_PUBLIC; no IMD soil-moisture grid)
2022-10-15,1.34,29.73,IMD gridded 0.25deg (REAL_GOVERNMENT),IMD gridded 1deg (REAL_GOVERNMENT),0.439,ERA5-Land via Open-Meteo (REAL_PUBLIC; no IMD soil-moisture grid)
2022-10-16,0.13,30.29,IMD gridded 0.25deg (REAL_GOVERNMENT),IMD gridded 1deg (REAL_GOVERNMENT),0.442,ERA5-Land via Open-Meteo (REAL_PUBLIC; no IMD soil-moisture grid)
2022-10-17,0.0,29.68,IMD gridded 0.25deg (REAL_GOVERNMENT),IMD gridded 1deg (REAL_GOVERNMENT),0.465,ERA5-Land via Open-Meteo (REAL_PUBLIC; no IMD soil-moisture grid)
2022-10-18,9.55,28.57,IMD gridded 0.25deg (REAL_GOVERNMENT),IMD gridded 1deg (REAL_GOVERNMENT),0.478,ERA5-Land via Open-Meteo (REAL_PUBLIC; no IMD soil-moisture grid)
2022-10-19,0.13,29.54,IMD gridded 0.25deg (REAL_GOVERNMENT),IMD gridded 1deg (REAL_GOVERNMENT),0.455,ERA5-Land via Open-Meteo (REAL_PUBLIC; no IMD soil-moisture grid)
2022-10-20,0.0,29.97,IMD gridded 0.25deg (REAL_GOVERNMENT),IMD gridded 1deg (REAL_GOVERNMENT),0.433,ERA5-Land via Open-Meteo (REAL_PUBLIC; no IMD soil-moisture grid)
2022-10-21,0.0,29.72,IMD gridded 0.25deg (REAL_GOVERNMENT),IMD gridded 1deg (REAL_GOVERNMENT),0.422,ERA5-Land via Open-Meteo (REAL_PUBLIC; no IMD soil-moisture grid)
2022-10-22,0.0,29.61,IMD gridded 0.25deg (REAL_GOVERNMENT),IMD gridded 1deg (REAL_GOVERNMENT),0.41,ERA5-Land via Open-Meteo (REAL_PUBLIC; no IMD soil-moisture grid)
2022-10-23,0.0,29.63,IMD gridded 0.25deg (REAL_GOVERNMENT),IMD gridded 1deg (REAL_GOVERNMENT),0.39,ERA5-Land via Open-Meteo (REAL_PUBLIC; no IMD soil-moisture grid)
2022-10-24,0.0,29.03,IMD gridded 0.25deg (REAL_GOVERNMENT),IMD gridded 1deg (REAL_GOVERNMENT),0.372,ERA5-Land via Open-Meteo (REAL_PUBLIC; no IMD soil-moisture grid)
2022-10-25,0.0,29.8,IMD gridded 0.25deg (REAL_GOVERNMENT),IMD gridded 1deg (REAL_GOVERNMENT),0.363,ERA5-Land via Open-Meteo (REAL_PUBLIC; no IMD soil-moisture grid)
2022-10-26,0.0,30.17,IMD gridded 0.25deg (REAL_GOVERNMENT),IMD gridded 1deg (REAL_GOVERNMENT),0.36,ERA5-Land via Open-Meteo (REAL_PUBLIC; no IMD soil-moisture grid)
2022-10-27,0.0,30.55,IMD gridded 0.25deg (REAL_GOVERNMENT),IMD gridded 1deg (REAL_GOVERNMENT),0.362,ERA5-Land via Open-Meteo (REAL_PUBLIC; no IMD soil-moisture grid)
2022-10-28,0.0,30.44,IMD gridded 0.25deg (REAL_GOVERNMENT),IMD gridded 1deg (REAL_GOVERNMENT),0.359,ERA5-Land via Open-Meteo (REAL_PUBLIC; no IMD soil-moisture grid)
2022-10-29,0.0,29.97,IMD gridded 0.25deg (REAL_GOVERNMENT),IMD gridded 1deg (REAL_GOVERNMENT),0.356,ERA5-Land via Open-Meteo (REAL_PUBLIC; no IMD soil-moisture grid)
2022-10-30,0.0,28.46,IMD gridded 0.25deg (REAL_GOVERNMENT),IMD gridded 1deg (REAL_GOVERNMENT),0.352,ERA5-Land via Open-Meteo (REAL_PUBLIC; no IMD soil-moisture grid)
2022-10-31,0.0,29.03,IMD gridded 0.25deg (REAL_GOVERNMENT),IMD gridded 1deg (REAL_GOVERNMENT),0.34,ERA5-Land via Open-Meteo (REAL_PUBLIC; no IMD soil-moisture grid)
2022-11-01,0.0,28.82,IMD gridded 0.25deg (REAL_GOVERNMENT),IMD gridded 1deg (REAL_GOVERNMENT),0.333,ERA5-Land via Open-Meteo (REAL_PUBLIC; no IMD soil-moisture grid)
2022-11-02,0.0,29.77,IMD gridded 0.25deg (REAL_GOVERNMENT),IMD gridded 1deg (REAL_GOVERNMENT),0.328,ERA5-Land via Open-Meteo (REAL_PUBLIC; no IMD soil-moisture grid)
2022-11-03,0.0,30.65,IMD gridded 0.25deg (REAL_GOVERNMENT),IMD gridded 1deg (REAL_GOVERNMENT),0.326,ERA5-Land via Open-Meteo (REAL_PUBLIC; no IMD soil-moisture grid)
2022-11-04,0.0,31.43,IMD gridded 0.25deg (REAL_GOVERNMENT),IMD gridded 1deg (REAL_GOVERNMENT),0.327,ERA5-Land via Open-Meteo (REAL_PUBLIC; no IMD soil-moisture grid)
2022-11-05,0.0,31.89,IMD gridded 0.25deg (REAL_GOVERNMENT),IMD gridded 1deg (REAL_GOVERNMENT),0.326,ERA5-Land via Open-Meteo (REAL_PUBLIC; no IMD soil-moisture grid)
2022-11-06,0.0,31.56,IMD gridded 0.25deg (REAL_GOVERNMENT),IMD gridded 1deg (REAL_GOVERNMENT),0.326,ERA5-Land via Open-Meteo (REAL_PUBLIC; no IMD soil-moisture grid)
2022-11-07,0.0,31.1,IMD gridded 0.25deg (REAL_GOVERNMENT),IMD gridded 1deg (REAL_GOVERNMENT),0.321,ERA5-Land via Open-Meteo (REAL_PUBLIC; no IMD soil-moisture grid)
2022-11-08,0.0,30.7,IMD gridded 0.25deg (REAL_GOVERNMENT),IMD gridded 1deg (REAL_GOVERNMENT),0.311,ERA5-Land via Open-Meteo (REAL_PUBLIC; no IMD soil-moisture grid)
2022-11-09,0.0,30.1,IMD gridded 0.25deg (REAL_GOVERNMENT),IMD gridded 1deg (REAL_GOVERNMENT),0.307,ERA5-Land via Open-Meteo (REAL_PUBLIC; no IMD soil-moisture grid)
2022-11-10,0.0,30.22,IMD gridded 0.25deg (REAL_GOVERNMENT),IMD gridded 1deg (REAL_GOVERNMENT),0.3,ERA5-Land via Open-Meteo (REAL_PUBLIC; no IMD soil-moisture grid)
2022-11-11,0.0,29.44,IMD gridded 0.25deg (REAL_GOVERNMENT),IMD gridded 1deg (REAL_GOVERNMENT),0.289,ERA5-Land via Open-Meteo (REAL_PUBLIC; no IMD soil-moisture grid)
2022-11-12,0.0,28.54,IMD gridded 0.25deg (REAL_GOVERNMENT),IMD gridded 1deg (REAL_GOVERNMENT),0.288,ERA5-Land via Open-Meteo (REAL_PUBLIC; no IMD soil-moisture grid)
2022-11-13,0.0,27.89,IMD gridded 0.25deg (REAL_GOVERNMENT),IMD gridded 1deg (REAL_GOVERNMENT),0.283,ERA5-Land via Open-Meteo (REAL_PUBLIC; no IMD soil-moisture grid)
2022-11-14,0.0,28.34,IMD gridded 0.25deg (REAL_GOVERNMENT),IMD gridded 1deg (REAL_GOVERNMENT),0.279,ERA5-Land via Open-Meteo (REAL_PUBLIC; no IMD soil-moisture grid)
2022-11-15,0.0,29.13,IMD gridded 0.25deg (REAL_GOVERNMENT),IMD gridded 1deg (REAL_GOVERNMENT),0.272,ERA5-Land via Open-Meteo (REAL_PUBLIC; no IMD soil-moisture grid)
2022-11-16,0.0,28.89,IMD gridded 0.25deg (REAL_GOVERNMENT),IMD gridded 1deg (REAL_GOVERNMENT),0.271,ERA5-Land via Open-Meteo (REAL_PUBLIC; no IMD soil-moisture grid)
2022-11-17,0.0,27.86,IMD gridded 0.25deg (REAL_GOVERNMENT),IMD gridded 1deg (REAL_GOVERNMENT),0.27,ERA5-Land via Open-Meteo (REAL_PUBLIC; no IMD soil-moisture grid)
2022-11-18,0.0,26.93,IMD gridded 0.25deg (REAL_GOVERNMENT),IMD gridded 1deg (REAL_GOVERNMENT),0.265,ERA5-Land via Open-Meteo (REAL_PUBLIC; no IMD soil-moisture grid)
2022-11-19,0.0,26.27,IMD gridded 0.25deg (REAL_GOVERNMENT),IMD gridded 1deg (REAL_GOVERNMENT),0.265,ERA5-Land via Open-Meteo (REAL_PUBLIC; no IMD soil-moisture grid)
2022-11-20,0.0,26.04,IMD gridded 0.25deg (REAL_GOVERNMENT),IMD gridded 1deg (REAL_GOVERNMENT),0.26,ERA5-Land via Open-Meteo (REAL_PUBLIC; no IMD soil-moisture grid)
2022-11-21,0.0,26.63,IMD gridded 0.25deg (REAL_GOVERNMENT),IMD gridded 1deg (REAL_GOVERNMENT),0.255,ERA5-Land via Open-Meteo (REAL_PUBLIC; no IMD soil-moisture grid)
2022-11-22,0.0,27.81,IMD gridded 0.25deg (REAL_GOVERNMENT),IMD gridded 1deg (REAL_GOVERNMENT),0.259,ERA5-Land via Open-Meteo (REAL_PUBLIC; no IMD soil-moisture grid)
2022-11-23,0.0,27.17,IMD gridded 0.25deg (REAL_GOVERNMENT),IMD gridded 1deg (REAL_GOVERNMENT),0.259,ERA5-Land via Open-Meteo (REAL_PUBLIC; no IMD soil-moisture grid)
2022-11-24,0.0,27.69,IMD gridded 0.25deg (REAL_GOVERNMENT),IMD gridded 1deg (REAL_GOVERNMENT),0.265,ERA5-Land via Open-Meteo (REAL_PUBLIC; no IMD soil-moisture grid)
2022-11-25,0.0,27.3,IMD gridded 0.25deg (REAL_GOVERNMENT),IMD gridded 1deg (REAL_GOVERNMENT),0.264,ERA5-Land via Open-Meteo (REAL_PUBLIC; no IMD soil-moisture grid)
2022-11-26,0.0,27.18,IMD gridded 0.25deg (REAL_GOVERNMENT),IMD gridded 1deg (REAL_GOVERNMENT),0.26,ERA5-Land via Open-Meteo (REAL_PUBLIC; no IMD soil-moisture grid)
2022-11-27,0.0,27.59,IMD gridded 0.25deg (REAL_GOVERNMENT),IMD gridded 1deg (REAL_GOVERNMENT),0.26,ERA5-Land via Open-Meteo (REAL_PUBLIC; no IMD soil-moisture grid)
2022-11-28,0.0,28.12,IMD gridded 0.25deg (REAL_GOVERNMENT),IMD gridded 1deg (REAL_GOVERNMENT),0.255,ERA5-Land via Open-Meteo (REAL_PUBLIC; no IMD soil-moisture grid)
2022-11-29,0.0,27.87,IMD gridded 0.25deg (REAL_GOVERNMENT),IMD gridded 1deg (REAL_GOVERNMENT),0.251,ERA5-Land via Open-Meteo (REAL_PUBLIC; no IMD soil-moisture grid)
2022-11-30,0.0,27.82,IMD gridded 0.25deg (REAL_GOVERNMENT),IMD gridded 1deg (REAL_GOVERNMENT),0.25,ERA5-Land via Open-Meteo (REAL_PUBLIC; no IMD soil-moisture grid)
2022-12-01,0.0,26.95,IMD gridded 0.25deg (REAL_GOVERNMENT),IMD gridded 1deg (REAL_GOVERNMENT),0.25,ERA5-Land via Open-Meteo (REAL_PUBLIC; no IMD soil-moisture grid)
2022-12-02,0.0,27.65,IMD gridded 0.25deg (REAL_GOVERNMENT),IMD gridded 1deg (REAL_GOVERNMENT),0.25,ERA5-Land via Open-Meteo (REAL_PUBLIC; no IMD soil-moisture grid)
2022-12-03,0.0,27.86,IMD gridded 0.25deg (REAL_GOVERNMENT),IMD gridded 1deg (REAL_GOVERNMENT),0.249,ERA5-Land via Open-Meteo (REAL_PUBLIC; no IMD soil-moisture grid)
2022-12-04,0.0,28.23,IMD gridded 0.25deg (REAL_GOVERNMENT),IMD gridded 1deg (REAL_GOVERNMENT),0.249,ERA5-Land via Open-Meteo (REAL_PUBLIC; no IMD soil-moisture grid)
2022-12-05,0.0,27.98,IMD gridded 0.25deg (REAL_GOVERNMENT),IMD gridded 1deg (REAL_GOVERNMENT),0.247,ERA5-Land via Open-Meteo (REAL_PUBLIC; no IMD soil-moisture grid)
2022-12-06,0.0,27.76,IMD gridded 0.25deg (REAL_GOVERNMENT),IMD gridded 1deg (REAL_GOVERNMENT),0.248,ERA5-Land via Open-Meteo (REAL_PUBLIC; no IMD soil-moisture grid)
2022-12-07,0.0,25.8,IMD gridded 0.25deg (REAL_GOVERNMENT),IMD gridded 1deg (REAL_GOVERNMENT),0.245,ERA5-Land via Open-Meteo (REAL_PUBLIC; no IMD soil-moisture grid)
2022-12-08,0.0,25.56,IMD gridded 0.25deg (REAL_GOVERNMENT),IMD gridded 1deg (REAL_GOVERNMENT),0.248,ERA5-Land via Open-Meteo (REAL_PUBLIC; no IMD soil-moisture grid)
2022-12-09,0.0,26.38,IMD gridded 0.25deg (REAL_GOVERNMENT),IMD gridded 1deg (REAL_GOVERNMENT),0.25,ERA5-Land via Open-Meteo (REAL_PUBLIC; no IMD soil-moisture grid)
2022-12-10,0.0,27.79,IMD gridded 0.25deg (REAL_GOVERNMENT),IMD gridded 1deg (REAL_GOVERNMENT),0.251,ERA5-Land via Open-Meteo (REAL_PUBLIC; no IMD soil-moisture grid)
2022-12-11,0.0,28.58,IMD gridded 0.25deg (REAL_GOVERNMENT),IMD gridded 1deg (REAL_GOVERNMENT),0.251,ERA5-Land via Open-Meteo (REAL_PUBLIC; no IMD soil-moisture grid)
2022-12-12,0.0,27.77,IMD gridded 0.25deg (REAL_GOVERNMENT),IMD gridded 1deg (REAL_GOVERNMENT),0.266,ERA5-Land via Open-Meteo (REAL_PUBLIC; no IMD soil-moisture grid)
2022-12-13,0.0,27.61,IMD gridded 0.25deg (REAL_GOVERNMENT),IMD gridded 1deg (REAL_GOVERNMENT),0.273,ERA5-Land via Open-Meteo (REAL_PUBLIC; no IMD soil-moisture grid)
2022-12-14,0.0,28.6,IMD gridded 0.25deg (REAL_GOVERNMENT),IMD gridded 1deg (REAL_GOVERNMENT),0.242,ERA5-Land via Open-Meteo (REAL_PUBLIC; no IMD soil-moisture grid)
2022-12-15,0.0,28.5,IMD gridded 0.25deg (REAL_GOVERNMENT),IMD gridded 1deg (REAL_GOVERNMENT),0.245,ERA5-Land via Open-Meteo (REAL_PUBLIC; no IMD soil-moisture grid)
2022-12-16,0.0,29.17,IMD gridded 0.25deg (REAL_GOVERNMENT),IMD gridded 1deg (REAL_GOVERNMENT),0.244,ERA5-Land via Open-Meteo (REAL_PUBLIC; no IMD soil-moisture grid)
2022-12-17,0.0,28.17,IMD gridded 0.25deg (REAL_GOVERNMENT),IMD gridded 1deg (REAL_GOVERNMENT),0.243,ERA5-Land via Open-Meteo (REAL_PUBLIC; no IMD soil-moisture grid)
2022-12-18,0.0,27.25,IMD gridded 0.25deg (REAL_GOVERNMENT),IMD gridded 1deg (REAL_GOVERNMENT),0.243,ERA5-Land via Open-Meteo (REAL_PUBLIC; no IMD soil-moisture grid)
2022-12-19,0.0,27.38,IMD gridded 0.25deg (REAL_GOVERNMENT),IMD gridded 1deg (REAL_GOVERNMENT),0.244,ERA5-Land via Open-Meteo (REAL_PUBLIC; no IMD soil-moisture grid)
2022-12-20,0.0,27.62,IMD gridded 0.25deg (REAL_GOVERNMENT),IMD gridded 1deg (REAL_GOVERNMENT),0.246,ERA5-Land via Open-Meteo (REAL_PUBLIC; no IMD soil-moisture grid)
2022-12-21,0.0,28.05,IMD gridded 0.25deg (REAL_GOVERNMENT),IMD gridded 1deg (REAL_GOVERNMENT),0.246,ERA5-Land via Open-Meteo (REAL_PUBLIC; no IMD soil-moisture grid)
2022-12-22,0.0,28.82,IMD gridded 0.25deg (REAL_GOVERNMENT),IMD gridded 1deg (REAL_GOVERNMENT),0.247,ERA5-Land via Open-Meteo (REAL_PUBLIC; no IMD soil-moisture grid)
2022-12-23,0.0,29.64,IMD gridded 0.25deg (REAL_GOVERNMENT),IMD gridded 1deg (REAL_GOVERNMENT),0.251,ERA5-Land via Open-Meteo (REAL_PUBLIC; no IMD soil-moisture grid)
2022-12-24,0.0,28.81,IMD gridded 0.25deg (REAL_GOVERNMENT),IMD gridded 1deg (REAL_GOVERNMENT),0.254,ERA5-Land via Open-Meteo (REAL_PUBLIC; no IMD soil-moisture grid)
2022-12-25,0.0,27.36,IMD gridded 0.25deg (REAL_GOVERNMENT),IMD gridded 1deg (REAL_GOVERNMENT),0.256,ERA5-Land via Open-Meteo (REAL_PUBLIC; no IMD soil-moisture grid)
2022-12-26,0.0,27.94,IMD gridded 0.25deg (REAL_GOVERNMENT),IMD gridded 1deg (REAL_GOVERNMENT),0.256,ERA5-Land via Open-Meteo (REAL_PUBLIC; no IMD soil-moisture grid)
2022-12-27,0.0,28.29,IMD gridded 0.25deg (REAL_GOVERNMENT),IMD gridded 1deg (REAL_GOVERNMENT),0.261,ERA5-Land via Open-Meteo (REAL_PUBLIC; no IMD soil-moisture grid)
2022-12-28,0.0,27.76,IMD gridded 0.25deg (REAL_GOVERNMENT),IMD gridded 1deg (REAL_GOVERNMENT),0.266,ERA5-Land via Open-Meteo (REAL_PUBLIC; no IMD soil-moisture grid)
2022-12-29,0.0,28.36,IMD gridded 0.25deg (REAL_GOVERNMENT),IMD gridded 1deg (REAL_GOVERNMENT),0.265,ERA5-Land via Open-Meteo (REAL_PUBLIC; no IMD soil-moisture grid)
2022-12-30,0.0,29.67,IMD gridded 0.25deg (REAL_GOVERNMENT),IMD gridded 1deg (REAL_GOVERNMENT),0.264,ERA5-Land via Open-Meteo (REAL_PUBLIC; no IMD soil-moisture grid)
2022-12-31,0.0,27.89,IMD gridded 0.25deg (REAL_GOVERNMENT),IMD gridded 1deg (REAL_GOVERNMENT),0.267,ERA5-Land via Open-Meteo (REAL_PUBLIC; no IMD soil-moisture grid)
2023-01-01,0.0,26.09,IMD gridded 0.25deg (REAL_GOVERNMENT),IMD gridded 1deg (REAL_GOVERNMENT),0.267,ERA5-Land via Open-Meteo (REAL_PUBLIC; no IMD soil-moisture grid)
2023-01-02,0.0,24.98,IMD gridded 0.25deg (REAL_GOVERNMENT),IMD gridded 1deg (REAL_GOVERNMENT),0.265,ERA5-Land via Open-Meteo (REAL_PUBLIC; no IMD soil-moisture grid)
2023-01-03,0.0,23.87,IMD gridded 0.25deg (REAL_GOVERNMENT),IMD gridded 1deg (REAL_GOVERNMENT),0.262,ERA5-Land via Open-Meteo (REAL_PUBLIC; no IMD soil-moisture grid)
2023-01-04,0.0,19.3,IMD gridded 0.25deg (REAL_GOVERNMENT),IMD gridded 1deg (REAL_GOVERNMENT),0.263,ERA5-Land via Open-Meteo (REAL_PUBLIC; no IMD soil-moisture grid)
2023-01-05,7.17,21.47,IMD gridded 0.25deg (REAL_GOVERNMENT),IMD gridded 1deg (REAL_GOVERNMENT),0.267,ERA5-Land via Open-Meteo (REAL_PUBLIC; no IMD soil-moisture grid)
2023-01-06,0.0,24.14,IMD gridded 0.25deg (REAL_GOVERNMENT),IMD gridded 1deg (REAL_GOVERNMENT),0.27,ERA5-Land via Open-Meteo (REAL_PUBLIC; no IMD soil-moisture grid)
2023-01-07,0.0,24.94,IMD gridded 0.25deg (REAL_GOVERNMENT),IMD gridded 1deg (REAL_GOVERNMENT),0.266,ERA5-Land via Open-Meteo (REAL_PUBLIC; no IMD soil-moisture grid)
2023-01-08,0.0,25.92,IMD gridded 0.25deg (REAL_GOVERNMENT),IMD gridded 1deg (REAL_GOVERNMENT),0.265,ERA5-Land via Open-Meteo (REAL_PUBLIC; no IMD soil-moisture grid)
2023-01-09,0.0,27.07,IMD gridded 0.25deg (REAL_GOVERNMENT),IMD gridded 1deg (REAL_GOVERNMENT),0.263,ERA5-Land via Open-Meteo (REAL_PUBLIC; no IMD soil-moisture grid)
2023-01-10,0.0,27.97,IMD gridded 0.25deg (REAL_GOVERNMENT),IMD gridded 1deg (REAL_GOVERNMENT),0.262,ERA5-Land via Open-Meteo (REAL_PUBLIC; no IMD soil-moisture grid)
2023-01-11,0.0,29.08,IMD gridded 0.25deg (REAL_GOVERNMENT),IMD gridded 1deg (REAL_GOVERNMENT),0.265,ERA5-Land via Open-Meteo (REAL_PUBLIC; no IMD soil-moisture grid)
2023-01-12,0.0,28.55,IMD gridded 0.25deg (REAL_GOVERNMENT),IMD gridded 1deg (REAL_GOVERNMENT),0.264,ERA5-Land via Open-Meteo (REAL_PUBLIC; no IMD soil-moisture grid)
2023-01-13,0.0,27.92,IMD gridded 0.25deg (REAL_GOVERNMENT),IMD gridded 1deg (REAL_GOVERNMENT),0.263,ERA5-Land via Open-Meteo (REAL_PUBLIC; no IMD soil-moisture grid)
2023-01-14,0.0,26.58,IMD gridded 0.25deg (REAL_GOVERNMENT),IMD gridded 1deg (REAL_GOVERNMENT),0.266,ERA5-Land via Open-Meteo (REAL_PUBLIC; no IMD soil-moisture grid)
2023-01-15,0.0,24.73,IMD gridded 0.25deg (REAL_GOVERNMENT),IMD gridded 1deg (REAL_GOVERNMENT),0.265,ERA5-Land via Open-Meteo (REAL_PUBLIC; no IMD soil-moisture grid)
2023-01-16,0.0,25.5,IMD gridded 0.25deg (REAL_GOVERNMENT),IMD gridded 1deg (REAL_GOVERNMENT),0.264,ERA5-Land via Open-Meteo (REAL_PUBLIC; no IMD soil-moisture grid)
2023-01-17,0.0,25.65,IMD gridded 0.25deg (REAL_GOVERNMENT),IMD gridded 1deg (REAL_GOVERNMENT),0.263,ERA5-Land via Open-Meteo (REAL_PUBLIC; no IMD soil-moisture grid)
2023-01-18,0.0,25.66,IMD gridded 0.25deg (REAL_GOVERNMENT),IMD gridded 1deg (REAL_GOVERNMENT),0.264,ERA5-Land via Open-Meteo (REAL_PUBLIC; no IMD soil-moisture grid)
2023-01-19,0.0,26.8,IMD gridded 0.25deg (REAL_GOVERNMENT),IMD gridded 1deg (REAL_GOVERNMENT),0.264,ERA5-Land via Open-Meteo (REAL_PUBLIC; no IMD soil-moisture grid)
2023-01-20,0.0,28.66,IMD gridded 0.25deg (REAL_GOVERNMENT),IMD gridded 1deg (REAL_GOVERNMENT),0.263,ERA5-Land via Open-Meteo (REAL_PUBLIC; no IMD soil-moisture grid)
2023-01-21,0.0,28.89,IMD gridded 0.25deg (REAL_GOVERNMENT),IMD gridded 1deg (REAL_GOVERNMENT),0.262,ERA5-Land via Open-Meteo (REAL_PUBLIC; no IMD soil-moisture grid)
2023-01-22,0.0,29.31,IMD gridded 0.25deg (REAL_GOVERNMENT),IMD gridded 1deg (REAL_GOVERNMENT),0.261,ERA5-Land via Open-Meteo (REAL_PUBLIC; no IMD soil-moisture grid)
2023-01-23,0.0,29.32,IMD gridded 0.25deg (REAL_GOVERNMENT),IMD gridded 1deg (REAL_GOVERNMENT),0.262,ERA5-Land via Open-Meteo (REAL_PUBLIC; no IMD soil-moisture grid)
2023-01-24,0.0,30.33,IMD gridded 0.25deg (REAL_GOVERNMENT),IMD gridded 1deg (REAL_GOVERNMENT),0.261,ERA5-Land via Open-Meteo (REAL_PUBLIC; no IMD soil-moisture grid)
2023-01-25,0.0,30.14,IMD gridded 0.25deg (REAL_GOVERNMENT),IMD gridded 1deg (REAL_GOVERNMENT),0.257,ERA5-Land via Open-Meteo (REAL_PUBLIC; no IMD soil-moisture grid)
2023-01-26,0.0,27.75,IMD gridded 0.25deg (REAL_GOVERNMENT),IMD gridded 1deg (REAL_GOVERNMENT),0.256,ERA5-Land via Open-Meteo (REAL_PUBLIC; no IMD soil-moisture grid)
2023-01-27,0.0,26.7,IMD gridded 0.25deg (REAL_GOVERNMENT),IMD gridded 1deg (REAL_GOVERNMENT),0.256,ERA5-Land via Open-Meteo (REAL_PUBLIC; no IMD soil-moisture grid)
2023-01-28,0.0,28.38,IMD gridded 0.25deg (REAL_GOVERNMENT),IMD gridded 1deg (REAL_GOVERNMENT),0.255,ERA5-Land via Open-Meteo (REAL_PUBLIC; no IMD soil-moisture grid)
2023-01-29,0.0,29.28,IMD gridded 0.25deg (REAL_GOVERNMENT),IMD gridded 1deg (REAL_GOVERNMENT),0.255,ERA5-Land via Open-Meteo (REAL_PUBLIC; no IMD soil-moisture grid)
2023-01-30,0.0,28.98,IMD gridded 0.25deg (REAL_GOVERNMENT),IMD gridded 1deg (REAL_GOVERNMENT),0.254,ERA5-Land via Open-Meteo (REAL_PUBLIC; no IMD soil-moisture grid)
2023-01-31,0.0,27.47,IMD gridded 0.25deg (REAL_GOVERNMENT),IMD gridded 1deg (REAL_GOVERNMENT),0.255,ERA5-Land via Open-Meteo (REAL_PUBLIC; no IMD soil-moisture grid)
2023-02-01,0.0,26.78,IMD gridded 0.25deg (REAL_GOVERNMENT),IMD gridded 1deg (REAL_GOVERNMENT),0.25,ERA5-Land via Open-Meteo (REAL_PUBLIC; no IMD soil-moisture grid)
2023-02-02,0.0,27.44,IMD gridded 0.25deg (REAL_GOVERNMENT),IMD gridded 1deg (REAL_GOVERNMENT),0.251,ERA5-Land via Open-Meteo (REAL_PUBLIC; no IMD soil-moisture grid)
2023-02-03,0.0,28.83,IMD gridded 0.25deg (REAL_GOVERNMENT),IMD gridded 1deg (REAL_GOVERNMENT),0.253,ERA5-Land via Open-Meteo (REAL_PUBLIC; no IMD soil-moisture grid)
2023-02-04,0.0,29.62,IMD gridded 0.25deg (REAL_GOVERNMENT),IMD gridded 1deg (REAL_GOVERNMENT),0.257,ERA5-Land via Open-Meteo (REAL_PUBLIC; no IMD soil-moisture grid)
2023-02-05,0.0,29.74,IMD gridded 0.25deg (REAL_GOVERNMENT),IMD gridded 1deg (REAL_GOVERNMENT),0.257,ERA5-Land via Open-Meteo (REAL_PUBLIC; no IMD soil-moisture grid)
2023-02-06,0.0,30.99,IMD gridded 0.25deg (REAL_GOVERNMENT),IMD gridded 1deg (REAL_GOVERNMENT),0.256,ERA5-Land via Open-Meteo (REAL_PUBLIC; no IMD soil-moisture grid)
2023-02-07,0.0,30.96,IMD gridded 0.25deg (REAL_GOVERNMENT),IMD gridded 1deg (REAL_GOVERNMENT),0.255,ERA5-Land via Open-Meteo (REAL_PUBLIC; no IMD soil-moisture grid)
2023-02-08,0.0,29.25,IMD gridded 0.25deg (REAL_GOVERNMENT),IMD gridded 1deg (REAL_GOVERNMENT),0.256,ERA5-Land via Open-Meteo (REAL_PUBLIC; no IMD soil-moisture grid)
2023-02-09,0.0,31.1,IMD gridded 0.25deg (REAL_GOVERNMENT),IMD gridded 1deg (REAL_GOVERNMENT),0.257,ERA5-Land via Open-Meteo (REAL_PUBLIC; no IMD soil-moisture grid)
2023-02-10,0.0,32.94,IMD gridded 0.25deg (REAL_GOVERNMENT),IMD gridded 1deg (REAL_GOVERNMENT),0.256,ERA5-Land via Open-Meteo (REAL_PUBLIC; no IMD soil-moisture grid)
2023-02-11,0.0,32.19,IMD gridded 0.25deg (REAL_GOVERNMENT),IMD gridded 1deg (REAL_GOVERNMENT),0.255,ERA5-Land via Open-Meteo (REAL_PUBLIC; no IMD soil-moisture grid)
2023-02-12,0.0,29.9,IMD gridded 0.25deg (REAL_GOVERNMENT),IMD gridded 1deg (REAL_GOVERNMENT),0.255,ERA5-Land via Open-Meteo (REAL_PUBLIC; no IMD soil-moisture grid)
2023-02-13,0.0,29.02,IMD gridded 0.25deg (REAL_GOVERNMENT),IMD gridded 1deg (REAL_GOVERNMENT),0.254,ERA5-Land via Open-Meteo (REAL_PUBLIC; no IMD soil-moisture grid)
2023-02-14,0.0,30.38,IMD gridded 0.25deg (REAL_GOVERNMENT),IMD gridded 1deg (REAL_GOVERNMENT),0.254,ERA5-Land via Open-Meteo (REAL_PUBLIC; no IMD soil-moisture grid)
2023-02-15,0.0,31.75,IMD gridded 0.25deg (REAL_GOVERNMENT),IMD gridded 1deg (REAL_GOVERNMENT),0.253,ERA5-Land via Open-Meteo (REAL_PUBLIC; no IMD soil-moisture grid)
2023-02-16,0.0,32.48,IMD gridded 0.25deg (REAL_GOVERNMENT),IMD gridded 1deg (REAL_GOVERNMENT),0.253,ERA5-Land via Open-Meteo (REAL_PUBLIC; no IMD soil-moisture grid)
2023-02-17,0.0,31.75,IMD gridded 0.25deg (REAL_GOVERNMENT),IMD gridded 1deg (REAL_GOVERNMENT),0.252,ERA5-Land via Open-Meteo (REAL_PUBLIC; no IMD soil-moisture grid)
2023-02-18,0.0,31.7,IMD gridded 0.25deg (REAL_GOVERNMENT),IMD gridded 1deg (REAL_GOVERNMENT),0.252,ERA5-Land via Open-Meteo (REAL_PUBLIC; no IMD soil-moisture grid)
2023-02-19,0.0,32.98,IMD gridded 0.25deg (REAL_GOVERNMENT),IMD gridded 1deg (REAL_GOVERNMENT),0.252,ERA5-Land via Open-Meteo (REAL_PUBLIC; no IMD soil-moisture grid)
2023-02-20,0.0,34.67,IMD gridded 0.25deg (REAL_GOVERNMENT),IMD gridded 1deg (REAL_GOVERNMENT),0.252,ERA5-Land via Open-Meteo (REAL_PUBLIC; no IMD soil-moisture grid)
2023-02-21,0.0,34.99,IMD gridded 0.25deg (REAL_GOVERNMENT),IMD gridded 1deg (REAL_GOVERNMENT),0.252,ERA5-Land via Open-Meteo (REAL_PUBLIC; no IMD soil-moisture grid)
2023-02-22,0.0,34.22,IMD gridded 0.25deg (REAL_GOVERNMENT),IMD gridded 1deg (REAL_GOVERNMENT),0.252,ERA5-Land via Open-Meteo (REAL_PUBLIC; no IMD soil-moisture grid)
2023-02-23,0.0,33.85,IMD gridded 0.25deg (REAL_GOVERNMENT),IMD gridded 1deg (REAL_GOVERNMENT),0.252,ERA5-Land via Open-Meteo (REAL_PUBLIC; no IMD soil-moisture grid)
2023-02-24,0.0,33.73,IMD gridded 0.25deg (REAL_GOVERNMENT),IMD gridded 1deg (REAL_GOVERNMENT),0.252,ERA5-Land via Open-Meteo (REAL_PUBLIC; no IMD soil-moisture grid)
2023-02-25,0.0,33.88,IMD gridded 0.25deg (REAL_GOVERNMENT),IMD gridded 1deg (REAL_GOVERNMENT),0.252,ERA5-Land via Open-Meteo (REAL_PUBLIC; no IMD soil-moisture grid)
2023-02-26,0.0,34.53,IMD gridded 0.25deg (REAL_GOVERNMENT),IMD gridded 1deg (REAL_GOVERNMENT),0.252,ERA5-Land via Open-Meteo (REAL_PUBLIC; no IMD soil-moisture grid)
2023-02-27,0.0,34.18,IMD gridded 0.25deg (REAL_GOVERNMENT),IMD gridded 1deg (REAL_GOVERNMENT),0.252,ERA5-Land via Open-Meteo (REAL_PUBLIC; no IMD soil-moisture grid)
2023-02-28,0.0,33.77,IMD gridded 0.25deg (REAL_GOVERNMENT),IMD gridded 1deg (REAL_GOVERNMENT),0.252,ERA5-Land via Open-Meteo (REAL_PUBLIC; no IMD soil-moisture grid)
2023-03-01,0.0,33.8,IMD gridded 0.25deg (REAL_GOVERNMENT),IMD gridded 1deg (REAL_GOVERNMENT),0.252,ERA5-Land via Open-Meteo (REAL_PUBLIC; no IMD soil-moisture grid)
2023-03-02,0.0,33.75,IMD gridded 0.25deg (REAL_GOVERNMENT),IMD gridded 1deg (REAL_GOVERNMENT),0.252,ERA5-Land via Open-Meteo (REAL_PUBLIC; no IMD soil-moisture grid)
2023-03-03,0.0,34.41,IMD gridded 0.25deg (REAL_GOVERNMENT),IMD gridded 1deg (REAL_GOVERNMENT),0.252,ERA5-Land via Open-Meteo (REAL_PUBLIC; no IMD soil-moisture grid)
2023-03-04,0.0,34.83,IMD gridded 0.25deg (REAL_GOVERNMENT),IMD gridded 1deg (REAL_GOVERNMENT),0.252,ERA5-Land via Open-Meteo (REAL_PUBLIC; no IMD soil-moisture grid)
2023-03-05,0.0,32.06,IMD gridded 0.25deg (REAL_GOVERNMENT),IMD gridded 1deg (REAL_GOVERNMENT),0.252,ERA5-Land via Open-Meteo (REAL_PUBLIC; no IMD soil-moisture grid)
2023-03-06,0.0,33.19,IMD gridded 0.25deg (REAL_GOVERNMENT),IMD gridded 1deg (REAL_GOVERNMENT),0.252,ERA5-Land via Open-Meteo (REAL_PUBLIC; no IMD soil-moisture grid)
2023-03-07,0.0,27.54,IMD gridded 0.25deg (REAL_GOVERNMENT),IMD gridded 1deg (REAL_GOVERNMENT),0.253,ERA5-Land via Open-Meteo (REAL_PUBLIC; no IMD soil-moisture grid)
2023-03-08,0.0,31.33,IMD gridded 0.25deg (REAL_GOVERNMENT),IMD gridded 1deg (REAL_GOVERNMENT),0.253,ERA5-Land via Open-Meteo (REAL_PUBLIC; no IMD soil-moisture grid)
2023-03-09,0.0,32.56,IMD gridded 0.25deg (REAL_GOVERNMENT),IMD gridded 1deg (REAL_GOVERNMENT),0.254,ERA5-Land via Open-Meteo (REAL_PUBLIC; no IMD soil-moisture grid)
2023-03-10,0.0,32.56,IMD gridded 0.25deg (REAL_GOVERNMENT),IMD gridded 1deg (REAL_GOVERNMENT),0.258,ERA5-Land via Open-Meteo (REAL_PUBLIC; no IMD soil-moisture grid)
2023-03-11,0.0,32.75,IMD gridded 0.25deg (REAL_GOVERNMENT),IMD gridded 1deg (REAL_GOVERNMENT),0.256,ERA5-Land via Open-Meteo (REAL_PUBLIC; no IMD soil-moisture grid)
2023-03-12,0.0,33.78,IMD gridded 0.25deg (REAL_GOVERNMENT),IMD gridded 1deg (REAL_GOVERNMENT),0.259,ERA5-Land via Open-Meteo (REAL_PUBLIC; no IMD soil-moisture grid)
2023-03-13,0.0,34.59,IMD gridded 0.25deg (REAL_GOVERNMENT),IMD gridded 1deg (REAL_GOVERNMENT),0.256,ERA5-Land via Open-Meteo (REAL_PUBLIC; no IMD soil-moisture grid)
2023-03-14,0.0,34.08,IMD gridded 0.25deg (REAL_GOVERNMENT),IMD gridded 1deg (REAL_GOVERNMENT),0.255,ERA5-Land via Open-Meteo (REAL_PUBLIC; no IMD soil-moisture grid)
2023-03-15,0.0,33.54,IMD gridded 0.25deg (REAL_GOVERNMENT),IMD gridded 1deg (REAL_GOVERNMENT),0.253,ERA5-Land via Open-Meteo (REAL_PUBLIC; no IMD soil-moisture grid)
2023-03-16,0.0,29.12,IMD gridded 0.25deg (REAL_GOVERNMENT),IMD gridded 1deg (REAL_GOVERNMENT),0.262,ERA5-Land via Open-Meteo (REAL_PUBLIC; no IMD soil-moisture grid)
2023-03-17,0.0,31.32,IMD gridded 0.25deg (REAL_GOVERNMENT),IMD gridded 1deg (REAL_GOVERNMENT),0.258,ERA5-Land via Open-Meteo (REAL_PUBLIC; no IMD soil-moisture grid)
2023-03-18,9.11,28.43,IMD gridded 0.25deg (REAL_GOVERNMENT),IMD gridded 1deg (REAL_GOVERNMENT),0.285,ERA5-Land via Open-Meteo (REAL_PUBLIC; no IMD soil-moisture grid)
2023-03-19,0.14,27.14,IMD gridded 0.25deg (REAL_GOVERNMENT),IMD gridded 1deg (REAL_GOVERNMENT),0.282,ERA5-Land via Open-Meteo (REAL_PUBLIC; no IMD soil-moisture grid)
2023-03-20,3.7,29.71,IMD gridded 0.25deg (REAL_GOVERNMENT),IMD gridded 1deg (REAL_GOVERNMENT),0.336,ERA5-Land via Open-Meteo (REAL_PUBLIC; no IMD soil-moisture grid)
2023-03-21,0.0,30.89,IMD gridded 0.25deg (REAL_GOVERNMENT),IMD gridded 1deg (REAL_GOVERNMENT),0.323,ERA5-Land via Open-Meteo (REAL_PUBLIC; no IMD soil-moisture grid)
2023-03-22,0.0,31.31,IMD gridded 0.25deg (REAL_GOVERNMENT),IMD gridded 1deg (REAL_GOVERNMENT),0.314,ERA5-Land via Open-Meteo (REAL_PUBLIC; no IMD soil-moisture grid)
2023-03-23,0.0,32.71,IMD gridded 0.25deg (REAL_GOVERNMENT),IMD gridded 1deg (REAL_GOVERNMENT),0.313,ERA5-Land via Open-Meteo (REAL_PUBLIC; no IMD soil-moisture grid)
2023-03-24,0.0,33.98,IMD gridded 0.25deg (REAL_GOVERNMENT),IMD gridded 1deg (REAL_GOVERNMENT),0.305,ERA5-Land via Open-Meteo (REAL_PUBLIC; no IMD soil-moisture grid)
2023-03-25,0.0,33.27,IMD gridded 0.25deg (REAL_GOVERNMENT),IMD gridded 1deg (REAL_GOVERNMENT),0.3,ERA5-Land via Open-Meteo (REAL_PUBLIC; no IMD soil-moisture grid)
2023-03-26,0.0,34.07,IMD gridded 0.25deg (REAL_GOVERNMENT),IMD gridded 1deg (REAL_GOVERNMENT),0.297,ERA5-Land via Open-Meteo (REAL_PUBLIC; no IMD soil-moisture grid)
2023-03-27,6.26,34.97,IMD gridded 0.25deg (REAL_GOVERNMENT),IMD gridded 1deg (REAL_GOVERNMENT),0.286,ERA5-Land via Open-Meteo (REAL_PUBLIC; no IMD soil-moisture grid)
2023-03-28,0.0,35.18,IMD gridded 0.25deg (REAL_GOVERNMENT),IMD gridded 1deg (REAL_GOVERNMENT),0.282,ERA5-Land via Open-Meteo (REAL_PUBLIC; no IMD soil-moisture grid)
2023-03-29,0.0,36.4,IMD gridded 0.25deg (REAL_GOVERNMENT),IMD gridded 1deg (REAL_GOVERNMENT),0.277,ERA5-Land via Open-Meteo (REAL_PUBLIC; no IMD soil-moisture grid)
2023-03-30,0.0,36.7,IMD gridded 0.25deg (REAL_GOVERNMENT),IMD gridded 1deg (REAL_GOVERNMENT),0.275,ERA5-Land via Open-Meteo (REAL_PUBLIC; no IMD soil-moisture grid)
2023-03-31,0.0,33.04,IMD gridded 0.25deg (REAL_GOVERNMENT),IMD gridded 1deg (REAL_GOVERNMENT),0.277,ERA5-Land via Open-Meteo (REAL_PUBLIC; no IMD soil-moisture grid)
2023-04-01,2.81,33.19,IMD gridded 0.25deg (REAL_GOVERNMENT),IMD gridded 1deg (REAL_GOVERNMENT),0.293,ERA5-Land via Open-Meteo (REAL_PUBLIC; no IMD soil-moisture grid)
2023-04-02,0.0,35.04,IMD gridded 0.25deg (REAL_GOVERNMENT),IMD gridded 1deg (REAL_GOVERNMENT),0.29,ERA5-Land via Open-Meteo (REAL_PUBLIC; no IMD soil-moisture grid)
2023-04-03,0.0,36.24,IMD gridded 0.25deg (REAL_GOVERNMENT),IMD gridded 1deg (REAL_GOVERNMENT),0.279,ERA5-Land via Open-Meteo (REAL_PUBLIC; no IMD soil-moisture grid)
2023-04-04,0.0,36.82,IMD gridded 0.25deg (REAL_GOVERNMENT),IMD gridded 1deg (REAL_GOVERNMENT),0.277,ERA5-Land via Open-Meteo (REAL_PUBLIC; no IMD soil-moisture grid)
2023-04-05,0.0,36.71,IMD gridded 0.25deg (REAL_GOVERNMENT),IMD gridded 1deg (REAL_GOVERNMENT),0.271,ERA5-Land via Open-Meteo (REAL_PUBLIC; no IMD soil-moisture grid)
2023-04-06,0.0,37.09,IMD gridded 0.25deg (REAL_GOVERNMENT),IMD gridded 1deg (REAL_GOVERNMENT),0.271,ERA5-Land via Open-Meteo (REAL_PUBLIC; no IMD soil-moisture grid)
2023-04-07,0.0,35.71,IMD gridded 0.25deg (REAL_GOVERNMENT),IMD gridded 1deg (REAL_GOVERNMENT),0.297,ERA5-Land via Open-Meteo (REAL_PUBLIC; no IMD soil-moisture grid)
2023-04-08,2.45,32.54,IMD gridded 0.25deg (REAL_GOVERNMENT),IMD gridded 1deg (REAL_GOVERNMENT),0.315,ERA5-Land via Open-Meteo (REAL_PUBLIC; no IMD soil-moisture grid)
2023-04-09,0.7,35.54,IMD gridded 0.25deg (REAL_GOVERNMENT),IMD gridded 1deg (REAL_GOVERNMENT),0.327,ERA5-Land via Open-Meteo (REAL_PUBLIC; no IMD soil-moisture grid)
2023-04-10,4.24,37.09,IMD gridded 0.25deg (REAL_GOVERNMENT),IMD gridded 1deg (REAL_GOVERNMENT),0.313,ERA5-Land via Open-Meteo (REAL_PUBLIC; no IMD soil-moisture grid)
2023-04-11,0.24,38.36,IMD gridded 0.25deg (REAL_GOVERNMENT),IMD gridded 1deg (REAL_GOVERNMENT),0.308,ERA5-Land via Open-Meteo (REAL_PUBLIC; no IMD soil-moisture grid)
2023-04-12,0.0,38.98,IMD gridded 0.25deg (REAL_GOVERNMENT),IMD gridded 1deg (REAL_GOVERNMENT),0.302,ERA5-Land via Open-Meteo (REAL_PUBLIC; no IMD soil-moisture grid)
2023-04-13,0.0,39.02,IMD gridded 0.25deg (REAL_GOVERNMENT),IMD gridded 1deg (REAL_GOVERNMENT),0.292,ERA5-Land via Open-Meteo (REAL_PUBLIC; no IMD soil-moisture grid)
2023-04-14,0.0,38.02,IMD gridded 0.25deg (REAL_GOVERNMENT),IMD gridded 1deg (REAL_GOVERNMENT),0.284,ERA5-Land via Open-Meteo (REAL_PUBLIC; no IMD soil-moisture grid)
2023-04-15,0.0,35.8,IMD gridded 0.25deg (REAL_GOVERNMENT),IMD gridded 1deg (REAL_GOVERNMENT),0.28,ERA5-Land via Open-Meteo (REAL_PUBLIC; no IMD soil-moisture grid)
2023-04-16,0.0,38.62,IMD gridded 0.25deg (REAL_GOVERNMENT),IMD gridded 1deg (REAL_GOVERNMENT),0.279,ERA5-Land via Open-Meteo (REAL_PUBLIC; no IMD soil-moisture grid)
2023-04-17,0.0,39.41,IMD gridded 0.25deg (REAL_GOVERNMENT),IMD gridded 1deg (REAL_GOVERNMENT),0.269,ERA5-Land via Open-Meteo (REAL_PUBLIC; no IMD soil-moisture grid)
2023-04-18,0.0,40.17,IMD gridded 0.25deg (REAL_GOVERNMENT),IMD gridded 1deg (REAL_GOVERNMENT),0.26,ERA5-Land via Open-Meteo (REAL_PUBLIC; no IMD soil-moisture grid)
2023-04-19,0.0,39.68,IMD gridded 0.25deg (REAL_GOVERNMENT),IMD gridded 1deg (REAL_GOVERNMENT),0.252,ERA5-Land via Open-Meteo (REAL_PUBLIC; no IMD soil-moisture grid)
2023-04-20,0.0,37.6,IMD gridded 0.25deg (REAL_GOVERNMENT),IMD gridded 1deg (REAL_GOVERNMENT),0.246,ERA5-Land via Open-Meteo (REAL_PUBLIC; no IMD soil-moisture grid)
2023-04-21,0.04,36.36,IMD gridded 0.25deg (REAL_GOVERNMENT),IMD gridded 1deg (REAL_GOVERNMENT),0.267,ERA5-Land via Open-Meteo (REAL_PUBLIC; no IMD soil-moisture grid)
2023-04-22,1.32,35.02,IMD gridded 0.25deg (REAL_GOVERNMENT),IMD gridded 1deg (REAL_GOVERNMENT),0.289,ERA5-Land via Open-Meteo (REAL_PUBLIC; no IMD soil-moisture grid)
2023-04-23,4.81,34.8,IMD gridded 0.25deg (REAL_GOVERNMENT),IMD gridded 1deg (REAL_GOVERNMENT),0.319,ERA5-Land via Open-Meteo (REAL_PUBLIC; no IMD soil-moisture grid)
2023-04-24,0.0,34.92,IMD gridded 0.25deg (REAL_GOVERNMENT),IMD gridded 1deg (REAL_GOVERNMENT),0.381,ERA5-Land via Open-Meteo (REAL_PUBLIC; no IMD soil-moisture grid)
2023-04-25,0.03,34.93,IMD gridded 0.25deg (REAL_GOVERNMENT),IMD gridded 1deg (REAL_GOVERNMENT),0.31,ERA5-Land via Open-Meteo (REAL_PUBLIC; no IMD soil-moisture grid)
2023-04-26,28.4,34.7,IMD gridded 0.25deg (REAL_GOVERNMENT),IMD gridded 1deg (REAL_GOVERNMENT),0.299,ERA5-Land via Open-Meteo (REAL_PUBLIC; no IMD soil-moisture grid)
2023-04-27,4.2,34.32,IMD gridded 0.25deg (REAL_GOVERNMENT),IMD gridded 1deg (REAL_GOVERNMENT),0.424,ERA5-Land via Open-Meteo (REAL_PUBLIC; no IMD soil-moisture grid)
2023-04-28,2.72,33.63,IMD gridded 0.25deg (REAL_GOVERNMENT),IMD gridded 1deg (REAL_GOVERNMENT),0.419,ERA5-Land via Open-Meteo (REAL_PUBLIC; no IMD soil-moisture grid)
2023-04-29,8.37,31.8,IMD gridded 0.25deg (REAL_GOVERNMENT),IMD gridded 1deg (REAL_GOVERNMENT),0.47,ERA5-Land via Open-Meteo (REAL_PUBLIC; no IMD soil-moisture grid)
2023-04-30,11.84,26.19,IMD gridded 0.25deg (REAL_GOVERNMENT),IMD gridded 1deg (REAL_GOVERNMENT),0.497,ERA5-Land via Open-Meteo (REAL_PUBLIC; no IMD soil-moisture grid)
2023-05-01,8.52,29.28,IMD gridded 0.25deg (REAL_GOVERNMENT),IMD gridded 1deg (REAL_GOVERNMENT),0.477,ERA5-Land via Open-Meteo (REAL_PUBLIC; no IMD soil-moisture grid)
2023-05-02,2.88,29.51,IMD gridded 0.25deg (REAL_GOVERNMENT),IMD gridded 1deg (REAL_GOVERNMENT),0.464,ERA5-Land via Open-Meteo (REAL_PUBLIC; no IMD soil-moisture grid)
2023-05-03,4.36,28.64,IMD gridded 0.25deg (REAL_GOVERNMENT),IMD gridded 1deg (REAL_GOVERNMENT),0.485,ERA5-Land via Open-Meteo (REAL_PUBLIC; no IMD soil-moisture grid)
2023-05-04,0.0,31.87,IMD gridded 0.25deg (REAL_GOVERNMENT),IMD gridded 1deg (REAL_GOVERNMENT),0.458,ERA5-Land via Open-Meteo (REAL_PUBLIC; no IMD soil-moisture grid)
2023-05-05,2.74,32.81,IMD gridded 0.25deg (REAL_GOVERNMENT),IMD gridded 1deg (REAL_GOVERNMENT),0.436,ERA5-Land via Open-Meteo (REAL_PUBLIC; no IMD soil-moisture grid)
2023-05-06,0.0,35.47,IMD gridded 0.25deg (REAL_GOVERNMENT),IMD gridded 1deg (REAL_GOVERNMENT),0.405,ERA5-Land via Open-Meteo (REAL_PUBLIC; no IMD soil-moisture grid)
2023-05-07,0.0,36.81,IMD gridded 0.25deg (REAL_GOVERNMENT),IMD gridded 1deg (REAL_GOVERNMENT),0.378,ERA5-Land via Open-Meteo (REAL_PUBLIC; no IMD soil-moisture grid)
2023-05-08,0.0,37.37,IMD gridded 0.25deg (REAL_GOVERNMENT),IMD gridded 1deg (REAL_GOVERNMENT),0.358,ERA5-Land via Open-Meteo (REAL_PUBLIC; no IMD soil-moisture grid)
2023-05-09,0.0,38.93,IMD gridded 0.25deg (REAL_GOVERNMENT),IMD gridded 1deg (REAL_GOVERNMENT),0.344,ERA5-Land via Open-Meteo (REAL_PUBLIC; no IMD soil-moisture grid)
2023-05-10,0.0,39.05,IMD gridded 0.25deg (REAL_GOVERNMENT),IMD gridded 1deg (REAL_GOVERNMENT),0.337,ERA5-Land via Open-Meteo (REAL_PUBLIC; no IMD soil-moisture grid)
2023-05-11,0.0,39.86,IMD gridded 0.25deg (REAL_GOVERNMENT),IMD gridded 1deg (REAL_GOVERNMENT),0.325,ERA5-Land via Open-Meteo (REAL_PUBLIC; no IMD soil-moisture grid)
2023-05-12,0.0,40.63,IMD gridded 0.25deg (REAL_GOVERNMENT),IMD gridded 1deg (REAL_GOVERNMENT),0.313,ERA5-Land via Open-Meteo (REAL_PUBLIC; no IMD soil-moisture grid)
2023-05-13,0.0,41.38,IMD gridded 0.25deg (REAL_GOVERNMENT),IMD gridded 1deg (REAL_GOVERNMENT),0.302,ERA5-Land via Open-Meteo (REAL_PUBLIC; no IMD soil-moisture grid)
2023-05-14,0.0,41.85,IMD gridded 0.25deg (REAL_GOVERNMENT),IMD gridded 1deg (REAL_GOVERNMENT),0.296,ERA5-Land via Open-Meteo (REAL_PUBLIC; no IMD soil-moisture grid)
2023-05-15,0.0,40.8,IMD gridded 0.25deg (REAL_GOVERNMENT),IMD gridded 1deg (REAL_GOVERNMENT),0.295,ERA5-Land via Open-Meteo (REAL_PUBLIC; no IMD soil-moisture grid)
2023-05-16,0.0,39.63,IMD gridded 0.25deg (REAL_GOVERNMENT),IMD gridded 1deg (REAL_GOVERNMENT),0.296,ERA5-Land via Open-Meteo (REAL_PUBLIC; no IMD soil-moisture grid)
2023-05-17,0.0,39.41,IMD gridded 0.25deg (REAL_GOVERNMENT),IMD gridded 1deg (REAL_GOVERNMENT),0.295,ERA5-Land via Open-Meteo (REAL_PUBLIC; no IMD soil-moisture grid)
2023-05-18,0.0,39.91,IMD gridded 0.25deg (REAL_GOVERNMENT),IMD gridded 1deg (REAL_GOVERNMENT),0.292,ERA5-Land via Open-Meteo (REAL_PUBLIC; no IMD soil-moisture grid)
2023-05-19,0.0,40.13,IMD gridded 0.25deg (REAL_GOVERNMENT),IMD gridded 1deg (REAL_GOVERNMENT),0.297,ERA5-Land via Open-Meteo (REAL_PUBLIC; no IMD soil-moisture grid)
2023-05-20,0.0,41.02,IMD gridded 0.25deg (REAL_GOVERNMENT),IMD gridded 1deg (REAL_GOVERNMENT),0.293,ERA5-Land via Open-Meteo (REAL_PUBLIC; no IMD soil-moisture grid)
2023-05-21,0.0,41.78,IMD gridded 0.25deg (REAL_GOVERNMENT),IMD gridded 1deg (REAL_GOVERNMENT),0.291,ERA5-Land via Open-Meteo (REAL_PUBLIC; no IMD soil-moisture grid)
2023-05-22,0.0,39.73,IMD gridded 0.25deg (REAL_GOVERNMENT),IMD gridded 1deg (REAL_GOVERNMENT),0.288,ERA5-Land via Open-Meteo (REAL_PUBLIC; no IMD soil-moisture grid)
2023-05-23,0.0,40.34,IMD gridded 0.25deg (REAL_GOVERNMENT),IMD gridded 1deg (REAL_GOVERNMENT),0.29,ERA5-Land via Open-Meteo (REAL_PUBLIC; no IMD soil-moisture grid)
2023-05-24,0.0,40.8,IMD gridded 0.25deg (REAL_GOVERNMENT),IMD gridded 1deg (REAL_GOVERNMENT),0.289,ERA5-Land via Open-Meteo (REAL_PUBLIC; no IMD soil-moisture grid)
2023-05-25,0.0,39.3,IMD gridded 0.25deg (REAL_GOVERNMENT),IMD gridded 1deg (REAL_GOVERNMENT),0.286,ERA5-Land via Open-Meteo (REAL_PUBLIC; no IMD soil-moisture grid)
2023-05-26,0.0,38.14,IMD gridded 0.25deg (REAL_GOVERNMENT),IMD gridded 1deg (REAL_GOVERNMENT),0.283,ERA5-Land via Open-Meteo (REAL_PUBLIC; no IMD soil-moisture grid)
2023-05-27,0.0,38.78,IMD gridded 0.25deg (REAL_GOVERNMENT),IMD gridded 1deg (REAL_GOVERNMENT),0.279,ERA5-Land via Open-Meteo (REAL_PUBLIC; no IMD soil-moisture grid)
2023-05-28,0.0,38.21,IMD gridded 0.25deg (REAL_GOVERNMENT),IMD gridded 1deg (REAL_GOVERNMENT),0.278,ERA5-Land via Open-Meteo (REAL_PUBLIC; no IMD soil-moisture grid)
2023-05-29,0.0,37.88,IMD gridded 0.25deg (REAL_GOVERNMENT),IMD gridded 1deg (REAL_GOVERNMENT),0.274,ERA5-Land via Open-Meteo (REAL_PUBLIC; no IMD soil-moisture grid)
2023-05-30,0.0,38.25,IMD gridded 0.25deg (REAL_GOVERNMENT),IMD gridded 1deg (REAL_GOVERNMENT),0.275,ERA5-Land via Open-Meteo (REAL_PUBLIC; no IMD soil-moisture grid)
2023-05-31,0.0,39.22,IMD gridded 0.25deg (REAL_GOVERNMENT),IMD gridded 1deg (REAL_GOVERNMENT),0.28,ERA5-Land via Open-Meteo (REAL_PUBLIC; no IMD soil-moisture grid)
2023-06-01,0.0,40.02,IMD gridded 0.25deg (REAL_GOVERNMENT),IMD gridded 1deg (REAL_GOVERNMENT),0.274,ERA5-Land via Open-Meteo (REAL_PUBLIC; no IMD soil-moisture grid)
2023-06-02,0.0,40.45,IMD gridded 0.25deg (REAL_GOVERNMENT),IMD gridded 1deg (REAL_GOVERNMENT),0.27,ERA5-Land via Open-Meteo (REAL_PUBLIC; no IMD soil-moisture grid)
2023-06-03,0.0,39.52,IMD gridded 0.25deg (REAL_GOVERNMENT),IMD gridded 1deg (REAL_GOVERNMENT),0.272,ERA5-Land via Open-Meteo (REAL_PUBLIC; no IMD soil-moisture grid)
2023-06-04,0.0,39.43,IMD gridded 0.25deg (REAL_GOVERNMENT),IMD gridded 1deg (REAL_GOVERNMENT),0.267,ERA5-Land via Open-Meteo (REAL_PUBLIC; no IMD soil-moisture grid)
2023-06-05,0.0,38.59,IMD gridded 0.25deg (REAL_GOVERNMENT),IMD gridded 1deg (REAL_GOVERNMENT),0.262,ERA5-Land via Open-Meteo (REAL_PUBLIC; no IMD soil-moisture grid)
2023-06-06,0.0,39.76,IMD gridded 0.25deg (REAL_GOVERNMENT),IMD gridded 1deg (REAL_GOVERNMENT),0.265,ERA5-Land via Open-Meteo (REAL_PUBLIC; no IMD soil-moisture grid)
2023-06-07,0.0,39.7,IMD gridded 0.25deg (REAL_GOVERNMENT),IMD gridded 1deg (REAL_GOVERNMENT),0.26,ERA5-Land via Open-Meteo (REAL_PUBLIC; no IMD soil-moisture grid)
2023-06-08,0.0,41.04,IMD gridded 0.25deg (REAL_GOVERNMENT),IMD gridded 1deg (REAL_GOVERNMENT),0.261,ERA5-Land via Open-Meteo (REAL_PUBLIC; no IMD soil-moisture grid)
2023-06-09,0.0,40.48,IMD gridded 0.25deg (REAL_GOVERNMENT),IMD gridded 1deg (REAL_GOVERNMENT),0.267,ERA5-Land via Open-Meteo (REAL_PUBLIC; no IMD soil-moisture grid)
2023-06-10,0.0,40.41,IMD gridded 0.25deg (REAL_GOVERNMENT),IMD gridded 1deg (REAL_GOVERNMENT),0.264,ERA5-Land via Open-Meteo (REAL_PUBLIC; no IMD soil-moisture grid)
2023-06-11,0.0,40.39,IMD gridded 0.25deg (REAL_GOVERNMENT),IMD gridded 1deg (REAL_GOVERNMENT),0.264,ERA5-Land via Open-Meteo (REAL_PUBLIC; no IMD soil-moisture grid)
2023-06-12,0.0,40.61,IMD gridded 0.25deg (REAL_GOVERNMENT),IMD gridded 1deg (REAL_GOVERNMENT),0.259,ERA5-Land via Open-Meteo (REAL_PUBLIC; no IMD soil-moisture grid)
2023-06-13,0.0,40.69,IMD gridded 0.25deg (REAL_GOVERNMENT),IMD gridded 1deg (REAL_GOVERNMENT),0.287,ERA5-Land via Open-Meteo (REAL_PUBLIC; no IMD soil-moisture grid)
2023-06-14,3.92,39.87,IMD gridded 0.25deg (REAL_GOVERNMENT),IMD gridded 1deg (REAL_GOVERNMENT),0.345,ERA5-Land via Open-Meteo (REAL_PUBLIC; no IMD soil-moisture grid)
2023-06-15,0.46,39.57,IMD gridded 0.25deg (REAL_GOVERNMENT),IMD gridded 1deg (REAL_GOVERNMENT),0.323,ERA5-Land via Open-Meteo (REAL_PUBLIC; no IMD soil-moisture grid)
2023-06-16,3.44,40.23,IMD gridded 0.25deg (REAL_GOVERNMENT),IMD gridded 1deg (REAL_GOVERNMENT),0.303,ERA5-Land via Open-Meteo (REAL_PUBLIC; no IMD soil-moisture grid)
2023-06-17,0.0,39.68,IMD gridded 0.25deg (REAL_GOVERNMENT),IMD gridded 1deg (REAL_GOVERNMENT),0.289,ERA5-Land via Open-Meteo (REAL_PUBLIC; no IMD soil-moisture grid)
2023-06-18,0.0,38.73,IMD gridded 0.25deg (REAL_GOVERNMENT),IMD gridded 1deg (REAL_GOVERNMENT),0.279,ERA5-Land via Open-Meteo (REAL_PUBLIC; no IMD soil-moisture grid)
2023-06-19,0.0,38.65,IMD gridded 0.25deg (REAL_GOVERNMENT),IMD gridded 1deg (REAL_GOVERNMENT),0.276,ERA5-Land via Open-Meteo (REAL_PUBLIC; no IMD soil-moisture grid)
2023-06-20,0.0,38.61,IMD gridded 0.25deg (REAL_GOVERNMENT),IMD gridded 1deg (REAL_GOVERNMENT),0.265,ERA5-Land via Open-Meteo (REAL_PUBLIC; no IMD soil-moisture grid)
2023-06-21,0.0,38.33,IMD gridded 0.25deg (REAL_GOVERNMENT),IMD gridded 1deg (REAL_GOVERNMENT),0.281,ERA5-Land via Open-Meteo (REAL_PUBLIC; no IMD soil-moisture grid)
2023-06-22,0.91,35.03,IMD gridded 0.25deg (REAL_GOVERNMENT),IMD gridded 1deg (REAL_GOVERNMENT),0.325,ERA5-Land via Open-Meteo (REAL_PUBLIC; no IMD soil-moisture grid)
2023-06-23,4.73,29.71,IMD gridded 0.25deg (REAL_GOVERNMENT),IMD gridded 1deg (REAL_GOVERNMENT),0.419,ERA5-Land via Open-Meteo (REAL_PUBLIC; no IMD soil-moisture grid)
2023-06-24,22.82,32.69,IMD gridded 0.25deg (REAL_GOVERNMENT),IMD gridded 1deg (REAL_GOVERNMENT),0.446,ERA5-Land via Open-Meteo (REAL_PUBLIC; no IMD soil-moisture grid)
2023-06-25,0.0,33.23,IMD gridded 0.25deg (REAL_GOVERNMENT),IMD gridded 1deg (REAL_GOVERNMENT),0.432,ERA5-Land via Open-Meteo (REAL_PUBLIC; no IMD soil-moisture grid)
2023-06-26,6.52,26.85,IMD gridded 0.25deg (REAL_GOVERNMENT),IMD gridded 1deg (REAL_GOVERNMENT),0.507,ERA5-Land via Open-Meteo (REAL_PUBLIC; no IMD soil-moisture grid)
2023-06-27,62.8,27.12,IMD gridded 0.25deg (REAL_GOVERNMENT),IMD gridded 1deg (REAL_GOVERNMENT),0.508,ERA5-Land via Open-Meteo (REAL_PUBLIC; no IMD soil-moisture grid)
2023-06-28,60.41,27.71,IMD gridded 0.25deg (REAL_GOVERNMENT),IMD gridded 1deg (REAL_GOVERNMENT),0.507,ERA5-Land via Open-Meteo (REAL_PUBLIC; no IMD soil-moisture grid)
2023-06-29,4.28,30.26,IMD gridded 0.25deg (REAL_GOVERNMENT),IMD gridded 1deg (REAL_GOVERNMENT),0.499,ERA5-Land via Open-Meteo (REAL_PUBLIC; no IMD soil-moisture grid)
2023-06-30,8.7,30.47,IMD gridded 0.25deg (REAL_GOVERNMENT),IMD gridded 1deg (REAL_GOVERNMENT),0.481,ERA5-Land via Open-Meteo (REAL_PUBLIC; no IMD soil-moisture grid)
2023-07-01,0.82,30.7,IMD gridded 0.25deg (REAL_GOVERNMENT),IMD gridded 1deg (REAL_GOVERNMENT),0.468,ERA5-Land via Open-Meteo (REAL_PUBLIC; no IMD soil-moisture grid)
2023-07-02,0.0,31.46,IMD gridded 0.25deg (REAL_GOVERNMENT),IMD gridded 1deg (REAL_GOVERNMENT),0.456,ERA5-Land via Open-Meteo (REAL_PUBLIC; no IMD soil-moisture grid)
2023-07-03,2.62,34.53,IMD gridded 0.25deg (REAL_GOVERNMENT),IMD gridded 1deg (REAL_GOVERNMENT),0.449,ERA5-Land via Open-Meteo (REAL_PUBLIC; no IMD soil-moisture grid)
2023-07-04,0.0,35.25,IMD gridded 0.25deg (REAL_GOVERNMENT),IMD gridded 1deg (REAL_GOVERNMENT),0.478,ERA5-Land via Open-Meteo (REAL_PUBLIC; no IMD soil-moisture grid)
2023-07-05,8.09,33.1,IMD gridded 0.25deg (REAL_GOVERNMENT),IMD gridded 1deg (REAL_GOVERNMENT),0.467,ERA5-Land via Open-Meteo (REAL_PUBLIC; no IMD soil-moisture grid)
2023-07-06,1.86,32.94,IMD gridded 0.25deg (REAL_GOVERNMENT),IMD gridded 1deg (REAL_GOVERNMENT),0.495,ERA5-Land via Open-Meteo (REAL_PUBLIC; no IMD soil-moisture grid)
2023-07-07,32.43,30.05,IMD gridded 0.25deg (REAL_GOVERNMENT),IMD gridded 1deg (REAL_GOVERNMENT),0.508,ERA5-Land via Open-Meteo (REAL_PUBLIC; no IMD soil-moisture grid)
2023-07-08,9.03,30.57,IMD gridded 0.25deg (REAL_GOVERNMENT),IMD gridded 1deg (REAL_GOVERNMENT),0.504,ERA5-Land via Open-Meteo (REAL_PUBLIC; no IMD soil-moisture grid)
2023-07-09,78.69,28.49,IMD gridded 0.25deg (REAL_GOVERNMENT),IMD gridded 1deg (REAL_GOVERNMENT),0.503,ERA5-Land via Open-Meteo (REAL_PUBLIC; no IMD soil-moisture grid)
2023-07-10,21.03,30.85,IMD gridded 0.25deg (REAL_GOVERNMENT),IMD gridded 1deg (REAL_GOVERNMENT),0.498,ERA5-Land via Open-Meteo (REAL_PUBLIC; no IMD soil-moisture grid)
2023-07-11,1.41,28.31,IMD gridded 0.25deg (REAL_GOVERNMENT),IMD gridded 1deg (REAL_GOVERNMENT),0.497,ERA5-Land via Open-Meteo (REAL_PUBLIC; no IMD soil-moisture grid)
2023-07-12,1.63,28.93,IMD gridded 0.25deg (REAL_GOVERNMENT),IMD gridded 1deg (REAL_GOVERNMENT),0.503,ERA5-Land via Open-Meteo (REAL_PUBLIC; no IMD soil-moisture grid)
2023-07-13,4.6,30.29,IMD gridded 0.25deg (REAL_GOVERNMENT),IMD gridded 1deg (REAL_GOVERNMENT),0.496,ERA5-Land via Open-Meteo (REAL_PUBLIC; no IMD soil-moisture grid)
2023-07-14,8.17,30.09,IMD gridded 0.25deg (REAL_GOVERNMENT),IMD gridded 1deg (REAL_GOVERNMENT),0.504,ERA5-Land via Open-Meteo (REAL_PUBLIC; no IMD soil-moisture grid)
2023-07-15,3.2,28.14,IMD gridded 0.25deg (REAL_GOVERNMENT),IMD gridded 1deg (REAL_GOVERNMENT),0.507,ERA5-Land via Open-Meteo (REAL_PUBLIC; no IMD soil-moisture grid)
2023-07-16,77.64,28.13,IMD gridded 0.25deg (REAL_GOVERNMENT),IMD gridded 1deg (REAL_GOVERNMENT),0.508,ERA5-Land via Open-Meteo (REAL_PUBLIC; no IMD soil-moisture grid)
2023-07-17,29.15,28.15,IMD gridded 0.25deg (REAL_GOVERNMENT),IMD gridded 1deg (REAL_GOVERNMENT),0.502,ERA5-Land via Open-Meteo (REAL_PUBLIC; no IMD soil-moisture grid)
2023-07-18,7.99,28.81,IMD gridded 0.25deg (REAL_GOVERNMENT),IMD gridded 1deg (REAL_GOVERNMENT),0.507,ERA5-Land via Open-Meteo (REAL_PUBLIC; no IMD soil-moisture grid)
2023-07-19,35.77,30.2,IMD gridded 0.25deg (REAL_GOVERNMENT),IMD gridded 1deg (REAL_GOVERNMENT),0.503,ERA5-Land via Open-Meteo (REAL_PUBLIC; no IMD soil-moisture grid)
2023-07-20,2.94,30.74,IMD gridded 0.25deg (REAL_GOVERNMENT),IMD gridded 1deg (REAL_GOVERNMENT),0.503,ERA5-Land via Open-Meteo (REAL_PUBLIC; no IMD soil-moisture grid)
2023-07-21,4.11,30.27,IMD gridded 0.25deg (REAL_GOVERNMENT),IMD gridded 1deg (REAL_GOVERNMENT),0.507,ERA5-Land via Open-Meteo (REAL_PUBLIC; no IMD soil-moisture grid)
2023-07-22,29.54,28.88,IMD gridded 0.25deg (REAL_GOVERNMENT),IMD gridded 1deg (REAL_GOVERNMENT),0.506,ERA5-Land via Open-Meteo (REAL_PUBLIC; no IMD soil-moisture grid)
2023-07-23,3.89,30.01,IMD gridded 0.25deg (REAL_GOVERNMENT),IMD gridded 1deg (REAL_GOVERNMENT),0.504,ERA5-Land via Open-Meteo (REAL_PUBLIC; no IMD soil-moisture grid)
2023-07-24,1.35,31.39,IMD gridded 0.25deg (REAL_GOVERNMENT),IMD gridded 1deg (REAL_GOVERNMENT),0.487,ERA5-Land via Open-Meteo (REAL_PUBLIC; no IMD soil-moisture grid)
2023-07-25,1.32,32.22,IMD gridded 0.25deg (REAL_GOVERNMENT),IMD gridded 1deg (REAL_GOVERNMENT),0.482,ERA5-Land via Open-Meteo (REAL_PUBLIC; no IMD soil-moisture grid)
2023-07-26,2.67,32.69,IMD gridded 0.25deg (REAL_GOVERNMENT),IMD gridded 1deg (REAL_GOVERNMENT),0.499,ERA5-Land via Open-Meteo (REAL_PUBLIC; no IMD soil-moisture grid)
2023-07-27,31.21,31.74,IMD gridded 0.25deg (REAL_GOVERNMENT),IMD gridded 1deg (REAL_GOVERNMENT),0.497,ERA5-Land via Open-Meteo (REAL_PUBLIC; no IMD soil-moisture grid)
2023-07-28,71.87,29.65,IMD gridded 0.25deg (REAL_GOVERNMENT),IMD gridded 1deg (REAL_GOVERNMENT),0.502,ERA5-Land via Open-Meteo (REAL_PUBLIC; no IMD soil-moisture grid)
2023-07-29,18.03,29.53,IMD gridded 0.25deg (REAL_GOVERNMENT),IMD gridded 1deg (REAL_GOVERNMENT),0.488,ERA5-Land via Open-Meteo (REAL_PUBLIC; no IMD soil-moisture grid)
2023-07-30,5.4,30.25,IMD gridded 0.25deg (REAL_GOVERNMENT),IMD gridded 1deg (REAL_GOVERNMENT),0.495,ERA5-Land via Open-Meteo (REAL_PUBLIC; no IMD soil-moisture grid)
2023-07-31,3.42,30.38,IMD gridded 0.25deg (REAL_GOVERNMENT),IMD gridded 1deg (REAL_GOVERNMENT),0.498,ERA5-Land via Open-Meteo (REAL_PUBLIC; no IMD soil-moisture grid)
2023-08-01,2.67,30.15,IMD gridded 0.25deg (REAL_GOVERNMENT),IMD gridded 1deg (REAL_GOVERNMENT),0.494,ERA5-Land via Open-Meteo (REAL_PUBLIC; no IMD soil-moisture grid)
2023-08-02,5.99,27.07,IMD gridded 0.25deg (REAL_GOVERNMENT),IMD gridded 1deg (REAL_GOVERNMENT),0.509,ERA5-Land via Open-Meteo (REAL_PUBLIC; no IMD soil-moisture grid)
2023-08-03,27.2,25.16,IMD gridded 0.25deg (REAL_GOVERNMENT),IMD gridded 1deg (REAL_GOVERNMENT),0.515,ERA5-Land via Open-Meteo (REAL_PUBLIC; no IMD soil-moisture grid)
2023-08-04,74.2,26.26,IMD gridded 0.25deg (REAL_GOVERNMENT),IMD gridded 1deg (REAL_GOVERNMENT),0.504,ERA5-Land via Open-Meteo (REAL_PUBLIC; no IMD soil-moisture grid)
2023-08-05,23.87,28.59,IMD gridded 0.25deg (REAL_GOVERNMENT),IMD gridded 1deg (REAL_GOVERNMENT),0.486,ERA5-Land via Open-Meteo (REAL_PUBLIC; no IMD soil-moisture grid)
2023-08-06,11.93,28.62,IMD gridded 0.25deg (REAL_GOVERNMENT),IMD gridded 1deg (REAL_GOVERNMENT),0.481,ERA5-Land via Open-Meteo (REAL_PUBLIC; no IMD soil-moisture grid)
2023-08-07,4.17,29.2,IMD gridded 0.25deg (REAL_GOVERNMENT),IMD gridded 1deg (REAL_GOVERNMENT),0.486,ERA5-Land via Open-Meteo (REAL_PUBLIC; no IMD soil-moisture grid)
2023-08-08,0.68,29.78,IMD gridded 0.25deg (REAL_GOVERNMENT),IMD gridded 1deg (REAL_GOVERNMENT),0.468,ERA5-Land via Open-Meteo (REAL_PUBLIC; no IMD soil-moisture grid)
2023-08-09,0.0,29.61,IMD gridded 0.25deg (REAL_GOVERNMENT),IMD gridded 1deg (REAL_GOVERNMENT),0.45,ERA5-Land via Open-Meteo (REAL_PUBLIC; no IMD soil-moisture grid)
2023-08-10,0.87,31.5,IMD gridded 0.25deg (REAL_GOVERNMENT),IMD gridded 1deg (REAL_GOVERNMENT),0.439,ERA5-Land via Open-Meteo (REAL_PUBLIC; no IMD soil-moisture grid)
2023-08-11,0.0,31.97,IMD gridded 0.25deg (REAL_GOVERNMENT),IMD gridded 1deg (REAL_GOVERNMENT),0.424,ERA5-Land via Open-Meteo (REAL_PUBLIC; no IMD soil-moisture grid)
2023-08-12,0.0,31.91,IMD gridded 0.25deg (REAL_GOVERNMENT),IMD gridded 1deg (REAL_GOVERNMENT),0.396,ERA5-Land via Open-Meteo (REAL_PUBLIC; no IMD soil-moisture grid)
2023-08-13,0.0,30.84,IMD gridded 0.25deg (REAL_GOVERNMENT),IMD gridded 1deg (REAL_GOVERNMENT),0.385,ERA5-Land via Open-Meteo (REAL_PUBLIC; no IMD soil-moisture grid)
2023-08-14,1.95,30.2,IMD gridded 0.25deg (REAL_GOVERNMENT),IMD gridded 1deg (REAL_GOVERNMENT),0.39,ERA5-Land via Open-Meteo (REAL_PUBLIC; no IMD soil-moisture grid)
2023-08-15,0.32,30.46,IMD gridded 0.25deg (REAL_GOVERNMENT),IMD gridded 1deg (REAL_GOVERNMENT),0.372,ERA5-Land via Open-Meteo (REAL_PUBLIC; no IMD soil-moisture grid)
2023-08-16,1.2,30.96,IMD gridded 0.25deg (REAL_GOVERNMENT),IMD gridded 1deg (REAL_GOVERNMENT),0.361,ERA5-Land via Open-Meteo (REAL_PUBLIC; no IMD soil-moisture grid)
2023-08-17,3.37,30.92,IMD gridded 0.25deg (REAL_GOVERNMENT),IMD gridded 1deg (REAL_GOVERNMENT),0.414,ERA5-Land via Open-Meteo (REAL_PUBLIC; no IMD soil-moisture grid)
2023-08-18,46.58,26.51,IMD gridded 0.25deg (REAL_GOVERNMENT),IMD gridded 1deg (REAL_GOVERNMENT),0.51,ERA5-Land via Open-Meteo (REAL_PUBLIC; no IMD soil-moisture grid)
2023-08-19,13.97,26.67,IMD gridded 0.25deg (REAL_GOVERNMENT),IMD gridded 1deg (REAL_GOVERNMENT),0.506,ERA5-Land via Open-Meteo (REAL_PUBLIC; no IMD soil-moisture grid)
2023-08-20,42.38,28.15,IMD gridded 0.25deg (REAL_GOVERNMENT),IMD gridded 1deg (REAL_GOVERNMENT),0.503,ERA5-Land via Open-Meteo (REAL_PUBLIC; no IMD soil-moisture grid)
2023-08-21,6.94,29.52,IMD gridded 0.25deg (REAL_GOVERNMENT),IMD gridded 1deg (REAL_GOVERNMENT),0.499,ERA5-Land via Open-Meteo (REAL_PUBLIC; no IMD soil-moisture grid)
2023-08-22,19.14,29.01,IMD gridded 0.25deg (REAL_GOVERNMENT),IMD gridded 1deg (REAL_GOVERNMENT),0.486,ERA5-Land via Open-Meteo (REAL_PUBLIC; no IMD soil-moisture grid)
2023-08-23,0.0,29.93,IMD gridded 0.25deg (REAL_GOVERNMENT),IMD gridded 1deg (REAL_GOVERNMENT),0.487,ERA5-Land via Open-Meteo (REAL_PUBLIC; no IMD soil-moisture grid)
2023-08-24,34.52,28.77,IMD gridded 0.25deg (REAL_GOVERNMENT),IMD gridded 1deg (REAL_GOVERNMENT),0.5,ERA5-Land via Open-Meteo (REAL_PUBLIC; no IMD soil-moisture grid)
2023-08-25,0.0,31.03,IMD gridded 0.25deg (REAL_GOVERNMENT),IMD gridded 1deg (REAL_GOVERNMENT),0.479,ERA5-Land via Open-Meteo (REAL_PUBLIC; no IMD soil-moisture grid)
2023-08-26,2.56,31.09,IMD gridded 0.25deg (REAL_GOVERNMENT),IMD gridded 1deg (REAL_GOVERNMENT),0.467,ERA5-Land via Open-Meteo (REAL_PUBLIC; no IMD soil-moisture grid)
2023-08-27,0.0,31.21,IMD gridded 0.25deg (REAL_GOVERNMENT),IMD gridded 1deg (REAL_GOVERNMENT),0.448,ERA5-Land via Open-Meteo (REAL_PUBLIC; no IMD soil-moisture grid)
2023-08-28,0.0,30.92,IMD gridded 0.25deg (REAL_GOVERNMENT),IMD gridded 1deg (REAL_GOVERNMENT),0.432,ERA5-Land via Open-Meteo (REAL_PUBLIC; no IMD soil-moisture grid)
2023-08-29,0.0,31.58,IMD gridded 0.25deg (REAL_GOVERNMENT),IMD gridded 1deg (REAL_GOVERNMENT),0.426,ERA5-Land via Open-Meteo (REAL_PUBLIC; no IMD soil-moisture grid)
2023-08-30,0.0,32.58,IMD gridded 0.25deg (REAL_GOVERNMENT),IMD gridded 1deg (REAL_GOVERNMENT),0.426,ERA5-Land via Open-Meteo (REAL_PUBLIC; no IMD soil-moisture grid)
2023-08-31,0.01,32.66,IMD gridded 0.25deg (REAL_GOVERNMENT),IMD gridded 1deg (REAL_GOVERNMENT),0.407,ERA5-Land via Open-Meteo (REAL_PUBLIC; no IMD soil-moisture grid)
2023-09-01,4.77,33.87,IMD gridded 0.25deg (REAL_GOVERNMENT),IMD gridded 1deg (REAL_GOVERNMENT),0.39,ERA5-Land via Open-Meteo (REAL_PUBLIC; no IMD soil-moisture grid)
2023-09-02,0.0,34.15,IMD gridded 0.25deg (REAL_GOVERNMENT),IMD gridded 1deg (REAL_GOVERNMENT),0.391,ERA5-Land via Open-Meteo (REAL_PUBLIC; no IMD soil-moisture grid)
2023-09-03,0.0,33.69,IMD gridded 0.25deg (REAL_GOVERNMENT),IMD gridded 1deg (REAL_GOVERNMENT),0.368,ERA5-Land via Open-Meteo (REAL_PUBLIC; no IMD soil-moisture grid)
2023-09-04,14.16,33.17,IMD gridded 0.25deg (REAL_GOVERNMENT),IMD gridded 1deg (REAL_GOVERNMENT),0.364,ERA5-Land via Open-Meteo (REAL_PUBLIC; no IMD soil-moisture grid)
2023-09-05,12.49,32.05,IMD gridded 0.25deg (REAL_GOVERNMENT),IMD gridded 1deg (REAL_GOVERNMENT),0.379,ERA5-Land via Open-Meteo (REAL_PUBLIC; no IMD soil-moisture grid)
2023-09-06,47.13,29.48,IMD gridded 0.25deg (REAL_GOVERNMENT),IMD gridded 1deg (REAL_GOVERNMENT),0.462,ERA5-Land via Open-Meteo (REAL_PUBLIC; no IMD soil-moisture grid)
2023-09-07,17.93,28.87,IMD gridded 0.25deg (REAL_GOVERNMENT),IMD gridded 1deg (REAL_GOVERNMENT),0.484,ERA5-Land via Open-Meteo (REAL_PUBLIC; no IMD soil-moisture grid)
2023-09-08,15.86,29.32,IMD gridded 0.25deg (REAL_GOVERNMENT),IMD gridded 1deg (REAL_GOVERNMENT),0.496,ERA5-Land via Open-Meteo (REAL_PUBLIC; no IMD soil-moisture grid)
2023-09-09,8.96,28.38,IMD gridded 0.25deg (REAL_GOVERNMENT),IMD gridded 1deg (REAL_GOVERNMENT),0.497,ERA5-Land via Open-Meteo (REAL_PUBLIC; no IMD soil-moisture grid)
2023-09-10,10.26,28.24,IMD gridded 0.25deg (REAL_GOVERNMENT),IMD gridded 1deg (REAL_GOVERNMENT),0.501,ERA5-Land via Open-Meteo (REAL_PUBLIC; no IMD soil-moisture grid)
2023-09-11,29.74,28.6,IMD gridded 0.25deg (REAL_GOVERNMENT),IMD gridded 1deg (REAL_GOVERNMENT),0.495,ERA5-Land via Open-Meteo (REAL_PUBLIC; no IMD soil-moisture grid)
2023-09-12,3.61,29.15,IMD gridded 0.25deg (REAL_GOVERNMENT),IMD gridded 1deg (REAL_GOVERNMENT),0.498,ERA5-Land via Open-Meteo (REAL_PUBLIC; no IMD soil-moisture grid)
2023-09-13,10.68,27.69,IMD gridded 0.25deg (REAL_GOVERNMENT),IMD gridded 1deg (REAL_GOVERNMENT),0.5,ERA5-Land via Open-Meteo (REAL_PUBLIC; no IMD soil-moisture grid)
2023-09-14,7.21,28.22,IMD gridded 0.25deg (REAL_GOVERNMENT),IMD gridded 1deg (REAL_GOVERNMENT),0.504,ERA5-Land via Open-Meteo (REAL_PUBLIC; no IMD soil-moisture grid)
2023-09-15,179.06,26.26,IMD gridded 0.25deg (REAL_GOVERNMENT),IMD gridded 1deg (REAL_GOVERNMENT),0.505,ERA5-Land via Open-Meteo (REAL_PUBLIC; no IMD soil-moisture grid)
2023-09-16,25.86,27.73,IMD gridded 0.25deg (REAL_GOVERNMENT),IMD gridded 1deg (REAL_GOVERNMENT),0.489,ERA5-Land via Open-Meteo (REAL_PUBLIC; no IMD soil-moisture grid)
2023-09-17,1.98,30.08,IMD gridded 0.25deg (REAL_GOVERNMENT),IMD gridded 1deg (REAL_GOVERNMENT),0.474,ERA5-Land via Open-Meteo (REAL_PUBLIC; no IMD soil-moisture grid)
2023-09-18,0.0,31.76,IMD gridded 0.25deg (REAL_GOVERNMENT),IMD gridded 1deg (REAL_GOVERNMENT),0.451,ERA5-Land via Open-Meteo (REAL_PUBLIC; no IMD soil-moisture grid)
2023-09-19,0.0,32.22,IMD gridded 0.25deg (REAL_GOVERNMENT),IMD gridded 1deg (REAL_GOVERNMENT),0.443,ERA5-Land via Open-Meteo (REAL_PUBLIC; no IMD soil-moisture grid)
2023-09-20,0.0,31.85,IMD gridded 0.25deg (REAL_GOVERNMENT),IMD gridded 1deg (REAL_GOVERNMENT),0.472,ERA5-Land via Open-Meteo (REAL_PUBLIC; no IMD soil-moisture grid)
2023-09-21,14.63,30.32,IMD gridded 0.25deg (REAL_GOVERNMENT),IMD gridded 1deg (REAL_GOVERNMENT),0.503,ERA5-Land via Open-Meteo (REAL_PUBLIC; no IMD soil-moisture grid)
2023-09-22,15.08,28.96,IMD gridded 0.25deg (REAL_GOVERNMENT),IMD gridded 1deg (REAL_GOVERNMENT),0.502,ERA5-Land via Open-Meteo (REAL_PUBLIC; no IMD soil-moisture grid)
2023-09-23,89.43,29.67,IMD gridded 0.25deg (REAL_GOVERNMENT),IMD gridded 1deg (REAL_GOVERNMENT),0.508,ERA5-Land via Open-Meteo (REAL_PUBLIC; no IMD soil-moisture grid)
2023-09-24,0.3,30.94,IMD gridded 0.25deg (REAL_GOVERNMENT),IMD gridded 1deg (REAL_GOVERNMENT),0.5,ERA5-Land via Open-Meteo (REAL_PUBLIC; no IMD soil-moisture grid)
2023-09-25,0.0,31.12,IMD gridded 0.25deg (REAL_GOVERNMENT),IMD gridded 1deg (REAL_GOVERNMENT),0.484,ERA5-Land via Open-Meteo (REAL_PUBLIC; no IMD soil-moisture grid)
2023-09-26,0.0,32.46,IMD gridded 0.25deg (REAL_GOVERNMENT),IMD gridded 1deg (REAL_GOVERNMENT),0.471,ERA5-Land via Open-Meteo (REAL_PUBLIC; no IMD soil-moisture grid)
2023-09-27,7.65,32.23,IMD gridded 0.25deg (REAL_GOVERNMENT),IMD gridded 1deg (REAL_GOVERNMENT),0.47,ERA5-Land via Open-Meteo (REAL_PUBLIC; no IMD soil-moisture grid)
2023-09-28,0.0,32.77,IMD gridded 0.25deg (REAL_GOVERNMENT),IMD gridded 1deg (REAL_GOVERNMENT),0.462,ERA5-Land via Open-Meteo (REAL_PUBLIC; no IMD soil-moisture grid)
2023-09-29,0.0,31.87,IMD gridded 0.25deg (REAL_GOVERNMENT),IMD gridded 1deg (REAL_GOVERNMENT),0.475,ERA5-Land via Open-Meteo (REAL_PUBLIC; no IMD soil-moisture grid)
2023-09-30,4.95,31.1,IMD gridded 0.25deg (REAL_GOVERNMENT),IMD gridded 1deg (REAL_GOVERNMENT),0.441,ERA5-Land via Open-Meteo (REAL_PUBLIC; no IMD soil-moisture grid)
2023-10-01,0.46,31.62,IMD gridded 0.25deg (REAL_GOVERNMENT),IMD gridded 1deg (REAL_GOVERNMENT),0.423,ERA5-Land via Open-Meteo (REAL_PUBLIC; no IMD soil-moisture grid)
2023-10-02,1.77,32.04,IMD gridded 0.25deg (REAL_GOVERNMENT),IMD gridded 1deg (REAL_GOVERNMENT),0.407,ERA5-Land via Open-Meteo (REAL_PUBLIC; no IMD soil-moisture grid)
2023-10-03,12.31,31.96,IMD gridded 0.25deg (REAL_GOVERNMENT),IMD gridded 1deg (REAL_GOVERNMENT),0.383,ERA5-Land via Open-Meteo (REAL_PUBLIC; no IMD soil-moisture grid)
2023-10-04,0.0,32.53,IMD gridded 0.25deg (REAL_GOVERNMENT),IMD gridded 1deg (REAL_GOVERNMENT),0.368,ERA5-Land via Open-Meteo (REAL_PUBLIC; no IMD soil-moisture grid)
2023-10-05,0.0,32.58,IMD gridded 0.25deg (REAL_GOVERNMENT),IMD gridded 1deg (REAL_GOVERNMENT),0.357,ERA5-Land via Open-Meteo (REAL_PUBLIC; no IMD soil-moisture grid)
2023-10-06,0.0,33.29,IMD gridded 0.25deg (REAL_GOVERNMENT),IMD gridded 1deg (REAL_GOVERNMENT),0.341,ERA5-Land via Open-Meteo (REAL_PUBLIC; no IMD soil-moisture grid)
2023-10-07,0.0,33.61,IMD gridded 0.25deg (REAL_GOVERNMENT),IMD gridded 1deg (REAL_GOVERNMENT),0.327,ERA5-Land via Open-Meteo (REAL_PUBLIC; no IMD soil-moisture grid)
2023-10-08,0.0,33.94,IMD gridded 0.25deg (REAL_GOVERNMENT),IMD gridded 1deg (REAL_GOVERNMENT),0.313,ERA5-Land via Open-Meteo (REAL_PUBLIC; no IMD soil-moisture grid)
2023-10-09,0.0,33.82,IMD gridded 0.25deg (REAL_GOVERNMENT),IMD gridded 1deg (REAL_GOVERNMENT),0.301,ERA5-Land via Open-Meteo (REAL_PUBLIC; no IMD soil-moisture grid)
2023-10-10,0.0,33.91,IMD gridded 0.25deg (REAL_GOVERNMENT),IMD gridded 1deg (REAL_GOVERNMENT),0.288,ERA5-Land via Open-Meteo (REAL_PUBLIC; no IMD soil-moisture grid)
2023-10-11,0.0,33.96,IMD gridded 0.25deg (REAL_GOVERNMENT),IMD gridded 1deg (REAL_GOVERNMENT),0.283,ERA5-Land via Open-Meteo (REAL_PUBLIC; no IMD soil-moisture grid)
2023-10-12,0.0,33.63,IMD gridded 0.25deg (REAL_GOVERNMENT),IMD gridded 1deg (REAL_GOVERNMENT),0.286,ERA5-Land via Open-Meteo (REAL_PUBLIC; no IMD soil-moisture grid)
2023-10-13,0.0,33.69,IMD gridded 0.25deg (REAL_GOVERNMENT),IMD gridded 1deg (REAL_GOVERNMENT),0.281,ERA5-Land via Open-Meteo (REAL_PUBLIC; no IMD soil-moisture grid)
2023-10-14,0.0,33.9,IMD gridded 0.25deg (REAL_GOVERNMENT),IMD gridded 1deg (REAL_GOVERNMENT),0.277,ERA5-Land via Open-Meteo (REAL_PUBLIC; no IMD soil-moisture grid)
2023-10-15,0.0,33.52,IMD gridded 0.25deg (REAL_GOVERNMENT),IMD gridded 1deg (REAL_GOVERNMENT),0.279,ERA5-Land via Open-Meteo (REAL_PUBLIC; no IMD soil-moisture grid)
2023-10-16,0.0,33.56,IMD gridded 0.25deg (REAL_GOVERNMENT),IMD gridded 1deg (REAL_GOVERNMENT),0.285,ERA5-Land via Open-Meteo (REAL_PUBLIC; no IMD soil-moisture grid)
2023-10-17,0.0,31.86,IMD gridded 0.25deg (REAL_GOVERNMENT),IMD gridded 1deg (REAL_GOVERNMENT),0.285,ERA5-Land via Open-Meteo (REAL_PUBLIC; no IMD soil-moisture grid)
2023-10-18,0.0,32.24,IMD gridded 0.25deg (REAL_GOVERNMENT),IMD gridded 1deg (REAL_GOVERNMENT),0.282,ERA5-Land via Open-Meteo (REAL_PUBLIC; no IMD soil-moisture grid)
2023-10-19,0.0,32.02,IMD gridded 0.25deg (REAL_GOVERNMENT),IMD gridded 1deg (REAL_GOVERNMENT),0.271,ERA5-Land via Open-Meteo (REAL_PUBLIC; no IMD soil-moisture grid)
2023-10-20,0.15,31.51,IMD gridded 0.25deg (REAL_GOVERNMENT),IMD gridded 1deg (REAL_GOVERNMENT),0.265,ERA5-Land via Open-Meteo (REAL_PUBLIC; no IMD soil-moisture grid)
2023-10-21,0.0,31.73,IMD gridded 0.25deg (REAL_GOVERNMENT),IMD gridded 1deg (REAL_GOVERNMENT),0.261,ERA5-Land via Open-Meteo (REAL_PUBLIC; no IMD soil-moisture grid)
2023-10-22,0.0,31.71,IMD gridded 0.25deg (REAL_GOVERNMENT),IMD gridded 1deg (REAL_GOVERNMENT),0.263,ERA5-Land via Open-Meteo (REAL_PUBLIC; no IMD soil-moisture grid)
2023-10-23,0.0,30.27,IMD gridded 0.25deg (REAL_GOVERNMENT),IMD gridded 1deg (REAL_GOVERNMENT),0.258,ERA5-Land via Open-Meteo (REAL_PUBLIC; no IMD soil-moisture grid)
2023-10-24,0.0,30.61,IMD gridded 0.25deg (REAL_GOVERNMENT),IMD gridded 1deg (REAL_GOVERNMENT),0.252,ERA5-Land via Open-Meteo (REAL_PUBLIC; no IMD soil-moisture grid)
2023-10-25,0.0,31.01,IMD gridded 0.25deg (REAL_GOVERNMENT),IMD gridded 1deg (REAL_GOVERNMENT),0.253,ERA5-Land via Open-Meteo (REAL_PUBLIC; no IMD soil-moisture grid)
2023-10-26,0.0,30.99,IMD gridded 0.25deg (REAL_GOVERNMENT),IMD gridded 1deg (REAL_GOVERNMENT),0.255,ERA5-Land via Open-Meteo (REAL_PUBLIC; no IMD soil-moisture grid)
2023-10-27,0.0,31.36,IMD gridded 0.25deg (REAL_GOVERNMENT),IMD gridded 1deg (REAL_GOVERNMENT),0.259,ERA5-Land via Open-Meteo (REAL_PUBLIC; no IMD soil-moisture grid)
2023-10-28,0.0,31.0,IMD gridded 0.25deg (REAL_GOVERNMENT),IMD gridded 1deg (REAL_GOVERNMENT),0.26,ERA5-Land via Open-Meteo (REAL_PUBLIC; no IMD soil-moisture grid)
2023-10-29,0.0,30.97,IMD gridded 0.25deg (REAL_GOVERNMENT),IMD gridded 1deg (REAL_GOVERNMENT),0.255,ERA5-Land via Open-Meteo (REAL_PUBLIC; no IMD soil-moisture grid)
2023-10-30,0.0,31.16,IMD gridded 0.25deg (REAL_GOVERNMENT),IMD gridded 1deg (REAL_GOVERNMENT),0.255,ERA5-Land via Open-Meteo (REAL_PUBLIC; no IMD soil-moisture grid)
2023-10-31,0.0,30.85,IMD gridded 0.25deg (REAL_GOVERNMENT),IMD gridded 1deg (REAL_GOVERNMENT),0.254,ERA5-Land via Open-Meteo (REAL_PUBLIC; no IMD soil-moisture grid)
2023-11-01,0.0,30.31,IMD gridded 0.25deg (REAL_GOVERNMENT),IMD gridded 1deg (REAL_GOVERNMENT),0.255,ERA5-Land via Open-Meteo (REAL_PUBLIC; no IMD soil-moisture grid)
2023-11-02,0.0,30.86,IMD gridded 0.25deg (REAL_GOVERNMENT),IMD gridded 1deg (REAL_GOVERNMENT),0.264,ERA5-Land via Open-Meteo (REAL_PUBLIC; no IMD soil-moisture grid)
2023-11-03,0.0,30.84,IMD gridded 0.25deg (REAL_GOVERNMENT),IMD gridded 1deg (REAL_GOVERNMENT),0.261,ERA5-Land via Open-Meteo (REAL_PUBLIC; no IMD soil-moisture grid)
2023-11-04,0.0,31.38,IMD gridded 0.25deg (REAL_GOVERNMENT),IMD gridded 1deg (REAL_GOVERNMENT),0.265,ERA5-Land via Open-Meteo (REAL_PUBLIC; no IMD soil-moisture grid)
2023-11-05,0.0,31.66,IMD gridded 0.25deg (REAL_GOVERNMENT),IMD gridded 1deg (REAL_GOVERNMENT),0.268,ERA5-Land via Open-Meteo (REAL_PUBLIC; no IMD soil-moisture grid)
2023-11-06,0.0,31.27,IMD gridded 0.25deg (REAL_GOVERNMENT),IMD gridded 1deg (REAL_GOVERNMENT),0.288,ERA5-Land via Open-Meteo (REAL_PUBLIC; no IMD soil-moisture grid)
2023-11-07,0.0,31.47,IMD gridded 0.25deg (REAL_GOVERNMENT),IMD gridded 1deg (REAL_GOVERNMENT),0.284,ERA5-Land via Open-Meteo (REAL_PUBLIC; no IMD soil-moisture grid)
2023-11-08,0.0,31.96,IMD gridded 0.25deg (REAL_GOVERNMENT),IMD gridded 1deg (REAL_GOVERNMENT),0.275,ERA5-Land via Open-Meteo (REAL_PUBLIC; no IMD soil-moisture grid)
2023-11-09,0.0,31.88,IMD gridded 0.25deg (REAL_GOVERNMENT),IMD gridded 1deg (REAL_GOVERNMENT),0.269,ERA5-Land via Open-Meteo (REAL_PUBLIC; no IMD soil-moisture grid)
2023-11-10,0.0,32.17,IMD gridded 0.25deg (REAL_GOVERNMENT),IMD gridded 1deg (REAL_GOVERNMENT),0.272,ERA5-Land via Open-Meteo (REAL_PUBLIC; no IMD soil-moisture grid)
2023-11-11,0.0,32.26,IMD gridded 0.25deg (REAL_GOVERNMENT),IMD gridded 1deg (REAL_GOVERNMENT),0.272,ERA5-Land via Open-Meteo (REAL_PUBLIC; no IMD soil-moisture grid)
2023-11-12,0.0,31.02,IMD gridded 0.25deg (REAL_GOVERNMENT),IMD gridded 1deg (REAL_GOVERNMENT),0.274,ERA5-Land via Open-Meteo (REAL_PUBLIC; no IMD soil-moisture grid)
2023-11-13,0.0,30.67,IMD gridded 0.25deg (REAL_GOVERNMENT),IMD gridded 1deg (REAL_GOVERNMENT),0.271,ERA5-Land via Open-Meteo (REAL_PUBLIC; no IMD soil-moisture grid)
2023-11-14,0.0,30.31,IMD gridded 0.25deg (REAL_GOVERNMENT),IMD gridded 1deg (REAL_GOVERNMENT),0.276,ERA5-Land via Open-Meteo (REAL_PUBLIC; no IMD soil-moisture grid)
2023-11-15,0.0,29.77,IMD gridded 0.25deg (REAL_GOVERNMENT),IMD gridded 1deg (REAL_GOVERNMENT),0.274,ERA5-Land via Open-Meteo (REAL_PUBLIC; no IMD soil-moisture grid)
2023-11-16,0.0,29.01,IMD gridded 0.25deg (REAL_GOVERNMENT),IMD gridded 1deg (REAL_GOVERNMENT),0.273,ERA5-Land via Open-Meteo (REAL_PUBLIC; no IMD soil-moisture grid)
2023-11-17,0.0,29.43,IMD gridded 0.25deg (REAL_GOVERNMENT),IMD gridded 1deg (REAL_GOVERNMENT),0.27,ERA5-Land via Open-Meteo (REAL_PUBLIC; no IMD soil-moisture grid)
2023-11-18,0.0,30.72,IMD gridded 0.25deg (REAL_GOVERNMENT),IMD gridded 1deg (REAL_GOVERNMENT),0.262,ERA5-Land via Open-Meteo (REAL_PUBLIC; no IMD soil-moisture grid)
2023-11-19,0.0,30.62,IMD gridded 0.25deg (REAL_GOVERNMENT),IMD gridded 1deg (REAL_GOVERNMENT),0.258,ERA5-Land via Open-Meteo (REAL_PUBLIC; no IMD soil-moisture grid)
2023-11-20,0.0,30.5,IMD gridded 0.25deg (REAL_GOVERNMENT),IMD gridded 1deg (REAL_GOVERNMENT),0.252,ERA5-Land via Open-Meteo (REAL_PUBLIC; no IMD soil-moisture grid)
2023-11-21,0.0,29.92,IMD gridded 0.25deg (REAL_GOVERNMENT),IMD gridded 1deg (REAL_GOVERNMENT),0.248,ERA5-Land via Open-Meteo (REAL_PUBLIC; no IMD soil-moisture grid)
2023-11-22,0.0,29.6,IMD gridded 0.25deg (REAL_GOVERNMENT),IMD gridded 1deg (REAL_GOVERNMENT),0.248,ERA5-Land via Open-Meteo (REAL_PUBLIC; no IMD soil-moisture grid)
2023-11-23,0.0,29.49,IMD gridded 0.25deg (REAL_GOVERNMENT),IMD gridded 1deg (REAL_GOVERNMENT),0.249,ERA5-Land via Open-Meteo (REAL_PUBLIC; no IMD soil-moisture grid)
2023-11-24,0.0,28.82,IMD gridded 0.25deg (REAL_GOVERNMENT),IMD gridded 1deg (REAL_GOVERNMENT),0.249,ERA5-Land via Open-Meteo (REAL_PUBLIC; no IMD soil-moisture grid)
2023-11-25,0.0,29.2,IMD gridded 0.25deg (REAL_GOVERNMENT),IMD gridded 1deg (REAL_GOVERNMENT),0.249,ERA5-Land via Open-Meteo (REAL_PUBLIC; no IMD soil-moisture grid)
2023-11-26,0.0,28.4,IMD gridded 0.25deg (REAL_GOVERNMENT),IMD gridded 1deg (REAL_GOVERNMENT),0.248,ERA5-Land via Open-Meteo (REAL_PUBLIC; no IMD soil-moisture grid)
2023-11-27,0.0,22.98,IMD gridded 0.25deg (REAL_GOVERNMENT),IMD gridded 1deg (REAL_GOVERNMENT),0.25,ERA5-Land via Open-Meteo (REAL_PUBLIC; no IMD soil-moisture grid)
2023-11-28,2.81,20.6,IMD gridded 0.25deg (REAL_GOVERNMENT),IMD gridded 1deg (REAL_GOVERNMENT),0.294,ERA5-Land via Open-Meteo (REAL_PUBLIC; no IMD soil-moisture grid)
2023-11-29,11.7,26.65,IMD gridded 0.25deg (REAL_GOVERNMENT),IMD gridded 1deg (REAL_GOVERNMENT),0.402,ERA5-Land via Open-Meteo (REAL_PUBLIC; no IMD soil-moisture grid)
2023-11-30,0.0,26.75,IMD gridded 0.25deg (REAL_GOVERNMENT),IMD gridded 1deg (REAL_GOVERNMENT),0.415,ERA5-Land via Open-Meteo (REAL_PUBLIC; no IMD soil-moisture grid)
2023-12-01,0.0,25.17,IMD gridded 0.25deg (REAL_GOVERNMENT),IMD gridded 1deg (REAL_GOVERNMENT),0.386,ERA5-Land via Open-Meteo (REAL_PUBLIC; no IMD soil-moisture grid)
2023-12-02,0.0,28.06,IMD gridded 0.25deg (REAL_GOVERNMENT),IMD gridded 1deg (REAL_GOVERNMENT),0.371,ERA5-Land via Open-Meteo (REAL_PUBLIC; no IMD soil-moisture grid)
2023-12-03,0.0,28.66,IMD gridded 0.25deg (REAL_GOVERNMENT),IMD gridded 1deg (REAL_GOVERNMENT),0.353,ERA5-Land via Open-Meteo (REAL_PUBLIC; no IMD soil-moisture grid)
2023-12-04,0.0,27.93,IMD gridded 0.25deg (REAL_GOVERNMENT),IMD gridded 1deg (REAL_GOVERNMENT),0.339,ERA5-Land via Open-Meteo (REAL_PUBLIC; no IMD soil-moisture grid)
2023-12-05,0.55,26.15,IMD gridded 0.25deg (REAL_GOVERNMENT),IMD gridded 1deg (REAL_GOVERNMENT),0.356,ERA5-Land via Open-Meteo (REAL_PUBLIC; no IMD soil-moisture grid)
2023-12-06,3.94,22.32,IMD gridded 0.25deg (REAL_GOVERNMENT),IMD gridded 1deg (REAL_GOVERNMENT),0.453,ERA5-Land via Open-Meteo (REAL_PUBLIC; no IMD soil-moisture grid)
2023-12-07,6.3,23.62,IMD gridded 0.25deg (REAL_GOVERNMENT),IMD gridded 1deg (REAL_GOVERNMENT),0.457,ERA5-Land via Open-Meteo (REAL_PUBLIC; no IMD soil-moisture grid)
2023-12-08,1.31,24.64,IMD gridded 0.25deg (REAL_GOVERNMENT),IMD gridded 1deg (REAL_GOVERNMENT),0.424,ERA5-Land via Open-Meteo (REAL_PUBLIC; no IMD soil-moisture grid)
2023-12-09,0.0,26.02,IMD gridded 0.25deg (REAL_GOVERNMENT),IMD gridded 1deg (REAL_GOVERNMENT),0.403,ERA5-Land via Open-Meteo (REAL_PUBLIC; no IMD soil-moisture grid)
2023-12-10,0.0,26.25,IMD gridded 0.25deg (REAL_GOVERNMENT),IMD gridded 1deg (REAL_GOVERNMENT),0.384,ERA5-Land via Open-Meteo (REAL_PUBLIC; no IMD soil-moisture grid)
2023-12-11,0.0,26.71,IMD gridded 0.25deg (REAL_GOVERNMENT),IMD gridded 1deg (REAL_GOVERNMENT),0.367,ERA5-Land via Open-Meteo (REAL_PUBLIC; no IMD soil-moisture grid)
2023-12-12,0.0,26.78,IMD gridded 0.25deg (REAL_GOVERNMENT),IMD gridded 1deg (REAL_GOVERNMENT),0.354,ERA5-Land via Open-Meteo (REAL_PUBLIC; no IMD soil-moisture grid)
2023-12-13,0.0,26.62,IMD gridded 0.25deg (REAL_GOVERNMENT),IMD gridded 1deg (REAL_GOVERNMENT),0.338,ERA5-Land via Open-Meteo (REAL_PUBLIC; no IMD soil-moisture grid)
2023-12-14,0.0,27.01,IMD gridded 0.25deg (REAL_GOVERNMENT),IMD gridded 1deg (REAL_GOVERNMENT),0.324,ERA5-Land via Open-Meteo (REAL_PUBLIC; no IMD soil-moisture grid)
2023-12-15,0.0,26.65,IMD gridded 0.25deg (REAL_GOVERNMENT),IMD gridded 1deg (REAL_GOVERNMENT),0.312,ERA5-Land via Open-Meteo (REAL_PUBLIC; no IMD soil-moisture grid)
2023-12-16,0.0,25.99,IMD gridded 0.25deg (REAL_GOVERNMENT),IMD gridded 1deg (REAL_GOVERNMENT),0.3,ERA5-Land via Open-Meteo (REAL_PUBLIC; no IMD soil-moisture grid)
2023-12-17,0.0,25.46,IMD gridded 0.25deg (REAL_GOVERNMENT),IMD gridded 1deg (REAL_GOVERNMENT),0.293,ERA5-Land via Open-Meteo (REAL_PUBLIC; no IMD soil-moisture grid)
2023-12-18,0.0,24.2,IMD gridded 0.25deg (REAL_GOVERNMENT),IMD gridded 1deg (REAL_GOVERNMENT),0.285,ERA5-Land via Open-Meteo (REAL_PUBLIC; no IMD soil-moisture grid)
2023-12-19,0.0,23.68,IMD gridded 0.25deg (REAL_GOVERNMENT),IMD gridded 1deg (REAL_GOVERNMENT),0.276,ERA5-Land via Open-Meteo (REAL_PUBLIC; no IMD soil-moisture grid)
2023-12-20,0.0,24.44,IMD gridded 0.25deg (REAL_GOVERNMENT),IMD gridded 1deg (REAL_GOVERNMENT),0.267,ERA5-Land via Open-Meteo (REAL_PUBLIC; no IMD soil-moisture grid)
2023-12-21,0.0,26.32,IMD gridded 0.25deg (REAL_GOVERNMENT),IMD gridded 1deg (REAL_GOVERNMENT),0.262,ERA5-Land via Open-Meteo (REAL_PUBLIC; no IMD soil-moisture grid)
2023-12-22,0.0,26.94,IMD gridded 0.25deg (REAL_GOVERNMENT),IMD gridded 1deg (REAL_GOVERNMENT),0.259,ERA5-Land via Open-Meteo (REAL_PUBLIC; no IMD soil-moisture grid)
2023-12-23,0.0,28.0,IMD gridded 0.25deg (REAL_GOVERNMENT),IMD gridded 1deg (REAL_GOVERNMENT),0.254,ERA5-Land via Open-Meteo (REAL_PUBLIC; no IMD soil-moisture grid)
2023-12-24,0.0,28.14,IMD gridded 0.25deg (REAL_GOVERNMENT),IMD gridded 1deg (REAL_GOVERNMENT),0.255,ERA5-Land via Open-Meteo (REAL_PUBLIC; no IMD soil-moisture grid)
2023-12-25,0.0,28.65,IMD gridded 0.25deg (REAL_GOVERNMENT),IMD gridded 1deg (REAL_GOVERNMENT),0.26,ERA5-Land via Open-Meteo (REAL_PUBLIC; no IMD soil-moisture grid)
2023-12-26,0.0,28.65,IMD gridded 0.25deg (REAL_GOVERNMENT),IMD gridded 1deg (REAL_GOVERNMENT),0.26,ERA5-Land via Open-Meteo (REAL_PUBLIC; no IMD soil-moisture grid)
2023-12-27,0.0,28.49,IMD gridded 0.25deg (REAL_GOVERNMENT),IMD gridded 1deg (REAL_GOVERNMENT),0.261,ERA5-Land via Open-Meteo (REAL_PUBLIC; no IMD soil-moisture grid)
2023-12-28,0.0,27.86,IMD gridded 0.25deg (REAL_GOVERNMENT),IMD gridded 1deg (REAL_GOVERNMENT),0.259,ERA5-Land via Open-Meteo (REAL_PUBLIC; no IMD soil-moisture grid)
2023-12-29,0.0,27.21,IMD gridded 0.25deg (REAL_GOVERNMENT),IMD gridded 1deg (REAL_GOVERNMENT),0.259,ERA5-Land via Open-Meteo (REAL_PUBLIC; no IMD soil-moisture grid)
2023-12-30,0.0,27.25,IMD gridded 0.25deg (REAL_GOVERNMENT),IMD gridded 1deg (REAL_GOVERNMENT),0.264,ERA5-Land via Open-Meteo (REAL_PUBLIC; no IMD soil-moisture grid)
2023-12-31,0.0,27.47,IMD gridded 0.25deg (REAL_GOVERNMENT),IMD gridded 1deg (REAL_GOVERNMENT),0.267,ERA5-Land via Open-Meteo (REAL_PUBLIC; no IMD soil-moisture grid)
2024-01-01,0.0,27.27,IMD gridded 0.25deg (REAL_GOVERNMENT),IMD gridded 1deg (REAL_GOVERNMENT),0.27,ERA5-Land via Open-Meteo (REAL_PUBLIC; no IMD soil-moisture grid)
2024-01-02,0.0,27.66,IMD gridded 0.25deg (REAL_GOVERNMENT),IMD gridded 1deg (REAL_GOVERNMENT),0.271,ERA5-Land via Open-Meteo (REAL_PUBLIC; no IMD soil-moisture grid)
2024-01-03,0.0,26.3,IMD gridded 0.25deg (REAL_GOVERNMENT),IMD gridded 1deg (REAL_GOVERNMENT),0.273,ERA5-Land via Open-Meteo (REAL_PUBLIC; no IMD soil-moisture grid)
2024-01-04,0.0,24.86,IMD gridded 0.25deg (REAL_GOVERNMENT),IMD gridded 1deg (REAL_GOVERNMENT),0.275,ERA5-Land via Open-Meteo (REAL_PUBLIC; no IMD soil-moisture grid)
2024-01-05,0.0,24.82,IMD gridded 0.25deg (REAL_GOVERNMENT),IMD gridded 1deg (REAL_GOVERNMENT),0.272,ERA5-Land via Open-Meteo (REAL_PUBLIC; no IMD soil-moisture grid)
2024-01-06,0.0,23.06,IMD gridded 0.25deg (REAL_GOVERNMENT),IMD gridded 1deg (REAL_GOVERNMENT),0.286,ERA5-Land via Open-Meteo (REAL_PUBLIC; no IMD soil-moisture grid)
2024-01-07,0.0,23.86,IMD gridded 0.25deg (REAL_GOVERNMENT),IMD gridded 1deg (REAL_GOVERNMENT),0.282,ERA5-Land via Open-Meteo (REAL_PUBLIC; no IMD soil-moisture grid)
2024-01-08,0.0,26.7,IMD gridded 0.25deg (REAL_GOVERNMENT),IMD gridded 1deg (REAL_GOVERNMENT),0.282,ERA5-Land via Open-Meteo (REAL_PUBLIC; no IMD soil-moisture grid)
2024-01-09,0.0,28.64,IMD gridded 0.25deg (REAL_GOVERNMENT),IMD gridded 1deg (REAL_GOVERNMENT),0.28,ERA5-Land via Open-Meteo (REAL_PUBLIC; no IMD soil-moisture grid)
2024-01-10,0.0,24.75,IMD gridded 0.25deg (REAL_GOVERNMENT),IMD gridded 1deg (REAL_GOVERNMENT),0.285,ERA5-Land via Open-Meteo (REAL_PUBLIC; no IMD soil-moisture grid)
2024-01-11,0.0,27.32,IMD gridded 0.25deg (REAL_GOVERNMENT),IMD gridded 1deg (REAL_GOVERNMENT),0.283,ERA5-Land via Open-Meteo (REAL_PUBLIC; no IMD soil-moisture grid)
2024-01-12,0.0,28.27,IMD gridded 0.25deg (REAL_GOVERNMENT),IMD gridded 1deg (REAL_GOVERNMENT),0.272,ERA5-Land via Open-Meteo (REAL_PUBLIC; no IMD soil-moisture grid)
2024-01-13,0.0,28.74,IMD gridded 0.25deg (REAL_GOVERNMENT),IMD gridded 1deg (REAL_GOVERNMENT),0.266,ERA5-Land via Open-Meteo (REAL_PUBLIC; no IMD soil-moisture grid)
2024-01-14,0.0,28.69,IMD gridded 0.25deg (REAL_GOVERNMENT),IMD gridded 1deg (REAL_GOVERNMENT),0.261,ERA5-Land via Open-Meteo (REAL_PUBLIC; no IMD soil-moisture grid)
2024-01-15,0.0,26.95,IMD gridded 0.25deg (REAL_GOVERNMENT),IMD gridded 1deg (REAL_GOVERNMENT),0.258,ERA5-Land via Open-Meteo (REAL_PUBLIC; no IMD soil-moisture grid)
2024-01-16,0.0,27.46,IMD gridded 0.25deg (REAL_GOVERNMENT),IMD gridded 1deg (REAL_GOVERNMENT),0.251,ERA5-Land via Open-Meteo (REAL_PUBLIC; no IMD soil-moisture grid)
2024-01-17,0.0,27.74,IMD gridded 0.25deg (REAL_GOVERNMENT),IMD gridded 1deg (REAL_GOVERNMENT),0.252,ERA5-Land via Open-Meteo (REAL_PUBLIC; no IMD soil-moisture grid)
2024-01-18,1.36,25.63,IMD gridded 0.25deg (REAL_GOVERNMENT),IMD gridded 1deg (REAL_GOVERNMENT),0.283,ERA5-Land via Open-Meteo (REAL_PUBLIC; no IMD soil-moisture grid)
2024-01-19,1.83,25.33,IMD gridded 0.25deg (REAL_GOVERNMENT),IMD gridded 1deg (REAL_GOVERNMENT),0.318,ERA5-Land via Open-Meteo (REAL_PUBLIC; no IMD soil-moisture grid)
2024-01-20,0.0,24.69,IMD gridded 0.25deg (REAL_GOVERNMENT),IMD gridded 1deg (REAL_GOVERNMENT),0.336,ERA5-Land via Open-Meteo (REAL_PUBLIC; no IMD soil-moisture grid)
2024-01-21,1.4,25.45,IMD gridded 0.25deg (REAL_GOVERNMENT),IMD gridded 1deg (REAL_GOVERNMENT),0.391,ERA5-Land via Open-Meteo (REAL_PUBLIC; no IMD soil-moisture grid)
2024-01-22,0.0,26.68,IMD gridded 0.25deg (REAL_GOVERNMENT),IMD gridded 1deg (REAL_GOVERNMENT),0.374,ERA5-Land via Open-Meteo (REAL_PUBLIC; no IMD soil-moisture grid)
2024-01-23,1.02,25.66,IMD gridded 0.25deg (REAL_GOVERNMENT),IMD gridded 1deg (REAL_GOVERNMENT),0.363,ERA5-Land via Open-Meteo (REAL_PUBLIC; no IMD soil-moisture grid)
2024-01-24,0.29,25.97,IMD gridded 0.25deg (REAL_GOVERNMENT),IMD gridded 1deg (REAL_GOVERNMENT),0.347,ERA5-Land via Open-Meteo (REAL_PUBLIC; no IMD soil-moisture grid)
2024-01-25,0.0,25.95,IMD gridded 0.25deg (REAL_GOVERNMENT),IMD gridded 1deg (REAL_GOVERNMENT),0.334,ERA5-Land via Open-Meteo (REAL_PUBLIC; no IMD soil-moisture grid)
2024-01-26,0.0,27.55,IMD gridded 0.25deg (REAL_GOVERNMENT),IMD gridded 1deg (REAL_GOVERNMENT),0.322,ERA5-Land via Open-Meteo (REAL_PUBLIC; no IMD soil-moisture grid)
2024-01-27,0.0,27.67,IMD gridded 0.25deg (REAL_GOVERNMENT),IMD gridded 1deg (REAL_GOVERNMENT),0.312,ERA5-Land via Open-Meteo (REAL_PUBLIC; no IMD soil-moisture grid)
2024-01-28,0.0,28.87,IMD gridded 0.25deg (REAL_GOVERNMENT),IMD gridded 1deg (REAL_GOVERNMENT),0.308,ERA5-Land via Open-Meteo (REAL_PUBLIC; no IMD soil-moisture grid)
2024-01-29,0.0,29.0,IMD gridded 0.25deg (REAL_GOVERNMENT),IMD gridded 1deg (REAL_GOVERNMENT),0.304,ERA5-Land via Open-Meteo (REAL_PUBLIC; no IMD soil-moisture grid)
2024-01-30,0.0,28.19,IMD gridded 0.25deg (REAL_GOVERNMENT),IMD gridded 1deg (REAL_GOVERNMENT),0.296,ERA5-Land via Open-Meteo (REAL_PUBLIC; no IMD soil-moisture grid)
2024-01-31,0.0,27.95,IMD gridded 0.25deg (REAL_GOVERNMENT),IMD gridded 1deg (REAL_GOVERNMENT),0.289,ERA5-Land via Open-Meteo (REAL_PUBLIC; no IMD soil-moisture grid)
2024-02-01,0.0,28.6,IMD gridded 0.25deg (REAL_GOVERNMENT),IMD gridded 1deg (REAL_GOVERNMENT),0.283,ERA5-Land via Open-Meteo (REAL_PUBLIC; no IMD soil-moisture grid)
2024-02-02,0.22,28.71,IMD gridded 0.25deg (REAL_GOVERNMENT),IMD gridded 1deg (REAL_GOVERNMENT),0.279,ERA5-Land via Open-Meteo (REAL_PUBLIC; no IMD soil-moisture grid)
2024-02-03,0.0,29.17,IMD gridded 0.25deg (REAL_GOVERNMENT),IMD gridded 1deg (REAL_GOVERNMENT),0.277,ERA5-Land via Open-Meteo (REAL_PUBLIC; no IMD soil-moisture grid)
2024-02-04,0.0,31.36,IMD gridded 0.25deg (REAL_GOVERNMENT),IMD gridded 1deg (REAL_GOVERNMENT),0.273,ERA5-Land via Open-Meteo (REAL_PUBLIC; no IMD soil-moisture grid)
2024-02-05,0.0,31.35,IMD gridded 0.25deg (REAL_GOVERNMENT),IMD gridded 1deg (REAL_GOVERNMENT),0.273,ERA5-Land via Open-Meteo (REAL_PUBLIC; no IMD soil-moisture grid)
2024-02-06,0.0,29.28,IMD gridded 0.25deg (REAL_GOVERNMENT),IMD gridded 1deg (REAL_GOVERNMENT),0.266,ERA5-Land via Open-Meteo (REAL_PUBLIC; no IMD soil-moisture grid)
2024-02-07,0.0,29.01,IMD gridded 0.25deg (REAL_GOVERNMENT),IMD gridded 1deg (REAL_GOVERNMENT),0.263,ERA5-Land via Open-Meteo (REAL_PUBLIC; no IMD soil-moisture grid)
2024-02-08,0.0,27.07,IMD gridded 0.25deg (REAL_GOVERNMENT),IMD gridded 1deg (REAL_GOVERNMENT),0.258,ERA5-Land via Open-Meteo (REAL_PUBLIC; no IMD soil-moisture grid)
2024-02-09,0.0,28.42,IMD gridded 0.25deg (REAL_GOVERNMENT),IMD gridded 1deg (REAL_GOVERNMENT),0.258,ERA5-Land via Open-Meteo (REAL_PUBLIC; no IMD soil-moisture grid)
2024-02-10,0.0,28.36,IMD gridded 0.25deg (REAL_GOVERNMENT),IMD gridded 1deg (REAL_GOVERNMENT),0.259,ERA5-Land via Open-Meteo (REAL_PUBLIC; no IMD soil-moisture grid)
2024-02-11,0.0,28.05,IMD gridded 0.25deg (REAL_GOVERNMENT),IMD gridded 1deg (REAL_GOVERNMENT),0.297,ERA5-Land via Open-Meteo (REAL_PUBLIC; no IMD soil-moisture grid)
2024-02-12,0.0,29.24,IMD gridded 0.25deg (REAL_GOVERNMENT),IMD gridded 1deg (REAL_GOVERNMENT),0.359,ERA5-Land via Open-Meteo (REAL_PUBLIC; no IMD soil-moisture grid)
2024-02-13,0.0,29.18,IMD gridded 0.25deg (REAL_GOVERNMENT),IMD gridded 1deg (REAL_GOVERNMENT),0.392,ERA5-Land via Open-Meteo (REAL_PUBLIC; no IMD soil-moisture grid)
2024-02-14,0.0,29.21,IMD gridded 0.25deg (REAL_GOVERNMENT),IMD gridded 1deg (REAL_GOVERNMENT),0.369,ERA5-Land via Open-Meteo (REAL_PUBLIC; no IMD soil-moisture grid)
2024-02-15,0.0,29.48,IMD gridded 0.25deg (REAL_GOVERNMENT),IMD gridded 1deg (REAL_GOVERNMENT),0.361,ERA5-Land via Open-Meteo (REAL_PUBLIC; no IMD soil-moisture grid)
2024-02-16,0.0,30.87,IMD gridded 0.25deg (REAL_GOVERNMENT),IMD gridded 1deg (REAL_GOVERNMENT),0.335,ERA5-Land via Open-Meteo (REAL_PUBLIC; no IMD soil-moisture grid)
2024-02-17,0.0,31.93,IMD gridded 0.25deg (REAL_GOVERNMENT),IMD gridded 1deg (REAL_GOVERNMENT),0.319,ERA5-Land via Open-Meteo (REAL_PUBLIC; no IMD soil-moisture grid)
2024-02-18,0.0,32.87,IMD gridded 0.25deg (REAL_GOVERNMENT),IMD gridded 1deg (REAL_GOVERNMENT),0.309,ERA5-Land via Open-Meteo (REAL_PUBLIC; no IMD soil-moisture grid)
2024-02-19,0.0,32.69,IMD gridded 0.25deg (REAL_GOVERNMENT),IMD gridded 1deg (REAL_GOVERNMENT),0.302,ERA5-Land via Open-Meteo (REAL_PUBLIC; no IMD soil-moisture grid)
2024-02-20,0.0,33.35,IMD gridded 0.25deg (REAL_GOVERNMENT),IMD gridded 1deg (REAL_GOVERNMENT),0.295,ERA5-Land via Open-Meteo (REAL_PUBLIC; no IMD soil-moisture grid)
2024-02-21,0.0,31.9,IMD gridded 0.25deg (REAL_GOVERNMENT),IMD gridded 1deg (REAL_GOVERNMENT),0.291,ERA5-Land via Open-Meteo (REAL_PUBLIC; no IMD soil-moisture grid)
2024-02-22,0.0,30.05,IMD gridded 0.25deg (REAL_GOVERNMENT),IMD gridded 1deg (REAL_GOVERNMENT),0.285,ERA5-Land via Open-Meteo (REAL_PUBLIC; no IMD soil-moisture grid)
2024-02-23,0.0,29.15,IMD gridded 0.25deg (REAL_GOVERNMENT),IMD gridded 1deg (REAL_GOVERNMENT),0.276,ERA5-Land via Open-Meteo (REAL_PUBLIC; no IMD soil-moisture grid)
2024-02-24,0.0,29.74,IMD gridded 0.25deg (REAL_GOVERNMENT),IMD gridded 1deg (REAL_GOVERNMENT),0.271,ERA5-Land via Open-Meteo (REAL_PUBLIC; no IMD soil-moisture grid)
2024-02-25,0.0,29.96,IMD gridded 0.25deg (REAL_GOVERNMENT),IMD gridded 1deg (REAL_GOVERNMENT),0.266,ERA5-Land via Open-Meteo (REAL_PUBLIC; no IMD soil-moisture grid)
2024-02-26,0.0,30.1,IMD gridded 0.25deg (REAL_GOVERNMENT),IMD gridded 1deg (REAL_GOVERNMENT),0.297,ERA5-Land via Open-Meteo (REAL_PUBLIC; no IMD soil-moisture grid)
2024-02-27,0.0,30.69,IMD gridded 0.25deg (REAL_GOVERNMENT),IMD gridded 1deg (REAL_GOVERNMENT),0.382,ERA5-Land via Open-Meteo (REAL_PUBLIC; no IMD soil-moisture grid)
2024-02-28,0.0,30.96,IMD gridded 0.25deg (REAL_GOVERNMENT),IMD gridded 1deg (REAL_GOVERNMENT),0.392,ERA5-Land via Open-Meteo (REAL_PUBLIC; no IMD soil-moisture grid)
2024-02-29,0.0,32.1,IMD gridded 0.25deg (REAL_GOVERNMENT),IMD gridded 1deg (REAL_GOVERNMENT),0.375,ERA5-Land via Open-Meteo (REAL_PUBLIC; no IMD soil-moisture grid)
2024-03-01,0.0,36.03,IMD gridded 0.25deg (REAL_GOVERNMENT),IMD gridded 1deg (REAL_GOVERNMENT),0.347,ERA5-Land via Open-Meteo (REAL_PUBLIC; no IMD soil-moisture grid)
2024-03-02,0.0,29.56,IMD gridded 0.25deg (REAL_GOVERNMENT),IMD gridded 1deg (REAL_GOVERNMENT),0.334,ERA5-Land via Open-Meteo (REAL_PUBLIC; no IMD soil-moisture grid)
2024-03-03,0.0,31.6,IMD gridded 0.25deg (REAL_GOVERNMENT),IMD gridded 1deg (REAL_GOVERNMENT),0.326,ERA5-Land via Open-Meteo (REAL_PUBLIC; no IMD soil-moisture grid)
2024-03-04,0.0,30.6,IMD gridded 0.25deg (REAL_GOVERNMENT),IMD gridded 1deg (REAL_GOVERNMENT),0.309,ERA5-Land via Open-Meteo (REAL_PUBLIC; no IMD soil-moisture grid)
2024-03-05,0.0,31.56,IMD gridded 0.25deg (REAL_GOVERNMENT),IMD gridded 1deg (REAL_GOVERNMENT),0.293,ERA5-Land via Open-Meteo (REAL_PUBLIC; no IMD soil-moisture grid)
2024-03-06,0.0,32.7,IMD gridded 0.25deg (REAL_GOVERNMENT),IMD gridded 1deg (REAL_GOVERNMENT),0.281,ERA5-Land via Open-Meteo (REAL_PUBLIC; no IMD soil-moisture grid)
2024-03-07,0.16,32.55,IMD gridded 0.25deg (REAL_GOVERNMENT),IMD gridded 1deg (REAL_GOVERNMENT),0.272,ERA5-Land via Open-Meteo (REAL_PUBLIC; no IMD soil-moisture grid)
2024-03-08,0.0,32.9,IMD gridded 0.25deg (REAL_GOVERNMENT),IMD gridded 1deg (REAL_GOVERNMENT),0.268,ERA5-Land via Open-Meteo (REAL_PUBLIC; no IMD soil-moisture grid)
2024-03-09,0.0,33.68,IMD gridded 0.25deg (REAL_GOVERNMENT),IMD gridded 1deg (REAL_GOVERNMENT),0.263,ERA5-Land via Open-Meteo (REAL_PUBLIC; no IMD soil-moisture grid)
2024-03-10,0.0,34.84,IMD gridded 0.25deg (REAL_GOVERNMENT),IMD gridded 1deg (REAL_GOVERNMENT),0.26,ERA5-Land via Open-Meteo (REAL_PUBLIC; no IMD soil-moisture grid)
2024-03-11,0.0,34.77,IMD gridded 0.25deg (REAL_GOVERNMENT),IMD gridded 1deg (REAL_GOVERNMENT),0.26,ERA5-Land via Open-Meteo (REAL_PUBLIC; no IMD soil-moisture grid)
2024-03-12,0.0,35.48,IMD gridded 0.25deg (REAL_GOVERNMENT),IMD gridded 1deg (REAL_GOVERNMENT),0.261,ERA5-Land via Open-Meteo (REAL_PUBLIC; no IMD soil-moisture grid)
2024-03-13,0.0,35.54,IMD gridded 0.25deg (REAL_GOVERNMENT),IMD gridded 1deg (REAL_GOVERNMENT),0.259,ERA5-Land via Open-Meteo (REAL_PUBLIC; no IMD soil-moisture grid)
2024-03-14,0.0,35.39,IMD gridded 0.25deg (REAL_GOVERNMENT),IMD gridded 1deg (REAL_GOVERNMENT),0.256,ERA5-Land via Open-Meteo (REAL_PUBLIC; no IMD soil-moisture grid)
2024-03-15,0.0,35.72,IMD gridded 0.25deg (REAL_GOVERNMENT),IMD gridded 1deg (REAL_GOVERNMENT),0.25,ERA5-Land via Open-Meteo (REAL_PUBLIC; no IMD soil-moisture grid)
2024-03-16,0.0,34.38,IMD gridded 0.25deg (REAL_GOVERNMENT),IMD gridded 1deg (REAL_GOVERNMENT),0.247,ERA5-Land via Open-Meteo (REAL_PUBLIC; no IMD soil-moisture grid)
2024-03-17,7.62,33.52,IMD gridded 0.25deg (REAL_GOVERNMENT),IMD gridded 1deg (REAL_GOVERNMENT),0.254,ERA5-Land via Open-Meteo (REAL_PUBLIC; no IMD soil-moisture grid)
2024-03-18,12.1,33.24,IMD gridded 0.25deg (REAL_GOVERNMENT),IMD gridded 1deg (REAL_GOVERNMENT),0.317,ERA5-Land via Open-Meteo (REAL_PUBLIC; no IMD soil-moisture grid)
2024-03-19,21.04,32.04,IMD gridded 0.25deg (REAL_GOVERNMENT),IMD gridded 1deg (REAL_GOVERNMENT),0.387,ERA5-Land via Open-Meteo (REAL_PUBLIC; no IMD soil-moisture grid)
2024-03-20,0.87,32.57,IMD gridded 0.25deg (REAL_GOVERNMENT),IMD gridded 1deg (REAL_GOVERNMENT),0.339,ERA5-Land via Open-Meteo (REAL_PUBLIC; no IMD soil-moisture grid)
2024-03-21,0.68,33.94,IMD gridded 0.25deg (REAL_GOVERNMENT),IMD gridded 1deg (REAL_GOVERNMENT),0.322,ERA5-Land via Open-Meteo (REAL_PUBLIC; no IMD soil-moisture grid)
2024-03-22,0.0,36.03,IMD gridded 0.25deg (REAL_GOVERNMENT),IMD gridded 1deg (REAL_GOVERNMENT),0.305,ERA5-Land via Open-Meteo (REAL_PUBLIC; no IMD soil-moisture grid)
2024-03-23,0.0,36.98,IMD gridded 0.25deg (REAL_GOVERNMENT),IMD gridded 1deg (REAL_GOVERNMENT),0.292,ERA5-Land via Open-Meteo (REAL_PUBLIC; no IMD soil-moisture grid)
2024-03-24,0.0,37.29,IMD gridded 0.25deg (REAL_GOVERNMENT),IMD gridded 1deg (REAL_GOVERNMENT),0.285,ERA5-Land via Open-Meteo (REAL_PUBLIC; no IMD soil-moisture grid)
2024-03-25,0.0,37.3,IMD gridded 0.25deg (REAL_GOVERNMENT),IMD gridded 1deg (REAL_GOVERNMENT),0.283,ERA5-Land via Open-Meteo (REAL_PUBLIC; no IMD soil-moisture grid)
2024-03-26,0.0,37.22,IMD gridded 0.25deg (REAL_GOVERNMENT),IMD gridded 1deg (REAL_GOVERNMENT),0.281,ERA5-Land via Open-Meteo (REAL_PUBLIC; no IMD soil-moisture grid)
2024-03-27,0.0,38.51,IMD gridded 0.25deg (REAL_GOVERNMENT),IMD gridded 1deg (REAL_GOVERNMENT),0.276,ERA5-Land via Open-Meteo (REAL_PUBLIC; no IMD soil-moisture grid)
2024-03-28,0.0,39.32,IMD gridded 0.25deg (REAL_GOVERNMENT),IMD gridded 1deg (REAL_GOVERNMENT),0.271,ERA5-Land via Open-Meteo (REAL_PUBLIC; no IMD soil-moisture grid)
2024-03-29,0.0,39.06,IMD gridded 0.25deg (REAL_GOVERNMENT),IMD gridded 1deg (REAL_GOVERNMENT),0.267,ERA5-Land via Open-Meteo (REAL_PUBLIC; no IMD soil-moisture grid)
2024-03-30,0.0,37.68,IMD gridded 0.25deg (REAL_GOVERNMENT),IMD gridded 1deg (REAL_GOVERNMENT),0.273,ERA5-Land via Open-Meteo (REAL_PUBLIC; no IMD soil-moisture grid)
2024-03-31,0.3,36.93,IMD gridded 0.25deg (REAL_GOVERNMENT),IMD gridded 1deg (REAL_GOVERNMENT),0.257,ERA5-Land via Open-Meteo (REAL_PUBLIC; no IMD soil-moisture grid)
2024-04-01,0.0,37.02,IMD gridded 0.25deg (REAL_GOVERNMENT),IMD gridded 1deg (REAL_GOVERNMENT),0.26,ERA5-Land via Open-Meteo (REAL_PUBLIC; no IMD soil-moisture grid)
2024-04-02,0.0,38.43,IMD gridded 0.25deg (REAL_GOVERNMENT),IMD gridded 1deg (REAL_GOVERNMENT),0.262,ERA5-Land via Open-Meteo (REAL_PUBLIC; no IMD soil-moisture grid)
2024-04-03,0.0,39.36,IMD gridded 0.25deg (REAL_GOVERNMENT),IMD gridded 1deg (REAL_GOVERNMENT),0.259,ERA5-Land via Open-Meteo (REAL_PUBLIC; no IMD soil-moisture grid)
2024-04-04,0.0,39.22,IMD gridded 0.25deg (REAL_GOVERNMENT),IMD gridded 1deg (REAL_GOVERNMENT),0.257,ERA5-Land via Open-Meteo (REAL_PUBLIC; no IMD soil-moisture grid)
2024-04-05,0.0,38.9,IMD gridded 0.25deg (REAL_GOVERNMENT),IMD gridded 1deg (REAL_GOVERNMENT),0.255,ERA5-Land via Open-Meteo (REAL_PUBLIC; no IMD soil-moisture grid)
2024-04-06,0.0,38.17,IMD gridded 0.25deg (REAL_GOVERNMENT),IMD gridded 1deg (REAL_GOVERNMENT),0.258,ERA5-Land via Open-Meteo (REAL_PUBLIC; no IMD soil-moisture grid)
2024-04-07,0.0,34.79,IMD gridded 0.25deg (REAL_GOVERNMENT),IMD gridded 1deg (REAL_GOVERNMENT),0.267,ERA5-Land via Open-Meteo (REAL_PUBLIC; no IMD soil-moisture grid)
2024-04-08,0.0,34.72,IMD gridded 0.25deg (REAL_GOVERNMENT),IMD gridded 1deg (REAL_GOVERNMENT),0.317,ERA5-Land via Open-Meteo (REAL_PUBLIC; no IMD soil-moisture grid)
2024-04-09,2.0,34.76,IMD gridded 0.25deg (REAL_GOVERNMENT),IMD gridded 1deg (REAL_GOVERNMENT),0.355,ERA5-Land via Open-Meteo (REAL_PUBLIC; no IMD soil-moisture grid)
2024-04-10,2.44,35.17,IMD gridded 0.25deg (REAL_GOVERNMENT),IMD gridded 1deg (REAL_GOVERNMENT),0.407,ERA5-Land via Open-Meteo (REAL_PUBLIC; no IMD soil-moisture grid)
2024-04-11,20.41,31.19,IMD gridded 0.25deg (REAL_GOVERNMENT),IMD gridded 1deg (REAL_GOVERNMENT),0.453,ERA5-Land via Open-Meteo (REAL_PUBLIC; no IMD soil-moisture grid)
2024-04-12,2.69,32.66,IMD gridded 0.25deg (REAL_GOVERNMENT),IMD gridded 1deg (REAL_GOVERNMENT),0.42,ERA5-Land via Open-Meteo (REAL_PUBLIC; no IMD soil-moisture grid)
2024-04-13,2.72,32.01,IMD gridded 0.25deg (REAL_GOVERNMENT),IMD gridded 1deg (REAL_GOVERNMENT),0.403,ERA5-Land via Open-Meteo (REAL_PUBLIC; no IMD soil-moisture grid)
2024-04-14,0.0,36.04,IMD gridded 0.25deg (REAL_GOVERNMENT),IMD gridded 1deg (REAL_GOVERNMENT),0.393,ERA5-Land via Open-Meteo (REAL_PUBLIC; no IMD soil-moisture grid)
2024-04-15,2.97,37.31,IMD gridded 0.25deg (REAL_GOVERNMENT),IMD gridded 1deg (REAL_GOVERNMENT),0.372,ERA5-Land via Open-Meteo (REAL_PUBLIC; no IMD soil-moisture grid)
2024-04-16,0.0,38.06,IMD gridded 0.25deg (REAL_GOVERNMENT),IMD gridded 1deg (REAL_GOVERNMENT),0.357,ERA5-Land via Open-Meteo (REAL_PUBLIC; no IMD soil-moisture grid)
2024-04-17,0.0,38.18,IMD gridded 0.25deg (REAL_GOVERNMENT),IMD gridded 1deg (REAL_GOVERNMENT),0.336,ERA5-Land via Open-Meteo (REAL_PUBLIC; no IMD soil-moisture grid)
2024-04-18,0.0,39.65,IMD gridded 0.25deg (REAL_GOVERNMENT),IMD gridded 1deg (REAL_GOVERNMENT),0.308,ERA5-Land via Open-Meteo (REAL_PUBLIC; no IMD soil-moisture grid)
2024-04-19,0.0,40.1,IMD gridded 0.25deg (REAL_GOVERNMENT),IMD gridded 1deg (REAL_GOVERNMENT),0.294,ERA5-Land via Open-Meteo (REAL_PUBLIC; no IMD soil-moisture grid)
2024-04-20,0.0,39.16,IMD gridded 0.25deg (REAL_GOVERNMENT),IMD gridded 1deg (REAL_GOVERNMENT),0.284,ERA5-Land via Open-Meteo (REAL_PUBLIC; no IMD soil-moisture grid)
2024-04-21,0.0,38.58,IMD gridded 0.25deg (REAL_GOVERNMENT),IMD gridded 1deg (REAL_GOVERNMENT),0.28,ERA5-Land via Open-Meteo (REAL_PUBLIC; no IMD soil-moisture grid)
2024-04-22,0.0,34.23,IMD gridded 0.25deg (REAL_GOVERNMENT),IMD gridded 1deg (REAL_GOVERNMENT),0.284,ERA5-Land via Open-Meteo (REAL_PUBLIC; no IMD soil-moisture grid)
2024-04-23,7.68,37.05,IMD gridded 0.25deg (REAL_GOVERNMENT),IMD gridded 1deg (REAL_GOVERNMENT),0.301,ERA5-Land via Open-Meteo (REAL_PUBLIC; no IMD soil-moisture grid)
2024-04-24,2.93,38.14,IMD gridded 0.25deg (REAL_GOVERNMENT),IMD gridded 1deg (REAL_GOVERNMENT),0.302,ERA5-Land via Open-Meteo (REAL_PUBLIC; no IMD soil-moisture grid)
2024-04-25,0.0,39.34,IMD gridded 0.25deg (REAL_GOVERNMENT),IMD gridded 1deg (REAL_GOVERNMENT),0.293,ERA5-Land via Open-Meteo (REAL_PUBLIC; no IMD soil-moisture grid)
2024-04-26,0.0,38.8,IMD gridded 0.25deg (REAL_GOVERNMENT),IMD gridded 1deg (REAL_GOVERNMENT),0.286,ERA5-Land via Open-Meteo (REAL_PUBLIC; no IMD soil-moisture grid)
2024-04-27,0.0,38.42,IMD gridded 0.25deg (REAL_GOVERNMENT),IMD gridded 1deg (REAL_GOVERNMENT),0.279,ERA5-Land via Open-Meteo (REAL_PUBLIC; no IMD soil-moisture grid)
2024-04-28,0.0,37.84,IMD gridded 0.25deg (REAL_GOVERNMENT),IMD gridded 1deg (REAL_GOVERNMENT),0.281,ERA5-Land via Open-Meteo (REAL_PUBLIC; no IMD soil-moisture grid)
2024-04-29,0.0,39.34,IMD gridded 0.25deg (REAL_GOVERNMENT),IMD gridded 1deg (REAL_GOVERNMENT),0.279,ERA5-Land via Open-Meteo (REAL_PUBLIC; no IMD soil-moisture grid)
2024-04-30,0.24,39.5,IMD gridded 0.25deg (REAL_GOVERNMENT),IMD gridded 1deg (REAL_GOVERNMENT),0.268,ERA5-Land via Open-Meteo (REAL_PUBLIC; no IMD soil-moisture grid)
2024-05-01,0.0,38.44,IMD gridded 0.25deg (REAL_GOVERNMENT),IMD gridded 1deg (REAL_GOVERNMENT),0.266,ERA5-Land via Open-Meteo (REAL_PUBLIC; no IMD soil-moisture grid)
2024-05-02,0.0,38.65,IMD gridded 0.25deg (REAL_GOVERNMENT),IMD gridded 1deg (REAL_GOVERNMENT),0.259,ERA5-Land via Open-Meteo (REAL_PUBLIC; no IMD soil-moisture grid)
2024-05-03,0.0,39.82,IMD gridded 0.25deg (REAL_GOVERNMENT),IMD gridded 1deg (REAL_GOVERNMENT),0.249,ERA5-Land via Open-Meteo (REAL_PUBLIC; no IMD soil-moisture grid)
2024-05-04,0.0,41.21,IMD gridded 0.25deg (REAL_GOVERNMENT),IMD gridded 1deg (REAL_GOVERNMENT),0.243,ERA5-Land via Open-Meteo (REAL_PUBLIC; no IMD soil-moisture grid)
2024-05-05,0.0,41.04,IMD gridded 0.25deg (REAL_GOVERNMENT),IMD gridded 1deg (REAL_GOVERNMENT),0.25,ERA5-Land via Open-Meteo (REAL_PUBLIC; no IMD soil-moisture grid)
2024-05-06,0.0,41.25,IMD gridded 0.25deg (REAL_GOVERNMENT),IMD gridded 1deg (REAL_GOVERNMENT),0.246,ERA5-Land via Open-Meteo (REAL_PUBLIC; no IMD soil-moisture grid)
2024-05-07,0.0,40.87,IMD gridded 0.25deg (REAL_GOVERNMENT),IMD gridded 1deg (REAL_GOVERNMENT),0.239,ERA5-Land via Open-Meteo (REAL_PUBLIC; no IMD soil-moisture grid)
2024-05-08,1.01,39.1,IMD gridded 0.25deg (REAL_GOVERNMENT),IMD gridded 1deg (REAL_GOVERNMENT),0.229,ERA5-Land via Open-Meteo (REAL_PUBLIC; no IMD soil-moisture grid)
2024-05-09,2.0,36.79,IMD gridded 0.25deg (REAL_GOVERNMENT),IMD gridded 1deg (REAL_GOVERNMENT),0.238,ERA5-Land via Open-Meteo (REAL_PUBLIC; no IMD soil-moisture grid)
2024-05-10,0.68,38.43,IMD gridded 0.25deg (REAL_GOVERNMENT),IMD gridded 1deg (REAL_GOVERNMENT),0.248,ERA5-Land via Open-Meteo (REAL_PUBLIC; no IMD soil-moisture grid)
2024-05-11,0.0,38.92,IMD gridded 0.25deg (REAL_GOVERNMENT),IMD gridded 1deg (REAL_GOVERNMENT),0.248,ERA5-Land via Open-Meteo (REAL_PUBLIC; no IMD soil-moisture grid)
2024-05-12,0.0,39.1,IMD gridded 0.25deg (REAL_GOVERNMENT),IMD gridded 1deg (REAL_GOVERNMENT),0.245,ERA5-Land via Open-Meteo (REAL_PUBLIC; no IMD soil-moisture grid)
2024-05-13,0.0,37.95,IMD gridded 0.25deg (REAL_GOVERNMENT),IMD gridded 1deg (REAL_GOVERNMENT),0.252,ERA5-Land via Open-Meteo (REAL_PUBLIC; no IMD soil-moisture grid)
2024-05-14,0.0,39.61,IMD gridded 0.25deg (REAL_GOVERNMENT),IMD gridded 1deg (REAL_GOVERNMENT),0.253,ERA5-Land via Open-Meteo (REAL_PUBLIC; no IMD soil-moisture grid)
2024-05-15,0.0,37.32,IMD gridded 0.25deg (REAL_GOVERNMENT),IMD gridded 1deg (REAL_GOVERNMENT),0.255,ERA5-Land via Open-Meteo (REAL_PUBLIC; no IMD soil-moisture grid)
2024-05-16,0.0,38.25,IMD gridded 0.25deg (REAL_GOVERNMENT),IMD gridded 1deg (REAL_GOVERNMENT),0.263,ERA5-Land via Open-Meteo (REAL_PUBLIC; no IMD soil-moisture grid)
2024-05-17,0.0,35.13,IMD gridded 0.25deg (REAL_GOVERNMENT),IMD gridded 1deg (REAL_GOVERNMENT),0.265,ERA5-Land via Open-Meteo (REAL_PUBLIC; no IMD soil-moisture grid)
2024-05-18,0.18,38.59,IMD gridded 0.25deg (REAL_GOVERNMENT),IMD gridded 1deg (REAL_GOVERNMENT),0.26,ERA5-Land via Open-Meteo (REAL_PUBLIC; no IMD soil-moisture grid)
2024-05-19,0.0,39.85,IMD gridded 0.25deg (REAL_GOVERNMENT),IMD gridded 1deg (REAL_GOVERNMENT),0.28,ERA5-Land via Open-Meteo (REAL_PUBLIC; no IMD soil-moisture grid)
2024-05-20,0.0,40.24,IMD gridded 0.25deg (REAL_GOVERNMENT),IMD gridded 1deg (REAL_GOVERNMENT),0.267,ERA5-Land via Open-Meteo (REAL_PUBLIC; no IMD soil-moisture grid)
2024-05-21,0.0,40.52,IMD gridded 0.25deg (REAL_GOVERNMENT),IMD gridded 1deg (REAL_GOVERNMENT),0.245,ERA5-Land via Open-Meteo (REAL_PUBLIC; no IMD soil-moisture grid)
2024-05-22,0.18,40.65,IMD gridded 0.25deg (REAL_GOVERNMENT),IMD gridded 1deg (REAL_GOVERNMENT),0.25,ERA5-Land via Open-Meteo (REAL_PUBLIC; no IMD soil-moisture grid)
2024-05-23,0.0,40.76,IMD gridded 0.25deg (REAL_GOVERNMENT),IMD gridded 1deg (REAL_GOVERNMENT),0.259,ERA5-Land via Open-Meteo (REAL_PUBLIC; no IMD soil-moisture grid)
2024-05-24,0.0,41.27,IMD gridded 0.25deg (REAL_GOVERNMENT),IMD gridded 1deg (REAL_GOVERNMENT),0.252,ERA5-Land via Open-Meteo (REAL_PUBLIC; no IMD soil-moisture grid)
2024-05-25,0.0,41.3,IMD gridded 0.25deg (REAL_GOVERNMENT),IMD gridded 1deg (REAL_GOVERNMENT),0.248,ERA5-Land via Open-Meteo (REAL_PUBLIC; no IMD soil-moisture grid)
2024-05-26,1.23,42.56,IMD gridded 0.25deg (REAL_GOVERNMENT),IMD gridded 1deg (REAL_GOVERNMENT),0.247,ERA5-Land via Open-Meteo (REAL_PUBLIC; no IMD soil-moisture grid)
2024-05-27,0.0,42.59,IMD gridded 0.25deg (REAL_GOVERNMENT),IMD gridded 1deg (REAL_GOVERNMENT),0.252,ERA5-Land via Open-Meteo (REAL_PUBLIC; no IMD soil-moisture grid)
2024-05-28,0.0,42.14,IMD gridded 0.25deg (REAL_GOVERNMENT),IMD gridded 1deg (REAL_GOVERNMENT),0.252,ERA5-Land via Open-Meteo (REAL_PUBLIC; no IMD soil-moisture grid)
2024-05-29,0.0,42.27,IMD gridded 0.25deg (REAL_GOVERNMENT),IMD gridded 1deg (REAL_GOVERNMENT),0.254,ERA5-Land via Open-Meteo (REAL_PUBLIC; no IMD soil-moisture grid)
2024-05-30,0.0,42.06,IMD gridded 0.25deg (REAL_GOVERNMENT),IMD gridded 1deg (REAL_GOVERNMENT),0.25,ERA5-Land via Open-Meteo (REAL_PUBLIC; no IMD soil-moisture grid)
2024-05-31,0.0,42.41,IMD gridded 0.25deg (REAL_GOVERNMENT),IMD gridded 1deg (REAL_GOVERNMENT),0.248,ERA5-Land via Open-Meteo (REAL_PUBLIC; no IMD soil-moisture grid)
2024-06-01,0.0,41.76,IMD gridded 0.25deg (REAL_GOVERNMENT),IMD gridded 1deg (REAL_GOVERNMENT),0.247,ERA5-Land via Open-Meteo (REAL_PUBLIC; no IMD soil-moisture grid)
2024-06-02,0.0,40.5,IMD gridded 0.25deg (REAL_GOVERNMENT),IMD gridded 1deg (REAL_GOVERNMENT),0.24,ERA5-Land via Open-Meteo (REAL_PUBLIC; no IMD soil-moisture grid)
2024-06-03,0.0,40.36,IMD gridded 0.25deg (REAL_GOVERNMENT),IMD gridded 1deg (REAL_GOVERNMENT),0.251,ERA5-Land via Open-Meteo (REAL_PUBLIC; no IMD soil-moisture grid)
2024-06-04,0.15,39.24,IMD gridded 0.25deg (REAL_GOVERNMENT),IMD gridded 1deg (REAL_GOVERNMENT),0.237,ERA5-Land via Open-Meteo (REAL_PUBLIC; no IMD soil-moisture grid)
2024-06-05,0.0,37.47,IMD gridded 0.25deg (REAL_GOVERNMENT),IMD gridded 1deg (REAL_GOVERNMENT),0.244,ERA5-Land via Open-Meteo (REAL_PUBLIC; no IMD soil-moisture grid)
2024-06-06,0.0,40.47,IMD gridded 0.25deg (REAL_GOVERNMENT),IMD gridded 1deg (REAL_GOVERNMENT),0.242,ERA5-Land via Open-Meteo (REAL_PUBLIC; no IMD soil-moisture grid)
2024-06-07,0.0,40.65,IMD gridded 0.25deg (REAL_GOVERNMENT),IMD gridded 1deg (REAL_GOVERNMENT),0.244,ERA5-Land via Open-Meteo (REAL_PUBLIC; no IMD soil-moisture grid)
2024-06-08,0.69,39.38,IMD gridded 0.25deg (REAL_GOVERNMENT),IMD gridded 1deg (REAL_GOVERNMENT),0.261,ERA5-Land via Open-Meteo (REAL_PUBLIC; no IMD soil-moisture grid)
2024-06-09,0.0,39.88,IMD gridded 0.25deg (REAL_GOVERNMENT),IMD gridded 1deg (REAL_GOVERNMENT),0.273,ERA5-Land via Open-Meteo (REAL_PUBLIC; no IMD soil-moisture grid)
2024-06-10,0.0,38.73,IMD gridded 0.25deg (REAL_GOVERNMENT),IMD gridded 1deg (REAL_GOVERNMENT),0.328,ERA5-Land via Open-Meteo (REAL_PUBLIC; no IMD soil-moisture grid)
2024-06-11,0.0,39.48,IMD gridded 0.25deg (REAL_GOVERNMENT),IMD gridded 1deg (REAL_GOVERNMENT),0.295,ERA5-Land via Open-Meteo (REAL_PUBLIC; no IMD soil-moisture grid)
2024-06-12,0.0,37.22,IMD gridded 0.25deg (REAL_GOVERNMENT),IMD gridded 1deg (REAL_GOVERNMENT),0.322,ERA5-Land via Open-Meteo (REAL_PUBLIC; no IMD soil-moisture grid)
2024-06-13,5.25,38.05,IMD gridded 0.25deg (REAL_GOVERNMENT),IMD gridded 1deg (REAL_GOVERNMENT),0.404,ERA5-Land via Open-Meteo (REAL_PUBLIC; no IMD soil-moisture grid)
2024-06-14,0.0,39.65,IMD gridded 0.25deg (REAL_GOVERNMENT),IMD gridded 1deg (REAL_GOVERNMENT),0.37,ERA5-Land via Open-Meteo (REAL_PUBLIC; no IMD soil-moisture grid)
2024-06-15,0.0,39.29,IMD gridded 0.25deg (REAL_GOVERNMENT),IMD gridded 1deg (REAL_GOVERNMENT),0.356,ERA5-Land via Open-Meteo (REAL_PUBLIC; no IMD soil-moisture grid)
2024-06-16,0.24,38.52,IMD gridded 0.25deg (REAL_GOVERNMENT),IMD gridded 1deg (REAL_GOVERNMENT),0.437,ERA5-Land via Open-Meteo (REAL_PUBLIC; no IMD soil-moisture grid)
2024-06-17,0.0,38.31,IMD gridded 0.25deg (REAL_GOVERNMENT),IMD gridded 1deg (REAL_GOVERNMENT),0.402,ERA5-Land via Open-Meteo (REAL_PUBLIC; no IMD soil-moisture grid)
2024-06-18,0.0,37.56,IMD gridded 0.25deg (REAL_GOVERNMENT),IMD gridded 1deg (REAL_GOVERNMENT),0.404,ERA5-Land via Open-Meteo (REAL_PUBLIC; no IMD soil-moisture grid)
2024-06-19,6.7,34.34,IMD gridded 0.25deg (REAL_GOVERNMENT),IMD gridded 1deg (REAL_GOVERNMENT),0.438,ERA5-Land via Open-Meteo (REAL_PUBLIC; no IMD soil-moisture grid)
2024-06-20,10.69,35.03,IMD gridded 0.25deg (REAL_GOVERNMENT),IMD gridded 1deg (REAL_GOVERNMENT),0.468,ERA5-Land via Open-Meteo (REAL_PUBLIC; no IMD soil-moisture grid)
2024-06-21,7.16,34.1,IMD gridded 0.25deg (REAL_GOVERNMENT),IMD gridded 1deg (REAL_GOVERNMENT),0.482,ERA5-Land via Open-Meteo (REAL_PUBLIC; no IMD soil-moisture grid)
2024-06-22,6.85,32.08,IMD gridded 0.25deg (REAL_GOVERNMENT),IMD gridded 1deg (REAL_GOVERNMENT),0.5,ERA5-Land via Open-Meteo (REAL_PUBLIC; no IMD soil-moisture grid)
2024-06-23,1.36,32.75,IMD gridded 0.25deg (REAL_GOVERNMENT),IMD gridded 1deg (REAL_GOVERNMENT),0.496,ERA5-Land via Open-Meteo (REAL_PUBLIC; no IMD soil-moisture grid)
2024-06-24,7.2,33.79,IMD gridded 0.25deg (REAL_GOVERNMENT),IMD gridded 1deg (REAL_GOVERNMENT),0.498,ERA5-Land via Open-Meteo (REAL_PUBLIC; no IMD soil-moisture grid)
2024-06-25,0.0,35.24,IMD gridded 0.25deg (REAL_GOVERNMENT),IMD gridded 1deg (REAL_GOVERNMENT),0.464,ERA5-Land via Open-Meteo (REAL_PUBLIC; no IMD soil-moisture grid)
2024-06-26,0.0,35.82,IMD gridded 0.25deg (REAL_GOVERNMENT),IMD gridded 1deg (REAL_GOVERNMENT),0.427,ERA5-Land via Open-Meteo (REAL_PUBLIC; no IMD soil-moisture grid)
2024-06-27,1.75,33.92,IMD gridded 0.25deg (REAL_GOVERNMENT),IMD gridded 1deg (REAL_GOVERNMENT),0.478,ERA5-Land via Open-Meteo (REAL_PUBLIC; no IMD soil-moisture grid)
2024-06-28,1.32,31.96,IMD gridded 0.25deg (REAL_GOVERNMENT),IMD gridded 1deg (REAL_GOVERNMENT),0.485,ERA5-Land via Open-Meteo (REAL_PUBLIC; no IMD soil-moisture grid)
2024-06-29,34.89,31.26,IMD gridded 0.25deg (REAL_GOVERNMENT),IMD gridded 1deg (REAL_GOVERNMENT),0.482,ERA5-Land via Open-Meteo (REAL_PUBLIC; no IMD soil-moisture grid)
2024-06-30,20.44,30.15,IMD gridded 0.25deg (REAL_GOVERNMENT),IMD gridded 1deg (REAL_GOVERNMENT),0.495,ERA5-Land via Open-Meteo (REAL_PUBLIC; no IMD soil-moisture grid)
2024-07-01,0.91,29.1,IMD gridded 0.25deg (REAL_GOVERNMENT),IMD gridded 1deg (REAL_GOVERNMENT),0.496,ERA5-Land via Open-Meteo (REAL_PUBLIC; no IMD soil-moisture grid)
2024-07-02,6.39,28.88,IMD gridded 0.25deg (REAL_GOVERNMENT),IMD gridded 1deg (REAL_GOVERNMENT),0.502,ERA5-Land via Open-Meteo (REAL_PUBLIC; no IMD soil-moisture grid)
2024-07-03,0.77,32.06,IMD gridded 0.25deg (REAL_GOVERNMENT),IMD gridded 1deg (REAL_GOVERNMENT),0.484,ERA5-Land via Open-Meteo (REAL_PUBLIC; no IMD soil-moisture grid)
2024-07-04,10.1,30.42,IMD gridded 0.25deg (REAL_GOVERNMENT),IMD gridded 1deg (REAL_GOVERNMENT),0.491,ERA5-Land via Open-Meteo (REAL_PUBLIC; no IMD soil-moisture grid)
2024-07-05,18.77,31.47,IMD gridded 0.25deg (REAL_GOVERNMENT),IMD gridded 1deg (REAL_GOVERNMENT),0.496,ERA5-Land via Open-Meteo (REAL_PUBLIC; no IMD soil-moisture grid)
2024-07-06,15.89,31.04,IMD gridded 0.25deg (REAL_GOVERNMENT),IMD gridded 1deg (REAL_GOVERNMENT),0.479,ERA5-Land via Open-Meteo (REAL_PUBLIC; no IMD soil-moisture grid)
2024-07-07,14.03,31.53,IMD gridded 0.25deg (REAL_GOVERNMENT),IMD gridded 1deg (REAL_GOVERNMENT),0.484,ERA5-Land via Open-Meteo (REAL_PUBLIC; no IMD soil-moisture grid)
2024-07-08,27.59,32.46,IMD gridded 0.25deg (REAL_GOVERNMENT),IMD gridded 1deg (REAL_GOVERNMENT),0.494,ERA5-Land via Open-Meteo (REAL_PUBLIC; no IMD soil-moisture grid)
2024-07-09,11.97,32.3,IMD gridded 0.25deg (REAL_GOVERNMENT),IMD gridded 1deg (REAL_GOVERNMENT),0.498,ERA5-Land via Open-Meteo (REAL_PUBLIC; no IMD soil-moisture grid)
2024-07-10,11.27,32.66,IMD gridded 0.25deg (REAL_GOVERNMENT),IMD gridded 1deg (REAL_GOVERNMENT),0.493,ERA5-Land via Open-Meteo (REAL_PUBLIC; no IMD soil-moisture grid)
2024-07-11,0.0,31.52,IMD gridded 0.25deg (REAL_GOVERNMENT),IMD gridded 1deg (REAL_GOVERNMENT),0.498,ERA5-Land via Open-Meteo (REAL_PUBLIC; no IMD soil-moisture grid)
2024-07-12,21.16,31.61,IMD gridded 0.25deg (REAL_GOVERNMENT),IMD gridded 1deg (REAL_GOVERNMENT),0.499,ERA5-Land via Open-Meteo (REAL_PUBLIC; no IMD soil-moisture grid)
2024-07-13,17.52,30.65,IMD gridded 0.25deg (REAL_GOVERNMENT),IMD gridded 1deg (REAL_GOVERNMENT),0.507,ERA5-Land via Open-Meteo (REAL_PUBLIC; no IMD soil-moisture grid)
2024-07-14,25.59,31.27,IMD gridded 0.25deg (REAL_GOVERNMENT),IMD gridded 1deg (REAL_GOVERNMENT),0.508,ERA5-Land via Open-Meteo (REAL_PUBLIC; no IMD soil-moisture grid)
2024-07-15,2.93,31.53,IMD gridded 0.25deg (REAL_GOVERNMENT),IMD gridded 1deg (REAL_GOVERNMENT),0.504,ERA5-Land via Open-Meteo (REAL_PUBLIC; no IMD soil-moisture grid)
2024-07-16,5.9,31.5,IMD gridded 0.25deg (REAL_GOVERNMENT),IMD gridded 1deg (REAL_GOVERNMENT),0.505,ERA5-Land via Open-Meteo (REAL_PUBLIC; no IMD soil-moisture grid)
2024-07-17,16.34,30.05,IMD gridded 0.25deg (REAL_GOVERNMENT),IMD gridded 1deg (REAL_GOVERNMENT),0.501,ERA5-Land via Open-Meteo (REAL_PUBLIC; no IMD soil-moisture grid)
2024-07-18,3.18,31.1,IMD gridded 0.25deg (REAL_GOVERNMENT),IMD gridded 1deg (REAL_GOVERNMENT),0.499,ERA5-Land via Open-Meteo (REAL_PUBLIC; no IMD soil-moisture grid)
2024-07-19,6.76,31.03,IMD gridded 0.25deg (REAL_GOVERNMENT),IMD gridded 1deg (REAL_GOVERNMENT),0.496,ERA5-Land via Open-Meteo (REAL_PUBLIC; no IMD soil-moisture grid)
2024-07-20,11.22,29.3,IMD gridded 0.25deg (REAL_GOVERNMENT),IMD gridded 1deg (REAL_GOVERNMENT),0.505,ERA5-Land via Open-Meteo (REAL_PUBLIC; no IMD soil-moisture grid)
2024-07-21,59.09,30.39,IMD gridded 0.25deg (REAL_GOVERNMENT),IMD gridded 1deg (REAL_GOVERNMENT),0.505,ERA5-Land via Open-Meteo (REAL_PUBLIC; no IMD soil-moisture grid)
2024-07-22,33.97,28.36,IMD gridded 0.25deg (REAL_GOVERNMENT),IMD gridded 1deg (REAL_GOVERNMENT),0.508,ERA5-Land via Open-Meteo (REAL_PUBLIC; no IMD soil-moisture grid)
2024-07-23,51.59,27.65,IMD gridded 0.25deg (REAL_GOVERNMENT),IMD gridded 1deg (REAL_GOVERNMENT),0.506,ERA5-Land via Open-Meteo (REAL_PUBLIC; no IMD soil-moisture grid)
2024-07-24,31.28,26.17,IMD gridded 0.25deg (REAL_GOVERNMENT),IMD gridded 1deg (REAL_GOVERNMENT),0.508,ERA5-Land via Open-Meteo (REAL_PUBLIC; no IMD soil-moisture grid)
2024-07-25,7.09,27.29,IMD gridded 0.25deg (REAL_GOVERNMENT),IMD gridded 1deg (REAL_GOVERNMENT),0.504,ERA5-Land via Open-Meteo (REAL_PUBLIC; no IMD soil-moisture grid)
2024-07-26,3.35,27.68,IMD gridded 0.25deg (REAL_GOVERNMENT),IMD gridded 1deg (REAL_GOVERNMENT),0.501,ERA5-Land via Open-Meteo (REAL_PUBLIC; no IMD soil-moisture grid)
2024-07-27,6.26,27.91,IMD gridded 0.25deg (REAL_GOVERNMENT),IMD gridded 1deg (REAL_GOVERNMENT),0.507,ERA5-Land via Open-Meteo (REAL_PUBLIC; no IMD soil-moisture grid)
2024-07-28,56.67,27.18,IMD gridded 0.25deg (REAL_GOVERNMENT),IMD gridded 1deg (REAL_GOVERNMENT),0.505,ERA5-Land via Open-Meteo (REAL_PUBLIC; no IMD soil-moisture grid)
2024-07-29,19.27,28.23,IMD gridded 0.25deg (REAL_GOVERNMENT),IMD gridded 1deg (REAL_GOVERNMENT),0.503,ERA5-Land via Open-Meteo (REAL_PUBLIC; no IMD soil-moisture grid)
2024-07-30,1.85,30.5,IMD gridded 0.25deg (REAL_GOVERNMENT),IMD gridded 1deg (REAL_GOVERNMENT),0.495,ERA5-Land via Open-Meteo (REAL_PUBLIC; no IMD soil-moisture grid)
2024-07-31,4.81,29.6,IMD gridded 0.25deg (REAL_GOVERNMENT),IMD gridded 1deg (REAL_GOVERNMENT),0.508,ERA5-Land via Open-Meteo (REAL_PUBLIC; no IMD soil-moisture grid)
2024-08-01,7.95,27.41,IMD gridded 0.25deg (REAL_GOVERNMENT),IMD gridded 1deg (REAL_GOVERNMENT),0.511,ERA5-Land via Open-Meteo (REAL_PUBLIC; no IMD soil-moisture grid)
2024-08-02,17.54,27.1,IMD gridded 0.25deg (REAL_GOVERNMENT),IMD gridded 1deg (REAL_GOVERNMENT),0.506,ERA5-Land via Open-Meteo (REAL_PUBLIC; no IMD soil-moisture grid)
2024-08-03,35.76,26.58,IMD gridded 0.25deg (REAL_GOVERNMENT),IMD gridded 1deg (REAL_GOVERNMENT),0.504,ERA5-Land via Open-Meteo (REAL_PUBLIC; no IMD soil-moisture grid)
2024-08-04,24.21,27.1,IMD gridded 0.25deg (REAL_GOVERNMENT),IMD gridded 1deg (REAL_GOVERNMENT),0.51,ERA5-Land via Open-Meteo (REAL_PUBLIC; no IMD soil-moisture grid)
2024-08-05,10.73,30.48,IMD gridded 0.25deg (REAL_GOVERNMENT),IMD gridded 1deg (REAL_GOVERNMENT),0.492,ERA5-Land via Open-Meteo (REAL_PUBLIC; no IMD soil-moisture grid)
2024-08-06,5.66,30.38,IMD gridded 0.25deg (REAL_GOVERNMENT),IMD gridded 1deg (REAL_GOVERNMENT),0.495,ERA5-Land via Open-Meteo (REAL_PUBLIC; no IMD soil-moisture grid)
2024-08-07,31.37,27.81,IMD gridded 0.25deg (REAL_GOVERNMENT),IMD gridded 1deg (REAL_GOVERNMENT),0.506,ERA5-Land via Open-Meteo (REAL_PUBLIC; no IMD soil-moisture grid)
2024-08-08,79.33,27.62,IMD gridded 0.25deg (REAL_GOVERNMENT),IMD gridded 1deg (REAL_GOVERNMENT),0.507,ERA5-Land via Open-Meteo (REAL_PUBLIC; no IMD soil-moisture grid)
2024-08-09,7.14,28.26,IMD gridded 0.25deg (REAL_GOVERNMENT),IMD gridded 1deg (REAL_GOVERNMENT),0.49,ERA5-Land via Open-Meteo (REAL_PUBLIC; no IMD soil-moisture grid)
2024-08-10,8.11,28.22,IMD gridded 0.25deg (REAL_GOVERNMENT),IMD gridded 1deg (REAL_GOVERNMENT),0.482,ERA5-Land via Open-Meteo (REAL_PUBLIC; no IMD soil-moisture grid)
2024-08-11,5.4,28.9,IMD gridded 0.25deg (REAL_GOVERNMENT),IMD gridded 1deg (REAL_GOVERNMENT),0.49,ERA5-Land via Open-Meteo (REAL_PUBLIC; no IMD soil-moisture grid)
2024-08-12,2.53,30.37,IMD gridded 0.25deg (REAL_GOVERNMENT),IMD gridded 1deg (REAL_GOVERNMENT),0.484,ERA5-Land via Open-Meteo (REAL_PUBLIC; no IMD soil-moisture grid)
2024-08-13,0.46,31.64,IMD gridded 0.25deg (REAL_GOVERNMENT),IMD gridded 1deg (REAL_GOVERNMENT),0.471,ERA5-Land via Open-Meteo (REAL_PUBLIC; no IMD soil-moisture grid)
2024-08-14,3.23,31.01,IMD gridded 0.25deg (REAL_GOVERNMENT),IMD gridded 1deg (REAL_GOVERNMENT),0.496,ERA5-Land via Open-Meteo (REAL_PUBLIC; no IMD soil-moisture grid)
2024-08-15,19.58,29.96,IMD gridded 0.25deg (REAL_GOVERNMENT),IMD gridded 1deg (REAL_GOVERNMENT),0.506,ERA5-Land via Open-Meteo (REAL_PUBLIC; no IMD soil-moisture grid)
2024-08-16,6.83,30.4,IMD gridded 0.25deg (REAL_GOVERNMENT),IMD gridded 1deg (REAL_GOVERNMENT),0.505,ERA5-Land via Open-Meteo (REAL_PUBLIC; no IMD soil-moisture grid)
2024-08-17,0.0,30.04,IMD gridded 0.25deg (REAL_GOVERNMENT),IMD gridded 1deg (REAL_GOVERNMENT),0.491,ERA5-Land via Open-Meteo (REAL_PUBLIC; no IMD soil-moisture grid)
2024-08-18,1.6,31.39,IMD gridded 0.25deg (REAL_GOVERNMENT),IMD gridded 1deg (REAL_GOVERNMENT),0.49,ERA5-Land via Open-Meteo (REAL_PUBLIC; no IMD soil-moisture grid)
2024-08-19,0.0,31.57,IMD gridded 0.25deg (REAL_GOVERNMENT),IMD gridded 1deg (REAL_GOVERNMENT),0.499,ERA5-Land via Open-Meteo (REAL_PUBLIC; no IMD soil-moisture grid)
2024-08-20,2.16,31.3,IMD gridded 0.25deg (REAL_GOVERNMENT),IMD gridded 1deg (REAL_GOVERNMENT),0.494,ERA5-Land via Open-Meteo (REAL_PUBLIC; no IMD soil-moisture grid)
2024-08-21,0.0,31.56,IMD gridded 0.25deg (REAL_GOVERNMENT),IMD gridded 1deg (REAL_GOVERNMENT),0.487,ERA5-Land via Open-Meteo (REAL_PUBLIC; no IMD soil-moisture grid)
2024-08-22,8.6,30.76,IMD gridded 0.25deg (REAL_GOVERNMENT),IMD gridded 1deg (REAL_GOVERNMENT),0.511,ERA5-Land via Open-Meteo (REAL_PUBLIC; no IMD soil-moisture grid)
2024-08-23,23.58,30.84,IMD gridded 0.25deg (REAL_GOVERNMENT),IMD gridded 1deg (REAL_GOVERNMENT),0.505,ERA5-Land via Open-Meteo (REAL_PUBLIC; no IMD soil-moisture grid)
2024-08-24,7.19,28.04,IMD gridded 0.25deg (REAL_GOVERNMENT),IMD gridded 1deg (REAL_GOVERNMENT),0.506,ERA5-Land via Open-Meteo (REAL_PUBLIC; no IMD soil-moisture grid)
2024-08-25,8.2,26.79,IMD gridded 0.25deg (REAL_GOVERNMENT),IMD gridded 1deg (REAL_GOVERNMENT),0.51,ERA5-Land via Open-Meteo (REAL_PUBLIC; no IMD soil-moisture grid)
2024-08-26,10.26,29.76,IMD gridded 0.25deg (REAL_GOVERNMENT),IMD gridded 1deg (REAL_GOVERNMENT),0.493,ERA5-Land via Open-Meteo (REAL_PUBLIC; no IMD soil-moisture grid)
2024-08-27,0.64,31.27,IMD gridded 0.25deg (REAL_GOVERNMENT),IMD gridded 1deg (REAL_GOVERNMENT),0.473,ERA5-Land via Open-Meteo (REAL_PUBLIC; no IMD soil-moisture grid)
2024-08-28,0.0,31.9,IMD gridded 0.25deg (REAL_GOVERNMENT),IMD gridded 1deg (REAL_GOVERNMENT),0.456,ERA5-Land via Open-Meteo (REAL_PUBLIC; no IMD soil-moisture grid)
2024-08-29,0.0,31.27,IMD gridded 0.25deg (REAL_GOVERNMENT),IMD gridded 1deg (REAL_GOVERNMENT),0.466,ERA5-Land via Open-Meteo (REAL_PUBLIC; no IMD soil-moisture grid)
2024-08-30,2.58,30.76,IMD gridded 0.25deg (REAL_GOVERNMENT),IMD gridded 1deg (REAL_GOVERNMENT),0.492,ERA5-Land via Open-Meteo (REAL_PUBLIC; no IMD soil-moisture grid)
2024-08-31,2.69,31.43,IMD gridded 0.25deg (REAL_GOVERNMENT),IMD gridded 1deg (REAL_GOVERNMENT),0.489,ERA5-Land via Open-Meteo (REAL_PUBLIC; no IMD soil-moisture grid)
2024-09-01,42.78,31.12,IMD gridded 0.25deg (REAL_GOVERNMENT),IMD gridded 1deg (REAL_GOVERNMENT),0.494,ERA5-Land via Open-Meteo (REAL_PUBLIC; no IMD soil-moisture grid)
2024-09-02,0.12,29.53,IMD gridded 0.25deg (REAL_GOVERNMENT),IMD gridded 1deg (REAL_GOVERNMENT),0.497,ERA5-Land via Open-Meteo (REAL_PUBLIC; no IMD soil-moisture grid)
2024-09-03,10.38,29.84,IMD gridded 0.25deg (REAL_GOVERNMENT),IMD gridded 1deg (REAL_GOVERNMENT),0.488,ERA5-Land via Open-Meteo (REAL_PUBLIC; no IMD soil-moisture grid)
2024-09-04,0.0,31.28,IMD gridded 0.25deg (REAL_GOVERNMENT),IMD gridded 1deg (REAL_GOVERNMENT),0.483,ERA5-Land via Open-Meteo (REAL_PUBLIC; no IMD soil-moisture grid)
2024-09-05,37.37,30.87,IMD gridded 0.25deg (REAL_GOVERNMENT),IMD gridded 1deg (REAL_GOVERNMENT),0.499,ERA5-Land via Open-Meteo (REAL_PUBLIC; no IMD soil-moisture grid)
2024-09-06,34.11,30.67,IMD gridded 0.25deg (REAL_GOVERNMENT),IMD gridded 1deg (REAL_GOVERNMENT),0.499,ERA5-Land via Open-Meteo (REAL_PUBLIC; no IMD soil-moisture grid)
2024-09-07,1.26,31.14,IMD gridded 0.25deg (REAL_GOVERNMENT),IMD gridded 1deg (REAL_GOVERNMENT),0.495,ERA5-Land via Open-Meteo (REAL_PUBLIC; no IMD soil-moisture grid)
2024-09-08,5.76,30.89,IMD gridded 0.25deg (REAL_GOVERNMENT),IMD gridded 1deg (REAL_GOVERNMENT),0.495,ERA5-Land via Open-Meteo (REAL_PUBLIC; no IMD soil-moisture grid)
2024-09-09,2.83,30.87,IMD gridded 0.25deg (REAL_GOVERNMENT),IMD gridded 1deg (REAL_GOVERNMENT),0.5,ERA5-Land via Open-Meteo (REAL_PUBLIC; no IMD soil-moisture grid)
2024-09-10,116.19,27.79,IMD gridded 0.25deg (REAL_GOVERNMENT),IMD gridded 1deg (REAL_GOVERNMENT),0.514,ERA5-Land via Open-Meteo (REAL_PUBLIC; no IMD soil-moisture grid)
2024-09-11,51.43,27.86,IMD gridded 0.25deg (REAL_GOVERNMENT),IMD gridded 1deg (REAL_GOVERNMENT),0.5,ERA5-Land via Open-Meteo (REAL_PUBLIC; no IMD soil-moisture grid)
2024-09-12,0.0,28.48,IMD gridded 0.25deg (REAL_GOVERNMENT),IMD gridded 1deg (REAL_GOVERNMENT),0.484,ERA5-Land via Open-Meteo (REAL_PUBLIC; no IMD soil-moisture grid)
2024-09-13,0.68,29.39,IMD gridded 0.25deg (REAL_GOVERNMENT),IMD gridded 1deg (REAL_GOVERNMENT),0.484,ERA5-Land via Open-Meteo (REAL_PUBLIC; no IMD soil-moisture grid)
2024-09-14,6.34,29.86,IMD gridded 0.25deg (REAL_GOVERNMENT),IMD gridded 1deg (REAL_GOVERNMENT),0.489,ERA5-Land via Open-Meteo (REAL_PUBLIC; no IMD soil-moisture grid)
2024-09-15,1.35,30.09,IMD gridded 0.25deg (REAL_GOVERNMENT),IMD gridded 1deg (REAL_GOVERNMENT),0.47,ERA5-Land via Open-Meteo (REAL_PUBLIC; no IMD soil-moisture grid)
2024-09-16,0.0,30.69,IMD gridded 0.25deg (REAL_GOVERNMENT),IMD gridded 1deg (REAL_GOVERNMENT),0.457,ERA5-Land via Open-Meteo (REAL_PUBLIC; no IMD soil-moisture grid)
2024-09-17,15.38,28.34,IMD gridded 0.25deg (REAL_GOVERNMENT),IMD gridded 1deg (REAL_GOVERNMENT),0.46,ERA5-Land via Open-Meteo (REAL_PUBLIC; no IMD soil-moisture grid)
2024-09-18,1.71,28.81,IMD gridded 0.25deg (REAL_GOVERNMENT),IMD gridded 1deg (REAL_GOVERNMENT),0.45,ERA5-Land via Open-Meteo (REAL_PUBLIC; no IMD soil-moisture grid)
2024-09-19,0.0,31.27,IMD gridded 0.25deg (REAL_GOVERNMENT),IMD gridded 1deg (REAL_GOVERNMENT),0.434,ERA5-Land via Open-Meteo (REAL_PUBLIC; no IMD soil-moisture grid)
2024-09-20,0.0,32.86,IMD gridded 0.25deg (REAL_GOVERNMENT),IMD gridded 1deg (REAL_GOVERNMENT),0.441,ERA5-Land via Open-Meteo (REAL_PUBLIC; no IMD soil-moisture grid)
2024-09-21,0.0,33.65,IMD gridded 0.25deg (REAL_GOVERNMENT),IMD gridded 1deg (REAL_GOVERNMENT),0.45,ERA5-Land via Open-Meteo (REAL_PUBLIC; no IMD soil-moisture grid)
2024-09-22,0.0,32.71,IMD gridded 0.25deg (REAL_GOVERNMENT),IMD gridded 1deg (REAL_GOVERNMENT),0.426,ERA5-Land via Open-Meteo (REAL_PUBLIC; no IMD soil-moisture grid)
2024-09-23,0.0,32.47,IMD gridded 0.25deg (REAL_GOVERNMENT),IMD gridded 1deg (REAL_GOVERNMENT),0.452,ERA5-Land via Open-Meteo (REAL_PUBLIC; no IMD soil-moisture grid)
2024-09-24,0.0,31.21,IMD gridded 0.25deg (REAL_GOVERNMENT),IMD gridded 1deg (REAL_GOVERNMENT),0.465,ERA5-Land via Open-Meteo (REAL_PUBLIC; no IMD soil-moisture grid)
2024-09-25,1.04,30.05,IMD gridded 0.25deg (REAL_GOVERNMENT),IMD gridded 1deg (REAL_GOVERNMENT),0.495,ERA5-Land via Open-Meteo (REAL_PUBLIC; no IMD soil-moisture grid)
2024-09-26,7.65,29.77,IMD gridded 0.25deg (REAL_GOVERNMENT),IMD gridded 1deg (REAL_GOVERNMENT),0.505,ERA5-Land via Open-Meteo (REAL_PUBLIC; no IMD soil-moisture grid)
2024-09-27,27.5,29.52,IMD gridded 0.25deg (REAL_GOVERNMENT),IMD gridded 1deg (REAL_GOVERNMENT),0.505,ERA5-Land via Open-Meteo (REAL_PUBLIC; no IMD soil-moisture grid)
2024-09-28,0.82,30.3,IMD gridded 0.25deg (REAL_GOVERNMENT),IMD gridded 1deg (REAL_GOVERNMENT),0.477,ERA5-Land via Open-Meteo (REAL_PUBLIC; no IMD soil-moisture grid)
2024-09-29,0.0,31.95,IMD gridded 0.25deg (REAL_GOVERNMENT),IMD gridded 1deg (REAL_GOVERNMENT),0.461,ERA5-Land via Open-Meteo (REAL_PUBLIC; no IMD soil-moisture grid)
2024-09-30,0.0,32.31,IMD gridded 0.25deg (REAL_GOVERNMENT),IMD gridded 1deg (REAL_GOVERNMENT),0.449,ERA5-Land via Open-Meteo (REAL_PUBLIC; no IMD soil-moisture grid)
2024-10-01,0.0,32.46,IMD gridded 0.25deg (REAL_GOVERNMENT),IMD gridded 1deg (REAL_GOVERNMENT),0.448,ERA5-Land via Open-Meteo (REAL_PUBLIC; no IMD soil-moisture grid)
2024-10-02,0.0,33.74,IMD gridded 0.25deg (REAL_GOVERNMENT),IMD gridded 1deg (REAL_GOVERNMENT),0.429,ERA5-Land via Open-Meteo (REAL_PUBLIC; no IMD soil-moisture grid)
2024-10-03,0.0,33.37,IMD gridded 0.25deg (REAL_GOVERNMENT),IMD gridded 1deg (REAL_GOVERNMENT),0.409,ERA5-Land via Open-Meteo (REAL_PUBLIC; no IMD soil-moisture grid)
2024-10-04,0.0,33.09,IMD gridded 0.25deg (REAL_GOVERNMENT),IMD gridded 1deg (REAL_GOVERNMENT),0.393,ERA5-Land via Open-Meteo (REAL_PUBLIC; no IMD soil-moisture grid)
2024-10-05,0.0,32.91,IMD gridded 0.25deg (REAL_GOVERNMENT),IMD gridded 1deg (REAL_GOVERNMENT),0.374,ERA5-Land via Open-Meteo (REAL_PUBLIC; no IMD soil-moisture grid)
2024-10-06,0.0,33.31,IMD gridded 0.25deg (REAL_GOVERNMENT),IMD gridded 1deg (REAL_GOVERNMENT),0.359,ERA5-Land via Open-Meteo (REAL_PUBLIC; no IMD soil-moisture grid)
2024-10-07,0.0,33.02,IMD gridded 0.25deg (REAL_GOVERNMENT),IMD gridded 1deg (REAL_GOVERNMENT),0.345,ERA5-Land via Open-Meteo (REAL_PUBLIC; no IMD soil-moisture grid)
2024-10-08,0.0,32.4,IMD gridded 0.25deg (REAL_GOVERNMENT),IMD gridded 1deg (REAL_GOVERNMENT),0.335,ERA5-Land via Open-Meteo (REAL_PUBLIC; no IMD soil-moisture grid)
2024-10-09,0.0,31.97,IMD gridded 0.25deg (REAL_GOVERNMENT),IMD gridded 1deg (REAL_GOVERNMENT),0.358,ERA5-Land via Open-Meteo (REAL_PUBLIC; no IMD soil-moisture grid)
2024-10-10,0.0,31.53,IMD gridded 0.25deg (REAL_GOVERNMENT),IMD gridded 1deg (REAL_GOVERNMENT),0.336,ERA5-Land via Open-Meteo (REAL_PUBLIC; no IMD soil-moisture grid)
2024-10-11,0.0,31.26,IMD gridded 0.25deg (REAL_GOVERNMENT),IMD gridded 1deg (REAL_GOVERNMENT),0.326,ERA5-Land via Open-Meteo (REAL_PUBLIC; no IMD soil-moisture grid)
2024-10-12,0.0,30.83,IMD gridded 0.25deg (REAL_GOVERNMENT),IMD gridded 1deg (REAL_GOVERNMENT),0.338,ERA5-Land via Open-Meteo (REAL_PUBLIC; no IMD soil-moisture grid)
2024-10-13,0.0,31.56,IMD gridded 0.25deg (REAL_GOVERNMENT),IMD gridded 1deg (REAL_GOVERNMENT),0.384,ERA5-Land via Open-Meteo (REAL_PUBLIC; no IMD soil-moisture grid)
2024-10-14,0.76,31.72,IMD gridded 0.25deg (REAL_GOVERNMENT),IMD gridded 1deg (REAL_GOVERNMENT),0.369,ERA5-Land via Open-Meteo (REAL_PUBLIC; no IMD soil-moisture grid)
2024-10-15,0.0,32.0,IMD gridded 0.25deg (REAL_GOVERNMENT),IMD gridded 1deg (REAL_GOVERNMENT),0.351,ERA5-Land via Open-Meteo (REAL_PUBLIC; no IMD soil-moisture grid)
2024-10-16,0.0,31.94,IMD gridded 0.25deg (REAL_GOVERNMENT),IMD gridded 1deg (REAL_GOVERNMENT),0.337,ERA5-Land via Open-Meteo (REAL_PUBLIC; no IMD soil-moisture grid)
2024-10-17,0.0,31.82,IMD gridded 0.25deg (REAL_GOVERNMENT),IMD gridded 1deg (REAL_GOVERNMENT),0.333,ERA5-Land via Open-Meteo (REAL_PUBLIC; no IMD soil-moisture grid)
2024-10-18,0.0,31.88,IMD gridded 0.25deg (REAL_GOVERNMENT),IMD gridded 1deg (REAL_GOVERNMENT),0.321,ERA5-Land via Open-Meteo (REAL_PUBLIC; no IMD soil-moisture grid)
2024-10-19,0.0,31.84,IMD gridded 0.25deg (REAL_GOVERNMENT),IMD gridded 1deg (REAL_GOVERNMENT),0.342,ERA5-Land via Open-Meteo (REAL_PUBLIC; no IMD soil-moisture grid)
2024-10-20,0.0,28.37,IMD gridded 0.25deg (REAL_GOVERNMENT),IMD gridded 1deg (REAL_GOVERNMENT),0.303,ERA5-Land via Open-Meteo (REAL_PUBLIC; no IMD soil-moisture grid)
2024-10-21,0.0,31.21,IMD gridded 0.25deg (REAL_GOVERNMENT),IMD gridded 1deg (REAL_GOVERNMENT),0.298,ERA5-Land via Open-Meteo (REAL_PUBLIC; no IMD soil-moisture grid)
2024-10-22,0.0,31.59,IMD gridded 0.25deg (REAL_GOVERNMENT),IMD gridded 1deg (REAL_GOVERNMENT),0.29,ERA5-Land via Open-Meteo (REAL_PUBLIC; no IMD soil-moisture grid)
2024-10-23,0.0,31.15,IMD gridded 0.25deg (REAL_GOVERNMENT),IMD gridded 1deg (REAL_GOVERNMENT),0.288,ERA5-Land via Open-Meteo (REAL_PUBLIC; no IMD soil-moisture grid)
2024-10-24,0.0,30.25,IMD gridded 0.25deg (REAL_GOVERNMENT),IMD gridded 1deg (REAL_GOVERNMENT),0.286,ERA5-Land via Open-Meteo (REAL_PUBLIC; no IMD soil-moisture grid)
2024-10-25,0.0,30.95,IMD gridded 0.25deg (REAL_GOVERNMENT),IMD gridded 1deg (REAL_GOVERNMENT),0.283,ERA5-Land via Open-Meteo (REAL_PUBLIC; no IMD soil-moisture grid)
2024-10-26,0.0,31.13,IMD gridded 0.25deg (REAL_GOVERNMENT),IMD gridded 1deg (REAL_GOVERNMENT),0.278,ERA5-Land via Open-Meteo (REAL_PUBLIC; no IMD soil-moisture grid)
2024-10-27,0.0,30.57,IMD gridded 0.25deg (REAL_GOVERNMENT),IMD gridded 1deg (REAL_GOVERNMENT),0.272,ERA5-Land via Open-Meteo (REAL_PUBLIC; no IMD soil-moisture grid)
2024-10-28,0.0,31.18,IMD gridded 0.25deg (REAL_GOVERNMENT),IMD gridded 1deg (REAL_GOVERNMENT),0.266,ERA5-Land via Open-Meteo (REAL_PUBLIC; no IMD soil-moisture grid)
2024-10-29,0.0,32.32,IMD gridded 0.25deg (REAL_GOVERNMENT),IMD gridded 1deg (REAL_GOVERNMENT),0.259,ERA5-Land via Open-Meteo (REAL_PUBLIC; no IMD soil-moisture grid)
2024-10-30,0.0,32.68,IMD gridded 0.25deg (REAL_GOVERNMENT),IMD gridded 1deg (REAL_GOVERNMENT),0.256,ERA5-Land via Open-Meteo (REAL_PUBLIC; no IMD soil-moisture grid)
2024-10-31,0.0,33.3,IMD gridded 0.25deg (REAL_GOVERNMENT),IMD gridded 1deg (REAL_GOVERNMENT),0.254,ERA5-Land via Open-Meteo (REAL_PUBLIC; no IMD soil-moisture grid)
2024-11-01,0.0,33.05,IMD gridded 0.25deg (REAL_GOVERNMENT),IMD gridded 1deg (REAL_GOVERNMENT),0.254,ERA5-Land via Open-Meteo (REAL_PUBLIC; no IMD soil-moisture grid)
2024-11-02,0.0,32.92,IMD gridded 0.25deg (REAL_GOVERNMENT),IMD gridded 1deg (REAL_GOVERNMENT),0.258,ERA5-Land via Open-Meteo (REAL_PUBLIC; no IMD soil-moisture grid)
2024-11-03,0.0,32.19,IMD gridded 0.25deg (REAL_GOVERNMENT),IMD gridded 1deg (REAL_GOVERNMENT),0.261,ERA5-Land via Open-Meteo (REAL_PUBLIC; no IMD soil-moisture grid)
2024-11-04,0.0,31.67,IMD gridded 0.25deg (REAL_GOVERNMENT),IMD gridded 1deg (REAL_GOVERNMENT),0.264,ERA5-Land via Open-Meteo (REAL_PUBLIC; no IMD soil-moisture grid)
2024-11-05,0.0,31.65,IMD gridded 0.25deg (REAL_GOVERNMENT),IMD gridded 1deg (REAL_GOVERNMENT),0.268,ERA5-Land via Open-Meteo (REAL_PUBLIC; no IMD soil-moisture grid)
2024-11-06,0.0,30.85,IMD gridded 0.25deg (REAL_GOVERNMENT),IMD gridded 1deg (REAL_GOVERNMENT),0.271,ERA5-Land via Open-Meteo (REAL_PUBLIC; no IMD soil-moisture grid)
2024-11-07,0.0,30.8,IMD gridded 0.25deg (REAL_GOVERNMENT),IMD gridded 1deg (REAL_GOVERNMENT),0.27,ERA5-Land via Open-Meteo (REAL_PUBLIC; no IMD soil-moisture grid)
2024-11-08,0.0,30.5,IMD gridded 0.25deg (REAL_GOVERNMENT),IMD gridded 1deg (REAL_GOVERNMENT),0.268,ERA5-Land via Open-Meteo (REAL_PUBLIC; no IMD soil-moisture grid)
2024-11-09,0.0,30.33,IMD gridded 0.25deg (REAL_GOVERNMENT),IMD gridded 1deg (REAL_GOVERNMENT),0.267,ERA5-Land via Open-Meteo (REAL_PUBLIC; no IMD soil-moisture grid)
2024-11-10,0.0,30.14,IMD gridded 0.25deg (REAL_GOVERNMENT),IMD gridded 1deg (REAL_GOVERNMENT),0.267,ERA5-Land via Open-Meteo (REAL_PUBLIC; no IMD soil-moisture grid)
2024-11-11,0.0,30.24,IMD gridded 0.25deg (REAL_GOVERNMENT),IMD gridded 1deg (REAL_GOVERNMENT),0.266,ERA5-Land via Open-Meteo (REAL_PUBLIC; no IMD soil-moisture grid)
2024-11-12,0.0,30.04,IMD gridded 0.25deg (REAL_GOVERNMENT),IMD gridded 1deg (REAL_GOVERNMENT),0.276,ERA5-Land via Open-Meteo (REAL_PUBLIC; no IMD soil-moisture grid)
2024-11-13,0.0,29.7,IMD gridded 0.25deg (REAL_GOVERNMENT),IMD gridded 1deg (REAL_GOVERNMENT),0.313,ERA5-Land via Open-Meteo (REAL_PUBLIC; no IMD soil-moisture grid)
2024-11-14,0.0,29.84,IMD gridded 0.25deg (REAL_GOVERNMENT),IMD gridded 1deg (REAL_GOVERNMENT),0.313,ERA5-Land via Open-Meteo (REAL_PUBLIC; no IMD soil-moisture grid)
2024-11-15,0.0,29.7,IMD gridded 0.25deg (REAL_GOVERNMENT),IMD gridded 1deg (REAL_GOVERNMENT),0.3,ERA5-Land via Open-Meteo (REAL_PUBLIC; no IMD soil-moisture grid)
2024-11-16,0.0,29.45,IMD gridded 0.25deg (REAL_GOVERNMENT),IMD gridded 1deg (REAL_GOVERNMENT),0.289,ERA5-Land via Open-Meteo (REAL_PUBLIC; no IMD soil-moisture grid)
2024-11-17,0.0,29.26,IMD gridded 0.25deg (REAL_GOVERNMENT),IMD gridded 1deg (REAL_GOVERNMENT),0.283,ERA5-Land via Open-Meteo (REAL_PUBLIC; no IMD soil-moisture grid)
2024-11-18,0.0,28.83,IMD gridded 0.25deg (REAL_GOVERNMENT),IMD gridded 1deg (REAL_GOVERNMENT),0.278,ERA5-Land via Open-Meteo (REAL_PUBLIC; no IMD soil-moisture grid)
2024-11-19,0.0,28.13,IMD gridded 0.25deg (REAL_GOVERNMENT),IMD gridded 1deg (REAL_GOVERNMENT),0.27,ERA5-Land via Open-Meteo (REAL_PUBLIC; no IMD soil-moisture grid)
2024-11-20,0.0,27.41,IMD gridded 0.25deg (REAL_GOVERNMENT),IMD gridded 1deg (REAL_GOVERNMENT),0.27,ERA5-Land via Open-Meteo (REAL_PUBLIC; no IMD soil-moisture grid)
2024-11-21,0.0,26.8,IMD gridded 0.25deg (REAL_GOVERNMENT),IMD gridded 1deg (REAL_GOVERNMENT),0.267,ERA5-Land via Open-Meteo (REAL_PUBLIC; no IMD soil-moisture grid)
2024-11-22,0.0,26.7,IMD gridded 0.25deg (REAL_GOVERNMENT),IMD gridded 1deg (REAL_GOVERNMENT),0.264,ERA5-Land via Open-Meteo (REAL_PUBLIC; no IMD soil-moisture grid)
2024-11-23,0.0,27.27,IMD gridded 0.25deg (REAL_GOVERNMENT),IMD gridded 1deg (REAL_GOVERNMENT),0.26,ERA5-Land via Open-Meteo (REAL_PUBLIC; no IMD soil-moisture grid)
2024-11-24,0.0,27.54,IMD gridded 0.25deg (REAL_GOVERNMENT),IMD gridded 1deg (REAL_GOVERNMENT),0.258,ERA5-Land via Open-Meteo (REAL_PUBLIC; no IMD soil-moisture grid)
2024-11-25,0.0,27.52,IMD gridded 0.25deg (REAL_GOVERNMENT),IMD gridded 1deg (REAL_GOVERNMENT),0.256,ERA5-Land via Open-Meteo (REAL_PUBLIC; no IMD soil-moisture grid)
2024-11-26,0.0,27.63,IMD gridded 0.25deg (REAL_GOVERNMENT),IMD gridded 1deg (REAL_GOVERNMENT),0.255,ERA5-Land via Open-Meteo (REAL_PUBLIC; no IMD soil-moisture grid)
2024-11-27,0.0,27.44,IMD gridded 0.25deg (REAL_GOVERNMENT),IMD gridded 1deg (REAL_GOVERNMENT),0.254,ERA5-Land via Open-Meteo (REAL_PUBLIC; no IMD soil-moisture grid)
2024-11-28,0.0,26.25,IMD gridded 0.25deg (REAL_GOVERNMENT),IMD gridded 1deg (REAL_GOVERNMENT),0.253,ERA5-Land via Open-Meteo (REAL_PUBLIC; no IMD soil-moisture grid)
2024-11-29,0.0,26.49,IMD gridded 0.25deg (REAL_GOVERNMENT),IMD gridded 1deg (REAL_GOVERNMENT),0.252,ERA5-Land via Open-Meteo (REAL_PUBLIC; no IMD soil-moisture grid)
2024-11-30,0.0,27.29,IMD gridded 0.25deg (REAL_GOVERNMENT),IMD gridded 1deg (REAL_GOVERNMENT),0.251,ERA5-Land via Open-Meteo (REAL_PUBLIC; no IMD soil-moisture grid)
2024-12-01,0.0,26.63,IMD gridded 0.25deg (REAL_GOVERNMENT),IMD gridded 1deg (REAL_GOVERNMENT),0.251,ERA5-Land via Open-Meteo (REAL_PUBLIC; no IMD soil-moisture grid)
2024-12-02,0.0,27.9,IMD gridded 0.25deg (REAL_GOVERNMENT),IMD gridded 1deg (REAL_GOVERNMENT),0.251,ERA5-Land via Open-Meteo (REAL_PUBLIC; no IMD soil-moisture grid)
2024-12-03,0.0,28.59,IMD gridded 0.25deg (REAL_GOVERNMENT),IMD gridded 1deg (REAL_GOVERNMENT),0.253,ERA5-Land via Open-Meteo (REAL_PUBLIC; no IMD soil-moisture grid)
2024-12-04,0.0,29.54,IMD gridded 0.25deg (REAL_GOVERNMENT),IMD gridded 1deg (REAL_GOVERNMENT),0.253,ERA5-Land via Open-Meteo (REAL_PUBLIC; no IMD soil-moisture grid)
2024-12-05,0.0,30.54,IMD gridded 0.25deg (REAL_GOVERNMENT),IMD gridded 1deg (REAL_GOVERNMENT),0.252,ERA5-Land via Open-Meteo (REAL_PUBLIC; no IMD soil-moisture grid)
2024-12-06,0.0,29.19,IMD gridded 0.25deg (REAL_GOVERNMENT),IMD gridded 1deg (REAL_GOVERNMENT),0.242,ERA5-Land via Open-Meteo (REAL_PUBLIC; no IMD soil-moisture grid)
2024-12-07,0.0,29.39,IMD gridded 0.25deg (REAL_GOVERNMENT),IMD gridded 1deg (REAL_GOVERNMENT),0.241,ERA5-Land via Open-Meteo (REAL_PUBLIC; no IMD soil-moisture grid)
2024-12-08,0.0,28.83,IMD gridded 0.25deg (REAL_GOVERNMENT),IMD gridded 1deg (REAL_GOVERNMENT),0.242,ERA5-Land via Open-Meteo (REAL_PUBLIC; no IMD soil-moisture grid)
2024-12-09,0.0,26.89,IMD gridded 0.25deg (REAL_GOVERNMENT),IMD gridded 1deg (REAL_GOVERNMENT),0.249,ERA5-Land via Open-Meteo (REAL_PUBLIC; no IMD soil-moisture grid)
2024-12-10,0.0,25.54,IMD gridded 0.25deg (REAL_GOVERNMENT),IMD gridded 1deg (REAL_GOVERNMENT),0.257,ERA5-Land via Open-Meteo (REAL_PUBLIC; no IMD soil-moisture grid)
2024-12-11,0.0,25.82,IMD gridded 0.25deg (REAL_GOVERNMENT),IMD gridded 1deg (REAL_GOVERNMENT),0.258,ERA5-Land via Open-Meteo (REAL_PUBLIC; no IMD soil-moisture grid)
2024-12-12,0.0,26.88,IMD gridded 0.25deg (REAL_GOVERNMENT),IMD gridded 1deg (REAL_GOVERNMENT),0.26,ERA5-Land via Open-Meteo (REAL_PUBLIC; no IMD soil-moisture grid)
2024-12-13,0.0,25.76,IMD gridded 0.25deg (REAL_GOVERNMENT),IMD gridded 1deg (REAL_GOVERNMENT),0.259,ERA5-Land via Open-Meteo (REAL_PUBLIC; no IMD soil-moisture grid)
2024-12-14,0.0,25.87,IMD gridded 0.25deg (REAL_GOVERNMENT),IMD gridded 1deg (REAL_GOVERNMENT),0.259,ERA5-Land via Open-Meteo (REAL_PUBLIC; no IMD soil-moisture grid)
2024-12-15,0.0,27.0,IMD gridded 0.25deg (REAL_GOVERNMENT),IMD gridded 1deg (REAL_GOVERNMENT),0.255,ERA5-Land via Open-Meteo (REAL_PUBLIC; no IMD soil-moisture grid)
2024-12-16,0.0,27.26,IMD gridded 0.25deg (REAL_GOVERNMENT),IMD gridded 1deg (REAL_GOVERNMENT),0.246,ERA5-Land via Open-Meteo (REAL_PUBLIC; no IMD soil-moisture grid)
2024-12-17,0.0,28.06,IMD gridded 0.25deg (REAL_GOVERNMENT),IMD gridded 1deg (REAL_GOVERNMENT),0.246,ERA5-Land via Open-Meteo (REAL_PUBLIC; no IMD soil-moisture grid)
2024-12-18,0.0,27.74,IMD gridded 0.25deg (REAL_GOVERNMENT),IMD gridded 1deg (REAL_GOVERNMENT),0.248,ERA5-Land via Open-Meteo (REAL_PUBLIC; no IMD soil-moisture grid)
2024-12-19,0.0,28.62,IMD gridded 0.25deg (REAL_GOVERNMENT),IMD gridded 1deg (REAL_GOVERNMENT),0.242,ERA5-Land via Open-Meteo (REAL_PUBLIC; no IMD soil-moisture grid)
2024-12-20,0.0,28.97,IMD gridded 0.25deg (REAL_GOVERNMENT),IMD gridded 1deg (REAL_GOVERNMENT),0.242,ERA5-Land via Open-Meteo (REAL_PUBLIC; no IMD soil-moisture grid)
2024-12-21,0.0,27.15,IMD gridded 0.25deg (REAL_GOVERNMENT),IMD gridded 1deg (REAL_GOVERNMENT),0.244,ERA5-Land via Open-Meteo (REAL_PUBLIC; no IMD soil-moisture grid)
2024-12-22,0.0,26.7,IMD gridded 0.25deg (REAL_GOVERNMENT),IMD gridded 1deg (REAL_GOVERNMENT),0.248,ERA5-Land via Open-Meteo (REAL_PUBLIC; no IMD soil-moisture grid)
2024-12-23,0.0,27.43,IMD gridded 0.25deg (REAL_GOVERNMENT),IMD gridded 1deg (REAL_GOVERNMENT),0.26,ERA5-Land via Open-Meteo (REAL_PUBLIC; no IMD soil-moisture grid)
2024-12-24,0.0,28.11,IMD gridded 0.25deg (REAL_GOVERNMENT),IMD gridded 1deg (REAL_GOVERNMENT),0.27,ERA5-Land via Open-Meteo (REAL_PUBLIC; no IMD soil-moisture grid)
2024-12-25,0.0,28.14,IMD gridded 0.25deg (REAL_GOVERNMENT),IMD gridded 1deg (REAL_GOVERNMENT),0.28,ERA5-Land via Open-Meteo (REAL_PUBLIC; no IMD soil-moisture grid)
2024-12-26,0.0,28.65,IMD gridded 0.25deg (REAL_GOVERNMENT),IMD gridded 1deg (REAL_GOVERNMENT),0.285,ERA5-Land via Open-Meteo (REAL_PUBLIC; no IMD soil-moisture grid)
2024-12-27,0.0,28.04,IMD gridded 0.25deg (REAL_GOVERNMENT),IMD gridded 1deg (REAL_GOVERNMENT),0.297,ERA5-Land via Open-Meteo (REAL_PUBLIC; no IMD soil-moisture grid)
2024-12-28,0.0,25.74,IMD gridded 0.25deg (REAL_GOVERNMENT),IMD gridded 1deg (REAL_GOVERNMENT),0.324,ERA5-Land via Open-Meteo (REAL_PUBLIC; no IMD soil-moisture grid)
2024-12-29,2.33,25.8,IMD gridded 0.25deg (REAL_GOVERNMENT),IMD gridded 1deg (REAL_GOVERNMENT),0.356,ERA5-Land via Open-Meteo (REAL_PUBLIC; no IMD soil-moisture grid)
2024-12-30,0.0,25.59,IMD gridded 0.25deg (REAL_GOVERNMENT),IMD gridded 1deg (REAL_GOVERNMENT),0.348,ERA5-Land via Open-Meteo (REAL_PUBLIC; no IMD soil-moisture grid)
2024-12-31,0.0,25.65,IMD gridded 0.25deg (REAL_GOVERNMENT),IMD gridded 1deg (REAL_GOVERNMENT),0.341,ERA5-Land via Open-Meteo (REAL_PUBLIC; no IMD soil-moisture grid)
2025-01-01,0.0,25.41,IMD gridded 0.25deg (REAL_GOVERNMENT),IMD gridded 1deg (REAL_GOVERNMENT),0.336,ERA5-Land via Open-Meteo (REAL_PUBLIC; no IMD soil-moisture grid)
2025-01-02,0.0,27.51,IMD gridded 0.25deg (REAL_GOVERNMENT),IMD gridded 1deg (REAL_GOVERNMENT),0.329,ERA5-Land via Open-Meteo (REAL_PUBLIC; no IMD soil-moisture grid)
2025-01-03,0.0,28.01,IMD gridded 0.25deg (REAL_GOVERNMENT),IMD gridded 1deg (REAL_GOVERNMENT),0.315,ERA5-Land via Open-Meteo (REAL_PUBLIC; no IMD soil-moisture grid)
2025-01-04,0.0,28.49,IMD gridded 0.25deg (REAL_GOVERNMENT),IMD gridded 1deg (REAL_GOVERNMENT),0.297,ERA5-Land via Open-Meteo (REAL_PUBLIC; no IMD soil-moisture grid)
2025-01-05,0.0,27.23,IMD gridded 0.25deg (REAL_GOVERNMENT),IMD gridded 1deg (REAL_GOVERNMENT),0.282,ERA5-Land via Open-Meteo (REAL_PUBLIC; no IMD soil-moisture grid)
2025-01-06,0.0,28.19,IMD gridded 0.25deg (REAL_GOVERNMENT),IMD gridded 1deg (REAL_GOVERNMENT),0.275,ERA5-Land via Open-Meteo (REAL_PUBLIC; no IMD soil-moisture grid)
2025-01-07,0.0,25.06,IMD gridded 0.25deg (REAL_GOVERNMENT),IMD gridded 1deg (REAL_GOVERNMENT),0.279,ERA5-Land via Open-Meteo (REAL_PUBLIC; no IMD soil-moisture grid)
2025-01-08,0.0,24.94,IMD gridded 0.25deg (REAL_GOVERNMENT),IMD gridded 1deg (REAL_GOVERNMENT),0.273,ERA5-Land via Open-Meteo (REAL_PUBLIC; no IMD soil-moisture grid)
2025-01-09,0.0,26.26,IMD gridded 0.25deg (REAL_GOVERNMENT),IMD gridded 1deg (REAL_GOVERNMENT),0.263,ERA5-Land via Open-Meteo (REAL_PUBLIC; no IMD soil-moisture grid)
2025-01-10,0.0,26.98,IMD gridded 0.25deg (REAL_GOVERNMENT),IMD gridded 1deg (REAL_GOVERNMENT),0.271,ERA5-Land via Open-Meteo (REAL_PUBLIC; no IMD soil-moisture grid)
2025-01-11,0.0,27.45,IMD gridded 0.25deg (REAL_GOVERNMENT),IMD gridded 1deg (REAL_GOVERNMENT),0.264,ERA5-Land via Open-Meteo (REAL_PUBLIC; no IMD soil-moisture grid)
2025-01-12,0.0,24.6,IMD gridded 0.25deg (REAL_GOVERNMENT),IMD gridded 1deg (REAL_GOVERNMENT),0.279,ERA5-Land via Open-Meteo (REAL_PUBLIC; no IMD soil-moisture grid)
2025-01-13,0.0,22.9,IMD gridded 0.25deg (REAL_GOVERNMENT),IMD gridded 1deg (REAL_GOVERNMENT),0.283,ERA5-Land via Open-Meteo (REAL_PUBLIC; no IMD soil-moisture grid)
2025-01-14,0.0,25.06,IMD gridded 0.25deg (REAL_GOVERNMENT),IMD gridded 1deg (REAL_GOVERNMENT),0.301,ERA5-Land via Open-Meteo (REAL_PUBLIC; no IMD soil-moisture grid)
2025-01-15,0.0,26.0,IMD gridded 0.25deg (REAL_GOVERNMENT),IMD gridded 1deg (REAL_GOVERNMENT),0.316,ERA5-Land via Open-Meteo (REAL_PUBLIC; no IMD soil-moisture grid)
2025-01-16,0.0,26.64,IMD gridded 0.25deg (REAL_GOVERNMENT),IMD gridded 1deg (REAL_GOVERNMENT),0.33,ERA5-Land via Open-Meteo (REAL_PUBLIC; no IMD soil-moisture grid)
2025-01-17,0.0,25.57,IMD gridded 0.25deg (REAL_GOVERNMENT),IMD gridded 1deg (REAL_GOVERNMENT),0.334,ERA5-Land via Open-Meteo (REAL_PUBLIC; no IMD soil-moisture grid)
2025-01-18,0.0,27.15,IMD gridded 0.25deg (REAL_GOVERNMENT),IMD gridded 1deg (REAL_GOVERNMENT),0.322,ERA5-Land via Open-Meteo (REAL_PUBLIC; no IMD soil-moisture grid)
2025-01-19,0.0,28.09,IMD gridded 0.25deg (REAL_GOVERNMENT),IMD gridded 1deg (REAL_GOVERNMENT),0.303,ERA5-Land via Open-Meteo (REAL_PUBLIC; no IMD soil-moisture grid)
2025-01-20,0.0,29.04,IMD gridded 0.25deg (REAL_GOVERNMENT),IMD gridded 1deg (REAL_GOVERNMENT),0.294,ERA5-Land via Open-Meteo (REAL_PUBLIC; no IMD soil-moisture grid)
2025-01-21,0.0,29.33,IMD gridded 0.25deg (REAL_GOVERNMENT),IMD gridded 1deg (REAL_GOVERNMENT),0.282,ERA5-Land via Open-Meteo (REAL_PUBLIC; no IMD soil-moisture grid)
2025-01-22,0.0,30.83,IMD gridded 0.25deg (REAL_GOVERNMENT),IMD gridded 1deg (REAL_GOVERNMENT),0.284,ERA5-Land via Open-Meteo (REAL_PUBLIC; no IMD soil-moisture grid)
2025-01-23,0.0,30.1,IMD gridded 0.25deg (REAL_GOVERNMENT),IMD gridded 1deg (REAL_GOVERNMENT),0.276,ERA5-Land via Open-Meteo (REAL_PUBLIC; no IMD soil-moisture grid)
2025-01-24,0.0,29.76,IMD gridded 0.25deg (REAL_GOVERNMENT),IMD gridded 1deg (REAL_GOVERNMENT),0.274,ERA5-Land via Open-Meteo (REAL_PUBLIC; no IMD soil-moisture grid)
2025-01-25,0.0,29.46,IMD gridded 0.25deg (REAL_GOVERNMENT),IMD gridded 1deg (REAL_GOVERNMENT),0.267,ERA5-Land via Open-Meteo (REAL_PUBLIC; no IMD soil-moisture grid)
2025-01-26,0.0,29.54,IMD gridded 0.25deg (REAL_GOVERNMENT),IMD gridded 1deg (REAL_GOVERNMENT),0.267,ERA5-Land via Open-Meteo (REAL_PUBLIC; no IMD soil-moisture grid)
2025-01-27,0.0,30.06,IMD gridded 0.25deg (REAL_GOVERNMENT),IMD gridded 1deg (REAL_GOVERNMENT),0.263,ERA5-Land via Open-Meteo (REAL_PUBLIC; no IMD soil-moisture grid)
2025-01-28,0.0,30.83,IMD gridded 0.25deg (REAL_GOVERNMENT),IMD gridded 1deg (REAL_GOVERNMENT),0.26,ERA5-Land via Open-Meteo (REAL_PUBLIC; no IMD soil-moisture grid)
2025-01-29,0.0,31.42,IMD gridded 0.25deg (REAL_GOVERNMENT),IMD gridded 1deg (REAL_GOVERNMENT),0.258,ERA5-Land via Open-Meteo (REAL_PUBLIC; no IMD soil-moisture grid)
2025-01-30,0.0,31.74,IMD gridded 0.25deg (REAL_GOVERNMENT),IMD gridded 1deg (REAL_GOVERNMENT),0.256,ERA5-Land via Open-Meteo (REAL_PUBLIC; no IMD soil-moisture grid)
2025-01-31,0.0,31.66,IMD gridded 0.25deg (REAL_GOVERNMENT),IMD gridded 1deg (REAL_GOVERNMENT),0.255,ERA5-Land via Open-Meteo (REAL_PUBLIC; no IMD soil-moisture grid)
2025-02-01,0.0,31.58,IMD gridded 0.25deg (REAL_GOVERNMENT),IMD gridded 1deg (REAL_GOVERNMENT),0.254,ERA5-Land via Open-Meteo (REAL_PUBLIC; no IMD soil-moisture grid)
2025-02-02,0.0,32.12,IMD gridded 0.25deg (REAL_GOVERNMENT),IMD gridded 1deg (REAL_GOVERNMENT),0.253,ERA5-Land via Open-Meteo (REAL_PUBLIC; no IMD soil-moisture grid)
2025-02-03,0.0,32.68,IMD gridded 0.25deg (REAL_GOVERNMENT),IMD gridded 1deg (REAL_GOVERNMENT),0.252,ERA5-Land via Open-Meteo (REAL_PUBLIC; no IMD soil-moisture grid)
2025-02-04,0.0,33.81,IMD gridded 0.25deg (REAL_GOVERNMENT),IMD gridded 1deg (REAL_GOVERNMENT),0.251,ERA5-Land via Open-Meteo (REAL_PUBLIC; no IMD soil-moisture grid)
2025-02-05,0.0,31.21,IMD gridded 0.25deg (REAL_GOVERNMENT),IMD gridded 1deg (REAL_GOVERNMENT),0.251,ERA5-Land via Open-Meteo (REAL_PUBLIC; no IMD soil-moisture grid)
2025-02-06,0.0,27.13,IMD gridded 0.25deg (REAL_GOVERNMENT),IMD gridded 1deg (REAL_GOVERNMENT),0.251,ERA5-Land via Open-Meteo (REAL_PUBLIC; no IMD soil-moisture grid)
2025-02-07,0.0,28.48,IMD gridded 0.25deg (REAL_GOVERNMENT),IMD gridded 1deg (REAL_GOVERNMENT),0.251,ERA5-Land via Open-Meteo (REAL_PUBLIC; no IMD soil-moisture grid)
2025-02-08,0.0,30.5,IMD gridded 0.25deg (REAL_GOVERNMENT),IMD gridded 1deg (REAL_GOVERNMENT),0.251,ERA5-Land via Open-Meteo (REAL_PUBLIC; no IMD soil-moisture grid)
2025-02-09,0.0,32.33,IMD gridded 0.25deg (REAL_GOVERNMENT),IMD gridded 1deg (REAL_GOVERNMENT),0.25,ERA5-Land via Open-Meteo (REAL_PUBLIC; no IMD soil-moisture grid)
2025-02-10,0.0,32.61,IMD gridded 0.25deg (REAL_GOVERNMENT),IMD gridded 1deg (REAL_GOVERNMENT),0.25,ERA5-Land via Open-Meteo (REAL_PUBLIC; no IMD soil-moisture grid)
2025-02-11,0.0,32.93,IMD gridded 0.25deg (REAL_GOVERNMENT),IMD gridded 1deg (REAL_GOVERNMENT),0.25,ERA5-Land via Open-Meteo (REAL_PUBLIC; no IMD soil-moisture grid)
2025-02-12,0.0,32.69,IMD gridded 0.25deg (REAL_GOVERNMENT),IMD gridded 1deg (REAL_GOVERNMENT),0.25,ERA5-Land via Open-Meteo (REAL_PUBLIC; no IMD soil-moisture grid)
2025-02-13,0.0,29.44,IMD gridded 0.25deg (REAL_GOVERNMENT),IMD gridded 1deg (REAL_GOVERNMENT),0.251,ERA5-Land via Open-Meteo (REAL_PUBLIC; no IMD soil-moisture grid)
2025-02-14,0.0,30.48,IMD gridded 0.25deg (REAL_GOVERNMENT),IMD gridded 1deg (REAL_GOVERNMENT),0.251,ERA5-Land via Open-Meteo (REAL_PUBLIC; no IMD soil-moisture grid)
2025-02-15,0.0,32.95,IMD gridded 0.25deg (REAL_GOVERNMENT),IMD gridded 1deg (REAL_GOVERNMENT),0.25,ERA5-Land via Open-Meteo (REAL_PUBLIC; no IMD soil-moisture grid)
2025-02-16,0.0,33.62,IMD gridded 0.25deg (REAL_GOVERNMENT),IMD gridded 1deg (REAL_GOVERNMENT),0.25,ERA5-Land via Open-Meteo (REAL_PUBLIC; no IMD soil-moisture grid)
2025-02-17,0.0,33.22,IMD gridded 0.25deg (REAL_GOVERNMENT),IMD gridded 1deg (REAL_GOVERNMENT),0.25,ERA5-Land via Open-Meteo (REAL_PUBLIC; no IMD soil-moisture grid)
2025-02-18,0.0,33.46,IMD gridded 0.25deg (REAL_GOVERNMENT),IMD gridded 1deg (REAL_GOVERNMENT),0.25,ERA5-Land via Open-Meteo (REAL_PUBLIC; no IMD soil-moisture grid)
2025-02-19,0.0,32.39,IMD gridded 0.25deg (REAL_GOVERNMENT),IMD gridded 1deg (REAL_GOVERNMENT),0.25,ERA5-Land via Open-Meteo (REAL_PUBLIC; no IMD soil-moisture grid)
2025-02-20,0.0,33.09,IMD gridded 0.25deg (REAL_GOVERNMENT),IMD gridded 1deg (REAL_GOVERNMENT),0.25,ERA5-Land via Open-Meteo (REAL_PUBLIC; no IMD soil-moisture grid)
2025-02-21,0.0,33.24,IMD gridded 0.25deg (REAL_GOVERNMENT),IMD gridded 1deg (REAL_GOVERNMENT),0.25,ERA5-Land via Open-Meteo (REAL_PUBLIC; no IMD soil-moisture grid)
2025-02-22,0.0,31.29,IMD gridded 0.25deg (REAL_GOVERNMENT),IMD gridded 1deg (REAL_GOVERNMENT),0.253,ERA5-Land via Open-Meteo (REAL_PUBLIC; no IMD soil-moisture grid)
2025-02-23,0.0,31.74,IMD gridded 0.25deg (REAL_GOVERNMENT),IMD gridded 1deg (REAL_GOVERNMENT),0.242,ERA5-Land via Open-Meteo (REAL_PUBLIC; no IMD soil-moisture grid)
2025-02-24,0.0,31.76,IMD gridded 0.25deg (REAL_GOVERNMENT),IMD gridded 1deg (REAL_GOVERNMENT),0.25,ERA5-Land via Open-Meteo (REAL_PUBLIC; no IMD soil-moisture grid)
2025-02-25,0.0,31.72,IMD gridded 0.25deg (REAL_GOVERNMENT),IMD gridded 1deg (REAL_GOVERNMENT),0.25,ERA5-Land via Open-Meteo (REAL_PUBLIC; no IMD soil-moisture grid)
2025-02-26,0.0,33.04,IMD gridded 0.25deg (REAL_GOVERNMENT),IMD gridded 1deg (REAL_GOVERNMENT),0.25,ERA5-Land via Open-Meteo (REAL_PUBLIC; no IMD soil-moisture grid)
2025-02-27,0.0,34.1,IMD gridded 0.25deg (REAL_GOVERNMENT),IMD gridded 1deg (REAL_GOVERNMENT),0.25,ERA5-Land via Open-Meteo (REAL_PUBLIC; no IMD soil-moisture grid)
2025-02-28,0.0,34.45,IMD gridded 0.25deg (REAL_GOVERNMENT),IMD gridded 1deg (REAL_GOVERNMENT),0.245,ERA5-Land via Open-Meteo (REAL_PUBLIC; no IMD soil-moisture grid)
2025-03-01,0.0,35.3,IMD gridded 0.25deg (REAL_GOVERNMENT),IMD gridded 1deg (REAL_GOVERNMENT),0.245,ERA5-Land via Open-Meteo (REAL_PUBLIC; no IMD soil-moisture grid)
2025-03-02,0.0,34.91,IMD gridded 0.25deg (REAL_GOVERNMENT),IMD gridded 1deg (REAL_GOVERNMENT),0.25,ERA5-Land via Open-Meteo (REAL_PUBLIC; no IMD soil-moisture grid)
2025-03-03,0.0,34.05,IMD gridded 0.25deg (REAL_GOVERNMENT),IMD gridded 1deg (REAL_GOVERNMENT),0.25,ERA5-Land via Open-Meteo (REAL_PUBLIC; no IMD soil-moisture grid)
2025-03-04,0.0,34.18,IMD gridded 0.25deg (REAL_GOVERNMENT),IMD gridded 1deg (REAL_GOVERNMENT),0.25,ERA5-Land via Open-Meteo (REAL_PUBLIC; no IMD soil-moisture grid)
2025-03-05,0.0,30.68,IMD gridded 0.25deg (REAL_GOVERNMENT),IMD gridded 1deg (REAL_GOVERNMENT),0.25,ERA5-Land via Open-Meteo (REAL_PUBLIC; no IMD soil-moisture grid)
2025-03-06,0.0,31.05,IMD gridded 0.25deg (REAL_GOVERNMENT),IMD gridded 1deg (REAL_GOVERNMENT),0.25,ERA5-Land via Open-Meteo (REAL_PUBLIC; no IMD soil-moisture grid)
2025-03-07,0.0,33.4,IMD gridded 0.25deg (REAL_GOVERNMENT),IMD gridded 1deg (REAL_GOVERNMENT),0.25,ERA5-Land via Open-Meteo (REAL_PUBLIC; no IMD soil-moisture grid)
2025-03-08,0.0,34.89,IMD gridded 0.25deg (REAL_GOVERNMENT),IMD gridded 1deg (REAL_GOVERNMENT),0.252,ERA5-Land via Open-Meteo (REAL_PUBLIC; no IMD soil-moisture grid)
2025-03-09,0.0,34.97,IMD gridded 0.25deg (REAL_GOVERNMENT),IMD gridded 1deg (REAL_GOVERNMENT),0.252,ERA5-Land via Open-Meteo (REAL_PUBLIC; no IMD soil-moisture grid)
2025-03-10,0.0,35.46,IMD gridded 0.25deg (REAL_GOVERNMENT),IMD gridded 1deg (REAL_GOVERNMENT),0.25,ERA5-Land via Open-Meteo (REAL_PUBLIC; no IMD soil-moisture grid)
2025-03-11,0.0,35.38,IMD gridded 0.25deg (REAL_GOVERNMENT),IMD gridded 1deg (REAL_GOVERNMENT),0.25,ERA5-Land via Open-Meteo (REAL_PUBLIC; no IMD soil-moisture grid)
2025-03-12,0.0,37.57,IMD gridded 0.25deg (REAL_GOVERNMENT),IMD gridded 1deg (REAL_GOVERNMENT),0.249,ERA5-Land via Open-Meteo (REAL_PUBLIC; no IMD soil-moisture grid)
2025-03-13,0.0,38.32,IMD gridded 0.25deg (REAL_GOVERNMENT),IMD gridded 1deg (REAL_GOVERNMENT),0.249,ERA5-Land via Open-Meteo (REAL_PUBLIC; no IMD soil-moisture grid)
2025-03-14,0.0,38.19,IMD gridded 0.25deg (REAL_GOVERNMENT),IMD gridded 1deg (REAL_GOVERNMENT),0.249,ERA5-Land via Open-Meteo (REAL_PUBLIC; no IMD soil-moisture grid)
2025-03-15,0.0,38.5,IMD gridded 0.25deg (REAL_GOVERNMENT),IMD gridded 1deg (REAL_GOVERNMENT),0.249,ERA5-Land via Open-Meteo (REAL_PUBLIC; no IMD soil-moisture grid)
2025-03-16,0.0,36.59,IMD gridded 0.25deg (REAL_GOVERNMENT),IMD gridded 1deg (REAL_GOVERNMENT),0.249,ERA5-Land via Open-Meteo (REAL_PUBLIC; no IMD soil-moisture grid)
2025-03-17,0.0,35.0,IMD gridded 0.25deg (REAL_GOVERNMENT),IMD gridded 1deg (REAL_GOVERNMENT),0.264,ERA5-Land via Open-Meteo (REAL_PUBLIC; no IMD soil-moisture grid)
2025-03-18,0.0,35.69,IMD gridded 0.25deg (REAL_GOVERNMENT),IMD gridded 1deg (REAL_GOVERNMENT),0.245,ERA5-Land via Open-Meteo (REAL_PUBLIC; no IMD soil-moisture grid)
2025-03-19,0.0,36.36,IMD gridded 0.25deg (REAL_GOVERNMENT),IMD gridded 1deg (REAL_GOVERNMENT),0.249,ERA5-Land via Open-Meteo (REAL_PUBLIC; no IMD soil-moisture grid)
2025-03-20,0.0,36.03,IMD gridded 0.25deg (REAL_GOVERNMENT),IMD gridded 1deg (REAL_GOVERNMENT),0.249,ERA5-Land via Open-Meteo (REAL_PUBLIC; no IMD soil-moisture grid)
2025-03-21,0.0,34.29,IMD gridded 0.25deg (REAL_GOVERNMENT),IMD gridded 1deg (REAL_GOVERNMENT),0.249,ERA5-Land via Open-Meteo (REAL_PUBLIC; no IMD soil-moisture grid)
2025-03-22,0.0,35.51,IMD gridded 0.25deg (REAL_GOVERNMENT),IMD gridded 1deg (REAL_GOVERNMENT),0.248,ERA5-Land via Open-Meteo (REAL_PUBLIC; no IMD soil-moisture grid)
2025-03-23,0.0,35.99,IMD gridded 0.25deg (REAL_GOVERNMENT),IMD gridded 1deg (REAL_GOVERNMENT),0.259,ERA5-Land via Open-Meteo (REAL_PUBLIC; no IMD soil-moisture grid)
2025-03-24,0.0,35.54,IMD gridded 0.25deg (REAL_GOVERNMENT),IMD gridded 1deg (REAL_GOVERNMENT),0.267,ERA5-Land via Open-Meteo (REAL_PUBLIC; no IMD soil-moisture grid)
2025-03-25,0.0,37.04,IMD gridded 0.25deg (REAL_GOVERNMENT),IMD gridded 1deg (REAL_GOVERNMENT),0.295,ERA5-Land via Open-Meteo (REAL_PUBLIC; no IMD soil-moisture grid)
2025-03-26,0.0,38.51,IMD gridded 0.25deg (REAL_GOVERNMENT),IMD gridded 1deg (REAL_GOVERNMENT),0.297,ERA5-Land via Open-Meteo (REAL_PUBLIC; no IMD soil-moisture grid)
2025-03-27,0.0,39.15,IMD gridded 0.25deg (REAL_GOVERNMENT),IMD gridded 1deg (REAL_GOVERNMENT),0.312,ERA5-Land via Open-Meteo (REAL_PUBLIC; no IMD soil-moisture grid)
2025-03-28,0.0,37.98,IMD gridded 0.25deg (REAL_GOVERNMENT),IMD gridded 1deg (REAL_GOVERNMENT),0.303,ERA5-Land via Open-Meteo (REAL_PUBLIC; no IMD soil-moisture grid)
2025-03-29,0.0,36.45,IMD gridded 0.25deg (REAL_GOVERNMENT),IMD gridded 1deg (REAL_GOVERNMENT),0.288,ERA5-Land via Open-Meteo (REAL_PUBLIC; no IMD soil-moisture grid)
2025-03-30,0.0,37.74,IMD gridded 0.25deg (REAL_GOVERNMENT),IMD gridded 1deg (REAL_GOVERNMENT),0.275,ERA5-Land via Open-Meteo (REAL_PUBLIC; no IMD soil-moisture grid)
2025-03-31,0.0,37.69,IMD gridded 0.25deg (REAL_GOVERNMENT),IMD gridded 1deg (REAL_GOVERNMENT),0.265,ERA5-Land via Open-Meteo (REAL_PUBLIC; no IMD soil-moisture grid)
2025-04-01,0.0,34.33,IMD gridded 0.25deg (REAL_GOVERNMENT),IMD gridded 1deg (REAL_GOVERNMENT),0.28,ERA5-Land via Open-Meteo (REAL_PUBLIC; no IMD soil-moisture grid)
2025-04-02,0.0,32.3,IMD gridded 0.25deg (REAL_GOVERNMENT),IMD gridded 1deg (REAL_GOVERNMENT),0.276,ERA5-Land via Open-Meteo (REAL_PUBLIC; no IMD soil-moisture grid)
2025-04-03,0.0,31.93,IMD gridded 0.25deg (REAL_GOVERNMENT),IMD gridded 1deg (REAL_GOVERNMENT),0.298,ERA5-Land via Open-Meteo (REAL_PUBLIC; no IMD soil-moisture grid)
2025-04-04,0.0,36.25,IMD gridded 0.25deg (REAL_GOVERNMENT),IMD gridded 1deg (REAL_GOVERNMENT),0.292,ERA5-Land via Open-Meteo (REAL_PUBLIC; no IMD soil-moisture grid)
2025-04-05,0.0,38.58,IMD gridded 0.25deg (REAL_GOVERNMENT),IMD gridded 1deg (REAL_GOVERNMENT),0.3,ERA5-Land via Open-Meteo (REAL_PUBLIC; no IMD soil-moisture grid)
2025-04-06,0.0,39.97,IMD gridded 0.25deg (REAL_GOVERNMENT),IMD gridded 1deg (REAL_GOVERNMENT),0.309,ERA5-Land via Open-Meteo (REAL_PUBLIC; no IMD soil-moisture grid)
2025-04-07,0.0,41.06,IMD gridded 0.25deg (REAL_GOVERNMENT),IMD gridded 1deg (REAL_GOVERNMENT),0.308,ERA5-Land via Open-Meteo (REAL_PUBLIC; no IMD soil-moisture grid)
2025-04-08,0.0,40.49,IMD gridded 0.25deg (REAL_GOVERNMENT),IMD gridded 1deg (REAL_GOVERNMENT),0.291,ERA5-Land via Open-Meteo (REAL_PUBLIC; no IMD soil-moisture grid)
2025-04-09,0.0,39.68,IMD gridded 0.25deg (REAL_GOVERNMENT),IMD gridded 1deg (REAL_GOVERNMENT),0.266,ERA5-Land via Open-Meteo (REAL_PUBLIC; no IMD soil-moisture grid)
2025-04-10,0.0,40.38,IMD gridded 0.25deg (REAL_GOVERNMENT),IMD gridded 1deg (REAL_GOVERNMENT),0.272,ERA5-Land via Open-Meteo (REAL_PUBLIC; no IMD soil-moisture grid)
2025-04-11,0.54,40.1,IMD gridded 0.25deg (REAL_GOVERNMENT),IMD gridded 1deg (REAL_GOVERNMENT),0.266,ERA5-Land via Open-Meteo (REAL_PUBLIC; no IMD soil-moisture grid)
2025-04-12,0.0,38.2,IMD gridded 0.25deg (REAL_GOVERNMENT),IMD gridded 1deg (REAL_GOVERNMENT),0.257,ERA5-Land via Open-Meteo (REAL_PUBLIC; no IMD soil-moisture grid)
2025-04-13,0.0,38.28,IMD gridded 0.25deg (REAL_GOVERNMENT),IMD gridded 1deg (REAL_GOVERNMENT),0.254,ERA5-Land via Open-Meteo (REAL_PUBLIC; no IMD soil-moisture grid)
2025-04-14,0.16,38.32,IMD gridded 0.25deg (REAL_GOVERNMENT),IMD gridded 1deg (REAL_GOVERNMENT),0.27,ERA5-Land via Open-Meteo (REAL_PUBLIC; no IMD soil-moisture grid)
2025-04-15,0.0,39.14,IMD gridded 0.25deg (REAL_GOVERNMENT),IMD gridded 1deg (REAL_GOVERNMENT),0.269,ERA5-Land via Open-Meteo (REAL_PUBLIC; no IMD soil-moisture grid)
2025-04-16,0.0,38.88,IMD gridded 0.25deg (REAL_GOVERNMENT),IMD gridded 1deg (REAL_GOVERNMENT),0.281,ERA5-Land via Open-Meteo (REAL_PUBLIC; no IMD soil-moisture grid)
2025-04-17,0.0,39.5,IMD gridded 0.25deg (REAL_GOVERNMENT),IMD gridded 1deg (REAL_GOVERNMENT),0.28,ERA5-Land via Open-Meteo (REAL_PUBLIC; no IMD soil-moisture grid)
2025-04-18,0.0,41.26,IMD gridded 0.25deg (REAL_GOVERNMENT),IMD gridded 1deg (REAL_GOVERNMENT),0.275,ERA5-Land via Open-Meteo (REAL_PUBLIC; no IMD soil-moisture grid)
2025-04-19,0.0,41.22,IMD gridded 0.25deg (REAL_GOVERNMENT),IMD gridded 1deg (REAL_GOVERNMENT),0.272,ERA5-Land via Open-Meteo (REAL_PUBLIC; no IMD soil-moisture grid)
2025-04-20,0.0,40.98,IMD gridded 0.25deg (REAL_GOVERNMENT),IMD gridded 1deg (REAL_GOVERNMENT),0.267,ERA5-Land via Open-Meteo (REAL_PUBLIC; no IMD soil-moisture grid)
2025-04-21,0.0,41.55,IMD gridded 0.25deg (REAL_GOVERNMENT),IMD gridded 1deg (REAL_GOVERNMENT),0.262,ERA5-Land via Open-Meteo (REAL_PUBLIC; no IMD soil-moisture grid)
2025-04-22,0.0,42.41,IMD gridded 0.25deg (REAL_GOVERNMENT),IMD gridded 1deg (REAL_GOVERNMENT),0.257,ERA5-Land via Open-Meteo (REAL_PUBLIC; no IMD soil-moisture grid)
2025-04-23,0.0,42.33,IMD gridded 0.25deg (REAL_GOVERNMENT),IMD gridded 1deg (REAL_GOVERNMENT),0.253,ERA5-Land via Open-Meteo (REAL_PUBLIC; no IMD soil-moisture grid)
2025-04-24,0.0,42.06,IMD gridded 0.25deg (REAL_GOVERNMENT),IMD gridded 1deg (REAL_GOVERNMENT),0.251,ERA5-Land via Open-Meteo (REAL_PUBLIC; no IMD soil-moisture grid)
2025-04-25,0.0,41.97,IMD gridded 0.25deg (REAL_GOVERNMENT),IMD gridded 1deg (REAL_GOVERNMENT),0.251,ERA5-Land via Open-Meteo (REAL_PUBLIC; no IMD soil-moisture grid)
2025-04-26,0.0,39.54,IMD gridded 0.25deg (REAL_GOVERNMENT),IMD gridded 1deg (REAL_GOVERNMENT),0.251,ERA5-Land via Open-Meteo (REAL_PUBLIC; no IMD soil-moisture grid)
2025-04-27,0.0,37.84,IMD gridded 0.25deg (REAL_GOVERNMENT),IMD gridded 1deg (REAL_GOVERNMENT),0.251,ERA5-Land via Open-Meteo (REAL_PUBLIC; no IMD soil-moisture grid)
2025-04-28,2.39,39.49,IMD gridded 0.25deg (REAL_GOVERNMENT),IMD gridded 1deg (REAL_GOVERNMENT),0.25,ERA5-Land via Open-Meteo (REAL_PUBLIC; no IMD soil-moisture grid)
2025-04-29,0.91,40.51,IMD gridded 0.25deg (REAL_GOVERNMENT),IMD gridded 1deg (REAL_GOVERNMENT),0.266,ERA5-Land via Open-Meteo (REAL_PUBLIC; no IMD soil-moisture grid)
2025-04-30,0.26,40.25,IMD gridded 0.25deg (REAL_GOVERNMENT),IMD gridded 1deg (REAL_GOVERNMENT),0.301,ERA5-Land via Open-Meteo (REAL_PUBLIC; no IMD soil-moisture grid)
2025-05-01,0.0,39.24,IMD gridded 0.25deg (REAL_GOVERNMENT),IMD gridded 1deg (REAL_GOVERNMENT),0.32,ERA5-Land via Open-Meteo (REAL_PUBLIC; no IMD soil-moisture grid)
2025-05-02,0.79,39.67,IMD gridded 0.25deg (REAL_GOVERNMENT),IMD gridded 1deg (REAL_GOVERNMENT),0.294,ERA5-Land via Open-Meteo (REAL_PUBLIC; no IMD soil-moisture grid)
2025-05-03,0.0,40.41,IMD gridded 0.25deg (REAL_GOVERNMENT),IMD gridded 1deg (REAL_GOVERNMENT),0.303,ERA5-Land via Open-Meteo (REAL_PUBLIC; no IMD soil-moisture grid)
2025-05-04,4.23,38.5,IMD gridded 0.25deg (REAL_GOVERNMENT),IMD gridded 1deg (REAL_GOVERNMENT),0.319,ERA5-Land via Open-Meteo (REAL_PUBLIC; no IMD soil-moisture grid)
2025-05-05,1.77,37.7,IMD gridded 0.25deg (REAL_GOVERNMENT),IMD gridded 1deg (REAL_GOVERNMENT),0.317,ERA5-Land via Open-Meteo (REAL_PUBLIC; no IMD soil-moisture grid)
2025-05-06,6.13,37.42,IMD gridded 0.25deg (REAL_GOVERNMENT),IMD gridded 1deg (REAL_GOVERNMENT),0.328,ERA5-Land via Open-Meteo (REAL_PUBLIC; no IMD soil-moisture grid)
2025-05-07,0.0,36.35,IMD gridded 0.25deg (REAL_GOVERNMENT),IMD gridded 1deg (REAL_GOVERNMENT),0.331,ERA5-Land via Open-Meteo (REAL_PUBLIC; no IMD soil-moisture grid)
2025-05-08,0.0,35.85,IMD gridded 0.25deg (REAL_GOVERNMENT),IMD gridded 1deg (REAL_GOVERNMENT),0.313,ERA5-Land via Open-Meteo (REAL_PUBLIC; no IMD soil-moisture grid)
2025-05-09,0.0,37.57,IMD gridded 0.25deg (REAL_GOVERNMENT),IMD gridded 1deg (REAL_GOVERNMENT),0.307,ERA5-Land via Open-Meteo (REAL_PUBLIC; no IMD soil-moisture grid)
2025-05-10,0.0,37.15,IMD gridded 0.25deg (REAL_GOVERNMENT),IMD gridded 1deg (REAL_GOVERNMENT),0.304,ERA5-Land via Open-Meteo (REAL_PUBLIC; no IMD soil-moisture grid)
2025-05-11,0.0,37.85,IMD gridded 0.25deg (REAL_GOVERNMENT),IMD gridded 1deg (REAL_GOVERNMENT),0.305,ERA5-Land via Open-Meteo (REAL_PUBLIC; no IMD soil-moisture grid)
2025-05-12,0.0,37.08,IMD gridded 0.25deg (REAL_GOVERNMENT),IMD gridded 1deg (REAL_GOVERNMENT),0.307,ERA5-Land via Open-Meteo (REAL_PUBLIC; no IMD soil-moisture grid)
2025-05-13,0.0,37.49,IMD gridded 0.25deg (REAL_GOVERNMENT),IMD gridded 1deg (REAL_GOVERNMENT),0.316,ERA5-Land via Open-Meteo (REAL_PUBLIC; no IMD soil-moisture grid)
2025-05-14,0.0,38.72,IMD gridded 0.25deg (REAL_GOVERNMENT),IMD gridded 1deg (REAL_GOVERNMENT),0.303,ERA5-Land via Open-Meteo (REAL_PUBLIC; no IMD soil-moisture grid)
2025-05-15,0.0,37.37,IMD gridded 0.25deg (REAL_GOVERNMENT),IMD gridded 1deg (REAL_GOVERNMENT),0.296,ERA5-Land via Open-Meteo (REAL_PUBLIC; no IMD soil-moisture grid)
2025-05-16,0.0,37.78,IMD gridded 0.25deg (REAL_GOVERNMENT),IMD gridded 1deg (REAL_GOVERNMENT),0.302,ERA5-Land via Open-Meteo (REAL_PUBLIC; no IMD soil-moisture grid)
2025-05-17,1.34,38.05,IMD gridded 0.25deg (REAL_GOVERNMENT),IMD gridded 1deg (REAL_GOVERNMENT),0.3,ERA5-Land via Open-Meteo (REAL_PUBLIC; no IMD soil-moisture grid)
2025-05-18,6.12,38.48,IMD gridded 0.25deg (REAL_GOVERNMENT),IMD gridded 1deg (REAL_GOVERNMENT),0.3,ERA5-Land via Open-Meteo (REAL_PUBLIC; no IMD soil-moisture grid)
2025-05-19,0.0,39.18,IMD gridded 0.25deg (REAL_GOVERNMENT),IMD gridded 1deg (REAL_GOVERNMENT),0.291,ERA5-Land via Open-Meteo (REAL_PUBLIC; no IMD soil-moisture grid)
2025-05-20,0.0,39.25,IMD gridded 0.25deg (REAL_GOVERNMENT),IMD gridded 1deg (REAL_GOVERNMENT),0.292,ERA5-Land via Open-Meteo (REAL_PUBLIC; no IMD soil-moisture grid)
2025-05-21,1.32,38.23,IMD gridded 0.25deg (REAL_GOVERNMENT),IMD gridded 1deg (REAL_GOVERNMENT),0.299,ERA5-Land via Open-Meteo (REAL_PUBLIC; no IMD soil-moisture grid)
2025-05-22,5.28,33.11,IMD gridded 0.25deg (REAL_GOVERNMENT),IMD gridded 1deg (REAL_GOVERNMENT),0.303,ERA5-Land via Open-Meteo (REAL_PUBLIC; no IMD soil-moisture grid)
2025-05-23,0.0,34.05,IMD gridded 0.25deg (REAL_GOVERNMENT),IMD gridded 1deg (REAL_GOVERNMENT),0.301,ERA5-Land via Open-Meteo (REAL_PUBLIC; no IMD soil-moisture grid)
2025-05-24,0.0,31.73,IMD gridded 0.25deg (REAL_GOVERNMENT),IMD gridded 1deg (REAL_GOVERNMENT),0.314,ERA5-Land via Open-Meteo (REAL_PUBLIC; no IMD soil-moisture grid)
2025-05-25,0.0,32.94,IMD gridded 0.25deg (REAL_GOVERNMENT),IMD gridded 1deg (REAL_GOVERNMENT),0.483,ERA5-Land via Open-Meteo (REAL_PUBLIC; no IMD soil-moisture grid)
2025-05-26,0.49,35.61,IMD gridded 0.25deg (REAL_GOVERNMENT),IMD gridded 1deg (REAL_GOVERNMENT),0.439,ERA5-Land via Open-Meteo (REAL_PUBLIC; no IMD soil-moisture grid)
2025-05-27,0.46,36.62,IMD gridded 0.25deg (REAL_GOVERNMENT),IMD gridded 1deg (REAL_GOVERNMENT),0.4,ERA5-Land via Open-Meteo (REAL_PUBLIC; no IMD soil-moisture grid)
2025-05-28,0.55,34.03,IMD gridded 0.25deg (REAL_GOVERNMENT),IMD gridded 1deg (REAL_GOVERNMENT),0.383,ERA5-Land via Open-Meteo (REAL_PUBLIC; no IMD soil-moisture grid)
2025-05-29,3.34,36.05,IMD gridded 0.25deg (REAL_GOVERNMENT),IMD gridded 1deg (REAL_GOVERNMENT),0.399,ERA5-Land via Open-Meteo (REAL_PUBLIC; no IMD soil-moisture grid)
2025-05-30,1.6,34.55,IMD gridded 0.25deg (REAL_GOVERNMENT),IMD gridded 1deg (REAL_GOVERNMENT),0.423,ERA5-Land via Open-Meteo (REAL_PUBLIC; no IMD soil-moisture grid)
2025-05-31,4.15,35.56,IMD gridded 0.25deg (REAL_GOVERNMENT),IMD gridded 1deg (REAL_GOVERNMENT),0.445,ERA5-Land via Open-Meteo (REAL_PUBLIC; no IMD soil-moisture grid)
2025-06-01,0.0,35.33,IMD gridded 0.25deg (REAL_GOVERNMENT),IMD gridded 1deg (REAL_GOVERNMENT),0.433,ERA5-Land via Open-Meteo (REAL_PUBLIC; no IMD soil-moisture grid)
2025-06-02,1.77,36.15,IMD gridded 0.25deg (REAL_GOVERNMENT),IMD gridded 1deg (REAL_GOVERNMENT),0.413,ERA5-Land via Open-Meteo (REAL_PUBLIC; no IMD soil-moisture grid)
2025-06-03,0.23,35.03,IMD gridded 0.25deg (REAL_GOVERNMENT),IMD gridded 1deg (REAL_GOVERNMENT),0.402,ERA5-Land via Open-Meteo (REAL_PUBLIC; no IMD soil-moisture grid)
2025-06-04,0.0,35.47,IMD gridded 0.25deg (REAL_GOVERNMENT),IMD gridded 1deg (REAL_GOVERNMENT),0.376,ERA5-Land via Open-Meteo (REAL_PUBLIC; no IMD soil-moisture grid)
2025-06-05,0.0,36.26,IMD gridded 0.25deg (REAL_GOVERNMENT),IMD gridded 1deg (REAL_GOVERNMENT),0.354,ERA5-Land via Open-Meteo (REAL_PUBLIC; no IMD soil-moisture grid)
2025-06-06,0.0,38.75,IMD gridded 0.25deg (REAL_GOVERNMENT),IMD gridded 1deg (REAL_GOVERNMENT),0.336,ERA5-Land via Open-Meteo (REAL_PUBLIC; no IMD soil-moisture grid)
2025-06-07,0.0,38.08,IMD gridded 0.25deg (REAL_GOVERNMENT),IMD gridded 1deg (REAL_GOVERNMENT),0.324,ERA5-Land via Open-Meteo (REAL_PUBLIC; no IMD soil-moisture grid)
2025-06-08,0.0,40.61,IMD gridded 0.25deg (REAL_GOVERNMENT),IMD gridded 1deg (REAL_GOVERNMENT),0.314,ERA5-Land via Open-Meteo (REAL_PUBLIC; no IMD soil-moisture grid)
2025-06-09,0.0,41.16,IMD gridded 0.25deg (REAL_GOVERNMENT),IMD gridded 1deg (REAL_GOVERNMENT),0.319,ERA5-Land via Open-Meteo (REAL_PUBLIC; no IMD soil-moisture grid)
2025-06-10,0.0,40.85,IMD gridded 0.25deg (REAL_GOVERNMENT),IMD gridded 1deg (REAL_GOVERNMENT),0.327,ERA5-Land via Open-Meteo (REAL_PUBLIC; no IMD soil-moisture grid)
2025-06-11,7.8,39.08,IMD gridded 0.25deg (REAL_GOVERNMENT),IMD gridded 1deg (REAL_GOVERNMENT),0.346,ERA5-Land via Open-Meteo (REAL_PUBLIC; no IMD soil-moisture grid)
2025-06-12,0.0,38.69,IMD gridded 0.25deg (REAL_GOVERNMENT),IMD gridded 1deg (REAL_GOVERNMENT),0.337,ERA5-Land via Open-Meteo (REAL_PUBLIC; no IMD soil-moisture grid)
2025-06-13,0.0,38.4,IMD gridded 0.25deg (REAL_GOVERNMENT),IMD gridded 1deg (REAL_GOVERNMENT),0.321,ERA5-Land via Open-Meteo (REAL_PUBLIC; no IMD soil-moisture grid)
2025-06-14,0.0,38.69,IMD gridded 0.25deg (REAL_GOVERNMENT),IMD gridded 1deg (REAL_GOVERNMENT),0.302,ERA5-Land via Open-Meteo (REAL_PUBLIC; no IMD soil-moisture grid)
2025-06-15,0.0,36.67,IMD gridded 0.25deg (REAL_GOVERNMENT),IMD gridded 1deg (REAL_GOVERNMENT),0.315,ERA5-Land via Open-Meteo (REAL_PUBLIC; no IMD soil-moisture grid)
2025-06-16,5.27,35.61,IMD gridded 0.25deg (REAL_GOVERNMENT),IMD gridded 1deg (REAL_GOVERNMENT),0.42,ERA5-Land via Open-Meteo (REAL_PUBLIC; no IMD soil-moisture grid)
2025-06-17,0.12,34.17,IMD gridded 0.25deg (REAL_GOVERNMENT),IMD gridded 1deg (REAL_GOVERNMENT),0.47,ERA5-Land via Open-Meteo (REAL_PUBLIC; no IMD soil-moisture grid)
2025-06-18,6.49,35.13,IMD gridded 0.25deg (REAL_GOVERNMENT),IMD gridded 1deg (REAL_GOVERNMENT),0.439,ERA5-Land via Open-Meteo (REAL_PUBLIC; no IMD soil-moisture grid)
2025-06-19,0.0,32.17,IMD gridded 0.25deg (REAL_GOVERNMENT),IMD gridded 1deg (REAL_GOVERNMENT),0.429,ERA5-Land via Open-Meteo (REAL_PUBLIC; no IMD soil-moisture grid)
2025-06-20,7.86,29.32,IMD gridded 0.25deg (REAL_GOVERNMENT),IMD gridded 1deg (REAL_GOVERNMENT),0.467,ERA5-Land via Open-Meteo (REAL_PUBLIC; no IMD soil-moisture grid)
2025-06-21,4.86,30.99,IMD gridded 0.25deg (REAL_GOVERNMENT),IMD gridded 1deg (REAL_GOVERNMENT),0.47,ERA5-Land via Open-Meteo (REAL_PUBLIC; no IMD soil-moisture grid)
2025-06-22,1.85,29.2,IMD gridded 0.25deg (REAL_GOVERNMENT),IMD gridded 1deg (REAL_GOVERNMENT),0.477,ERA5-Land via Open-Meteo (REAL_PUBLIC; no IMD soil-moisture grid)
2025-06-23,2.3,28.17,IMD gridded 0.25deg (REAL_GOVERNMENT),IMD gridded 1deg (REAL_GOVERNMENT),0.476,ERA5-Land via Open-Meteo (REAL_PUBLIC; no IMD soil-moisture grid)
2025-06-24,5.54,28.09,IMD gridded 0.25deg (REAL_GOVERNMENT),IMD gridded 1deg (REAL_GOVERNMENT),0.502,ERA5-Land via Open-Meteo (REAL_PUBLIC; no IMD soil-moisture grid)
2025-06-25,45.24,29.29,IMD gridded 0.25deg (REAL_GOVERNMENT),IMD gridded 1deg (REAL_GOVERNMENT),0.498,ERA5-Land via Open-Meteo (REAL_PUBLIC; no IMD soil-moisture grid)
2025-06-26,9.95,28.07,IMD gridded 0.25deg (REAL_GOVERNMENT),IMD gridded 1deg (REAL_GOVERNMENT),0.507,ERA5-Land via Open-Meteo (REAL_PUBLIC; no IMD soil-moisture grid)
2025-06-27,2.56,29.52,IMD gridded 0.25deg (REAL_GOVERNMENT),IMD gridded 1deg (REAL_GOVERNMENT),0.503,ERA5-Land via Open-Meteo (REAL_PUBLIC; no IMD soil-moisture grid)
2025-06-28,22.52,30.07,IMD gridded 0.25deg (REAL_GOVERNMENT),IMD gridded 1deg (REAL_GOVERNMENT),0.498,ERA5-Land via Open-Meteo (REAL_PUBLIC; no IMD soil-moisture grid)
2025-06-29,31.92,26.6,IMD gridded 0.25deg (REAL_GOVERNMENT),IMD gridded 1deg (REAL_GOVERNMENT),0.502,ERA5-Land via Open-Meteo (REAL_PUBLIC; no IMD soil-moisture grid)
2025-06-30,35.14,26.58,IMD gridded 0.25deg (REAL_GOVERNMENT),IMD gridded 1deg (REAL_GOVERNMENT),0.509,ERA5-Land via Open-Meteo (REAL_PUBLIC; no IMD soil-moisture grid)
2025-07-01,23.16,26.32,IMD gridded 0.25deg (REAL_GOVERNMENT),IMD gridded 1deg (REAL_GOVERNMENT),0.509,ERA5-Land via Open-Meteo (REAL_PUBLIC; no IMD soil-moisture grid)
2025-07-02,22.87,28.24,IMD gridded 0.25deg (REAL_GOVERNMENT),IMD gridded 1deg (REAL_GOVERNMENT),0.504,ERA5-Land via Open-Meteo (REAL_PUBLIC; no IMD soil-moisture grid)
2025-07-03,9.81,29.64,IMD gridded 0.25deg (REAL_GOVERNMENT),IMD gridded 1deg (REAL_GOVERNMENT),0.498,ERA5-Land via Open-Meteo (REAL_PUBLIC; no IMD soil-moisture grid)
2025-07-04,6.97,26.92,IMD gridded 0.25deg (REAL_GOVERNMENT),IMD gridded 1deg (REAL_GOVERNMENT),0.509,ERA5-Land via Open-Meteo (REAL_PUBLIC; no IMD soil-moisture grid)
2025-07-05,1.9,27.3,IMD gridded 0.25deg (REAL_GOVERNMENT),IMD gridded 1deg (REAL_GOVERNMENT),0.495,ERA5-Land via Open-Meteo (REAL_PUBLIC; no IMD soil-moisture grid)
2025-07-06,7.23,26.93,IMD gridded 0.25deg (REAL_GOVERNMENT),IMD gridded 1deg (REAL_GOVERNMENT),0.505,ERA5-Land via Open-Meteo (REAL_PUBLIC; no IMD soil-moisture grid)
2025-07-07,126.97,27.22,IMD gridded 0.25deg (REAL_GOVERNMENT),IMD gridded 1deg (REAL_GOVERNMENT),0.514,ERA5-Land via Open-Meteo (REAL_PUBLIC; no IMD soil-moisture grid)
2025-07-08,223.18,26.91,IMD gridded 0.25deg (REAL_GOVERNMENT),IMD gridded 1deg (REAL_GOVERNMENT),0.509,ERA5-Land via Open-Meteo (REAL_PUBLIC; no IMD soil-moisture grid)
2025-07-09,79.08,26.46,IMD gridded 0.25deg (REAL_GOVERNMENT),IMD gridded 1deg (REAL_GOVERNMENT),0.508,ERA5-Land via Open-Meteo (REAL_PUBLIC; no IMD soil-moisture grid)
2025-07-10,20.87,28.37,IMD gridded 0.25deg (REAL_GOVERNMENT),IMD gridded 1deg (REAL_GOVERNMENT),0.502,ERA5-Land via Open-Meteo (REAL_PUBLIC; no IMD soil-moisture grid)
2025-07-11,0.0,29.48,IMD gridded 0.25deg (REAL_GOVERNMENT),IMD gridded 1deg (REAL_GOVERNMENT),0.497,ERA5-Land via Open-Meteo (REAL_PUBLIC; no IMD soil-moisture grid)
2025-07-12,0.85,29.51,IMD gridded 0.25deg (REAL_GOVERNMENT),IMD gridded 1deg (REAL_GOVERNMENT),0.484,ERA5-Land via Open-Meteo (REAL_PUBLIC; no IMD soil-moisture grid)
2025-07-13,3.27,29.56,IMD gridded 0.25deg (REAL_GOVERNMENT),IMD gridded 1deg (REAL_GOVERNMENT),0.48,ERA5-Land via Open-Meteo (REAL_PUBLIC; no IMD soil-moisture grid)
2025-07-14,1.84,30.99,IMD gridded 0.25deg (REAL_GOVERNMENT),IMD gridded 1deg (REAL_GOVERNMENT),0.476,ERA5-Land via Open-Meteo (REAL_PUBLIC; no IMD soil-moisture grid)
2025-07-15,5.69,31.23,IMD gridded 0.25deg (REAL_GOVERNMENT),IMD gridded 1deg (REAL_GOVERNMENT),0.482,ERA5-Land via Open-Meteo (REAL_PUBLIC; no IMD soil-moisture grid)
2025-07-16,9.8,30.39,IMD gridded 0.25deg (REAL_GOVERNMENT),IMD gridded 1deg (REAL_GOVERNMENT),0.503,ERA5-Land via Open-Meteo (REAL_PUBLIC; no IMD soil-moisture grid)
2025-07-17,29.28,28.43,IMD gridded 0.25deg (REAL_GOVERNMENT),IMD gridded 1deg (REAL_GOVERNMENT),0.497,ERA5-Land via Open-Meteo (REAL_PUBLIC; no IMD soil-moisture grid)
2025-07-18,9.17,29.47,IMD gridded 0.25deg (REAL_GOVERNMENT),IMD gridded 1deg (REAL_GOVERNMENT),0.493,ERA5-Land via Open-Meteo (REAL_PUBLIC; no IMD soil-moisture grid)
2025-07-19,9.22,32.08,IMD gridded 0.25deg (REAL_GOVERNMENT),IMD gridded 1deg (REAL_GOVERNMENT),0.473,ERA5-Land via Open-Meteo (REAL_PUBLIC; no IMD soil-moisture grid)
2025-07-20,0.19,31.75,IMD gridded 0.25deg (REAL_GOVERNMENT),IMD gridded 1deg (REAL_GOVERNMENT),0.472,ERA5-Land via Open-Meteo (REAL_PUBLIC; no IMD soil-moisture grid)
2025-07-21,19.62,32.46,IMD gridded 0.25deg (REAL_GOVERNMENT),IMD gridded 1deg (REAL_GOVERNMENT),0.495,ERA5-Land via Open-Meteo (REAL_PUBLIC; no IMD soil-moisture grid)
2025-07-22,0.0,31.39,IMD gridded 0.25deg (REAL_GOVERNMENT),IMD gridded 1deg (REAL_GOVERNMENT),0.498,ERA5-Land via Open-Meteo (REAL_PUBLIC; no IMD soil-moisture grid)
2025-07-23,2.41,30.74,IMD gridded 0.25deg (REAL_GOVERNMENT),IMD gridded 1deg (REAL_GOVERNMENT),0.505,ERA5-Land via Open-Meteo (REAL_PUBLIC; no IMD soil-moisture grid)
2025-07-24,43.44,27.6,IMD gridded 0.25deg (REAL_GOVERNMENT),IMD gridded 1deg (REAL_GOVERNMENT),0.508,ERA5-Land via Open-Meteo (REAL_PUBLIC; no IMD soil-moisture grid)
2025-07-25,34.46,27.39,IMD gridded 0.25deg (REAL_GOVERNMENT),IMD gridded 1deg (REAL_GOVERNMENT),0.512,ERA5-Land via Open-Meteo (REAL_PUBLIC; no IMD soil-moisture grid)
2025-07-26,48.4,27.07,IMD gridded 0.25deg (REAL_GOVERNMENT),IMD gridded 1deg (REAL_GOVERNMENT),0.51,ERA5-Land via Open-Meteo (REAL_PUBLIC; no IMD soil-moisture grid)
2025-07-27,57.45,28.15,IMD gridded 0.25deg (REAL_GOVERNMENT),IMD gridded 1deg (REAL_GOVERNMENT),0.492,ERA5-Land via Open-Meteo (REAL_PUBLIC; no IMD soil-moisture grid)
2025-07-28,0.68,26.65,IMD gridded 0.25deg (REAL_GOVERNMENT),IMD gridded 1deg (REAL_GOVERNMENT),0.485,ERA5-Land via Open-Meteo (REAL_PUBLIC; no IMD soil-moisture grid)
2025-07-29,13.59,25.89,IMD gridded 0.25deg (REAL_GOVERNMENT),IMD gridded 1deg (REAL_GOVERNMENT),0.507,ERA5-Land via Open-Meteo (REAL_PUBLIC; no IMD soil-moisture grid)
2025-07-30,0.0,26.98,IMD gridded 0.25deg (REAL_GOVERNMENT),IMD gridded 1deg (REAL_GOVERNMENT),0.489,ERA5-Land via Open-Meteo (REAL_PUBLIC; no IMD soil-moisture grid)
2025-07-31,0.0,28.81,IMD gridded 0.25deg (REAL_GOVERNMENT),IMD gridded 1deg (REAL_GOVERNMENT),0.475,ERA5-Land via Open-Meteo (REAL_PUBLIC; no IMD soil-moisture grid)
2025-08-01,5.51,29.81,IMD gridded 0.25deg (REAL_GOVERNMENT),IMD gridded 1deg (REAL_GOVERNMENT),0.465,ERA5-Land via Open-Meteo (REAL_PUBLIC; no IMD soil-moisture grid)
2025-08-02,3.98,30.55,IMD gridded 0.25deg (REAL_GOVERNMENT),IMD gridded 1deg (REAL_GOVERNMENT),0.446,ERA5-Land via Open-Meteo (REAL_PUBLIC; no IMD soil-moisture grid)
2025-08-03,1.83,30.97,IMD gridded 0.25deg (REAL_GOVERNMENT),IMD gridded 1deg (REAL_GOVERNMENT),0.433,ERA5-Land via Open-Meteo (REAL_PUBLIC; no IMD soil-moisture grid)
2025-08-04,3.0,32.33,IMD gridded 0.25deg (REAL_GOVERNMENT),IMD gridded 1deg (REAL_GOVERNMENT),0.418,ERA5-Land via Open-Meteo (REAL_PUBLIC; no IMD soil-moisture grid)
2025-08-05,4.93,33.34,IMD gridded 0.25deg (REAL_GOVERNMENT),IMD gridded 1deg (REAL_GOVERNMENT),0.405,ERA5-Land via Open-Meteo (REAL_PUBLIC; no IMD soil-moisture grid)
2025-08-06,0.0,33.23,IMD gridded 0.25deg (REAL_GOVERNMENT),IMD gridded 1deg (REAL_GOVERNMENT),0.378,ERA5-Land via Open-Meteo (REAL_PUBLIC; no IMD soil-moisture grid)
2025-08-07,1.28,32.68,IMD gridded 0.25deg (REAL_GOVERNMENT),IMD gridded 1deg (REAL_GOVERNMENT),0.414,ERA5-Land via Open-Meteo (REAL_PUBLIC; no IMD soil-moisture grid)
2025-08-08,4.59,29.45,IMD gridded 0.25deg (REAL_GOVERNMENT),IMD gridded 1deg (REAL_GOVERNMENT),0.459,ERA5-Land via Open-Meteo (REAL_PUBLIC; no IMD soil-moisture grid)
2025-08-09,10.44,30.08,IMD gridded 0.25deg (REAL_GOVERNMENT),IMD gridded 1deg (REAL_GOVERNMENT),0.479,ERA5-Land via Open-Meteo (REAL_PUBLIC; no IMD soil-moisture grid)
2025-08-10,2.99,31.47,IMD gridded 0.25deg (REAL_GOVERNMENT),IMD gridded 1deg (REAL_GOVERNMENT),0.445,ERA5-Land via Open-Meteo (REAL_PUBLIC; no IMD soil-moisture grid)
2025-08-11,1.32,31.27,IMD gridded 0.25deg (REAL_GOVERNMENT),IMD gridded 1deg (REAL_GOVERNMENT),0.431,ERA5-Land via Open-Meteo (REAL_PUBLIC; no IMD soil-moisture grid)
2025-08-12,1.1,30.78,IMD gridded 0.25deg (REAL_GOVERNMENT),IMD gridded 1deg (REAL_GOVERNMENT),0.462,ERA5-Land via Open-Meteo (REAL_PUBLIC; no IMD soil-moisture grid)
2025-08-13,0.64,27.63,IMD gridded 0.25deg (REAL_GOVERNMENT),IMD gridded 1deg (REAL_GOVERNMENT),0.501,ERA5-Land via Open-Meteo (REAL_PUBLIC; no IMD soil-moisture grid)
2025-08-14,28.17,30.46,IMD gridded 0.25deg (REAL_GOVERNMENT),IMD gridded 1deg (REAL_GOVERNMENT),0.492,ERA5-Land via Open-Meteo (REAL_PUBLIC; no IMD soil-moisture grid)
2025-08-15,3.67,30.9,IMD gridded 0.25deg (REAL_GOVERNMENT),IMD gridded 1deg (REAL_GOVERNMENT),0.494,ERA5-Land via Open-Meteo (REAL_PUBLIC; no IMD soil-moisture grid)
2025-08-16,14.04,29.77,IMD gridded 0.25deg (REAL_GOVERNMENT),IMD gridded 1deg (REAL_GOVERNMENT),0.501,ERA5-Land via Open-Meteo (REAL_PUBLIC; no IMD soil-moisture grid)
2025-08-17,0.11,30.9,IMD gridded 0.25deg (REAL_GOVERNMENT),IMD gridded 1deg (REAL_GOVERNMENT),0.487,ERA5-Land via Open-Meteo (REAL_PUBLIC; no IMD soil-moisture grid)
2025-08-18,6.57,30.87,IMD gridded 0.25deg (REAL_GOVERNMENT),IMD gridded 1deg (REAL_GOVERNMENT),0.49,ERA5-Land via Open-Meteo (REAL_PUBLIC; no IMD soil-moisture grid)
2025-08-19,3.17,29.32,IMD gridded 0.25deg (REAL_GOVERNMENT),IMD gridded 1deg (REAL_GOVERNMENT),0.505,ERA5-Land via Open-Meteo (REAL_PUBLIC; no IMD soil-moisture grid)
2025-08-20,47.4,28.65,IMD gridded 0.25deg (REAL_GOVERNMENT),IMD gridded 1deg (REAL_GOVERNMENT),0.503,ERA5-Land via Open-Meteo (REAL_PUBLIC; no IMD soil-moisture grid)
2025-08-21,6.0,30.04,IMD gridded 0.25deg (REAL_GOVERNMENT),IMD gridded 1deg (REAL_GOVERNMENT),0.497,ERA5-Land via Open-Meteo (REAL_PUBLIC; no IMD soil-moisture grid)
2025-08-22,8.69,29.02,IMD gridded 0.25deg (REAL_GOVERNMENT),IMD gridded 1deg (REAL_GOVERNMENT),0.497,ERA5-Land via Open-Meteo (REAL_PUBLIC; no IMD soil-moisture grid)
2025-08-23,14.82,28.24,IMD gridded 0.25deg (REAL_GOVERNMENT),IMD gridded 1deg (REAL_GOVERNMENT),0.5,ERA5-Land via Open-Meteo (REAL_PUBLIC; no IMD soil-moisture grid)
2025-08-24,2.62,27.0,IMD gridded 0.25deg (REAL_GOVERNMENT),IMD gridded 1deg (REAL_GOVERNMENT),0.499,ERA5-Land via Open-Meteo (REAL_PUBLIC; no IMD soil-moisture grid)
2025-08-25,0.87,28.12,IMD gridded 0.25deg (REAL_GOVERNMENT),IMD gridded 1deg (REAL_GOVERNMENT),0.502,ERA5-Land via Open-Meteo (REAL_PUBLIC; no IMD soil-moisture grid)
2025-08-26,0.0,30.33,IMD gridded 0.25deg (REAL_GOVERNMENT),IMD gridded 1deg (REAL_GOVERNMENT),0.49,ERA5-Land via Open-Meteo (REAL_PUBLIC; no IMD soil-moisture grid)
2025-08-27,6.07,30.84,IMD gridded 0.25deg (REAL_GOVERNMENT),IMD gridded 1deg (REAL_GOVERNMENT),0.503,ERA5-Land via Open-Meteo (REAL_PUBLIC; no IMD soil-moisture grid)
2025-08-28,2.83,30.81,IMD gridded 0.25deg (REAL_GOVERNMENT),IMD gridded 1deg (REAL_GOVERNMENT),0.497,ERA5-Land via Open-Meteo (REAL_PUBLIC; no IMD soil-moisture grid)
2025-08-29,26.18,30.39,IMD gridded 0.25deg (REAL_GOVERNMENT),IMD gridded 1deg (REAL_GOVERNMENT),0.489,ERA5-Land via Open-Meteo (REAL_PUBLIC; no IMD soil-moisture grid)
2025-08-30,0.0,30.55,IMD gridded 0.25deg (REAL_GOVERNMENT),IMD gridded 1deg (REAL_GOVERNMENT),0.466,ERA5-Land via Open-Meteo (REAL_PUBLIC; no IMD soil-moisture grid)
2025-08-31,0.19,29.7,IMD gridded 0.25deg (REAL_GOVERNMENT),IMD gridded 1deg (REAL_GOVERNMENT),0.489,ERA5-Land via Open-Meteo (REAL_PUBLIC; no IMD soil-moisture grid)
2025-09-01,3.24,28.98,IMD gridded 0.25deg (REAL_GOVERNMENT),IMD gridded 1deg (REAL_GOVERNMENT),0.497,ERA5-Land via Open-Meteo (REAL_PUBLIC; no IMD soil-moisture grid)
2025-09-02,14.12,29.14,IMD gridded 0.25deg (REAL_GOVERNMENT),IMD gridded 1deg (REAL_GOVERNMENT),0.504,ERA5-Land via Open-Meteo (REAL_PUBLIC; no IMD soil-moisture grid)
2025-09-03,30.57,28.23,IMD gridded 0.25deg (REAL_GOVERNMENT),IMD gridded 1deg (REAL_GOVERNMENT),0.501,ERA5-Land via Open-Meteo (REAL_PUBLIC; no IMD soil-moisture grid)
2025-09-04,4.27,27.77,IMD gridded 0.25deg (REAL_GOVERNMENT),IMD gridded 1deg (REAL_GOVERNMENT),0.489,ERA5-Land via Open-Meteo (REAL_PUBLIC; no IMD soil-moisture grid)
2025-09-05,7.59,28.59,IMD gridded 0.25deg (REAL_GOVERNMENT),IMD gridded 1deg (REAL_GOVERNMENT),0.487,ERA5-Land via Open-Meteo (REAL_PUBLIC; no IMD soil-moisture grid)
2025-09-06,0.0,29.31,IMD gridded 0.25deg (REAL_GOVERNMENT),IMD gridded 1deg (REAL_GOVERNMENT),0.473,ERA5-Land via Open-Meteo (REAL_PUBLIC; no IMD soil-moisture grid)
2025-09-07,0.0,30.62,IMD gridded 0.25deg (REAL_GOVERNMENT),IMD gridded 1deg (REAL_GOVERNMENT),0.461,ERA5-Land via Open-Meteo (REAL_PUBLIC; no IMD soil-moisture grid)
2025-09-08,10.52,30.72,IMD gridded 0.25deg (REAL_GOVERNMENT),IMD gridded 1deg (REAL_GOVERNMENT),0.433,ERA5-Land via Open-Meteo (REAL_PUBLIC; no IMD soil-moisture grid)
2025-09-09,3.77,31.46,IMD gridded 0.25deg (REAL_GOVERNMENT),IMD gridded 1deg (REAL_GOVERNMENT),0.46,ERA5-Land via Open-Meteo (REAL_PUBLIC; no IMD soil-moisture grid)
2025-09-10,2.37,31.59,IMD gridded 0.25deg (REAL_GOVERNMENT),IMD gridded 1deg (REAL_GOVERNMENT),0.425,ERA5-Land via Open-Meteo (REAL_PUBLIC; no IMD soil-moisture grid)
2025-09-11,0.62,30.5,IMD gridded 0.25deg (REAL_GOVERNMENT),IMD gridded 1deg (REAL_GOVERNMENT),0.443,ERA5-Land via Open-Meteo (REAL_PUBLIC; no IMD soil-moisture grid)
2025-09-12,9.21,30.18,IMD gridded 0.25deg (REAL_GOVERNMENT),IMD gridded 1deg (REAL_GOVERNMENT),0.467,ERA5-Land via Open-Meteo (REAL_PUBLIC; no IMD soil-moisture grid)
2025-09-13,23.77,30.53,IMD gridded 0.25deg (REAL_GOVERNMENT),IMD gridded 1deg (REAL_GOVERNMENT),0.495,ERA5-Land via Open-Meteo (REAL_PUBLIC; no IMD soil-moisture grid)
2025-09-14,9.41,30.89,IMD gridded 0.25deg (REAL_GOVERNMENT),IMD gridded 1deg (REAL_GOVERNMENT),0.488,ERA5-Land via Open-Meteo (REAL_PUBLIC; no IMD soil-moisture grid)
2025-09-15,1.33,30.11,IMD gridded 0.25deg (REAL_GOVERNMENT),IMD gridded 1deg (REAL_GOVERNMENT),0.495,ERA5-Land via Open-Meteo (REAL_PUBLIC; no IMD soil-moisture grid)
2025-09-16,10.96,29.47,IMD gridded 0.25deg (REAL_GOVERNMENT),IMD gridded 1deg (REAL_GOVERNMENT),0.495,ERA5-Land via Open-Meteo (REAL_PUBLIC; no IMD soil-moisture grid)
2025-09-17,0.99,30.1,IMD gridded 0.25deg (REAL_GOVERNMENT),IMD gridded 1deg (REAL_GOVERNMENT),0.493,ERA5-Land via Open-Meteo (REAL_PUBLIC; no IMD soil-moisture grid)
2025-09-18,0.15,30.63,IMD gridded 0.25deg (REAL_GOVERNMENT),IMD gridded 1deg (REAL_GOVERNMENT),0.488,ERA5-Land via Open-Meteo (REAL_PUBLIC; no IMD soil-moisture grid)
2025-09-19,0.8,31.45,IMD gridded 0.25deg (REAL_GOVERNMENT),IMD gridded 1deg (REAL_GOVERNMENT),0.454,ERA5-Land via Open-Meteo (REAL_PUBLIC; no IMD soil-moisture grid)
2025-09-20,0.0,32.4,IMD gridded 0.25deg (REAL_GOVERNMENT),IMD gridded 1deg (REAL_GOVERNMENT),0.465,ERA5-Land via Open-Meteo (REAL_PUBLIC; no IMD soil-moisture grid)
2025-09-21,14.97,32.86,IMD gridded 0.25deg (REAL_GOVERNMENT),IMD gridded 1deg (REAL_GOVERNMENT),0.461,ERA5-Land via Open-Meteo (REAL_PUBLIC; no IMD soil-moisture grid)
2025-09-22,0.0,32.05,IMD gridded 0.25deg (REAL_GOVERNMENT),IMD gridded 1deg (REAL_GOVERNMENT),0.428,ERA5-Land via Open-Meteo (REAL_PUBLIC; no IMD soil-moisture grid)
2025-09-23,0.0,32.41,IMD gridded 0.25deg (REAL_GOVERNMENT),IMD gridded 1deg (REAL_GOVERNMENT),0.411,ERA5-Land via Open-Meteo (REAL_PUBLIC; no IMD soil-moisture grid)
2025-09-24,0.0,31.35,IMD gridded 0.25deg (REAL_GOVERNMENT),IMD gridded 1deg (REAL_GOVERNMENT),0.402,ERA5-Land via Open-Meteo (REAL_PUBLIC; no IMD soil-moisture grid)
2025-09-25,3.19,29.46,IMD gridded 0.25deg (REAL_GOVERNMENT),IMD gridded 1deg (REAL_GOVERNMENT),0.486,ERA5-Land via Open-Meteo (REAL_PUBLIC; no IMD soil-moisture grid)
2025-09-26,11.02,31.7,IMD gridded 0.25deg (REAL_GOVERNMENT),IMD gridded 1deg (REAL_GOVERNMENT),0.462,ERA5-Land via Open-Meteo (REAL_PUBLIC; no IMD soil-moisture grid)
2025-09-27,14.02,28.57,IMD gridded 0.25deg (REAL_GOVERNMENT),IMD gridded 1deg (REAL_GOVERNMENT),0.488,ERA5-Land via Open-Meteo (REAL_PUBLIC; no IMD soil-moisture grid)
2025-09-28,12.29,28.93,IMD gridded 0.25deg (REAL_GOVERNMENT),IMD gridded 1deg (REAL_GOVERNMENT),0.501,ERA5-Land via Open-Meteo (REAL_PUBLIC; no IMD soil-moisture grid)
2025-09-29,5.17,29.9,IMD gridded 0.25deg (REAL_GOVERNMENT),IMD gridded 1deg (REAL_GOVERNMENT),0.482,ERA5-Land via Open-Meteo (REAL_PUBLIC; no IMD soil-moisture grid)
2025-09-30,0.0,30.66,IMD gridded 0.25deg (REAL_GOVERNMENT),IMD gridded 1deg (REAL_GOVERNMENT),0.451,ERA5-Land via Open-Meteo (REAL_PUBLIC; no IMD soil-moisture grid)
2025-10-01,0.0,30.07,IMD gridded 0.25deg (REAL_GOVERNMENT),IMD gridded 1deg (REAL_GOVERNMENT),0.463,ERA5-Land via Open-Meteo (REAL_PUBLIC; no IMD soil-moisture grid)
2025-10-02,1.87,30.66,IMD gridded 0.25deg (REAL_GOVERNMENT),IMD gridded 1deg (REAL_GOVERNMENT),0.454,ERA5-Land via Open-Meteo (REAL_PUBLIC; no IMD soil-moisture grid)
2025-10-03,0.0,30.17,IMD gridded 0.25deg (REAL_GOVERNMENT),IMD gridded 1deg (REAL_GOVERNMENT),0.443,ERA5-Land via Open-Meteo (REAL_PUBLIC; no IMD soil-moisture grid)
2025-10-04,0.13,30.19,IMD gridded 0.25deg (REAL_GOVERNMENT),IMD gridded 1deg (REAL_GOVERNMENT),0.46,ERA5-Land via Open-Meteo (REAL_PUBLIC; no IMD soil-moisture grid)
2025-10-05,2.35,30.31,IMD gridded 0.25deg (REAL_GOVERNMENT),IMD gridded 1deg (REAL_GOVERNMENT),0.479,ERA5-Land via Open-Meteo (REAL_PUBLIC; no IMD soil-moisture grid)
2025-10-06,2.55,29.52,IMD gridded 0.25deg (REAL_GOVERNMENT),IMD gridded 1deg (REAL_GOVERNMENT),0.503,ERA5-Land via Open-Meteo (REAL_PUBLIC; no IMD soil-moisture grid)
2025-10-07,5.96,30.37,IMD gridded 0.25deg (REAL_GOVERNMENT),IMD gridded 1deg (REAL_GOVERNMENT),0.479,ERA5-Land via Open-Meteo (REAL_PUBLIC; no IMD soil-moisture grid)
2025-10-08,4.34,31.07,IMD gridded 0.25deg (REAL_GOVERNMENT),IMD gridded 1deg (REAL_GOVERNMENT),0.443,ERA5-Land via Open-Meteo (REAL_PUBLIC; no IMD soil-moisture grid)
2025-10-09,1.03,30.71,IMD gridded 0.25deg (REAL_GOVERNMENT),IMD gridded 1deg (REAL_GOVERNMENT),0.401,ERA5-Land via Open-Meteo (REAL_PUBLIC; no IMD soil-moisture grid)
2025-10-10,0.0,29.35,IMD gridded 0.25deg (REAL_GOVERNMENT),IMD gridded 1deg (REAL_GOVERNMENT),0.394,ERA5-Land via Open-Meteo (REAL_PUBLIC; no IMD soil-moisture grid)
2025-10-11,4.6,29.63,IMD gridded 0.25deg (REAL_GOVERNMENT),IMD gridded 1deg (REAL_GOVERNMENT),0.383,ERA5-Land via Open-Meteo (REAL_PUBLIC; no IMD soil-moisture grid)
2025-10-12,0.0,29.46,IMD gridded 0.25deg (REAL_GOVERNMENT),IMD gridded 1deg (REAL_GOVERNMENT),0.366,ERA5-Land via Open-Meteo (REAL_PUBLIC; no IMD soil-moisture grid)
2025-10-13,0.0,30.12,IMD gridded 0.25deg (REAL_GOVERNMENT),IMD gridded 1deg (REAL_GOVERNMENT),0.356,ERA5-Land via Open-Meteo (REAL_PUBLIC; no IMD soil-moisture grid)
2025-10-14,0.0,30.31,IMD gridded 0.25deg (REAL_GOVERNMENT),IMD gridded 1deg (REAL_GOVERNMENT),0.345,ERA5-Land via Open-Meteo (REAL_PUBLIC; no IMD soil-moisture grid)
2025-10-15,0.0,31.03,IMD gridded 0.25deg (REAL_GOVERNMENT),IMD gridded 1deg (REAL_GOVERNMENT),0.329,ERA5-Land via Open-Meteo (REAL_PUBLIC; no IMD soil-moisture grid)
2025-10-16,0.0,31.08,IMD gridded 0.25deg (REAL_GOVERNMENT),IMD gridded 1deg (REAL_GOVERNMENT),0.304,ERA5-Land via Open-Meteo (REAL_PUBLIC; no IMD soil-moisture grid)
2025-10-17,0.0,30.71,IMD gridded 0.25deg (REAL_GOVERNMENT),IMD gridded 1deg (REAL_GOVERNMENT),0.305,ERA5-Land via Open-Meteo (REAL_PUBLIC; no IMD soil-moisture grid)
2025-10-18,0.0,30.18,IMD gridded 0.25deg (REAL_GOVERNMENT),IMD gridded 1deg (REAL_GOVERNMENT),0.318,ERA5-Land via Open-Meteo (REAL_PUBLIC; no IMD soil-moisture grid)
2025-10-19,0.0,30.36,IMD gridded 0.25deg (REAL_GOVERNMENT),IMD gridded 1deg (REAL_GOVERNMENT),0.304,ERA5-Land via Open-Meteo (REAL_PUBLIC; no IMD soil-moisture grid)
2025-10-20,0.0,30.79,IMD gridded 0.25deg (REAL_GOVERNMENT),IMD gridded 1deg (REAL_GOVERNMENT),0.305,ERA5-Land via Open-Meteo (REAL_PUBLIC; no IMD soil-moisture grid)
2025-10-21,0.0,30.43,IMD gridded 0.25deg (REAL_GOVERNMENT),IMD gridded 1deg (REAL_GOVERNMENT),0.318,ERA5-Land via Open-Meteo (REAL_PUBLIC; no IMD soil-moisture grid)
2025-10-22,0.0,31.34,IMD gridded 0.25deg (REAL_GOVERNMENT),IMD gridded 1deg (REAL_GOVERNMENT),0.31,ERA5-Land via Open-Meteo (REAL_PUBLIC; no IMD soil-moisture grid)
2025-10-23,0.0,30.89,IMD gridded 0.25deg (REAL_GOVERNMENT),IMD gridded 1deg (REAL_GOVERNMENT),0.297,ERA5-Land via Open-Meteo (REAL_PUBLIC; no IMD soil-moisture grid)
2025-10-24,0.0,30.68,IMD gridded 0.25deg (REAL_GOVERNMENT),IMD gridded 1deg (REAL_GOVERNMENT),0.29,ERA5-Land via Open-Meteo (REAL_PUBLIC; no IMD soil-moisture grid)
2025-10-25,0.0,28.24,IMD gridded 0.25deg (REAL_GOVERNMENT),IMD gridded 1deg (REAL_GOVERNMENT),0.315,ERA5-Land via Open-Meteo (REAL_PUBLIC; no IMD soil-moisture grid)
2025-10-26,8.96,27.56,IMD gridded 0.25deg (REAL_GOVERNMENT),IMD gridded 1deg (REAL_GOVERNMENT),0.394,ERA5-Land via Open-Meteo (REAL_PUBLIC; no IMD soil-moisture grid)
2025-10-27,3.58,29.71,IMD gridded 0.25deg (REAL_GOVERNMENT),IMD gridded 1deg (REAL_GOVERNMENT),0.451,ERA5-Land via Open-Meteo (REAL_PUBLIC; no IMD soil-moisture grid)
2025-10-28,0.0,27.91,IMD gridded 0.25deg (REAL_GOVERNMENT),IMD gridded 1deg (REAL_GOVERNMENT),0.438,ERA5-Land via Open-Meteo (REAL_PUBLIC; no IMD soil-moisture grid)
2025-10-29,0.0,27.39,IMD gridded 0.25deg (REAL_GOVERNMENT),IMD gridded 1deg (REAL_GOVERNMENT),0.438,ERA5-Land via Open-Meteo (REAL_PUBLIC; no IMD soil-moisture grid)
2025-10-30,2.5,26.32,IMD gridded 0.25deg (REAL_GOVERNMENT),IMD gridded 1deg (REAL_GOVERNMENT),0.484,ERA5-Land via Open-Meteo (REAL_PUBLIC; no IMD soil-moisture grid)
2025-10-31,11.91,27.4,IMD gridded 0.25deg (REAL_GOVERNMENT),IMD gridded 1deg (REAL_GOVERNMENT),0.494,ERA5-Land via Open-Meteo (REAL_PUBLIC; no IMD soil-moisture grid)
2025-11-01,10.17,28.99,IMD gridded 0.25deg (REAL_GOVERNMENT),IMD gridded 1deg (REAL_GOVERNMENT),0.483,ERA5-Land via Open-Meteo (REAL_PUBLIC; no IMD soil-moisture grid)
2025-11-02,0.64,29.65,IMD gridded 0.25deg (REAL_GOVERNMENT),IMD gridded 1deg (REAL_GOVERNMENT),0.462,ERA5-Land via Open-Meteo (REAL_PUBLIC; no IMD soil-moisture grid)
2025-11-03,0.0,30.01,IMD gridded 0.25deg (REAL_GOVERNMENT),IMD gridded 1deg (REAL_GOVERNMENT),0.446,ERA5-Land via Open-Meteo (REAL_PUBLIC; no IMD soil-moisture grid)
2025-11-04,0.0,29.98,IMD gridded 0.25deg (REAL_GOVERNMENT),IMD gridded 1deg (REAL_GOVERNMENT),0.425,ERA5-Land via Open-Meteo (REAL_PUBLIC; no IMD soil-moisture grid)
2025-11-05,0.0,29.57,IMD gridded 0.25deg (REAL_GOVERNMENT),IMD gridded 1deg (REAL_GOVERNMENT),0.41,ERA5-Land via Open-Meteo (REAL_PUBLIC; no IMD soil-moisture grid)
2025-11-06,0.0,29.8,IMD gridded 0.25deg (REAL_GOVERNMENT),IMD gridded 1deg (REAL_GOVERNMENT),0.395,ERA5-Land via Open-Meteo (REAL_PUBLIC; no IMD soil-moisture grid)
2025-11-07,0.0,28.81,IMD gridded 0.25deg (REAL_GOVERNMENT),IMD gridded 1deg (REAL_GOVERNMENT),0.385,ERA5-Land via Open-Meteo (REAL_PUBLIC; no IMD soil-moisture grid)
2025-11-08,0.0,28.16,IMD gridded 0.25deg (REAL_GOVERNMENT),IMD gridded 1deg (REAL_GOVERNMENT),0.377,ERA5-Land via Open-Meteo (REAL_PUBLIC; no IMD soil-moisture grid)
2025-11-09,0.0,27.98,IMD gridded 0.25deg (REAL_GOVERNMENT),IMD gridded 1deg (REAL_GOVERNMENT),0.362,ERA5-Land via Open-Meteo (REAL_PUBLIC; no IMD soil-moisture grid)
2025-11-10,0.0,27.84,IMD gridded 0.25deg (REAL_GOVERNMENT),IMD gridded 1deg (REAL_GOVERNMENT),0.345,ERA5-Land via Open-Meteo (REAL_PUBLIC; no IMD soil-moisture grid)
2025-11-11,0.0,27.78,IMD gridded 0.25deg (REAL_GOVERNMENT),IMD gridded 1deg (REAL_GOVERNMENT),0.337,ERA5-Land via Open-Meteo (REAL_PUBLIC; no IMD soil-moisture grid)
2025-11-12,0.0,27.65,IMD gridded 0.25deg (REAL_GOVERNMENT),IMD gridded 1deg (REAL_GOVERNMENT),0.33,ERA5-Land via Open-Meteo (REAL_PUBLIC; no IMD soil-moisture grid)
2025-11-13,0.0,27.26,IMD gridded 0.25deg (REAL_GOVERNMENT),IMD gridded 1deg (REAL_GOVERNMENT),0.331,ERA5-Land via Open-Meteo (REAL_PUBLIC; no IMD soil-moisture grid)
2025-11-14,0.0,27.22,IMD gridded 0.25deg (REAL_GOVERNMENT),IMD gridded 1deg (REAL_GOVERNMENT),0.328,ERA5-Land via Open-Meteo (REAL_PUBLIC; no IMD soil-moisture grid)
2025-11-15,0.0,26.95,IMD gridded 0.25deg (REAL_GOVERNMENT),IMD gridded 1deg (REAL_GOVERNMENT),0.32,ERA5-Land via Open-Meteo (REAL_PUBLIC; no IMD soil-moisture grid)
2025-11-16,0.0,26.72,IMD gridded 0.25deg (REAL_GOVERNMENT),IMD gridded 1deg (REAL_GOVERNMENT),0.317,ERA5-Land via Open-Meteo (REAL_PUBLIC; no IMD soil-moisture grid)
2025-11-17,0.0,26.44,IMD gridded 0.25deg (REAL_GOVERNMENT),IMD gridded 1deg (REAL_GOVERNMENT),0.309,ERA5-Land via Open-Meteo (REAL_PUBLIC; no IMD soil-moisture grid)
2025-11-18,0.0,26.43,IMD gridded 0.25deg (REAL_GOVERNMENT),IMD gridded 1deg (REAL_GOVERNMENT),0.292,ERA5-Land via Open-Meteo (REAL_PUBLIC; no IMD soil-moisture grid)
2025-11-19,0.0,26.55,IMD gridded 0.25deg (REAL_GOVERNMENT),IMD gridded 1deg (REAL_GOVERNMENT),0.285,ERA5-Land via Open-Meteo (REAL_PUBLIC; no IMD soil-moisture grid)
2025-11-20,0.0,27.44,IMD gridded 0.25deg (REAL_GOVERNMENT),IMD gridded 1deg (REAL_GOVERNMENT),0.285,ERA5-Land via Open-Meteo (REAL_PUBLIC; no IMD soil-moisture grid)
2025-11-21,0.0,28.76,IMD gridded 0.25deg (REAL_GOVERNMENT),IMD gridded 1deg (REAL_GOVERNMENT),0.29,ERA5-Land via Open-Meteo (REAL_PUBLIC; no IMD soil-moisture grid)
2025-11-22,0.0,28.85,IMD gridded 0.25deg (REAL_GOVERNMENT),IMD gridded 1deg (REAL_GOVERNMENT),0.29,ERA5-Land via Open-Meteo (REAL_PUBLIC; no IMD soil-moisture grid)
2025-11-23,0.0,28.99,IMD gridded 0.25deg (REAL_GOVERNMENT),IMD gridded 1deg (REAL_GOVERNMENT),0.304,ERA5-Land via Open-Meteo (REAL_PUBLIC; no IMD soil-moisture grid)
2025-11-24,0.0,28.88,IMD gridded 0.25deg (REAL_GOVERNMENT),IMD gridded 1deg (REAL_GOVERNMENT),0.314,ERA5-Land via Open-Meteo (REAL_PUBLIC; no IMD soil-moisture grid)
2025-11-25,0.0,28.19,IMD gridded 0.25deg (REAL_GOVERNMENT),IMD gridded 1deg (REAL_GOVERNMENT),0.326,ERA5-Land via Open-Meteo (REAL_PUBLIC; no IMD soil-moisture grid)
2025-11-26,0.0,27.65,IMD gridded 0.25deg (REAL_GOVERNMENT),IMD gridded 1deg (REAL_GOVERNMENT),0.333,ERA5-Land via Open-Meteo (REAL_PUBLIC; no IMD soil-moisture grid)
2025-11-27,0.0,27.67,IMD gridded 0.25deg (REAL_GOVERNMENT),IMD gridded 1deg (REAL_GOVERNMENT),0.336,ERA5-Land via Open-Meteo (REAL_PUBLIC; no IMD soil-moisture grid)
2025-11-28,0.0,26.88,IMD gridded 0.25deg (REAL_GOVERNMENT),IMD gridded 1deg (REAL_GOVERNMENT),0.327,ERA5-Land via Open-Meteo (REAL_PUBLIC; no IMD soil-moisture grid)
2025-11-29,0.0,26.63,IMD gridded 0.25deg (REAL_GOVERNMENT),IMD gridded 1deg (REAL_GOVERNMENT),0.317,ERA5-Land via Open-Meteo (REAL_PUBLIC; no IMD soil-moisture grid)
2025-11-30,0.0,26.85,IMD gridded 0.25deg (REAL_GOVERNMENT),IMD gridded 1deg (REAL_GOVERNMENT),0.313,ERA5-Land via Open-Meteo (REAL_PUBLIC; no IMD soil-moisture grid)
2025-12-01,0.0,26.78,IMD gridded 0.25deg (REAL_GOVERNMENT),IMD gridded 1deg (REAL_GOVERNMENT),0.315,ERA5-Land via Open-Meteo (REAL_PUBLIC; no IMD soil-moisture grid)
2025-12-02,0.0,26.49,IMD gridded 0.25deg (REAL_GOVERNMENT),IMD gridded 1deg (REAL_GOVERNMENT),0.31,ERA5-Land via Open-Meteo (REAL_PUBLIC; no IMD soil-moisture grid)
2025-12-03,0.0,26.93,IMD gridded 0.25deg (REAL_GOVERNMENT),IMD gridded 1deg (REAL_GOVERNMENT),0.309,ERA5-Land via Open-Meteo (REAL_PUBLIC; no IMD soil-moisture grid)
2025-12-04,0.0,26.61,IMD gridded 0.25deg (REAL_GOVERNMENT),IMD gridded 1deg (REAL_GOVERNMENT),0.296,ERA5-Land via Open-Meteo (REAL_PUBLIC; no IMD soil-moisture grid)
2025-12-05,0.0,26.23,IMD gridded 0.25deg (REAL_GOVERNMENT),IMD gridded 1deg (REAL_GOVERNMENT),0.288,ERA5-Land via Open-Meteo (REAL_PUBLIC; no IMD soil-moisture grid)
2025-12-06,0.0,26.09,IMD gridded 0.25deg (REAL_GOVERNMENT),IMD gridded 1deg (REAL_GOVERNMENT),0.283,ERA5-Land via Open-Meteo (REAL_PUBLIC; no IMD soil-moisture grid)
2025-12-07,0.0,27.22,IMD gridded 0.25deg (REAL_GOVERNMENT),IMD gridded 1deg (REAL_GOVERNMENT),0.286,ERA5-Land via Open-Meteo (REAL_PUBLIC; no IMD soil-moisture grid)
2025-12-08,0.0,28.41,IMD gridded 0.25deg (REAL_GOVERNMENT),IMD gridded 1deg (REAL_GOVERNMENT),0.276,ERA5-Land via Open-Meteo (REAL_PUBLIC; no IMD soil-moisture grid)
2025-12-09,0.0,28.12,IMD gridded 0.25deg (REAL_GOVERNMENT),IMD gridded 1deg (REAL_GOVERNMENT),0.275,ERA5-Land via Open-Meteo (REAL_PUBLIC; no IMD soil-moisture grid)
2025-12-10,0.0,27.99,IMD gridded 0.25deg (REAL_GOVERNMENT),IMD gridded 1deg (REAL_GOVERNMENT),0.27,ERA5-Land via Open-Meteo (REAL_PUBLIC; no IMD soil-moisture grid)
2025-12-11,0.0,27.66,IMD gridded 0.25deg (REAL_GOVERNMENT),IMD gridded 1deg (REAL_GOVERNMENT),0.259,ERA5-Land via Open-Meteo (REAL_PUBLIC; no IMD soil-moisture grid)
2025-12-12,0.0,28.44,IMD gridded 0.25deg (REAL_GOVERNMENT),IMD gridded 1deg (REAL_GOVERNMENT),0.263,ERA5-Land via Open-Meteo (REAL_PUBLIC; no IMD soil-moisture grid)
2025-12-13,0.0,28.58,IMD gridded 0.25deg (REAL_GOVERNMENT),IMD gridded 1deg (REAL_GOVERNMENT),0.26,ERA5-Land via Open-Meteo (REAL_PUBLIC; no IMD soil-moisture grid)
2025-12-14,0.0,27.7,IMD gridded 0.25deg (REAL_GOVERNMENT),IMD gridded 1deg (REAL_GOVERNMENT),0.259,ERA5-Land via Open-Meteo (REAL_PUBLIC; no IMD soil-moisture grid)
2025-12-15,0.0,27.29,IMD gridded 0.25deg (REAL_GOVERNMENT),IMD gridded 1deg (REAL_GOVERNMENT),0.257,ERA5-Land via Open-Meteo (REAL_PUBLIC; no IMD soil-moisture grid)
2025-12-16,0.0,28.17,IMD gridded 0.25deg (REAL_GOVERNMENT),IMD gridded 1deg (REAL_GOVERNMENT),0.256,ERA5-Land via Open-Meteo (REAL_PUBLIC; no IMD soil-moisture grid)
2025-12-17,0.0,28.76,IMD gridded 0.25deg (REAL_GOVERNMENT),IMD gridded 1deg (REAL_GOVERNMENT),0.255,ERA5-Land via Open-Meteo (REAL_PUBLIC; no IMD soil-moisture grid)
2025-12-18,0.0,28.94,IMD gridded 0.25deg (REAL_GOVERNMENT),IMD gridded 1deg (REAL_GOVERNMENT),0.254,ERA5-Land via Open-Meteo (REAL_PUBLIC; no IMD soil-moisture grid)
2025-12-19,0.0,27.35,IMD gridded 0.25deg (REAL_GOVERNMENT),IMD gridded 1deg (REAL_GOVERNMENT),0.253,ERA5-Land via Open-Meteo (REAL_PUBLIC; no IMD soil-moisture grid)
2025-12-20,0.0,27.11,IMD gridded 0.25deg (REAL_GOVERNMENT),IMD gridded 1deg (REAL_GOVERNMENT),0.253,ERA5-Land via Open-Meteo (REAL_PUBLIC; no IMD soil-moisture grid)
2025-12-21,0.0,27.19,IMD gridded 0.25deg (REAL_GOVERNMENT),IMD gridded 1deg (REAL_GOVERNMENT),0.252,ERA5-Land via Open-Meteo (REAL_PUBLIC; no IMD soil-moisture grid)
2025-12-22,0.0,26.67,IMD gridded 0.25deg (REAL_GOVERNMENT),IMD gridded 1deg (REAL_GOVERNMENT),0.252,ERA5-Land via Open-Meteo (REAL_PUBLIC; no IMD soil-moisture grid)
2025-12-23,0.0,27.8,IMD gridded 0.25deg (REAL_GOVERNMENT),IMD gridded 1deg (REAL_GOVERNMENT),0.252,ERA5-Land via Open-Meteo (REAL_PUBLIC; no IMD soil-moisture grid)
2025-12-24,0.0,27.16,IMD gridded 0.25deg (REAL_GOVERNMENT),IMD gridded 1deg (REAL_GOVERNMENT),0.251,ERA5-Land via Open-Meteo (REAL_PUBLIC; no IMD soil-moisture grid)
2025-12-25,0.0,26.94,IMD gridded 0.25deg (REAL_GOVERNMENT),IMD gridded 1deg (REAL_GOVERNMENT),0.251,ERA5-Land via Open-Meteo (REAL_PUBLIC; no IMD soil-moisture grid)
2025-12-26,0.0,26.69,IMD gridded 0.25deg (REAL_GOVERNMENT),IMD gridded 1deg (REAL_GOVERNMENT),0.251,ERA5-Land via Open-Meteo (REAL_PUBLIC; no IMD soil-moisture grid)
2025-12-27,0.0,26.27,IMD gridded 0.25deg (REAL_GOVERNMENT),IMD gridded 1deg (REAL_GOVERNMENT),0.251,ERA5-Land via Open-Meteo (REAL_PUBLIC; no IMD soil-moisture grid)
2025-12-28,0.0,26.26,IMD gridded 0.25deg (REAL_GOVERNMENT),IMD gridded 1deg (REAL_GOVERNMENT),0.251,ERA5-Land via Open-Meteo (REAL_PUBLIC; no IMD soil-moisture grid)
2025-12-29,0.0,26.97,IMD gridded 0.25deg (REAL_GOVERNMENT),IMD gridded 1deg (REAL_GOVERNMENT),0.251,ERA5-Land via Open-Meteo (REAL_PUBLIC; no IMD soil-moisture grid)
2025-12-30,0.0,27.7,IMD gridded 0.25deg (REAL_GOVERNMENT),IMD gridded 1deg (REAL_GOVERNMENT),0.251,ERA5-Land via Open-Meteo (REAL_PUBLIC; no IMD soil-moisture grid)
2025-12-31,0.0,27.41,IMD gridded 0.25deg (REAL_GOVERNMENT),IMD gridded 1deg (REAL_GOVERNMENT),0.251,ERA5-Land via Open-Meteo (REAL_PUBLIC; no IMD soil-moisture grid)
2026-01-01,0.0,27.4,ERA5 via Open-Meteo (REAL_PUBLIC; IMD not yet published),ERA5 via Open-Meteo (REAL_PUBLIC; IMD not yet published),0.25,ERA5-Land via Open-Meteo (REAL_PUBLIC; no IMD soil-moisture grid)
2026-01-02,0.0,28.2,ERA5 via Open-Meteo (REAL_PUBLIC; IMD not yet published),ERA5 via Open-Meteo (REAL_PUBLIC; IMD not yet published),0.25,ERA5-Land via Open-Meteo (REAL_PUBLIC; no IMD soil-moisture grid)
2026-01-03,0.0,27.9,ERA5 via Open-Meteo (REAL_PUBLIC; IMD not yet published),ERA5 via Open-Meteo (REAL_PUBLIC; IMD not yet published),0.25,ERA5-Land via Open-Meteo (REAL_PUBLIC; no IMD soil-moisture grid)
2026-01-04,0.0,28.0,ERA5 via Open-Meteo (REAL_PUBLIC; IMD not yet published),ERA5 via Open-Meteo (REAL_PUBLIC; IMD not yet published),0.25,ERA5-Land via Open-Meteo (REAL_PUBLIC; no IMD soil-moisture grid)
2026-01-05,0.0,25.1,ERA5 via Open-Meteo (REAL_PUBLIC; IMD not yet published),ERA5 via Open-Meteo (REAL_PUBLIC; IMD not yet published),0.25,ERA5-Land via Open-Meteo (REAL_PUBLIC; no IMD soil-moisture grid)
2026-01-06,0.0,26.1,ERA5 via Open-Meteo (REAL_PUBLIC; IMD not yet published),ERA5 via Open-Meteo (REAL_PUBLIC; IMD not yet published),0.25,ERA5-Land via Open-Meteo (REAL_PUBLIC; no IMD soil-moisture grid)
2026-01-07,0.0,26.9,ERA5 via Open-Meteo (REAL_PUBLIC; IMD not yet published),ERA5 via Open-Meteo (REAL_PUBLIC; IMD not yet published),0.25,ERA5-Land via Open-Meteo (REAL_PUBLIC; no IMD soil-moisture grid)
2026-01-08,0.0,26.6,ERA5 via Open-Meteo (REAL_PUBLIC; IMD not yet published),ERA5 via Open-Meteo (REAL_PUBLIC; IMD not yet published),0.25,ERA5-Land via Open-Meteo (REAL_PUBLIC; no IMD soil-moisture grid)
2026-01-09,0.0,26.8,ERA5 via Open-Meteo (REAL_PUBLIC; IMD not yet published),ERA5 via Open-Meteo (REAL_PUBLIC; IMD not yet published),0.25,ERA5-Land via Open-Meteo (REAL_PUBLIC; no IMD soil-moisture grid)
2026-01-10,0.0,26.7,ERA5 via Open-Meteo (REAL_PUBLIC; IMD not yet published),ERA5 via Open-Meteo (REAL_PUBLIC; IMD not yet published),0.25,ERA5-Land via Open-Meteo (REAL_PUBLIC; no IMD soil-moisture grid)
2026-01-11,0.0,26.8,ERA5 via Open-Meteo (REAL_PUBLIC; IMD not yet published),ERA5 via Open-Meteo (REAL_PUBLIC; IMD not yet published),0.25,ERA5-Land via Open-Meteo (REAL_PUBLIC; no IMD soil-moisture grid)
2026-01-12,0.0,27.0,ERA5 via Open-Meteo (REAL_PUBLIC; IMD not yet published),ERA5 via Open-Meteo (REAL_PUBLIC; IMD not yet published),0.25,ERA5-Land via Open-Meteo (REAL_PUBLIC; no IMD soil-moisture grid)
2026-01-13,0.0,27.5,ERA5 via Open-Meteo (REAL_PUBLIC; IMD not yet published),ERA5 via Open-Meteo (REAL_PUBLIC; IMD not yet published),0.25,ERA5-Land via Open-Meteo (REAL_PUBLIC; no IMD soil-moisture grid)
2026-01-14,0.0,29.3,ERA5 via Open-Meteo (REAL_PUBLIC; IMD not yet published),ERA5 via Open-Meteo (REAL_PUBLIC; IMD not yet published),0.25,ERA5-Land via Open-Meteo (REAL_PUBLIC; no IMD soil-moisture grid)
2026-01-15,0.0,28.5,ERA5 via Open-Meteo (REAL_PUBLIC; IMD not yet published),ERA5 via Open-Meteo (REAL_PUBLIC; IMD not yet published),0.25,ERA5-Land via Open-Meteo (REAL_PUBLIC; no IMD soil-moisture grid)
2026-01-16,0.0,27.7,ERA5 via Open-Meteo (REAL_PUBLIC; IMD not yet published),ERA5 via Open-Meteo (REAL_PUBLIC; IMD not yet published),0.253,ERA5-Land via Open-Meteo (REAL_PUBLIC; no IMD soil-moisture grid)
2026-01-17,0.0,29.0,ERA5 via Open-Meteo (REAL_PUBLIC; IMD not yet published),ERA5 via Open-Meteo (REAL_PUBLIC; IMD not yet published),0.25,ERA5-Land via Open-Meteo (REAL_PUBLIC; no IMD soil-moisture grid)
2026-01-18,0.0,29.5,ERA5 via Open-Meteo (REAL_PUBLIC; IMD not yet published),ERA5 via Open-Meteo (REAL_PUBLIC; IMD not yet published),0.25,ERA5-Land via Open-Meteo (REAL_PUBLIC; no IMD soil-moisture grid)
2026-01-19,0.0,29.4,ERA5 via Open-Meteo (REAL_PUBLIC; IMD not yet published),ERA5 via Open-Meteo (REAL_PUBLIC; IMD not yet published),0.25,ERA5-Land via Open-Meteo (REAL_PUBLIC; no IMD soil-moisture grid)
2026-01-20,0.0,29.3,ERA5 via Open-Meteo (REAL_PUBLIC; IMD not yet published),ERA5 via Open-Meteo (REAL_PUBLIC; IMD not yet published),0.25,ERA5-Land via Open-Meteo (REAL_PUBLIC; no IMD soil-moisture grid)
2026-01-21,0.0,29.0,ERA5 via Open-Meteo (REAL_PUBLIC; IMD not yet published),ERA5 via Open-Meteo (REAL_PUBLIC; IMD not yet published),0.25,ERA5-Land via Open-Meteo (REAL_PUBLIC; no IMD soil-moisture grid)
2026-01-22,0.0,28.7,ERA5 via Open-Meteo (REAL_PUBLIC; IMD not yet published),ERA5 via Open-Meteo (REAL_PUBLIC; IMD not yet published),0.25,ERA5-Land via Open-Meteo (REAL_PUBLIC; no IMD soil-moisture grid)
2026-01-23,0.0,29.3,ERA5 via Open-Meteo (REAL_PUBLIC; IMD not yet published),ERA5 via Open-Meteo (REAL_PUBLIC; IMD not yet published),0.25,ERA5-Land via Open-Meteo (REAL_PUBLIC; no IMD soil-moisture grid)
2026-01-24,0.0,28.7,ERA5 via Open-Meteo (REAL_PUBLIC; IMD not yet published),ERA5 via Open-Meteo (REAL_PUBLIC; IMD not yet published),0.25,ERA5-Land via Open-Meteo (REAL_PUBLIC; no IMD soil-moisture grid)
2026-01-25,0.0,28.9,ERA5 via Open-Meteo (REAL_PUBLIC; IMD not yet published),ERA5 via Open-Meteo (REAL_PUBLIC; IMD not yet published),0.25,ERA5-Land via Open-Meteo (REAL_PUBLIC; no IMD soil-moisture grid)
2026-01-26,0.0,29.2,ERA5 via Open-Meteo (REAL_PUBLIC; IMD not yet published),ERA5 via Open-Meteo (REAL_PUBLIC; IMD not yet published),0.251,ERA5-Land via Open-Meteo (REAL_PUBLIC; no IMD soil-moisture grid)
2026-01-27,0.0,29.8,ERA5 via Open-Meteo (REAL_PUBLIC; IMD not yet published),ERA5 via Open-Meteo (REAL_PUBLIC; IMD not yet published),0.256,ERA5-Land via Open-Meteo (REAL_PUBLIC; no IMD soil-moisture grid)
2026-01-28,0.0,29.2,ERA5 via Open-Meteo (REAL_PUBLIC; IMD not yet published),ERA5 via Open-Meteo (REAL_PUBLIC; IMD not yet published),0.267,ERA5-Land via Open-Meteo (REAL_PUBLIC; no IMD soil-moisture grid)
2026-01-29,0.0,28.5,ERA5 via Open-Meteo (REAL_PUBLIC; IMD not yet published),ERA5 via Open-Meteo (REAL_PUBLIC; IMD not yet published),0.259,ERA5-Land via Open-Meteo (REAL_PUBLIC; no IMD soil-moisture grid)
2026-01-30,0.0,28.6,ERA5 via Open-Meteo (REAL_PUBLIC; IMD not yet published),ERA5 via Open-Meteo (REAL_PUBLIC; IMD not yet published),0.258,ERA5-Land via Open-Meteo (REAL_PUBLIC; no IMD soil-moisture grid)
2026-01-31,0.0,30.3,ERA5 via Open-Meteo (REAL_PUBLIC; IMD not yet published),ERA5 via Open-Meteo (REAL_PUBLIC; IMD not yet published),0.262,ERA5-Land via Open-Meteo (REAL_PUBLIC; no IMD soil-moisture grid)
2026-02-01,0.0,30.8,ERA5 via Open-Meteo (REAL_PUBLIC; IMD not yet published),ERA5 via Open-Meteo (REAL_PUBLIC; IMD not yet published),0.261,ERA5-Land via Open-Meteo (REAL_PUBLIC; no IMD soil-moisture grid)
2026-02-02,0.0,30.6,ERA5 via Open-Meteo (REAL_PUBLIC; IMD not yet published),ERA5 via Open-Meteo (REAL_PUBLIC; IMD not yet published),0.258,ERA5-Land via Open-Meteo (REAL_PUBLIC; no IMD soil-moisture grid)
2026-02-03,0.0,29.9,ERA5 via Open-Meteo (REAL_PUBLIC; IMD not yet published),ERA5 via Open-Meteo (REAL_PUBLIC; IMD not yet published),0.255,ERA5-Land via Open-Meteo (REAL_PUBLIC; no IMD soil-moisture grid)
2026-02-04,0.0,29.8,ERA5 via Open-Meteo (REAL_PUBLIC; IMD not yet published),ERA5 via Open-Meteo (REAL_PUBLIC; IMD not yet published),0.259,ERA5-Land via Open-Meteo (REAL_PUBLIC; no IMD soil-moisture grid)
2026-02-05,0.0,29.7,ERA5 via Open-Meteo (REAL_PUBLIC; IMD not yet published),ERA5 via Open-Meteo (REAL_PUBLIC; IMD not yet published),0.254,ERA5-Land via Open-Meteo (REAL_PUBLIC; no IMD soil-moisture grid)
2026-02-06,0.0,30.7,ERA5 via Open-Meteo (REAL_PUBLIC; IMD not yet published),ERA5 via Open-Meteo (REAL_PUBLIC; IMD not yet published),0.253,ERA5-Land via Open-Meteo (REAL_PUBLIC; no IMD soil-moisture grid)
2026-02-07,0.0,29.7,ERA5 via Open-Meteo (REAL_PUBLIC; IMD not yet published),ERA5 via Open-Meteo (REAL_PUBLIC; IMD not yet published),0.252,ERA5-Land via Open-Meteo (REAL_PUBLIC; no IMD soil-moisture grid)
2026-02-08,0.0,28.9,ERA5 via Open-Meteo (REAL_PUBLIC; IMD not yet published),ERA5 via Open-Meteo (REAL_PUBLIC; IMD not yet published),0.251,ERA5-Land via Open-Meteo (REAL_PUBLIC; no IMD soil-moisture grid)
2026-02-09,0.0,29.9,ERA5 via Open-Meteo (REAL_PUBLIC; IMD not yet published),ERA5 via Open-Meteo (REAL_PUBLIC; IMD not yet published),0.243,ERA5-Land via Open-Meteo (REAL_PUBLIC; no IMD soil-moisture grid)
2026-02-10,0.0,30.6,ERA5 via Open-Meteo (REAL_PUBLIC; IMD not yet published),ERA5 via Open-Meteo (REAL_PUBLIC; IMD not yet published),0.25,ERA5-Land via Open-Meteo (REAL_PUBLIC; no IMD soil-moisture grid)
2026-02-11,0.0,31.8,ERA5 via Open-Meteo (REAL_PUBLIC; IMD not yet published),ERA5 via Open-Meteo (REAL_PUBLIC; IMD not yet published),0.25,ERA5-Land via Open-Meteo (REAL_PUBLIC; no IMD soil-moisture grid)
2026-02-12,0.0,30.9,ERA5 via Open-Meteo (REAL_PUBLIC; IMD not yet published),ERA5 via Open-Meteo (REAL_PUBLIC; IMD not yet published),0.254,ERA5-Land via Open-Meteo (REAL_PUBLIC; no IMD soil-moisture grid)
2026-02-13,0.0,31.0,ERA5 via Open-Meteo (REAL_PUBLIC; IMD not yet published),ERA5 via Open-Meteo (REAL_PUBLIC; IMD not yet published),0.26,ERA5-Land via Open-Meteo (REAL_PUBLIC; no IMD soil-moisture grid)
2026-02-14,0.0,33.1,ERA5 via Open-Meteo (REAL_PUBLIC; IMD not yet published),ERA5 via Open-Meteo (REAL_PUBLIC; IMD not yet published),0.25,ERA5-Land via Open-Meteo (REAL_PUBLIC; no IMD soil-moisture grid)
2026-02-15,0.0,32.2,ERA5 via Open-Meteo (REAL_PUBLIC; IMD not yet published),ERA5 via Open-Meteo (REAL_PUBLIC; IMD not yet published),0.255,ERA5-Land via Open-Meteo (REAL_PUBLIC; no IMD soil-moisture grid)
2026-02-16,0.0,31.2,ERA5 via Open-Meteo (REAL_PUBLIC; IMD not yet published),ERA5 via Open-Meteo (REAL_PUBLIC; IMD not yet published),0.25,ERA5-Land via Open-Meteo (REAL_PUBLIC; no IMD soil-moisture grid)
2026-02-17,0.0,32.2,ERA5 via Open-Meteo (REAL_PUBLIC; IMD not yet published),ERA5 via Open-Meteo (REAL_PUBLIC; IMD not yet published),0.25,ERA5-Land via Open-Meteo (REAL_PUBLIC; no IMD soil-moisture grid)
2026-02-18,0.0,31.6,ERA5 via Open-Meteo (REAL_PUBLIC; IMD not yet published),ERA5 via Open-Meteo (REAL_PUBLIC; IMD not yet published),0.25,ERA5-Land via Open-Meteo (REAL_PUBLIC; no IMD soil-moisture grid)
2026-02-19,0.0,31.6,ERA5 via Open-Meteo (REAL_PUBLIC; IMD not yet published),ERA5 via Open-Meteo (REAL_PUBLIC; IMD not yet published),0.25,ERA5-Land via Open-Meteo (REAL_PUBLIC; no IMD soil-moisture grid)
2026-02-20,0.0,32.8,ERA5 via Open-Meteo (REAL_PUBLIC; IMD not yet published),ERA5 via Open-Meteo (REAL_PUBLIC; IMD not yet published),0.248,ERA5-Land via Open-Meteo (REAL_PUBLIC; no IMD soil-moisture grid)
2026-02-21,0.0,32.7,ERA5 via Open-Meteo (REAL_PUBLIC; IMD not yet published),ERA5 via Open-Meteo (REAL_PUBLIC; IMD not yet published),0.248,ERA5-Land via Open-Meteo (REAL_PUBLIC; no IMD soil-moisture grid)
2026-02-22,0.0,33.8,ERA5 via Open-Meteo (REAL_PUBLIC; IMD not yet published),ERA5 via Open-Meteo (REAL_PUBLIC; IMD not yet published),0.272,ERA5-Land via Open-Meteo (REAL_PUBLIC; no IMD soil-moisture grid)
2026-02-23,0.0,31.6,ERA5 via Open-Meteo (REAL_PUBLIC; IMD not yet published),ERA5 via Open-Meteo (REAL_PUBLIC; IMD not yet published),0.273,ERA5-Land via Open-Meteo (REAL_PUBLIC; no IMD soil-moisture grid)
2026-02-24,0.0,31.9,ERA5 via Open-Meteo (REAL_PUBLIC; IMD not yet published),ERA5 via Open-Meteo (REAL_PUBLIC; IMD not yet published),0.268,ERA5-Land via Open-Meteo (REAL_PUBLIC; no IMD soil-moisture grid)
2026-02-25,0.0,31.1,ERA5 via Open-Meteo (REAL_PUBLIC; IMD not yet published),ERA5 via Open-Meteo (REAL_PUBLIC; IMD not yet published),0.283,ERA5-Land via Open-Meteo (REAL_PUBLIC; no IMD soil-moisture grid)
2026-02-26,0.0,33.7,ERA5 via Open-Meteo (REAL_PUBLIC; IMD not yet published),ERA5 via Open-Meteo (REAL_PUBLIC; IMD not yet published),0.272,ERA5-Land via Open-Meteo (REAL_PUBLIC; no IMD soil-moisture grid)
2026-02-27,0.0,33.1,ERA5 via Open-Meteo (REAL_PUBLIC; IMD not yet published),ERA5 via Open-Meteo (REAL_PUBLIC; IMD not yet published),0.256,ERA5-Land via Open-Meteo (REAL_PUBLIC; no IMD soil-moisture grid)
2026-02-28,0.0,34.5,ERA5 via Open-Meteo (REAL_PUBLIC; IMD not yet published),ERA5 via Open-Meteo (REAL_PUBLIC; IMD not yet published),0.253,ERA5-Land via Open-Meteo (REAL_PUBLIC; no IMD soil-moisture grid)
2026-03-01,0.0,35.2,ERA5 via Open-Meteo (REAL_PUBLIC; IMD not yet published),ERA5 via Open-Meteo (REAL_PUBLIC; IMD not yet published),0.252,ERA5-Land via Open-Meteo (REAL_PUBLIC; no IMD soil-moisture grid)
2026-03-02,0.0,34.9,ERA5 via Open-Meteo (REAL_PUBLIC; IMD not yet published),ERA5 via Open-Meteo (REAL_PUBLIC; IMD not yet published),0.262,ERA5-Land via Open-Meteo (REAL_PUBLIC; no IMD soil-moisture grid)
2026-03-03,0.0,35.3,ERA5 via Open-Meteo (REAL_PUBLIC; IMD not yet published),ERA5 via Open-Meteo (REAL_PUBLIC; IMD not yet published),0.26,ERA5-Land via Open-Meteo (REAL_PUBLIC; no IMD soil-moisture grid)
2026-03-04,0.0,36.7,ERA5 via Open-Meteo (REAL_PUBLIC; IMD not yet published),ERA5 via Open-Meteo (REAL_PUBLIC; IMD not yet published),0.264,ERA5-Land via Open-Meteo (REAL_PUBLIC; no IMD soil-moisture grid)
2026-03-05,0.0,36.7,ERA5 via Open-Meteo (REAL_PUBLIC; IMD not yet published),ERA5 via Open-Meteo (REAL_PUBLIC; IMD not yet published),0.272,ERA5-Land via Open-Meteo (REAL_PUBLIC; no IMD soil-moisture grid)
2026-03-06,0.0,37.5,ERA5 via Open-Meteo (REAL_PUBLIC; IMD not yet published),ERA5 via Open-Meteo (REAL_PUBLIC; IMD not yet published),0.266,ERA5-Land via Open-Meteo (REAL_PUBLIC; no IMD soil-moisture grid)
2026-03-07,0.0,36.8,ERA5 via Open-Meteo (REAL_PUBLIC; IMD not yet published),ERA5 via Open-Meteo (REAL_PUBLIC; IMD not yet published),0.26,ERA5-Land via Open-Meteo (REAL_PUBLIC; no IMD soil-moisture grid)
2026-03-08,0.0,37.1,ERA5 via Open-Meteo (REAL_PUBLIC; IMD not yet published),ERA5 via Open-Meteo (REAL_PUBLIC; IMD not yet published),0.249,ERA5-Land via Open-Meteo (REAL_PUBLIC; no IMD soil-moisture grid)
2026-03-09,0.0,38.0,ERA5 via Open-Meteo (REAL_PUBLIC; IMD not yet published),ERA5 via Open-Meteo (REAL_PUBLIC; IMD not yet published),0.253,ERA5-Land via Open-Meteo (REAL_PUBLIC; no IMD soil-moisture grid)
2026-03-10,0.0,37.0,ERA5 via Open-Meteo (REAL_PUBLIC; IMD not yet published),ERA5 via Open-Meteo (REAL_PUBLIC; IMD not yet published),0.251,ERA5-Land via Open-Meteo (REAL_PUBLIC; no IMD soil-moisture grid)
2026-03-11,0.0,38.0,ERA5 via Open-Meteo (REAL_PUBLIC; IMD not yet published),ERA5 via Open-Meteo (REAL_PUBLIC; IMD not yet published),0.25,ERA5-Land via Open-Meteo (REAL_PUBLIC; no IMD soil-moisture grid)
2026-03-12,0.0,38.8,ERA5 via Open-Meteo (REAL_PUBLIC; IMD not yet published),ERA5 via Open-Meteo (REAL_PUBLIC; IMD not yet published),0.25,ERA5-Land via Open-Meteo (REAL_PUBLIC; no IMD soil-moisture grid)
2026-03-13,0.0,38.5,ERA5 via Open-Meteo (REAL_PUBLIC; IMD not yet published),ERA5 via Open-Meteo (REAL_PUBLIC; IMD not yet published),0.25,ERA5-Land via Open-Meteo (REAL_PUBLIC; no IMD soil-moisture grid)
2026-03-14,0.0,38.7,ERA5 via Open-Meteo (REAL_PUBLIC; IMD not yet published),ERA5 via Open-Meteo (REAL_PUBLIC; IMD not yet published),0.25,ERA5-Land via Open-Meteo (REAL_PUBLIC; no IMD soil-moisture grid)
2026-03-15,0.0,38.1,ERA5 via Open-Meteo (REAL_PUBLIC; IMD not yet published),ERA5 via Open-Meteo (REAL_PUBLIC; IMD not yet published),0.25,ERA5-Land via Open-Meteo (REAL_PUBLIC; no IMD soil-moisture grid)
2026-03-16,0.0,37.2,ERA5 via Open-Meteo (REAL_PUBLIC; IMD not yet published),ERA5 via Open-Meteo (REAL_PUBLIC; IMD not yet published),0.254,ERA5-Land via Open-Meteo (REAL_PUBLIC; no IMD soil-moisture grid)
2026-03-17,0.0,36.5,ERA5 via Open-Meteo (REAL_PUBLIC; IMD not yet published),ERA5 via Open-Meteo (REAL_PUBLIC; IMD not yet published),0.274,ERA5-Land via Open-Meteo (REAL_PUBLIC; no IMD soil-moisture grid)
2026-03-18,0.0,33.9,ERA5 via Open-Meteo (REAL_PUBLIC; IMD not yet published),ERA5 via Open-Meteo (REAL_PUBLIC; IMD not yet published),0.255,ERA5-Land via Open-Meteo (REAL_PUBLIC; no IMD soil-moisture grid)
2026-03-19,0.0,35.1,ERA5 via Open-Meteo (REAL_PUBLIC; IMD not yet published),ERA5 via Open-Meteo (REAL_PUBLIC; IMD not yet published),0.253,ERA5-Land via Open-Meteo (REAL_PUBLIC; no IMD soil-moisture grid)
2026-03-20,0.6,31.7,ERA5 via Open-Meteo (REAL_PUBLIC; IMD not yet published),ERA5 via Open-Meteo (REAL_PUBLIC; IMD not yet published),0.253,ERA5-Land via Open-Meteo (REAL_PUBLIC; no IMD soil-moisture grid)
2026-03-21,0.0,32.5,ERA5 via Open-Meteo (REAL_PUBLIC; IMD not yet published),ERA5 via Open-Meteo (REAL_PUBLIC; IMD not yet published),0.248,ERA5-Land via Open-Meteo (REAL_PUBLIC; no IMD soil-moisture grid)
2026-03-22,0.0,34.1,ERA5 via Open-Meteo (REAL_PUBLIC; IMD not yet published),ERA5 via Open-Meteo (REAL_PUBLIC; IMD not yet published),0.262,ERA5-Land via Open-Meteo (REAL_PUBLIC; no IMD soil-moisture grid)
2026-03-23,0.0,34.8,ERA5 via Open-Meteo (REAL_PUBLIC; IMD not yet published),ERA5 via Open-Meteo (REAL_PUBLIC; IMD not yet published),0.272,ERA5-Land via Open-Meteo (REAL_PUBLIC; no IMD soil-moisture grid)
2026-03-24,0.0,35.9,ERA5 via Open-Meteo (REAL_PUBLIC; IMD not yet published),ERA5 via Open-Meteo (REAL_PUBLIC; IMD not yet published),0.284,ERA5-Land via Open-Meteo (REAL_PUBLIC; no IMD soil-moisture grid)
2026-03-25,0.0,36.7,ERA5 via Open-Meteo (REAL_PUBLIC; IMD not yet published),ERA5 via Open-Meteo (REAL_PUBLIC; IMD not yet published),0.272,ERA5-Land via Open-Meteo (REAL_PUBLIC; no IMD soil-moisture grid)
2026-03-26,0.0,37.1,ERA5 via Open-Meteo (REAL_PUBLIC; IMD not yet published),ERA5 via Open-Meteo (REAL_PUBLIC; IMD not yet published),0.266,ERA5-Land via Open-Meteo (REAL_PUBLIC; no IMD soil-moisture grid)
2026-03-27,0.0,39.7,ERA5 via Open-Meteo (REAL_PUBLIC; IMD not yet published),ERA5 via Open-Meteo (REAL_PUBLIC; IMD not yet published),0.256,ERA5-Land via Open-Meteo (REAL_PUBLIC; no IMD soil-moisture grid)
2026-03-28,0.0,38.4,ERA5 via Open-Meteo (REAL_PUBLIC; IMD not yet published),ERA5 via Open-Meteo (REAL_PUBLIC; IMD not yet published),0.252,ERA5-Land via Open-Meteo (REAL_PUBLIC; no IMD soil-moisture grid)
2026-03-29,0.0,39.5,ERA5 via Open-Meteo (REAL_PUBLIC; IMD not yet published),ERA5 via Open-Meteo (REAL_PUBLIC; IMD not yet published),0.257,ERA5-Land via Open-Meteo (REAL_PUBLIC; no IMD soil-moisture grid)
2026-03-30,1.8,38.8,ERA5 via Open-Meteo (REAL_PUBLIC; IMD not yet published),ERA5 via Open-Meteo (REAL_PUBLIC; IMD not yet published),0.251,ERA5-Land via Open-Meteo (REAL_PUBLIC; no IMD soil-moisture grid)
2026-03-31,2.2,35.0,ERA5 via Open-Meteo (REAL_PUBLIC; IMD not yet published),ERA5 via Open-Meteo (REAL_PUBLIC; IMD not yet published),0.295,ERA5-Land via Open-Meteo (REAL_PUBLIC; no IMD soil-moisture grid)
2026-04-01,0.0,36.6,ERA5 via Open-Meteo (REAL_PUBLIC; IMD not yet published),ERA5 via Open-Meteo (REAL_PUBLIC; IMD not yet published),0.302,ERA5-Land via Open-Meteo (REAL_PUBLIC; no IMD soil-moisture grid)
2026-04-02,0.0,34.9,ERA5 via Open-Meteo (REAL_PUBLIC; IMD not yet published),ERA5 via Open-Meteo (REAL_PUBLIC; IMD not yet published),0.319,ERA5-Land via Open-Meteo (REAL_PUBLIC; no IMD soil-moisture grid)
2026-04-03,0.0,36.9,ERA5 via Open-Meteo (REAL_PUBLIC; IMD not yet published),ERA5 via Open-Meteo (REAL_PUBLIC; IMD not yet published),0.335,ERA5-Land via Open-Meteo (REAL_PUBLIC; no IMD soil-moisture grid)
2026-04-04,0.0,34.1,ERA5 via Open-Meteo (REAL_PUBLIC; IMD not yet published),ERA5 via Open-Meteo (REAL_PUBLIC; IMD not yet published),0.342,ERA5-Land via Open-Meteo (REAL_PUBLIC; no IMD soil-moisture grid)
2026-04-05,0.3,34.4,ERA5 via Open-Meteo (REAL_PUBLIC; IMD not yet published),ERA5 via Open-Meteo (REAL_PUBLIC; IMD not yet published),0.329,ERA5-Land via Open-Meteo (REAL_PUBLIC; no IMD soil-moisture grid)
2026-04-06,0.0,35.8,ERA5 via Open-Meteo (REAL_PUBLIC; IMD not yet published),ERA5 via Open-Meteo (REAL_PUBLIC; IMD not yet published),0.32,ERA5-Land via Open-Meteo (REAL_PUBLIC; no IMD soil-moisture grid)
2026-04-07,0.0,36.1,ERA5 via Open-Meteo (REAL_PUBLIC; IMD not yet published),ERA5 via Open-Meteo (REAL_PUBLIC; IMD not yet published),0.286,ERA5-Land via Open-Meteo (REAL_PUBLIC; no IMD soil-moisture grid)
2026-04-08,0.0,34.7,ERA5 via Open-Meteo (REAL_PUBLIC; IMD not yet published),ERA5 via Open-Meteo (REAL_PUBLIC; IMD not yet published),0.26,ERA5-Land via Open-Meteo (REAL_PUBLIC; no IMD soil-moisture grid)
2026-04-09,0.0,35.6,ERA5 via Open-Meteo (REAL_PUBLIC; IMD not yet published),ERA5 via Open-Meteo (REAL_PUBLIC; IMD not yet published),0.257,ERA5-Land via Open-Meteo (REAL_PUBLIC; no IMD soil-moisture grid)
2026-04-10,0.0,36.5,ERA5 via Open-Meteo (REAL_PUBLIC; IMD not yet published),ERA5 via Open-Meteo (REAL_PUBLIC; IMD not yet published),0.244,ERA5-Land via Open-Meteo (REAL_PUBLIC; no IMD soil-moisture grid)
2026-04-11,0.0,36.9,ERA5 via Open-Meteo (REAL_PUBLIC; IMD not yet published),ERA5 via Open-Meteo (REAL_PUBLIC; IMD not yet published),0.255,ERA5-Land via Open-Meteo (REAL_PUBLIC; no IMD soil-moisture grid)
2026-04-12,0.0,39.2,ERA5 via Open-Meteo (REAL_PUBLIC; IMD not yet published),ERA5 via Open-Meteo (REAL_PUBLIC; IMD not yet published),0.27,ERA5-Land via Open-Meteo (REAL_PUBLIC; no IMD soil-moisture grid)
2026-04-13,0.0,39.1,ERA5 via Open-Meteo (REAL_PUBLIC; IMD not yet published),ERA5 via Open-Meteo (REAL_PUBLIC; IMD not yet published),0.277,ERA5-Land via Open-Meteo (REAL_PUBLIC; no IMD soil-moisture grid)
2026-04-14,0.0,39.3,ERA5 via Open-Meteo (REAL_PUBLIC; IMD not yet published),ERA5 via Open-Meteo (REAL_PUBLIC; IMD not yet published),0.268,ERA5-Land via Open-Meteo (REAL_PUBLIC; no IMD soil-moisture grid)
2026-04-15,0.0,41.8,ERA5 via Open-Meteo (REAL_PUBLIC; IMD not yet published),ERA5 via Open-Meteo (REAL_PUBLIC; IMD not yet published),0.261,ERA5-Land via Open-Meteo (REAL_PUBLIC; no IMD soil-moisture grid)
2026-04-16,0.0,41.4,ERA5 via Open-Meteo (REAL_PUBLIC; IMD not yet published),ERA5 via Open-Meteo (REAL_PUBLIC; IMD not yet published),0.255,ERA5-Land via Open-Meteo (REAL_PUBLIC; no IMD soil-moisture grid)
2026-04-17,0.0,41.2,ERA5 via Open-Meteo (REAL_PUBLIC; IMD not yet published),ERA5 via Open-Meteo (REAL_PUBLIC; IMD not yet published),0.252,ERA5-Land via Open-Meteo (REAL_PUBLIC; no IMD soil-moisture grid)
2026-04-18,0.0,41.3,ERA5 via Open-Meteo (REAL_PUBLIC; IMD not yet published),ERA5 via Open-Meteo (REAL_PUBLIC; IMD not yet published),0.251,ERA5-Land via Open-Meteo (REAL_PUBLIC; no IMD soil-moisture grid)
2026-04-19,0.0,41.5,ERA5 via Open-Meteo (REAL_PUBLIC; IMD not yet published),ERA5 via Open-Meteo (REAL_PUBLIC; IMD not yet published),0.25,ERA5-Land via Open-Meteo (REAL_PUBLIC; no IMD soil-moisture grid)
2026-04-20,0.0,42.0,ERA5 via Open-Meteo (REAL_PUBLIC; IMD not yet published),ERA5 via Open-Meteo (REAL_PUBLIC; IMD not yet published),0.25,ERA5-Land via Open-Meteo (REAL_PUBLIC; no IMD soil-moisture grid)
2026-04-21,0.0,40.9,ERA5 via Open-Meteo (REAL_PUBLIC; IMD not yet published),ERA5 via Open-Meteo (REAL_PUBLIC; IMD not yet published),0.25,ERA5-Land via Open-Meteo (REAL_PUBLIC; no IMD soil-moisture grid)
2026-04-22,0.0,41.2,ERA5 via Open-Meteo (REAL_PUBLIC; IMD not yet published),ERA5 via Open-Meteo (REAL_PUBLIC; IMD not yet published),0.259,ERA5-Land via Open-Meteo (REAL_PUBLIC; no IMD soil-moisture grid)
2026-04-23,0.0,42.0,ERA5 via Open-Meteo (REAL_PUBLIC; IMD not yet published),ERA5 via Open-Meteo (REAL_PUBLIC; IMD not yet published),0.26,ERA5-Land via Open-Meteo (REAL_PUBLIC; no IMD soil-moisture grid)
2026-04-24,0.0,42.6,ERA5 via Open-Meteo (REAL_PUBLIC; IMD not yet published),ERA5 via Open-Meteo (REAL_PUBLIC; IMD not yet published),0.25,ERA5-Land via Open-Meteo (REAL_PUBLIC; no IMD soil-moisture grid)
2026-04-25,0.0,42.6,ERA5 via Open-Meteo (REAL_PUBLIC; IMD not yet published),ERA5 via Open-Meteo (REAL_PUBLIC; IMD not yet published),0.265,ERA5-Land via Open-Meteo (REAL_PUBLIC; no IMD soil-moisture grid)
2026-04-26,0.0,42.6,ERA5 via Open-Meteo (REAL_PUBLIC; IMD not yet published),ERA5 via Open-Meteo (REAL_PUBLIC; IMD not yet published),0.273,ERA5-Land via Open-Meteo (REAL_PUBLIC; no IMD soil-moisture grid)
2026-04-27,0.0,42.3,ERA5 via Open-Meteo (REAL_PUBLIC; IMD not yet published),ERA5 via Open-Meteo (REAL_PUBLIC; IMD not yet published),0.261,ERA5-Land via Open-Meteo (REAL_PUBLIC; no IMD soil-moisture grid)
2026-04-28,0.0,42.9,ERA5 via Open-Meteo (REAL_PUBLIC; IMD not yet published),ERA5 via Open-Meteo (REAL_PUBLIC; IMD not yet published),0.255,ERA5-Land via Open-Meteo (REAL_PUBLIC; no IMD soil-moisture grid)
2026-04-29,0.0,42.8,ERA5 via Open-Meteo (REAL_PUBLIC; IMD not yet published),ERA5 via Open-Meteo (REAL_PUBLIC; IMD not yet published),0.252,ERA5-Land via Open-Meteo (REAL_PUBLIC; no IMD soil-moisture grid)
2026-04-30,0.0,40.3,ERA5 via Open-Meteo (REAL_PUBLIC; IMD not yet published),ERA5 via Open-Meteo (REAL_PUBLIC; IMD not yet published),0.25,ERA5-Land via Open-Meteo (REAL_PUBLIC; no IMD soil-moisture grid)
2026-05-01,0.0,39.1,ERA5 via Open-Meteo (REAL_PUBLIC; IMD not yet published),ERA5 via Open-Meteo (REAL_PUBLIC; IMD not yet published),0.25,ERA5-Land via Open-Meteo (REAL_PUBLIC; no IMD soil-moisture grid)
2026-05-02,0.1,40.8,ERA5 via Open-Meteo (REAL_PUBLIC; IMD not yet published),ERA5 via Open-Meteo (REAL_PUBLIC; IMD not yet published),0.25,ERA5-Land via Open-Meteo (REAL_PUBLIC; no IMD soil-moisture grid)
2026-05-03,0.0,40.1,ERA5 via Open-Meteo (REAL_PUBLIC; IMD not yet published),ERA5 via Open-Meteo (REAL_PUBLIC; IMD not yet published),0.255,ERA5-Land via Open-Meteo (REAL_PUBLIC; no IMD soil-moisture grid)
2026-05-04,0.0,40.9,ERA5 via Open-Meteo (REAL_PUBLIC; IMD not yet published),ERA5 via Open-Meteo (REAL_PUBLIC; IMD not yet published),0.264,ERA5-Land via Open-Meteo (REAL_PUBLIC; no IMD soil-moisture grid)
2026-05-05,0.0,38.8,ERA5 via Open-Meteo (REAL_PUBLIC; IMD not yet published),ERA5 via Open-Meteo (REAL_PUBLIC; IMD not yet published),0.256,ERA5-Land via Open-Meteo (REAL_PUBLIC; no IMD soil-moisture grid)
2026-05-06,0.0,36.6,ERA5 via Open-Meteo (REAL_PUBLIC; IMD not yet published),ERA5 via Open-Meteo (REAL_PUBLIC; IMD not yet published),0.256,ERA5-Land via Open-Meteo (REAL_PUBLIC; no IMD soil-moisture grid)
2026-05-07,0.0,37.0,ERA5 via Open-Meteo (REAL_PUBLIC; IMD not yet published),ERA5 via Open-Meteo (REAL_PUBLIC; IMD not yet published),0.287,ERA5-Land via Open-Meteo (REAL_PUBLIC; no IMD soil-moisture grid)
2026-05-08,0.0,37.2,ERA5 via Open-Meteo (REAL_PUBLIC; IMD not yet published),ERA5 via Open-Meteo (REAL_PUBLIC; IMD not yet published),0.314,ERA5-Land via Open-Meteo (REAL_PUBLIC; no IMD soil-moisture grid)
2026-05-09,1.4,37.1,ERA5 via Open-Meteo (REAL_PUBLIC; IMD not yet published),ERA5 via Open-Meteo (REAL_PUBLIC; IMD not yet published),0.315,ERA5-Land via Open-Meteo (REAL_PUBLIC; no IMD soil-moisture grid)
2026-05-10,0.0,37.6,ERA5 via Open-Meteo (REAL_PUBLIC; IMD not yet published),ERA5 via Open-Meteo (REAL_PUBLIC; IMD not yet published),0.289,ERA5-Land via Open-Meteo (REAL_PUBLIC; no IMD soil-moisture grid)
2026-05-11,0.0,38.8,ERA5 via Open-Meteo (REAL_PUBLIC; IMD not yet published),ERA5 via Open-Meteo (REAL_PUBLIC; IMD not yet published),0.302,ERA5-Land via Open-Meteo (REAL_PUBLIC; no IMD soil-moisture grid)
2026-05-12,0.0,39.1,ERA5 via Open-Meteo (REAL_PUBLIC; IMD not yet published),ERA5 via Open-Meteo (REAL_PUBLIC; IMD not yet published),0.311,ERA5-Land via Open-Meteo (REAL_PUBLIC; no IMD soil-moisture grid)
2026-05-13,0.0,39.8,ERA5 via Open-Meteo (REAL_PUBLIC; IMD not yet published),ERA5 via Open-Meteo (REAL_PUBLIC; IMD not yet published),0.311,ERA5-Land via Open-Meteo (REAL_PUBLIC; no IMD soil-moisture grid)
2026-05-14,0.7,39.4,ERA5 via Open-Meteo (REAL_PUBLIC; IMD not yet published),ERA5 via Open-Meteo (REAL_PUBLIC; IMD not yet published),0.308,ERA5-Land via Open-Meteo (REAL_PUBLIC; no IMD soil-moisture grid)
2026-05-15,0.0,39.9,ERA5 via Open-Meteo (REAL_PUBLIC; IMD not yet published),ERA5 via Open-Meteo (REAL_PUBLIC; IMD not yet published),0.303,ERA5-Land via Open-Meteo (REAL_PUBLIC; no IMD soil-moisture grid)
2026-05-16,0.5,39.2,ERA5 via Open-Meteo (REAL_PUBLIC; IMD not yet published),ERA5 via Open-Meteo (REAL_PUBLIC; IMD not yet published),0.325,ERA5-Land via Open-Meteo (REAL_PUBLIC; no IMD soil-moisture grid)
2026-05-17,0.0,39.7,ERA5 via Open-Meteo (REAL_PUBLIC; IMD not yet published),ERA5 via Open-Meteo (REAL_PUBLIC; IMD not yet published),0.348,ERA5-Land via Open-Meteo (REAL_PUBLIC; no IMD soil-moisture grid)
2026-05-18,0.0,40.9,ERA5 via Open-Meteo (REAL_PUBLIC; IMD not yet published),ERA5 via Open-Meteo (REAL_PUBLIC; IMD not yet published),0.351,ERA5-Land via Open-Meteo (REAL_PUBLIC; no IMD soil-moisture grid)
2026-05-19,0.0,41.1,ERA5 via Open-Meteo (REAL_PUBLIC; IMD not yet published),ERA5 via Open-Meteo (REAL_PUBLIC; IMD not yet published),0.35,ERA5-Land via Open-Meteo (REAL_PUBLIC; no IMD soil-moisture grid)
2026-05-20,0.0,41.0,ERA5 via Open-Meteo (REAL_PUBLIC; IMD not yet published),ERA5 via Open-Meteo (REAL_PUBLIC; IMD not yet published),0.35,ERA5-Land via Open-Meteo (REAL_PUBLIC; no IMD soil-moisture grid)
2026-05-21,0.0,42.4,ERA5 via Open-Meteo (REAL_PUBLIC; IMD not yet published),ERA5 via Open-Meteo (REAL_PUBLIC; IMD not yet published),0.33,ERA5-Land via Open-Meteo (REAL_PUBLIC; no IMD soil-moisture grid)
2026-05-22,0.0,42.7,ERA5 via Open-Meteo (REAL_PUBLIC; IMD not yet published),ERA5 via Open-Meteo (REAL_PUBLIC; IMD not yet published),0.311,ERA5-Land via Open-Meteo (REAL_PUBLIC; no IMD soil-moisture grid)
2026-05-23,0.0,41.9,ERA5 via Open-Meteo (REAL_PUBLIC; IMD not yet published),ERA5 via Open-Meteo (REAL_PUBLIC; IMD not yet published),0.291,ERA5-Land via Open-Meteo (REAL_PUBLIC; no IMD soil-moisture grid)
2026-05-24,0.0,42.1,ERA5 via Open-Meteo (REAL_PUBLIC; IMD not yet published),ERA5 via Open-Meteo (REAL_PUBLIC; IMD not yet published),0.275,ERA5-Land via Open-Meteo (REAL_PUBLIC; no IMD soil-moisture grid)
2026-05-25,0.0,43.5,ERA5 via Open-Meteo (REAL_PUBLIC; IMD not yet published),ERA5 via Open-Meteo (REAL_PUBLIC; IMD not yet published),0.266,ERA5-Land via Open-Meteo (REAL_PUBLIC; no IMD soil-moisture grid)
2026-05-26,0.0,42.3,ERA5 via Open-Meteo (REAL_PUBLIC; IMD not yet published),ERA5 via Open-Meteo (REAL_PUBLIC; IMD not yet published),0.257,ERA5-Land via Open-Meteo (REAL_PUBLIC; no IMD soil-moisture grid)
2026-05-27,0.0,42.8,ERA5 via Open-Meteo (REAL_PUBLIC; IMD not yet published),ERA5 via Open-Meteo (REAL_PUBLIC; IMD not yet published),0.253,ERA5-Land via Open-Meteo (REAL_PUBLIC; no IMD soil-moisture grid)
2026-05-28,0.0,44.0,ERA5 via Open-Meteo (REAL_PUBLIC; IMD not yet published),ERA5 via Open-Meteo (REAL_PUBLIC; IMD not yet published),0.251,ERA5-Land via Open-Meteo (REAL_PUBLIC; no IMD soil-moisture grid)
2026-05-29,0.4,40.4,ERA5 via Open-Meteo (REAL_PUBLIC; IMD not yet published),ERA5 via Open-Meteo (REAL_PUBLIC; IMD not yet published),0.252,ERA5-Land via Open-Meteo (REAL_PUBLIC; no IMD soil-moisture grid)
2026-05-30,0.5,38.7,ERA5 via Open-Meteo (REAL_PUBLIC; IMD not yet published),ERA5 via Open-Meteo (REAL_PUBLIC; IMD not yet published),0.254,ERA5-Land via Open-Meteo (REAL_PUBLIC; no IMD soil-moisture grid)
2026-05-31,0.0,38.6,ERA5 via Open-Meteo (REAL_PUBLIC; IMD not yet published),ERA5 via Open-Meteo (REAL_PUBLIC; IMD not yet published),0.243,ERA5-Land via Open-Meteo (REAL_PUBLIC; no IMD soil-moisture grid)
2026-06-01,0.0,37.4,ERA5 via Open-Meteo (REAL_PUBLIC; IMD not yet published),ERA5 via Open-Meteo (REAL_PUBLIC; IMD not yet published),0.237,ERA5-Land via Open-Meteo (REAL_PUBLIC; no IMD soil-moisture grid)
2026-06-02,0.1,37.8,ERA5 via Open-Meteo (REAL_PUBLIC; IMD not yet published),ERA5 via Open-Meteo (REAL_PUBLIC; IMD not yet published),0.242,ERA5-Land via Open-Meteo (REAL_PUBLIC; no IMD soil-moisture grid)
2026-06-03,0.5,38.4,ERA5 via Open-Meteo (REAL_PUBLIC; IMD not yet published),ERA5 via Open-Meteo (REAL_PUBLIC; IMD not yet published),0.255,ERA5-Land via Open-Meteo (REAL_PUBLIC; no IMD soil-moisture grid)
2026-06-04,1.4,39.0,ERA5 via Open-Meteo (REAL_PUBLIC; IMD not yet published),ERA5 via Open-Meteo (REAL_PUBLIC; IMD not yet published),0.235,ERA5-Land via Open-Meteo (REAL_PUBLIC; no IMD soil-moisture grid)
2026-06-05,0.0,37.5,ERA5 via Open-Meteo (REAL_PUBLIC; IMD not yet published),ERA5 via Open-Meteo (REAL_PUBLIC; IMD not yet published),0.219,ERA5-Land via Open-Meteo (REAL_PUBLIC; no IMD soil-moisture grid)
2026-06-06,1.7,37.0,ERA5 via Open-Meteo (REAL_PUBLIC; IMD not yet published),ERA5 via Open-Meteo (REAL_PUBLIC; IMD not yet published),0.225,ERA5-Land via Open-Meteo (REAL_PUBLIC; no IMD soil-moisture grid)
2026-06-07,0.1,38.8,ERA5 via Open-Meteo (REAL_PUBLIC; IMD not yet published),ERA5 via Open-Meteo (REAL_PUBLIC; IMD not yet published),0.235,ERA5-Land via Open-Meteo (REAL_PUBLIC; no IMD soil-moisture grid)
2026-06-08,1.8,40.2,ERA5 via Open-Meteo (REAL_PUBLIC; IMD not yet published),ERA5 via Open-Meteo (REAL_PUBLIC; IMD not yet published),0.246,ERA5-Land via Open-Meteo (REAL_PUBLIC; no IMD soil-moisture grid)
2026-06-09,4.4,40.0,ERA5 via Open-Meteo (REAL_PUBLIC; IMD not yet published),ERA5 via Open-Meteo (REAL_PUBLIC; IMD not yet published),0.266,ERA5-Land via Open-Meteo (REAL_PUBLIC; no IMD soil-moisture grid)
2026-06-10,0.7,40.7,ERA5 via Open-Meteo (REAL_PUBLIC; IMD not yet published),ERA5 via Open-Meteo (REAL_PUBLIC; IMD not yet published),0.26,ERA5-Land via Open-Meteo (REAL_PUBLIC; no IMD soil-moisture grid)
2026-06-11,0.0,39.9,ERA5 via Open-Meteo (REAL_PUBLIC; IMD not yet published),ERA5 via Open-Meteo (REAL_PUBLIC; IMD not yet published),0.26,ERA5-Land via Open-Meteo (REAL_PUBLIC; no IMD soil-moisture grid)
2026-06-12,1.4,38.4,ERA5 via Open-Meteo (REAL_PUBLIC; IMD not yet published),ERA5 via Open-Meteo (REAL_PUBLIC; IMD not yet published),0.265,ERA5-Land via Open-Meteo (REAL_PUBLIC; no IMD soil-moisture grid)
2026-06-13,1.2,35.4,ERA5 via Open-Meteo (REAL_PUBLIC; IMD not yet published),ERA5 via Open-Meteo (REAL_PUBLIC; IMD not yet published),0.315,ERA5-Land via Open-Meteo (REAL_PUBLIC; no IMD soil-moisture grid)
2026-06-14,2.3,37.3,ERA5 via Open-Meteo (REAL_PUBLIC; IMD not yet published),ERA5 via Open-Meteo (REAL_PUBLIC; IMD not yet published),0.384,ERA5-Land via Open-Meteo (REAL_PUBLIC; no IMD soil-moisture grid)
2026-06-15,0.0,37.0,ERA5 via Open-Meteo (REAL_PUBLIC; IMD not yet published),ERA5 via Open-Meteo (REAL_PUBLIC; IMD not yet published),0.393,ERA5-Land via Open-Meteo (REAL_PUBLIC; no IMD soil-moisture grid)
2026-06-16,0.0,37.7,ERA5 via Open-Meteo (REAL_PUBLIC; IMD not yet published),ERA5 via Open-Meteo (REAL_PUBLIC; IMD not yet published),0.373,ERA5-Land via Open-Meteo (REAL_PUBLIC; no IMD soil-moisture grid)
2026-06-17,0.8,37.5,ERA5 via Open-Meteo (REAL_PUBLIC; IMD not yet published),ERA5 via Open-Meteo (REAL_PUBLIC; IMD not yet published),0.351,ERA5-Land via Open-Meteo (REAL_PUBLIC; no IMD soil-moisture grid)
2026-06-18,3.1,37.1,ERA5 via Open-Meteo (REAL_PUBLIC; IMD not yet published),ERA5 via Open-Meteo (REAL_PUBLIC; IMD not yet published),0.37,ERA5-Land via Open-Meteo (REAL_PUBLIC; no IMD soil-moisture grid)
2026-06-19,0.4,37.1,ERA5 via Open-Meteo (REAL_PUBLIC; IMD not yet published),ERA5 via Open-Meteo (REAL_PUBLIC; IMD not yet published),0.408,ERA5-Land via Open-Meteo (REAL_PUBLIC; no IMD soil-moisture grid)
2026-06-20,0.0,38.3,ERA5 via Open-Meteo (REAL_PUBLIC; IMD not yet published),ERA5 via Open-Meteo (REAL_PUBLIC; IMD not yet published),0.345,ERA5-Land via Open-Meteo (REAL_PUBLIC; no IMD soil-moisture grid)
2026-06-21,0.9,38.2,ERA5 via Open-Meteo (REAL_PUBLIC; IMD not yet published),ERA5 via Open-Meteo (REAL_PUBLIC; IMD not yet published),0.302,ERA5-Land via Open-Meteo (REAL_PUBLIC; no IMD soil-moisture grid)
2026-06-22,4.9,36.9,ERA5 via Open-Meteo (REAL_PUBLIC; IMD not yet published),ERA5 via Open-Meteo (REAL_PUBLIC; IMD not yet published),0.325,ERA5-Land via Open-Meteo (REAL_PUBLIC; no IMD soil-moisture grid)
2026-06-23,4.8,35.4,ERA5 via Open-Meteo (REAL_PUBLIC; IMD not yet published),ERA5 via Open-Meteo (REAL_PUBLIC; IMD not yet published),0.393,ERA5-Land via Open-Meteo (REAL_PUBLIC; no IMD soil-moisture grid)
2026-06-24,4.3,33.5,ERA5 via Open-Meteo (REAL_PUBLIC; IMD not yet published),ERA5 via Open-Meteo (REAL_PUBLIC; IMD not yet published),0.384,ERA5-Land via Open-Meteo (REAL_PUBLIC; no IMD soil-moisture grid)
2026-06-25,2.4,34.1,ERA5 via Open-Meteo (REAL_PUBLIC; IMD not yet published),ERA5 via Open-Meteo (REAL_PUBLIC; IMD not yet published),0.374,ERA5-Land via Open-Meteo (REAL_PUBLIC; no IMD soil-moisture grid)
2026-06-26,4.3,34.9,ERA5 via Open-Meteo (REAL_PUBLIC; IMD not yet published),ERA5 via Open-Meteo (REAL_PUBLIC; IMD not yet published),0.366,ERA5-Land via Open-Meteo (REAL_PUBLIC; no IMD soil-moisture grid)
2026-06-27,1.8,35.6,ERA5 via Open-Meteo (REAL_PUBLIC; IMD not yet published),ERA5 via Open-Meteo (REAL_PUBLIC; IMD not yet published),0.368,ERA5-Land via Open-Meteo (REAL_PUBLIC; no IMD soil-moisture grid)
2026-06-28,0.4,34.6,ERA5 via Open-Meteo (REAL_PUBLIC; IMD not yet published),ERA5 via Open-Meteo (REAL_PUBLIC; IMD not yet published),0.403,ERA5-Land via Open-Meteo (REAL_PUBLIC; no IMD soil-moisture grid)
2026-06-29,5.9,34.0,ERA5 via Open-Meteo (REAL_PUBLIC; IMD not yet published),ERA5 via Open-Meteo (REAL_PUBLIC; IMD not yet published),0.411,ERA5-Land via Open-Meteo (REAL_PUBLIC; no IMD soil-moisture grid)
2026-06-30,17.8,28.8,ERA5 via Open-Meteo (REAL_PUBLIC; IMD not yet published),ERA5 via Open-Meteo (REAL_PUBLIC; IMD not yet published),0.441,ERA5-Land via Open-Meteo (REAL_PUBLIC; no IMD soil-moisture grid)
2026-07-01,36.2,29.0,ERA5 via Open-Meteo (REAL_PUBLIC; IMD not yet published),ERA5 via Open-Meteo (REAL_PUBLIC; IMD not yet published),0.5,ERA5-Land via Open-Meteo (REAL_PUBLIC; no IMD soil-moisture grid)
2026-07-02,31.5,27.7,ERA5 via Open-Meteo (REAL_PUBLIC; IMD not yet published),ERA5 via Open-Meteo (REAL_PUBLIC; IMD not yet published),0.512,ERA5-Land via Open-Meteo (REAL_PUBLIC; no IMD soil-moisture grid)
2026-07-03,44.2,27.8,ERA5 via Open-Meteo (REAL_PUBLIC; IMD not yet published),ERA5 via Open-Meteo (REAL_PUBLIC; IMD not yet published),0.51,ERA5-Land via Open-Meteo (REAL_PUBLIC; no IMD soil-moisture grid)
2026-07-04,8.7,31.4,ERA5 via Open-Meteo (REAL_PUBLIC; IMD not yet published),ERA5 via Open-Meteo (REAL_PUBLIC; IMD not yet published),0.506,ERA5-Land via Open-Meteo (REAL_PUBLIC; no IMD soil-moisture grid)
2026-07-05,17.5,31.5,ERA5 via Open-Meteo (REAL_PUBLIC; IMD not yet published),ERA5 via Open-Meteo (REAL_PUBLIC; IMD not yet published),0.508,ERA5-Land via Open-Meteo (REAL_PUBLIC; no IMD soil-moisture grid)
2026-07-06,6.6,30.5,ERA5 via Open-Meteo (REAL_PUBLIC; IMD not yet published),ERA5 via Open-Meteo (REAL_PUBLIC; IMD not yet published),0.504,ERA5-Land via Open-Meteo (REAL_PUBLIC; no IMD soil-moisture grid)
2026-07-07,5.7,30.4,ERA5 via Open-Meteo (REAL_PUBLIC; IMD not yet published),ERA5 via Open-Meteo (REAL_PUBLIC; IMD not yet published),0.501,ERA5-Land via Open-Meteo (REAL_PUBLIC; no IMD soil-moisture grid)
2026-07-08,8.3,30.9,ERA5 via Open-Meteo (REAL_PUBLIC; IMD not yet published),ERA5 via Open-Meteo (REAL_PUBLIC; IMD not yet published),0.504,ERA5-Land via Open-Meteo (REAL_PUBLIC; no IMD soil-moisture grid)
2026-07-09,7.3,32.8,ERA5 via Open-Meteo (REAL_PUBLIC; IMD not yet published),ERA5 via Open-Meteo (REAL_PUBLIC; IMD not yet published),0.497,ERA5-Land via Open-Meteo (REAL_PUBLIC; no IMD soil-moisture grid)
2026-07-10,2.2,33.5,ERA5 via Open-Meteo (REAL_PUBLIC; IMD not yet published),ERA5 via Open-Meteo (REAL_PUBLIC; IMD not yet published),0.483,ERA5-Land via Open-Meteo (REAL_PUBLIC; no IMD soil-moisture grid)
2026-07-11,0.6,33.1,ERA5 via Open-Meteo (REAL_PUBLIC; IMD not yet published),ERA5 via Open-Meteo (REAL_PUBLIC; IMD not yet published),0.47,ERA5-Land via Open-Meteo (REAL_PUBLIC; no IMD soil-moisture grid)
2026-07-12,0.0,33.6,ERA5 via Open-Meteo (REAL_PUBLIC; IMD not yet published),ERA5 via Open-Meteo (REAL_PUBLIC; IMD not yet published),0.456,ERA5-Land via Open-Meteo (REAL_PUBLIC; no IMD soil-moisture grid)
2026-07-13,0.7,33.4,ERA5 via Open-Meteo (REAL_PUBLIC; IMD not yet published),ERA5 via Open-Meteo (REAL_PUBLIC; IMD not yet published),0.437,ERA5-Land via Open-Meteo (REAL_PUBLIC; no IMD soil-moisture grid)
2026-07-14,0.2,34.6,ERA5 via Open-Meteo (REAL_PUBLIC; IMD not yet published),ERA5 via Open-Meteo (REAL_PUBLIC; IMD not yet published),0.418,ERA5-Land via Open-Meteo (REAL_PUBLIC; no IMD soil-moisture grid)
2026-07-15,0.7,33.2,ERA5 via Open-Meteo (REAL_PUBLIC; IMD not yet published),ERA5 via Open-Meteo (REAL_PUBLIC; IMD not yet published),0.397,ERA5-Land via Open-Meteo (REAL_PUBLIC; no IMD soil-moisture grid)
2026-07-16,15.2,33.4,ERA5 via Open-Meteo (REAL_PUBLIC; IMD not yet published),ERA5 via Open-Meteo (REAL_PUBLIC; IMD not yet published),0.421,ERA5-Land via Open-Meteo (REAL_PUBLIC; no IMD soil-moisture grid)
2026-07-17,30.4,26.8,ERA5 via Open-Meteo (REAL_PUBLIC; IMD not yet published),ERA5 via Open-Meteo (REAL_PUBLIC; IMD not yet published),0.501,ERA5-Land via Open-Meteo (REAL_PUBLIC; no IMD soil-moisture grid)
2026-07-18,28.5,30.1,ERA5 via Open-Meteo (REAL_PUBLIC; IMD not yet published),ERA5 via Open-Meteo (REAL_PUBLIC; IMD not yet published),0.507,ERA5-Land via Open-Meteo (REAL_PUBLIC; no IMD soil-moisture grid)
2026-07-19,10.5,31.7,ERA5 via Open-Meteo (REAL_PUBLIC; IMD not yet published),ERA5 via Open-Meteo (REAL_PUBLIC; IMD not yet published),0.5,ERA5-Land via Open-Meteo (REAL_PUBLIC; no IMD soil-moisture grid)
2026-07-20,21.1,30.3,ERA5 via Open-Meteo (REAL_PUBLIC; IMD not yet published),ERA5 via Open-Meteo (REAL_PUBLIC; IMD not yet published),0.503,ERA5-Land via Open-Meteo (REAL_PUBLIC; no IMD soil-moisture grid)
2026-07-21,41.3,26.3,ERA5 via Open-Meteo (REAL_PUBLIC; IMD not yet published),ERA5 via Open-Meteo (REAL_PUBLIC; IMD not yet published),0.514,ERA5-Land via Open-Meteo (REAL_PUBLIC; no IMD soil-moisture grid)
2026-07-22,15.2,26.2,ERA5 via Open-Meteo (REAL_PUBLIC; IMD not yet published),ERA5 via Open-Meteo (REAL_PUBLIC; IMD not yet published),0.508,ERA5-Land via Open-Meteo (REAL_PUBLIC; no IMD soil-moisture grid)
2026-07-23,2.8,28.0,ERA5 via Open-Meteo (REAL_PUBLIC; IMD not yet published),ERA5 via Open-Meteo (REAL_PUBLIC; IMD not yet published),0.502,ERA5-Land via Open-Meteo (REAL_PUBLIC; no IMD soil-moisture grid)
2026-07-24,2.3,30.7,ERA5 via Open-Meteo (REAL_PUBLIC; IMD not yet published),ERA5 via Open-Meteo (REAL_PUBLIC; IMD not yet published),0.491,ERA5-Land via Open-Meteo (REAL_PUBLIC; no IMD soil-moisture grid)
2026-07-25,1.0,32.4,ERA5 via Open-Meteo (REAL_PUBLIC; IMD not yet published),ERA5 via Open-Meteo (REAL_PUBLIC; IMD not yet published),0.473,ERA5-Land via Open-Meteo (REAL_PUBLIC; no IMD soil-moisture grid)
2026-07-26,6.4,32.3,ERA5 via Open-Meteo (REAL_PUBLIC; IMD not yet published),ERA5 via Open-Meteo (REAL_PUBLIC; IMD not yet published),0.477,ERA5-Land via Open-Meteo (REAL_PUBLIC; no IMD soil-moisture grid)
2026-07-27,42.1,31.9,ERA5 via Open-Meteo (REAL_PUBLIC; IMD not yet published),ERA5 via Open-Meteo (REAL_PUBLIC; IMD not yet published),0.505,ERA5-Land via Open-Meteo (REAL_PUBLIC; no IMD soil-moisture grid)
2026-07-28,13.7,30.5,ERA5 via Open-Meteo (REAL_PUBLIC; IMD not yet published),ERA5 via Open-Meteo (REAL_PUBLIC; IMD not yet published),0.505,ERA5-Land via Open-Meteo (REAL_PUBLIC; no IMD soil-moisture grid)
2026-07-29,51.3,31.3,ERA5 via Open-Meteo (REAL_PUBLIC; IMD not yet published),ERA5 via Open-Meteo (REAL_PUBLIC; IMD not yet published),0.508,ERA5-Land via Open-Meteo (REAL_PUBLIC; no IMD soil-moisture grid)
2026-07-30,7.3,30.7,ERA5 via Open-Meteo (REAL_PUBLIC; IMD not yet published),ERA5 via Open-Meteo (REAL_PUBLIC; IMD not yet published),0.502,ERA5-Land via Open-Meteo (REAL_PUBLIC; no IMD soil-moisture grid)
2026-07-31,5.2,29.0,ERA5 via Open-Meteo (REAL_PUBLIC; IMD not yet published),ERA5 via Open-Meteo (REAL_PUBLIC; IMD not yet published),0.504,ERA5-Land via Open-Meteo (REAL_PUBLIC; no IMD soil-moisture grid)
2026-08-01,2.0,30.3,ERA5 via Open-Meteo (REAL_PUBLIC; IMD not yet published),ERA5 via Open-Meteo (REAL_PUBLIC; IMD not yet published),0.494,ERA5-Land via Open-Meteo (REAL_PUBLIC; no IMD soil-moisture grid)
2026-08-02,0.1,31.9,ERA5 via Open-Meteo (REAL_PUBLIC; IMD not yet published),ERA5 via Open-Meteo (REAL_PUBLIC; IMD not yet published),0.477,ERA5-Land via Open-Meteo (REAL_PUBLIC; no IMD soil-moisture grid)
2026-08-03,0.9,32.3,ERA5 via Open-Meteo (REAL_PUBLIC; IMD not yet published),ERA5 via Open-Meteo (REAL_PUBLIC; IMD not yet published),0.462,ERA5-Land via Open-Meteo (REAL_PUBLIC; no IMD soil-moisture grid)
2026-08-04,4.3,31.3,ERA5 via Open-Meteo (REAL_PUBLIC; IMD not yet published),ERA5 via Open-Meteo (REAL_PUBLIC; IMD not yet published),0.461,ERA5-Land via Open-Meteo (REAL_PUBLIC; no IMD soil-moisture grid)
2026-08-05,2.5,32.1,ERA5 via Open-Meteo (REAL_PUBLIC; IMD not yet published),ERA5 via Open-Meteo (REAL_PUBLIC; IMD not yet published),0.47,ERA5-Land via Open-Meteo (REAL_PUBLIC; no IMD soil-moisture grid)
2026-08-06,1.4,31.8,ERA5 via Open-Meteo (REAL_PUBLIC; IMD not yet published),ERA5 via Open-Meteo (REAL_PUBLIC; IMD not yet published),0.445,ERA5-Land via Open-Meteo (REAL_PUBLIC; no IMD soil-moisture grid)
2026-08-07,39.5,29.0,ERA5 via Open-Meteo (REAL_PUBLIC; IMD not yet published),ERA5 via Open-Meteo (REAL_PUBLIC; IMD not yet published),0.468,ERA5-Land via Open-Meteo (REAL_PUBLIC; no IMD soil-moisture grid)
2026-08-08,25.6,30.5,ERA5 via Open-Meteo (REAL_PUBLIC; IMD not yet published),ERA5 via Open-Meteo (REAL_PUBLIC; IMD not yet published),0.508,ERA5-Land via Open-Meteo (REAL_PUBLIC; no IMD soil-moisture grid)
2026-08-09,41.0,28.8,ERA5 via Open-Meteo (REAL_PUBLIC; IMD not yet published),ERA5 via Open-Meteo (REAL_PUBLIC; IMD not yet published),0.507,ERA5-Land via Open-Meteo (REAL_PUBLIC; no IMD soil-moisture grid)
2026-08-10,2.5,30.8,ERA5 via Open-Meteo (REAL_PUBLIC; IMD not yet published),ERA5 via Open-Meteo (REAL_PUBLIC; IMD not yet published),0.497,ERA5-Land via Open-Meteo (REAL_PUBLIC; no IMD soil-moisture grid)
2026-08-11,2.6,30.2,ERA5 via Open-Meteo (REAL_PUBLIC; IMD not yet published),ERA5 via Open-Meteo (REAL_PUBLIC; IMD not yet published),0.489,ERA5-Land via Open-Meteo (REAL_PUBLIC; no IMD soil-moisture grid)
2026-08-12,3.7,30.3,ERA5 via Open-Meteo (REAL_PUBLIC; IMD not yet published),ERA5 via Open-Meteo (REAL_PUBLIC; IMD not yet published),0.491,ERA5-Land via Open-Meteo (REAL_PUBLIC; no IMD soil-moisture grid)
2026-08-13,1.3,31.0,ERA5 via Open-Meteo (REAL_PUBLIC; IMD not yet published),ERA5 via Open-Meteo (REAL_PUBLIC; IMD not yet published),0.483,ERA5-Land via Open-Meteo (REAL_PUBLIC; no IMD soil-moisture grid)
2026-08-14,3.0,29.9,ERA5 via Open-Meteo (REAL_PUBLIC; IMD not yet published),ERA5 via Open-Meteo (REAL_PUBLIC; IMD not yet published),0.48,ERA5-Land via Open-Meteo (REAL_PUBLIC; no IMD soil-moisture grid)
2026-08-15,22.7,29.7,ERA5 via Open-Meteo (REAL_PUBLIC; IMD not yet published),ERA5 via Open-Meteo (REAL_PUBLIC; IMD not yet published),0.496,ERA5-Land via Open-Meteo (REAL_PUBLIC; no IMD soil-moisture grid)
2026-08-16,7.1,29.6,ERA5 via Open-Meteo (REAL_PUBLIC; IMD not yet published),ERA5 via Open-Meteo (REAL_PUBLIC; IMD not yet published),0.508,ERA5-Land via Open-Meteo (REAL_PUBLIC; no IMD soil-moisture grid)
2026-08-17,8.0,29.9,ERA5 via Open-Meteo (REAL_PUBLIC; IMD not yet published),ERA5 via Open-Meteo (REAL_PUBLIC; IMD not yet published),0.502,ERA5-Land via Open-Meteo (REAL_PUBLIC; no IMD soil-moisture grid)
2026-08-18,8.4,27.4,ERA5 via Open-Meteo (REAL_PUBLIC; IMD not yet published),ERA5 via Open-Meteo (REAL_PUBLIC; IMD not yet published),0.508,ERA5-Land via Open-Meteo (REAL_PUBLIC; no IMD soil-moisture grid)
2026-08-19,20.7,27.1,ERA5 via Open-Meteo (REAL_PUBLIC; IMD not yet published),ERA5 via Open-Meteo (REAL_PUBLIC; IMD not yet published),0.511,ERA5-Land via Open-Meteo (REAL_PUBLIC; no IMD soil-moisture grid)
2026-08-20,0.6,30.8,ERA5 via Open-Meteo (REAL_PUBLIC; IMD not yet published),ERA5 via Open-Meteo (REAL_PUBLIC; IMD not yet published),0.496,ERA5-Land via Open-Meteo (REAL_PUBLIC; no IMD soil-moisture grid)
2026-08-21,10.9,29.8,ERA5 via Open-Meteo (REAL_PUBLIC; IMD not yet published),ERA5 via Open-Meteo (REAL_PUBLIC; IMD not yet published),0.501,ERA5-Land via Open-Meteo (REAL_PUBLIC; no IMD soil-moisture grid)
2026-08-22,32.3,27.9,ERA5 via Open-Meteo (REAL_PUBLIC; IMD not yet published),ERA5 via Open-Meteo (REAL_PUBLIC; IMD not yet published),0.511,ERA5-Land via Open-Meteo (REAL_PUBLIC; no IMD soil-moisture grid)
2026-08-23,6.0,30.8,ERA5 via Open-Meteo (REAL_PUBLIC; IMD not yet published),ERA5 via Open-Meteo (REAL_PUBLIC; IMD not yet published),0.503,ERA5-Land via Open-Meteo (REAL_PUBLIC; no IMD soil-moisture grid)
2026-08-24,15.5,28.3,ERA5 via Open-Meteo (REAL_PUBLIC; IMD not yet published),ERA5 via Open-Meteo (REAL_PUBLIC; IMD not yet published),0.505,ERA5-Land via Open-Meteo (REAL_PUBLIC; no IMD soil-moisture grid)
2026-08-25,18.5,29.7,ERA5 via Open-Meteo (REAL_PUBLIC; IMD not yet published),ERA5 via Open-Meteo (REAL_PUBLIC; IMD not yet published),0.504,ERA5-Land via Open-Meteo (REAL_PUBLIC; no IMD soil-moisture grid)
2026-08-26,5.6,31.2,ERA5 via Open-Meteo (REAL_PUBLIC; IMD not yet published),ERA5 via Open-Meteo (REAL_PUBLIC; IMD not yet published),0.5,ERA5-Land via Open-Meteo (REAL_PUBLIC; no IMD soil-moisture grid)
2026-08-27,12.7,30.5,ERA5 via Open-Meteo (REAL_PUBLIC; IMD not yet published),ERA5 via Open-Meteo (REAL_PUBLIC; IMD not yet published),0.507,ERA5-Land via Open-Meteo (REAL_PUBLIC; no IMD soil-moisture grid)
2026-08-28,2.8,30.6,ERA5 via Open-Meteo (REAL_PUBLIC; IMD not yet published),ERA5 via Open-Meteo (REAL_PUBLIC; IMD not yet published),0.495,ERA5-Land via Open-Meteo (REAL_PUBLIC; no IMD soil-moisture grid)
2026-08-29,45.9,26.9,ERA5 via Open-Meteo (REAL_PUBLIC; IMD not yet published),ERA5 via Open-Meteo (REAL_PUBLIC; IMD not yet published),0.51,ERA5-Land via Open-Meteo (REAL_PUBLIC; no IMD soil-moisture grid)
2026-08-30,1.3,29.7,ERA5 via Open-Meteo (REAL_PUBLIC; IMD not yet published),ERA5 via Open-Meteo (REAL_PUBLIC; IMD not yet published),0.493,ERA5-Land via Open-Meteo (REAL_PUBLIC; no IMD soil-moisture grid)
2026-08-31,7.4,28.2,ERA5 via Open-Meteo (REAL_PUBLIC; IMD not yet published),ERA5 via Open-Meteo (REAL_PUBLIC; IMD not yet published),0.491,ERA5-Land via Open-Meteo (REAL_PUBLIC; no IMD soil-moisture grid)
2026-09-01,0.6,29.8,ERA5 via Open-Meteo (REAL_PUBLIC; IMD not yet published),ERA5 via Open-Meteo (REAL_PUBLIC; IMD not yet published),0.48,ERA5-Land via Open-Meteo (REAL_PUBLIC; no IMD soil-moisture grid)
2026-09-02,8.2,27.1,ERA5 via Open-Meteo (REAL_PUBLIC; IMD not yet published),ERA5 via Open-Meteo (REAL_PUBLIC; IMD not yet published),0.501,ERA5-Land via Open-Meteo (REAL_PUBLIC; no IMD soil-moisture grid)
2026-09-03,23.3,27.0,ERA5 via Open-Meteo (REAL_PUBLIC; IMD not yet published),ERA5 via Open-Meteo (REAL_PUBLIC; IMD not yet published),0.509,ERA5-Land via Open-Meteo (REAL_PUBLIC; no IMD soil-moisture grid)
2026-09-04,0.9,28.6,ERA5 via Open-Meteo (REAL_PUBLIC; IMD not yet published),ERA5 via Open-Meteo (REAL_PUBLIC; IMD not yet published),0.494,ERA5-Land via Open-Meteo (REAL_PUBLIC; no IMD soil-moisture grid)
2026-09-05,5.4,28.2,ERA5 via Open-Meteo (REAL_PUBLIC; IMD not yet published),ERA5 via Open-Meteo (REAL_PUBLIC; IMD not yet published),0.5,ERA5-Land via Open-Meteo (REAL_PUBLIC; no IMD soil-moisture grid)
2026-09-06,0.6,30.7,ERA5 via Open-Meteo (REAL_PUBLIC; IMD not yet published),ERA5 via Open-Meteo (REAL_PUBLIC; IMD not yet published),0.484,ERA5-Land via Open-Meteo (REAL_PUBLIC; no IMD soil-moisture grid)
2026-09-07,2.3,30.8,ERA5 via Open-Meteo (REAL_PUBLIC; IMD not yet published),ERA5 via Open-Meteo (REAL_PUBLIC; IMD not yet published),0.464,ERA5-Land via Open-Meteo (REAL_PUBLIC; no IMD soil-moisture grid)
2026-09-08,1.9,31.5,ERA5 via Open-Meteo (REAL_PUBLIC; IMD not yet published),ERA5 via Open-Meteo (REAL_PUBLIC; IMD not yet published),0.449,ERA5-Land via Open-Meteo (REAL_PUBLIC; no IMD soil-moisture grid)
2026-09-09,0.1,32.4,ERA5 via Open-Meteo (REAL_PUBLIC; IMD not yet published),ERA5 via Open-Meteo (REAL_PUBLIC; IMD not yet published),0.448,ERA5-Land via Open-Meteo (REAL_PUBLIC; no IMD soil-moisture grid)
2026-09-10,0.0,32.0,ERA5 via Open-Meteo (REAL_PUBLIC; IMD not yet published),ERA5 via Open-Meteo (REAL_PUBLIC; IMD not yet published),0.423,ERA5-Land via Open-Meteo (REAL_PUBLIC; no IMD soil-moisture grid)
2026-09-11,13.3,29.4,ERA5 via Open-Meteo (REAL_PUBLIC; IMD not yet published),ERA5 via Open-Meteo (REAL_PUBLIC; IMD not yet published),0.443,ERA5-Land via Open-Meteo (REAL_PUBLIC; no IMD soil-moisture grid)
2026-09-12,16.8,29.3,ERA5 via Open-Meteo (REAL_PUBLIC; IMD not yet published),ERA5 via Open-Meteo (REAL_PUBLIC; IMD not yet published),0.498,ERA5-Land via Open-Meteo (REAL_PUBLIC; no IMD soil-moisture grid)
2026-09-13,23.5,26.7,ERA5 via Open-Meteo (REAL_PUBLIC; IMD not yet published),ERA5 via Open-Meteo (REAL_PUBLIC; IMD not yet published),0.505,ERA5-Land via Open-Meteo (REAL_PUBLIC; no IMD soil-moisture grid)
2026-09-14,3.7,28.6,ERA5 via Open-Meteo (REAL_PUBLIC; IMD not yet published),ERA5 via Open-Meteo (REAL_PUBLIC; IMD not yet published),0.489,ERA5-Land via Open-Meteo (REAL_PUBLIC; no IMD soil-moisture grid)
2026-09-15,4.7,30.2,ERA5 via Open-Meteo (REAL_PUBLIC; IMD not yet published),ERA5 via Open-Meteo (REAL_PUBLIC; IMD not yet published),0.493,ERA5-Land via Open-Meteo (REAL_PUBLIC; no IMD soil-moisture grid)
2026-09-16,0.6,31.4,ERA5 via Open-Meteo (REAL_PUBLIC; IMD not yet published),ERA5 via Open-Meteo (REAL_PUBLIC; IMD not yet published),0.479,ERA5-Land via Open-Meteo (REAL_PUBLIC; no IMD soil-moisture grid)
2026-09-17,3.5,31.6,ERA5 via Open-Meteo (REAL_PUBLIC; IMD not yet published),ERA5 via Open-Meteo (REAL_PUBLIC; IMD not yet published),0.469,ERA5-Land via Open-Meteo (REAL_PUBLIC; no IMD soil-moisture grid)
2026-09-18,8.1,31.9,ERA5 via Open-Meteo (REAL_PUBLIC; IMD not yet published),ERA5 via Open-Meteo (REAL_PUBLIC; IMD not yet published),0.449,ERA5-Land via Open-Meteo (REAL_PUBLIC; no IMD soil-moisture grid)
2026-09-19,1.1,31.6,ERA5 via Open-Meteo (REAL_PUBLIC; IMD not yet published),ERA5 via Open-Meteo (REAL_PUBLIC; IMD not yet published),0.415,ERA5-Land via Open-Meteo (REAL_PUBLIC; no IMD soil-moisture grid)
2026-09-20,5.9,31.5,ERA5 via Open-Meteo (REAL_PUBLIC; IMD not yet published),ERA5 via Open-Meteo (REAL_PUBLIC; IMD not yet published),0.408,ERA5-Land via Open-Meteo (REAL_PUBLIC; no IMD soil-moisture grid)
2026-09-21,1.7,31.0,ERA5 via Open-Meteo (REAL_PUBLIC; IMD not yet published),ERA5 via Open-Meteo (REAL_PUBLIC; IMD not yet published),0.431,ERA5-Land via Open-Meteo (REAL_PUBLIC; no IMD soil-moisture grid)
2026-09-22,4.7,31.0,ERA5 via Open-Meteo (REAL_PUBLIC; IMD not yet published),ERA5 via Open-Meteo (REAL_PUBLIC; IMD not yet published),0.397,ERA5-Land via Open-Meteo (REAL_PUBLIC; no IMD soil-moisture grid)
2026-09-23,10.5,31.5,ERA5 via Open-Meteo (REAL_PUBLIC; IMD not yet published),ERA5 via Open-Meteo (REAL_PUBLIC; IMD not yet published),0.393,ERA5-Land via Open-Meteo (REAL_PUBLIC; no IMD soil-moisture grid)
2026-09-24,3.9,30.0,ERA5 via Open-Meteo (REAL_PUBLIC; IMD not yet published),ERA5 via Open-Meteo (REAL_PUBLIC; IMD not yet published),0.381,ERA5-Land via Open-Meteo (REAL_PUBLIC; no IMD soil-moisture grid)
