date,belt_rainfall_mm,belt_tmax_c,mine_cell_rainfall_mm,mine_cell_tmax_c,source,provenance
2012-01-01,10.49,25.24,0.5,25.49,"IMD gridded (rainfall 0.25 deg, Tmax 1 deg)",REAL_GOVERNMENT
2012-01-02,13.85,22.9,24.56,23.58,"IMD gridded (rainfall 0.25 deg, Tmax 1 deg)",REAL_GOVERNMENT
2012-01-03,0.0,24.08,0.0,25.02,"IMD gridded (rainfall 0.25 deg, Tmax 1 deg)",REAL_GOVERNMENT
2012-01-04,0.0,26.55,0.0,26.98,"IMD gridded (rainfall 0.25 deg, Tmax 1 deg)",REAL_GOVERNMENT
2012-01-05,0.0,27.57,0.0,28.05,"IMD gridded (rainfall 0.25 deg, Tmax 1 deg)",REAL_GOVERNMENT
2012-01-06,0.0,27.44,0.0,28.06,"IMD gridded (rainfall 0.25 deg, Tmax 1 deg)",REAL_GOVERNMENT
2012-01-07,0.0,26.53,0.0,27.12,"IMD gridded (rainfall 0.25 deg, Tmax 1 deg)",REAL_GOVERNMENT
2012-01-08,0.0,24.52,0.0,25.34,"IMD gridded (rainfall 0.25 deg, Tmax 1 deg)",REAL_GOVERNMENT
2012-01-09,0.0,21.9,0.0,22.59,"IMD gridded (rainfall 0.25 deg, Tmax 1 deg)",REAL_GOVERNMENT
2012-01-10,0.0,22.41,0.0,23.15,"IMD gridded (rainfall 0.25 deg, Tmax 1 deg)",REAL_GOVERNMENT
2012-01-11,0.0,22.32,0.0,23.1,"IMD gridded (rainfall 0.25 deg, Tmax 1 deg)",REAL_GOVERNMENT
2012-01-12,0.0,22.54,0.0,23.32,"IMD gridded (rainfall 0.25 deg, Tmax 1 deg)",REAL_GOVERNMENT
2012-01-13,0.0,22.39,0.0,22.99,"IMD gridded (rainfall 0.25 deg, Tmax 1 deg)",REAL_GOVERNMENT
2012-01-14,0.0,24.1,0.0,24.45,"IMD gridded (rainfall 0.25 deg, Tmax 1 deg)",REAL_GOVERNMENT
2012-01-15,0.0,26.51,0.0,26.82,"IMD gridded (rainfall 0.25 deg, Tmax 1 deg)",REAL_GOVERNMENT
2012-01-16,0.0,28.31,0.0,28.63,"IMD gridded (rainfall 0.25 deg, Tmax 1 deg)",REAL_GOVERNMENT
2012-01-17,0.0,27.92,0.0,28.36,"IMD gridded (rainfall 0.25 deg, Tmax 1 deg)",REAL_GOVERNMENT
2012-01-18,0.0,26.5,0.0,26.94,"IMD gridded (rainfall 0.25 deg, Tmax 1 deg)",REAL_GOVERNMENT
2012-01-19,0.0,24.78,0.0,25.24,"IMD gridded (rainfall 0.25 deg, Tmax 1 deg)",REAL_GOVERNMENT
2012-01-20,0.0,21.97,0.0,22.58,"IMD gridded (rainfall 0.25 deg, Tmax 1 deg)",REAL_GOVERNMENT
2012-01-21,0.0,22.08,0.0,22.64,"IMD gridded (rainfall 0.25 deg, Tmax 1 deg)",REAL_GOVERNMENT
2012-01-22,0.0,25.45,0.0,25.75,"IMD gridded (rainfall 0.25 deg, Tmax 1 deg)",REAL_GOVERNMENT
2012-01-23,0.0,26.35,0.0,26.77,"IMD gridded (rainfall 0.25 deg, Tmax 1 deg)",REAL_GOVERNMENT
2012-01-24,0.0,27.37,0.0,27.86,"IMD gridded (rainfall 0.25 deg, Tmax 1 deg)",REAL_GOVERNMENT
2012-01-25,0.32,26.66,0.0,27.1,"IMD gridded (rainfall 0.25 deg, Tmax 1 deg)",REAL_GOVERNMENT
2012-01-26,1.38,23.88,0.39,24.64,"IMD gridded (rainfall 0.25 deg, Tmax 1 deg)",REAL_GOVERNMENT
2012-01-27,0.33,25.55,0.0,26.16,"IMD gridded (rainfall 0.25 deg, Tmax 1 deg)",REAL_GOVERNMENT
2012-01-28,1.5,24.57,0.0,25.31,"IMD gridded (rainfall 0.25 deg, Tmax 1 deg)",REAL_GOVERNMENT
2012-01-29,6.34,23.14,0.18,23.91,"IMD gridded (rainfall 0.25 deg, Tmax 1 deg)",REAL_GOVERNMENT
2012-01-30,1.56,22.35,7.35,22.75,"IMD gridded (rainfall 0.25 deg, Tmax 1 deg)",REAL_GOVERNMENT
2012-01-31,2.34,24.08,0.23,24.49,"IMD gridded (rainfall 0.25 deg, Tmax 1 deg)",REAL_GOVERNMENT
2012-02-01,0.27,23.46,0.0,23.87,"IMD gridded (rainfall 0.25 deg, Tmax 1 deg)",REAL_GOVERNMENT
2012-02-02,0.0,24.83,0.0,25.5,"IMD gridded (rainfall 0.25 deg, Tmax 1 deg)",REAL_GOVERNMENT
2012-02-03,0.0,27.05,0.0,27.35,"IMD gridded (rainfall 0.25 deg, Tmax 1 deg)",REAL_GOVERNMENT
2012-02-04,0.0,29.85,0.0,30.33,"IMD gridded (rainfall 0.25 deg, Tmax 1 deg)",REAL_GOVERNMENT
2012-02-05,0.0,29.56,0.0,30.04,"IMD gridded (rainfall 0.25 deg, Tmax 1 deg)",REAL_GOVERNMENT
2012-02-06,0.0,29.91,0.0,30.41,"IMD gridded (rainfall 0.25 deg, Tmax 1 deg)",REAL_GOVERNMENT
2012-02-07,0.0,30.53,0.0,31.05,"IMD gridded (rainfall 0.25 deg, Tmax 1 deg)",REAL_GOVERNMENT
2012-02-08,0.0,24.89,0.0,24.93,"IMD gridded (rainfall 0.25 deg, Tmax 1 deg)",REAL_GOVERNMENT
2012-02-09,0.0,23.47,0.0,24.07,"IMD gridded (rainfall 0.25 deg, Tmax 1 deg)",REAL_GOVERNMENT
2012-02-10,0.0,24.04,0.0,24.55,"IMD gridded (rainfall 0.25 deg, Tmax 1 deg)",REAL_GOVERNMENT
2012-02-11,0.0,26.1,0.0,26.33,"IMD gridded (rainfall 0.25 deg, Tmax 1 deg)",REAL_GOVERNMENT
2012-02-12,0.0,28.9,0.0,29.26,"IMD gridded (rainfall 0.25 deg, Tmax 1 deg)",REAL_GOVERNMENT
2012-02-13,0.0,30.62,0.0,31.08,"IMD gridded (rainfall 0.25 deg, Tmax 1 deg)",REAL_GOVERNMENT
2012-02-14,0.0,31.04,0.0,31.43,"IMD gridded (rainfall 0.25 deg, Tmax 1 deg)",REAL_GOVERNMENT
2012-02-15,0.01,30.17,0.0,30.85,"IMD gridded (rainfall 0.25 deg, Tmax 1 deg)",REAL_GOVERNMENT
2012-02-16,1.81,28.2,0.21,28.8,"IMD gridded (rainfall 0.25 deg, Tmax 1 deg)",REAL_GOVERNMENT
2012-02-17,0.0,27.71,0.0,28.39,"IMD gridded (rainfall 0.25 deg, Tmax 1 deg)",REAL_GOVERNMENT
2012-02-18,0.0,29.66,0.0,30.34,"IMD gridded (rainfall 0.25 deg, Tmax 1 deg)",REAL_GOVERNMENT
2012-02-19,0.0,29.9,0.0,30.6,"IMD gridded (rainfall 0.25 deg, Tmax 1 deg)",REAL_GOVERNMENT
2012-02-20,0.0,31.88,0.0,32.3,"IMD gridded (rainfall 0.25 deg, Tmax 1 deg)",REAL_GOVERNMENT
2012-02-21,0.0,34.49,0.0,34.77,"IMD gridded (rainfall 0.25 deg, Tmax 1 deg)",REAL_GOVERNMENT
2012-02-22,0.0,34.37,0.0,34.52,"IMD gridded (rainfall 0.25 deg, Tmax 1 deg)",REAL_GOVERNMENT
2012-02-23,0.0,34.59,0.0,34.93,"IMD gridded (rainfall 0.25 deg, Tmax 1 deg)",REAL_GOVERNMENT
2012-02-24,0.0,34.83,0.0,35.18,"IMD gridded (rainfall 0.25 deg, Tmax 1 deg)",REAL_GOVERNMENT
2012-02-25,0.0,34.43,0.0,34.77,"IMD gridded (rainfall 0.25 deg, Tmax 1 deg)",REAL_GOVERNMENT
2012-02-26,0.0,32.22,0.0,33.18,"IMD gridded (rainfall 0.25 deg, Tmax 1 deg)",REAL_GOVERNMENT
2012-02-27,0.0,33.16,0.0,33.72,"IMD gridded (rainfall 0.25 deg, Tmax 1 deg)",REAL_GOVERNMENT
2012-02-28,0.0,33.42,0.0,33.95,"IMD gridded (rainfall 0.25 deg, Tmax 1 deg)",REAL_GOVERNMENT
2012-02-29,0.0,32.09,0.0,32.43,"IMD gridded (rainfall 0.25 deg, Tmax 1 deg)",REAL_GOVERNMENT
2012-03-01,0.0,32.71,0.0,33.07,"IMD gridded (rainfall 0.25 deg, Tmax 1 deg)",REAL_GOVERNMENT
2012-03-02,0.0,32.38,0.0,32.68,"IMD gridded (rainfall 0.25 deg, Tmax 1 deg)",REAL_GOVERNMENT
2012-03-03,0.0,32.06,0.0,32.36,"IMD gridded (rainfall 0.25 deg, Tmax 1 deg)",REAL_GOVERNMENT
2012-03-04,0.0,34.12,0.0,34.4,"IMD gridded (rainfall 0.25 deg, Tmax 1 deg)",REAL_GOVERNMENT
2012-03-05,0.0,35.24,0.0,35.5,"IMD gridded (rainfall 0.25 deg, Tmax 1 deg)",REAL_GOVERNMENT
2012-03-06,0.0,35.08,0.0,35.44,"IMD gridded (rainfall 0.25 deg, Tmax 1 deg)",REAL_GOVERNMENT
2012-03-07,0.0,32.55,0.0,32.83,"IMD gridded (rainfall 0.25 deg, Tmax 1 deg)",REAL_GOVERNMENT
2012-03-08,0.0,31.38,0.0,31.62,"IMD gridded (rainfall 0.25 deg, Tmax 1 deg)",REAL_GOVERNMENT
2012-03-09,0.0,29.72,0.0,30.12,"IMD gridded (rainfall 0.25 deg, Tmax 1 deg)",REAL_GOVERNMENT
2012-03-10,0.0,30.12,0.0,30.54,"IMD gridded (rainfall 0.25 deg, Tmax 1 deg)",REAL_GOVERNMENT
2012-03-11,0.0,32.45,0.0,32.77,"IMD gridded (rainfall 0.25 deg, Tmax 1 deg)",REAL_GOVERNMENT
2012-03-12,0.0,33.58,0.0,34.02,"IMD gridded (rainfall 0.25 deg, Tmax 1 deg)",REAL_GOVERNMENT
2012-03-13,0.0,32.26,0.0,32.62,"IMD gridded (rainfall 0.25 deg, Tmax 1 deg)",REAL_GOVERNMENT
2012-03-14,0.0,31.42,0.0,32.02,"IMD gridded (rainfall 0.25 deg, Tmax 1 deg)",REAL_GOVERNMENT
2012-03-15,0.0,33.71,0.0,34.04,"IMD gridded (rainfall 0.25 deg, Tmax 1 deg)",REAL_GOVERNMENT
2012-03-16,0.0,35.23,0.0,35.57,"IMD gridded (rainfall 0.25 deg, Tmax 1 deg)",REAL_GOVERNMENT
2012-03-17,0.0,36.76,0.0,37.09,"IMD gridded (rainfall 0.25 deg, Tmax 1 deg)",REAL_GOVERNMENT
2012-03-18,0.0,37.12,0.0,37.44,"IMD gridded (rainfall 0.25 deg, Tmax 1 deg)",REAL_GOVERNMENT
2012-03-19,0.0,37.58,0.0,37.69,"IMD gridded (rainfall 0.25 deg, Tmax 1 deg)",REAL_GOVERNMENT
2012-03-20,0.0,38.28,0.0,38.46,"IMD gridded (rainfall 0.25 deg, Tmax 1 deg)",REAL_GOVERNMENT
2012-03-21,0.0,37.61,0.0,38.2,"IMD gridded (rainfall 0.25 deg, Tmax 1 deg)",REAL_GOVERNMENT
2012-03-22,0.0,34.96,0.0,35.63,"IMD gridded (rainfall 0.25 deg, Tmax 1 deg)",REAL_GOVERNMENT
2012-03-23,0.0,36.45,0.0,36.74,"IMD gridded (rainfall 0.25 deg, Tmax 1 deg)",REAL_GOVERNMENT
2012-03-24,0.0,37.35,0.0,37.55,"IMD gridded (rainfall 0.25 deg, Tmax 1 deg)",REAL_GOVERNMENT
2012-03-25,0.0,37.75,0.0,38.07,"IMD gridded (rainfall 0.25 deg, Tmax 1 deg)",REAL_GOVERNMENT
2012-03-26,0.0,38.5,0.0,38.54,"IMD gridded (rainfall 0.25 deg, Tmax 1 deg)",REAL_GOVERNMENT
2012-03-27,0.0,38.83,0.0,38.95,"IMD gridded (rainfall 0.25 deg, Tmax 1 deg)",REAL_GOVERNMENT
2012-03-28,0.0,39.08,0.0,39.2,"IMD gridded (rainfall 0.25 deg, Tmax 1 deg)",REAL_GOVERNMENT
2012-03-29,0.0,38.39,0.0,38.61,"IMD gridded (rainfall 0.25 deg, Tmax 1 deg)",REAL_GOVERNMENT
2012-03-30,0.0,37.51,0.0,37.72,"IMD gridded (rainfall 0.25 deg, Tmax 1 deg)",REAL_GOVERNMENT
2012-03-31,0.0,38.47,0.0,38.63,"IMD gridded (rainfall 0.25 deg, Tmax 1 deg)",REAL_GOVERNMENT
2012-04-01,0.0,38.67,0.0,38.66,"IMD gridded (rainfall 0.25 deg, Tmax 1 deg)",REAL_GOVERNMENT
2012-04-02,0.0,39.64,0.0,39.64,"IMD gridded (rainfall 0.25 deg, Tmax 1 deg)",REAL_GOVERNMENT
2012-04-03,0.0,40.16,0.0,40.16,"IMD gridded (rainfall 0.25 deg, Tmax 1 deg)",REAL_GOVERNMENT
2012-04-04,0.07,40.15,0.0,40.24,"IMD gridded (rainfall 0.25 deg, Tmax 1 deg)",REAL_GOVERNMENT
2012-04-05,0.08,37.92,0.0,38.32,"IMD gridded (rainfall 0.25 deg, Tmax 1 deg)",REAL_GOVERNMENT
2012-04-06,0.56,37.97,0.0,38.08,"IMD gridded (rainfall 0.25 deg, Tmax 1 deg)",REAL_GOVERNMENT
2012-04-07,0.98,38.7,3.99,38.89,"IMD gridded (rainfall 0.25 deg, Tmax 1 deg)",REAL_GOVERNMENT
2012-04-08,0.0,39.86,0.0,39.92,"IMD gridded (rainfall 0.25 deg, Tmax 1 deg)",REAL_GOVERNMENT
2012-04-09,0.0,40.11,0.0,40.3,"IMD gridded (rainfall 0.25 deg, Tmax 1 deg)",REAL_GOVERNMENT
2012-04-10,0.0,40.56,0.0,40.55,"IMD gridded (rainfall 0.25 deg, Tmax 1 deg)",REAL_GOVERNMENT
2012-04-11,0.0,39.77,0.0,39.95,"IMD gridded (rainfall 0.25 deg, Tmax 1 deg)",REAL_GOVERNMENT
2012-04-12,0.0,38.72,0.0,38.77,"IMD gridded (rainfall 0.25 deg, Tmax 1 deg)",REAL_GOVERNMENT
2012-04-13,0.0,38.22,0.0,38.34,"IMD gridded (rainfall 0.25 deg, Tmax 1 deg)",REAL_GOVERNMENT
2012-04-14,0.0,38.15,0.0,38.33,"IMD gridded (rainfall 0.25 deg, Tmax 1 deg)",REAL_GOVERNMENT
2012-04-15,0.0,37.98,0.0,38.19,"IMD gridded (rainfall 0.25 deg, Tmax 1 deg)",REAL_GOVERNMENT
2012-04-16,0.0,38.55,0.0,38.78,"IMD gridded (rainfall 0.25 deg, Tmax 1 deg)",REAL_GOVERNMENT
2012-04-17,0.0,39.34,0.0,39.24,"IMD gridded (rainfall 0.25 deg, Tmax 1 deg)",REAL_GOVERNMENT
2012-04-18,0.0,40.17,0.0,40.19,"IMD gridded (rainfall 0.25 deg, Tmax 1 deg)",REAL_GOVERNMENT
2012-04-19,0.0,39.62,0.0,39.64,"IMD gridded (rainfall 0.25 deg, Tmax 1 deg)",REAL_GOVERNMENT
2012-04-20,0.0,39.81,0.0,39.86,"IMD gridded (rainfall 0.25 deg, Tmax 1 deg)",REAL_GOVERNMENT
2012-04-21,0.0,36.78,0.0,36.94,"IMD gridded (rainfall 0.25 deg, Tmax 1 deg)",REAL_GOVERNMENT
2012-04-22,0.0,38.76,0.0,38.79,"IMD gridded (rainfall 0.25 deg, Tmax 1 deg)",REAL_GOVERNMENT
2012-04-23,0.0,38.91,0.0,38.92,"IMD gridded (rainfall 0.25 deg, Tmax 1 deg)",REAL_GOVERNMENT
2012-04-24,0.0,39.17,0.0,39.18,"IMD gridded (rainfall 0.25 deg, Tmax 1 deg)",REAL_GOVERNMENT
2012-04-25,0.0,38.59,0.0,38.55,"IMD gridded (rainfall 0.25 deg, Tmax 1 deg)",REAL_GOVERNMENT
2012-04-26,0.0,39.83,0.0,39.74,"IMD gridded (rainfall 0.25 deg, Tmax 1 deg)",REAL_GOVERNMENT
2012-04-27,0.0,38.94,0.0,39.02,"IMD gridded (rainfall 0.25 deg, Tmax 1 deg)",REAL_GOVERNMENT
2012-04-28,0.0,38.92,0.0,38.89,"IMD gridded (rainfall 0.25 deg, Tmax 1 deg)",REAL_GOVERNMENT
2012-04-29,0.0,39.84,0.0,40.03,"IMD gridded (rainfall 0.25 deg, Tmax 1 deg)",REAL_GOVERNMENT
2012-04-30,0.0,40.02,0.0,40.15,"IMD gridded (rainfall 0.25 deg, Tmax 1 deg)",REAL_GOVERNMENT
2012-05-01,0.0,39.89,0.0,39.9,"IMD gridded (rainfall 0.25 deg, Tmax 1 deg)",REAL_GOVERNMENT
2012-05-02,0.0,40.26,0.0,40.37,"IMD gridded (rainfall 0.25 deg, Tmax 1 deg)",REAL_GOVERNMENT
2012-05-03,0.0,40.03,0.0,40.23,"IMD gridded (rainfall 0.25 deg, Tmax 1 deg)",REAL_GOVERNMENT
2012-05-04,0.0,38.53,0.0,38.85,"IMD gridded (rainfall 0.25 deg, Tmax 1 deg)",REAL_GOVERNMENT
2012-05-05,0.0,38.64,0.0,39.04,"IMD gridded (rainfall 0.25 deg, Tmax 1 deg)",REAL_GOVERNMENT
2012-05-06,0.0,39.2,0.0,39.3,"IMD gridded (rainfall 0.25 deg, Tmax 1 deg)",REAL_GOVERNMENT
2012-05-07,0.0,40.06,0.0,40.11,"IMD gridded (rainfall 0.25 deg, Tmax 1 deg)",REAL_GOVERNMENT
2012-05-08,0.0,38.91,0.0,38.97,"IMD gridded (rainfall 0.25 deg, Tmax 1 deg)",REAL_GOVERNMENT
2012-05-09,0.0,39.92,0.0,40.04,"IMD gridded (rainfall 0.25 deg, Tmax 1 deg)",REAL_GOVERNMENT
2012-05-10,0.0,40.25,0.0,40.36,"IMD gridded (rainfall 0.25 deg, Tmax 1 deg)",REAL_GOVERNMENT
2012-05-11,0.0,40.6,0.0,40.5,"IMD gridded (rainfall 0.25 deg, Tmax 1 deg)",REAL_GOVERNMENT
2012-05-12,0.0,39.57,0.0,39.49,"IMD gridded (rainfall 0.25 deg, Tmax 1 deg)",REAL_GOVERNMENT
2012-05-13,0.0,39.77,0.0,39.56,"IMD gridded (rainfall 0.25 deg, Tmax 1 deg)",REAL_GOVERNMENT
2012-05-14,0.0,40.0,0.0,39.8,"IMD gridded (rainfall 0.25 deg, Tmax 1 deg)",REAL_GOVERNMENT
2012-05-15,0.0,40.16,0.0,40.05,"IMD gridded (rainfall 0.25 deg, Tmax 1 deg)",REAL_GOVERNMENT
2012-05-16,0.0,40.78,0.0,40.86,"IMD gridded (rainfall 0.25 deg, Tmax 1 deg)",REAL_GOVERNMENT
2012-05-17,0.0,41.09,0.0,40.88,"IMD gridded (rainfall 0.25 deg, Tmax 1 deg)",REAL_GOVERNMENT
2012-05-18,0.0,41.8,0.0,41.78,"IMD gridded (rainfall 0.25 deg, Tmax 1 deg)",REAL_GOVERNMENT
2012-05-19,0.57,41.71,0.0,41.73,"IMD gridded (rainfall 0.25 deg, Tmax 1 deg)",REAL_GOVERNMENT
2012-05-20,0.0,42.1,0.0,42.14,"IMD gridded (rainfall 0.25 deg, Tmax 1 deg)",REAL_GOVERNMENT
2012-05-21,0.0,42.66,0.0,42.73,"IMD gridded (rainfall 0.25 deg, Tmax 1 deg)",REAL_GOVERNMENT
2012-05-22,0.0,42.81,0.0,42.83,"IMD gridded (rainfall 0.25 deg, Tmax 1 deg)",REAL_GOVERNMENT
2012-05-23,0.0,42.76,0.0,42.79,"IMD gridded (rainfall 0.25 deg, Tmax 1 deg)",REAL_GOVERNMENT
2012-05-24,0.0,43.14,0.0,43.18,"IMD gridded (rainfall 0.25 deg, Tmax 1 deg)",REAL_GOVERNMENT
2012-05-25,0.0,43.94,0.0,43.83,"IMD gridded (rainfall 0.25 deg, Tmax 1 deg)",REAL_GOVERNMENT
2012-05-26,0.0,43.74,0.0,43.64,"IMD gridded (rainfall 0.25 deg, Tmax 1 deg)",REAL_GOVERNMENT
2012-05-27,0.0,43.24,0.0,43.16,"IMD gridded (rainfall 0.25 deg, Tmax 1 deg)",REAL_GOVERNMENT
2012-05-28,0.0,43.13,0.0,43.08,"IMD gridded (rainfall 0.25 deg, Tmax 1 deg)",REAL_GOVERNMENT
2012-05-29,0.0,43.29,0.0,43.2,"IMD gridded (rainfall 0.25 deg, Tmax 1 deg)",REAL_GOVERNMENT
2012-05-30,0.0,43.83,0.0,43.79,"IMD gridded (rainfall 0.25 deg, Tmax 1 deg)",REAL_GOVERNMENT
2012-05-31,0.0,44.1,0.0,44.0,"IMD gridded (rainfall 0.25 deg, Tmax 1 deg)",REAL_GOVERNMENT
2012-06-01,0.0,43.42,0.0,43.13,"IMD gridded (rainfall 0.25 deg, Tmax 1 deg)",REAL_GOVERNMENT
2012-06-02,0.0,41.6,0.0,41.38,"IMD gridded (rainfall 0.25 deg, Tmax 1 deg)",REAL_GOVERNMENT
2012-06-03,0.0,40.16,0.0,39.82,"IMD gridded (rainfall 0.25 deg, Tmax 1 deg)",REAL_GOVERNMENT
2012-06-04,0.0,40.09,0.0,39.76,"IMD gridded (rainfall 0.25 deg, Tmax 1 deg)",REAL_GOVERNMENT
2012-06-05,0.0,40.48,0.0,40.25,"IMD gridded (rainfall 0.25 deg, Tmax 1 deg)",REAL_GOVERNMENT
2012-06-06,0.0,38.65,0.0,38.72,"IMD gridded (rainfall 0.25 deg, Tmax 1 deg)",REAL_GOVERNMENT
2012-06-07,1.45,35.92,0.68,35.46,"IMD gridded (rainfall 0.25 deg, Tmax 1 deg)",REAL_GOVERNMENT
2012-06-08,0.0,38.48,0.0,38.38,"IMD gridded (rainfall 0.25 deg, Tmax 1 deg)",REAL_GOVERNMENT
2012-06-09,0.0,39.7,0.0,39.39,"IMD gridded (rainfall 0.25 deg, Tmax 1 deg)",REAL_GOVERNMENT
2012-06-10,0.52,37.79,0.0,37.14,"IMD gridded (rainfall 0.25 deg, Tmax 1 deg)",REAL_GOVERNMENT
2012-06-11,4.97,37.59,2.81,36.99,"IMD gridded (rainfall 0.25 deg, Tmax 1 deg)",REAL_GOVERNMENT
2012-06-12,1.57,39.27,0.0,39.04,"IMD gridded (rainfall 0.25 deg, Tmax 1 deg)",REAL_GOVERNMENT
2012-06-13,0.05,39.27,0.0,39.14,"IMD gridded (rainfall 0.25 deg, Tmax 1 deg)",REAL_GOVERNMENT
2012-06-14,0.09,39.0,0.0,38.68,"IMD gridded (rainfall 0.25 deg, Tmax 1 deg)",REAL_GOVERNMENT
2012-06-15,0.77,39.13,0.43,38.97,"IMD gridded (rainfall 0.25 deg, Tmax 1 deg)",REAL_GOVERNMENT
2012-06-16,2.79,36.69,3.59,35.95,"IMD gridded (rainfall 0.25 deg, Tmax 1 deg)",REAL_GOVERNMENT
2012-06-17,13.97,35.61,16.21,35.77,"IMD gridded (rainfall 0.25 deg, Tmax 1 deg)",REAL_GOVERNMENT
2012-06-18,21.05,31.47,15.77,31.2,"IMD gridded (rainfall 0.25 deg, Tmax 1 deg)",REAL_GOVERNMENT
2012-06-19,4.36,32.21,0.0,31.54,"IMD gridded (rainfall 0.25 deg, Tmax 1 deg)",REAL_GOVERNMENT
2012-06-20,8.0,33.1,13.49,32.96,"IMD gridded (rainfall 0.25 deg, Tmax 1 deg)",REAL_GOVERNMENT
2012-06-21,6.49,33.56,6.52,32.88,"IMD gridded (rainfall 0.25 deg, Tmax 1 deg)",REAL_GOVERNMENT
2012-06-22,8.09,32.89,11.65,32.49,"IMD gridded (rainfall 0.25 deg, Tmax 1 deg)",REAL_GOVERNMENT
2012-06-23,1.61,33.07,3.14,33.04,"IMD gridded (rainfall 0.25 deg, Tmax 1 deg)",REAL_GOVERNMENT
2012-06-24,0.06,36.24,0.23,35.97,"IMD gridded (rainfall 0.25 deg, Tmax 1 deg)",REAL_GOVERNMENT
2012-06-25,0.0,36.34,0.0,36.03,"IMD gridded (rainfall 0.25 deg, Tmax 1 deg)",REAL_GOVERNMENT
2012-06-26,3.87,35.71,5.8,35.4,"IMD gridded (rainfall 0.25 deg, Tmax 1 deg)",REAL_GOVERNMENT
2012-06-27,0.0,36.06,0.0,35.88,"IMD gridded (rainfall 0.25 deg, Tmax 1 deg)",REAL_GOVERNMENT
2012-06-28,1.1,36.31,3.28,36.09,"IMD gridded (rainfall 0.25 deg, Tmax 1 deg)",REAL_GOVERNMENT
2012-06-29,1.03,36.2,1.43,35.81,"IMD gridded (rainfall 0.25 deg, Tmax 1 deg)",REAL_GOVERNMENT
2012-06-30,7.39,37.84,0.0,37.37,"IMD gridded (rainfall 0.25 deg, Tmax 1 deg)",REAL_GOVERNMENT
2012-07-01,3.07,35.46,1.47,34.53,"IMD gridded (rainfall 0.25 deg, Tmax 1 deg)",REAL_GOVERNMENT
2012-07-02,2.72,35.39,1.04,34.95,"IMD gridded (rainfall 0.25 deg, Tmax 1 deg)",REAL_GOVERNMENT
2012-07-03,9.33,33.53,10.15,32.47,"IMD gridded (rainfall 0.25 deg, Tmax 1 deg)",REAL_GOVERNMENT
2012-07-04,5.12,33.05,3.06,32.57,"IMD gridded (rainfall 0.25 deg, Tmax 1 deg)",REAL_GOVERNMENT
2012-07-05,0.0,32.17,0.0,32.08,"IMD gridded (rainfall 0.25 deg, Tmax 1 deg)",REAL_GOVERNMENT
2012-07-06,20.83,27.06,14.51,26.62,"IMD gridded (rainfall 0.25 deg, Tmax 1 deg)",REAL_GOVERNMENT
2012-07-07,13.0,26.67,11.45,26.19,"IMD gridded (rainfall 0.25 deg, Tmax 1 deg)",REAL_GOVERNMENT
2012-07-08,18.98,27.77,21.82,27.44,"IMD gridded (rainfall 0.25 deg, Tmax 1 deg)",REAL_GOVERNMENT
2012-07-09,17.4,27.63,34.12,27.56,"IMD gridded (rainfall 0.25 deg, Tmax 1 deg)",REAL_GOVERNMENT
2012-07-10,19.19,30.18,33.45,30.09,"IMD gridded (rainfall 0.25 deg, Tmax 1 deg)",REAL_GOVERNMENT
2012-07-11,6.3,31.78,7.78,31.53,"IMD gridded (rainfall 0.25 deg, Tmax 1 deg)",REAL_GOVERNMENT
2012-07-12,0.04,32.85,0.0,32.77,"IMD gridded (rainfall 0.25 deg, Tmax 1 deg)",REAL_GOVERNMENT
2012-07-13,6.25,32.26,1.82,31.99,"IMD gridded (rainfall 0.25 deg, Tmax 1 deg)",REAL_GOVERNMENT
2012-07-14,9.83,30.92,8.38,30.96,"IMD gridded (rainfall 0.25 deg, Tmax 1 deg)",REAL_GOVERNMENT
2012-07-15,19.05,30.0,32.05,29.93,"IMD gridded (rainfall 0.25 deg, Tmax 1 deg)",REAL_GOVERNMENT
2012-07-16,21.95,30.37,20.97,30.15,"IMD gridded (rainfall 0.25 deg, Tmax 1 deg)",REAL_GOVERNMENT
2012-07-17,4.68,31.89,6.04,31.92,"IMD gridded (rainfall 0.25 deg, Tmax 1 deg)",REAL_GOVERNMENT
2012-07-18,6.22,32.82,5.53,32.87,"IMD gridded (rainfall 0.25 deg, Tmax 1 deg)",REAL_GOVERNMENT
2012-07-19,5.4,31.18,6.18,31.02,"IMD gridded (rainfall 0.25 deg, Tmax 1 deg)",REAL_GOVERNMENT
2012-07-20,12.97,30.47,11.91,30.23,"IMD gridded (rainfall 0.25 deg, Tmax 1 deg)",REAL_GOVERNMENT
2012-07-21,11.81,29.72,24.39,29.29,"IMD gridded (rainfall 0.25 deg, Tmax 1 deg)",REAL_GOVERNMENT
2012-07-22,8.35,28.84,7.54,28.09,"IMD gridded (rainfall 0.25 deg, Tmax 1 deg)",REAL_GOVERNMENT
2012-07-23,13.14,27.69,9.6,27.23,"IMD gridded (rainfall 0.25 deg, Tmax 1 deg)",REAL_GOVERNMENT
2012-07-24,1.59,27.07,1.42,26.77,"IMD gridded (rainfall 0.25 deg, Tmax 1 deg)",REAL_GOVERNMENT
2012-07-25,8.84,27.7,9.93,27.64,"IMD gridded (rainfall 0.25 deg, Tmax 1 deg)",REAL_GOVERNMENT
2012-07-26,3.19,26.82,2.85,26.64,"IMD gridded (rainfall 0.25 deg, Tmax 1 deg)",REAL_GOVERNMENT
2012-07-27,27.66,26.81,30.9,26.73,"IMD gridded (rainfall 0.25 deg, Tmax 1 deg)",REAL_GOVERNMENT
2012-07-28,5.89,26.71,2.35,26.48,"IMD gridded (rainfall 0.25 deg, Tmax 1 deg)",REAL_GOVERNMENT
2012-07-29,3.26,26.39,2.27,26.26,"IMD gridded (rainfall 0.25 deg, Tmax 1 deg)",REAL_GOVERNMENT
2012-07-30,12.5,24.6,21.56,24.54,"IMD gridded (rainfall 0.25 deg, Tmax 1 deg)",REAL_GOVERNMENT
2012-07-31,38.72,24.79,36.61,24.66,"IMD gridded (rainfall 0.25 deg, Tmax 1 deg)",REAL_GOVERNMENT
2012-08-01,18.41,26.09,22.59,26.03,"IMD gridded (rainfall 0.25 deg, Tmax 1 deg)",REAL_GOVERNMENT
2012-08-02,7.13,27.54,9.32,27.55,"IMD gridded (rainfall 0.25 deg, Tmax 1 deg)",REAL_GOVERNMENT
2012-08-03,3.93,27.04,0.35,27.2,"IMD gridded (rainfall 0.25 deg, Tmax 1 deg)",REAL_GOVERNMENT
2012-08-04,7.85,27.16,4.46,26.94,"IMD gridded (rainfall 0.25 deg, Tmax 1 deg)",REAL_GOVERNMENT
2012-08-05,13.49,26.47,16.43,25.95,"IMD gridded (rainfall 0.25 deg, Tmax 1 deg)",REAL_GOVERNMENT
2012-08-06,26.07,26.3,18.22,25.86,"IMD gridded (rainfall 0.25 deg, Tmax 1 deg)",REAL_GOVERNMENT
2012-08-07,8.94,28.09,7.68,28.04,"IMD gridded (rainfall 0.25 deg, Tmax 1 deg)",REAL_GOVERNMENT
2012-08-08,7.5,28.61,1.97,28.91,"IMD gridded (rainfall 0.25 deg, Tmax 1 deg)",REAL_GOVERNMENT
2012-08-09,4.17,27.59,2.25,27.75,"IMD gridded (rainfall 0.25 deg, Tmax 1 deg)",REAL_GOVERNMENT
2012-08-10,7.51,26.64,5.14,26.54,"IMD gridded (rainfall 0.25 deg, Tmax 1 deg)",REAL_GOVERNMENT
2012-08-11,18.1,27.2,22.49,26.95,"IMD gridded (rainfall 0.25 deg, Tmax 1 deg)",REAL_GOVERNMENT
2012-08-12,5.71,26.39,5.24,26.27,"IMD gridded (rainfall 0.25 deg, Tmax 1 deg)",REAL_GOVERNMENT
2012-08-13,3.67,27.84,5.47,28.18,"IMD gridded (rainfall 0.25 deg, Tmax 1 deg)",REAL_GOVERNMENT
2012-08-14,0.79,27.24,0.54,27.02,"IMD gridded (rainfall 0.25 deg, Tmax 1 deg)",REAL_GOVERNMENT
2012-08-15,0.63,27.32,0.75,27.55,"IMD gridded (rainfall 0.25 deg, Tmax 1 deg)",REAL_GOVERNMENT
2012-08-16,1.36,28.31,1.04,28.49,"IMD gridded (rainfall 0.25 deg, Tmax 1 deg)",REAL_GOVERNMENT
2012-08-17,6.3,28.25,19.75,28.41,"IMD gridded (rainfall 0.25 deg, Tmax 1 deg)",REAL_GOVERNMENT
2012-08-18,1.2,27.53,0.73,27.22,"IMD gridded (rainfall 0.25 deg, Tmax 1 deg)",REAL_GOVERNMENT
2012-08-19,19.14,28.27,14.8,28.04,"IMD gridded (rainfall 0.25 deg, Tmax 1 deg)",REAL_GOVERNMENT
2012-08-20,38.38,29.06,31.93,29.01,"IMD gridded (rainfall 0.25 deg, Tmax 1 deg)",REAL_GOVERNMENT
2012-08-21,8.32,27.57,6.78,27.71,"IMD gridded (rainfall 0.25 deg, Tmax 1 deg)",REAL_GOVERNMENT
2012-08-22,21.78,28.01,35.04,28.18,"IMD gridded (rainfall 0.25 deg, Tmax 1 deg)",REAL_GOVERNMENT
2012-08-23,7.14,29.99,27.44,29.99,"IMD gridded (rainfall 0.25 deg, Tmax 1 deg)",REAL_GOVERNMENT
2012-08-24,5.04,30.14,5.52,30.23,"IMD gridded (rainfall 0.25 deg, Tmax 1 deg)",REAL_GOVERNMENT
2012-08-25,1.01,30.77,0.91,30.94,"IMD gridded (rainfall 0.25 deg, Tmax 1 deg)",REAL_GOVERNMENT
2012-08-26,14.12,28.48,16.99,28.31,"IMD gridded (rainfall 0.25 deg, Tmax 1 deg)",REAL_GOVERNMENT
2012-08-27,25.61,28.84,28.05,29.12,"IMD gridded (rainfall 0.25 deg, Tmax 1 deg)",REAL_GOVERNMENT
2012-08-28,6.23,30.42,11.73,30.38,"IMD gridded (rainfall 0.25 deg, Tmax 1 deg)",REAL_GOVERNMENT
2012-08-29,4.85,31.46,1.62,31.29,"IMD gridded (rainfall 0.25 deg, Tmax 1 deg)",REAL_GOVERNMENT
2012-08-30,0.87,31.9,0.38,31.81,"IMD gridded (rainfall 0.25 deg, Tmax 1 deg)",REAL_GOVERNMENT
2012-08-31,11.63,31.68,4.69,31.34,"IMD gridded (rainfall 0.25 deg, Tmax 1 deg)",REAL_GOVERNMENT
2012-09-01,3.23,31.77,2.16,31.66,"IMD gridded (rainfall 0.25 deg, Tmax 1 deg)",REAL_GOVERNMENT
2012-09-02,1.25,32.0,5.03,32.03,"IMD gridded (rainfall 0.25 deg, Tmax 1 deg)",REAL_GOVERNMENT
2012-09-03,9.25,30.94,24.48,30.72,"IMD gridded (rainfall 0.25 deg, Tmax 1 deg)",REAL_GOVERNMENT
2012-09-04,13.31,29.71,11.34,29.61,"IMD gridded (rainfall 0.25 deg, Tmax 1 deg)",REAL_GOVERNMENT
2012-09-05,68.04,26.83,78.72,26.75,"IMD gridded (rainfall 0.25 deg, Tmax 1 deg)",REAL_GOVERNMENT
2012-09-06,14.45,28.0,11.66,28.04,"IMD gridded (rainfall 0.25 deg, Tmax 1 deg)",REAL_GOVERNMENT
2012-09-07,23.62,30.03,38.8,30.1,"IMD gridded (rainfall 0.25 deg, Tmax 1 deg)",REAL_GOVERNMENT
2012-09-08,2.11,31.64,2.54,31.86,"IMD gridded (rainfall 0.25 deg, Tmax 1 deg)",REAL_GOVERNMENT
2012-09-09,3.72,31.09,3.67,31.08,"IMD gridded (rainfall 0.25 deg, Tmax 1 deg)",REAL_GOVERNMENT
2012-09-10,19.6,29.34,17.82,29.53,"IMD gridded (rainfall 0.25 deg, Tmax 1 deg)",REAL_GOVERNMENT
2012-09-11,17.44,29.88,2.82,29.64,"IMD gridded (rainfall 0.25 deg, Tmax 1 deg)",REAL_GOVERNMENT
2012-09-12,5.44,29.35,0.93,29.35,"IMD gridded (rainfall 0.25 deg, Tmax 1 deg)",REAL_GOVERNMENT
2012-09-13,2.95,28.61,6.54,28.67,"IMD gridded (rainfall 0.25 deg, Tmax 1 deg)",REAL_GOVERNMENT
2012-09-14,0.01,28.54,0.0,28.83,"IMD gridded (rainfall 0.25 deg, Tmax 1 deg)",REAL_GOVERNMENT
2012-09-15,1.99,29.03,2.71,29.05,"IMD gridded (rainfall 0.25 deg, Tmax 1 deg)",REAL_GOVERNMENT
2012-09-16,7.78,29.17,11.1,29.2,"IMD gridded (rainfall 0.25 deg, Tmax 1 deg)",REAL_GOVERNMENT
2012-09-17,1.78,29.86,0.9,29.94,"IMD gridded (rainfall 0.25 deg, Tmax 1 deg)",REAL_GOVERNMENT
2012-09-18,0.71,29.88,0.0,29.75,"IMD gridded (rainfall 0.25 deg, Tmax 1 deg)",REAL_GOVERNMENT
2012-09-19,1.26,30.31,1.11,30.13,"IMD gridded (rainfall 0.25 deg, Tmax 1 deg)",REAL_GOVERNMENT
2012-09-20,0.17,31.54,0.36,31.29,"IMD gridded (rainfall 0.25 deg, Tmax 1 deg)",REAL_GOVERNMENT
2012-09-21,8.59,30.99,12.99,30.92,"IMD gridded (rainfall 0.25 deg, Tmax 1 deg)",REAL_GOVERNMENT
2012-09-22,10.58,30.8,13.71,30.36,"IMD gridded (rainfall 0.25 deg, Tmax 1 deg)",REAL_GOVERNMENT
2012-09-23,8.85,31.76,3.11,31.45,"IMD gridded (rainfall 0.25 deg, Tmax 1 deg)",REAL_GOVERNMENT
2012-09-24,0.52,31.41,0.0,31.13,"IMD gridded (rainfall 0.25 deg, Tmax 1 deg)",REAL_GOVERNMENT
2012-09-25,0.01,31.1,0.0,30.87,"IMD gridded (rainfall 0.25 deg, Tmax 1 deg)",REAL_GOVERNMENT
2012-09-26,1.73,31.4,0.0,31.26,"IMD gridded (rainfall 0.25 deg, Tmax 1 deg)",REAL_GOVERNMENT
2012-09-27,1.86,31.37,0.0,31.18,"IMD gridded (rainfall 0.25 deg, Tmax 1 deg)",REAL_GOVERNMENT
2012-09-28,0.0,31.41,0.0,31.26,"IMD gridded (rainfall 0.25 deg, Tmax 1 deg)",REAL_GOVERNMENT
2012-09-29,0.0,32.54,0.0,32.53,"IMD gridded (rainfall 0.25 deg, Tmax 1 deg)",REAL_GOVERNMENT
2012-09-30,0.05,32.63,0.17,32.51,"IMD gridded (rainfall 0.25 deg, Tmax 1 deg)",REAL_GOVERNMENT
2012-10-01,1.61,32.41,0.0,32.39,"IMD gridded (rainfall 0.25 deg, Tmax 1 deg)",REAL_GOVERNMENT
2012-10-02,0.11,32.32,0.0,31.84,"IMD gridded (rainfall 0.25 deg, Tmax 1 deg)",REAL_GOVERNMENT
2012-10-03,7.44,30.97,2.27,30.45,"IMD gridded (rainfall 0.25 deg, Tmax 1 deg)",REAL_GOVERNMENT
2012-10-04,6.96,32.46,20.23,32.04,"IMD gridded (rainfall 0.25 deg, Tmax 1 deg)",REAL_GOVERNMENT
2012-10-05,0.0,33.59,0.0,33.29,"IMD gridded (rainfall 0.25 deg, Tmax 1 deg)",REAL_GOVERNMENT
2012-10-06,0.0,33.51,0.0,33.04,"IMD gridded (rainfall 0.25 deg, Tmax 1 deg)",REAL_GOVERNMENT
2012-10-07,0.0,33.52,0.0,33.44,"IMD gridded (rainfall 0.25 deg, Tmax 1 deg)",REAL_GOVERNMENT
2012-10-08,0.0,32.71,0.0,32.54,"IMD gridded (rainfall 0.25 deg, Tmax 1 deg)",REAL_GOVERNMENT
2012-10-09,0.0,32.3,0.0,32.17,"IMD gridded (rainfall 0.25 deg, Tmax 1 deg)",REAL_GOVERNMENT
2012-10-10,0.0,32.33,0.0,32.38,"IMD gridded (rainfall 0.25 deg, Tmax 1 deg)",REAL_GOVERNMENT
2012-10-11,0.0,31.58,0.0,31.48,"IMD gridded (rainfall 0.25 deg, Tmax 1 deg)",REAL_GOVERNMENT
2012-10-12,0.0,32.07,0.0,32.03,"IMD gridded (rainfall 0.25 deg, Tmax 1 deg)",REAL_GOVERNMENT
2012-10-13,0.0,32.8,0.0,32.46,"IMD gridded (rainfall 0.25 deg, Tmax 1 deg)",REAL_GOVERNMENT
2012-10-14,0.0,33.15,0.0,33.21,"IMD gridded (rainfall 0.25 deg, Tmax 1 deg)",REAL_GOVERNMENT
2012-10-15,0.0,33.4,0.0,33.09,"IMD gridded (rainfall 0.25 deg, Tmax 1 deg)",REAL_GOVERNMENT
2012-10-16,0.0,33.38,0.0,33.23,"IMD gridded (rainfall 0.25 deg, Tmax 1 deg)",REAL_GOVERNMENT
2012-10-17,0.0,32.67,0.0,32.46,"IMD gridded (rainfall 0.25 deg, Tmax 1 deg)",REAL_GOVERNMENT
2012-10-18,0.0,32.31,0.0,32.19,"IMD gridded (rainfall 0.25 deg, Tmax 1 deg)",REAL_GOVERNMENT
2012-10-19,0.0,32.09,0.0,31.71,"IMD gridded (rainfall 0.25 deg, Tmax 1 deg)",REAL_GOVERNMENT
2012-10-20,0.0,31.77,0.0,31.49,"IMD gridded (rainfall 0.25 deg, Tmax 1 deg)",REAL_GOVERNMENT
2012-10-21,0.0,29.23,0.0,29.0,"IMD gridded (rainfall 0.25 deg, Tmax 1 deg)",REAL_GOVERNMENT
2012-10-22,0.3,31.05,1.21,30.82,"IMD gridded (rainfall 0.25 deg, Tmax 1 deg)",REAL_GOVERNMENT
2012-10-23,0.0,31.79,0.0,31.51,"IMD gridded (rainfall 0.25 deg, Tmax 1 deg)",REAL_GOVERNMENT
2012-10-24,0.0,32.19,0.0,31.84,"IMD gridded (rainfall 0.25 deg, Tmax 1 deg)",REAL_GOVERNMENT
2012-10-25,0.0,31.71,0.0,31.46,"IMD gridded (rainfall 0.25 deg, Tmax 1 deg)",REAL_GOVERNMENT
2012-10-26,0.0,31.53,0.0,31.49,"IMD gridded (rainfall 0.25 deg, Tmax 1 deg)",REAL_GOVERNMENT
2012-10-27,4.23,30.8,15.49,30.84,"IMD gridded (rainfall 0.25 deg, Tmax 1 deg)",REAL_GOVERNMENT
2012-10-28,0.0,30.57,0.0,30.75,"IMD gridded (rainfall 0.25 deg, Tmax 1 deg)",REAL_GOVERNMENT
2012-10-29,0.0,29.81,0.0,29.84,"IMD gridded (rainfall 0.25 deg, Tmax 1 deg)",REAL_GOVERNMENT
2012-10-30,0.0,29.78,0.0,29.77,"IMD gridded (rainfall 0.25 deg, Tmax 1 deg)",REAL_GOVERNMENT
2012-10-31,0.0,29.9,0.0,29.8,"IMD gridded (rainfall 0.25 deg, Tmax 1 deg)",REAL_GOVERNMENT
2012-11-01,0.0,29.11,0.0,29.04,"IMD gridded (rainfall 0.25 deg, Tmax 1 deg)",REAL_GOVERNMENT
2012-11-02,0.33,26.56,0.58,25.96,"IMD gridded (rainfall 0.25 deg, Tmax 1 deg)",REAL_GOVERNMENT
2012-11-03,7.71,27.12,14.12,27.02,"IMD gridded (rainfall 0.25 deg, Tmax 1 deg)",REAL_GOVERNMENT
2012-11-04,2.9,27.9,4.62,27.92,"IMD gridded (rainfall 0.25 deg, Tmax 1 deg)",REAL_GOVERNMENT
2012-11-05,0.55,28.41,0.46,28.78,"IMD gridded (rainfall 0.25 deg, Tmax 1 deg)",REAL_GOVERNMENT
2012-11-06,0.0,28.79,0.0,28.8,"IMD gridded (rainfall 0.25 deg, Tmax 1 deg)",REAL_GOVERNMENT
2012-11-07,0.0,28.93,0.0,29.07,"IMD gridded (rainfall 0.25 deg, Tmax 1 deg)",REAL_GOVERNMENT
2012-11-08,0.0,29.25,0.0,29.23,"IMD gridded (rainfall 0.25 deg, Tmax 1 deg)",REAL_GOVERNMENT
2012-11-09,0.0,29.38,0.0,29.45,"IMD gridded (rainfall 0.25 deg, Tmax 1 deg)",REAL_GOVERNMENT
2012-11-10,0.0,29.51,0.0,29.33,"IMD gridded (rainfall 0.25 deg, Tmax 1 deg)",REAL_GOVERNMENT
2012-11-11,0.0,30.23,0.0,30.32,"IMD gridded (rainfall 0.25 deg, Tmax 1 deg)",REAL_GOVERNMENT
2012-11-12,0.0,29.9,0.0,29.72,"IMD gridded (rainfall 0.25 deg, Tmax 1 deg)",REAL_GOVERNMENT
2012-11-13,0.0,29.85,0.0,29.79,"IMD gridded (rainfall 0.25 deg, Tmax 1 deg)",REAL_GOVERNMENT
2012-11-14,0.0,29.08,0.0,29.13,"IMD gridded (rainfall 0.25 deg, Tmax 1 deg)",REAL_GOVERNMENT
2012-11-15,0.0,28.24,0.0,28.34,"IMD gridded (rainfall 0.25 deg, Tmax 1 deg)",REAL_GOVERNMENT
2012-11-16,0.0,27.88,0.0,27.84,"IMD gridded (rainfall 0.25 deg, Tmax 1 deg)",REAL_GOVERNMENT
2012-11-17,0.0,27.22,0.0,27.2,"IMD gridded (rainfall 0.25 deg, Tmax 1 deg)",REAL_GOVERNMENT
2012-11-18,0.0,27.33,0.0,27.29,"IMD gridded (rainfall 0.25 deg, Tmax 1 deg)",REAL_GOVERNMENT
2012-11-19,0.0,27.82,0.0,27.87,"IMD gridded (rainfall 0.25 deg, Tmax 1 deg)",REAL_GOVERNMENT
2012-11-20,0.0,27.76,0.0,27.96,"IMD gridded (rainfall 0.25 deg, Tmax 1 deg)",REAL_GOVERNMENT
2012-11-21,0.0,28.98,0.0,29.07,"IMD gridded (rainfall 0.25 deg, Tmax 1 deg)",REAL_GOVERNMENT
2012-11-22,0.0,29.0,0.0,29.12,"IMD gridded (rainfall 0.25 deg, Tmax 1 deg)",REAL_GOVERNMENT
2012-11-23,0.0,29.87,0.0,30.02,"IMD gridded (rainfall 0.25 deg, Tmax 1 deg)",REAL_GOVERNMENT
2012-11-24,0.0,29.45,0.0,29.65,"IMD gridded (rainfall 0.25 deg, Tmax 1 deg)",REAL_GOVERNMENT
2012-11-25,0.0,29.9,0.0,29.97,"IMD gridded (rainfall 0.25 deg, Tmax 1 deg)",REAL_GOVERNMENT
2012-11-26,0.0,29.8,0.0,29.84,"IMD gridded (rainfall 0.25 deg, Tmax 1 deg)",REAL_GOVERNMENT
2012-11-27,0.0,29.28,0.0,29.29,"IMD gridded (rainfall 0.25 deg, Tmax 1 deg)",REAL_GOVERNMENT
2012-11-28,0.0,29.57,0.0,29.63,"IMD gridded (rainfall 0.25 deg, Tmax 1 deg)",REAL_GOVERNMENT
2012-11-29,0.0,29.82,0.0,29.88,"IMD gridded (rainfall 0.25 deg, Tmax 1 deg)",REAL_GOVERNMENT
2012-11-30,0.0,29.09,0.0,29.44,"IMD gridded (rainfall 0.25 deg, Tmax 1 deg)",REAL_GOVERNMENT
2012-12-01,0.0,28.02,0.0,28.33,"IMD gridded (rainfall 0.25 deg, Tmax 1 deg)",REAL_GOVERNMENT
2012-12-02,0.0,28.44,0.0,28.68,"IMD gridded (rainfall 0.25 deg, Tmax 1 deg)",REAL_GOVERNMENT
2012-12-03,0.0,28.67,0.0,28.79,"IMD gridded (rainfall 0.25 deg, Tmax 1 deg)",REAL_GOVERNMENT
2012-12-04,0.0,28.35,0.0,28.44,"IMD gridded (rainfall 0.25 deg, Tmax 1 deg)",REAL_GOVERNMENT
2012-12-05,0.0,29.55,0.0,29.4,"IMD gridded (rainfall 0.25 deg, Tmax 1 deg)",REAL_GOVERNMENT
2012-12-06,0.0,30.31,0.0,30.41,"IMD gridded (rainfall 0.25 deg, Tmax 1 deg)",REAL_GOVERNMENT
2012-12-07,0.0,31.34,0.0,31.51,"IMD gridded (rainfall 0.25 deg, Tmax 1 deg)",REAL_GOVERNMENT
2012-12-08,0.0,31.92,0.0,32.09,"IMD gridded (rainfall 0.25 deg, Tmax 1 deg)",REAL_GOVERNMENT
2012-12-09,0.0,31.26,0.0,31.45,"IMD gridded (rainfall 0.25 deg, Tmax 1 deg)",REAL_GOVERNMENT
2012-12-10,0.06,30.39,0.23,30.52,"IMD gridded (rainfall 0.25 deg, Tmax 1 deg)",REAL_GOVERNMENT
2012-12-11,0.33,29.73,0.0,30.1,"IMD gridded (rainfall 0.25 deg, Tmax 1 deg)",REAL_GOVERNMENT
2012-12-12,0.42,28.75,1.45,29.11,"IMD gridded (rainfall 0.25 deg, Tmax 1 deg)",REAL_GOVERNMENT
2012-12-13,0.0,29.34,0.0,29.79,"IMD gridded (rainfall 0.25 deg, Tmax 1 deg)",REAL_GOVERNMENT
2012-12-14,0.0,28.91,0.0,29.21,"IMD gridded (rainfall 0.25 deg, Tmax 1 deg)",REAL_GOVERNMENT
2012-12-15,0.0,29.39,0.0,29.65,"IMD gridded (rainfall 0.25 deg, Tmax 1 deg)",REAL_GOVERNMENT
2012-12-16,0.78,28.91,0.0,29.18,"IMD gridded (rainfall 0.25 deg, Tmax 1 deg)",REAL_GOVERNMENT
2012-12-17,0.0,28.1,0.0,28.45,"IMD gridded (rainfall 0.25 deg, Tmax 1 deg)",REAL_GOVERNMENT
2012-12-18,0.0,27.76,0.0,28.19,"IMD gridded (rainfall 0.25 deg, Tmax 1 deg)",REAL_GOVERNMENT
2012-12-19,0.0,25.9,0.0,26.24,"IMD gridded (rainfall 0.25 deg, Tmax 1 deg)",REAL_GOVERNMENT
2012-12-20,0.0,27.0,0.0,27.31,"IMD gridded (rainfall 0.25 deg, Tmax 1 deg)",REAL_GOVERNMENT
2012-12-21,0.0,26.99,0.0,27.35,"IMD gridded (rainfall 0.25 deg, Tmax 1 deg)",REAL_GOVERNMENT
2012-12-22,0.0,26.35,0.0,26.63,"IMD gridded (rainfall 0.25 deg, Tmax 1 deg)",REAL_GOVERNMENT
2012-12-23,0.0,26.01,0.0,26.46,"IMD gridded (rainfall 0.25 deg, Tmax 1 deg)",REAL_GOVERNMENT
2012-12-24,0.0,26.2,0.0,26.74,"IMD gridded (rainfall 0.25 deg, Tmax 1 deg)",REAL_GOVERNMENT
2012-12-25,0.0,24.46,0.0,24.86,"IMD gridded (rainfall 0.25 deg, Tmax 1 deg)",REAL_GOVERNMENT
2012-12-26,0.0,25.12,0.0,25.58,"IMD gridded (rainfall 0.25 deg, Tmax 1 deg)",REAL_GOVERNMENT
2012-12-27,0.0,25.11,0.0,25.72,"IMD gridded (rainfall 0.25 deg, Tmax 1 deg)",REAL_GOVERNMENT
2012-12-28,0.0,26.45,0.0,26.82,"IMD gridded (rainfall 0.25 deg, Tmax 1 deg)",REAL_GOVERNMENT
2012-12-29,0.0,27.7,0.0,28.02,"IMD gridded (rainfall 0.25 deg, Tmax 1 deg)",REAL_GOVERNMENT
2012-12-30,0.0,28.41,0.0,28.73,"IMD gridded (rainfall 0.25 deg, Tmax 1 deg)",REAL_GOVERNMENT
2012-12-31,0.0,28.36,0.0,29.1,"IMD gridded (rainfall 0.25 deg, Tmax 1 deg)",REAL_GOVERNMENT
2013-01-01,0.0,28.61,0.0,29.29,"IMD gridded (rainfall 0.25 deg, Tmax 1 deg)",REAL_GOVERNMENT
2013-01-02,5.54,26.95,24.63,27.39,"IMD gridded (rainfall 0.25 deg, Tmax 1 deg)",REAL_GOVERNMENT
2013-01-03,0.34,24.58,0.0,24.82,"IMD gridded (rainfall 0.25 deg, Tmax 1 deg)",REAL_GOVERNMENT
2013-01-04,0.0,26.19,0.0,26.67,"IMD gridded (rainfall 0.25 deg, Tmax 1 deg)",REAL_GOVERNMENT
2013-01-05,0.0,25.3,0.0,25.55,"IMD gridded (rainfall 0.25 deg, Tmax 1 deg)",REAL_GOVERNMENT
2013-01-06,0.0,24.29,0.0,25.13,"IMD gridded (rainfall 0.25 deg, Tmax 1 deg)",REAL_GOVERNMENT
2013-01-07,0.0,21.63,0.0,21.67,"IMD gridded (rainfall 0.25 deg, Tmax 1 deg)",REAL_GOVERNMENT
2013-01-08,0.0,22.9,0.0,23.34,"IMD gridded (rainfall 0.25 deg, Tmax 1 deg)",REAL_GOVERNMENT
2013-01-09,0.0,25.33,0.0,25.92,"IMD gridded (rainfall 0.25 deg, Tmax 1 deg)",REAL_GOVERNMENT
2013-01-10,0.0,26.0,0.0,26.42,"IMD gridded (rainfall 0.25 deg, Tmax 1 deg)",REAL_GOVERNMENT
2013-01-11,0.0,25.97,0.0,26.45,"IMD gridded (rainfall 0.25 deg, Tmax 1 deg)",REAL_GOVERNMENT
2013-01-12,0.0,27.51,0.0,27.96,"IMD gridded (rainfall 0.25 deg, Tmax 1 deg)",REAL_GOVERNMENT
2013-01-13,0.0,29.98,0.0,30.67,"IMD gridded (rainfall 0.25 deg, Tmax 1 deg)",REAL_GOVERNMENT
2013-01-14,0.0,29.39,0.0,29.8,"IMD gridded (rainfall 0.25 deg, Tmax 1 deg)",REAL_GOVERNMENT
2013-01-15,0.0,30.61,0.0,31.15,"IMD gridded (rainfall 0.25 deg, Tmax 1 deg)",REAL_GOVERNMENT
2013-01-16,0.0,29.9,0.0,30.26,"IMD gridded (rainfall 0.25 deg, Tmax 1 deg)",REAL_GOVERNMENT
2013-01-17,0.0,30.34,0.0,30.56,"IMD gridded (rainfall 0.25 deg, Tmax 1 deg)",REAL_GOVERNMENT
2013-01-18,0.0,28.67,0.0,28.94,"IMD gridded (rainfall 0.25 deg, Tmax 1 deg)",REAL_GOVERNMENT
2013-01-19,0.0,24.59,0.0,25.02,"IMD gridded (rainfall 0.25 deg, Tmax 1 deg)",REAL_GOVERNMENT
2013-01-20,0.0,23.55,0.0,24.1,"IMD gridded (rainfall 0.25 deg, Tmax 1 deg)",REAL_GOVERNMENT
2013-01-21,0.0,24.29,0.0,24.99,"IMD gridded (rainfall 0.25 deg, Tmax 1 deg)",REAL_GOVERNMENT
2013-01-22,0.0,25.38,0.0,26.0,"IMD gridded (rainfall 0.25 deg, Tmax 1 deg)",REAL_GOVERNMENT
2013-01-23,0.08,24.74,0.0,25.29,"IMD gridded (rainfall 0.25 deg, Tmax 1 deg)",REAL_GOVERNMENT
2013-01-24,0.61,23.13,0.0,23.68,"IMD gridded (rainfall 0.25 deg, Tmax 1 deg)",REAL_GOVERNMENT
2013-01-25,0.27,24.0,0.0,24.38,"IMD gridded (rainfall 0.25 deg, Tmax 1 deg)",REAL_GOVERNMENT
2013-01-26,0.0,24.96,0.0,25.23,"IMD gridded (rainfall 0.25 deg, Tmax 1 deg)",REAL_GOVERNMENT
2013-01-27,0.0,24.96,0.0,25.33,"IMD gridded (rainfall 0.25 deg, Tmax 1 deg)",REAL_GOVERNMENT
2013-01-28,0.0,25.87,0.0,26.22,"IMD gridded (rainfall 0.25 deg, Tmax 1 deg)",REAL_GOVERNMENT
2013-01-29,0.0,26.45,0.0,26.74,"IMD gridded (rainfall 0.25 deg, Tmax 1 deg)",REAL_GOVERNMENT
2013-01-30,0.0,27.11,0.0,27.33,"IMD gridded (rainfall 0.25 deg, Tmax 1 deg)",REAL_GOVERNMENT
2013-01-31,0.0,27.09,0.0,27.56,"IMD gridded (rainfall 0.25 deg, Tmax 1 deg)",REAL_GOVERNMENT
2013-02-01,0.0,28.22,0.0,28.58,"IMD gridded (rainfall 0.25 deg, Tmax 1 deg)",REAL_GOVERNMENT
2013-02-02,0.0,28.55,0.0,28.87,"IMD gridded (rainfall 0.25 deg, Tmax 1 deg)",REAL_GOVERNMENT
2013-02-03,0.0,29.11,0.0,29.44,"IMD gridded (rainfall 0.25 deg, Tmax 1 deg)",REAL_GOVERNMENT
2013-02-04,0.0,30.18,0.0,30.62,"IMD gridded (rainfall 0.25 deg, Tmax 1 deg)",REAL_GOVERNMENT
2013-02-05,0.0,30.03,0.0,30.68,"IMD gridded (rainfall 0.25 deg, Tmax 1 deg)",REAL_GOVERNMENT
2013-02-06,0.0,29.57,0.0,29.94,"IMD gridded (rainfall 0.25 deg, Tmax 1 deg)",REAL_GOVERNMENT
2013-02-07,0.58,24.9,0.0,25.03,"IMD gridded (rainfall 0.25 deg, Tmax 1 deg)",REAL_GOVERNMENT
2013-02-08,1.12,25.77,0.0,26.58,"IMD gridded (rainfall 0.25 deg, Tmax 1 deg)",REAL_GOVERNMENT
2013-02-09,0.25,27.64,2.16,28.21,"IMD gridded (rainfall 0.25 deg, Tmax 1 deg)",REAL_GOVERNMENT
2013-02-10,0.0,29.7,0.0,30.09,"IMD gridded (rainfall 0.25 deg, Tmax 1 deg)",REAL_GOVERNMENT
2013-02-11,0.0,30.84,0.0,31.12,"IMD gridded (rainfall 0.25 deg, Tmax 1 deg)",REAL_GOVERNMENT
2013-02-12,0.0,29.36,0.0,30.11,"IMD gridded (rainfall 0.25 deg, Tmax 1 deg)",REAL_GOVERNMENT
2013-02-13,0.0,30.38,0.0,30.77,"IMD gridded (rainfall 0.25 deg, Tmax 1 deg)",REAL_GOVERNMENT
2013-02-14,0.0,29.57,0.0,30.05,"IMD gridded (rainfall 0.25 deg, Tmax 1 deg)",REAL_GOVERNMENT
2013-02-15,6.51,26.16,8.74,26.56,"IMD gridded (rainfall 0.25 deg, Tmax 1 deg)",REAL_GOVERNMENT
2013-02-16,6.27,24.8,3.64,25.13,"IMD gridded (rainfall 0.25 deg, Tmax 1 deg)",REAL_GOVERNMENT
2013-02-17,4.12,24.72,0.0,25.08,"IMD gridded (rainfall 0.25 deg, Tmax 1 deg)",REAL_GOVERNMENT
2013-02-18,0.0,25.22,0.0,25.58,"IMD gridded (rainfall 0.25 deg, Tmax 1 deg)",REAL_GOVERNMENT
2013-02-19,0.0,27.52,0.0,28.19,"IMD gridded (rainfall 0.25 deg, Tmax 1 deg)",REAL_GOVERNMENT
2013-02-20,0.0,27.99,0.0,28.62,"IMD gridded (rainfall 0.25 deg, Tmax 1 deg)",REAL_GOVERNMENT
2013-02-21,0.0,28.98,0.0,29.42,"IMD gridded (rainfall 0.25 deg, Tmax 1 deg)",REAL_GOVERNMENT
2013-02-22,0.0,31.71,0.0,32.0,"IMD gridded (rainfall 0.25 deg, Tmax 1 deg)",REAL_GOVERNMENT
2013-02-23,0.0,31.32,0.0,31.63,"IMD gridded (rainfall 0.25 deg, Tmax 1 deg)",REAL_GOVERNMENT
2013-02-24,2.47,28.44,0.12,28.78,"IMD gridded (rainfall 0.25 deg, Tmax 1 deg)",REAL_GOVERNMENT
2013-02-25,0.0,29.72,0.0,30.02,"IMD gridded (rainfall 0.25 deg, Tmax 1 deg)",REAL_GOVERNMENT
2013-02-26,0.0,32.06,0.0,32.47,"IMD gridded (rainfall 0.25 deg, Tmax 1 deg)",REAL_GOVERNMENT
2013-02-27,0.0,33.41,0.0,33.44,"IMD gridded (rainfall 0.25 deg, Tmax 1 deg)",REAL_GOVERNMENT
2013-02-28,0.0,32.11,0.0,32.49,"IMD gridded (rainfall 0.25 deg, Tmax 1 deg)",REAL_GOVERNMENT
2013-03-01,0.0,30.23,0.0,30.79,"IMD gridded (rainfall 0.25 deg, Tmax 1 deg)",REAL_GOVERNMENT
2013-03-02,0.0,31.39,0.0,31.72,"IMD gridded (rainfall 0.25 deg, Tmax 1 deg)",REAL_GOVERNMENT
2013-03-03,0.0,32.33,0.0,32.84,"IMD gridded (rainfall 0.25 deg, Tmax 1 deg)",REAL_GOVERNMENT
2013-03-04,0.0,33.13,0.0,33.48,"IMD gridded (rainfall 0.25 deg, Tmax 1 deg)",REAL_GOVERNMENT
2013-03-05,0.0,33.06,0.0,33.43,"IMD gridded (rainfall 0.25 deg, Tmax 1 deg)",REAL_GOVERNMENT
2013-03-06,0.0,33.18,0.0,33.45,"IMD gridded (rainfall 0.25 deg, Tmax 1 deg)",REAL_GOVERNMENT
2013-03-07,0.0,33.25,0.0,33.54,"IMD gridded (rainfall 0.25 deg, Tmax 1 deg)",REAL_GOVERNMENT
2013-03-08,0.0,33.85,0.0,34.1,"IMD gridded (rainfall 0.25 deg, Tmax 1 deg)",REAL_GOVERNMENT
2013-03-09,0.0,34.23,0.0,34.43,"IMD gridded (rainfall 0.25 deg, Tmax 1 deg)",REAL_GOVERNMENT
2013-03-10,0.0,35.27,0.0,35.34,"IMD gridded (rainfall 0.25 deg, Tmax 1 deg)",REAL_GOVERNMENT
2013-03-11,0.0,35.44,0.0,35.68,"IMD gridded (rainfall 0.25 deg, Tmax 1 deg)",REAL_GOVERNMENT
2013-03-12,0.0,35.91,0.0,36.14,"IMD gridded (rainfall 0.25 deg, Tmax 1 deg)",REAL_GOVERNMENT
2013-03-13,0.0,35.78,0.0,36.05,"IMD gridded (rainfall 0.25 deg, Tmax 1 deg)",REAL_GOVERNMENT
2013-03-14,2.01,34.88,0.0,35.13,"IMD gridded (rainfall 0.25 deg, Tmax 1 deg)",REAL_GOVERNMENT
2013-03-15,0.36,32.15,0.0,32.42,"IMD gridded (rainfall 0.25 deg, Tmax 1 deg)",REAL_GOVERNMENT
2013-03-16,1.84,31.05,0.0,31.37,"IMD gridded (rainfall 0.25 deg, Tmax 1 deg)",REAL_GOVERNMENT
2013-03-17,1.2,30.37,0.11,31.07,"IMD gridded (rainfall 0.25 deg, Tmax 1 deg)",REAL_GOVERNMENT
2013-03-18,0.0,32.43,0.0,32.76,"IMD gridded (rainfall 0.25 deg, Tmax 1 deg)",REAL_GOVERNMENT
2013-03-19,0.0,34.09,0.0,33.89,"IMD gridded (rainfall 0.25 deg, Tmax 1 deg)",REAL_GOVERNMENT
2013-03-20,0.0,34.17,0.0,34.03,"IMD gridded (rainfall 0.25 deg, Tmax 1 deg)",REAL_GOVERNMENT
2013-03-21,0.1,35.54,0.0,35.8,"IMD gridded (rainfall 0.25 deg, Tmax 1 deg)",REAL_GOVERNMENT
2013-03-22,0.0,36.22,0.0,36.44,"IMD gridded (rainfall 0.25 deg, Tmax 1 deg)",REAL_GOVERNMENT
2013-03-23,0.0,36.7,0.0,36.81,"IMD gridded (rainfall 0.25 deg, Tmax 1 deg)",REAL_GOVERNMENT
2013-03-24,3.83,35.73,0.0,35.82,"IMD gridded (rainfall 0.25 deg, Tmax 1 deg)",REAL_GOVERNMENT
2013-03-25,0.0,36.84,0.0,37.12,"IMD gridded (rainfall 0.25 deg, Tmax 1 deg)",REAL_GOVERNMENT
2013-03-26,0.07,36.33,0.0,36.54,"IMD gridded (rainfall 0.25 deg, Tmax 1 deg)",REAL_GOVERNMENT
2013-03-27,0.12,37.0,0.0,37.4,"IMD gridded (rainfall 0.25 deg, Tmax 1 deg)",REAL_GOVERNMENT
2013-03-28,0.0,36.51,0.0,36.95,"IMD gridded (rainfall 0.25 deg, Tmax 1 deg)",REAL_GOVERNMENT
2013-03-29,0.25,35.25,0.0,35.66,"IMD gridded (rainfall 0.25 deg, Tmax 1 deg)",REAL_GOVERNMENT
2013-03-30,0.34,35.13,0.0,35.3,"IMD gridded (rainfall 0.25 deg, Tmax 1 deg)",REAL_GOVERNMENT
2013-03-31,0.0,35.49,0.0,35.89,"IMD gridded (rainfall 0.25 deg, Tmax 1 deg)",REAL_GOVERNMENT
2013-04-01,0.0,37.61,0.0,37.89,"IMD gridded (rainfall 0.25 deg, Tmax 1 deg)",REAL_GOVERNMENT
2013-04-02,0.03,36.05,0.0,36.22,"IMD gridded (rainfall 0.25 deg, Tmax 1 deg)",REAL_GOVERNMENT
2013-04-03,4.11,35.22,4.98,35.25,"IMD gridded (rainfall 0.25 deg, Tmax 1 deg)",REAL_GOVERNMENT
2013-04-04,0.07,36.31,0.0,36.43,"IMD gridded (rainfall 0.25 deg, Tmax 1 deg)",REAL_GOVERNMENT
2013-04-05,0.0,36.2,0.0,36.57,"IMD gridded (rainfall 0.25 deg, Tmax 1 deg)",REAL_GOVERNMENT
2013-04-06,0.0,37.85,0.0,38.05,"IMD gridded (rainfall 0.25 deg, Tmax 1 deg)",REAL_GOVERNMENT
2013-04-07,0.0,38.98,0.0,39.16,"IMD gridded (rainfall 0.25 deg, Tmax 1 deg)",REAL_GOVERNMENT
2013-04-08,0.0,39.73,0.0,39.77,"IMD gridded (rainfall 0.25 deg, Tmax 1 deg)",REAL_GOVERNMENT
2013-04-09,0.0,40.34,0.0,40.49,"IMD gridded (rainfall 0.25 deg, Tmax 1 deg)",REAL_GOVERNMENT
2013-04-10,0.0,40.15,0.0,40.3,"IMD gridded (rainfall 0.25 deg, Tmax 1 deg)",REAL_GOVERNMENT
2013-04-11,0.0,39.36,0.0,39.41,"IMD gridded (rainfall 0.25 deg, Tmax 1 deg)",REAL_GOVERNMENT
2013-04-12,0.0,39.66,0.0,39.8,"IMD gridded (rainfall 0.25 deg, Tmax 1 deg)",REAL_GOVERNMENT
2013-04-13,0.0,39.74,0.0,39.9,"IMD gridded (rainfall 0.25 deg, Tmax 1 deg)",REAL_GOVERNMENT
2013-04-14,2.04,37.95,0.22,38.06,"IMD gridded (rainfall 0.25 deg, Tmax 1 deg)",REAL_GOVERNMENT
2013-04-15,0.12,38.97,0.0,39.18,"IMD gridded (rainfall 0.25 deg, Tmax 1 deg)",REAL_GOVERNMENT
2013-04-16,0.0,39.56,0.0,39.64,"IMD gridded (rainfall 0.25 deg, Tmax 1 deg)",REAL_GOVERNMENT
2013-04-17,0.0,39.19,0.0,39.15,"IMD gridded (rainfall 0.25 deg, Tmax 1 deg)",REAL_GOVERNMENT
2013-04-18,0.0,38.62,0.0,38.91,"IMD gridded (rainfall 0.25 deg, Tmax 1 deg)",REAL_GOVERNMENT
2013-04-19,0.0,36.22,0.0,36.41,"IMD gridded (rainfall 0.25 deg, Tmax 1 deg)",REAL_GOVERNMENT
2013-04-20,0.18,32.7,0.0,33.23,"IMD gridded (rainfall 0.25 deg, Tmax 1 deg)",REAL_GOVERNMENT
2013-04-21,0.43,33.32,0.0,33.54,"IMD gridded (rainfall 0.25 deg, Tmax 1 deg)",REAL_GOVERNMENT
2013-04-22,1.09,34.5,0.29,34.88,"IMD gridded (rainfall 0.25 deg, Tmax 1 deg)",REAL_GOVERNMENT
2013-04-23,1.57,35.32,0.0,35.42,"IMD gridded (rainfall 0.25 deg, Tmax 1 deg)",REAL_GOVERNMENT
2013-04-24,1.62,36.88,0.0,36.79,"IMD gridded (rainfall 0.25 deg, Tmax 1 deg)",REAL_GOVERNMENT
2013-04-25,0.32,37.73,0.0,37.33,"IMD gridded (rainfall 0.25 deg, Tmax 1 deg)",REAL_GOVERNMENT
2013-04-26,4.93,38.12,6.02,37.89,"IMD gridded (rainfall 0.25 deg, Tmax 1 deg)",REAL_GOVERNMENT
2013-04-27,0.0,40.22,0.0,40.32,"IMD gridded (rainfall 0.25 deg, Tmax 1 deg)",REAL_GOVERNMENT
2013-04-28,0.0,41.06,0.0,41.34,"IMD gridded (rainfall 0.25 deg, Tmax 1 deg)",REAL_GOVERNMENT
2013-04-29,0.0,41.69,0.0,41.96,"IMD gridded (rainfall 0.25 deg, Tmax 1 deg)",REAL_GOVERNMENT
2013-04-30,0.0,42.31,0.0,42.51,"IMD gridded (rainfall 0.25 deg, Tmax 1 deg)",REAL_GOVERNMENT
2013-05-01,0.0,42.36,0.0,42.46,"IMD gridded (rainfall 0.25 deg, Tmax 1 deg)",REAL_GOVERNMENT
2013-05-02,0.0,41.68,0.0,41.77,"IMD gridded (rainfall 0.25 deg, Tmax 1 deg)",REAL_GOVERNMENT
2013-05-03,0.0,40.92,0.0,41.13,"IMD gridded (rainfall 0.25 deg, Tmax 1 deg)",REAL_GOVERNMENT
2013-05-04,0.0,41.46,0.0,41.44,"IMD gridded (rainfall 0.25 deg, Tmax 1 deg)",REAL_GOVERNMENT
2013-05-05,0.0,41.96,0.0,41.88,"IMD gridded (rainfall 0.25 deg, Tmax 1 deg)",REAL_GOVERNMENT
2013-05-06,0.0,42.42,0.0,42.33,"IMD gridded (rainfall 0.25 deg, Tmax 1 deg)",REAL_GOVERNMENT
2013-05-07,0.0,41.97,0.0,41.81,"IMD gridded (rainfall 0.25 deg, Tmax 1 deg)",REAL_GOVERNMENT
2013-05-08,0.0,42.83,0.0,42.88,"IMD gridded (rainfall 0.25 deg, Tmax 1 deg)",REAL_GOVERNMENT
2013-05-09,0.0,42.84,0.0,42.99,"IMD gridded (rainfall 0.25 deg, Tmax 1 deg)",REAL_GOVERNMENT
2013-05-10,0.0,42.36,0.0,42.41,"IMD gridded (rainfall 0.25 deg, Tmax 1 deg)",REAL_GOVERNMENT
2013-05-11,0.0,40.73,0.0,40.89,"IMD gridded (rainfall 0.25 deg, Tmax 1 deg)",REAL_GOVERNMENT
2013-05-12,0.18,40.23,0.0,40.33,"IMD gridded (rainfall 0.25 deg, Tmax 1 deg)",REAL_GOVERNMENT
2013-05-13,0.0,39.91,0.0,39.84,"IMD gridded (rainfall 0.25 deg, Tmax 1 deg)",REAL_GOVERNMENT
2013-05-14,0.0,40.37,0.0,40.32,"IMD gridded (rainfall 0.25 deg, Tmax 1 deg)",REAL_GOVERNMENT
2013-05-15,0.0,41.53,0.0,41.3,"IMD gridded (rainfall 0.25 deg, Tmax 1 deg)",REAL_GOVERNMENT
2013-05-16,0.0,41.73,0.0,41.73,"IMD gridded (rainfall 0.25 deg, Tmax 1 deg)",REAL_GOVERNMENT
2013-05-17,0.0,42.92,0.0,42.65,"IMD gridded (rainfall 0.25 deg, Tmax 1 deg)",REAL_GOVERNMENT
2013-05-18,0.0,43.78,0.0,43.71,"IMD gridded (rainfall 0.25 deg, Tmax 1 deg)",REAL_GOVERNMENT
2013-05-19,0.0,44.33,0.0,44.27,"IMD gridded (rainfall 0.25 deg, Tmax 1 deg)",REAL_GOVERNMENT
2013-05-20,0.0,44.67,0.0,44.73,"IMD gridded (rainfall 0.25 deg, Tmax 1 deg)",REAL_GOVERNMENT
2013-05-21,0.0,44.66,0.0,44.82,"IMD gridded (rainfall 0.25 deg, Tmax 1 deg)",REAL_GOVERNMENT
2013-05-22,0.0,44.18,0.0,44.28,"IMD gridded (rainfall 0.25 deg, Tmax 1 deg)",REAL_GOVERNMENT
2013-05-23,0.0,43.44,0.0,43.31,"IMD gridded (rainfall 0.25 deg, Tmax 1 deg)",REAL_GOVERNMENT
2013-05-24,0.0,43.79,0.0,43.61,"IMD gridded (rainfall 0.25 deg, Tmax 1 deg)",REAL_GOVERNMENT
2013-05-25,0.0,42.15,0.0,41.84,"IMD gridded (rainfall 0.25 deg, Tmax 1 deg)",REAL_GOVERNMENT
2013-05-26,0.0,41.2,0.0,40.9,"IMD gridded (rainfall 0.25 deg, Tmax 1 deg)",REAL_GOVERNMENT
2013-05-27,0.02,40.44,0.0,40.14,"IMD gridded (rainfall 0.25 deg, Tmax 1 deg)",REAL_GOVERNMENT
2013-05-28,0.18,41.48,1.8,41.41,"IMD gridded (rainfall 0.25 deg, Tmax 1 deg)",REAL_GOVERNMENT
2013-05-29,0.06,41.27,0.9,41.24,"IMD gridded (rainfall 0.25 deg, Tmax 1 deg)",REAL_GOVERNMENT
2013-05-30,0.21,41.88,0.0,41.96,"IMD gridded (rainfall 0.25 deg, Tmax 1 deg)",REAL_GOVERNMENT
2013-05-31,0.0,41.68,0.0,41.89,"IMD gridded (rainfall 0.25 deg, Tmax 1 deg)",REAL_GOVERNMENT
2013-06-01,0.0,40.97,0.0,41.15,"IMD gridded (rainfall 0.25 deg, Tmax 1 deg)",REAL_GOVERNMENT
2013-06-02,0.0,40.02,0.0,40.26,"IMD gridded (rainfall 0.25 deg, Tmax 1 deg)",REAL_GOVERNMENT
2013-06-03,0.19,40.3,0.0,40.44,"IMD gridded (rainfall 0.25 deg, Tmax 1 deg)",REAL_GOVERNMENT
2013-06-04,0.04,39.36,0.0,38.94,"IMD gridded (rainfall 0.25 deg, Tmax 1 deg)",REAL_GOVERNMENT
2013-06-05,2.35,38.99,0.0,38.71,"IMD gridded (rainfall 0.25 deg, Tmax 1 deg)",REAL_GOVERNMENT
2013-06-06,0.77,39.1,0.22,38.84,"IMD gridded (rainfall 0.25 deg, Tmax 1 deg)",REAL_GOVERNMENT
2013-06-07,5.42,36.65,29.77,36.25,"IMD gridded (rainfall 0.25 deg, Tmax 1 deg)",REAL_GOVERNMENT
2013-06-08,3.61,35.67,0.0,35.27,"IMD gridded (rainfall 0.25 deg, Tmax 1 deg)",REAL_GOVERNMENT
2013-06-09,0.06,36.42,0.0,36.16,"IMD gridded (rainfall 0.25 deg, Tmax 1 deg)",REAL_GOVERNMENT
2013-06-10,5.72,34.67,2.39,34.78,"IMD gridded (rainfall 0.25 deg, Tmax 1 deg)",REAL_GOVERNMENT
2013-06-11,16.77,32.64,17.89,32.52,"IMD gridded (rainfall 0.25 deg, Tmax 1 deg)",REAL_GOVERNMENT
2013-06-12,6.24,33.42,3.17,32.72,"IMD gridded (rainfall 0.25 deg, Tmax 1 deg)",REAL_GOVERNMENT
2013-06-13,26.87,32.88,23.02,32.32,"IMD gridded (rainfall 0.25 deg, Tmax 1 deg)",REAL_GOVERNMENT
2013-06-14,19.37,31.59,8.08,30.84,"IMD gridded (rainfall 0.25 deg, Tmax 1 deg)",REAL_GOVERNMENT
2013-06-15,15.19,28.71,6.87,27.83,"IMD gridded (rainfall 0.25 deg, Tmax 1 deg)",REAL_GOVERNMENT
2013-06-16,22.14,27.76,13.04,27.27,"IMD gridded (rainfall 0.25 deg, Tmax 1 deg)",REAL_GOVERNMENT
2013-06-17,5.93,30.69,2.81,30.84,"IMD gridded (rainfall 0.25 deg, Tmax 1 deg)",REAL_GOVERNMENT
2013-06-18,3.46,31.67,0.0,31.41,"IMD gridded (rainfall 0.25 deg, Tmax 1 deg)",REAL_GOVERNMENT
2013-06-19,0.46,32.03,0.0,31.96,"IMD gridded (rainfall 0.25 deg, Tmax 1 deg)",REAL_GOVERNMENT
2013-06-20,0.14,34.16,0.0,33.78,"IMD gridded (rainfall 0.25 deg, Tmax 1 deg)",REAL_GOVERNMENT
2013-06-21,0.94,33.69,2.67,33.56,"IMD gridded (rainfall 0.25 deg, Tmax 1 deg)",REAL_GOVERNMENT
2013-06-22,3.4,30.17,0.21,29.83,"IMD gridded (rainfall 0.25 deg, Tmax 1 deg)",REAL_GOVERNMENT
2013-06-23,1.11,29.73,0.44,29.12,"IMD gridded (rainfall 0.25 deg, Tmax 1 deg)",REAL_GOVERNMENT
2013-06-24,19.5,29.42,1.78,28.67,"IMD gridded (rainfall 0.25 deg, Tmax 1 deg)",REAL_GOVERNMENT
2013-06-25,41.56,28.58,28.56,27.24,"IMD gridded (rainfall 0.25 deg, Tmax 1 deg)",REAL_GOVERNMENT
2013-06-26,51.31,26.46,81.96,25.95,"IMD gridded (rainfall 0.25 deg, Tmax 1 deg)",REAL_GOVERNMENT
2013-06-27,7.98,26.13,0.98,26.27,"IMD gridded (rainfall 0.25 deg, Tmax 1 deg)",REAL_GOVERNMENT
2013-06-28,3.44,27.77,8.19,27.62,"IMD gridded (rainfall 0.25 deg, Tmax 1 deg)",REAL_GOVERNMENT
2013-06-29,1.26,29.8,0.0,29.59,"IMD gridded (rainfall 0.25 deg, Tmax 1 deg)",REAL_GOVERNMENT
2013-06-30,3.85,30.17,0.0,30.27,"IMD gridded (rainfall 0.25 deg, Tmax 1 deg)",REAL_GOVERNMENT
2013-07-01,5.77,27.97,6.45,28.0,"IMD gridded (rainfall 0.25 deg, Tmax 1 deg)",REAL_GOVERNMENT
2013-07-02,15.71,26.54,24.14,26.51,"IMD gridded (rainfall 0.25 deg, Tmax 1 deg)",REAL_GOVERNMENT
2013-07-03,36.53,26.93,50.67,26.39,"IMD gridded (rainfall 0.25 deg, Tmax 1 deg)",REAL_GOVERNMENT
2013-07-04,9.73,28.3,7.4,27.78,"IMD gridded (rainfall 0.25 deg, Tmax 1 deg)",REAL_GOVERNMENT
2013-07-05,0.82,28.35,0.0,28.13,"IMD gridded (rainfall 0.25 deg, Tmax 1 deg)",REAL_GOVERNMENT
2013-07-06,0.12,30.19,0.0,29.99,"IMD gridded (rainfall 0.25 deg, Tmax 1 deg)",REAL_GOVERNMENT
2013-07-07,3.33,31.1,0.0,31.08,"IMD gridded (rainfall 0.25 deg, Tmax 1 deg)",REAL_GOVERNMENT
2013-07-08,19.19,31.42,3.02,31.39,"IMD gridded (rainfall 0.25 deg, Tmax 1 deg)",REAL_GOVERNMENT
2013-07-09,6.07,30.39,0.0,30.07,"IMD gridded (rainfall 0.25 deg, Tmax 1 deg)",REAL_GOVERNMENT
2013-07-10,17.77,28.94,17.13,28.69,"IMD gridded (rainfall 0.25 deg, Tmax 1 deg)",REAL_GOVERNMENT
2013-07-11,15.96,28.69,22.59,28.12,"IMD gridded (rainfall 0.25 deg, Tmax 1 deg)",REAL_GOVERNMENT
2013-07-12,29.45,29.83,10.0,29.46,"IMD gridded (rainfall 0.25 deg, Tmax 1 deg)",REAL_GOVERNMENT
2013-07-13,9.98,28.33,8.67,27.97,"IMD gridded (rainfall 0.25 deg, Tmax 1 deg)",REAL_GOVERNMENT
2013-07-14,24.88,26.32,30.01,25.9,"IMD gridded (rainfall 0.25 deg, Tmax 1 deg)",REAL_GOVERNMENT
2013-07-15,64.67,26.76,166.87,26.05,"IMD gridded (rainfall 0.25 deg, Tmax 1 deg)",REAL_GOVERNMENT
2013-07-16,22.62,28.28,12.52,27.65,"IMD gridded (rainfall 0.25 deg, Tmax 1 deg)",REAL_GOVERNMENT
2013-07-17,20.4,28.81,75.73,28.52,"IMD gridded (rainfall 0.25 deg, Tmax 1 deg)",REAL_GOVERNMENT
2013-07-18,14.79,29.49,8.48,29.13,"IMD gridded (rainfall 0.25 deg, Tmax 1 deg)",REAL_GOVERNMENT
2013-07-19,15.26,29.12,30.78,29.24,"IMD gridded (rainfall 0.25 deg, Tmax 1 deg)",REAL_GOVERNMENT
2013-07-20,27.42,28.47,4.78,27.94,"IMD gridded (rainfall 0.25 deg, Tmax 1 deg)",REAL_GOVERNMENT
2013-07-21,9.22,28.99,25.5,28.77,"IMD gridded (rainfall 0.25 deg, Tmax 1 deg)",REAL_GOVERNMENT
2013-07-22,2.83,28.24,5.08,27.74,"IMD gridded (rainfall 0.25 deg, Tmax 1 deg)",REAL_GOVERNMENT
2013-07-23,24.74,30.42,45.07,29.7,"IMD gridded (rainfall 0.25 deg, Tmax 1 deg)",REAL_GOVERNMENT
2013-07-24,11.12,29.23,2.67,28.64,"IMD gridded (rainfall 0.25 deg, Tmax 1 deg)",REAL_GOVERNMENT
2013-07-25,6.92,28.81,1.21,28.72,"IMD gridded (rainfall 0.25 deg, Tmax 1 deg)",REAL_GOVERNMENT
2013-07-26,45.37,27.55,94.46,27.23,"IMD gridded (rainfall 0.25 deg, Tmax 1 deg)",REAL_GOVERNMENT
2013-07-27,23.85,26.15,8.67,26.78,"IMD gridded (rainfall 0.25 deg, Tmax 1 deg)",REAL_GOVERNMENT
2013-07-28,9.41,26.51,8.5,27.01,"IMD gridded (rainfall 0.25 deg, Tmax 1 deg)",REAL_GOVERNMENT
2013-07-29,3.98,26.95,4.09,27.54,"IMD gridded (rainfall 0.25 deg, Tmax 1 deg)",REAL_GOVERNMENT
2013-07-30,9.65,26.89,22.11,26.61,"IMD gridded (rainfall 0.25 deg, Tmax 1 deg)",REAL_GOVERNMENT
2013-07-31,50.69,27.55,115.52,26.91,"IMD gridded (rainfall 0.25 deg, Tmax 1 deg)",REAL_GOVERNMENT
2013-08-01,32.68,27.9,14.35,27.31,"IMD gridded (rainfall 0.25 deg, Tmax 1 deg)",REAL_GOVERNMENT
2013-08-02,14.23,27.57,2.32,27.21,"IMD gridded (rainfall 0.25 deg, Tmax 1 deg)",REAL_GOVERNMENT
2013-08-03,5.45,28.68,2.17,28.63,"IMD gridded (rainfall 0.25 deg, Tmax 1 deg)",REAL_GOVERNMENT
2013-08-04,1.76,29.64,0.97,29.41,"IMD gridded (rainfall 0.25 deg, Tmax 1 deg)",REAL_GOVERNMENT
2013-08-05,3.46,28.6,1.04,27.99,"IMD gridded (rainfall 0.25 deg, Tmax 1 deg)",REAL_GOVERNMENT
2013-08-06,26.35,29.14,6.52,28.7,"IMD gridded (rainfall 0.25 deg, Tmax 1 deg)",REAL_GOVERNMENT
2013-08-07,24.07,28.93,1.96,28.93,"IMD gridded (rainfall 0.25 deg, Tmax 1 deg)",REAL_GOVERNMENT
2013-08-08,9.94,29.01,2.9,29.2,"IMD gridded (rainfall 0.25 deg, Tmax 1 deg)",REAL_GOVERNMENT
2013-08-09,20.44,26.51,31.42,26.5,"IMD gridded (rainfall 0.25 deg, Tmax 1 deg)",REAL_GOVERNMENT
2013-08-10,3.39,27.35,3.43,27.53,"IMD gridded (rainfall 0.25 deg, Tmax 1 deg)",REAL_GOVERNMENT
2013-08-11,3.84,29.43,0.24,29.33,"IMD gridded (rainfall 0.25 deg, Tmax 1 deg)",REAL_GOVERNMENT
2013-08-12,3.86,29.11,1.6,28.97,"IMD gridded (rainfall 0.25 deg, Tmax 1 deg)",REAL_GOVERNMENT
2013-08-13,28.34,28.51,19.36,28.44,"IMD gridded (rainfall 0.25 deg, Tmax 1 deg)",REAL_GOVERNMENT
2013-08-14,8.97,30.55,1.72,30.34,"IMD gridded (rainfall 0.25 deg, Tmax 1 deg)",REAL_GOVERNMENT
2013-08-15,4.16,30.29,0.0,30.24,"IMD gridded (rainfall 0.25 deg, Tmax 1 deg)",REAL_GOVERNMENT
2013-08-16,3.68,30.04,0.19,29.78,"IMD gridded (rainfall 0.25 deg, Tmax 1 deg)",REAL_GOVERNMENT
2013-08-17,25.81,28.82,39.62,28.73,"IMD gridded (rainfall 0.25 deg, Tmax 1 deg)",REAL_GOVERNMENT
2013-08-18,33.26,27.73,57.45,27.43,"IMD gridded (rainfall 0.25 deg, Tmax 1 deg)",REAL_GOVERNMENT
2013-08-19,38.4,26.81,26.78,26.96,"IMD gridded (rainfall 0.25 deg, Tmax 1 deg)",REAL_GOVERNMENT
2013-08-20,12.02,27.45,23.09,27.29,"IMD gridded (rainfall 0.25 deg, Tmax 1 deg)",REAL_GOVERNMENT
2013-08-21,21.09,26.34,49.91,26.13,"IMD gridded (rainfall 0.25 deg, Tmax 1 deg)",REAL_GOVERNMENT
2013-08-22,30.67,26.46,25.51,26.42,"IMD gridded (rainfall 0.25 deg, Tmax 1 deg)",REAL_GOVERNMENT
2013-08-23,28.46,26.69,22.1,26.34,"IMD gridded (rainfall 0.25 deg, Tmax 1 deg)",REAL_GOVERNMENT
2013-08-24,3.85,26.33,1.37,25.97,"IMD gridded (rainfall 0.25 deg, Tmax 1 deg)",REAL_GOVERNMENT
2013-08-25,2.45,27.08,4.49,26.55,"IMD gridded (rainfall 0.25 deg, Tmax 1 deg)",REAL_GOVERNMENT
2013-08-26,0.28,28.15,0.95,27.9,"IMD gridded (rainfall 0.25 deg, Tmax 1 deg)",REAL_GOVERNMENT
2013-08-27,3.64,27.59,1.21,27.1,"IMD gridded (rainfall 0.25 deg, Tmax 1 deg)",REAL_GOVERNMENT
2013-08-28,21.25,27.06,103.23,26.95,"IMD gridded (rainfall 0.25 deg, Tmax 1 deg)",REAL_GOVERNMENT
2013-08-29,12.39,27.32,21.51,27.51,"IMD gridded (rainfall 0.25 deg, Tmax 1 deg)",REAL_GOVERNMENT
2013-08-30,1.83,28.9,27.48,28.8,"IMD gridded (rainfall 0.25 deg, Tmax 1 deg)",REAL_GOVERNMENT
2013-08-31,0.21,30.63,0.0,30.77,"IMD gridded (rainfall 0.25 deg, Tmax 1 deg)",REAL_GOVERNMENT
2013-09-01,0.16,31.52,1.19,31.62,"IMD gridded (rainfall 0.25 deg, Tmax 1 deg)",REAL_GOVERNMENT
2013-09-02,0.67,31.75,0.55,31.81,"IMD gridded (rainfall 0.25 deg, Tmax 1 deg)",REAL_GOVERNMENT
2013-09-03,0.68,31.55,2.54,31.53,"IMD gridded (rainfall 0.25 deg, Tmax 1 deg)",REAL_GOVERNMENT
2013-09-04,0.73,30.78,1.38,30.7,"IMD gridded (rainfall 0.25 deg, Tmax 1 deg)",REAL_GOVERNMENT
2013-09-05,6.69,30.9,5.95,30.85,"IMD gridded (rainfall 0.25 deg, Tmax 1 deg)",REAL_GOVERNMENT
2013-09-06,1.02,31.13,7.5,31.06,"IMD gridded (rainfall 0.25 deg, Tmax 1 deg)",REAL_GOVERNMENT
2013-09-07,3.52,31.57,0.0,31.54,"IMD gridded (rainfall 0.25 deg, Tmax 1 deg)",REAL_GOVERNMENT
2013-09-08,0.0,32.48,0.0,32.34,"IMD gridded (rainfall 0.25 deg, Tmax 1 deg)",REAL_GOVERNMENT
2013-09-09,0.3,32.5,0.0,32.3,"IMD gridded (rainfall 0.25 deg, Tmax 1 deg)",REAL_GOVERNMENT
2013-09-10,1.1,32.61,2.12,32.28,"IMD gridded (rainfall 0.25 deg, Tmax 1 deg)",REAL_GOVERNMENT
2013-09-11,3.99,33.02,0.77,32.68,"IMD gridded (rainfall 0.25 deg, Tmax 1 deg)",REAL_GOVERNMENT
2013-09-12,0.25,33.46,0.0,33.29,"IMD gridded (rainfall 0.25 deg, Tmax 1 deg)",REAL_GOVERNMENT
2013-09-13,3.24,33.73,0.0,33.44,"IMD gridded (rainfall 0.25 deg, Tmax 1 deg)",REAL_GOVERNMENT
2013-09-14,7.66,33.6,15.32,33.3,"IMD gridded (rainfall 0.25 deg, Tmax 1 deg)",REAL_GOVERNMENT
2013-09-15,0.11,33.1,0.0,32.77,"IMD gridded (rainfall 0.25 deg, Tmax 1 deg)",REAL_GOVERNMENT
2013-09-16,8.83,32.2,3.06,32.01,"IMD gridded (rainfall 0.25 deg, Tmax 1 deg)",REAL_GOVERNMENT
2013-09-17,8.25,31.18,0.95,30.92,"IMD gridded (rainfall 0.25 deg, Tmax 1 deg)",REAL_GOVERNMENT
2013-09-18,2.43,31.37,9.33,31.1,"IMD gridded (rainfall 0.25 deg, Tmax 1 deg)",REAL_GOVERNMENT
2013-09-19,7.92,31.56,18.37,31.19,"IMD gridded (rainfall 0.25 deg, Tmax 1 deg)",REAL_GOVERNMENT
2013-09-20,14.59,29.82,17.53,29.56,"IMD gridded (rainfall 0.25 deg, Tmax 1 deg)",REAL_GOVERNMENT
2013-09-21,19.72,28.39,36.06,27.89,"IMD gridded (rainfall 0.25 deg, Tmax 1 deg)",REAL_GOVERNMENT
2013-09-22,13.54,28.5,11.9,27.95,"IMD gridded (rainfall 0.25 deg, Tmax 1 deg)",REAL_GOVERNMENT
2013-09-23,5.0,28.09,1.18,27.9,"IMD gridded (rainfall 0.25 deg, Tmax 1 deg)",REAL_GOVERNMENT
2013-09-24,0.14,29.93,0.0,29.86,"IMD gridded (rainfall 0.25 deg, Tmax 1 deg)",REAL_GOVERNMENT
2013-09-25,0.1,31.38,0.0,31.11,"IMD gridded (rainfall 0.25 deg, Tmax 1 deg)",REAL_GOVERNMENT
2013-09-26,0.0,31.83,0.0,31.51,"IMD gridded (rainfall 0.25 deg, Tmax 1 deg)",REAL_GOVERNMENT
2013-09-27,0.78,32.46,0.0,32.33,"IMD gridded (rainfall 0.25 deg, Tmax 1 deg)",REAL_GOVERNMENT
2013-09-28,0.04,32.08,0.0,31.88,"IMD gridded (rainfall 0.25 deg, Tmax 1 deg)",REAL_GOVERNMENT
2013-09-29,3.26,31.92,7.52,31.84,"IMD gridded (rainfall 0.25 deg, Tmax 1 deg)",REAL_GOVERNMENT
2013-09-30,0.07,31.69,0.0,31.58,"IMD gridded (rainfall 0.25 deg, Tmax 1 deg)",REAL_GOVERNMENT
2013-10-01,3.22,30.38,1.01,30.16,"IMD gridded (rainfall 0.25 deg, Tmax 1 deg)",REAL_GOVERNMENT
2013-10-02,7.97,29.19,4.72,29.56,"IMD gridded (rainfall 0.25 deg, Tmax 1 deg)",REAL_GOVERNMENT
2013-10-03,20.59,28.04,25.12,27.83,"IMD gridded (rainfall 0.25 deg, Tmax 1 deg)",REAL_GOVERNMENT
2013-10-04,27.4,27.88,11.89,28.02,"IMD gridded (rainfall 0.25 deg, Tmax 1 deg)",REAL_GOVERNMENT
2013-10-05,5.73,29.76,4.62,29.76,"IMD gridded (rainfall 0.25 deg, Tmax 1 deg)",REAL_GOVERNMENT
2013-10-06,3.35,29.91,0.47,29.69,"IMD gridded (rainfall 0.25 deg, Tmax 1 deg)",REAL_GOVERNMENT
2013-10-07,2.92,30.74,0.0,30.79,"IMD gridded (rainfall 0.25 deg, Tmax 1 deg)",REAL_GOVERNMENT
2013-10-08,7.97,29.98,0.23,29.98,"IMD gridded (rainfall 0.25 deg, Tmax 1 deg)",REAL_GOVERNMENT
2013-10-09,2.34,30.53,0.0,30.38,"IMD gridded (rainfall 0.25 deg, Tmax 1 deg)",REAL_GOVERNMENT
2013-10-10,6.76,29.71,22.72,29.39,"IMD gridded (rainfall 0.25 deg, Tmax 1 deg)",REAL_GOVERNMENT
2013-10-11,20.83,29.03,28.54,28.42,"IMD gridded (rainfall 0.25 deg, Tmax 1 deg)",REAL_GOVERNMENT
2013-10-12,0.02,30.34,0.34,29.96,"IMD gridded (rainfall 0.25 deg, Tmax 1 deg)",REAL_GOVERNMENT
2013-10-13,1.45,29.4,0.34,29.21,"IMD gridded (rainfall 0.25 deg, Tmax 1 deg)",REAL_GOVERNMENT
2013-10-14,0.63,27.99,0.0,28.09,"IMD gridded (rainfall 0.25 deg, Tmax 1 deg)",REAL_GOVERNMENT
2013-10-15,0.04,30.71,0.0,31.04,"IMD gridded (rainfall 0.25 deg, Tmax 1 deg)",REAL_GOVERNMENT
2013-10-16,0.0,31.32,0.0,31.26,"IMD gridded (rainfall 0.25 deg, Tmax 1 deg)",REAL_GOVERNMENT
2013-10-17,0.0,31.24,0.0,31.17,"IMD gridded (rainfall 0.25 deg, Tmax 1 deg)",REAL_GOVERNMENT
2013-10-18,0.0,31.76,0.0,31.74,"IMD gridded (rainfall 0.25 deg, Tmax 1 deg)",REAL_GOVERNMENT
2013-10-19,0.0,31.54,0.0,31.42,"IMD gridded (rainfall 0.25 deg, Tmax 1 deg)",REAL_GOVERNMENT
2013-10-20,0.0,31.39,0.0,31.27,"IMD gridded (rainfall 0.25 deg, Tmax 1 deg)",REAL_GOVERNMENT
2013-10-21,0.0,30.73,0.0,30.32,"IMD gridded (rainfall 0.25 deg, Tmax 1 deg)",REAL_GOVERNMENT
2013-10-22,1.65,30.23,0.0,29.97,"IMD gridded (rainfall 0.25 deg, Tmax 1 deg)",REAL_GOVERNMENT
2013-10-23,0.0,29.75,0.0,29.53,"IMD gridded (rainfall 0.25 deg, Tmax 1 deg)",REAL_GOVERNMENT
2013-10-24,1.05,28.54,0.0,28.12,"IMD gridded (rainfall 0.25 deg, Tmax 1 deg)",REAL_GOVERNMENT
2013-10-25,1.54,28.47,3.56,27.92,"IMD gridded (rainfall 0.25 deg, Tmax 1 deg)",REAL_GOVERNMENT
2013-10-26,8.76,28.43,13.83,27.79,"IMD gridded (rainfall 0.25 deg, Tmax 1 deg)",REAL_GOVERNMENT
2013-10-27,1.44,29.77,0.4,29.93,"IMD gridded (rainfall 0.25 deg, Tmax 1 deg)",REAL_GOVERNMENT
2013-10-28,0.0,30.05,0.0,30.15,"IMD gridded (rainfall 0.25 deg, Tmax 1 deg)",REAL_GOVERNMENT
2013-10-29,0.0,31.33,0.0,31.35,"IMD gridded (rainfall 0.25 deg, Tmax 1 deg)",REAL_GOVERNMENT
2013-10-30,0.0,31.31,0.0,31.1,"IMD gridded (rainfall 0.25 deg, Tmax 1 deg)",REAL_GOVERNMENT
2013-10-31,0.0,31.17,0.0,30.72,"IMD gridded (rainfall 0.25 deg, Tmax 1 deg)",REAL_GOVERNMENT
2013-11-01,0.0,30.84,0.0,30.65,"IMD gridded (rainfall 0.25 deg, Tmax 1 deg)",REAL_GOVERNMENT
2013-11-02,0.0,31.03,0.0,30.7,"IMD gridded (rainfall 0.25 deg, Tmax 1 deg)",REAL_GOVERNMENT
2013-11-03,0.0,30.73,0.0,30.61,"IMD gridded (rainfall 0.25 deg, Tmax 1 deg)",REAL_GOVERNMENT
2013-11-04,0.0,30.13,0.0,30.04,"IMD gridded (rainfall 0.25 deg, Tmax 1 deg)",REAL_GOVERNMENT
2013-11-05,0.0,30.06,0.0,30.05,"IMD gridded (rainfall 0.25 deg, Tmax 1 deg)",REAL_GOVERNMENT
2013-11-06,0.0,29.43,0.0,29.34,"IMD gridded (rainfall 0.25 deg, Tmax 1 deg)",REAL_GOVERNMENT
2013-11-07,0.0,29.48,0.0,29.29,"IMD gridded (rainfall 0.25 deg, Tmax 1 deg)",REAL_GOVERNMENT
2013-11-08,0.0,29.4,0.0,29.19,"IMD gridded (rainfall 0.25 deg, Tmax 1 deg)",REAL_GOVERNMENT
2013-11-09,0.0,28.84,0.0,28.74,"IMD gridded (rainfall 0.25 deg, Tmax 1 deg)",REAL_GOVERNMENT
2013-11-10,0.27,27.82,0.0,27.85,"IMD gridded (rainfall 0.25 deg, Tmax 1 deg)",REAL_GOVERNMENT
2013-11-11,0.0,27.24,0.0,27.18,"IMD gridded (rainfall 0.25 deg, Tmax 1 deg)",REAL_GOVERNMENT
2013-11-12,0.0,27.34,0.0,27.26,"IMD gridded (rainfall 0.25 deg, Tmax 1 deg)",REAL_GOVERNMENT
2013-11-13,0.0,27.17,0.0,27.03,"IMD gridded (rainfall 0.25 deg, Tmax 1 deg)",REAL_GOVERNMENT
2013-11-14,0.0,26.67,0.0,26.58,"IMD gridded (rainfall 0.25 deg, Tmax 1 deg)",REAL_GOVERNMENT
2013-11-15,0.0,26.38,0.0,26.39,"IMD gridded (rainfall 0.25 deg, Tmax 1 deg)",REAL_GOVERNMENT
2013-11-16,0.0,26.73,0.0,26.6,"IMD gridded (rainfall 0.25 deg, Tmax 1 deg)",REAL_GOVERNMENT
2013-11-17,0.0,27.2,0.0,26.92,"IMD gridded (rainfall 0.25 deg, Tmax 1 deg)",REAL_GOVERNMENT
2013-11-18,0.0,27.58,0.0,27.39,"IMD gridded (rainfall 0.25 deg, Tmax 1 deg)",REAL_GOVERNMENT
2013-11-19,0.0,29.2,0.0,29.4,"IMD gridded (rainfall 0.25 deg, Tmax 1 deg)",REAL_GOVERNMENT
2013-11-20,0.0,28.48,0.0,28.65,"IMD gridded (rainfall 0.25 deg, Tmax 1 deg)",REAL_GOVERNMENT
2013-11-21,0.0,28.48,0.0,28.46,"IMD gridded (rainfall 0.25 deg, Tmax 1 deg)",REAL_GOVERNMENT
2013-11-22,0.0,28.76,0.0,28.77,"IMD gridded (rainfall 0.25 deg, Tmax 1 deg)",REAL_GOVERNMENT
2013-11-23,0.0,29.98,0.0,29.87,"IMD gridded (rainfall 0.25 deg, Tmax 1 deg)",REAL_GOVERNMENT
2013-11-24,0.0,30.04,0.0,29.86,"IMD gridded (rainfall 0.25 deg, Tmax 1 deg)",REAL_GOVERNMENT
2013-11-25,0.0,29.74,0.0,29.74,"IMD gridded (rainfall 0.25 deg, Tmax 1 deg)",REAL_GOVERNMENT
2013-11-26,0.0,29.1,0.0,29.18,"IMD gridded (rainfall 0.25 deg, Tmax 1 deg)",REAL_GOVERNMENT
2013-11-27,0.0,28.6,0.0,28.58,"IMD gridded (rainfall 0.25 deg, Tmax 1 deg)",REAL_GOVERNMENT
2013-11-28,0.0,28.27,0.0,28.09,"IMD gridded (rainfall 0.25 deg, Tmax 1 deg)",REAL_GOVERNMENT
2013-11-29,0.0,28.57,0.0,28.45,"IMD gridded (rainfall 0.25 deg, Tmax 1 deg)",REAL_GOVERNMENT
2013-11-30,0.0,28.3,0.0,28.25,"IMD gridded (rainfall 0.25 deg, Tmax 1 deg)",REAL_GOVERNMENT
2013-12-01,0.0,29.05,0.0,29.13,"IMD gridded (rainfall 0.25 deg, Tmax 1 deg)",REAL_GOVERNMENT
2013-12-02,0.0,29.33,0.0,29.42,"IMD gridded (rainfall 0.25 deg, Tmax 1 deg)",REAL_GOVERNMENT
2013-12-03,0.0,28.39,0.0,28.46,"IMD gridded (rainfall 0.25 deg, Tmax 1 deg)",REAL_GOVERNMENT
2013-12-04,0.0,28.5,0.0,28.69,"IMD gridded (rainfall 0.25 deg, Tmax 1 deg)",REAL_GOVERNMENT
2013-12-05,0.0,26.93,0.0,27.33,"IMD gridded (rainfall 0.25 deg, Tmax 1 deg)",REAL_GOVERNMENT
2013-12-06,0.0,26.35,0.0,26.56,"IMD gridded (rainfall 0.25 deg, Tmax 1 deg)",REAL_GOVERNMENT
2013-12-07,0.0,26.88,0.0,26.97,"IMD gridded (rainfall 0.25 deg, Tmax 1 deg)",REAL_GOVERNMENT
2013-12-08,0.0,28.38,0.0,28.53,"IMD gridded (rainfall 0.25 deg, Tmax 1 deg)",REAL_GOVERNMENT
2013-12-09,0.0,28.08,0.0,28.34,"IMD gridded (rainfall 0.25 deg, Tmax 1 deg)",REAL_GOVERNMENT
2013-12-10,0.0,26.99,0.0,27.26,"IMD gridded (rainfall 0.25 deg, Tmax 1 deg)",REAL_GOVERNMENT
2013-12-11,0.0,26.6,0.0,26.79,"IMD gridded (rainfall 0.25 deg, Tmax 1 deg)",REAL_GOVERNMENT
2013-12-12,0.0,26.29,0.0,26.39,"IMD gridded (rainfall 0.25 deg, Tmax 1 deg)",REAL_GOVERNMENT
2013-12-13,0.0,27.04,0.0,27.28,"IMD gridded (rainfall 0.25 deg, Tmax 1 deg)",REAL_GOVERNMENT
2013-12-14,0.0,27.15,0.0,27.46,"IMD gridded (rainfall 0.25 deg, Tmax 1 deg)",REAL_GOVERNMENT
2013-12-15,0.0,27.22,0.0,27.59,"IMD gridded (rainfall 0.25 deg, Tmax 1 deg)",REAL_GOVERNMENT
2013-12-16,0.0,27.36,0.0,27.58,"IMD gridded (rainfall 0.25 deg, Tmax 1 deg)",REAL_GOVERNMENT
2013-12-17,0.0,27.06,0.0,27.29,"IMD gridded (rainfall 0.25 deg, Tmax 1 deg)",REAL_GOVERNMENT
2013-12-18,0.0,27.0,0.0,27.21,"IMD gridded (rainfall 0.25 deg, Tmax 1 deg)",REAL_GOVERNMENT
2013-12-19,0.0,27.79,0.0,28.05,"IMD gridded (rainfall 0.25 deg, Tmax 1 deg)",REAL_GOVERNMENT
2013-12-20,0.0,27.1,0.0,27.49,"IMD gridded (rainfall 0.25 deg, Tmax 1 deg)",REAL_GOVERNMENT
2013-12-21,0.0,27.44,0.0,27.67,"IMD gridded (rainfall 0.25 deg, Tmax 1 deg)",REAL_GOVERNMENT
2013-12-22,0.0,26.73,0.0,27.13,"IMD gridded (rainfall 0.25 deg, Tmax 1 deg)",REAL_GOVERNMENT
2013-12-23,0.0,25.83,0.0,26.6,"IMD gridded (rainfall 0.25 deg, Tmax 1 deg)",REAL_GOVERNMENT
2013-12-24,0.0,25.93,0.0,26.46,"IMD gridded (rainfall 0.25 deg, Tmax 1 deg)",REAL_GOVERNMENT
2013-12-25,0.0,25.7,0.0,26.29,"IMD gridded (rainfall 0.25 deg, Tmax 1 deg)",REAL_GOVERNMENT
2013-12-26,0.0,25.73,0.0,26.14,"IMD gridded (rainfall 0.25 deg, Tmax 1 deg)",REAL_GOVERNMENT
2013-12-27,0.0,27.15,0.0,27.28,"IMD gridded (rainfall 0.25 deg, Tmax 1 deg)",REAL_GOVERNMENT
2013-12-28,0.0,26.34,0.0,27.02,"IMD gridded (rainfall 0.25 deg, Tmax 1 deg)",REAL_GOVERNMENT
2013-12-29,0.0,25.66,0.0,26.12,"IMD gridded (rainfall 0.25 deg, Tmax 1 deg)",REAL_GOVERNMENT
2013-12-30,0.0,26.94,0.0,27.41,"IMD gridded (rainfall 0.25 deg, Tmax 1 deg)",REAL_GOVERNMENT
2013-12-31,0.0,27.41,0.0,27.78,"IMD gridded (rainfall 0.25 deg, Tmax 1 deg)",REAL_GOVERNMENT
2014-01-01,0.0,26.39,0.0,26.89,"IMD gridded (rainfall 0.25 deg, Tmax 1 deg)",REAL_GOVERNMENT
2014-01-02,0.0,24.38,0.0,25.02,"IMD gridded (rainfall 0.25 deg, Tmax 1 deg)",REAL_GOVERNMENT
2014-01-03,0.0,26.73,0.0,27.15,"IMD gridded (rainfall 0.25 deg, Tmax 1 deg)",REAL_GOVERNMENT
2014-01-04,0.0,28.35,0.0,28.55,"IMD gridded (rainfall 0.25 deg, Tmax 1 deg)",REAL_GOVERNMENT
2014-01-05,0.02,25.87,0.0,26.01,"IMD gridded (rainfall 0.25 deg, Tmax 1 deg)",REAL_GOVERNMENT
2014-01-06,2.19,24.71,3.65,25.08,"IMD gridded (rainfall 0.25 deg, Tmax 1 deg)",REAL_GOVERNMENT
2014-01-07,0.0,24.7,0.0,25.06,"IMD gridded (rainfall 0.25 deg, Tmax 1 deg)",REAL_GOVERNMENT
2014-01-08,0.0,26.97,0.0,27.25,"IMD gridded (rainfall 0.25 deg, Tmax 1 deg)",REAL_GOVERNMENT
2014-01-09,0.0,27.96,0.0,28.43,"IMD gridded (rainfall 0.25 deg, Tmax 1 deg)",REAL_GOVERNMENT
2014-01-10,0.0,26.15,0.0,27.06,"IMD gridded (rainfall 0.25 deg, Tmax 1 deg)",REAL_GOVERNMENT
2014-01-11,0.0,23.45,0.0,24.09,"IMD gridded (rainfall 0.25 deg, Tmax 1 deg)",REAL_GOVERNMENT
2014-01-12,0.0,23.98,0.0,24.8,"IMD gridded (rainfall 0.25 deg, Tmax 1 deg)",REAL_GOVERNMENT
2014-01-13,0.0,25.5,0.0,26.05,"IMD gridded (rainfall 0.25 deg, Tmax 1 deg)",REAL_GOVERNMENT
2014-01-14,0.0,26.89,0.0,27.56,"IMD gridded (rainfall 0.25 deg, Tmax 1 deg)",REAL_GOVERNMENT
2014-01-15,0.0,26.63,0.0,27.27,"IMD gridded (rainfall 0.25 deg, Tmax 1 deg)",REAL_GOVERNMENT
2014-01-16,0.37,24.53,0.0,25.55,"IMD gridded (rainfall 0.25 deg, Tmax 1 deg)",REAL_GOVERNMENT
2014-01-17,2.27,26.95,0.0,27.55,"IMD gridded (rainfall 0.25 deg, Tmax 1 deg)",REAL_GOVERNMENT
2014-01-18,2.9,24.25,0.0,24.58,"IMD gridded (rainfall 0.25 deg, Tmax 1 deg)",REAL_GOVERNMENT
2014-01-19,0.0,23.83,0.0,24.75,"IMD gridded (rainfall 0.25 deg, Tmax 1 deg)",REAL_GOVERNMENT
2014-01-20,0.0,26.42,0.0,26.77,"IMD gridded (rainfall 0.25 deg, Tmax 1 deg)",REAL_GOVERNMENT
2014-01-21,0.0,27.05,0.0,27.51,"IMD gridded (rainfall 0.25 deg, Tmax 1 deg)",REAL_GOVERNMENT
2014-01-22,0.0,26.89,0.0,27.51,"IMD gridded (rainfall 0.25 deg, Tmax 1 deg)",REAL_GOVERNMENT
2014-01-23,0.03,23.74,0.0,24.19,"IMD gridded (rainfall 0.25 deg, Tmax 1 deg)",REAL_GOVERNMENT
2014-01-24,0.0,23.33,0.0,23.78,"IMD gridded (rainfall 0.25 deg, Tmax 1 deg)",REAL_GOVERNMENT
2014-01-25,0.24,24.59,0.0,25.12,"IMD gridded (rainfall 0.25 deg, Tmax 1 deg)",REAL_GOVERNMENT
2014-01-26,0.0,24.97,0.0,25.47,"IMD gridded (rainfall 0.25 deg, Tmax 1 deg)",REAL_GOVERNMENT
2014-01-27,0.0,25.41,0.0,25.83,"IMD gridded (rainfall 0.25 deg, Tmax 1 deg)",REAL_GOVERNMENT
2014-01-28,0.0,25.8,0.0,26.12,"IMD gridded (rainfall 0.25 deg, Tmax 1 deg)",REAL_GOVERNMENT
2014-01-29,0.0,26.47,0.0,26.64,"IMD gridded (rainfall 0.25 deg, Tmax 1 deg)",REAL_GOVERNMENT
2014-01-30,0.0,26.35,0.0,26.5,"IMD gridded (rainfall 0.25 deg, Tmax 1 deg)",REAL_GOVERNMENT
2014-01-31,0.0,26.3,0.0,26.76,"IMD gridded (rainfall 0.25 deg, Tmax 1 deg)",REAL_GOVERNMENT
2014-02-01,0.0,26.43,0.0,26.9,"IMD gridded (rainfall 0.25 deg, Tmax 1 deg)",REAL_GOVERNMENT
2014-02-02,0.0,27.56,0.0,28.16,"IMD gridded (rainfall 0.25 deg, Tmax 1 deg)",REAL_GOVERNMENT
2014-02-03,0.0,29.24,0.0,29.41,"IMD gridded (rainfall 0.25 deg, Tmax 1 deg)",REAL_GOVERNMENT
2014-02-04,0.0,29.99,0.0,30.41,"IMD gridded (rainfall 0.25 deg, Tmax 1 deg)",REAL_GOVERNMENT
2014-02-05,0.0,30.43,0.0,30.77,"IMD gridded (rainfall 0.25 deg, Tmax 1 deg)",REAL_GOVERNMENT
2014-02-06,0.0,31.45,0.0,31.7,"IMD gridded (rainfall 0.25 deg, Tmax 1 deg)",REAL_GOVERNMENT
2014-02-07,0.0,31.34,0.0,31.47,"IMD gridded (rainfall 0.25 deg, Tmax 1 deg)",REAL_GOVERNMENT
2014-02-08,0.0,30.63,0.0,30.95,"IMD gridded (rainfall 0.25 deg, Tmax 1 deg)",REAL_GOVERNMENT
2014-02-09,0.0,29.74,0.0,30.18,"IMD gridded (rainfall 0.25 deg, Tmax 1 deg)",REAL_GOVERNMENT
2014-02-10,0.0,27.94,0.0,28.15,"IMD gridded (rainfall 0.25 deg, Tmax 1 deg)",REAL_GOVERNMENT
2014-02-11,0.0,27.23,0.0,27.63,"IMD gridded (rainfall 0.25 deg, Tmax 1 deg)",REAL_GOVERNMENT
2014-02-12,0.0,27.01,0.0,27.5,"IMD gridded (rainfall 0.25 deg, Tmax 1 deg)",REAL_GOVERNMENT
2014-02-13,0.0,28.06,0.0,28.49,"IMD gridded (rainfall 0.25 deg, Tmax 1 deg)",REAL_GOVERNMENT
2014-02-14,0.0,27.47,0.0,27.95,"IMD gridded (rainfall 0.25 deg, Tmax 1 deg)",REAL_GOVERNMENT
2014-02-15,0.59,26.85,0.0,27.58,"IMD gridded (rainfall 0.25 deg, Tmax 1 deg)",REAL_GOVERNMENT
2014-02-16,0.19,24.13,0.0,24.78,"IMD gridded (rainfall 0.25 deg, Tmax 1 deg)",REAL_GOVERNMENT
2014-02-17,0.03,24.93,0.0,25.49,"IMD gridded (rainfall 0.25 deg, Tmax 1 deg)",REAL_GOVERNMENT
2014-02-18,0.0,26.21,0.0,26.49,"IMD gridded (rainfall 0.25 deg, Tmax 1 deg)",REAL_GOVERNMENT
2014-02-19,0.0,28.49,0.0,28.74,"IMD gridded (rainfall 0.25 deg, Tmax 1 deg)",REAL_GOVERNMENT
2014-02-20,0.0,30.75,0.0,31.04,"IMD gridded (rainfall 0.25 deg, Tmax 1 deg)",REAL_GOVERNMENT
2014-02-21,0.0,30.44,0.0,30.65,"IMD gridded (rainfall 0.25 deg, Tmax 1 deg)",REAL_GOVERNMENT
2014-02-22,0.32,27.98,0.0,28.07,"IMD gridded (rainfall 0.25 deg, Tmax 1 deg)",REAL_GOVERNMENT
2014-02-23,1.53,26.16,0.0,26.74,"IMD gridded (rainfall 0.25 deg, Tmax 1 deg)",REAL_GOVERNMENT
2014-02-24,15.71,28.26,21.18,28.64,"IMD gridded (rainfall 0.25 deg, Tmax 1 deg)",REAL_GOVERNMENT
2014-02-25,0.53,28.88,0.0,29.58,"IMD gridded (rainfall 0.25 deg, Tmax 1 deg)",REAL_GOVERNMENT
2014-02-26,10.43,28.14,18.86,28.44,"IMD gridded (rainfall 0.25 deg, Tmax 1 deg)",REAL_GOVERNMENT
2014-02-27,5.88,29.0,4.48,29.31,"IMD gridded (rainfall 0.25 deg, Tmax 1 deg)",REAL_GOVERNMENT
2014-02-28,5.57,26.58,7.36,26.82,"IMD gridded (rainfall 0.25 deg, Tmax 1 deg)",REAL_GOVERNMENT
2014-03-01,13.04,26.81,19.02,27.19,"IMD gridded (rainfall 0.25 deg, Tmax 1 deg)",REAL_GOVERNMENT
2014-03-02,1.11,26.52,0.0,26.9,"IMD gridded (rainfall 0.25 deg, Tmax 1 deg)",REAL_GOVERNMENT
2014-03-03,0.0,27.52,0.0,28.01,"IMD gridded (rainfall 0.25 deg, Tmax 1 deg)",REAL_GOVERNMENT
2014-03-04,2.83,25.48,5.09,25.72,"IMD gridded (rainfall 0.25 deg, Tmax 1 deg)",REAL_GOVERNMENT
2014-03-05,2.21,27.78,1.49,27.86,"IMD gridded (rainfall 0.25 deg, Tmax 1 deg)",REAL_GOVERNMENT
2014-03-06,0.65,28.12,1.04,27.78,"IMD gridded (rainfall 0.25 deg, Tmax 1 deg)",REAL_GOVERNMENT
2014-03-07,0.0,28.62,0.0,28.79,"IMD gridded (rainfall 0.25 deg, Tmax 1 deg)",REAL_GOVERNMENT
2014-03-08,0.0,28.11,0.0,27.78,"IMD gridded (rainfall 0.25 deg, Tmax 1 deg)",REAL_GOVERNMENT
2014-03-09,0.17,29.17,0.0,29.13,"IMD gridded (rainfall 0.25 deg, Tmax 1 deg)",REAL_GOVERNMENT
2014-03-10,1.13,28.71,0.0,28.84,"IMD gridded (rainfall 0.25 deg, Tmax 1 deg)",REAL_GOVERNMENT
2014-03-11,0.42,29.97,0.0,30.02,"IMD gridded (rainfall 0.25 deg, Tmax 1 deg)",REAL_GOVERNMENT
2014-03-12,0.0,31.05,0.0,31.12,"IMD gridded (rainfall 0.25 deg, Tmax 1 deg)",REAL_GOVERNMENT
2014-03-13,2.1,31.19,0.0,31.53,"IMD gridded (rainfall 0.25 deg, Tmax 1 deg)",REAL_GOVERNMENT
2014-03-14,0.13,32.09,0.0,32.25,"IMD gridded (rainfall 0.25 deg, Tmax 1 deg)",REAL_GOVERNMENT
2014-03-15,0.41,33.6,0.0,33.69,"IMD gridded (rainfall 0.25 deg, Tmax 1 deg)",REAL_GOVERNMENT
2014-03-16,0.4,33.86,0.0,33.87,"IMD gridded (rainfall 0.25 deg, Tmax 1 deg)",REAL_GOVERNMENT
2014-03-17,0.0,35.14,0.0,35.23,"IMD gridded (rainfall 0.25 deg, Tmax 1 deg)",REAL_GOVERNMENT
2014-03-18,0.0,35.01,0.0,35.03,"IMD gridded (rainfall 0.25 deg, Tmax 1 deg)",REAL_GOVERNMENT
2014-03-19,0.0,34.36,0.0,34.37,"IMD gridded (rainfall 0.25 deg, Tmax 1 deg)",REAL_GOVERNMENT
2014-03-20,0.0,34.1,0.0,34.22,"IMD gridded (rainfall 0.25 deg, Tmax 1 deg)",REAL_GOVERNMENT
2014-03-21,0.0,35.26,0.0,35.46,"IMD gridded (rainfall 0.25 deg, Tmax 1 deg)",REAL_GOVERNMENT
2014-03-22,0.0,34.82,0.0,35.06,"IMD gridded (rainfall 0.25 deg, Tmax 1 deg)",REAL_GOVERNMENT
2014-03-23,0.0,35.66,0.0,35.68,"IMD gridded (rainfall 0.25 deg, Tmax 1 deg)",REAL_GOVERNMENT
2014-03-24,0.0,36.05,0.0,36.03,"IMD gridded (rainfall 0.25 deg, Tmax 1 deg)",REAL_GOVERNMENT
2014-03-25,0.24,35.31,0.0,35.36,"IMD gridded (rainfall 0.25 deg, Tmax 1 deg)",REAL_GOVERNMENT
2014-03-26,0.0,36.6,0.0,36.55,"IMD gridded (rainfall 0.25 deg, Tmax 1 deg)",REAL_GOVERNMENT
2014-03-27,0.0,37.2,0.0,37.15,"IMD gridded (rainfall 0.25 deg, Tmax 1 deg)",REAL_GOVERNMENT
2014-03-28,0.01,37.9,0.0,37.88,"IMD gridded (rainfall 0.25 deg, Tmax 1 deg)",REAL_GOVERNMENT
2014-03-29,0.0,37.95,0.0,38.08,"IMD gridded (rainfall 0.25 deg, Tmax 1 deg)",REAL_GOVERNMENT
2014-03-30,0.0,37.66,0.0,37.87,"IMD gridded (rainfall 0.25 deg, Tmax 1 deg)",REAL_GOVERNMENT
2014-03-31,0.0,37.06,0.0,37.22,"IMD gridded (rainfall 0.25 deg, Tmax 1 deg)",REAL_GOVERNMENT
2014-04-01,0.0,36.63,0.0,36.67,"IMD gridded (rainfall 0.25 deg, Tmax 1 deg)",REAL_GOVERNMENT
2014-04-02,0.0,36.98,0.0,36.87,"IMD gridded (rainfall 0.25 deg, Tmax 1 deg)",REAL_GOVERNMENT
2014-04-03,0.0,37.41,0.0,37.43,"IMD gridded (rainfall 0.25 deg, Tmax 1 deg)",REAL_GOVERNMENT
2014-04-04,0.0,37.03,0.0,37.11,"IMD gridded (rainfall 0.25 deg, Tmax 1 deg)",REAL_GOVERNMENT
2014-04-05,0.0,38.75,0.0,38.79,"IMD gridded (rainfall 0.25 deg, Tmax 1 deg)",REAL_GOVERNMENT
2014-04-06,0.0,39.53,0.0,39.5,"IMD gridded (rainfall 0.25 deg, Tmax 1 deg)",REAL_GOVERNMENT
2014-04-07,0.0,39.19,0.0,39.17,"IMD gridded (rainfall 0.25 deg, Tmax 1 deg)",REAL_GOVERNMENT
2014-04-08,0.0,37.02,0.0,36.63,"IMD gridded (rainfall 0.25 deg, Tmax 1 deg)",REAL_GOVERNMENT
2014-04-09,0.0,36.86,0.0,36.85,"IMD gridded (rainfall 0.25 deg, Tmax 1 deg)",REAL_GOVERNMENT
2014-04-10,0.03,37.34,0.0,37.36,"IMD gridded (rainfall 0.25 deg, Tmax 1 deg)",REAL_GOVERNMENT
2014-04-11,0.0,37.85,0.0,37.81,"IMD gridded (rainfall 0.25 deg, Tmax 1 deg)",REAL_GOVERNMENT
2014-04-12,0.0,38.13,0.0,38.09,"IMD gridded (rainfall 0.25 deg, Tmax 1 deg)",REAL_GOVERNMENT
2014-04-13,0.0,38.61,0.0,38.28,"IMD gridded (rainfall 0.25 deg, Tmax 1 deg)",REAL_GOVERNMENT
2014-04-14,0.0,38.12,0.0,38.01,"IMD gridded (rainfall 0.25 deg, Tmax 1 deg)",REAL_GOVERNMENT
2014-04-15,2.78,37.97,0.2,37.68,"IMD gridded (rainfall 0.25 deg, Tmax 1 deg)",REAL_GOVERNMENT
2014-04-16,0.93,39.29,0.0,39.37,"IMD gridded (rainfall 0.25 deg, Tmax 1 deg)",REAL_GOVERNMENT
2014-04-17,0.0,39.07,0.0,39.2,"IMD gridded (rainfall 0.25 deg, Tmax 1 deg)",REAL_GOVERNMENT
2014-04-18,4.7,37.82,0.0,37.68,"IMD gridded (rainfall 0.25 deg, Tmax 1 deg)",REAL_GOVERNMENT
2014-04-19,0.07,36.68,0.0,36.79,"IMD gridded (rainfall 0.25 deg, Tmax 1 deg)",REAL_GOVERNMENT
2014-04-20,2.53,36.55,0.28,36.68,"IMD gridded (rainfall 0.25 deg, Tmax 1 deg)",REAL_GOVERNMENT
2014-04-21,0.0,37.33,0.0,37.33,"IMD gridded (rainfall 0.25 deg, Tmax 1 deg)",REAL_GOVERNMENT
2014-04-22,0.34,36.59,0.0,36.18,"IMD gridded (rainfall 0.25 deg, Tmax 1 deg)",REAL_GOVERNMENT
2014-04-23,0.3,38.36,0.0,38.29,"IMD gridded (rainfall 0.25 deg, Tmax 1 deg)",REAL_GOVERNMENT
2014-04-24,0.0,38.68,0.0,38.56,"IMD gridded (rainfall 0.25 deg, Tmax 1 deg)",REAL_GOVERNMENT
2014-04-25,0.0,39.82,0.0,39.64,"IMD gridded (rainfall 0.25 deg, Tmax 1 deg)",REAL_GOVERNMENT
2014-04-26,0.0,40.83,0.0,40.84,"IMD gridded (rainfall 0.25 deg, Tmax 1 deg)",REAL_GOVERNMENT
2014-04-27,0.0,41.23,0.0,41.32,"IMD gridded (rainfall 0.25 deg, Tmax 1 deg)",REAL_GOVERNMENT
2014-04-28,0.0,41.12,0.0,41.06,"IMD gridded (rainfall 0.25 deg, Tmax 1 deg)",REAL_GOVERNMENT
2014-04-29,0.02,41.37,0.0,41.52,"IMD gridded (rainfall 0.25 deg, Tmax 1 deg)",REAL_GOVERNMENT
2014-04-30,0.0,40.49,0.0,40.44,"IMD gridded (rainfall 0.25 deg, Tmax 1 deg)",REAL_GOVERNMENT
2014-05-01,0.36,41.2,0.0,41.08,"IMD gridded (rainfall 0.25 deg, Tmax 1 deg)",REAL_GOVERNMENT
2014-05-02,0.0,41.36,0.0,41.31,"IMD gridded (rainfall 0.25 deg, Tmax 1 deg)",REAL_GOVERNMENT
2014-05-03,0.11,39.65,0.0,39.54,"IMD gridded (rainfall 0.25 deg, Tmax 1 deg)",REAL_GOVERNMENT
2014-05-04,0.35,38.61,0.0,38.57,"IMD gridded (rainfall 0.25 deg, Tmax 1 deg)",REAL_GOVERNMENT
2014-05-05,0.01,38.66,0.0,38.67,"IMD gridded (rainfall 0.25 deg, Tmax 1 deg)",REAL_GOVERNMENT
2014-05-06,4.51,37.61,0.12,37.5,"IMD gridded (rainfall 0.25 deg, Tmax 1 deg)",REAL_GOVERNMENT
2014-05-07,0.06,38.91,0.0,38.9,"IMD gridded (rainfall 0.25 deg, Tmax 1 deg)",REAL_GOVERNMENT
2014-05-08,0.52,38.09,0.0,37.36,"IMD gridded (rainfall 0.25 deg, Tmax 1 deg)",REAL_GOVERNMENT
2014-05-09,0.17,35.17,0.0,34.58,"IMD gridded (rainfall 0.25 deg, Tmax 1 deg)",REAL_GOVERNMENT
2014-05-10,0.0,38.29,0.0,38.3,"IMD gridded (rainfall 0.25 deg, Tmax 1 deg)",REAL_GOVERNMENT
2014-05-11,0.0,39.01,0.0,38.92,"IMD gridded (rainfall 0.25 deg, Tmax 1 deg)",REAL_GOVERNMENT
2014-05-12,0.0,39.17,0.0,39.1,"IMD gridded (rainfall 0.25 deg, Tmax 1 deg)",REAL_GOVERNMENT
2014-05-13,0.0,38.59,0.0,38.44,"IMD gridded (rainfall 0.25 deg, Tmax 1 deg)",REAL_GOVERNMENT
2014-05-14,0.03,37.94,0.0,37.57,"IMD gridded (rainfall 0.25 deg, Tmax 1 deg)",REAL_GOVERNMENT
2014-05-15,0.01,38.06,0.0,37.75,"IMD gridded (rainfall 0.25 deg, Tmax 1 deg)",REAL_GOVERNMENT
2014-05-16,0.0,38.58,0.0,38.58,"IMD gridded (rainfall 0.25 deg, Tmax 1 deg)",REAL_GOVERNMENT
2014-05-17,0.0,39.5,0.0,39.49,"IMD gridded (rainfall 0.25 deg, Tmax 1 deg)",REAL_GOVERNMENT
2014-05-18,0.38,40.06,0.0,40.1,"IMD gridded (rainfall 0.25 deg, Tmax 1 deg)",REAL_GOVERNMENT
2014-05-19,0.28,40.93,0.0,40.84,"IMD gridded (rainfall 0.25 deg, Tmax 1 deg)",REAL_GOVERNMENT
2014-05-20,0.0,41.27,0.0,41.14,"IMD gridded (rainfall 0.25 deg, Tmax 1 deg)",REAL_GOVERNMENT
2014-05-21,0.29,41.54,0.0,41.52,"IMD gridded (rainfall 0.25 deg, Tmax 1 deg)",REAL_GOVERNMENT
2014-05-22,0.0,41.56,0.0,41.59,"IMD gridded (rainfall 0.25 deg, Tmax 1 deg)",REAL_GOVERNMENT
2014-05-23,0.0,42.54,0.0,42.54,"IMD gridded (rainfall 0.25 deg, Tmax 1 deg)",REAL_GOVERNMENT
2014-05-24,0.0,43.09,0.0,43.28,"IMD gridded (rainfall 0.25 deg, Tmax 1 deg)",REAL_GOVERNMENT
2014-05-25,0.0,39.53,0.0,39.93,"IMD gridded (rainfall 0.25 deg, Tmax 1 deg)",REAL_GOVERNMENT
2014-05-26,2.73,38.49,0.15,39.14,"IMD gridded (rainfall 0.25 deg, Tmax 1 deg)",REAL_GOVERNMENT
2014-05-27,0.0,38.86,0.0,39.31,"IMD gridded (rainfall 0.25 deg, Tmax 1 deg)",REAL_GOVERNMENT
2014-05-28,0.23,40.75,0.0,40.88,"IMD gridded (rainfall 0.25 deg, Tmax 1 deg)",REAL_GOVERNMENT
2014-05-29,0.0,42.82,0.0,42.81,"IMD gridded (rainfall 0.25 deg, Tmax 1 deg)",REAL_GOVERNMENT
2014-05-30,0.0,43.51,0.0,43.46,"IMD gridded (rainfall 0.25 deg, Tmax 1 deg)",REAL_GOVERNMENT
2014-05-31,0.0,43.38,0.0,43.24,"IMD gridded (rainfall 0.25 deg, Tmax 1 deg)",REAL_GOVERNMENT
2014-06-01,0.0,42.38,0.0,42.71,"IMD gridded (rainfall 0.25 deg, Tmax 1 deg)",REAL_GOVERNMENT
2014-06-02,0.0,42.68,0.0,42.96,"IMD gridded (rainfall 0.25 deg, Tmax 1 deg)",REAL_GOVERNMENT
2014-06-03,0.12,41.46,0.0,41.15,"IMD gridded (rainfall 0.25 deg, Tmax 1 deg)",REAL_GOVERNMENT
2014-06-04,0.26,42.68,0.0,42.45,"IMD gridded (rainfall 0.25 deg, Tmax 1 deg)",REAL_GOVERNMENT
2014-06-05,0.0,43.68,0.0,43.51,"IMD gridded (rainfall 0.25 deg, Tmax 1 deg)",REAL_GOVERNMENT
2014-06-06,0.0,44.57,0.0,44.52,"IMD gridded (rainfall 0.25 deg, Tmax 1 deg)",REAL_GOVERNMENT
2014-06-07,0.0,44.24,0.0,43.93,"IMD gridded (rainfall 0.25 deg, Tmax 1 deg)",REAL_GOVERNMENT
2014-06-08,0.0,44.13,0.0,43.83,"IMD gridded (rainfall 0.25 deg, Tmax 1 deg)",REAL_GOVERNMENT
2014-06-09,0.0,42.49,0.0,42.4,"IMD gridded (rainfall 0.25 deg, Tmax 1 deg)",REAL_GOVERNMENT
2014-06-10,0.32,42.65,0.0,42.13,"IMD gridded (rainfall 0.25 deg, Tmax 1 deg)",REAL_GOVERNMENT
2014-06-11,0.33,42.48,0.0,42.0,"IMD gridded (rainfall 0.25 deg, Tmax 1 deg)",REAL_GOVERNMENT
2014-06-12,1.81,37.86,0.0,37.66,"IMD gridded (rainfall 0.25 deg, Tmax 1 deg)",REAL_GOVERNMENT
2014-06-13,0.08,39.31,0.0,38.83,"IMD gridded (rainfall 0.25 deg, Tmax 1 deg)",REAL_GOVERNMENT
2014-06-14,0.66,37.38,0.0,36.81,"IMD gridded (rainfall 0.25 deg, Tmax 1 deg)",REAL_GOVERNMENT
2014-06-15,4.38,36.48,3.39,35.91,"IMD gridded (rainfall 0.25 deg, Tmax 1 deg)",REAL_GOVERNMENT
2014-06-16,1.48,38.04,0.0,37.89,"IMD gridded (rainfall 0.25 deg, Tmax 1 deg)",REAL_GOVERNMENT
2014-06-17,5.56,37.73,0.32,37.75,"IMD gridded (rainfall 0.25 deg, Tmax 1 deg)",REAL_GOVERNMENT
2014-06-18,22.41,32.4,13.32,31.63,"IMD gridded (rainfall 0.25 deg, Tmax 1 deg)",REAL_GOVERNMENT
2014-06-19,12.63,33.51,2.12,32.79,"IMD gridded (rainfall 0.25 deg, Tmax 1 deg)",REAL_GOVERNMENT
2014-06-20,4.49,35.03,18.0,34.57,"IMD gridded (rainfall 0.25 deg, Tmax 1 deg)",REAL_GOVERNMENT
2014-06-21,33.49,35.22,97.43,34.75,"IMD gridded (rainfall 0.25 deg, Tmax 1 deg)",REAL_GOVERNMENT
2014-06-22,2.79,36.25,0.0,36.01,"IMD gridded (rainfall 0.25 deg, Tmax 1 deg)",REAL_GOVERNMENT
2014-06-23,0.0,36.71,0.0,36.41,"IMD gridded (rainfall 0.25 deg, Tmax 1 deg)",REAL_GOVERNMENT
2014-06-24,0.0,36.54,0.0,36.27,"IMD gridded (rainfall 0.25 deg, Tmax 1 deg)",REAL_GOVERNMENT
2014-06-25,0.0,36.71,0.0,35.99,"IMD gridded (rainfall 0.25 deg, Tmax 1 deg)",REAL_GOVERNMENT
2014-06-26,3.12,36.25,12.04,36.14,"IMD gridded (rainfall 0.25 deg, Tmax 1 deg)",REAL_GOVERNMENT
2014-06-27,2.51,36.26,0.0,35.61,"IMD gridded (rainfall 0.25 deg, Tmax 1 deg)",REAL_GOVERNMENT
2014-06-28,13.63,33.45,6.32,32.48,"IMD gridded (rainfall 0.25 deg, Tmax 1 deg)",REAL_GOVERNMENT
2014-06-29,0.2,34.88,0.0,34.01,"IMD gridded (rainfall 0.25 deg, Tmax 1 deg)",REAL_GOVERNMENT
2014-06-30,0.54,36.72,0.0,36.31,"IMD gridded (rainfall 0.25 deg, Tmax 1 deg)",REAL_GOVERNMENT
2014-07-01,0.0,37.26,0.0,37.2,"IMD gridded (rainfall 0.25 deg, Tmax 1 deg)",REAL_GOVERNMENT
2014-07-02,0.0,37.72,0.0,37.42,"IMD gridded (rainfall 0.25 deg, Tmax 1 deg)",REAL_GOVERNMENT
2014-07-03,0.0,37.37,0.0,37.4,"IMD gridded (rainfall 0.25 deg, Tmax 1 deg)",REAL_GOVERNMENT
2014-07-04,0.9,36.65,0.15,36.51,"IMD gridded (rainfall 0.25 deg, Tmax 1 deg)",REAL_GOVERNMENT
2014-07-05,7.75,33.56,6.3,33.55,"IMD gridded (rainfall 0.25 deg, Tmax 1 deg)",REAL_GOVERNMENT
2014-07-06,5.74,32.93,6.78,32.25,"IMD gridded (rainfall 0.25 deg, Tmax 1 deg)",REAL_GOVERNMENT
2014-07-07,0.82,34.39,7.52,33.97,"IMD gridded (rainfall 0.25 deg, Tmax 1 deg)",REAL_GOVERNMENT
2014-07-08,3.37,35.85,3.64,35.78,"IMD gridded (rainfall 0.25 deg, Tmax 1 deg)",REAL_GOVERNMENT
2014-07-09,5.64,34.13,1.96,33.29,"IMD gridded (rainfall 0.25 deg, Tmax 1 deg)",REAL_GOVERNMENT
2014-07-10,0.35,36.11,0.0,35.74,"IMD gridded (rainfall 0.25 deg, Tmax 1 deg)",REAL_GOVERNMENT
2014-07-11,11.2,35.02,2.74,34.54,"IMD gridded (rainfall 0.25 deg, Tmax 1 deg)",REAL_GOVERNMENT
2014-07-12,20.77,33.36,15.45,33.03,"IMD gridded (rainfall 0.25 deg, Tmax 1 deg)",REAL_GOVERNMENT
2014-07-13,11.14,33.88,37.34,33.38,"IMD gridded (rainfall 0.25 deg, Tmax 1 deg)",REAL_GOVERNMENT
2014-07-14,19.02,30.99,16.42,31.04,"IMD gridded (rainfall 0.25 deg, Tmax 1 deg)",REAL_GOVERNMENT
2014-07-15,12.28,28.46,4.2,27.94,"IMD gridded (rainfall 0.25 deg, Tmax 1 deg)",REAL_GOVERNMENT
2014-07-16,31.69,28.81,9.31,29.03,"IMD gridded (rainfall 0.25 deg, Tmax 1 deg)",REAL_GOVERNMENT
2014-07-17,4.08,30.11,5.84,30.14,"IMD gridded (rainfall 0.25 deg, Tmax 1 deg)",REAL_GOVERNMENT
2014-07-18,6.85,30.49,35.25,30.73,"IMD gridded (rainfall 0.25 deg, Tmax 1 deg)",REAL_GOVERNMENT
2014-07-19,8.94,28.33,6.17,28.25,"IMD gridded (rainfall 0.25 deg, Tmax 1 deg)",REAL_GOVERNMENT
2014-07-20,13.31,26.39,16.61,25.93,"IMD gridded (rainfall 0.25 deg, Tmax 1 deg)",REAL_GOVERNMENT
2014-07-21,38.03,26.98,31.38,26.59,"IMD gridded (rainfall 0.25 deg, Tmax 1 deg)",REAL_GOVERNMENT
2014-07-22,82.9,25.98,21.39,25.91,"IMD gridded (rainfall 0.25 deg, Tmax 1 deg)",REAL_GOVERNMENT
2014-07-23,88.24,25.74,125.54,24.76,"IMD gridded (rainfall 0.25 deg, Tmax 1 deg)",REAL_GOVERNMENT
2014-07-24,4.23,25.51,2.27,25.68,"IMD gridded (rainfall 0.25 deg, Tmax 1 deg)",REAL_GOVERNMENT
2014-07-25,5.15,27.54,5.25,28.14,"IMD gridded (rainfall 0.25 deg, Tmax 1 deg)",REAL_GOVERNMENT
2014-07-26,6.11,27.56,12.77,27.74,"IMD gridded (rainfall 0.25 deg, Tmax 1 deg)",REAL_GOVERNMENT
2014-07-27,4.39,28.61,10.74,28.06,"IMD gridded (rainfall 0.25 deg, Tmax 1 deg)",REAL_GOVERNMENT
2014-07-28,3.32,29.73,2.68,29.68,"IMD gridded (rainfall 0.25 deg, Tmax 1 deg)",REAL_GOVERNMENT
2014-07-29,18.53,30.93,9.03,30.89,"IMD gridded (rainfall 0.25 deg, Tmax 1 deg)",REAL_GOVERNMENT
2014-07-30,11.21,30.73,7.28,30.87,"IMD gridded (rainfall 0.25 deg, Tmax 1 deg)",REAL_GOVERNMENT
2014-07-31,12.42,30.38,1.1,30.35,"IMD gridded (rainfall 0.25 deg, Tmax 1 deg)",REAL_GOVERNMENT
2014-08-01,5.46,30.78,7.78,30.97,"IMD gridded (rainfall 0.25 deg, Tmax 1 deg)",REAL_GOVERNMENT
2014-08-02,5.96,30.46,1.04,30.36,"IMD gridded (rainfall 0.25 deg, Tmax 1 deg)",REAL_GOVERNMENT
2014-08-03,8.33,28.82,3.4,28.92,"IMD gridded (rainfall 0.25 deg, Tmax 1 deg)",REAL_GOVERNMENT
2014-08-04,15.47,27.58,8.82,27.71,"IMD gridded (rainfall 0.25 deg, Tmax 1 deg)",REAL_GOVERNMENT
2014-08-05,42.07,26.34,75.65,25.9,"IMD gridded (rainfall 0.25 deg, Tmax 1 deg)",REAL_GOVERNMENT
2014-08-06,31.94,27.4,15.7,27.84,"IMD gridded (rainfall 0.25 deg, Tmax 1 deg)",REAL_GOVERNMENT
2014-08-07,1.77,29.01,2.81,29.23,"IMD gridded (rainfall 0.25 deg, Tmax 1 deg)",REAL_GOVERNMENT
2014-08-08,2.55,29.9,3.61,30.19,"IMD gridded (rainfall 0.25 deg, Tmax 1 deg)",REAL_GOVERNMENT
2014-08-09,0.78,30.7,0.89,31.16,"IMD gridded (rainfall 0.25 deg, Tmax 1 deg)",REAL_GOVERNMENT
2014-08-10,4.43,29.48,1.58,29.7,"IMD gridded (rainfall 0.25 deg, Tmax 1 deg)",REAL_GOVERNMENT
2014-08-11,20.86,29.96,64.26,30.26,"IMD gridded (rainfall 0.25 deg, Tmax 1 deg)",REAL_GOVERNMENT
2014-08-12,8.8,29.92,39.94,30.25,"IMD gridded (rainfall 0.25 deg, Tmax 1 deg)",REAL_GOVERNMENT
2014-08-13,2.42,29.39,5.55,29.73,"IMD gridded (rainfall 0.25 deg, Tmax 1 deg)",REAL_GOVERNMENT
2014-08-14,2.06,29.77,2.22,29.76,"IMD gridded (rainfall 0.25 deg, Tmax 1 deg)",REAL_GOVERNMENT
2014-08-15,0.82,30.55,5.24,30.82,"IMD gridded (rainfall 0.25 deg, Tmax 1 deg)",REAL_GOVERNMENT
2014-08-16,1.1,31.42,2.34,31.59,"IMD gridded (rainfall 0.25 deg, Tmax 1 deg)",REAL_GOVERNMENT
2014-08-17,0.8,31.08,8.31,31.07,"IMD gridded (rainfall 0.25 deg, Tmax 1 deg)",REAL_GOVERNMENT
2014-08-18,1.21,32.46,0.0,32.59,"IMD gridded (rainfall 0.25 deg, Tmax 1 deg)",REAL_GOVERNMENT
2014-08-19,1.25,33.68,0.0,33.81,"IMD gridded (rainfall 0.25 deg, Tmax 1 deg)",REAL_GOVERNMENT
2014-08-20,1.82,32.74,0.0,32.59,"IMD gridded (rainfall 0.25 deg, Tmax 1 deg)",REAL_GOVERNMENT
2014-08-21,0.57,33.53,1.19,33.6,"IMD gridded (rainfall 0.25 deg, Tmax 1 deg)",REAL_GOVERNMENT
2014-08-22,1.57,33.07,0.0,33.26,"IMD gridded (rainfall 0.25 deg, Tmax 1 deg)",REAL_GOVERNMENT
2014-08-23,14.15,31.84,10.14,31.62,"IMD gridded (rainfall 0.25 deg, Tmax 1 deg)",REAL_GOVERNMENT
2014-08-24,3.61,32.23,2.01,32.14,"IMD gridded (rainfall 0.25 deg, Tmax 1 deg)",REAL_GOVERNMENT
2014-08-25,5.07,33.42,1.43,33.45,"IMD gridded (rainfall 0.25 deg, Tmax 1 deg)",REAL_GOVERNMENT
2014-08-26,1.11,32.71,14.42,32.8,"IMD gridded (rainfall 0.25 deg, Tmax 1 deg)",REAL_GOVERNMENT
2014-08-27,1.03,32.44,3.56,32.46,"IMD gridded (rainfall 0.25 deg, Tmax 1 deg)",REAL_GOVERNMENT
2014-08-28,4.88,31.19,12.09,30.89,"IMD gridded (rainfall 0.25 deg, Tmax 1 deg)",REAL_GOVERNMENT
2014-08-29,9.74,31.24,17.62,30.96,"IMD gridded (rainfall 0.25 deg, Tmax 1 deg)",REAL_GOVERNMENT
2014-08-30,3.75,31.82,3.26,31.89,"IMD gridded (rainfall 0.25 deg, Tmax 1 deg)",REAL_GOVERNMENT
2014-08-31,3.63,30.26,0.0,29.79,"IMD gridded (rainfall 0.25 deg, Tmax 1 deg)",REAL_GOVERNMENT
2014-09-01,3.12,30.12,2.37,29.83,"IMD gridded (rainfall 0.25 deg, Tmax 1 deg)",REAL_GOVERNMENT
2014-09-02,28.63,28.54,52.75,28.34,"IMD gridded (rainfall 0.25 deg, Tmax 1 deg)",REAL_GOVERNMENT
2014-09-03,5.9,29.42,1.34,29.29,"IMD gridded (rainfall 0.25 deg, Tmax 1 deg)",REAL_GOVERNMENT
2014-09-04,1.84,30.6,0.31,30.69,"IMD gridded (rainfall 0.25 deg, Tmax 1 deg)",REAL_GOVERNMENT
2014-09-05,1.31,30.05,0.0,29.96,"IMD gridded (rainfall 0.25 deg, Tmax 1 deg)",REAL_GOVERNMENT
2014-09-06,2.81,29.3,7.78,29.22,"IMD gridded (rainfall 0.25 deg, Tmax 1 deg)",REAL_GOVERNMENT
2014-09-07,19.2,27.51,22.25,27.24,"IMD gridded (rainfall 0.25 deg, Tmax 1 deg)",REAL_GOVERNMENT
2014-09-08,16.56,28.14,3.26,27.67,"IMD gridded (rainfall 0.25 deg, Tmax 1 deg)",REAL_GOVERNMENT
2014-09-09,3.1,28.12,1.89,27.8,"IMD gridded (rainfall 0.25 deg, Tmax 1 deg)",REAL_GOVERNMENT
2014-09-10,6.98,29.45,4.33,29.38,"IMD gridded (rainfall 0.25 deg, Tmax 1 deg)",REAL_GOVERNMENT
2014-09-11,10.93,29.3,16.0,29.3,"IMD gridded (rainfall 0.25 deg, Tmax 1 deg)",REAL_GOVERNMENT
2014-09-12,6.97,29.41,12.87,29.23,"IMD gridded (rainfall 0.25 deg, Tmax 1 deg)",REAL_GOVERNMENT
2014-09-13,4.63,29.74,1.32,29.63,"IMD gridded (rainfall 0.25 deg, Tmax 1 deg)",REAL_GOVERNMENT
2014-09-14,7.21,30.91,5.28,30.72,"IMD gridded (rainfall 0.25 deg, Tmax 1 deg)",REAL_GOVERNMENT
2014-09-15,0.75,31.06,0.15,31.0,"IMD gridded (rainfall 0.25 deg, Tmax 1 deg)",REAL_GOVERNMENT
2014-09-16,1.71,31.21,0.0,31.25,"IMD gridded (rainfall 0.25 deg, Tmax 1 deg)",REAL_GOVERNMENT
2014-09-17,0.66,31.58,0.0,31.65,"IMD gridded (rainfall 0.25 deg, Tmax 1 deg)",REAL_GOVERNMENT
2014-09-18,0.01,31.84,0.0,31.86,"IMD gridded (rainfall 0.25 deg, Tmax 1 deg)",REAL_GOVERNMENT
2014-09-19,3.05,32.07,0.0,31.78,"IMD gridded (rainfall 0.25 deg, Tmax 1 deg)",REAL_GOVERNMENT
2014-09-20,0.92,31.43,0.0,31.6,"IMD gridded (rainfall 0.25 deg, Tmax 1 deg)",REAL_GOVERNMENT
2014-09-21,5.24,31.63,0.0,31.73,"IMD gridded (rainfall 0.25 deg, Tmax 1 deg)",REAL_GOVERNMENT
2014-09-22,5.12,32.22,1.64,32.15,"IMD gridded (rainfall 0.25 deg, Tmax 1 deg)",REAL_GOVERNMENT
2014-09-23,0.07,32.6,0.0,32.54,"IMD gridded (rainfall 0.25 deg, Tmax 1 deg)",REAL_GOVERNMENT
2014-09-24,0.0,33.04,0.0,33.03,"IMD gridded (rainfall 0.25 deg, Tmax 1 deg)",REAL_GOVERNMENT
2014-09-25,0.0,33.14,0.0,33.07,"IMD gridded (rainfall 0.25 deg, Tmax 1 deg)",REAL_GOVERNMENT
2014-09-26,0.0,33.43,0.0,33.26,"IMD gridded (rainfall 0.25 deg, Tmax 1 deg)",REAL_GOVERNMENT
2014-09-27,0.0,33.51,0.0,33.52,"IMD gridded (rainfall 0.25 deg, Tmax 1 deg)",REAL_GOVERNMENT
2014-09-28,0.0,33.99,0.0,34.01,"IMD gridded (rainfall 0.25 deg, Tmax 1 deg)",REAL_GOVERNMENT
2014-09-29,0.0,34.48,0.0,34.46,"IMD gridded (rainfall 0.25 deg, Tmax 1 deg)",REAL_GOVERNMENT
2014-09-30,0.0,34.55,0.0,34.53,"IMD gridded (rainfall 0.25 deg, Tmax 1 deg)",REAL_GOVERNMENT
2014-10-01,0.0,33.8,0.0,33.86,"IMD gridded (rainfall 0.25 deg, Tmax 1 deg)",REAL_GOVERNMENT
2014-10-02,0.0,34.17,0.0,34.08,"IMD gridded (rainfall 0.25 deg, Tmax 1 deg)",REAL_GOVERNMENT
2014-10-03,0.0,34.4,0.0,34.35,"IMD gridded (rainfall 0.25 deg, Tmax 1 deg)",REAL_GOVERNMENT
2014-10-04,0.23,34.54,0.0,34.54,"IMD gridded (rainfall 0.25 deg, Tmax 1 deg)",REAL_GOVERNMENT
2014-10-05,0.36,34.54,0.0,34.48,"IMD gridded (rainfall 0.25 deg, Tmax 1 deg)",REAL_GOVERNMENT
2014-10-06,2.1,33.93,0.0,33.82,"IMD gridded (rainfall 0.25 deg, Tmax 1 deg)",REAL_GOVERNMENT
2014-10-07,1.74,32.84,0.0,32.63,"IMD gridded (rainfall 0.25 deg, Tmax 1 deg)",REAL_GOVERNMENT
2014-10-08,0.0,32.81,0.0,32.63,"IMD gridded (rainfall 0.25 deg, Tmax 1 deg)",REAL_GOVERNMENT
2014-10-09,0.02,32.91,0.0,32.81,"IMD gridded (rainfall 0.25 deg, Tmax 1 deg)",REAL_GOVERNMENT
2014-10-10,0.42,33.09,0.0,32.93,"IMD gridded (rainfall 0.25 deg, Tmax 1 deg)",REAL_GOVERNMENT
2014-10-11,0.0,33.29,0.0,33.25,"IMD gridded (rainfall 0.25 deg, Tmax 1 deg)",REAL_GOVERNMENT
2014-10-12,0.0,32.11,0.0,32.16,"IMD gridded (rainfall 0.25 deg, Tmax 1 deg)",REAL_GOVERNMENT
2014-10-13,5.99,28.72,1.98,28.7,"IMD gridded (rainfall 0.25 deg, Tmax 1 deg)",REAL_GOVERNMENT
2014-10-14,32.69,31.12,45.16,31.3,"IMD gridded (rainfall 0.25 deg, Tmax 1 deg)",REAL_GOVERNMENT
2014-10-15,0.0,31.42,0.0,31.14,"IMD gridded (rainfall 0.25 deg, Tmax 1 deg)",REAL_GOVERNMENT
2014-10-16,3.36,32.71,0.0,32.65,"IMD gridded (rainfall 0.25 deg, Tmax 1 deg)",REAL_GOVERNMENT
2014-10-17,0.0,32.69,0.0,32.53,"IMD gridded (rainfall 0.25 deg, Tmax 1 deg)",REAL_GOVERNMENT
2014-10-18,0.0,32.5,0.0,32.52,"IMD gridded (rainfall 0.25 deg, Tmax 1 deg)",REAL_GOVERNMENT
2014-10-19,0.0,32.44,0.0,32.37,"IMD gridded (rainfall 0.25 deg, Tmax 1 deg)",REAL_GOVERNMENT
2014-10-20,1.25,32.41,0.0,32.31,"IMD gridded (rainfall 0.25 deg, Tmax 1 deg)",REAL_GOVERNMENT
2014-10-21,0.12,32.18,0.0,32.1,"IMD gridded (rainfall 0.25 deg, Tmax 1 deg)",REAL_GOVERNMENT
2014-10-22,0.0,31.91,0.0,31.86,"IMD gridded (rainfall 0.25 deg, Tmax 1 deg)",REAL_GOVERNMENT
2014-10-23,0.0,32.0,0.0,31.93,"IMD gridded (rainfall 0.25 deg, Tmax 1 deg)",REAL_GOVERNMENT
2014-10-24,0.0,32.02,0.0,31.78,"IMD gridded (rainfall 0.25 deg, Tmax 1 deg)",REAL_GOVERNMENT
2014-10-25,0.0,26.96,0.0,26.38,"IMD gridded (rainfall 0.25 deg, Tmax 1 deg)",REAL_GOVERNMENT
2014-10-26,0.08,26.96,0.0,26.59,"IMD gridded (rainfall 0.25 deg, Tmax 1 deg)",REAL_GOVERNMENT
2014-10-27,0.22,28.96,0.85,28.74,"IMD gridded (rainfall 0.25 deg, Tmax 1 deg)",REAL_GOVERNMENT
2014-10-28,0.0,30.44,0.0,30.41,"IMD gridded (rainfall 0.25 deg, Tmax 1 deg)",REAL_GOVERNMENT
2014-10-29,0.0,31.67,0.0,31.58,"IMD gridded (rainfall 0.25 deg, Tmax 1 deg)",REAL_GOVERNMENT
2014-10-30,0.0,32.01,0.0,31.99,"IMD gridded (rainfall 0.25 deg, Tmax 1 deg)",REAL_GOVERNMENT
2014-10-31,0.0,31.93,0.0,31.86,"IMD gridded (rainfall 0.25 deg, Tmax 1 deg)",REAL_GOVERNMENT
2014-11-01,0.0,31.72,0.0,31.57,"IMD gridded (rainfall 0.25 deg, Tmax 1 deg)",REAL_GOVERNMENT
2014-11-02,0.0,31.24,0.0,31.19,"IMD gridded (rainfall 0.25 deg, Tmax 1 deg)",REAL_GOVERNMENT
2014-11-03,0.0,31.42,0.0,31.35,"IMD gridded (rainfall 0.25 deg, Tmax 1 deg)",REAL_GOVERNMENT
2014-11-04,0.0,31.82,0.0,31.86,"IMD gridded (rainfall 0.25 deg, Tmax 1 deg)",REAL_GOVERNMENT
2014-11-05,0.0,32.21,0.0,32.27,"IMD gridded (rainfall 0.25 deg, Tmax 1 deg)",REAL_GOVERNMENT
2014-11-06,0.0,31.71,0.0,31.79,"IMD gridded (rainfall 0.25 deg, Tmax 1 deg)",REAL_GOVERNMENT
2014-11-07,0.0,30.92,0.0,30.9,"IMD gridded (rainfall 0.25 deg, Tmax 1 deg)",REAL_GOVERNMENT
2014-11-08,0.0,30.84,0.0,30.92,"IMD gridded (rainfall 0.25 deg, Tmax 1 deg)",REAL_GOVERNMENT
2014-11-09,0.0,30.45,0.0,30.55,"IMD gridded (rainfall 0.25 deg, Tmax 1 deg)",REAL_GOVERNMENT
2014-11-10,0.0,31.12,0.0,31.13,"IMD gridded (rainfall 0.25 deg, Tmax 1 deg)",REAL_GOVERNMENT
2014-11-11,0.0,30.97,0.0,31.0,"IMD gridded (rainfall 0.25 deg, Tmax 1 deg)",REAL_GOVERNMENT
2014-11-12,3.27,30.92,0.0,31.02,"IMD gridded (rainfall 0.25 deg, Tmax 1 deg)",REAL_GOVERNMENT
2014-11-13,0.0,31.33,0.0,31.51,"IMD gridded (rainfall 0.25 deg, Tmax 1 deg)",REAL_GOVERNMENT
2014-11-14,0.23,31.18,0.0,31.26,"IMD gridded (rainfall 0.25 deg, Tmax 1 deg)",REAL_GOVERNMENT
2014-11-15,0.0,30.19,0.0,30.38,"IMD gridded (rainfall 0.25 deg, Tmax 1 deg)",REAL_GOVERNMENT
2014-11-16,0.0,28.77,0.0,28.68,"IMD gridded (rainfall 0.25 deg, Tmax 1 deg)",REAL_GOVERNMENT
2014-11-17,0.38,29.31,0.0,29.44,"IMD gridded (rainfall 0.25 deg, Tmax 1 deg)",REAL_GOVERNMENT
2014-11-18,0.0,29.0,0.0,29.15,"IMD gridded (rainfall 0.25 deg, Tmax 1 deg)",REAL_GOVERNMENT
2014-11-19,0.0,28.99,0.0,29.1,"IMD gridded (rainfall 0.25 deg, Tmax 1 deg)",REAL_GOVERNMENT
2014-11-20,0.0,29.32,0.0,29.4,"IMD gridded (rainfall 0.25 deg, Tmax 1 deg)",REAL_GOVERNMENT
2014-11-21,0.0,29.79,0.0,29.75,"IMD gridded (rainfall 0.25 deg, Tmax 1 deg)",REAL_GOVERNMENT
2014-11-22,0.0,29.91,0.0,29.96,"IMD gridded (rainfall 0.25 deg, Tmax 1 deg)",REAL_GOVERNMENT
2014-11-23,0.0,29.61,0.0,29.75,"IMD gridded (rainfall 0.25 deg, Tmax 1 deg)",REAL_GOVERNMENT
2014-11-24,0.0,29.88,0.0,29.97,"IMD gridded (rainfall 0.25 deg, Tmax 1 deg)",REAL_GOVERNMENT
2014-11-25,0.0,29.33,0.0,29.49,"IMD gridded (rainfall 0.25 deg, Tmax 1 deg)",REAL_GOVERNMENT
2014-11-26,0.0,29.16,0.0,29.28,"IMD gridded (rainfall 0.25 deg, Tmax 1 deg)",REAL_GOVERNMENT
2014-11-27,0.0,30.22,0.0,30.29,"IMD gridded (rainfall 0.25 deg, Tmax 1 deg)",REAL_GOVERNMENT
2014-11-28,0.0,30.85,0.0,31.04,"IMD gridded (rainfall 0.25 deg, Tmax 1 deg)",REAL_GOVERNMENT
2014-11-29,0.0,31.14,0.0,31.29,"IMD gridded (rainfall 0.25 deg, Tmax 1 deg)",REAL_GOVERNMENT
2014-11-30,0.0,31.06,0.0,31.26,"IMD gridded (rainfall 0.25 deg, Tmax 1 deg)",REAL_GOVERNMENT
2014-12-01,0.0,30.03,0.0,30.26,"IMD gridded (rainfall 0.25 deg, Tmax 1 deg)",REAL_GOVERNMENT
2014-12-02,0.0,29.29,0.0,29.59,"IMD gridded (rainfall 0.25 deg, Tmax 1 deg)",REAL_GOVERNMENT
2014-12-03,0.0,28.54,0.0,28.81,"IMD gridded (rainfall 0.25 deg, Tmax 1 deg)",REAL_GOVERNMENT
2014-12-04,0.0,28.64,0.0,28.72,"IMD gridded (rainfall 0.25 deg, Tmax 1 deg)",REAL_GOVERNMENT
2014-12-05,0.0,28.12,0.0,28.44,"IMD gridded (rainfall 0.25 deg, Tmax 1 deg)",REAL_GOVERNMENT
2014-12-06,0.0,27.36,0.0,27.66,"IMD gridded (rainfall 0.25 deg, Tmax 1 deg)",REAL_GOVERNMENT
2014-12-07,0.0,27.82,0.0,28.13,"IMD gridded (rainfall 0.25 deg, Tmax 1 deg)",REAL_GOVERNMENT
2014-12-08,0.0,28.39,0.0,28.73,"IMD gridded (rainfall 0.25 deg, Tmax 1 deg)",REAL_GOVERNMENT
2014-12-09,0.0,29.46,0.0,29.78,"IMD gridded (rainfall 0.25 deg, Tmax 1 deg)",REAL_GOVERNMENT
2014-12-10,0.0,29.16,0.0,29.39,"IMD gridded (rainfall 0.25 deg, Tmax 1 deg)",REAL_GOVERNMENT
2014-12-11,0.0,28.08,0.0,28.53,"IMD gridded (rainfall 0.25 deg, Tmax 1 deg)",REAL_GOVERNMENT
2014-12-12,0.0,28.33,0.0,28.54,"IMD gridded (rainfall 0.25 deg, Tmax 1 deg)",REAL_GOVERNMENT
2014-12-13,0.0,25.8,0.0,26.11,"IMD gridded (rainfall 0.25 deg, Tmax 1 deg)",REAL_GOVERNMENT
2014-12-14,0.0,24.66,0.0,25.17,"IMD gridded (rainfall 0.25 deg, Tmax 1 deg)",REAL_GOVERNMENT
2014-12-15,7.87,22.52,13.06,22.72,"IMD gridded (rainfall 0.25 deg, Tmax 1 deg)",REAL_GOVERNMENT
2014-12-16,0.62,23.03,0.0,23.63,"IMD gridded (rainfall 0.25 deg, Tmax 1 deg)",REAL_GOVERNMENT
2014-12-17,0.0,22.47,0.0,22.72,"IMD gridded (rainfall 0.25 deg, Tmax 1 deg)",REAL_GOVERNMENT
2014-12-18,0.0,23.81,0.0,24.16,"IMD gridded (rainfall 0.25 deg, Tmax 1 deg)",REAL_GOVERNMENT
2014-12-19,0.0,24.06,0.0,24.41,"IMD gridded (rainfall 0.25 deg, Tmax 1 deg)",REAL_GOVERNMENT
2014-12-20,0.0,24.26,0.0,24.74,"IMD gridded (rainfall 0.25 deg, Tmax 1 deg)",REAL_GOVERNMENT
2014-12-21,0.0,25.56,0.0,26.05,"IMD gridded (rainfall 0.25 deg, Tmax 1 deg)",REAL_GOVERNMENT
2014-12-22,0.0,26.41,0.0,26.77,"IMD gridded (rainfall 0.25 deg, Tmax 1 deg)",REAL_GOVERNMENT
2014-12-23,0.0,26.95,0.0,27.33,"IMD gridded (rainfall 0.25 deg, Tmax 1 deg)",REAL_GOVERNMENT
2014-12-24,0.0,27.27,0.0,27.7,"IMD gridded (rainfall 0.25 deg, Tmax 1 deg)",REAL_GOVERNMENT
2014-12-25,0.0,26.11,0.0,26.56,"IMD gridded (rainfall 0.25 deg, Tmax 1 deg)",REAL_GOVERNMENT
2014-12-26,0.0,23.92,0.0,24.35,"IMD gridded (rainfall 0.25 deg, Tmax 1 deg)",REAL_GOVERNMENT
2014-12-27,0.0,23.55,0.0,24.06,"IMD gridded (rainfall 0.25 deg, Tmax 1 deg)",REAL_GOVERNMENT
2014-12-28,0.0,23.61,0.0,24.14,"IMD gridded (rainfall 0.25 deg, Tmax 1 deg)",REAL_GOVERNMENT
2014-12-29,0.0,23.94,0.0,24.5,"IMD gridded (rainfall 0.25 deg, Tmax 1 deg)",REAL_GOVERNMENT
2014-12-30,0.0,26.31,0.0,27.05,"IMD gridded (rainfall 0.25 deg, Tmax 1 deg)",REAL_GOVERNMENT
2014-12-31,0.0,25.52,0.0,26.66,"IMD gridded (rainfall 0.25 deg, Tmax 1 deg)",REAL_GOVERNMENT
2015-01-01,0.38,19.08,0.0,19.48,"IMD gridded (rainfall 0.25 deg, Tmax 1 deg)",REAL_GOVERNMENT
2015-01-02,1.96,20.58,0.0,21.1,"IMD gridded (rainfall 0.25 deg, Tmax 1 deg)",REAL_GOVERNMENT
2015-01-03,4.81,21.62,0.41,22.25,"IMD gridded (rainfall 0.25 deg, Tmax 1 deg)",REAL_GOVERNMENT
2015-01-04,2.21,22.79,0.0,23.35,"IMD gridded (rainfall 0.25 deg, Tmax 1 deg)",REAL_GOVERNMENT
2015-01-05,0.0,22.75,0.0,22.98,"IMD gridded (rainfall 0.25 deg, Tmax 1 deg)",REAL_GOVERNMENT
2015-01-06,0.0,25.52,0.0,25.77,"IMD gridded (rainfall 0.25 deg, Tmax 1 deg)",REAL_GOVERNMENT
2015-01-07,0.0,25.58,0.0,25.91,"IMD gridded (rainfall 0.25 deg, Tmax 1 deg)",REAL_GOVERNMENT
2015-01-08,0.0,24.14,0.0,24.74,"IMD gridded (rainfall 0.25 deg, Tmax 1 deg)",REAL_GOVERNMENT
2015-01-09,0.0,24.35,0.0,24.75,"IMD gridded (rainfall 0.25 deg, Tmax 1 deg)",REAL_GOVERNMENT
2015-01-10,0.0,25.16,0.0,25.59,"IMD gridded (rainfall 0.25 deg, Tmax 1 deg)",REAL_GOVERNMENT
2015-01-11,0.0,25.67,0.0,26.18,"IMD gridded (rainfall 0.25 deg, Tmax 1 deg)",REAL_GOVERNMENT
2015-01-12,0.0,25.22,0.0,26.1,"IMD gridded (rainfall 0.25 deg, Tmax 1 deg)",REAL_GOVERNMENT
2015-01-13,0.0,24.59,0.0,25.19,"IMD gridded (rainfall 0.25 deg, Tmax 1 deg)",REAL_GOVERNMENT
2015-01-14,0.0,26.51,0.0,26.96,"IMD gridded (rainfall 0.25 deg, Tmax 1 deg)",REAL_GOVERNMENT
2015-01-15,0.0,26.36,0.0,27.02,"IMD gridded (rainfall 0.25 deg, Tmax 1 deg)",REAL_GOVERNMENT
2015-01-16,0.0,25.45,0.0,26.1,"IMD gridded (rainfall 0.25 deg, Tmax 1 deg)",REAL_GOVERNMENT
2015-01-17,0.0,23.16,0.0,23.61,"IMD gridded (rainfall 0.25 deg, Tmax 1 deg)",REAL_GOVERNMENT
2015-01-18,0.0,23.78,0.0,24.27,"IMD gridded (rainfall 0.25 deg, Tmax 1 deg)",REAL_GOVERNMENT
2015-01-19,0.0,24.76,0.0,25.39,"IMD gridded (rainfall 0.25 deg, Tmax 1 deg)",REAL_GOVERNMENT
2015-01-20,0.0,25.8,0.0,26.33,"IMD gridded (rainfall 0.25 deg, Tmax 1 deg)",REAL_GOVERNMENT
2015-01-21,0.0,26.98,0.0,27.29,"IMD gridded (rainfall 0.25 deg, Tmax 1 deg)",REAL_GOVERNMENT
2015-01-22,0.0,26.11,0.0,26.46,"IMD gridded (rainfall 0.25 deg, Tmax 1 deg)",REAL_GOVERNMENT
2015-01-23,0.0,24.44,0.0,24.82,"IMD gridded (rainfall 0.25 deg, Tmax 1 deg)",REAL_GOVERNMENT
2015-01-24,0.0,24.1,0.0,25.0,"IMD gridded (rainfall 0.25 deg, Tmax 1 deg)",REAL_GOVERNMENT
2015-01-25,0.0,25.63,0.0,26.42,"IMD gridded (rainfall 0.25 deg, Tmax 1 deg)",REAL_GOVERNMENT
2015-01-26,0.0,26.3,0.0,27.08,"IMD gridded (rainfall 0.25 deg, Tmax 1 deg)",REAL_GOVERNMENT
2015-01-27,0.0,24.66,0.0,25.33,"IMD gridded (rainfall 0.25 deg, Tmax 1 deg)",REAL_GOVERNMENT
2015-01-28,0.0,23.0,0.0,23.61,"IMD gridded (rainfall 0.25 deg, Tmax 1 deg)",REAL_GOVERNMENT
2015-01-29,0.0,23.11,0.0,23.3,"IMD gridded (rainfall 0.25 deg, Tmax 1 deg)",REAL_GOVERNMENT
2015-01-30,0.0,23.9,0.0,24.08,"IMD gridded (rainfall 0.25 deg, Tmax 1 deg)",REAL_GOVERNMENT
2015-01-31,0.0,25.08,0.0,25.41,"IMD gridded (rainfall 0.25 deg, Tmax 1 deg)",REAL_GOVERNMENT
2015-02-01,0.0,28.29,0.0,28.76,"IMD gridded (rainfall 0.25 deg, Tmax 1 deg)",REAL_GOVERNMENT
2015-02-02,0.0,30.01,0.0,30.5,"IMD gridded (rainfall 0.25 deg, Tmax 1 deg)",REAL_GOVERNMENT
2015-02-03,0.0,30.33,0.0,30.48,"IMD gridded (rainfall 0.25 deg, Tmax 1 deg)",REAL_GOVERNMENT
2015-02-04,0.0,28.13,0.0,28.71,"IMD gridded (rainfall 0.25 deg, Tmax 1 deg)",REAL_GOVERNMENT
2015-02-05,0.0,27.08,0.0,27.78,"IMD gridded (rainfall 0.25 deg, Tmax 1 deg)",REAL_GOVERNMENT
2015-02-06,0.0,28.56,0.0,28.88,"IMD gridded (rainfall 0.25 deg, Tmax 1 deg)",REAL_GOVERNMENT
2015-02-07,0.0,29.44,0.0,30.05,"IMD gridded (rainfall 0.25 deg, Tmax 1 deg)",REAL_GOVERNMENT
2015-02-08,0.0,27.53,0.0,28.17,"IMD gridded (rainfall 0.25 deg, Tmax 1 deg)",REAL_GOVERNMENT
2015-02-09,2.42,26.07,0.0,26.4,"IMD gridded (rainfall 0.25 deg, Tmax 1 deg)",REAL_GOVERNMENT
2015-02-10,0.53,26.9,0.0,27.23,"IMD gridded (rainfall 0.25 deg, Tmax 1 deg)",REAL_GOVERNMENT
2015-02-11,1.38,26.82,0.0,27.15,"IMD gridded (rainfall 0.25 deg, Tmax 1 deg)",REAL_GOVERNMENT
2015-02-12,1.06,27.66,0.0,28.31,"IMD gridded (rainfall 0.25 deg, Tmax 1 deg)",REAL_GOVERNMENT
2015-02-13,6.51,27.52,2.54,27.95,"IMD gridded (rainfall 0.25 deg, Tmax 1 deg)",REAL_GOVERNMENT
2015-02-14,0.0,30.19,0.0,30.3,"IMD gridded (rainfall 0.25 deg, Tmax 1 deg)",REAL_GOVERNMENT
2015-02-15,0.0,30.94,0.0,31.09,"IMD gridded (rainfall 0.25 deg, Tmax 1 deg)",REAL_GOVERNMENT
2015-02-16,0.0,31.26,0.0,31.63,"IMD gridded (rainfall 0.25 deg, Tmax 1 deg)",REAL_GOVERNMENT
2015-02-17,0.0,32.56,0.0,33.01,"IMD gridded (rainfall 0.25 deg, Tmax 1 deg)",REAL_GOVERNMENT
2015-02-18,0.0,32.16,0.0,32.6,"IMD gridded (rainfall 0.25 deg, Tmax 1 deg)",REAL_GOVERNMENT
2015-02-19,0.0,32.42,0.0,32.71,"IMD gridded (rainfall 0.25 deg, Tmax 1 deg)",REAL_GOVERNMENT
2015-02-20,0.0,32.34,0.0,32.39,"IMD gridded (rainfall 0.25 deg, Tmax 1 deg)",REAL_GOVERNMENT
2015-02-21,0.5,32.16,0.0,32.34,"IMD gridded (rainfall 0.25 deg, Tmax 1 deg)",REAL_GOVERNMENT
2015-02-22,0.0,32.36,0.0,32.52,"IMD gridded (rainfall 0.25 deg, Tmax 1 deg)",REAL_GOVERNMENT
2015-02-23,0.0,33.3,0.0,33.61,"IMD gridded (rainfall 0.25 deg, Tmax 1 deg)",REAL_GOVERNMENT
2015-02-24,0.0,34.38,0.0,34.57,"IMD gridded (rainfall 0.25 deg, Tmax 1 deg)",REAL_GOVERNMENT
2015-02-25,0.0,35.08,0.0,35.54,"IMD gridded (rainfall 0.25 deg, Tmax 1 deg)",REAL_GOVERNMENT
2015-02-26,0.0,32.54,0.0,32.79,"IMD gridded (rainfall 0.25 deg, Tmax 1 deg)",REAL_GOVERNMENT
2015-02-27,0.0,31.86,0.0,32.07,"IMD gridded (rainfall 0.25 deg, Tmax 1 deg)",REAL_GOVERNMENT
2015-02-28,0.0,30.32,0.0,30.74,"IMD gridded (rainfall 0.25 deg, Tmax 1 deg)",REAL_GOVERNMENT
2015-03-01,8.02,20.91,0.0,21.3,"IMD gridded (rainfall 0.25 deg, Tmax 1 deg)",REAL_GOVERNMENT
2015-03-02,47.18,25.53,104.8,26.09,"IMD gridded (rainfall 0.25 deg, Tmax 1 deg)",REAL_GOVERNMENT
2015-03-03,0.61,26.73,0.0,27.03,"IMD gridded (rainfall 0.25 deg, Tmax 1 deg)",REAL_GOVERNMENT
2015-03-04,1.05,26.53,0.0,26.67,"IMD gridded (rainfall 0.25 deg, Tmax 1 deg)",REAL_GOVERNMENT
2015-03-05,0.0,28.65,0.0,29.03,"IMD gridded (rainfall 0.25 deg, Tmax 1 deg)",REAL_GOVERNMENT
2015-03-06,0.0,29.82,0.0,30.03,"IMD gridded (rainfall 0.25 deg, Tmax 1 deg)",REAL_GOVERNMENT
2015-03-07,0.0,30.96,0.0,31.15,"IMD gridded (rainfall 0.25 deg, Tmax 1 deg)",REAL_GOVERNMENT
2015-03-08,0.0,32.85,0.0,33.08,"IMD gridded (rainfall 0.25 deg, Tmax 1 deg)",REAL_GOVERNMENT
2015-03-09,0.4,31.93,0.0,32.13,"IMD gridded (rainfall 0.25 deg, Tmax 1 deg)",REAL_GOVERNMENT
2015-03-10,1.61,31.22,0.0,31.57,"IMD gridded (rainfall 0.25 deg, Tmax 1 deg)",REAL_GOVERNMENT
2015-03-11,0.85,32.03,0.0,32.06,"IMD gridded (rainfall 0.25 deg, Tmax 1 deg)",REAL_GOVERNMENT
2015-03-12,0.12,28.79,0.0,28.98,"IMD gridded (rainfall 0.25 deg, Tmax 1 deg)",REAL_GOVERNMENT
2015-03-13,0.0,28.75,0.0,29.1,"IMD gridded (rainfall 0.25 deg, Tmax 1 deg)",REAL_GOVERNMENT
2015-03-14,4.14,27.99,1.26,28.5,"IMD gridded (rainfall 0.25 deg, Tmax 1 deg)",REAL_GOVERNMENT
2015-03-15,0.21,27.2,0.0,27.59,"IMD gridded (rainfall 0.25 deg, Tmax 1 deg)",REAL_GOVERNMENT
2015-03-16,3.47,30.0,1.63,30.17,"IMD gridded (rainfall 0.25 deg, Tmax 1 deg)",REAL_GOVERNMENT
2015-03-17,6.37,30.75,20.09,31.0,"IMD gridded (rainfall 0.25 deg, Tmax 1 deg)",REAL_GOVERNMENT
2015-03-18,0.06,29.96,0.0,30.37,"IMD gridded (rainfall 0.25 deg, Tmax 1 deg)",REAL_GOVERNMENT
2015-03-19,0.0,30.86,0.0,31.09,"IMD gridded (rainfall 0.25 deg, Tmax 1 deg)",REAL_GOVERNMENT
2015-03-20,0.0,32.77,0.0,32.98,"IMD gridded (rainfall 0.25 deg, Tmax 1 deg)",REAL_GOVERNMENT
2015-03-21,0.0,34.42,0.0,34.76,"IMD gridded (rainfall 0.25 deg, Tmax 1 deg)",REAL_GOVERNMENT
2015-03-22,0.0,35.78,0.0,36.0,"IMD gridded (rainfall 0.25 deg, Tmax 1 deg)",REAL_GOVERNMENT
2015-03-23,0.0,36.01,0.0,36.24,"IMD gridded (rainfall 0.25 deg, Tmax 1 deg)",REAL_GOVERNMENT
2015-03-24,0.0,36.52,0.0,36.81,"IMD gridded (rainfall 0.25 deg, Tmax 1 deg)",REAL_GOVERNMENT
2015-03-25,0.0,36.97,0.0,37.21,"IMD gridded (rainfall 0.25 deg, Tmax 1 deg)",REAL_GOVERNMENT
2015-03-26,0.0,37.44,0.0,37.64,"IMD gridded (rainfall 0.25 deg, Tmax 1 deg)",REAL_GOVERNMENT
2015-03-27,0.0,37.68,0.0,38.0,"IMD gridded (rainfall 0.25 deg, Tmax 1 deg)",REAL_GOVERNMENT
2015-03-28,0.0,37.83,0.0,38.05,"IMD gridded (rainfall 0.25 deg, Tmax 1 deg)",REAL_GOVERNMENT
2015-03-29,0.05,36.82,0.0,37.04,"IMD gridded (rainfall 0.25 deg, Tmax 1 deg)",REAL_GOVERNMENT
2015-03-30,2.06,32.53,1.19,32.52,"IMD gridded (rainfall 0.25 deg, Tmax 1 deg)",REAL_GOVERNMENT
2015-03-31,0.13,35.43,0.0,35.51,"IMD gridded (rainfall 0.25 deg, Tmax 1 deg)",REAL_GOVERNMENT
2015-04-01,0.0,36.94,0.0,36.99,"IMD gridded (rainfall 0.25 deg, Tmax 1 deg)",REAL_GOVERNMENT
2015-04-02,0.0,37.37,0.0,37.33,"IMD gridded (rainfall 0.25 deg, Tmax 1 deg)",REAL_GOVERNMENT
2015-04-03,0.0,37.7,0.0,37.73,"IMD gridded (rainfall 0.25 deg, Tmax 1 deg)",REAL_GOVERNMENT
2015-04-04,0.0,36.82,0.0,36.89,"IMD gridded (rainfall 0.25 deg, Tmax 1 deg)",REAL_GOVERNMENT
2015-04-05,0.0,36.09,0.0,36.24,"IMD gridded (rainfall 0.25 deg, Tmax 1 deg)",REAL_GOVERNMENT
2015-04-06,0.0,36.79,0.0,37.0,"IMD gridded (rainfall 0.25 deg, Tmax 1 deg)",REAL_GOVERNMENT
2015-04-07,0.0,37.53,0.0,37.74,"IMD gridded (rainfall 0.25 deg, Tmax 1 deg)",REAL_GOVERNMENT
2015-04-08,0.48,37.3,0.0,37.34,"IMD gridded (rainfall 0.25 deg, Tmax 1 deg)",REAL_GOVERNMENT
2015-04-09,3.21,36.52,0.0,36.65,"IMD gridded (rainfall 0.25 deg, Tmax 1 deg)",REAL_GOVERNMENT
2015-04-10,3.66,37.4,0.17,37.53,"IMD gridded (rainfall 0.25 deg, Tmax 1 deg)",REAL_GOVERNMENT
2015-04-11,3.57,34.79,0.52,34.52,"IMD gridded (rainfall 0.25 deg, Tmax 1 deg)",REAL_GOVERNMENT
2015-04-12,4.8,31.49,18.88,31.61,"IMD gridded (rainfall 0.25 deg, Tmax 1 deg)",REAL_GOVERNMENT
2015-04-13,4.07,30.33,4.0,30.49,"IMD gridded (rainfall 0.25 deg, Tmax 1 deg)",REAL_GOVERNMENT
2015-04-14,6.02,29.68,9.78,29.46,"IMD gridded (rainfall 0.25 deg, Tmax 1 deg)",REAL_GOVERNMENT
2015-04-15,0.87,30.73,0.0,30.7,"IMD gridded (rainfall 0.25 deg, Tmax 1 deg)",REAL_GOVERNMENT
2015-04-16,0.7,33.54,0.0,33.37,"IMD gridded (rainfall 0.25 deg, Tmax 1 deg)",REAL_GOVERNMENT
2015-04-17,0.0,35.68,0.0,35.39,"IMD gridded (rainfall 0.25 deg, Tmax 1 deg)",REAL_GOVERNMENT
2015-04-18,0.0,38.85,0.0,38.65,"IMD gridded (rainfall 0.25 deg, Tmax 1 deg)",REAL_GOVERNMENT
2015-04-19,0.0,40.68,0.0,40.35,"IMD gridded (rainfall 0.25 deg, Tmax 1 deg)",REAL_GOVERNMENT
2015-04-20,0.0,41.37,0.0,41.29,"IMD gridded (rainfall 0.25 deg, Tmax 1 deg)",REAL_GOVERNMENT
2015-04-21,0.0,41.13,0.0,41.06,"IMD gridded (rainfall 0.25 deg, Tmax 1 deg)",REAL_GOVERNMENT
2015-04-22,0.0,40.36,0.0,40.27,"IMD gridded (rainfall 0.25 deg, Tmax 1 deg)",REAL_GOVERNMENT
2015-04-23,0.0,39.27,0.0,39.12,"IMD gridded (rainfall 0.25 deg, Tmax 1 deg)",REAL_GOVERNMENT
2015-04-24,0.08,39.45,0.0,39.52,"IMD gridded (rainfall 0.25 deg, Tmax 1 deg)",REAL_GOVERNMENT
2015-04-25,0.02,38.66,0.0,38.46,"IMD gridded (rainfall 0.25 deg, Tmax 1 deg)",REAL_GOVERNMENT
2015-04-26,0.2,38.88,0.0,39.22,"IMD gridded (rainfall 0.25 deg, Tmax 1 deg)",REAL_GOVERNMENT
2015-04-27,1.13,39.31,0.0,39.46,"IMD gridded (rainfall 0.25 deg, Tmax 1 deg)",REAL_GOVERNMENT
2015-04-28,0.0,40.99,0.0,41.14,"IMD gridded (rainfall 0.25 deg, Tmax 1 deg)",REAL_GOVERNMENT
2015-04-29,0.0,40.57,0.0,41.05,"IMD gridded (rainfall 0.25 deg, Tmax 1 deg)",REAL_GOVERNMENT
2015-04-30,0.0,41.12,0.0,41.31,"IMD gridded (rainfall 0.25 deg, Tmax 1 deg)",REAL_GOVERNMENT
2015-05-01,0.0,41.0,0.0,41.2,"IMD gridded (rainfall 0.25 deg, Tmax 1 deg)",REAL_GOVERNMENT
2015-05-02,0.0,41.09,0.0,41.3,"IMD gridded (rainfall 0.25 deg, Tmax 1 deg)",REAL_GOVERNMENT
2015-05-03,0.0,40.74,0.0,41.07,"IMD gridded (rainfall 0.25 deg, Tmax 1 deg)",REAL_GOVERNMENT
2015-05-04,1.29,40.03,0.0,40.28,"IMD gridded (rainfall 0.25 deg, Tmax 1 deg)",REAL_GOVERNMENT
2015-05-05,0.56,39.83,0.0,39.58,"IMD gridded (rainfall 0.25 deg, Tmax 1 deg)",REAL_GOVERNMENT
2015-05-06,0.0,41.08,0.0,40.84,"IMD gridded (rainfall 0.25 deg, Tmax 1 deg)",REAL_GOVERNMENT
2015-05-07,0.0,41.71,0.0,41.63,"IMD gridded (rainfall 0.25 deg, Tmax 1 deg)",REAL_GOVERNMENT
2015-05-08,0.0,42.43,0.0,42.4,"IMD gridded (rainfall 0.25 deg, Tmax 1 deg)",REAL_GOVERNMENT
2015-05-09,0.0,42.03,0.0,42.09,"IMD gridded (rainfall 0.25 deg, Tmax 1 deg)",REAL_GOVERNMENT
2015-05-10,0.0,41.05,0.0,41.11,"IMD gridded (rainfall 0.25 deg, Tmax 1 deg)",REAL_GOVERNMENT
2015-05-11,0.0,41.03,0.0,41.32,"IMD gridded (rainfall 0.25 deg, Tmax 1 deg)",REAL_GOVERNMENT
2015-05-12,2.49,40.66,0.0,40.55,"IMD gridded (rainfall 0.25 deg, Tmax 1 deg)",REAL_GOVERNMENT
2015-05-13,0.55,39.69,0.0,39.47,"IMD gridded (rainfall 0.25 deg, Tmax 1 deg)",REAL_GOVERNMENT
2015-05-14,1.68,37.05,0.0,36.62,"IMD gridded (rainfall 0.25 deg, Tmax 1 deg)",REAL_GOVERNMENT
2015-05-15,3.72,35.25,0.0,34.21,"IMD gridded (rainfall 0.25 deg, Tmax 1 deg)",REAL_GOVERNMENT
2015-05-16,0.74,38.81,0.0,38.85,"IMD gridded (rainfall 0.25 deg, Tmax 1 deg)",REAL_GOVERNMENT
2015-05-17,0.77,40.6,0.0,40.64,"IMD gridded (rainfall 0.25 deg, Tmax 1 deg)",REAL_GOVERNMENT
2015-05-18,0.0,42.77,0.0,42.89,"IMD gridded (rainfall 0.25 deg, Tmax 1 deg)",REAL_GOVERNMENT
2015-05-19,0.0,44.66,0.0,44.8,"IMD gridded (rainfall 0.25 deg, Tmax 1 deg)",REAL_GOVERNMENT
2015-05-20,0.0,43.55,0.0,43.75,"IMD gridded (rainfall 0.25 deg, Tmax 1 deg)",REAL_GOVERNMENT
2015-05-21,0.0,43.73,0.0,43.87,"IMD gridded (rainfall 0.25 deg, Tmax 1 deg)",REAL_GOVERNMENT
2015-05-22,0.0,44.1,0.0,44.16,"IMD gridded (rainfall 0.25 deg, Tmax 1 deg)",REAL_GOVERNMENT
2015-05-23,0.0,43.18,0.0,43.07,"IMD gridded (rainfall 0.25 deg, Tmax 1 deg)",REAL_GOVERNMENT
2015-05-24,0.0,42.58,0.0,42.49,"IMD gridded (rainfall 0.25 deg, Tmax 1 deg)",REAL_GOVERNMENT
2015-05-25,0.0,43.1,0.0,42.98,"IMD gridded (rainfall 0.25 deg, Tmax 1 deg)",REAL_GOVERNMENT
2015-05-26,0.0,43.21,0.0,43.09,"IMD gridded (rainfall 0.25 deg, Tmax 1 deg)",REAL_GOVERNMENT
2015-05-27,0.34,43.44,0.0,43.51,"IMD gridded (rainfall 0.25 deg, Tmax 1 deg)",REAL_GOVERNMENT
2015-05-28,0.0,44.08,0.0,44.09,"IMD gridded (rainfall 0.25 deg, Tmax 1 deg)",REAL_GOVERNMENT
2015-05-29,0.0,43.86,0.0,43.91,"IMD gridded (rainfall 0.25 deg, Tmax 1 deg)",REAL_GOVERNMENT
2015-05-30,0.0,44.24,0.0,44.28,"IMD gridded (rainfall 0.25 deg, Tmax 1 deg)",REAL_GOVERNMENT
2015-05-31,0.0,43.82,0.0,43.88,"IMD gridded (rainfall 0.25 deg, Tmax 1 deg)",REAL_GOVERNMENT
2015-06-01,0.68,39.93,0.0,39.72,"IMD gridded (rainfall 0.25 deg, Tmax 1 deg)",REAL_GOVERNMENT
2015-06-02,0.0,41.17,0.0,41.61,"IMD gridded (rainfall 0.25 deg, Tmax 1 deg)",REAL_GOVERNMENT
2015-06-03,0.98,39.83,0.0,39.49,"IMD gridded (rainfall 0.25 deg, Tmax 1 deg)",REAL_GOVERNMENT
2015-06-04,0.61,40.44,0.0,40.6,"IMD gridded (rainfall 0.25 deg, Tmax 1 deg)",REAL_GOVERNMENT
2015-06-05,1.33,39.92,0.0,39.23,"IMD gridded (rainfall 0.25 deg, Tmax 1 deg)",REAL_GOVERNMENT
2015-06-06,0.45,40.24,0.0,40.16,"IMD gridded (rainfall 0.25 deg, Tmax 1 deg)",REAL_GOVERNMENT
2015-06-07,5.11,40.1,0.0,39.7,"IMD gridded (rainfall 0.25 deg, Tmax 1 deg)",REAL_GOVERNMENT
2015-06-08,1.22,40.04,0.0,39.73,"IMD gridded (rainfall 0.25 deg, Tmax 1 deg)",REAL_GOVERNMENT
2015-06-09,1.5,39.39,0.0,39.0,"IMD gridded (rainfall 0.25 deg, Tmax 1 deg)",REAL_GOVERNMENT
2015-06-10,6.51,40.42,50.88,40.34,"IMD gridded (rainfall 0.25 deg, Tmax 1 deg)",REAL_GOVERNMENT
2015-06-11,0.15,37.58,0.0,37.33,"IMD gridded (rainfall 0.25 deg, Tmax 1 deg)",REAL_GOVERNMENT
2015-06-12,6.69,35.2,0.7,34.93,"IMD gridded (rainfall 0.25 deg, Tmax 1 deg)",REAL_GOVERNMENT
2015-06-13,4.72,32.94,0.0,32.74,"IMD gridded (rainfall 0.25 deg, Tmax 1 deg)",REAL_GOVERNMENT
2015-06-14,11.77,33.62,0.46,33.47,"IMD gridded (rainfall 0.25 deg, Tmax 1 deg)",REAL_GOVERNMENT
2015-06-15,13.28,35.28,55.64,35.03,"IMD gridded (rainfall 0.25 deg, Tmax 1 deg)",REAL_GOVERNMENT
2015-06-16,10.24,34.9,9.59,34.75,"IMD gridded (rainfall 0.25 deg, Tmax 1 deg)",REAL_GOVERNMENT
2015-06-17,14.11,35.02,19.82,34.16,"IMD gridded (rainfall 0.25 deg, Tmax 1 deg)",REAL_GOVERNMENT
2015-06-18,15.76,35.32,10.53,34.78,"IMD gridded (rainfall 0.25 deg, Tmax 1 deg)",REAL_GOVERNMENT
2015-06-19,15.51,35.29,0.56,34.61,"IMD gridded (rainfall 0.25 deg, Tmax 1 deg)",REAL_GOVERNMENT
2015-06-20,8.7,35.95,4.19,35.5,"IMD gridded (rainfall 0.25 deg, Tmax 1 deg)",REAL_GOVERNMENT
2015-06-21,11.63,33.19,1.41,32.07,"IMD gridded (rainfall 0.25 deg, Tmax 1 deg)",REAL_GOVERNMENT
2015-06-22,36.27,29.75,34.24,28.97,"IMD gridded (rainfall 0.25 deg, Tmax 1 deg)",REAL_GOVERNMENT
2015-06-23,35.18,31.87,10.26,31.76,"IMD gridded (rainfall 0.25 deg, Tmax 1 deg)",REAL_GOVERNMENT
2015-06-24,2.72,32.66,33.24,32.78,"IMD gridded (rainfall 0.25 deg, Tmax 1 deg)",REAL_GOVERNMENT
2015-06-25,4.65,30.54,11.92,30.45,"IMD gridded (rainfall 0.25 deg, Tmax 1 deg)",REAL_GOVERNMENT
2015-06-26,1.68,32.62,7.95,32.36,"IMD gridded (rainfall 0.25 deg, Tmax 1 deg)",REAL_GOVERNMENT
2015-06-27,0.3,33.73,0.0,33.21,"IMD gridded (rainfall 0.25 deg, Tmax 1 deg)",REAL_GOVERNMENT
2015-06-28,1.49,33.66,7.12,33.3,"IMD gridded (rainfall 0.25 deg, Tmax 1 deg)",REAL_GOVERNMENT
2015-06-29,11.55,33.04,9.46,33.01,"IMD gridded (rainfall 0.25 deg, Tmax 1 deg)",REAL_GOVERNMENT
2015-06-30,0.84,33.44,0.0,33.29,"IMD gridded (rainfall 0.25 deg, Tmax 1 deg)",REAL_GOVERNMENT
2015-07-01,9.35,32.1,7.78,31.56,"IMD gridded (rainfall 0.25 deg, Tmax 1 deg)",REAL_GOVERNMENT
2015-07-02,11.03,32.78,40.89,32.27,"IMD gridded (rainfall 0.25 deg, Tmax 1 deg)",REAL_GOVERNMENT
2015-07-03,2.94,33.62,1.16,33.3,"IMD gridded (rainfall 0.25 deg, Tmax 1 deg)",REAL_GOVERNMENT
2015-07-04,4.21,33.95,1.19,33.67,"IMD gridded (rainfall 0.25 deg, Tmax 1 deg)",REAL_GOVERNMENT
2015-07-05,0.0,33.97,0.0,33.64,"IMD gridded (rainfall 0.25 deg, Tmax 1 deg)",REAL_GOVERNMENT
2015-07-06,0.18,32.82,1.7,32.6,"IMD gridded (rainfall 0.25 deg, Tmax 1 deg)",REAL_GOVERNMENT
2015-07-07,0.0,33.05,0.0,32.89,"IMD gridded (rainfall 0.25 deg, Tmax 1 deg)",REAL_GOVERNMENT
2015-07-08,2.21,32.82,11.87,33.11,"IMD gridded (rainfall 0.25 deg, Tmax 1 deg)",REAL_GOVERNMENT
2015-07-09,16.24,29.33,29.24,29.17,"IMD gridded (rainfall 0.25 deg, Tmax 1 deg)",REAL_GOVERNMENT
2015-07-10,39.88,28.64,22.34,28.06,"IMD gridded (rainfall 0.25 deg, Tmax 1 deg)",REAL_GOVERNMENT
2015-07-11,29.32,28.19,6.31,28.29,"IMD gridded (rainfall 0.25 deg, Tmax 1 deg)",REAL_GOVERNMENT
2015-07-12,4.44,32.04,3.52,31.99,"IMD gridded (rainfall 0.25 deg, Tmax 1 deg)",REAL_GOVERNMENT
2015-07-13,5.76,33.64,29.83,33.51,"IMD gridded (rainfall 0.25 deg, Tmax 1 deg)",REAL_GOVERNMENT
2015-07-14,0.91,34.32,1.78,34.46,"IMD gridded (rainfall 0.25 deg, Tmax 1 deg)",REAL_GOVERNMENT
2015-07-15,0.37,34.13,0.0,34.2,"IMD gridded (rainfall 0.25 deg, Tmax 1 deg)",REAL_GOVERNMENT
2015-07-16,0.1,33.12,0.0,33.33,"IMD gridded (rainfall 0.25 deg, Tmax 1 deg)",REAL_GOVERNMENT
2015-07-17,0.23,31.91,0.0,32.3,"IMD gridded (rainfall 0.25 deg, Tmax 1 deg)",REAL_GOVERNMENT
2015-07-18,9.02,29.87,10.75,30.22,"IMD gridded (rainfall 0.25 deg, Tmax 1 deg)",REAL_GOVERNMENT
2015-07-19,12.12,28.63,12.14,28.67,"IMD gridded (rainfall 0.25 deg, Tmax 1 deg)",REAL_GOVERNMENT
2015-07-20,13.12,28.62,15.9,28.1,"IMD gridded (rainfall 0.25 deg, Tmax 1 deg)",REAL_GOVERNMENT
2015-07-21,7.65,30.27,0.1,30.15,"IMD gridded (rainfall 0.25 deg, Tmax 1 deg)",REAL_GOVERNMENT
2015-07-22,6.01,31.65,3.09,31.65,"IMD gridded (rainfall 0.25 deg, Tmax 1 deg)",REAL_GOVERNMENT
2015-07-23,16.84,28.77,1.78,28.8,"IMD gridded (rainfall 0.25 deg, Tmax 1 deg)",REAL_GOVERNMENT
2015-07-24,24.47,28.49,5.51,28.66,"IMD gridded (rainfall 0.25 deg, Tmax 1 deg)",REAL_GOVERNMENT
2015-07-25,21.68,28.48,14.08,28.37,"IMD gridded (rainfall 0.25 deg, Tmax 1 deg)",REAL_GOVERNMENT
2015-07-26,0.87,28.48,0.0,28.58,"IMD gridded (rainfall 0.25 deg, Tmax 1 deg)",REAL_GOVERNMENT
2015-07-27,1.73,28.6,0.0,28.94,"IMD gridded (rainfall 0.25 deg, Tmax 1 deg)",REAL_GOVERNMENT
2015-07-28,0.0,30.57,0.0,30.72,"IMD gridded (rainfall 0.25 deg, Tmax 1 deg)",REAL_GOVERNMENT
2015-07-29,0.25,30.69,0.0,30.96,"IMD gridded (rainfall 0.25 deg, Tmax 1 deg)",REAL_GOVERNMENT
2015-07-30,0.98,30.8,0.0,30.97,"IMD gridded (rainfall 0.25 deg, Tmax 1 deg)",REAL_GOVERNMENT
2015-07-31,0.04,30.68,0.0,30.65,"IMD gridded (rainfall 0.25 deg, Tmax 1 deg)",REAL_GOVERNMENT
2015-08-01,0.82,31.17,0.0,31.27,"IMD gridded (rainfall 0.25 deg, Tmax 1 deg)",REAL_GOVERNMENT
2015-08-02,0.86,31.07,0.22,31.27,"IMD gridded (rainfall 0.25 deg, Tmax 1 deg)",REAL_GOVERNMENT
2015-08-03,8.01,27.12,6.61,26.7,"IMD gridded (rainfall 0.25 deg, Tmax 1 deg)",REAL_GOVERNMENT
2015-08-04,70.85,26.18,131.53,25.36,"IMD gridded (rainfall 0.25 deg, Tmax 1 deg)",REAL_GOVERNMENT
2015-08-05,18.89,26.48,13.22,25.64,"IMD gridded (rainfall 0.25 deg, Tmax 1 deg)",REAL_GOVERNMENT
2015-08-06,3.69,27.84,4.14,27.58,"IMD gridded (rainfall 0.25 deg, Tmax 1 deg)",REAL_GOVERNMENT
2015-08-07,6.02,30.19,1.33,30.17,"IMD gridded (rainfall 0.25 deg, Tmax 1 deg)",REAL_GOVERNMENT
2015-08-08,9.47,30.42,7.56,30.27,"IMD gridded (rainfall 0.25 deg, Tmax 1 deg)",REAL_GOVERNMENT
2015-08-09,2.96,31.15,0.39,31.04,"IMD gridded (rainfall 0.25 deg, Tmax 1 deg)",REAL_GOVERNMENT
2015-08-10,2.53,31.36,0.0,31.28,"IMD gridded (rainfall 0.25 deg, Tmax 1 deg)",REAL_GOVERNMENT
2015-08-11,12.04,30.31,1.1,30.0,"IMD gridded (rainfall 0.25 deg, Tmax 1 deg)",REAL_GOVERNMENT
2015-08-12,14.29,30.84,0.21,30.73,"IMD gridded (rainfall 0.25 deg, Tmax 1 deg)",REAL_GOVERNMENT
2015-08-13,26.32,28.63,57.92,28.16,"IMD gridded (rainfall 0.25 deg, Tmax 1 deg)",REAL_GOVERNMENT
2015-08-14,37.21,29.12,46.04,28.87,"IMD gridded (rainfall 0.25 deg, Tmax 1 deg)",REAL_GOVERNMENT
2015-08-15,13.2,29.88,10.65,29.99,"IMD gridded (rainfall 0.25 deg, Tmax 1 deg)",REAL_GOVERNMENT
2015-08-16,5.52,29.79,0.23,29.82,"IMD gridded (rainfall 0.25 deg, Tmax 1 deg)",REAL_GOVERNMENT
2015-08-17,7.85,30.07,18.87,30.24,"IMD gridded (rainfall 0.25 deg, Tmax 1 deg)",REAL_GOVERNMENT
2015-08-18,2.4,29.61,12.16,29.75,"IMD gridded (rainfall 0.25 deg, Tmax 1 deg)",REAL_GOVERNMENT
2015-08-19,6.99,31.07,0.0,30.99,"IMD gridded (rainfall 0.25 deg, Tmax 1 deg)",REAL_GOVERNMENT
2015-08-20,5.78,31.27,24.51,31.35,"IMD gridded (rainfall 0.25 deg, Tmax 1 deg)",REAL_GOVERNMENT
2015-08-21,3.06,31.0,15.65,31.19,"IMD gridded (rainfall 0.25 deg, Tmax 1 deg)",REAL_GOVERNMENT
2015-08-22,2.02,30.26,9.89,30.28,"IMD gridded (rainfall 0.25 deg, Tmax 1 deg)",REAL_GOVERNMENT
2015-08-23,0.3,30.98,0.0,30.99,"IMD gridded (rainfall 0.25 deg, Tmax 1 deg)",REAL_GOVERNMENT
2015-08-24,0.0,31.48,0.0,31.63,"IMD gridded (rainfall 0.25 deg, Tmax 1 deg)",REAL_GOVERNMENT
2015-08-25,0.0,31.52,0.0,31.5,"IMD gridded (rainfall 0.25 deg, Tmax 1 deg)",REAL_GOVERNMENT
2015-08-26,0.4,32.32,0.0,32.6,"IMD gridded (rainfall 0.25 deg, Tmax 1 deg)",REAL_GOVERNMENT
2015-08-27,6.89,30.35,0.0,30.11,"IMD gridded (rainfall 0.25 deg, Tmax 1 deg)",REAL_GOVERNMENT
2015-08-28,8.55,30.59,3.16,30.15,"IMD gridded (rainfall 0.25 deg, Tmax 1 deg)",REAL_GOVERNMENT
2015-08-29,30.28,29.82,20.27,29.76,"IMD gridded (rainfall 0.25 deg, Tmax 1 deg)",REAL_GOVERNMENT
2015-08-30,10.98,28.72,5.87,28.13,"IMD gridded (rainfall 0.25 deg, Tmax 1 deg)",REAL_GOVERNMENT
2015-08-31,10.97,29.9,12.28,29.72,"IMD gridded (rainfall 0.25 deg, Tmax 1 deg)",REAL_GOVERNMENT
2015-09-01,9.17,30.88,10.06,30.99,"IMD gridded (rainfall 0.25 deg, Tmax 1 deg)",REAL_GOVERNMENT
2015-09-02,7.1,31.03,4.24,31.04,"IMD gridded (rainfall 0.25 deg, Tmax 1 deg)",REAL_GOVERNMENT
2015-09-03,0.57,31.3,0.0,31.15,"IMD gridded (rainfall 0.25 deg, Tmax 1 deg)",REAL_GOVERNMENT
2015-09-04,0.39,32.04,0.0,31.74,"IMD gridded (rainfall 0.25 deg, Tmax 1 deg)",REAL_GOVERNMENT
2015-09-05,0.2,32.68,0.0,32.41,"IMD gridded (rainfall 0.25 deg, Tmax 1 deg)",REAL_GOVERNMENT
2015-09-06,0.18,32.89,0.0,32.66,"IMD gridded (rainfall 0.25 deg, Tmax 1 deg)",REAL_GOVERNMENT
2015-09-07,0.94,31.97,0.0,31.82,"IMD gridded (rainfall 0.25 deg, Tmax 1 deg)",REAL_GOVERNMENT
2015-09-08,3.94,31.96,0.0,31.76,"IMD gridded (rainfall 0.25 deg, Tmax 1 deg)",REAL_GOVERNMENT
2015-09-09,1.42,32.69,0.0,32.35,"IMD gridded (rainfall 0.25 deg, Tmax 1 deg)",REAL_GOVERNMENT
2015-09-10,0.12,33.41,0.0,33.16,"IMD gridded (rainfall 0.25 deg, Tmax 1 deg)",REAL_GOVERNMENT
2015-09-11,0.0,33.8,0.0,33.72,"IMD gridded (rainfall 0.25 deg, Tmax 1 deg)",REAL_GOVERNMENT
2015-09-12,0.0,33.31,0.0,33.04,"IMD gridded (rainfall 0.25 deg, Tmax 1 deg)",REAL_GOVERNMENT
2015-09-13,0.49,33.33,0.0,33.44,"IMD gridded (rainfall 0.25 deg, Tmax 1 deg)",REAL_GOVERNMENT
2015-09-14,1.45,32.67,0.0,32.41,"IMD gridded (rainfall 0.25 deg, Tmax 1 deg)",REAL_GOVERNMENT
2015-09-15,5.52,32.49,2.52,32.38,"IMD gridded (rainfall 0.25 deg, Tmax 1 deg)",REAL_GOVERNMENT
2015-09-16,6.78,31.43,16.99,31.2,"IMD gridded (rainfall 0.25 deg, Tmax 1 deg)",REAL_GOVERNMENT
2015-09-17,38.56,28.23,30.58,27.55,"IMD gridded (rainfall 0.25 deg, Tmax 1 deg)",REAL_GOVERNMENT
2015-09-18,18.79,29.49,13.81,29.24,"IMD gridded (rainfall 0.25 deg, Tmax 1 deg)",REAL_GOVERNMENT
2015-09-19,3.82,31.27,1.28,31.03,"IMD gridded (rainfall 0.25 deg, Tmax 1 deg)",REAL_GOVERNMENT
2015-09-20,6.9,31.33,0.0,31.24,"IMD gridded (rainfall 0.25 deg, Tmax 1 deg)",REAL_GOVERNMENT
2015-09-21,37.15,31.19,52.28,31.55,"IMD gridded (rainfall 0.25 deg, Tmax 1 deg)",REAL_GOVERNMENT
2015-09-22,2.06,31.93,1.06,31.9,"IMD gridded (rainfall 0.25 deg, Tmax 1 deg)",REAL_GOVERNMENT
2015-09-23,0.05,31.57,0.0,31.36,"IMD gridded (rainfall 0.25 deg, Tmax 1 deg)",REAL_GOVERNMENT
2015-09-24,0.17,32.07,0.0,32.04,"IMD gridded (rainfall 0.25 deg, Tmax 1 deg)",REAL_GOVERNMENT
2015-09-25,0.01,31.71,0.0,31.44,"IMD gridded (rainfall 0.25 deg, Tmax 1 deg)",REAL_GOVERNMENT
2015-09-26,0.0,31.49,0.0,31.26,"IMD gridded (rainfall 0.25 deg, Tmax 1 deg)",REAL_GOVERNMENT
2015-09-27,0.0,32.21,0.0,32.06,"IMD gridded (rainfall 0.25 deg, Tmax 1 deg)",REAL_GOVERNMENT
2015-09-28,0.0,32.79,0.0,32.65,"IMD gridded (rainfall 0.25 deg, Tmax 1 deg)",REAL_GOVERNMENT
2015-09-29,0.0,32.99,0.0,32.76,"IMD gridded (rainfall 0.25 deg, Tmax 1 deg)",REAL_GOVERNMENT
2015-09-30,0.0,32.85,0.0,32.69,"IMD gridded (rainfall 0.25 deg, Tmax 1 deg)",REAL_GOVERNMENT
2015-10-01,0.0,33.01,0.0,32.79,"IMD gridded (rainfall 0.25 deg, Tmax 1 deg)",REAL_GOVERNMENT
2015-10-02,0.0,33.4,0.0,33.07,"IMD gridded (rainfall 0.25 deg, Tmax 1 deg)",REAL_GOVERNMENT
2015-10-03,0.0,33.92,0.0,33.7,"IMD gridded (rainfall 0.25 deg, Tmax 1 deg)",REAL_GOVERNMENT
2015-10-04,0.0,34.64,0.0,34.39,"IMD gridded (rainfall 0.25 deg, Tmax 1 deg)",REAL_GOVERNMENT
2015-10-05,0.0,34.39,0.0,34.17,"IMD gridded (rainfall 0.25 deg, Tmax 1 deg)",REAL_GOVERNMENT
2015-10-06,0.0,34.04,0.0,33.9,"IMD gridded (rainfall 0.25 deg, Tmax 1 deg)",REAL_GOVERNMENT
2015-10-07,0.0,34.12,0.0,33.87,"IMD gridded (rainfall 0.25 deg, Tmax 1 deg)",REAL_GOVERNMENT
2015-10-08,0.0,33.87,0.0,33.64,"IMD gridded (rainfall 0.25 deg, Tmax 1 deg)",REAL_GOVERNMENT
2015-10-09,0.0,34.53,0.0,34.38,"IMD gridded (rainfall 0.25 deg, Tmax 1 deg)",REAL_GOVERNMENT
2015-10-10,0.0,34.84,0.0,34.46,"IMD gridded (rainfall 0.25 deg, Tmax 1 deg)",REAL_GOVERNMENT
2015-10-11,0.0,35.2,0.0,34.82,"IMD gridded (rainfall 0.25 deg, Tmax 1 deg)",REAL_GOVERNMENT
2015-10-12,0.0,34.74,0.0,34.45,"IMD gridded (rainfall 0.25 deg, Tmax 1 deg)",REAL_GOVERNMENT
2015-10-13,0.0,35.46,0.0,35.31,"IMD gridded (rainfall 0.25 deg, Tmax 1 deg)",REAL_GOVERNMENT
2015-10-14,0.0,34.48,0.0,34.56,"IMD gridded (rainfall 0.25 deg, Tmax 1 deg)",REAL_GOVERNMENT
2015-10-15,0.53,33.24,0.0,33.15,"IMD gridded (rainfall 0.25 deg, Tmax 1 deg)",REAL_GOVERNMENT
2015-10-16,0.09,33.18,0.0,33.01,"IMD gridded (rainfall 0.25 deg, Tmax 1 deg)",REAL_GOVERNMENT
2015-10-17,0.0,34.03,0.0,33.67,"IMD gridded (rainfall 0.25 deg, Tmax 1 deg)",REAL_GOVERNMENT
2015-10-18,0.0,34.71,0.0,34.34,"IMD gridded (rainfall 0.25 deg, Tmax 1 deg)",REAL_GOVERNMENT
2015-10-19,0.0,34.89,0.0,34.58,"IMD gridded (rainfall 0.25 deg, Tmax 1 deg)",REAL_GOVERNMENT
2015-10-20,0.0,35.67,0.0,35.47,"IMD gridded (rainfall 0.25 deg, Tmax 1 deg)",REAL_GOVERNMENT
2015-10-21,0.0,35.18,0.0,34.97,"IMD gridded (rainfall 0.25 deg, Tmax 1 deg)",REAL_GOVERNMENT
2015-10-22,1.93,34.09,0.0,33.93,"IMD gridded (rainfall 0.25 deg, Tmax 1 deg)",REAL_GOVERNMENT
2015-10-23,0.29,34.62,0.0,34.28,"IMD gridded (rainfall 0.25 deg, Tmax 1 deg)",REAL_GOVERNMENT
2015-10-24,0.01,34.55,0.0,34.29,"IMD gridded (rainfall 0.25 deg, Tmax 1 deg)",REAL_GOVERNMENT
2015-10-25,0.68,33.88,0.0,33.58,"IMD gridded (rainfall 0.25 deg, Tmax 1 deg)",REAL_GOVERNMENT
2015-10-26,0.2,33.48,0.0,33.48,"IMD gridded (rainfall 0.25 deg, Tmax 1 deg)",REAL_GOVERNMENT
2015-10-27,0.18,32.95,0.0,33.13,"IMD gridded (rainfall 0.25 deg, Tmax 1 deg)",REAL_GOVERNMENT
2015-10-28,0.76,30.81,0.0,31.21,"IMD gridded (rainfall 0.25 deg, Tmax 1 deg)",REAL_GOVERNMENT
2015-10-29,1.87,25.18,0.0,25.34,"IMD gridded (rainfall 0.25 deg, Tmax 1 deg)",REAL_GOVERNMENT
2015-10-30,8.06,26.79,1.73,26.97,"IMD gridded (rainfall 0.25 deg, Tmax 1 deg)",REAL_GOVERNMENT
2015-10-31,0.02,28.05,0.0,28.06,"IMD gridded (rainfall 0.25 deg, Tmax 1 deg)",REAL_GOVERNMENT
2015-11-01,0.07,29.72,0.0,29.69,"IMD gridded (rainfall 0.25 deg, Tmax 1 deg)",REAL_GOVERNMENT
2015-11-02,0.0,30.23,0.0,30.14,"IMD gridded (rainfall 0.25 deg, Tmax 1 deg)",REAL_GOVERNMENT
2015-11-03,0.0,31.13,0.0,30.87,"IMD gridded (rainfall 0.25 deg, Tmax 1 deg)",REAL_GOVERNMENT
2015-11-04,0.0,31.6,0.0,31.35,"IMD gridded (rainfall 0.25 deg, Tmax 1 deg)",REAL_GOVERNMENT
2015-11-05,0.0,32.11,0.0,31.83,"IMD gridded (rainfall 0.25 deg, Tmax 1 deg)",REAL_GOVERNMENT
2015-11-06,0.0,32.56,0.0,32.49,"IMD gridded (rainfall 0.25 deg, Tmax 1 deg)",REAL_GOVERNMENT
2015-11-07,0.0,32.21,0.0,32.19,"IMD gridded (rainfall 0.25 deg, Tmax 1 deg)",REAL_GOVERNMENT
2015-11-08,0.08,31.94,0.0,31.88,"IMD gridded (rainfall 0.25 deg, Tmax 1 deg)",REAL_GOVERNMENT
2015-11-09,0.0,30.75,0.0,30.6,"IMD gridded (rainfall 0.25 deg, Tmax 1 deg)",REAL_GOVERNMENT
2015-11-10,0.0,30.65,0.0,30.34,"IMD gridded (rainfall 0.25 deg, Tmax 1 deg)",REAL_GOVERNMENT
2015-11-11,0.0,30.97,0.0,30.81,"IMD gridded (rainfall 0.25 deg, Tmax 1 deg)",REAL_GOVERNMENT
2015-11-12,0.0,31.14,0.0,31.0,"IMD gridded (rainfall 0.25 deg, Tmax 1 deg)",REAL_GOVERNMENT
2015-11-13,0.0,31.47,0.0,31.45,"IMD gridded (rainfall 0.25 deg, Tmax 1 deg)",REAL_GOVERNMENT
2015-11-14,0.0,31.22,0.0,31.04,"IMD gridded (rainfall 0.25 deg, Tmax 1 deg)",REAL_GOVERNMENT
2015-11-15,0.0,31.8,0.0,31.66,"IMD gridded (rainfall 0.25 deg, Tmax 1 deg)",REAL_GOVERNMENT
2015-11-16,0.0,31.84,0.0,31.73,"IMD gridded (rainfall 0.25 deg, Tmax 1 deg)",REAL_GOVERNMENT
2015-11-17,0.0,30.98,0.0,31.08,"IMD gridded (rainfall 0.25 deg, Tmax 1 deg)",REAL_GOVERNMENT
2015-11-18,0.0,29.71,0.0,29.64,"IMD gridded (rainfall 0.25 deg, Tmax 1 deg)",REAL_GOVERNMENT
2015-11-19,0.0,29.71,0.0,29.75,"IMD gridded (rainfall 0.25 deg, Tmax 1 deg)",REAL_GOVERNMENT
2015-11-20,0.0,29.89,0.0,29.94,"IMD gridded (rainfall 0.25 deg, Tmax 1 deg)",REAL_GOVERNMENT
2015-11-21,0.0,30.56,0.0,30.55,"IMD gridded (rainfall 0.25 deg, Tmax 1 deg)",REAL_GOVERNMENT
2015-11-22,0.0,30.31,0.0,30.34,"IMD gridded (rainfall 0.25 deg, Tmax 1 deg)",REAL_GOVERNMENT
2015-11-23,0.0,30.36,0.0,30.55,"IMD gridded (rainfall 0.25 deg, Tmax 1 deg)",REAL_GOVERNMENT
2015-11-24,0.0,30.22,0.0,30.21,"IMD gridded (rainfall 0.25 deg, Tmax 1 deg)",REAL_GOVERNMENT
2015-11-25,0.0,30.37,0.0,30.58,"IMD gridded (rainfall 0.25 deg, Tmax 1 deg)",REAL_GOVERNMENT
2015-11-26,0.0,30.95,0.0,30.98,"IMD gridded (rainfall 0.25 deg, Tmax 1 deg)",REAL_GOVERNMENT
2015-11-27,0.0,31.16,0.0,31.29,"IMD gridded (rainfall 0.25 deg, Tmax 1 deg)",REAL_GOVERNMENT
2015-11-28,0.0,29.83,0.0,30.24,"IMD gridded (rainfall 0.25 deg, Tmax 1 deg)",REAL_GOVERNMENT
2015-11-29,0.0,30.94,0.0,30.87,"IMD gridded (rainfall 0.25 deg, Tmax 1 deg)",REAL_GOVERNMENT
2015-11-30,0.0,31.06,0.0,31.13,"IMD gridded (rainfall 0.25 deg, Tmax 1 deg)",REAL_GOVERNMENT
2015-12-01,0.0,31.71,0.0,31.6,"IMD gridded (rainfall 0.25 deg, Tmax 1 deg)",REAL_GOVERNMENT
2015-12-02,0.0,30.65,0.0,31.23,"IMD gridded (rainfall 0.25 deg, Tmax 1 deg)",REAL_GOVERNMENT
2015-12-03,0.0,29.47,0.0,29.83,"IMD gridded (rainfall 0.25 deg, Tmax 1 deg)",REAL_GOVERNMENT
2015-12-04,0.0,28.2,0.0,28.43,"IMD gridded (rainfall 0.25 deg, Tmax 1 deg)",REAL_GOVERNMENT
2015-12-05,0.0,29.25,0.0,29.44,"IMD gridded (rainfall 0.25 deg, Tmax 1 deg)",REAL_GOVERNMENT
2015-12-06,0.0,29.3,0.0,29.48,"IMD gridded (rainfall 0.25 deg, Tmax 1 deg)",REAL_GOVERNMENT
2015-12-07,0.0,29.47,0.0,29.6,"IMD gridded (rainfall 0.25 deg, Tmax 1 deg)",REAL_GOVERNMENT
2015-12-08,0.0,29.69,0.0,29.86,"IMD gridded (rainfall 0.25 deg, Tmax 1 deg)",REAL_GOVERNMENT
2015-12-09,0.0,30.01,0.0,30.08,"IMD gridded (rainfall 0.25 deg, Tmax 1 deg)",REAL_GOVERNMENT
2015-12-10,0.0,30.35,0.0,30.27,"IMD gridded (rainfall 0.25 deg, Tmax 1 deg)",REAL_GOVERNMENT
2015-12-11,0.0,29.65,0.0,29.84,"IMD gridded (rainfall 0.25 deg, Tmax 1 deg)",REAL_GOVERNMENT
2015-12-12,0.0,27.97,0.0,28.58,"IMD gridded (rainfall 0.25 deg, Tmax 1 deg)",REAL_GOVERNMENT
2015-12-13,0.06,28.09,0.0,29.04,"IMD gridded (rainfall 0.25 deg, Tmax 1 deg)",REAL_GOVERNMENT
2015-12-14,0.11,26.05,0.0,26.96,"IMD gridded (rainfall 0.25 deg, Tmax 1 deg)",REAL_GOVERNMENT
2015-12-15,0.0,25.39,0.0,25.84,"IMD gridded (rainfall 0.25 deg, Tmax 1 deg)",REAL_GOVERNMENT
2015-12-16,0.0,26.94,0.0,27.69,"IMD gridded (rainfall 0.25 deg, Tmax 1 deg)",REAL_GOVERNMENT
2015-12-17,0.0,26.81,0.0,27.22,"IMD gridded (rainfall 0.25 deg, Tmax 1 deg)",REAL_GOVERNMENT
2015-12-18,0.0,24.68,0.0,25.02,"IMD gridded (rainfall 0.25 deg, Tmax 1 deg)",REAL_GOVERNMENT
2015-12-19,0.0,25.54,0.0,25.85,"IMD gridded (rainfall 0.25 deg, Tmax 1 deg)",REAL_GOVERNMENT
2015-12-20,0.0,27.93,0.0,28.3,"IMD gridded (rainfall 0.25 deg, Tmax 1 deg)",REAL_GOVERNMENT
2015-12-21,0.51,26.77,3.9,27.59,"IMD gridded (rainfall 0.25 deg, Tmax 1 deg)",REAL_GOVERNMENT
2015-12-22,0.86,27.2,0.0,27.9,"IMD gridded (rainfall 0.25 deg, Tmax 1 deg)",REAL_GOVERNMENT
2015-12-23,0.0,25.37,0.0,26.07,"IMD gridded (rainfall 0.25 deg, Tmax 1 deg)",REAL_GOVERNMENT
2015-12-24,0.0,23.5,0.0,24.1,"IMD gridded (rainfall 0.25 deg, Tmax 1 deg)",REAL_GOVERNMENT
2015-12-25,0.0,21.63,0.0,21.97,"IMD gridded (rainfall 0.25 deg, Tmax 1 deg)",REAL_GOVERNMENT
2015-12-26,0.0,24.49,0.0,24.62,"IMD gridded (rainfall 0.25 deg, Tmax 1 deg)",REAL_GOVERNMENT
2015-12-27,0.0,27.36,0.0,27.93,"IMD gridded (rainfall 0.25 deg, Tmax 1 deg)",REAL_GOVERNMENT
2015-12-28,0.0,29.07,0.0,29.64,"IMD gridded (rainfall 0.25 deg, Tmax 1 deg)",REAL_GOVERNMENT
2015-12-29,0.0,30.27,0.0,30.78,"IMD gridded (rainfall 0.25 deg, Tmax 1 deg)",REAL_GOVERNMENT
2015-12-30,0.0,30.32,0.0,30.79,"IMD gridded (rainfall 0.25 deg, Tmax 1 deg)",REAL_GOVERNMENT
2015-12-31,0.0,31.62,0.0,32.1,"IMD gridded (rainfall 0.25 deg, Tmax 1 deg)",REAL_GOVERNMENT
2016-01-01,0.0,30.98,0.0,31.56,"IMD gridded (rainfall 0.25 deg, Tmax 1 deg)",REAL_GOVERNMENT
2016-01-02,0.0,29.38,0.0,29.99,"IMD gridded (rainfall 0.25 deg, Tmax 1 deg)",REAL_GOVERNMENT
2016-01-03,0.0,28.04,0.0,28.55,"IMD gridded (rainfall 0.25 deg, Tmax 1 deg)",REAL_GOVERNMENT
2016-01-04,0.0,28.84,0.0,29.24,"IMD gridded (rainfall 0.25 deg, Tmax 1 deg)",REAL_GOVERNMENT
2016-01-05,0.0,29.27,0.0,29.51,"IMD gridded (rainfall 0.25 deg, Tmax 1 deg)",REAL_GOVERNMENT
2016-01-06,0.0,29.79,0.0,29.98,"IMD gridded (rainfall 0.25 deg, Tmax 1 deg)",REAL_GOVERNMENT
2016-01-07,0.0,29.33,0.0,29.45,"IMD gridded (rainfall 0.25 deg, Tmax 1 deg)",REAL_GOVERNMENT
2016-01-08,0.0,29.13,0.0,29.48,"IMD gridded (rainfall 0.25 deg, Tmax 1 deg)",REAL_GOVERNMENT
2016-01-09,0.0,27.8,0.0,28.36,"IMD gridded (rainfall 0.25 deg, Tmax 1 deg)",REAL_GOVERNMENT
2016-01-10,0.0,28.19,0.0,28.62,"IMD gridded (rainfall 0.25 deg, Tmax 1 deg)",REAL_GOVERNMENT
2016-01-11,0.0,28.61,0.0,29.06,"IMD gridded (rainfall 0.25 deg, Tmax 1 deg)",REAL_GOVERNMENT
2016-01-12,0.0,28.75,0.0,29.08,"IMD gridded (rainfall 0.25 deg, Tmax 1 deg)",REAL_GOVERNMENT
2016-01-13,0.0,28.78,0.0,29.07,"IMD gridded (rainfall 0.25 deg, Tmax 1 deg)",REAL_GOVERNMENT
2016-01-14,0.0,29.11,0.0,29.4,"IMD gridded (rainfall 0.25 deg, Tmax 1 deg)",REAL_GOVERNMENT
2016-01-15,0.0,27.81,0.0,28.01,"IMD gridded (rainfall 0.25 deg, Tmax 1 deg)",REAL_GOVERNMENT
2016-01-16,0.0,26.78,0.0,27.27,"IMD gridded (rainfall 0.25 deg, Tmax 1 deg)",REAL_GOVERNMENT
2016-01-17,3.08,24.94,0.65,25.78,"IMD gridded (rainfall 0.25 deg, Tmax 1 deg)",REAL_GOVERNMENT
2016-01-18,0.66,24.65,0.0,25.37,"IMD gridded (rainfall 0.25 deg, Tmax 1 deg)",REAL_GOVERNMENT
2016-01-19,0.83,24.36,0.13,25.01,"IMD gridded (rainfall 0.25 deg, Tmax 1 deg)",REAL_GOVERNMENT
2016-01-20,0.5,21.78,0.0,22.35,"IMD gridded (rainfall 0.25 deg, Tmax 1 deg)",REAL_GOVERNMENT
2016-01-21,0.0,22.81,0.0,23.42,"IMD gridded (rainfall 0.25 deg, Tmax 1 deg)",REAL_GOVERNMENT
2016-01-22,0.0,23.78,0.0,24.33,"IMD gridded (rainfall 0.25 deg, Tmax 1 deg)",REAL_GOVERNMENT
2016-01-23,0.0,25.4,0.0,25.94,"IMD gridded (rainfall 0.25 deg, Tmax 1 deg)",REAL_GOVERNMENT
2016-01-24,0.0,27.07,0.0,27.41,"IMD gridded (rainfall 0.25 deg, Tmax 1 deg)",REAL_GOVERNMENT
2016-01-25,0.0,27.67,0.0,28.0,"IMD gridded (rainfall 0.25 deg, Tmax 1 deg)",REAL_GOVERNMENT
2016-01-26,0.0,28.57,0.0,28.92,"IMD gridded (rainfall 0.25 deg, Tmax 1 deg)",REAL_GOVERNMENT
2016-01-27,0.0,29.61,0.0,30.12,"IMD gridded (rainfall 0.25 deg, Tmax 1 deg)",REAL_GOVERNMENT
2016-01-28,0.0,28.85,0.0,29.22,"IMD gridded (rainfall 0.25 deg, Tmax 1 deg)",REAL_GOVERNMENT
2016-01-29,0.0,29.83,0.0,30.15,"IMD gridded (rainfall 0.25 deg, Tmax 1 deg)",REAL_GOVERNMENT
2016-01-30,0.0,32.26,0.0,32.38,"IMD gridded (rainfall 0.25 deg, Tmax 1 deg)",REAL_GOVERNMENT
2016-01-31,0.0,31.41,0.0,31.84,"IMD gridded (rainfall 0.25 deg, Tmax 1 deg)",REAL_GOVERNMENT
2016-02-01,0.0,31.21,0.0,31.83,"IMD gridded (rainfall 0.25 deg, Tmax 1 deg)",REAL_GOVERNMENT
2016-02-02,0.0,30.57,0.0,31.09,"IMD gridded (rainfall 0.25 deg, Tmax 1 deg)",REAL_GOVERNMENT
2016-02-03,0.0,27.96,0.0,28.52,"IMD gridded (rainfall 0.25 deg, Tmax 1 deg)",REAL_GOVERNMENT
2016-02-04,0.0,27.89,0.0,28.68,"IMD gridded (rainfall 0.25 deg, Tmax 1 deg)",REAL_GOVERNMENT
2016-02-05,0.0,29.84,0.0,30.54,"IMD gridded (rainfall 0.25 deg, Tmax 1 deg)",REAL_GOVERNMENT
2016-02-06,0.0,30.83,0.0,31.3,"IMD gridded (rainfall 0.25 deg, Tmax 1 deg)",REAL_GOVERNMENT
2016-02-07,0.0,29.95,0.0,30.4,"IMD gridded (rainfall 0.25 deg, Tmax 1 deg)",REAL_GOVERNMENT
2016-02-08,0.0,28.52,0.0,29.19,"IMD gridded (rainfall 0.25 deg, Tmax 1 deg)",REAL_GOVERNMENT
2016-02-09,0.0,29.32,0.0,29.74,"IMD gridded (rainfall 0.25 deg, Tmax 1 deg)",REAL_GOVERNMENT
2016-02-10,0.0,31.41,0.0,31.69,"IMD gridded (rainfall 0.25 deg, Tmax 1 deg)",REAL_GOVERNMENT
2016-02-11,0.0,30.85,0.0,31.34,"IMD gridded (rainfall 0.25 deg, Tmax 1 deg)",REAL_GOVERNMENT
2016-02-12,0.0,31.3,0.0,31.69,"IMD gridded (rainfall 0.25 deg, Tmax 1 deg)",REAL_GOVERNMENT
2016-02-13,0.08,30.85,0.0,31.21,"IMD gridded (rainfall 0.25 deg, Tmax 1 deg)",REAL_GOVERNMENT
2016-02-14,0.0,30.99,0.0,31.29,"IMD gridded (rainfall 0.25 deg, Tmax 1 deg)",REAL_GOVERNMENT
2016-02-15,0.0,30.49,0.0,31.18,"IMD gridded (rainfall 0.25 deg, Tmax 1 deg)",REAL_GOVERNMENT
2016-02-16,0.0,31.38,0.0,31.9,"IMD gridded (rainfall 0.25 deg, Tmax 1 deg)",REAL_GOVERNMENT
2016-02-17,0.0,33.47,0.0,33.74,"IMD gridded (rainfall 0.25 deg, Tmax 1 deg)",REAL_GOVERNMENT
2016-02-18,0.0,34.59,0.0,34.72,"IMD gridded (rainfall 0.25 deg, Tmax 1 deg)",REAL_GOVERNMENT
2016-02-19,0.0,35.3,0.0,35.47,"IMD gridded (rainfall 0.25 deg, Tmax 1 deg)",REAL_GOVERNMENT
2016-02-20,0.0,34.25,0.0,34.69,"IMD gridded (rainfall 0.25 deg, Tmax 1 deg)",REAL_GOVERNMENT
2016-02-21,0.0,32.41,0.0,32.96,"IMD gridded (rainfall 0.25 deg, Tmax 1 deg)",REAL_GOVERNMENT
2016-02-22,0.0,32.37,0.0,32.79,"IMD gridded (rainfall 0.25 deg, Tmax 1 deg)",REAL_GOVERNMENT
2016-02-23,0.0,32.47,0.0,33.16,"IMD gridded (rainfall 0.25 deg, Tmax 1 deg)",REAL_GOVERNMENT
2016-02-24,0.0,32.99,0.0,33.69,"IMD gridded (rainfall 0.25 deg, Tmax 1 deg)",REAL_GOVERNMENT
2016-02-25,0.0,33.27,0.0,33.58,"IMD gridded (rainfall 0.25 deg, Tmax 1 deg)",REAL_GOVERNMENT
2016-02-26,0.0,32.61,0.0,33.08,"IMD gridded (rainfall 0.25 deg, Tmax 1 deg)",REAL_GOVERNMENT
2016-02-27,4.12,31.9,2.77,32.33,"IMD gridded (rainfall 0.25 deg, Tmax 1 deg)",REAL_GOVERNMENT
2016-02-28,0.0,32.92,0.0,33.32,"IMD gridded (rainfall 0.25 deg, Tmax 1 deg)",REAL_GOVERNMENT
2016-02-29,0.25,32.04,0.0,32.28,"IMD gridded (rainfall 0.25 deg, Tmax 1 deg)",REAL_GOVERNMENT
2016-03-01,5.5,32.88,6.73,33.15,"IMD gridded (rainfall 0.25 deg, Tmax 1 deg)",REAL_GOVERNMENT
2016-03-02,0.35,33.87,0.0,33.88,"IMD gridded (rainfall 0.25 deg, Tmax 1 deg)",REAL_GOVERNMENT
2016-03-03,0.0,34.69,0.0,34.82,"IMD gridded (rainfall 0.25 deg, Tmax 1 deg)",REAL_GOVERNMENT
2016-03-04,0.04,34.66,0.0,34.67,"IMD gridded (rainfall 0.25 deg, Tmax 1 deg)",REAL_GOVERNMENT
2016-03-05,0.06,34.65,0.0,34.66,"IMD gridded (rainfall 0.25 deg, Tmax 1 deg)",REAL_GOVERNMENT
2016-03-06,1.4,32.19,0.0,32.57,"IMD gridded (rainfall 0.25 deg, Tmax 1 deg)",REAL_GOVERNMENT
2016-03-07,1.37,33.9,0.0,34.17,"IMD gridded (rainfall 0.25 deg, Tmax 1 deg)",REAL_GOVERNMENT
2016-03-08,0.32,33.79,0.0,34.06,"IMD gridded (rainfall 0.25 deg, Tmax 1 deg)",REAL_GOVERNMENT
2016-03-09,0.06,34.22,0.0,34.44,"IMD gridded (rainfall 0.25 deg, Tmax 1 deg)",REAL_GOVERNMENT
2016-03-10,0.0,35.53,0.0,35.83,"IMD gridded (rainfall 0.25 deg, Tmax 1 deg)",REAL_GOVERNMENT
2016-03-11,0.0,36.5,0.0,36.6,"IMD gridded (rainfall 0.25 deg, Tmax 1 deg)",REAL_GOVERNMENT
2016-03-12,0.09,35.23,0.0,35.76,"IMD gridded (rainfall 0.25 deg, Tmax 1 deg)",REAL_GOVERNMENT
2016-03-13,3.38,30.7,5.29,31.3,"IMD gridded (rainfall 0.25 deg, Tmax 1 deg)",REAL_GOVERNMENT
2016-03-14,4.78,32.56,4.09,33.22,"IMD gridded (rainfall 0.25 deg, Tmax 1 deg)",REAL_GOVERNMENT
2016-03-15,0.0,32.37,0.0,32.75,"IMD gridded (rainfall 0.25 deg, Tmax 1 deg)",REAL_GOVERNMENT
2016-03-16,0.73,32.89,0.29,33.08,"IMD gridded (rainfall 0.25 deg, Tmax 1 deg)",REAL_GOVERNMENT
2016-03-17,0.0,34.76,0.0,35.04,"IMD gridded (rainfall 0.25 deg, Tmax 1 deg)",REAL_GOVERNMENT
2016-03-18,0.0,36.31,0.0,36.61,"IMD gridded (rainfall 0.25 deg, Tmax 1 deg)",REAL_GOVERNMENT
2016-03-19,0.35,36.22,0.0,36.28,"IMD gridded (rainfall 0.25 deg, Tmax 1 deg)",REAL_GOVERNMENT
2016-03-20,0.0,36.42,0.0,36.58,"IMD gridded (rainfall 0.25 deg, Tmax 1 deg)",REAL_GOVERNMENT
2016-03-21,0.0,37.13,0.0,37.44,"IMD gridded (rainfall 0.25 deg, Tmax 1 deg)",REAL_GOVERNMENT
2016-03-22,0.0,36.49,0.0,37.13,"IMD gridded (rainfall 0.25 deg, Tmax 1 deg)",REAL_GOVERNMENT
2016-03-23,0.0,36.66,0.0,36.93,"IMD gridded (rainfall 0.25 deg, Tmax 1 deg)",REAL_GOVERNMENT
2016-03-24,0.0,37.81,0.0,38.05,"IMD gridded (rainfall 0.25 deg, Tmax 1 deg)",REAL_GOVERNMENT
2016-03-25,0.0,38.86,0.0,39.11,"IMD gridded (rainfall 0.25 deg, Tmax 1 deg)",REAL_GOVERNMENT
2016-03-26,0.0,39.36,0.0,39.5,"IMD gridded (rainfall 0.25 deg, Tmax 1 deg)",REAL_GOVERNMENT
2016-03-27,0.0,35.0,0.0,35.68,"IMD gridded (rainfall 0.25 deg, Tmax 1 deg)",REAL_GOVERNMENT
2016-03-28,6.02,36.6,4.86,36.9,"IMD gridded (rainfall 0.25 deg, Tmax 1 deg)",REAL_GOVERNMENT
2016-03-29,0.0,37.98,0.0,38.36,"IMD gridded (rainfall 0.25 deg, Tmax 1 deg)",REAL_GOVERNMENT
2016-03-30,0.0,38.41,0.0,38.7,"IMD gridded (rainfall 0.25 deg, Tmax 1 deg)",REAL_GOVERNMENT
2016-03-31,0.0,38.52,0.0,38.71,"IMD gridded (rainfall 0.25 deg, Tmax 1 deg)",REAL_GOVERNMENT
2016-04-01,0.0,39.31,0.0,39.44,"IMD gridded (rainfall 0.25 deg, Tmax 1 deg)",REAL_GOVERNMENT
2016-04-02,0.0,40.43,0.0,40.63,"IMD gridded (rainfall 0.25 deg, Tmax 1 deg)",REAL_GOVERNMENT
2016-04-03,0.0,41.23,0.0,41.32,"IMD gridded (rainfall 0.25 deg, Tmax 1 deg)",REAL_GOVERNMENT
2016-04-04,0.0,41.16,0.0,41.33,"IMD gridded (rainfall 0.25 deg, Tmax 1 deg)",REAL_GOVERNMENT
2016-04-05,0.6,39.24,0.0,39.52,"IMD gridded (rainfall 0.25 deg, Tmax 1 deg)",REAL_GOVERNMENT
2016-04-06,0.11,38.57,0.0,38.47,"IMD gridded (rainfall 0.25 deg, Tmax 1 deg)",REAL_GOVERNMENT
2016-04-07,0.53,38.07,0.0,37.98,"IMD gridded (rainfall 0.25 deg, Tmax 1 deg)",REAL_GOVERNMENT
2016-04-08,0.0,39.14,0.0,39.15,"IMD gridded (rainfall 0.25 deg, Tmax 1 deg)",REAL_GOVERNMENT
2016-04-09,0.0,39.25,0.0,39.26,"IMD gridded (rainfall 0.25 deg, Tmax 1 deg)",REAL_GOVERNMENT
2016-04-10,0.0,40.47,0.0,40.55,"IMD gridded (rainfall 0.25 deg, Tmax 1 deg)",REAL_GOVERNMENT
2016-04-11,0.05,40.12,0.0,40.12,"IMD gridded (rainfall 0.25 deg, Tmax 1 deg)",REAL_GOVERNMENT
2016-04-12,0.0,39.51,0.0,39.58,"IMD gridded (rainfall 0.25 deg, Tmax 1 deg)",REAL_GOVERNMENT
2016-04-13,0.0,39.51,0.0,39.63,"IMD gridded (rainfall 0.25 deg, Tmax 1 deg)",REAL_GOVERNMENT
2016-04-14,0.0,40.85,0.0,40.96,"IMD gridded (rainfall 0.25 deg, Tmax 1 deg)",REAL_GOVERNMENT
2016-04-15,0.0,42.31,0.0,42.37,"IMD gridded (rainfall 0.25 deg, Tmax 1 deg)",REAL_GOVERNMENT
2016-04-16,0.0,42.43,0.0,42.43,"IMD gridded (rainfall 0.25 deg, Tmax 1 deg)",REAL_GOVERNMENT
2016-04-17,0.0,40.96,0.0,40.86,"IMD gridded (rainfall 0.25 deg, Tmax 1 deg)",REAL_GOVERNMENT
2016-04-18,0.0,40.99,0.0,41.04,"IMD gridded (rainfall 0.25 deg, Tmax 1 deg)",REAL_GOVERNMENT
2016-04-19,0.0,41.93,0.0,41.79,"IMD gridded (rainfall 0.25 deg, Tmax 1 deg)",REAL_GOVERNMENT
2016-04-20,0.0,42.06,0.0,42.05,"IMD gridded (rainfall 0.25 deg, Tmax 1 deg)",REAL_GOVERNMENT
2016-04-21,0.06,41.83,0.0,42.01,"IMD gridded (rainfall 0.25 deg, Tmax 1 deg)",REAL_GOVERNMENT
2016-04-22,0.0,41.4,0.0,41.45,"IMD gridded (rainfall 0.25 deg, Tmax 1 deg)",REAL_GOVERNMENT
2016-04-23,0.0,39.85,0.0,39.82,"IMD gridded (rainfall 0.25 deg, Tmax 1 deg)",REAL_GOVERNMENT
2016-04-24,0.0,39.59,0.0,39.48,"IMD gridded (rainfall 0.25 deg, Tmax 1 deg)",REAL_GOVERNMENT
2016-04-25,0.0,40.76,0.0,40.83,"IMD gridded (rainfall 0.25 deg, Tmax 1 deg)",REAL_GOVERNMENT
2016-04-26,0.0,41.8,0.0,41.81,"IMD gridded (rainfall 0.25 deg, Tmax 1 deg)",REAL_GOVERNMENT
2016-04-27,0.0,41.2,0.0,41.3,"IMD gridded (rainfall 0.25 deg, Tmax 1 deg)",REAL_GOVERNMENT
2016-04-28,0.7,40.78,0.0,40.66,"IMD gridded (rainfall 0.25 deg, Tmax 1 deg)",REAL_GOVERNMENT
2016-04-29,0.01,41.57,0.0,41.56,"IMD gridded (rainfall 0.25 deg, Tmax 1 deg)",REAL_GOVERNMENT
2016-04-30,0.03,41.99,0.0,41.9,"IMD gridded (rainfall 0.25 deg, Tmax 1 deg)",REAL_GOVERNMENT
2016-05-01,0.0,41.9,0.0,42.03,"IMD gridded (rainfall 0.25 deg, Tmax 1 deg)",REAL_GOVERNMENT
2016-05-02,0.0,42.15,0.0,42.09,"IMD gridded (rainfall 0.25 deg, Tmax 1 deg)",REAL_GOVERNMENT
2016-05-03,0.0,41.27,0.0,41.41,"IMD gridded (rainfall 0.25 deg, Tmax 1 deg)",REAL_GOVERNMENT
2016-05-04,0.33,40.76,0.0,40.84,"IMD gridded (rainfall 0.25 deg, Tmax 1 deg)",REAL_GOVERNMENT
2016-05-05,1.56,39.13,1.76,39.13,"IMD gridded (rainfall 0.25 deg, Tmax 1 deg)",REAL_GOVERNMENT
2016-05-06,2.7,37.24,1.15,36.93,"IMD gridded (rainfall 0.25 deg, Tmax 1 deg)",REAL_GOVERNMENT
2016-05-07,0.65,37.77,0.0,37.75,"IMD gridded (rainfall 0.25 deg, Tmax 1 deg)",REAL_GOVERNMENT
2016-05-08,0.0,39.27,0.0,39.14,"IMD gridded (rainfall 0.25 deg, Tmax 1 deg)",REAL_GOVERNMENT
2016-05-09,0.28,39.65,0.0,39.49,"IMD gridded (rainfall 0.25 deg, Tmax 1 deg)",REAL_GOVERNMENT
2016-05-10,0.05,38.98,0.0,38.78,"IMD gridded (rainfall 0.25 deg, Tmax 1 deg)",REAL_GOVERNMENT
2016-05-11,0.01,40.5,0.0,40.48,"IMD gridded (rainfall 0.25 deg, Tmax 1 deg)",REAL_GOVERNMENT
2016-05-12,0.11,42.15,0.0,42.22,"IMD gridded (rainfall 0.25 deg, Tmax 1 deg)",REAL_GOVERNMENT
2016-05-13,0.11,42.7,0.0,42.72,"IMD gridded (rainfall 0.25 deg, Tmax 1 deg)",REAL_GOVERNMENT
2016-05-14,0.0,43.18,0.0,43.08,"IMD gridded (rainfall 0.25 deg, Tmax 1 deg)",REAL_GOVERNMENT
2016-05-15,0.0,43.44,0.0,43.45,"IMD gridded (rainfall 0.25 deg, Tmax 1 deg)",REAL_GOVERNMENT
2016-05-16,0.0,43.05,0.0,43.26,"IMD gridded (rainfall 0.25 deg, Tmax 1 deg)",REAL_GOVERNMENT
2016-05-17,0.0,43.08,0.0,43.25,"IMD gridded (rainfall 0.25 deg, Tmax 1 deg)",REAL_GOVERNMENT
2016-05-18,0.0,43.34,0.0,43.63,"IMD gridded (rainfall 0.25 deg, Tmax 1 deg)",REAL_GOVERNMENT
2016-05-19,0.0,42.55,0.0,42.59,"IMD gridded (rainfall 0.25 deg, Tmax 1 deg)",REAL_GOVERNMENT
2016-05-20,0.0,43.44,0.0,43.6,"IMD gridded (rainfall 0.25 deg, Tmax 1 deg)",REAL_GOVERNMENT
2016-05-21,0.16,43.38,0.0,43.48,"IMD gridded (rainfall 0.25 deg, Tmax 1 deg)",REAL_GOVERNMENT
2016-05-22,0.73,42.79,0.0,42.81,"IMD gridded (rainfall 0.25 deg, Tmax 1 deg)",REAL_GOVERNMENT
2016-05-23,0.0,42.03,0.0,41.96,"IMD gridded (rainfall 0.25 deg, Tmax 1 deg)",REAL_GOVERNMENT
2016-05-24,0.0,41.57,0.0,41.88,"IMD gridded (rainfall 0.25 deg, Tmax 1 deg)",REAL_GOVERNMENT
2016-05-25,0.05,40.58,0.0,40.55,"IMD gridded (rainfall 0.25 deg, Tmax 1 deg)",REAL_GOVERNMENT
2016-05-26,0.0,40.67,0.0,40.54,"IMD gridded (rainfall 0.25 deg, Tmax 1 deg)",REAL_GOVERNMENT
2016-05-27,0.42,41.27,1.17,41.26,"IMD gridded (rainfall 0.25 deg, Tmax 1 deg)",REAL_GOVERNMENT
2016-05-28,1.4,41.38,0.0,41.39,"IMD gridded (rainfall 0.25 deg, Tmax 1 deg)",REAL_GOVERNMENT
2016-05-29,0.0,40.19,0.0,40.18,"IMD gridded (rainfall 0.25 deg, Tmax 1 deg)",REAL_GOVERNMENT
2016-05-30,0.63,39.78,0.0,39.84,"IMD gridded (rainfall 0.25 deg, Tmax 1 deg)",REAL_GOVERNMENT
2016-05-31,0.17,40.87,0.58,40.79,"IMD gridded (rainfall 0.25 deg, Tmax 1 deg)",REAL_GOVERNMENT
2016-06-01,0.03,41.78,0.0,41.94,"IMD gridded (rainfall 0.25 deg, Tmax 1 deg)",REAL_GOVERNMENT
2016-06-02,0.0,42.34,0.0,42.44,"IMD gridded (rainfall 0.25 deg, Tmax 1 deg)",REAL_GOVERNMENT
2016-06-03,0.0,42.87,0.0,42.99,"IMD gridded (rainfall 0.25 deg, Tmax 1 deg)",REAL_GOVERNMENT
2016-06-04,0.0,42.06,0.0,41.84,"IMD gridded (rainfall 0.25 deg, Tmax 1 deg)",REAL_GOVERNMENT
2016-06-05,0.3,41.27,0.0,40.58,"IMD gridded (rainfall 0.25 deg, Tmax 1 deg)",REAL_GOVERNMENT
2016-06-06,4.4,41.54,0.0,41.1,"IMD gridded (rainfall 0.25 deg, Tmax 1 deg)",REAL_GOVERNMENT
2016-06-07,0.02,41.25,0.0,40.74,"IMD gridded (rainfall 0.25 deg, Tmax 1 deg)",REAL_GOVERNMENT
2016-06-08,1.67,40.29,0.0,39.86,"IMD gridded (rainfall 0.25 deg, Tmax 1 deg)",REAL_GOVERNMENT
2016-06-09,3.28,39.76,0.72,39.21,"IMD gridded (rainfall 0.25 deg, Tmax 1 deg)",REAL_GOVERNMENT
2016-06-10,0.12,39.43,0.0,38.83,"IMD gridded (rainfall 0.25 deg, Tmax 1 deg)",REAL_GOVERNMENT
2016-06-11,0.19,40.71,0.0,40.32,"IMD gridded (rainfall 0.25 deg, Tmax 1 deg)",REAL_GOVERNMENT
2016-06-12,1.92,40.19,0.0,39.78,"IMD gridded (rainfall 0.25 deg, Tmax 1 deg)",REAL_GOVERNMENT
2016-06-13,2.33,39.84,0.22,39.41,"IMD gridded (rainfall 0.25 deg, Tmax 1 deg)",REAL_GOVERNMENT
2016-06-14,0.61,39.85,0.0,39.75,"IMD gridded (rainfall 0.25 deg, Tmax 1 deg)",REAL_GOVERNMENT
2016-06-15,0.0,39.29,0.0,39.23,"IMD gridded (rainfall 0.25 deg, Tmax 1 deg)",REAL_GOVERNMENT
2016-06-16,0.0,38.47,0.0,38.48,"IMD gridded (rainfall 0.25 deg, Tmax 1 deg)",REAL_GOVERNMENT
2016-06-17,4.55,38.18,6.62,37.87,"IMD gridded (rainfall 0.25 deg, Tmax 1 deg)",REAL_GOVERNMENT
2016-06-18,11.45,33.48,11.91,32.92,"IMD gridded (rainfall 0.25 deg, Tmax 1 deg)",REAL_GOVERNMENT
2016-06-19,6.34,34.8,0.0,34.54,"IMD gridded (rainfall 0.25 deg, Tmax 1 deg)",REAL_GOVERNMENT
2016-06-20,3.88,35.26,2.66,34.72,"IMD gridded (rainfall 0.25 deg, Tmax 1 deg)",REAL_GOVERNMENT
2016-06-21,0.01,36.89,0.0,36.64,"IMD gridded (rainfall 0.25 deg, Tmax 1 deg)",REAL_GOVERNMENT
2016-06-22,0.02,35.52,0.0,35.55,"IMD gridded (rainfall 0.25 deg, Tmax 1 deg)",REAL_GOVERNMENT
2016-06-23,2.19,35.16,0.0,35.02,"IMD gridded (rainfall 0.25 deg, Tmax 1 deg)",REAL_GOVERNMENT
2016-06-24,6.13,34.33,5.76,34.15,"IMD gridded (rainfall 0.25 deg, Tmax 1 deg)",REAL_GOVERNMENT
2016-06-25,19.88,33.63,15.69,33.28,"IMD gridded (rainfall 0.25 deg, Tmax 1 deg)",REAL_GOVERNMENT
2016-06-26,0.37,34.38,0.0,34.06,"IMD gridded (rainfall 0.25 deg, Tmax 1 deg)",REAL_GOVERNMENT
2016-06-27,11.95,33.95,10.39,33.58,"IMD gridded (rainfall 0.25 deg, Tmax 1 deg)",REAL_GOVERNMENT
2016-06-28,23.98,31.35,21.29,30.44,"IMD gridded (rainfall 0.25 deg, Tmax 1 deg)",REAL_GOVERNMENT
2016-06-29,14.19,33.49,7.2,32.59,"IMD gridded (rainfall 0.25 deg, Tmax 1 deg)",REAL_GOVERNMENT
2016-06-30,0.05,33.6,0.0,32.38,"IMD gridded (rainfall 0.25 deg, Tmax 1 deg)",REAL_GOVERNMENT
2016-07-01,6.5,33.16,7.86,32.64,"IMD gridded (rainfall 0.25 deg, Tmax 1 deg)",REAL_GOVERNMENT
2016-07-02,31.01,31.26,29.09,30.76,"IMD gridded (rainfall 0.25 deg, Tmax 1 deg)",REAL_GOVERNMENT
2016-07-03,27.31,30.75,21.06,30.64,"IMD gridded (rainfall 0.25 deg, Tmax 1 deg)",REAL_GOVERNMENT
2016-07-04,23.56,30.31,11.7,30.33,"IMD gridded (rainfall 0.25 deg, Tmax 1 deg)",REAL_GOVERNMENT
2016-07-05,8.82,28.05,11.23,27.82,"IMD gridded (rainfall 0.25 deg, Tmax 1 deg)",REAL_GOVERNMENT
2016-07-06,23.13,28.04,12.0,27.42,"IMD gridded (rainfall 0.25 deg, Tmax 1 deg)",REAL_GOVERNMENT
2016-07-07,10.35,27.07,12.8,26.87,"IMD gridded (rainfall 0.25 deg, Tmax 1 deg)",REAL_GOVERNMENT
2016-07-08,46.48,27.53,45.25,26.91,"IMD gridded (rainfall 0.25 deg, Tmax 1 deg)",REAL_GOVERNMENT
2016-07-09,34.77,27.61,42.67,27.08,"IMD gridded (rainfall 0.25 deg, Tmax 1 deg)",REAL_GOVERNMENT
2016-07-10,25.28,27.8,9.05,26.91,"IMD gridded (rainfall 0.25 deg, Tmax 1 deg)",REAL_GOVERNMENT
2016-07-11,20.07,28.46,8.19,27.67,"IMD gridded (rainfall 0.25 deg, Tmax 1 deg)",REAL_GOVERNMENT
2016-07-12,12.93,28.14,12.57,27.8,"IMD gridded (rainfall 0.25 deg, Tmax 1 deg)",REAL_GOVERNMENT
2016-07-13,12.97,29.14,5.4,28.85,"IMD gridded (rainfall 0.25 deg, Tmax 1 deg)",REAL_GOVERNMENT
2016-07-14,2.78,30.35,2.83,30.55,"IMD gridded (rainfall 0.25 deg, Tmax 1 deg)",REAL_GOVERNMENT
2016-07-15,1.54,29.13,1.86,29.43,"IMD gridded (rainfall 0.25 deg, Tmax 1 deg)",REAL_GOVERNMENT
2016-07-16,7.51,28.81,13.29,29.28,"IMD gridded (rainfall 0.25 deg, Tmax 1 deg)",REAL_GOVERNMENT
2016-07-17,4.24,30.38,0.99,30.76,"IMD gridded (rainfall 0.25 deg, Tmax 1 deg)",REAL_GOVERNMENT
2016-07-18,23.49,28.62,13.37,28.4,"IMD gridded (rainfall 0.25 deg, Tmax 1 deg)",REAL_GOVERNMENT
2016-07-19,5.36,29.59,0.64,29.47,"IMD gridded (rainfall 0.25 deg, Tmax 1 deg)",REAL_GOVERNMENT
2016-07-20,2.87,30.82,0.59,30.52,"IMD gridded (rainfall 0.25 deg, Tmax 1 deg)",REAL_GOVERNMENT
2016-07-21,12.56,31.61,8.75,31.27,"IMD gridded (rainfall 0.25 deg, Tmax 1 deg)",REAL_GOVERNMENT
2016-07-22,16.98,30.22,11.91,30.03,"IMD gridded (rainfall 0.25 deg, Tmax 1 deg)",REAL_GOVERNMENT
2016-07-23,16.88,30.33,3.83,30.26,"IMD gridded (rainfall 0.25 deg, Tmax 1 deg)",REAL_GOVERNMENT
2016-07-24,8.9,31.34,7.89,31.39,"IMD gridded (rainfall 0.25 deg, Tmax 1 deg)",REAL_GOVERNMENT
2016-07-25,2.78,31.45,1.22,31.26,"IMD gridded (rainfall 0.25 deg, Tmax 1 deg)",REAL_GOVERNMENT
2016-07-26,6.43,30.69,13.79,30.68,"IMD gridded (rainfall 0.25 deg, Tmax 1 deg)",REAL_GOVERNMENT
2016-07-27,7.71,29.34,0.0,29.33,"IMD gridded (rainfall 0.25 deg, Tmax 1 deg)",REAL_GOVERNMENT
2016-07-28,4.23,30.25,0.0,30.4,"IMD gridded (rainfall 0.25 deg, Tmax 1 deg)",REAL_GOVERNMENT
2016-07-29,1.62,30.7,1.79,30.92,"IMD gridded (rainfall 0.25 deg, Tmax 1 deg)",REAL_GOVERNMENT
2016-07-30,8.79,30.89,15.83,30.97,"IMD gridded (rainfall 0.25 deg, Tmax 1 deg)",REAL_GOVERNMENT
2016-07-31,6.92,29.63,4.67,29.47,"IMD gridded (rainfall 0.25 deg, Tmax 1 deg)",REAL_GOVERNMENT
2016-08-01,14.24,28.29,5.38,28.17,"IMD gridded (rainfall 0.25 deg, Tmax 1 deg)",REAL_GOVERNMENT
2016-08-02,13.82,28.65,24.05,28.47,"IMD gridded (rainfall 0.25 deg, Tmax 1 deg)",REAL_GOVERNMENT
2016-08-03,26.45,28.27,26.64,27.99,"IMD gridded (rainfall 0.25 deg, Tmax 1 deg)",REAL_GOVERNMENT
2016-08-04,17.03,29.04,7.25,29.23,"IMD gridded (rainfall 0.25 deg, Tmax 1 deg)",REAL_GOVERNMENT
2016-08-05,24.1,29.3,28.89,29.26,"IMD gridded (rainfall 0.25 deg, Tmax 1 deg)",REAL_GOVERNMENT
2016-08-06,43.08,28.41,62.26,28.4,"IMD gridded (rainfall 0.25 deg, Tmax 1 deg)",REAL_GOVERNMENT
2016-08-07,28.56,26.59,19.73,26.76,"IMD gridded (rainfall 0.25 deg, Tmax 1 deg)",REAL_GOVERNMENT
2016-08-08,4.63,28.55,3.85,28.91,"IMD gridded (rainfall 0.25 deg, Tmax 1 deg)",REAL_GOVERNMENT
2016-08-09,2.34,29.25,3.19,29.58,"IMD gridded (rainfall 0.25 deg, Tmax 1 deg)",REAL_GOVERNMENT
2016-08-10,8.95,28.4,10.55,28.55,"IMD gridded (rainfall 0.25 deg, Tmax 1 deg)",REAL_GOVERNMENT
2016-08-11,2.09,29.37,0.0,29.56,"IMD gridded (rainfall 0.25 deg, Tmax 1 deg)",REAL_GOVERNMENT
2016-08-12,6.2,28.09,5.21,28.41,"IMD gridded (rainfall 0.25 deg, Tmax 1 deg)",REAL_GOVERNMENT
2016-08-13,2.05,27.84,2.01,28.0,"IMD gridded (rainfall 0.25 deg, Tmax 1 deg)",REAL_GOVERNMENT
2016-08-14,2.04,27.76,1.79,27.9,"IMD gridded (rainfall 0.25 deg, Tmax 1 deg)",REAL_GOVERNMENT
2016-08-15,1.54,27.31,3.97,27.55,"IMD gridded (rainfall 0.25 deg, Tmax 1 deg)",REAL_GOVERNMENT
2016-08-16,3.71,27.97,1.34,28.12,"IMD gridded (rainfall 0.25 deg, Tmax 1 deg)",REAL_GOVERNMENT
2016-08-17,0.93,28.46,0.0,28.43,"IMD gridded (rainfall 0.25 deg, Tmax 1 deg)",REAL_GOVERNMENT
2016-08-18,1.3,28.42,0.28,28.68,"IMD gridded (rainfall 0.25 deg, Tmax 1 deg)",REAL_GOVERNMENT
2016-08-19,4.36,26.53,5.24,27.12,"IMD gridded (rainfall 0.25 deg, Tmax 1 deg)",REAL_GOVERNMENT
2016-08-20,0.59,26.94,0.2,27.45,"IMD gridded (rainfall 0.25 deg, Tmax 1 deg)",REAL_GOVERNMENT
2016-08-21,0.33,29.25,0.0,29.56,"IMD gridded (rainfall 0.25 deg, Tmax 1 deg)",REAL_GOVERNMENT
2016-08-22,0.09,28.67,0.0,29.37,"IMD gridded (rainfall 0.25 deg, Tmax 1 deg)",REAL_GOVERNMENT
2016-08-23,7.12,28.6,4.13,29.02,"IMD gridded (rainfall 0.25 deg, Tmax 1 deg)",REAL_GOVERNMENT
2016-08-24,5.74,30.99,15.13,31.34,"IMD gridded (rainfall 0.25 deg, Tmax 1 deg)",REAL_GOVERNMENT
2016-08-25,4.4,31.62,0.0,31.83,"IMD gridded (rainfall 0.25 deg, Tmax 1 deg)",REAL_GOVERNMENT
2016-08-26,15.16,31.08,15.27,31.38,"IMD gridded (rainfall 0.25 deg, Tmax 1 deg)",REAL_GOVERNMENT
2016-08-27,17.62,30.65,10.26,30.88,"IMD gridded (rainfall 0.25 deg, Tmax 1 deg)",REAL_GOVERNMENT
2016-08-28,1.8,32.17,1.56,32.28,"IMD gridded (rainfall 0.25 deg, Tmax 1 deg)",REAL_GOVERNMENT
2016-08-29,1.89,32.6,0.0,32.45,"IMD gridded (rainfall 0.25 deg, Tmax 1 deg)",REAL_GOVERNMENT
2016-08-30,3.97,31.88,0.0,31.81,"IMD gridded (rainfall 0.25 deg, Tmax 1 deg)",REAL_GOVERNMENT
2016-08-31,29.79,30.51,48.94,30.24,"IMD gridded (rainfall 0.25 deg, Tmax 1 deg)",REAL_GOVERNMENT
2016-09-01,2.46,30.43,0.0,30.36,"IMD gridded (rainfall 0.25 deg, Tmax 1 deg)",REAL_GOVERNMENT
2016-09-02,3.7,30.76,1.04,30.74,"IMD gridded (rainfall 0.25 deg, Tmax 1 deg)",REAL_GOVERNMENT
2016-09-03,5.55,30.78,14.76,30.81,"IMD gridded (rainfall 0.25 deg, Tmax 1 deg)",REAL_GOVERNMENT
2016-09-04,6.85,30.42,10.68,30.53,"IMD gridded (rainfall 0.25 deg, Tmax 1 deg)",REAL_GOVERNMENT
2016-09-05,0.32,30.35,0.65,30.3,"IMD gridded (rainfall 0.25 deg, Tmax 1 deg)",REAL_GOVERNMENT
2016-09-06,1.3,30.31,10.88,30.21,"IMD gridded (rainfall 0.25 deg, Tmax 1 deg)",REAL_GOVERNMENT
2016-09-07,0.11,29.93,0.0,30.02,"IMD gridded (rainfall 0.25 deg, Tmax 1 deg)",REAL_GOVERNMENT
2016-09-08,0.15,31.12,0.26,31.3,"IMD gridded (rainfall 0.25 deg, Tmax 1 deg)",REAL_GOVERNMENT
2016-09-09,0.08,31.05,0.0,30.93,"IMD gridded (rainfall 0.25 deg, Tmax 1 deg)",REAL_GOVERNMENT
2016-09-10,0.78,31.1,0.0,31.05,"IMD gridded (rainfall 0.25 deg, Tmax 1 deg)",REAL_GOVERNMENT
2016-09-11,15.2,30.43,17.45,30.21,"IMD gridded (rainfall 0.25 deg, Tmax 1 deg)",REAL_GOVERNMENT
2016-09-12,17.82,30.55,14.98,30.07,"IMD gridded (rainfall 0.25 deg, Tmax 1 deg)",REAL_GOVERNMENT
2016-09-13,15.2,31.18,21.36,30.97,"IMD gridded (rainfall 0.25 deg, Tmax 1 deg)",REAL_GOVERNMENT
2016-09-14,9.56,30.9,15.31,30.62,"IMD gridded (rainfall 0.25 deg, Tmax 1 deg)",REAL_GOVERNMENT
2016-09-15,2.43,31.41,5.77,31.37,"IMD gridded (rainfall 0.25 deg, Tmax 1 deg)",REAL_GOVERNMENT
2016-09-16,0.34,32.03,0.0,31.89,"IMD gridded (rainfall 0.25 deg, Tmax 1 deg)",REAL_GOVERNMENT
2016-09-17,0.44,32.23,0.0,32.09,"IMD gridded (rainfall 0.25 deg, Tmax 1 deg)",REAL_GOVERNMENT
2016-09-18,0.95,31.97,0.0,31.85,"IMD gridded (rainfall 0.25 deg, Tmax 1 deg)",REAL_GOVERNMENT
2016-09-19,2.45,32.0,0.0,31.61,"IMD gridded (rainfall 0.25 deg, Tmax 1 deg)",REAL_GOVERNMENT
2016-09-20,6.9,31.09,5.97,30.74,"IMD gridded (rainfall 0.25 deg, Tmax 1 deg)",REAL_GOVERNMENT
2016-09-21,5.8,31.18,0.12,31.13,"IMD gridded (rainfall 0.25 deg, Tmax 1 deg)",REAL_GOVERNMENT
2016-09-22,4.27,31.73,10.84,31.68,"IMD gridded (rainfall 0.25 deg, Tmax 1 deg)",REAL_GOVERNMENT
2016-09-23,1.09,31.69,8.86,31.49,"IMD gridded (rainfall 0.25 deg, Tmax 1 deg)",REAL_GOVERNMENT
2016-09-24,1.27,30.13,3.44,29.84,"IMD gridded (rainfall 0.25 deg, Tmax 1 deg)",REAL_GOVERNMENT
2016-09-25,8.85,29.59,15.79,29.3,"IMD gridded (rainfall 0.25 deg, Tmax 1 deg)",REAL_GOVERNMENT
2016-09-26,27.37,30.3,25.42,29.97,"IMD gridded (rainfall 0.25 deg, Tmax 1 deg)",REAL_GOVERNMENT
2016-09-27,9.94,30.86,7.75,30.53,"IMD gridded (rainfall 0.25 deg, Tmax 1 deg)",REAL_GOVERNMENT
2016-09-28,4.72,30.68,6.96,30.84,"IMD gridded (rainfall 0.25 deg, Tmax 1 deg)",REAL_GOVERNMENT
2016-09-29,7.07,30.05,10.68,29.84,"IMD gridded (rainfall 0.25 deg, Tmax 1 deg)",REAL_GOVERNMENT
2016-09-30,12.4,29.55,9.54,29.1,"IMD gridded (rainfall 0.25 deg, Tmax 1 deg)",REAL_GOVERNMENT
2016-10-01,5.9,30.85,13.74,30.48,"IMD gridded (rainfall 0.25 deg, Tmax 1 deg)",REAL_GOVERNMENT
2016-10-02,0.12,31.23,0.0,30.81,"IMD gridded (rainfall 0.25 deg, Tmax 1 deg)",REAL_GOVERNMENT
2016-10-03,1.26,31.53,0.13,31.28,"IMD gridded (rainfall 0.25 deg, Tmax 1 deg)",REAL_GOVERNMENT
2016-10-04,0.0,32.12,0.0,31.88,"IMD gridded (rainfall 0.25 deg, Tmax 1 deg)",REAL_GOVERNMENT
2016-10-05,0.0,31.74,0.0,31.47,"IMD gridded (rainfall 0.25 deg, Tmax 1 deg)",REAL_GOVERNMENT
2016-10-06,1.05,31.18,0.39,30.96,"IMD gridded (rainfall 0.25 deg, Tmax 1 deg)",REAL_GOVERNMENT
2016-10-07,8.87,31.23,4.25,31.13,"IMD gridded (rainfall 0.25 deg, Tmax 1 deg)",REAL_GOVERNMENT
2016-10-08,5.92,30.19,5.26,29.91,"IMD gridded (rainfall 0.25 deg, Tmax 1 deg)",REAL_GOVERNMENT
2016-10-09,12.61,30.78,19.57,30.64,"IMD gridded (rainfall 0.25 deg, Tmax 1 deg)",REAL_GOVERNMENT
2016-10-10,2.99,31.86,1.81,31.68,"IMD gridded (rainfall 0.25 deg, Tmax 1 deg)",REAL_GOVERNMENT
2016-10-11,0.33,32.16,0.0,31.96,"IMD gridded (rainfall 0.25 deg, Tmax 1 deg)",REAL_GOVERNMENT
2016-10-12,0.04,32.12,0.0,31.93,"IMD gridded (rainfall 0.25 deg, Tmax 1 deg)",REAL_GOVERNMENT
2016-10-13,0.0,32.3,0.0,32.16,"IMD gridded (rainfall 0.25 deg, Tmax 1 deg)",REAL_GOVERNMENT
2016-10-14,0.0,32.21,0.0,32.13,"IMD gridded (rainfall 0.25 deg, Tmax 1 deg)",REAL_GOVERNMENT
2016-10-15,0.0,32.58,0.0,32.36,"IMD gridded (rainfall 0.25 deg, Tmax 1 deg)",REAL_GOVERNMENT
2016-10-16,0.0,32.35,0.0,32.29,"IMD gridded (rainfall 0.25 deg, Tmax 1 deg)",REAL_GOVERNMENT
2016-10-17,0.0,31.89,0.0,31.59,"IMD gridded (rainfall 0.25 deg, Tmax 1 deg)",REAL_GOVERNMENT
2016-10-18,0.0,32.1,0.0,31.94,"IMD gridded (rainfall 0.25 deg, Tmax 1 deg)",REAL_GOVERNMENT
2016-10-19,0.0,31.91,0.0,31.79,"IMD gridded (rainfall 0.25 deg, Tmax 1 deg)",REAL_GOVERNMENT
2016-10-20,0.0,32.27,0.0,32.1,"IMD gridded (rainfall 0.25 deg, Tmax 1 deg)",REAL_GOVERNMENT
2016-10-21,0.0,32.54,0.0,32.41,"IMD gridded (rainfall 0.25 deg, Tmax 1 deg)",REAL_GOVERNMENT
2016-10-22,0.0,32.49,0.0,32.22,"IMD gridded (rainfall 0.25 deg, Tmax 1 deg)",REAL_GOVERNMENT
2016-10-23,0.0,32.56,0.0,32.42,"IMD gridded (rainfall 0.25 deg, Tmax 1 deg)",REAL_GOVERNMENT
2016-10-24,0.0,32.04,0.0,31.74,"IMD gridded (rainfall 0.25 deg, Tmax 1 deg)",REAL_GOVERNMENT
2016-10-25,0.0,31.68,0.0,31.52,"IMD gridded (rainfall 0.25 deg, Tmax 1 deg)",REAL_GOVERNMENT
2016-10-26,0.0,31.94,0.0,31.86,"IMD gridded (rainfall 0.25 deg, Tmax 1 deg)",REAL_GOVERNMENT
2016-10-27,0.0,31.55,0.0,31.53,"IMD gridded (rainfall 0.25 deg, Tmax 1 deg)",REAL_GOVERNMENT
2016-10-28,0.0,31.27,0.0,31.18,"IMD gridded (rainfall 0.25 deg, Tmax 1 deg)",REAL_GOVERNMENT
2016-10-29,0.0,31.35,0.0,31.22,"IMD gridded (rainfall 0.25 deg, Tmax 1 deg)",REAL_GOVERNMENT
2016-10-30,0.0,30.7,0.0,30.64,"IMD gridded (rainfall 0.25 deg, Tmax 1 deg)",REAL_GOVERNMENT
2016-10-31,0.0,30.77,0.0,30.75,"IMD gridded (rainfall 0.25 deg, Tmax 1 deg)",REAL_GOVERNMENT
2016-11-01,0.0,30.28,0.0,30.34,"IMD gridded (rainfall 0.25 deg, Tmax 1 deg)",REAL_GOVERNMENT
2016-11-02,0.0,29.98,0.0,29.88,"IMD gridded (rainfall 0.25 deg, Tmax 1 deg)",REAL_GOVERNMENT
2016-11-03,0.0,29.96,0.0,29.84,"IMD gridded (rainfall 0.25 deg, Tmax 1 deg)",REAL_GOVERNMENT
2016-11-04,0.0,30.13,0.0,30.14,"IMD gridded (rainfall 0.25 deg, Tmax 1 deg)",REAL_GOVERNMENT
2016-11-05,0.0,29.99,0.0,29.99,"IMD gridded (rainfall 0.25 deg, Tmax 1 deg)",REAL_GOVERNMENT
2016-11-06,0.0,30.42,0.0,30.47,"IMD gridded (rainfall 0.25 deg, Tmax 1 deg)",REAL_GOVERNMENT
2016-11-07,0.0,30.6,0.0,30.54,"IMD gridded (rainfall 0.25 deg, Tmax 1 deg)",REAL_GOVERNMENT
2016-11-08,0.0,30.35,0.0,30.44,"IMD gridded (rainfall 0.25 deg, Tmax 1 deg)",REAL_GOVERNMENT
2016-11-09,0.0,29.74,0.0,29.66,"IMD gridded (rainfall 0.25 deg, Tmax 1 deg)",REAL_GOVERNMENT
2016-11-10,0.0,29.98,0.0,29.76,"IMD gridded (rainfall 0.25 deg, Tmax 1 deg)",REAL_GOVERNMENT
2016-11-11,0.0,29.72,0.0,29.54,"IMD gridded (rainfall 0.25 deg, Tmax 1 deg)",REAL_GOVERNMENT
2016-11-12,0.0,29.6,0.0,29.39,"IMD gridded (rainfall 0.25 deg, Tmax 1 deg)",REAL_GOVERNMENT
2016-11-13,0.0,29.1,0.0,28.92,"IMD gridded (rainfall 0.25 deg, Tmax 1 deg)",REAL_GOVERNMENT
2016-11-14,0.0,29.21,0.0,29.17,"IMD gridded (rainfall 0.25 deg, Tmax 1 deg)",REAL_GOVERNMENT
2016-11-15,0.0,29.37,0.0,29.34,"IMD gridded (rainfall 0.25 deg, Tmax 1 deg)",REAL_GOVERNMENT
2016-11-16,0.0,28.79,0.0,28.73,"IMD gridded (rainfall 0.25 deg, Tmax 1 deg)",REAL_GOVERNMENT
2016-11-17,0.0,28.35,0.0,28.37,"IMD gridded (rainfall 0.25 deg, Tmax 1 deg)",REAL_GOVERNMENT
2016-11-18,0.0,28.63,0.0,28.61,"IMD gridded (rainfall 0.25 deg, Tmax 1 deg)",REAL_GOVERNMENT
2016-11-19,0.0,29.71,0.0,29.69,"IMD gridded (rainfall 0.25 deg, Tmax 1 deg)",REAL_GOVERNMENT
2016-11-20,0.0,30.44,0.0,30.52,"IMD gridded (rainfall 0.25 deg, Tmax 1 deg)",REAL_GOVERNMENT
2016-11-21,0.0,30.32,0.0,30.29,"IMD gridded (rainfall 0.25 deg, Tmax 1 deg)",REAL_GOVERNMENT
2016-11-22,0.0,29.83,0.0,29.7,"IMD gridded (rainfall 0.25 deg, Tmax 1 deg)",REAL_GOVERNMENT
2016-11-23,0.0,30.12,0.0,30.11,"IMD gridded (rainfall 0.25 deg, Tmax 1 deg)",REAL_GOVERNMENT
2016-11-24,0.0,29.62,0.0,29.69,"IMD gridded (rainfall 0.25 deg, Tmax 1 deg)",REAL_GOVERNMENT
2016-11-25,0.0,29.41,0.0,29.47,"IMD gridded (rainfall 0.25 deg, Tmax 1 deg)",REAL_GOVERNMENT
2016-11-26,0.0,30.33,0.0,30.28,"IMD gridded (rainfall 0.25 deg, Tmax 1 deg)",REAL_GOVERNMENT
2016-11-27,0.0,30.21,0.0,30.36,"IMD gridded (rainfall 0.25 deg, Tmax 1 deg)",REAL_GOVERNMENT
2016-11-28,0.0,30.2,0.0,30.18,"IMD gridded (rainfall 0.25 deg, Tmax 1 deg)",REAL_GOVERNMENT
2016-11-29,0.0,30.82,0.0,30.86,"IMD gridded (rainfall 0.25 deg, Tmax 1 deg)",REAL_GOVERNMENT
2016-11-30,0.0,30.62,0.0,30.8,"IMD gridded (rainfall 0.25 deg, Tmax 1 deg)",REAL_GOVERNMENT
2016-12-01,0.0,29.21,0.0,29.17,"IMD gridded (rainfall 0.25 deg, Tmax 1 deg)",REAL_GOVERNMENT
2016-12-02,0.0,28.5,0.0,28.97,"IMD gridded (rainfall 0.25 deg, Tmax 1 deg)",REAL_GOVERNMENT
2016-12-03,0.0,28.16,0.0,28.6,"IMD gridded (rainfall 0.25 deg, Tmax 1 deg)",REAL_GOVERNMENT
2016-12-04,0.0,27.65,0.0,27.82,"IMD gridded (rainfall 0.25 deg, Tmax 1 deg)",REAL_GOVERNMENT
2016-12-05,0.0,27.28,0.0,27.53,"IMD gridded (rainfall 0.25 deg, Tmax 1 deg)",REAL_GOVERNMENT
2016-12-06,0.0,27.36,0.0,27.54,"IMD gridded (rainfall 0.25 deg, Tmax 1 deg)",REAL_GOVERNMENT
2016-12-07,0.0,26.94,0.0,27.38,"IMD gridded (rainfall 0.25 deg, Tmax 1 deg)",REAL_GOVERNMENT
2016-12-08,0.0,26.06,0.0,26.52,"IMD gridded (rainfall 0.25 deg, Tmax 1 deg)",REAL_GOVERNMENT
2016-12-09,0.0,25.92,0.0,26.13,"IMD gridded (rainfall 0.25 deg, Tmax 1 deg)",REAL_GOVERNMENT
2016-12-10,0.0,27.23,0.0,27.4,"IMD gridded (rainfall 0.25 deg, Tmax 1 deg)",REAL_GOVERNMENT
2016-12-11,0.0,29.21,0.0,29.53,"IMD gridded (rainfall 0.25 deg, Tmax 1 deg)",REAL_GOVERNMENT
2016-12-12,0.0,29.77,0.0,30.03,"IMD gridded (rainfall 0.25 deg, Tmax 1 deg)",REAL_GOVERNMENT
2016-12-13,0.0,29.04,0.0,29.39,"IMD gridded (rainfall 0.25 deg, Tmax 1 deg)",REAL_GOVERNMENT
2016-12-14,0.0,28.18,0.0,28.38,"IMD gridded (rainfall 0.25 deg, Tmax 1 deg)",REAL_GOVERNMENT
2016-12-15,0.0,28.31,0.0,28.63,"IMD gridded (rainfall 0.25 deg, Tmax 1 deg)",REAL_GOVERNMENT
2016-12-16,0.0,27.28,0.0,27.53,"IMD gridded (rainfall 0.25 deg, Tmax 1 deg)",REAL_GOVERNMENT
2016-12-17,0.0,26.25,0.0,26.52,"IMD gridded (rainfall 0.25 deg, Tmax 1 deg)",REAL_GOVERNMENT
2016-12-18,0.0,25.79,0.0,26.1,"IMD gridded (rainfall 0.25 deg, Tmax 1 deg)",REAL_GOVERNMENT
2016-12-19,0.0,25.77,0.0,25.92,"IMD gridded (rainfall 0.25 deg, Tmax 1 deg)",REAL_GOVERNMENT
2016-12-20,0.0,26.84,0.0,27.17,"IMD gridded (rainfall 0.25 deg, Tmax 1 deg)",REAL_GOVERNMENT
2016-12-21,0.0,28.56,0.0,28.93,"IMD gridded (rainfall 0.25 deg, Tmax 1 deg)",REAL_GOVERNMENT
2016-12-22,0.0,27.54,0.0,27.87,"IMD gridded (rainfall 0.25 deg, Tmax 1 deg)",REAL_GOVERNMENT
2016-12-23,0.0,27.65,0.0,27.95,"IMD gridded (rainfall 0.25 deg, Tmax 1 deg)",REAL_GOVERNMENT
2016-12-24,0.0,29.07,0.0,29.46,"IMD gridded (rainfall 0.25 deg, Tmax 1 deg)",REAL_GOVERNMENT
2016-12-25,0.0,29.09,0.0,29.34,"IMD gridded (rainfall 0.25 deg, Tmax 1 deg)",REAL_GOVERNMENT
2016-12-26,0.0,25.51,0.0,26.0,"IMD gridded (rainfall 0.25 deg, Tmax 1 deg)",REAL_GOVERNMENT
2016-12-27,0.0,26.01,0.0,26.41,"IMD gridded (rainfall 0.25 deg, Tmax 1 deg)",REAL_GOVERNMENT
2016-12-28,0.0,27.45,0.0,27.71,"IMD gridded (rainfall 0.25 deg, Tmax 1 deg)",REAL_GOVERNMENT
2016-12-29,0.0,28.61,0.0,29.0,"IMD gridded (rainfall 0.25 deg, Tmax 1 deg)",REAL_GOVERNMENT
2016-12-30,0.0,29.07,0.0,29.67,"IMD gridded (rainfall 0.25 deg, Tmax 1 deg)",REAL_GOVERNMENT
2016-12-31,0.0,29.18,0.0,29.78,"IMD gridded (rainfall 0.25 deg, Tmax 1 deg)",REAL_GOVERNMENT
2017-01-01,0.0,28.93,0.0,29.61,"IMD gridded (rainfall 0.25 deg, Tmax 1 deg)",REAL_GOVERNMENT
2017-01-02,0.0,26.24,0.0,27.32,"IMD gridded (rainfall 0.25 deg, Tmax 1 deg)",REAL_GOVERNMENT
2017-01-03,0.0,23.92,0.0,24.66,"IMD gridded (rainfall 0.25 deg, Tmax 1 deg)",REAL_GOVERNMENT
2017-01-04,0.0,26.34,0.0,26.73,"IMD gridded (rainfall 0.25 deg, Tmax 1 deg)",REAL_GOVERNMENT
2017-01-05,0.0,27.43,0.0,27.76,"IMD gridded (rainfall 0.25 deg, Tmax 1 deg)",REAL_GOVERNMENT
2017-01-06,0.0,28.53,0.0,28.78,"IMD gridded (rainfall 0.25 deg, Tmax 1 deg)",REAL_GOVERNMENT
2017-01-07,0.0,27.31,0.0,27.6,"IMD gridded (rainfall 0.25 deg, Tmax 1 deg)",REAL_GOVERNMENT
2017-01-08,0.0,27.11,0.0,27.58,"IMD gridded (rainfall 0.25 deg, Tmax 1 deg)",REAL_GOVERNMENT
2017-01-09,0.0,25.48,0.0,26.03,"IMD gridded (rainfall 0.25 deg, Tmax 1 deg)",REAL_GOVERNMENT
2017-01-10,4.0,23.33,3.17,23.96,"IMD gridded (rainfall 0.25 deg, Tmax 1 deg)",REAL_GOVERNMENT
2017-01-11,0.01,22.61,0.0,23.26,"IMD gridded (rainfall 0.25 deg, Tmax 1 deg)",REAL_GOVERNMENT
2017-01-12,0.0,21.97,0.0,22.59,"IMD gridded (rainfall 0.25 deg, Tmax 1 deg)",REAL_GOVERNMENT
2017-01-13,0.0,22.6,0.0,23.33,"IMD gridded (rainfall 0.25 deg, Tmax 1 deg)",REAL_GOVERNMENT
2017-01-14,0.0,23.97,0.0,24.54,"IMD gridded (rainfall 0.25 deg, Tmax 1 deg)",REAL_GOVERNMENT
2017-01-15,0.0,26.1,0.0,26.72,"IMD gridded (rainfall 0.25 deg, Tmax 1 deg)",REAL_GOVERNMENT
2017-01-16,0.0,28.26,0.0,28.47,"IMD gridded (rainfall 0.25 deg, Tmax 1 deg)",REAL_GOVERNMENT
2017-01-17,0.0,28.01,0.0,28.61,"IMD gridded (rainfall 0.25 deg, Tmax 1 deg)",REAL_GOVERNMENT
2017-01-18,0.0,27.49,0.0,28.47,"IMD gridded (rainfall 0.25 deg, Tmax 1 deg)",REAL_GOVERNMENT
2017-01-19,0.0,26.85,0.0,27.82,"IMD gridded (rainfall 0.25 deg, Tmax 1 deg)",REAL_GOVERNMENT
2017-01-20,0.0,26.77,0.0,27.32,"IMD gridded (rainfall 0.25 deg, Tmax 1 deg)",REAL_GOVERNMENT
2017-01-21,0.0,28.67,0.0,29.2,"IMD gridded (rainfall 0.25 deg, Tmax 1 deg)",REAL_GOVERNMENT
2017-01-22,0.0,29.16,0.0,29.62,"IMD gridded (rainfall 0.25 deg, Tmax 1 deg)",REAL_GOVERNMENT
2017-01-23,0.0,29.4,0.0,29.82,"IMD gridded (rainfall 0.25 deg, Tmax 1 deg)",REAL_GOVERNMENT
2017-01-24,0.0,30.01,0.0,30.28,"IMD gridded (rainfall 0.25 deg, Tmax 1 deg)",REAL_GOVERNMENT
2017-01-25,0.0,29.66,0.0,29.87,"IMD gridded (rainfall 0.25 deg, Tmax 1 deg)",REAL_GOVERNMENT
2017-01-26,0.0,28.86,0.0,29.05,"IMD gridded (rainfall 0.25 deg, Tmax 1 deg)",REAL_GOVERNMENT
2017-01-27,0.0,27.01,0.0,27.81,"IMD gridded (rainfall 0.25 deg, Tmax 1 deg)",REAL_GOVERNMENT
2017-01-28,0.0,25.81,0.0,26.13,"IMD gridded (rainfall 0.25 deg, Tmax 1 deg)",REAL_GOVERNMENT
2017-01-29,0.0,27.63,0.0,28.04,"IMD gridded (rainfall 0.25 deg, Tmax 1 deg)",REAL_GOVERNMENT
2017-01-30,0.0,29.43,0.0,29.85,"IMD gridded (rainfall 0.25 deg, Tmax 1 deg)",REAL_GOVERNMENT
2017-01-31,0.0,30.39,0.0,30.85,"IMD gridded (rainfall 0.25 deg, Tmax 1 deg)",REAL_GOVERNMENT
2017-02-01,0.0,29.76,0.0,30.29,"IMD gridded (rainfall 0.25 deg, Tmax 1 deg)",REAL_GOVERNMENT
2017-02-02,0.0,30.14,0.0,30.61,"IMD gridded (rainfall 0.25 deg, Tmax 1 deg)",REAL_GOVERNMENT
2017-02-03,0.0,30.32,0.0,30.67,"IMD gridded (rainfall 0.25 deg, Tmax 1 deg)",REAL_GOVERNMENT
2017-02-04,0.0,31.36,0.0,32.0,"IMD gridded (rainfall 0.25 deg, Tmax 1 deg)",REAL_GOVERNMENT
2017-02-05,0.0,32.06,0.0,32.41,"IMD gridded (rainfall 0.25 deg, Tmax 1 deg)",REAL_GOVERNMENT
2017-02-06,0.0,29.63,0.0,30.16,"IMD gridded (rainfall 0.25 deg, Tmax 1 deg)",REAL_GOVERNMENT
2017-02-07,0.0,28.83,0.0,29.42,"IMD gridded (rainfall 0.25 deg, Tmax 1 deg)",REAL_GOVERNMENT
2017-02-08,0.0,31.33,0.0,31.74,"IMD gridded (rainfall 0.25 deg, Tmax 1 deg)",REAL_GOVERNMENT
2017-02-09,0.0,31.39,0.0,32.11,"IMD gridded (rainfall 0.25 deg, Tmax 1 deg)",REAL_GOVERNMENT
2017-02-10,0.0,27.9,0.0,28.35,"IMD gridded (rainfall 0.25 deg, Tmax 1 deg)",REAL_GOVERNMENT
2017-02-11,0.0,26.88,0.0,27.69,"IMD gridded (rainfall 0.25 deg, Tmax 1 deg)",REAL_GOVERNMENT
2017-02-12,3.36,27.41,0.0,27.66,"IMD gridded (rainfall 0.25 deg, Tmax 1 deg)",REAL_GOVERNMENT
2017-02-13,0.0,29.39,0.0,29.8,"IMD gridded (rainfall 0.25 deg, Tmax 1 deg)",REAL_GOVERNMENT
2017-02-14,0.0,29.88,0.0,30.19,"IMD gridded (rainfall 0.25 deg, Tmax 1 deg)",REAL_GOVERNMENT
2017-02-15,0.0,30.12,0.0,30.46,"IMD gridded (rainfall 0.25 deg, Tmax 1 deg)",REAL_GOVERNMENT
2017-02-16,0.0,30.71,0.0,31.05,"IMD gridded (rainfall 0.25 deg, Tmax 1 deg)",REAL_GOVERNMENT
2017-02-17,0.0,32.31,0.0,32.71,"IMD gridded (rainfall 0.25 deg, Tmax 1 deg)",REAL_GOVERNMENT
2017-02-18,0.0,32.72,0.0,33.12,"IMD gridded (rainfall 0.25 deg, Tmax 1 deg)",REAL_GOVERNMENT
2017-02-19,0.0,33.12,0.0,33.45,"IMD gridded (rainfall 0.25 deg, Tmax 1 deg)",REAL_GOVERNMENT
2017-02-20,0.0,34.58,0.0,34.83,"IMD gridded (rainfall 0.25 deg, Tmax 1 deg)",REAL_GOVERNMENT
2017-02-21,0.0,33.8,0.0,34.26,"IMD gridded (rainfall 0.25 deg, Tmax 1 deg)",REAL_GOVERNMENT
2017-02-22,0.0,32.85,0.0,33.27,"IMD gridded (rainfall 0.25 deg, Tmax 1 deg)",REAL_GOVERNMENT
2017-02-23,0.0,32.11,0.0,32.54,"IMD gridded (rainfall 0.25 deg, Tmax 1 deg)",REAL_GOVERNMENT
2017-02-24,0.0,30.46,0.0,30.89,"IMD gridded (rainfall 0.25 deg, Tmax 1 deg)",REAL_GOVERNMENT
2017-02-25,0.0,30.89,0.0,31.18,"IMD gridded (rainfall 0.25 deg, Tmax 1 deg)",REAL_GOVERNMENT
2017-02-26,0.0,33.17,0.0,33.75,"IMD gridded (rainfall 0.25 deg, Tmax 1 deg)",REAL_GOVERNMENT
2017-02-27,0.0,33.4,0.0,33.77,"IMD gridded (rainfall 0.25 deg, Tmax 1 deg)",REAL_GOVERNMENT
2017-02-28,0.0,34.0,0.0,34.15,"IMD gridded (rainfall 0.25 deg, Tmax 1 deg)",REAL_GOVERNMENT
2017-03-01,0.0,35.8,0.0,35.99,"IMD gridded (rainfall 0.25 deg, Tmax 1 deg)",REAL_GOVERNMENT
2017-03-02,0.0,35.23,0.0,35.51,"IMD gridded (rainfall 0.25 deg, Tmax 1 deg)",REAL_GOVERNMENT
2017-03-03,0.0,34.03,0.0,34.49,"IMD gridded (rainfall 0.25 deg, Tmax 1 deg)",REAL_GOVERNMENT
2017-03-04,0.0,33.48,0.0,34.11,"IMD gridded (rainfall 0.25 deg, Tmax 1 deg)",REAL_GOVERNMENT
2017-03-05,0.0,31.95,0.0,32.29,"IMD gridded (rainfall 0.25 deg, Tmax 1 deg)",REAL_GOVERNMENT
2017-03-06,0.0,31.32,0.0,31.71,"IMD gridded (rainfall 0.25 deg, Tmax 1 deg)",REAL_GOVERNMENT
2017-03-07,0.0,32.41,0.0,32.6,"IMD gridded (rainfall 0.25 deg, Tmax 1 deg)",REAL_GOVERNMENT
2017-03-08,4.79,32.66,15.34,32.72,"IMD gridded (rainfall 0.25 deg, Tmax 1 deg)",REAL_GOVERNMENT
2017-03-09,0.04,33.38,0.0,33.61,"IMD gridded (rainfall 0.25 deg, Tmax 1 deg)",REAL_GOVERNMENT
2017-03-10,0.0,31.67,0.0,32.54,"IMD gridded (rainfall 0.25 deg, Tmax 1 deg)",REAL_GOVERNMENT
2017-03-11,0.0,30.2,0.0,30.53,"IMD gridded (rainfall 0.25 deg, Tmax 1 deg)",REAL_GOVERNMENT
2017-03-12,0.0,29.33,0.0,29.87,"IMD gridded (rainfall 0.25 deg, Tmax 1 deg)",REAL_GOVERNMENT
2017-03-13,0.0,30.18,0.0,30.48,"IMD gridded (rainfall 0.25 deg, Tmax 1 deg)",REAL_GOVERNMENT
2017-03-14,0.0,31.66,0.0,32.24,"IMD gridded (rainfall 0.25 deg, Tmax 1 deg)",REAL_GOVERNMENT
2017-03-15,0.0,32.46,0.0,32.77,"IMD gridded (rainfall 0.25 deg, Tmax 1 deg)",REAL_GOVERNMENT
2017-03-16,0.0,33.75,0.0,33.93,"IMD gridded (rainfall 0.25 deg, Tmax 1 deg)",REAL_GOVERNMENT
2017-03-17,0.02,34.24,0.0,34.53,"IMD gridded (rainfall 0.25 deg, Tmax 1 deg)",REAL_GOVERNMENT
2017-03-18,0.0,34.26,0.0,34.55,"IMD gridded (rainfall 0.25 deg, Tmax 1 deg)",REAL_GOVERNMENT
2017-03-19,0.0,33.31,0.0,33.63,"IMD gridded (rainfall 0.25 deg, Tmax 1 deg)",REAL_GOVERNMENT
2017-03-20,0.0,32.84,0.0,32.98,"IMD gridded (rainfall 0.25 deg, Tmax 1 deg)",REAL_GOVERNMENT
2017-03-21,0.0,34.96,0.0,35.21,"IMD gridded (rainfall 0.25 deg, Tmax 1 deg)",REAL_GOVERNMENT
2017-03-22,0.0,36.9,0.0,37.08,"IMD gridded (rainfall 0.25 deg, Tmax 1 deg)",REAL_GOVERNMENT
2017-03-23,0.0,38.51,0.0,38.56,"IMD gridded (rainfall 0.25 deg, Tmax 1 deg)",REAL_GOVERNMENT
2017-03-24,0.0,39.32,0.0,39.47,"IMD gridded (rainfall 0.25 deg, Tmax 1 deg)",REAL_GOVERNMENT
2017-03-25,0.0,39.03,0.0,39.35,"IMD gridded (rainfall 0.25 deg, Tmax 1 deg)",REAL_GOVERNMENT
2017-03-26,0.0,39.23,0.0,39.46,"IMD gridded (rainfall 0.25 deg, Tmax 1 deg)",REAL_GOVERNMENT
2017-03-27,0.0,39.5,0.0,39.78,"IMD gridded (rainfall 0.25 deg, Tmax 1 deg)",REAL_GOVERNMENT
2017-03-28,0.0,41.1,0.0,41.46,"IMD gridded (rainfall 0.25 deg, Tmax 1 deg)",REAL_GOVERNMENT
2017-03-29,0.0,41.13,0.0,41.31,"IMD gridded (rainfall 0.25 deg, Tmax 1 deg)",REAL_GOVERNMENT
2017-03-30,0.0,41.27,0.0,41.44,"IMD gridded (rainfall 0.25 deg, Tmax 1 deg)",REAL_GOVERNMENT
2017-03-31,0.0,41.45,0.0,41.63,"IMD gridded (rainfall 0.25 deg, Tmax 1 deg)",REAL_GOVERNMENT
2017-04-01,0.0,40.88,0.0,41.05,"IMD gridded (rainfall 0.25 deg, Tmax 1 deg)",REAL_GOVERNMENT
2017-04-02,0.0,40.49,0.0,40.63,"IMD gridded (rainfall 0.25 deg, Tmax 1 deg)",REAL_GOVERNMENT
2017-04-03,0.0,40.58,0.0,40.57,"IMD gridded (rainfall 0.25 deg, Tmax 1 deg)",REAL_GOVERNMENT
2017-04-04,0.0,40.64,0.0,40.61,"IMD gridded (rainfall 0.25 deg, Tmax 1 deg)",REAL_GOVERNMENT
2017-04-05,0.0,40.34,0.0,40.44,"IMD gridded (rainfall 0.25 deg, Tmax 1 deg)",REAL_GOVERNMENT
2017-04-06,0.0,40.68,0.0,40.88,"IMD gridded (rainfall 0.25 deg, Tmax 1 deg)",REAL_GOVERNMENT
2017-04-07,0.0,39.79,0.0,40.01,"IMD gridded (rainfall 0.25 deg, Tmax 1 deg)",REAL_GOVERNMENT
2017-04-08,0.0,39.1,0.0,39.12,"IMD gridded (rainfall 0.25 deg, Tmax 1 deg)",REAL_GOVERNMENT
2017-04-09,0.0,38.73,0.0,39.07,"IMD gridded (rainfall 0.25 deg, Tmax 1 deg)",REAL_GOVERNMENT
2017-04-10,0.0,37.32,0.0,37.63,"IMD gridded (rainfall 0.25 deg, Tmax 1 deg)",REAL_GOVERNMENT
2017-04-11,0.0,38.91,0.0,39.09,"IMD gridded (rainfall 0.25 deg, Tmax 1 deg)",REAL_GOVERNMENT
2017-04-12,0.0,40.24,0.0,40.26,"IMD gridded (rainfall 0.25 deg, Tmax 1 deg)",REAL_GOVERNMENT
2017-04-13,0.0,41.29,0.0,41.38,"IMD gridded (rainfall 0.25 deg, Tmax 1 deg)",REAL_GOVERNMENT
2017-04-14,0.0,41.92,0.0,41.99,"IMD gridded (rainfall 0.25 deg, Tmax 1 deg)",REAL_GOVERNMENT
2017-04-15,0.0,42.66,0.0,42.73,"IMD gridded (rainfall 0.25 deg, Tmax 1 deg)",REAL_GOVERNMENT
2017-04-16,0.0,42.43,0.0,42.57,"IMD gridded (rainfall 0.25 deg, Tmax 1 deg)",REAL_GOVERNMENT
2017-04-17,0.0,42.23,0.0,42.3,"IMD gridded (rainfall 0.25 deg, Tmax 1 deg)",REAL_GOVERNMENT
2017-04-18,0.0,42.8,0.0,42.9,"IMD gridded (rainfall 0.25 deg, Tmax 1 deg)",REAL_GOVERNMENT
2017-04-19,0.0,42.56,0.0,42.66,"IMD gridded (rainfall 0.25 deg, Tmax 1 deg)",REAL_GOVERNMENT
2017-04-20,0.0,41.76,0.0,41.86,"IMD gridded (rainfall 0.25 deg, Tmax 1 deg)",REAL_GOVERNMENT
2017-04-21,0.0,42.3,0.0,42.39,"IMD gridded (rainfall 0.25 deg, Tmax 1 deg)",REAL_GOVERNMENT
2017-04-22,0.0,41.25,0.0,41.25,"IMD gridded (rainfall 0.25 deg, Tmax 1 deg)",REAL_GOVERNMENT
2017-04-23,0.0,40.04,0.0,39.94,"IMD gridded (rainfall 0.25 deg, Tmax 1 deg)",REAL_GOVERNMENT
2017-04-24,0.0,39.47,0.0,39.27,"IMD gridded (rainfall 0.25 deg, Tmax 1 deg)",REAL_GOVERNMENT
2017-04-25,0.0,39.18,0.0,39.17,"IMD gridded (rainfall 0.25 deg, Tmax 1 deg)",REAL_GOVERNMENT
2017-04-26,0.0,39.53,0.0,39.68,"IMD gridded (rainfall 0.25 deg, Tmax 1 deg)",REAL_GOVERNMENT
2017-04-27,0.0,40.22,0.0,40.35,"IMD gridded (rainfall 0.25 deg, Tmax 1 deg)",REAL_GOVERNMENT
2017-04-28,0.0,41.08,0.0,41.08,"IMD gridded (rainfall 0.25 deg, Tmax 1 deg)",REAL_GOVERNMENT
2017-04-29,0.0,40.87,0.0,40.81,"IMD gridded (rainfall 0.25 deg, Tmax 1 deg)",REAL_GOVERNMENT
2017-04-30,0.0,40.06,0.0,40.07,"IMD gridded (rainfall 0.25 deg, Tmax 1 deg)",REAL_GOVERNMENT
2017-05-01,0.0,39.78,0.0,39.93,"IMD gridded (rainfall 0.25 deg, Tmax 1 deg)",REAL_GOVERNMENT
2017-05-02,0.0,40.22,0.0,40.24,"IMD gridded (rainfall 0.25 deg, Tmax 1 deg)",REAL_GOVERNMENT
2017-05-03,0.0,41.19,0.0,41.13,"IMD gridded (rainfall 0.25 deg, Tmax 1 deg)",REAL_GOVERNMENT
2017-05-04,0.71,41.63,0.0,41.78,"IMD gridded (rainfall 0.25 deg, Tmax 1 deg)",REAL_GOVERNMENT
2017-05-05,0.06,42.22,0.0,42.3,"IMD gridded (rainfall 0.25 deg, Tmax 1 deg)",REAL_GOVERNMENT
2017-05-06,0.0,42.62,0.0,42.7,"IMD gridded (rainfall 0.25 deg, Tmax 1 deg)",REAL_GOVERNMENT
2017-05-07,0.45,42.43,0.0,42.43,"IMD gridded (rainfall 0.25 deg, Tmax 1 deg)",REAL_GOVERNMENT
2017-05-08,0.18,42.58,0.0,42.48,"IMD gridded (rainfall 0.25 deg, Tmax 1 deg)",REAL_GOVERNMENT
2017-05-09,0.0,41.79,0.0,41.96,"IMD gridded (rainfall 0.25 deg, Tmax 1 deg)",REAL_GOVERNMENT
2017-05-10,0.16,40.8,0.0,40.81,"IMD gridded (rainfall 0.25 deg, Tmax 1 deg)",REAL_GOVERNMENT
2017-05-11,0.0,41.52,0.0,41.47,"IMD gridded (rainfall 0.25 deg, Tmax 1 deg)",REAL_GOVERNMENT
2017-05-12,0.36,42.13,0.0,41.92,"IMD gridded (rainfall 0.25 deg, Tmax 1 deg)",REAL_GOVERNMENT
2017-05-13,0.0,43.14,0.0,43.08,"IMD gridded (rainfall 0.25 deg, Tmax 1 deg)",REAL_GOVERNMENT
2017-05-14,0.01,43.47,0.0,43.31,"IMD gridded (rainfall 0.25 deg, Tmax 1 deg)",REAL_GOVERNMENT
2017-05-15,0.02,43.43,0.0,43.38,"IMD gridded (rainfall 0.25 deg, Tmax 1 deg)",REAL_GOVERNMENT
2017-05-16,0.0,42.71,0.0,42.92,"IMD gridded (rainfall 0.25 deg, Tmax 1 deg)",REAL_GOVERNMENT
2017-05-17,0.0,41.99,0.0,42.01,"IMD gridded (rainfall 0.25 deg, Tmax 1 deg)",REAL_GOVERNMENT
2017-05-18,0.0,42.12,0.0,42.17,"IMD gridded (rainfall 0.25 deg, Tmax 1 deg)",REAL_GOVERNMENT
2017-05-19,0.0,42.62,0.0,42.56,"IMD gridded (rainfall 0.25 deg, Tmax 1 deg)",REAL_GOVERNMENT
2017-05-20,0.0,42.72,0.0,42.79,"IMD gridded (rainfall 0.25 deg, Tmax 1 deg)",REAL_GOVERNMENT
2017-05-21,0.0,42.78,0.0,42.98,"IMD gridded (rainfall 0.25 deg, Tmax 1 deg)",REAL_GOVERNMENT
2017-05-22,0.0,42.26,0.0,42.53,"IMD gridded (rainfall 0.25 deg, Tmax 1 deg)",REAL_GOVERNMENT
2017-05-23,0.0,41.79,0.0,41.89,"IMD gridded (rainfall 0.25 deg, Tmax 1 deg)",REAL_GOVERNMENT
2017-05-24,0.0,43.09,0.0,43.35,"IMD gridded (rainfall 0.25 deg, Tmax 1 deg)",REAL_GOVERNMENT
2017-05-25,0.0,43.53,0.0,43.63,"IMD gridded (rainfall 0.25 deg, Tmax 1 deg)",REAL_GOVERNMENT
2017-05-26,0.0,43.71,0.0,43.82,"IMD gridded (rainfall 0.25 deg, Tmax 1 deg)",REAL_GOVERNMENT
2017-05-27,0.0,43.42,0.0,43.66,"IMD gridded (rainfall 0.25 deg, Tmax 1 deg)",REAL_GOVERNMENT
2017-05-28,2.97,41.25,5.82,41.31,"IMD gridded (rainfall 0.25 deg, Tmax 1 deg)",REAL_GOVERNMENT
2017-05-29,3.92,38.24,0.91,38.18,"IMD gridded (rainfall 0.25 deg, Tmax 1 deg)",REAL_GOVERNMENT
2017-05-30,2.68,38.14,0.0,38.14,"IMD gridded (rainfall 0.25 deg, Tmax 1 deg)",REAL_GOVERNMENT
2017-05-31,2.73,40.51,1.04,40.51,"IMD gridded (rainfall 0.25 deg, Tmax 1 deg)",REAL_GOVERNMENT
2017-06-01,0.0,38.8,0.0,38.75,"IMD gridded (rainfall 0.25 deg, Tmax 1 deg)",REAL_GOVERNMENT
2017-06-02,2.39,40.32,0.0,40.06,"IMD gridded (rainfall 0.25 deg, Tmax 1 deg)",REAL_GOVERNMENT
2017-06-03,0.05,42.26,0.0,41.88,"IMD gridded (rainfall 0.25 deg, Tmax 1 deg)",REAL_GOVERNMENT
2017-06-04,0.0,41.52,0.0,41.24,"IMD gridded (rainfall 0.25 deg, Tmax 1 deg)",REAL_GOVERNMENT
2017-06-05,0.28,40.36,0.0,39.84,"IMD gridded (rainfall 0.25 deg, Tmax 1 deg)",REAL_GOVERNMENT
2017-06-06,3.22,37.24,0.0,37.09,"IMD gridded (rainfall 0.25 deg, Tmax 1 deg)",REAL_GOVERNMENT
2017-06-07,1.17,34.47,0.0,34.18,"IMD gridded (rainfall 0.25 deg, Tmax 1 deg)",REAL_GOVERNMENT
2017-06-08,0.02,36.71,0.0,36.64,"IMD gridded (rainfall 0.25 deg, Tmax 1 deg)",REAL_GOVERNMENT
2017-06-09,0.32,36.76,0.0,36.99,"IMD gridded (rainfall 0.25 deg, Tmax 1 deg)",REAL_GOVERNMENT
2017-06-10,2.14,37.2,0.65,37.07,"IMD gridded (rainfall 0.25 deg, Tmax 1 deg)",REAL_GOVERNMENT
2017-06-11,7.18,33.82,10.73,33.55,"IMD gridded (rainfall 0.25 deg, Tmax 1 deg)",REAL_GOVERNMENT
2017-06-12,2.04,35.24,1.56,34.44,"IMD gridded (rainfall 0.25 deg, Tmax 1 deg)",REAL_GOVERNMENT
2017-06-13,0.33,37.42,0.0,36.75,"IMD gridded (rainfall 0.25 deg, Tmax 1 deg)",REAL_GOVERNMENT
2017-06-14,7.61,37.88,0.77,37.42,"IMD gridded (rainfall 0.25 deg, Tmax 1 deg)",REAL_GOVERNMENT
2017-06-15,0.61,38.87,0.0,38.69,"IMD gridded (rainfall 0.25 deg, Tmax 1 deg)",REAL_GOVERNMENT
2017-06-16,1.5,36.36,0.0,35.72,"IMD gridded (rainfall 0.25 deg, Tmax 1 deg)",REAL_GOVERNMENT
2017-06-17,0.86,37.57,0.0,37.32,"IMD gridded (rainfall 0.25 deg, Tmax 1 deg)",REAL_GOVERNMENT
2017-06-18,0.2,38.05,0.0,37.77,"IMD gridded (rainfall 0.25 deg, Tmax 1 deg)",REAL_GOVERNMENT
2017-06-19,0.01,37.77,0.0,37.54,"IMD gridded (rainfall 0.25 deg, Tmax 1 deg)",REAL_GOVERNMENT
2017-06-20,1.25,36.79,0.0,36.62,"IMD gridded (rainfall 0.25 deg, Tmax 1 deg)",REAL_GOVERNMENT
2017-06-21,2.18,36.72,0.26,36.48,"IMD gridded (rainfall 0.25 deg, Tmax 1 deg)",REAL_GOVERNMENT
2017-06-22,3.67,35.18,12.74,35.2,"IMD gridded (rainfall 0.25 deg, Tmax 1 deg)",REAL_GOVERNMENT
2017-06-23,5.48,34.96,9.14,34.66,"IMD gridded (rainfall 0.25 deg, Tmax 1 deg)",REAL_GOVERNMENT
2017-06-24,1.21,35.49,0.0,35.42,"IMD gridded (rainfall 0.25 deg, Tmax 1 deg)",REAL_GOVERNMENT
2017-06-25,9.1,33.69,5.65,33.33,"IMD gridded (rainfall 0.25 deg, Tmax 1 deg)",REAL_GOVERNMENT
2017-06-26,14.31,32.7,6.66,32.04,"IMD gridded (rainfall 0.25 deg, Tmax 1 deg)",REAL_GOVERNMENT
2017-06-27,9.45,31.31,8.68,30.94,"IMD gridded (rainfall 0.25 deg, Tmax 1 deg)",REAL_GOVERNMENT
2017-06-28,25.85,30.2,7.51,29.64,"IMD gridded (rainfall 0.25 deg, Tmax 1 deg)",REAL_GOVERNMENT
2017-06-29,13.21,32.28,1.96,31.79,"IMD gridded (rainfall 0.25 deg, Tmax 1 deg)",REAL_GOVERNMENT
2017-06-30,10.51,30.95,8.44,30.78,"IMD gridded (rainfall 0.25 deg, Tmax 1 deg)",REAL_GOVERNMENT
2017-07-01,21.55,30.54,19.83,30.31,"IMD gridded (rainfall 0.25 deg, Tmax 1 deg)",REAL_GOVERNMENT
2017-07-02,15.92,29.54,8.04,29.1,"IMD gridded (rainfall 0.25 deg, Tmax 1 deg)",REAL_GOVERNMENT
2017-07-03,15.72,29.01,5.5,29.0,"IMD gridded (rainfall 0.25 deg, Tmax 1 deg)",REAL_GOVERNMENT
2017-07-04,9.0,28.3,7.56,28.07,"IMD gridded (rainfall 0.25 deg, Tmax 1 deg)",REAL_GOVERNMENT
2017-07-05,6.83,29.88,0.0,29.75,"IMD gridded (rainfall 0.25 deg, Tmax 1 deg)",REAL_GOVERNMENT
2017-07-06,1.78,31.53,0.0,31.3,"IMD gridded (rainfall 0.25 deg, Tmax 1 deg)",REAL_GOVERNMENT
2017-07-07,0.15,33.78,0.0,33.67,"IMD gridded (rainfall 0.25 deg, Tmax 1 deg)",REAL_GOVERNMENT
2017-07-08,0.1,34.2,0.0,34.04,"IMD gridded (rainfall 0.25 deg, Tmax 1 deg)",REAL_GOVERNMENT
2017-07-09,0.88,30.85,5.6,31.24,"IMD gridded (rainfall 0.25 deg, Tmax 1 deg)",REAL_GOVERNMENT
2017-07-10,8.52,27.92,4.52,27.67,"IMD gridded (rainfall 0.25 deg, Tmax 1 deg)",REAL_GOVERNMENT
2017-07-11,11.71,30.05,13.81,29.71,"IMD gridded (rainfall 0.25 deg, Tmax 1 deg)",REAL_GOVERNMENT
2017-07-12,12.4,27.25,24.13,27.03,"IMD gridded (rainfall 0.25 deg, Tmax 1 deg)",REAL_GOVERNMENT
2017-07-13,2.67,27.03,2.83,27.0,"IMD gridded (rainfall 0.25 deg, Tmax 1 deg)",REAL_GOVERNMENT
2017-07-14,5.44,29.17,5.57,29.23,"IMD gridded (rainfall 0.25 deg, Tmax 1 deg)",REAL_GOVERNMENT
2017-07-15,10.26,28.51,3.87,28.17,"IMD gridded (rainfall 0.25 deg, Tmax 1 deg)",REAL_GOVERNMENT
2017-07-16,28.0,28.54,70.07,27.94,"IMD gridded (rainfall 0.25 deg, Tmax 1 deg)",REAL_GOVERNMENT
2017-07-17,5.63,29.69,8.11,29.52,"IMD gridded (rainfall 0.25 deg, Tmax 1 deg)",REAL_GOVERNMENT
2017-07-18,35.47,30.57,29.19,30.27,"IMD gridded (rainfall 0.25 deg, Tmax 1 deg)",REAL_GOVERNMENT
2017-07-19,22.08,30.52,5.68,30.46,"IMD gridded (rainfall 0.25 deg, Tmax 1 deg)",REAL_GOVERNMENT
2017-07-20,23.89,28.78,16.84,28.63,"IMD gridded (rainfall 0.25 deg, Tmax 1 deg)",REAL_GOVERNMENT
2017-07-21,15.27,29.86,9.39,30.0,"IMD gridded (rainfall 0.25 deg, Tmax 1 deg)",REAL_GOVERNMENT
2017-07-22,7.67,29.78,14.3,30.0,"IMD gridded (rainfall 0.25 deg, Tmax 1 deg)",REAL_GOVERNMENT
2017-07-23,4.33,29.24,6.75,29.45,"IMD gridded (rainfall 0.25 deg, Tmax 1 deg)",REAL_GOVERNMENT
2017-07-24,7.21,28.94,9.73,29.19,"IMD gridded (rainfall 0.25 deg, Tmax 1 deg)",REAL_GOVERNMENT
2017-07-25,1.9,29.49,0.29,29.83,"IMD gridded (rainfall 0.25 deg, Tmax 1 deg)",REAL_GOVERNMENT
2017-07-26,4.06,27.59,6.52,27.87,"IMD gridded (rainfall 0.25 deg, Tmax 1 deg)",REAL_GOVERNMENT
2017-07-27,4.88,26.54,4.06,26.34,"IMD gridded (rainfall 0.25 deg, Tmax 1 deg)",REAL_GOVERNMENT
2017-07-28,5.95,28.53,5.39,28.58,"IMD gridded (rainfall 0.25 deg, Tmax 1 deg)",REAL_GOVERNMENT
2017-07-29,1.95,30.35,0.62,30.7,"IMD gridded (rainfall 0.25 deg, Tmax 1 deg)",REAL_GOVERNMENT
2017-07-30,0.11,30.22,0.0,30.34,"IMD gridded (rainfall 0.25 deg, Tmax 1 deg)",REAL_GOVERNMENT
2017-07-31,2.6,31.52,0.85,31.67,"IMD gridded (rainfall 0.25 deg, Tmax 1 deg)",REAL_GOVERNMENT
2017-08-01,1.39,31.47,5.44,31.92,"IMD gridded (rainfall 0.25 deg, Tmax 1 deg)",REAL_GOVERNMENT
2017-08-02,1.42,31.47,0.0,31.67,"IMD gridded (rainfall 0.25 deg, Tmax 1 deg)",REAL_GOVERNMENT
2017-08-03,0.0,30.09,0.0,30.52,"IMD gridded (rainfall 0.25 deg, Tmax 1 deg)",REAL_GOVERNMENT
2017-08-04,0.89,29.63,0.0,29.57,"IMD gridded (rainfall 0.25 deg, Tmax 1 deg)",REAL_GOVERNMENT
2017-08-05,2.93,29.21,0.0,29.26,"IMD gridded (rainfall 0.25 deg, Tmax 1 deg)",REAL_GOVERNMENT
2017-08-06,2.26,28.18,1.86,28.35,"IMD gridded (rainfall 0.25 deg, Tmax 1 deg)",REAL_GOVERNMENT
2017-08-07,2.53,28.22,0.0,27.95,"IMD gridded (rainfall 0.25 deg, Tmax 1 deg)",REAL_GOVERNMENT
2017-08-08,10.96,28.26,12.88,28.07,"IMD gridded (rainfall 0.25 deg, Tmax 1 deg)",REAL_GOVERNMENT
2017-08-09,15.94,28.92,5.51,28.83,"IMD gridded (rainfall 0.25 deg, Tmax 1 deg)",REAL_GOVERNMENT
2017-08-10,12.84,29.68,17.75,29.77,"IMD gridded (rainfall 0.25 deg, Tmax 1 deg)",REAL_GOVERNMENT
2017-08-11,2.54,30.2,0.39,30.47,"IMD gridded (rainfall 0.25 deg, Tmax 1 deg)",REAL_GOVERNMENT
2017-08-12,1.75,29.7,0.46,29.96,"IMD gridded (rainfall 0.25 deg, Tmax 1 deg)",REAL_GOVERNMENT
2017-08-13,0.3,30.08,0.0,30.42,"IMD gridded (rainfall 0.25 deg, Tmax 1 deg)",REAL_GOVERNMENT
2017-08-14,2.07,30.19,0.0,30.32,"IMD gridded (rainfall 0.25 deg, Tmax 1 deg)",REAL_GOVERNMENT
2017-08-15,2.53,31.1,6.6,31.26,"IMD gridded (rainfall 0.25 deg, Tmax 1 deg)",REAL_GOVERNMENT
2017-08-16,1.79,31.49,0.0,31.44,"IMD gridded (rainfall 0.25 deg, Tmax 1 deg)",REAL_GOVERNMENT
2017-08-17,2.53,30.76,14.46,30.87,"IMD gridded (rainfall 0.25 deg, Tmax 1 deg)",REAL_GOVERNMENT
2017-08-18,17.29,30.2,17.41,30.09,"IMD gridded (rainfall 0.25 deg, Tmax 1 deg)",REAL_GOVERNMENT
2017-08-19,32.86,29.81,18.03,29.83,"IMD gridded (rainfall 0.25 deg, Tmax 1 deg)",REAL_GOVERNMENT
2017-08-20,3.24,30.37,0.97,30.27,"IMD gridded (rainfall 0.25 deg, Tmax 1 deg)",REAL_GOVERNMENT
2017-08-21,6.43,29.0,4.05,28.67,"IMD gridded (rainfall 0.25 deg, Tmax 1 deg)",REAL_GOVERNMENT
2017-08-22,0.27,29.68,0.0,29.72,"IMD gridded (rainfall 0.25 deg, Tmax 1 deg)",REAL_GOVERNMENT
2017-08-23,0.17,30.91,1.33,31.02,"IMD gridded (rainfall 0.25 deg, Tmax 1 deg)",REAL_GOVERNMENT
2017-08-24,4.59,30.06,4.19,29.8,"IMD gridded (rainfall 0.25 deg, Tmax 1 deg)",REAL_GOVERNMENT
2017-08-25,15.78,30.48,13.85,30.62,"IMD gridded (rainfall 0.25 deg, Tmax 1 deg)",REAL_GOVERNMENT
2017-08-26,9.03,30.78,4.39,30.79,"IMD gridded (rainfall 0.25 deg, Tmax 1 deg)",REAL_GOVERNMENT
2017-08-27,4.54,30.58,6.47,30.43,"IMD gridded (rainfall 0.25 deg, Tmax 1 deg)",REAL_GOVERNMENT
2017-08-28,12.38,29.57,4.82,29.32,"IMD gridded (rainfall 0.25 deg, Tmax 1 deg)",REAL_GOVERNMENT
2017-08-29,37.93,27.89,47.86,27.7,"IMD gridded (rainfall 0.25 deg, Tmax 1 deg)",REAL_GOVERNMENT
2017-08-30,20.54,29.14,21.18,29.22,"IMD gridded (rainfall 0.25 deg, Tmax 1 deg)",REAL_GOVERNMENT
2017-08-31,4.45,31.2,8.57,31.1,"IMD gridded (rainfall 0.25 deg, Tmax 1 deg)",REAL_GOVERNMENT
2017-09-01,3.42,31.44,0.0,31.48,"IMD gridded (rainfall 0.25 deg, Tmax 1 deg)",REAL_GOVERNMENT
2017-09-02,1.62,31.77,0.0,31.81,"IMD gridded (rainfall 0.25 deg, Tmax 1 deg)",REAL_GOVERNMENT
2017-09-03,0.89,31.29,0.0,31.42,"IMD gridded (rainfall 0.25 deg, Tmax 1 deg)",REAL_GOVERNMENT
2017-09-04,0.68,31.57,0.12,31.6,"IMD gridded (rainfall 0.25 deg, Tmax 1 deg)",REAL_GOVERNMENT
2017-09-05,1.49,31.93,0.0,32.01,"IMD gridded (rainfall 0.25 deg, Tmax 1 deg)",REAL_GOVERNMENT
2017-09-06,2.03,32.02,4.58,32.06,"IMD gridded (rainfall 0.25 deg, Tmax 1 deg)",REAL_GOVERNMENT
2017-09-07,1.35,32.75,0.0,32.95,"IMD gridded (rainfall 0.25 deg, Tmax 1 deg)",REAL_GOVERNMENT
2017-09-08,2.62,32.54,0.2,32.53,"IMD gridded (rainfall 0.25 deg, Tmax 1 deg)",REAL_GOVERNMENT
2017-09-09,1.01,32.63,0.0,32.52,"IMD gridded (rainfall 0.25 deg, Tmax 1 deg)",REAL_GOVERNMENT
2017-09-10,21.94,32.44,5.48,32.29,"IMD gridded (rainfall 0.25 deg, Tmax 1 deg)",REAL_GOVERNMENT
2017-09-11,0.1,32.77,0.0,32.76,"IMD gridded (rainfall 0.25 deg, Tmax 1 deg)",REAL_GOVERNMENT
2017-09-12,5.21,30.9,4.87,30.76,"IMD gridded (rainfall 0.25 deg, Tmax 1 deg)",REAL_GOVERNMENT
2017-09-13,12.15,30.73,19.5,30.69,"IMD gridded (rainfall 0.25 deg, Tmax 1 deg)",REAL_GOVERNMENT
2017-09-14,2.81,29.91,2.56,29.92,"IMD gridded (rainfall 0.25 deg, Tmax 1 deg)",REAL_GOVERNMENT
2017-09-15,2.09,30.2,0.73,30.28,"IMD gridded (rainfall 0.25 deg, Tmax 1 deg)",REAL_GOVERNMENT
2017-09-16,0.1,31.81,0.0,31.75,"IMD gridded (rainfall 0.25 deg, Tmax 1 deg)",REAL_GOVERNMENT
2017-09-17,2.0,32.48,0.0,32.56,"IMD gridded (rainfall 0.25 deg, Tmax 1 deg)",REAL_GOVERNMENT
2017-09-18,13.09,31.09,26.84,30.9,"IMD gridded (rainfall 0.25 deg, Tmax 1 deg)",REAL_GOVERNMENT
2017-09-19,10.34,31.76,3.3,31.58,"IMD gridded (rainfall 0.25 deg, Tmax 1 deg)",REAL_GOVERNMENT
2017-09-20,30.41,29.36,52.38,28.92,"IMD gridded (rainfall 0.25 deg, Tmax 1 deg)",REAL_GOVERNMENT
2017-09-21,23.4,27.73,39.43,27.94,"IMD gridded (rainfall 0.25 deg, Tmax 1 deg)",REAL_GOVERNMENT
2017-09-22,9.57,27.77,11.33,27.56,"IMD gridded (rainfall 0.25 deg, Tmax 1 deg)",REAL_GOVERNMENT
2017-09-23,0.36,31.32,0.39,31.26,"IMD gridded (rainfall 0.25 deg, Tmax 1 deg)",REAL_GOVERNMENT
2017-09-24,0.0,32.67,0.0,32.73,"IMD gridded (rainfall 0.25 deg, Tmax 1 deg)",REAL_GOVERNMENT
2017-09-25,0.0,32.78,0.0,32.86,"IMD gridded (rainfall 0.25 deg, Tmax 1 deg)",REAL_GOVERNMENT
2017-09-26,0.0,33.17,0.0,33.07,"IMD gridded (rainfall 0.25 deg, Tmax 1 deg)",REAL_GOVERNMENT
2017-09-27,0.01,33.1,0.0,33.17,"IMD gridded (rainfall 0.25 deg, Tmax 1 deg)",REAL_GOVERNMENT
2017-09-28,0.0,33.34,0.0,33.36,"IMD gridded (rainfall 0.25 deg, Tmax 1 deg)",REAL_GOVERNMENT
2017-09-29,0.69,33.7,0.91,33.51,"IMD gridded (rainfall 0.25 deg, Tmax 1 deg)",REAL_GOVERNMENT
2017-09-30,0.0,34.21,0.0,34.22,"IMD gridded (rainfall 0.25 deg, Tmax 1 deg)",REAL_GOVERNMENT
2017-10-01,0.31,33.05,0.0,32.98,"IMD gridded (rainfall 0.25 deg, Tmax 1 deg)",REAL_GOVERNMENT
2017-10-02,5.03,33.57,0.35,33.18,"IMD gridded (rainfall 0.25 deg, Tmax 1 deg)",REAL_GOVERNMENT
2017-10-03,0.02,33.85,0.0,33.74,"IMD gridded (rainfall 0.25 deg, Tmax 1 deg)",REAL_GOVERNMENT
2017-10-04,0.0,33.68,0.0,33.69,"IMD gridded (rainfall 0.25 deg, Tmax 1 deg)",REAL_GOVERNMENT
2017-10-05,0.0,33.2,0.0,33.15,"IMD gridded (rainfall 0.25 deg, Tmax 1 deg)",REAL_GOVERNMENT
2017-10-06,3.88,32.96,3.42,32.87,"IMD gridded (rainfall 0.25 deg, Tmax 1 deg)",REAL_GOVERNMENT
2017-10-07,0.95,32.62,0.0,32.27,"IMD gridded (rainfall 0.25 deg, Tmax 1 deg)",REAL_GOVERNMENT
2017-10-08,3.54,31.72,7.05,31.22,"IMD gridded (rainfall 0.25 deg, Tmax 1 deg)",REAL_GOVERNMENT
2017-10-09,4.42,30.76,9.61,30.03,"IMD gridded (rainfall 0.25 deg, Tmax 1 deg)",REAL_GOVERNMENT
2017-10-10,10.52,31.04,16.22,30.79,"IMD gridded (rainfall 0.25 deg, Tmax 1 deg)",REAL_GOVERNMENT
2017-10-11,0.78,32.33,2.83,32.19,"IMD gridded (rainfall 0.25 deg, Tmax 1 deg)",REAL_GOVERNMENT
2017-10-12,0.29,32.49,0.0,32.11,"IMD gridded (rainfall 0.25 deg, Tmax 1 deg)",REAL_GOVERNMENT
2017-10-13,1.88,32.52,0.0,32.41,"IMD gridded (rainfall 0.25 deg, Tmax 1 deg)",REAL_GOVERNMENT
2017-10-14,4.11,33.29,0.0,33.23,"IMD gridded (rainfall 0.25 deg, Tmax 1 deg)",REAL_GOVERNMENT
2017-10-15,0.0,34.33,0.0,34.11,"IMD gridded (rainfall 0.25 deg, Tmax 1 deg)",REAL_GOVERNMENT
2017-10-16,0.0,34.95,0.0,34.87,"IMD gridded (rainfall 0.25 deg, Tmax 1 deg)",REAL_GOVERNMENT
2017-10-17,0.0,34.54,0.0,34.32,"IMD gridded (rainfall 0.25 deg, Tmax 1 deg)",REAL_GOVERNMENT
2017-10-18,0.0,32.55,0.0,32.52,"IMD gridded (rainfall 0.25 deg, Tmax 1 deg)",REAL_GOVERNMENT
2017-10-19,0.0,31.87,0.0,31.71,"IMD gridded (rainfall 0.25 deg, Tmax 1 deg)",REAL_GOVERNMENT
2017-10-20,0.6,32.67,3.26,32.68,"IMD gridded (rainfall 0.25 deg, Tmax 1 deg)",REAL_GOVERNMENT
2017-10-21,0.05,33.04,0.0,32.89,"IMD gridded (rainfall 0.25 deg, Tmax 1 deg)",REAL_GOVERNMENT
2017-10-22,0.08,33.81,0.0,33.78,"IMD gridded (rainfall 0.25 deg, Tmax 1 deg)",REAL_GOVERNMENT
2017-10-23,0.72,33.28,0.0,33.16,"IMD gridded (rainfall 0.25 deg, Tmax 1 deg)",REAL_GOVERNMENT
2017-10-24,0.0,33.39,0.0,33.23,"IMD gridded (rainfall 0.25 deg, Tmax 1 deg)",REAL_GOVERNMENT
2017-10-25,0.0,33.29,0.0,33.18,"IMD gridded (rainfall 0.25 deg, Tmax 1 deg)",REAL_GOVERNMENT
2017-10-26,0.0,33.16,0.0,33.08,"IMD gridded (rainfall 0.25 deg, Tmax 1 deg)",REAL_GOVERNMENT
2017-10-27,0.0,32.31,0.0,32.16,"IMD gridded (rainfall 0.25 deg, Tmax 1 deg)",REAL_GOVERNMENT
2017-10-28,0.0,32.24,0.0,32.11,"IMD gridded (rainfall 0.25 deg, Tmax 1 deg)",REAL_GOVERNMENT
2017-10-29,0.0,31.99,0.0,31.84,"IMD gridded (rainfall 0.25 deg, Tmax 1 deg)",REAL_GOVERNMENT
2017-10-30,0.0,32.07,0.0,32.16,"IMD gridded (rainfall 0.25 deg, Tmax 1 deg)",REAL_GOVERNMENT
2017-10-31,0.0,31.13,0.0,31.19,"IMD gridded (rainfall 0.25 deg, Tmax 1 deg)",REAL_GOVERNMENT
2017-11-01,0.0,30.57,0.0,30.64,"IMD gridded (rainfall 0.25 deg, Tmax 1 deg)",REAL_GOVERNMENT
2017-11-02,0.0,30.41,0.0,30.31,"IMD gridded (rainfall 0.25 deg, Tmax 1 deg)",REAL_GOVERNMENT
2017-11-03,0.0,30.4,0.0,30.31,"IMD gridded (rainfall 0.25 deg, Tmax 1 deg)",REAL_GOVERNMENT
2017-11-04,0.0,29.85,0.0,29.81,"IMD gridded (rainfall 0.25 deg, Tmax 1 deg)",REAL_GOVERNMENT
2017-11-05,0.0,30.51,0.0,30.62,"IMD gridded (rainfall 0.25 deg, Tmax 1 deg)",REAL_GOVERNMENT
2017-11-06,0.0,31.02,0.0,30.98,"IMD gridded (rainfall 0.25 deg, Tmax 1 deg)",REAL_GOVERNMENT
2017-11-07,0.0,30.89,0.0,30.78,"IMD gridded (rainfall 0.25 deg, Tmax 1 deg)",REAL_GOVERNMENT
2017-11-08,0.0,30.84,0.0,30.83,"IMD gridded (rainfall 0.25 deg, Tmax 1 deg)",REAL_GOVERNMENT
2017-11-09,0.0,30.2,0.0,30.18,"IMD gridded (rainfall 0.25 deg, Tmax 1 deg)",REAL_GOVERNMENT
2017-11-10,0.0,30.04,0.0,30.16,"IMD gridded (rainfall 0.25 deg, Tmax 1 deg)",REAL_GOVERNMENT
2017-11-11,0.0,29.49,0.0,29.69,"IMD gridded (rainfall 0.25 deg, Tmax 1 deg)",REAL_GOVERNMENT
2017-11-12,0.0,28.94,0.0,29.01,"IMD gridded (rainfall 0.25 deg, Tmax 1 deg)",REAL_GOVERNMENT
2017-11-13,0.0,28.94,0.0,28.98,"IMD gridded (rainfall 0.25 deg, Tmax 1 deg)",REAL_GOVERNMENT
2017-11-14,0.0,29.53,0.0,29.58,"IMD gridded (rainfall 0.25 deg, Tmax 1 deg)",REAL_GOVERNMENT
2017-11-15,0.0,29.69,0.0,29.9,"IMD gridded (rainfall 0.25 deg, Tmax 1 deg)",REAL_GOVERNMENT
2017-11-16,0.0,29.3,0.0,29.4,"IMD gridded (rainfall 0.25 deg, Tmax 1 deg)",REAL_GOVERNMENT
2017-11-17,0.0,29.78,0.0,29.94,"IMD gridded (rainfall 0.25 deg, Tmax 1 deg)",REAL_GOVERNMENT
2017-11-18,0.08,30.04,0.0,30.26,"IMD gridded (rainfall 0.25 deg, Tmax 1 deg)",REAL_GOVERNMENT
2017-11-19,0.0,30.15,0.0,30.65,"IMD gridded (rainfall 0.25 deg, Tmax 1 deg)",REAL_GOVERNMENT
2017-11-20,0.0,29.3,0.0,29.68,"IMD gridded (rainfall 0.25 deg, Tmax 1 deg)",REAL_GOVERNMENT
2017-11-21,0.0,28.96,0.0,29.37,"IMD gridded (rainfall 0.25 deg, Tmax 1 deg)",REAL_GOVERNMENT
2017-11-22,0.0,28.23,0.0,28.47,"IMD gridded (rainfall 0.25 deg, Tmax 1 deg)",REAL_GOVERNMENT
2017-11-23,0.0,28.47,0.0,28.77,"IMD gridded (rainfall 0.25 deg, Tmax 1 deg)",REAL_GOVERNMENT
2017-11-24,0.0,28.78,0.0,29.03,"IMD gridded (rainfall 0.25 deg, Tmax 1 deg)",REAL_GOVERNMENT
2017-11-25,0.0,29.23,0.0,29.46,"IMD gridded (rainfall 0.25 deg, Tmax 1 deg)",REAL_GOVERNMENT
2017-11-26,0.0,29.15,0.0,29.32,"IMD gridded (rainfall 0.25 deg, Tmax 1 deg)",REAL_GOVERNMENT
2017-11-27,0.0,29.91,0.0,29.94,"IMD gridded (rainfall 0.25 deg, Tmax 1 deg)",REAL_GOVERNMENT
2017-11-28,0.0,30.23,0.0,30.21,"IMD gridded (rainfall 0.25 deg, Tmax 1 deg)",REAL_GOVERNMENT
2017-11-29,0.0,29.89,0.0,29.93,"IMD gridded (rainfall 0.25 deg, Tmax 1 deg)",REAL_GOVERNMENT
2017-11-30,0.0,29.15,0.0,29.43,"IMD gridded (rainfall 0.25 deg, Tmax 1 deg)",REAL_GOVERNMENT
2017-12-01,0.0,27.79,0.0,27.84,"IMD gridded (rainfall 0.25 deg, Tmax 1 deg)",REAL_GOVERNMENT
2017-12-02,0.0,27.33,0.0,27.54,"IMD gridded (rainfall 0.25 deg, Tmax 1 deg)",REAL_GOVERNMENT
2017-12-03,0.0,27.46,0.0,27.77,"IMD gridded (rainfall 0.25 deg, Tmax 1 deg)",REAL_GOVERNMENT
2017-12-04,0.0,27.74,0.0,28.03,"IMD gridded (rainfall 0.25 deg, Tmax 1 deg)",REAL_GOVERNMENT
2017-12-05,0.0,27.64,0.0,27.7,"IMD gridded (rainfall 0.25 deg, Tmax 1 deg)",REAL_GOVERNMENT
2017-12-06,0.0,28.31,0.0,28.57,"IMD gridded (rainfall 0.25 deg, Tmax 1 deg)",REAL_GOVERNMENT
2017-12-07,0.0,28.44,0.0,28.83,"IMD gridded (rainfall 0.25 deg, Tmax 1 deg)",REAL_GOVERNMENT
2017-12-08,0.0,28.42,0.0,28.91,"IMD gridded (rainfall 0.25 deg, Tmax 1 deg)",REAL_GOVERNMENT
2017-12-09,0.0,28.18,0.0,28.67,"IMD gridded (rainfall 0.25 deg, Tmax 1 deg)",REAL_GOVERNMENT
2017-12-10,0.0,27.51,0.0,27.73,"IMD gridded (rainfall 0.25 deg, Tmax 1 deg)",REAL_GOVERNMENT
2017-12-11,0.0,29.53,0.0,29.74,"IMD gridded (rainfall 0.25 deg, Tmax 1 deg)",REAL_GOVERNMENT
2017-12-12,0.0,29.03,0.0,29.42,"IMD gridded (rainfall 0.25 deg, Tmax 1 deg)",REAL_GOVERNMENT
2017-12-13,0.0,29.57,0.0,29.93,"IMD gridded (rainfall 0.25 deg, Tmax 1 deg)",REAL_GOVERNMENT
2017-12-14,0.0,29.29,0.0,29.76,"IMD gridded (rainfall 0.25 deg, Tmax 1 deg)",REAL_GOVERNMENT
2017-12-15,0.0,28.98,0.0,29.09,"IMD gridded (rainfall 0.25 deg, Tmax 1 deg)",REAL_GOVERNMENT
2017-12-16,0.0,28.23,0.0,28.74,"IMD gridded (rainfall 0.25 deg, Tmax 1 deg)",REAL_GOVERNMENT
2017-12-17,0.0,26.31,0.0,26.8,"IMD gridded (rainfall 0.25 deg, Tmax 1 deg)",REAL_GOVERNMENT
2017-12-18,0.0,25.6,0.0,26.01,"IMD gridded (rainfall 0.25 deg, Tmax 1 deg)",REAL_GOVERNMENT
2017-12-19,0.0,27.57,0.0,27.97,"IMD gridded (rainfall 0.25 deg, Tmax 1 deg)",REAL_GOVERNMENT
2017-12-20,0.0,27.54,0.0,27.98,"IMD gridded (rainfall 0.25 deg, Tmax 1 deg)",REAL_GOVERNMENT
2017-12-21,0.0,27.91,0.0,28.34,"IMD gridded (rainfall 0.25 deg, Tmax 1 deg)",REAL_GOVERNMENT
2017-12-22,0.0,26.77,0.0,27.11,"IMD gridded (rainfall 0.25 deg, Tmax 1 deg)",REAL_GOVERNMENT
2017-12-23,0.0,27.46,0.0,27.76,"IMD gridded (rainfall 0.25 deg, Tmax 1 deg)",REAL_GOVERNMENT
2017-12-24,0.0,28.48,0.0,28.73,"IMD gridded (rainfall 0.25 deg, Tmax 1 deg)",REAL_GOVERNMENT
2017-12-25,0.0,27.04,0.0,27.5,"IMD gridded (rainfall 0.25 deg, Tmax 1 deg)",REAL_GOVERNMENT
2017-12-26,0.0,26.49,0.0,26.99,"IMD gridded (rainfall 0.25 deg, Tmax 1 deg)",REAL_GOVERNMENT
2017-12-27,0.0,27.97,0.0,28.5,"IMD gridded (rainfall 0.25 deg, Tmax 1 deg)",REAL_GOVERNMENT
2017-12-28,0.0,28.42,0.0,28.9,"IMD gridded (rainfall 0.25 deg, Tmax 1 deg)",REAL_GOVERNMENT
2017-12-29,0.0,28.65,0.0,29.04,"IMD gridded (rainfall 0.25 deg, Tmax 1 deg)",REAL_GOVERNMENT
2017-12-30,0.0,28.03,0.0,28.56,"IMD gridded (rainfall 0.25 deg, Tmax 1 deg)",REAL_GOVERNMENT
2017-12-31,0.0,27.53,0.0,28.07,"IMD gridded (rainfall 0.25 deg, Tmax 1 deg)",REAL_GOVERNMENT
2018-01-01,0.0,27.0,0.0,27.41,"IMD gridded (rainfall 0.25 deg, Tmax 1 deg)",REAL_GOVERNMENT
2018-01-02,0.0,26.34,0.0,27.23,"IMD gridded (rainfall 0.25 deg, Tmax 1 deg)",REAL_GOVERNMENT
2018-01-03,0.0,24.94,0.0,25.65,"IMD gridded (rainfall 0.25 deg, Tmax 1 deg)",REAL_GOVERNMENT
2018-01-04,0.0,25.86,0.0,26.43,"IMD gridded (rainfall 0.25 deg, Tmax 1 deg)",REAL_GOVERNMENT
2018-01-05,0.0,26.88,0.0,27.44,"IMD gridded (rainfall 0.25 deg, Tmax 1 deg)",REAL_GOVERNMENT
2018-01-06,0.0,26.87,0.0,27.3,"IMD gridded (rainfall 0.25 deg, Tmax 1 deg)",REAL_GOVERNMENT
2018-01-07,0.0,26.22,0.0,26.61,"IMD gridded (rainfall 0.25 deg, Tmax 1 deg)",REAL_GOVERNMENT
2018-01-08,0.0,25.63,0.0,26.15,"IMD gridded (rainfall 0.25 deg, Tmax 1 deg)",REAL_GOVERNMENT
2018-01-09,0.0,25.71,0.0,26.25,"IMD gridded (rainfall 0.25 deg, Tmax 1 deg)",REAL_GOVERNMENT
2018-01-10,0.0,26.59,0.0,27.15,"IMD gridded (rainfall 0.25 deg, Tmax 1 deg)",REAL_GOVERNMENT
2018-01-11,0.0,27.72,0.0,28.33,"IMD gridded (rainfall 0.25 deg, Tmax 1 deg)",REAL_GOVERNMENT
2018-01-12,0.0,27.62,0.0,28.45,"IMD gridded (rainfall 0.25 deg, Tmax 1 deg)",REAL_GOVERNMENT
2018-01-13,0.0,28.13,0.0,28.49,"IMD gridded (rainfall 0.25 deg, Tmax 1 deg)",REAL_GOVERNMENT
2018-01-14,0.0,29.16,0.0,29.55,"IMD gridded (rainfall 0.25 deg, Tmax 1 deg)",REAL_GOVERNMENT
2018-01-15,0.0,29.31,0.0,29.81,"IMD gridded (rainfall 0.25 deg, Tmax 1 deg)",REAL_GOVERNMENT
2018-01-16,0.0,28.73,0.0,29.22,"IMD gridded (rainfall 0.25 deg, Tmax 1 deg)",REAL_GOVERNMENT
2018-01-17,0.0,29.08,0.0,29.52,"IMD gridded (rainfall 0.25 deg, Tmax 1 deg)",REAL_GOVERNMENT
2018-01-18,0.0,28.46,0.0,28.62,"IMD gridded (rainfall 0.25 deg, Tmax 1 deg)",REAL_GOVERNMENT
2018-01-19,0.0,28.44,0.0,28.62,"IMD gridded (rainfall 0.25 deg, Tmax 1 deg)",REAL_GOVERNMENT
2018-01-20,0.0,28.6,0.0,28.95,"IMD gridded (rainfall 0.25 deg, Tmax 1 deg)",REAL_GOVERNMENT
2018-01-21,0.0,28.6,0.0,28.98,"IMD gridded (rainfall 0.25 deg, Tmax 1 deg)",REAL_GOVERNMENT
2018-01-22,0.0,28.76,0.0,28.93,"IMD gridded (rainfall 0.25 deg, Tmax 1 deg)",REAL_GOVERNMENT
2018-01-23,0.0,28.78,0.0,29.11,"IMD gridded (rainfall 0.25 deg, Tmax 1 deg)",REAL_GOVERNMENT
2018-01-24,0.0,27.02,0.0,27.54,"IMD gridded (rainfall 0.25 deg, Tmax 1 deg)",REAL_GOVERNMENT
2018-01-25,0.0,26.29,0.0,26.63,"IMD gridded (rainfall 0.25 deg, Tmax 1 deg)",REAL_GOVERNMENT
2018-01-26,0.0,26.55,0.0,27.03,"IMD gridded (rainfall 0.25 deg, Tmax 1 deg)",REAL_GOVERNMENT
2018-01-27,0.0,27.71,0.0,28.21,"IMD gridded (rainfall 0.25 deg, Tmax 1 deg)",REAL_GOVERNMENT
2018-01-28,0.0,28.55,0.0,28.95,"IMD gridded (rainfall 0.25 deg, Tmax 1 deg)",REAL_GOVERNMENT
2018-01-29,0.0,28.69,0.0,28.96,"IMD gridded (rainfall 0.25 deg, Tmax 1 deg)",REAL_GOVERNMENT
2018-01-30,0.0,29.34,0.0,29.55,"IMD gridded (rainfall 0.25 deg, Tmax 1 deg)",REAL_GOVERNMENT
2018-01-31,0.0,30.11,0.0,30.46,"IMD gridded (rainfall 0.25 deg, Tmax 1 deg)",REAL_GOVERNMENT
2018-02-01,0.0,30.4,0.0,30.88,"IMD gridded (rainfall 0.25 deg, Tmax 1 deg)",REAL_GOVERNMENT
2018-02-02,0.0,31.34,0.0,31.63,"IMD gridded (rainfall 0.25 deg, Tmax 1 deg)",REAL_GOVERNMENT
2018-02-03,0.0,31.7,0.0,32.01,"IMD gridded (rainfall 0.25 deg, Tmax 1 deg)",REAL_GOVERNMENT
2018-02-04,0.0,31.1,0.0,31.66,"IMD gridded (rainfall 0.25 deg, Tmax 1 deg)",REAL_GOVERNMENT
2018-02-05,0.0,30.95,0.0,31.44,"IMD gridded (rainfall 0.25 deg, Tmax 1 deg)",REAL_GOVERNMENT
2018-02-06,0.0,30.96,0.0,31.59,"IMD gridded (rainfall 0.25 deg, Tmax 1 deg)",REAL_GOVERNMENT
2018-02-07,0.0,26.03,0.0,26.45,"IMD gridded (rainfall 0.25 deg, Tmax 1 deg)",REAL_GOVERNMENT
2018-02-08,0.0,30.07,0.0,30.38,"IMD gridded (rainfall 0.25 deg, Tmax 1 deg)",REAL_GOVERNMENT
2018-02-09,0.0,29.25,0.0,29.68,"IMD gridded (rainfall 0.25 deg, Tmax 1 deg)",REAL_GOVERNMENT
2018-02-10,0.0,27.47,0.0,27.54,"IMD gridded (rainfall 0.25 deg, Tmax 1 deg)",REAL_GOVERNMENT
2018-02-11,0.0,27.08,0.0,27.07,"IMD gridded (rainfall 0.25 deg, Tmax 1 deg)",REAL_GOVERNMENT
2018-02-12,7.56,26.05,4.24,26.45,"IMD gridded (rainfall 0.25 deg, Tmax 1 deg)",REAL_GOVERNMENT
2018-02-13,4.0,25.16,4.27,25.1,"IMD gridded (rainfall 0.25 deg, Tmax 1 deg)",REAL_GOVERNMENT
2018-02-14,11.97,25.57,3.76,25.73,"IMD gridded (rainfall 0.25 deg, Tmax 1 deg)",REAL_GOVERNMENT
2018-02-15,0.0,27.66,0.0,27.92,"IMD gridded (rainfall 0.25 deg, Tmax 1 deg)",REAL_GOVERNMENT
2018-02-16,0.0,28.66,0.0,28.95,"IMD gridded (rainfall 0.25 deg, Tmax 1 deg)",REAL_GOVERNMENT
2018-02-17,0.0,30.03,0.0,30.35,"IMD gridded (rainfall 0.25 deg, Tmax 1 deg)",REAL_GOVERNMENT
2018-02-18,0.0,31.85,0.0,31.98,"IMD gridded (rainfall 0.25 deg, Tmax 1 deg)",REAL_GOVERNMENT
2018-02-19,0.0,32.08,0.0,32.41,"IMD gridded (rainfall 0.25 deg, Tmax 1 deg)",REAL_GOVERNMENT
2018-02-20,0.0,31.65,0.0,31.88,"IMD gridded (rainfall 0.25 deg, Tmax 1 deg)",REAL_GOVERNMENT
2018-02-21,0.0,31.88,0.0,32.07,"IMD gridded (rainfall 0.25 deg, Tmax 1 deg)",REAL_GOVERNMENT
2018-02-22,0.0,33.36,0.0,33.28,"IMD gridded (rainfall 0.25 deg, Tmax 1 deg)",REAL_GOVERNMENT
2018-02-23,0.0,33.79,0.0,33.9,"IMD gridded (rainfall 0.25 deg, Tmax 1 deg)",REAL_GOVERNMENT
2018-02-24,0.0,34.38,0.0,34.38,"IMD gridded (rainfall 0.25 deg, Tmax 1 deg)",REAL_GOVERNMENT
2018-02-25,0.0,34.21,0.0,34.38,"IMD gridded (rainfall 0.25 deg, Tmax 1 deg)",REAL_GOVERNMENT
2018-02-26,0.0,32.62,0.0,33.17,"IMD gridded (rainfall 0.25 deg, Tmax 1 deg)",REAL_GOVERNMENT
2018-02-27,0.0,33.53,0.0,33.89,"IMD gridded (rainfall 0.25 deg, Tmax 1 deg)",REAL_GOVERNMENT
2018-02-28,0.0,33.8,0.0,34.11,"IMD gridded (rainfall 0.25 deg, Tmax 1 deg)",REAL_GOVERNMENT
2018-03-01,0.0,35.41,0.0,35.71,"IMD gridded (rainfall 0.25 deg, Tmax 1 deg)",REAL_GOVERNMENT
2018-03-02,0.0,35.76,0.0,36.21,"IMD gridded (rainfall 0.25 deg, Tmax 1 deg)",REAL_GOVERNMENT
2018-03-03,0.0,35.33,0.0,35.61,"IMD gridded (rainfall 0.25 deg, Tmax 1 deg)",REAL_GOVERNMENT
2018-03-04,0.0,34.99,0.0,35.12,"IMD gridded (rainfall 0.25 deg, Tmax 1 deg)",REAL_GOVERNMENT
2018-03-05,0.0,33.69,0.0,34.44,"IMD gridded (rainfall 0.25 deg, Tmax 1 deg)",REAL_GOVERNMENT
2018-03-06,0.0,33.37,0.0,33.78,"IMD gridded (rainfall 0.25 deg, Tmax 1 deg)",REAL_GOVERNMENT
2018-03-07,0.0,33.71,0.0,34.04,"IMD gridded (rainfall 0.25 deg, Tmax 1 deg)",REAL_GOVERNMENT
2018-03-08,0.0,31.3,0.0,31.58,"IMD gridded (rainfall 0.25 deg, Tmax 1 deg)",REAL_GOVERNMENT
2018-03-09,0.01,33.55,0.0,33.62,"IMD gridded (rainfall 0.25 deg, Tmax 1 deg)",REAL_GOVERNMENT
2018-03-10,0.0,34.94,0.0,34.97,"IMD gridded (rainfall 0.25 deg, Tmax 1 deg)",REAL_GOVERNMENT
2018-03-11,0.0,33.89,0.0,33.11,"IMD gridded (rainfall 0.25 deg, Tmax 1 deg)",REAL_GOVERNMENT
2018-03-12,0.0,35.59,0.0,35.6,"IMD gridded (rainfall 0.25 deg, Tmax 1 deg)",REAL_GOVERNMENT
2018-03-13,0.0,37.16,0.0,37.36,"IMD gridded (rainfall 0.25 deg, Tmax 1 deg)",REAL_GOVERNMENT
2018-03-14,0.0,36.74,0.0,36.93,"IMD gridded (rainfall 0.25 deg, Tmax 1 deg)",REAL_GOVERNMENT
2018-03-15,0.0,32.28,0.0,32.36,"IMD gridded (rainfall 0.25 deg, Tmax 1 deg)",REAL_GOVERNMENT
2018-03-16,0.06,31.84,0.0,31.07,"IMD gridded (rainfall 0.25 deg, Tmax 1 deg)",REAL_GOVERNMENT
2018-03-17,0.03,33.27,0.0,33.18,"IMD gridded (rainfall 0.25 deg, Tmax 1 deg)",REAL_GOVERNMENT
2018-03-18,0.0,34.36,0.0,34.4,"IMD gridded (rainfall 0.25 deg, Tmax 1 deg)",REAL_GOVERNMENT
2018-03-19,0.0,35.75,0.0,35.72,"IMD gridded (rainfall 0.25 deg, Tmax 1 deg)",REAL_GOVERNMENT
2018-03-20,0.0,35.73,0.0,35.91,"IMD gridded (rainfall 0.25 deg, Tmax 1 deg)",REAL_GOVERNMENT
2018-03-21,0.0,36.27,0.0,36.69,"IMD gridded (rainfall 0.25 deg, Tmax 1 deg)",REAL_GOVERNMENT
2018-03-22,0.0,35.72,0.0,35.99,"IMD gridded (rainfall 0.25 deg, Tmax 1 deg)",REAL_GOVERNMENT
2018-03-23,0.0,35.75,0.0,35.93,"IMD gridded (rainfall 0.25 deg, Tmax 1 deg)",REAL_GOVERNMENT
2018-03-24,0.0,35.94,0.0,36.15,"IMD gridded (rainfall 0.25 deg, Tmax 1 deg)",REAL_GOVERNMENT
2018-03-25,0.0,36.35,0.0,36.62,"IMD gridded (rainfall 0.25 deg, Tmax 1 deg)",REAL_GOVERNMENT
2018-03-26,0.0,36.87,0.0,37.13,"IMD gridded (rainfall 0.25 deg, Tmax 1 deg)",REAL_GOVERNMENT
2018-03-27,0.0,38.52,0.0,38.74,"IMD gridded (rainfall 0.25 deg, Tmax 1 deg)",REAL_GOVERNMENT
2018-03-28,0.0,39.24,0.0,39.52,"IMD gridded (rainfall 0.25 deg, Tmax 1 deg)",REAL_GOVERNMENT
2018-03-29,0.0,39.34,0.0,39.62,"IMD gridded (rainfall 0.25 deg, Tmax 1 deg)",REAL_GOVERNMENT
2018-03-30,0.0,39.55,0.0,39.73,"IMD gridded (rainfall 0.25 deg, Tmax 1 deg)",REAL_GOVERNMENT
2018-03-31,0.0,39.77,0.0,40.0,"IMD gridded (rainfall 0.25 deg, Tmax 1 deg)",REAL_GOVERNMENT
2018-04-01,0.09,38.22,0.0,38.77,"IMD gridded (rainfall 0.25 deg, Tmax 1 deg)",REAL_GOVERNMENT
2018-04-02,0.0,37.99,0.0,38.27,"IMD gridded (rainfall 0.25 deg, Tmax 1 deg)",REAL_GOVERNMENT
2018-04-03,0.0,38.99,0.0,39.23,"IMD gridded (rainfall 0.25 deg, Tmax 1 deg)",REAL_GOVERNMENT
2018-04-04,0.0,39.73,0.0,40.04,"IMD gridded (rainfall 0.25 deg, Tmax 1 deg)",REAL_GOVERNMENT
2018-04-05,0.0,40.19,0.0,40.45,"IMD gridded (rainfall 0.25 deg, Tmax 1 deg)",REAL_GOVERNMENT
2018-04-06,0.0,39.54,0.0,39.62,"IMD gridded (rainfall 0.25 deg, Tmax 1 deg)",REAL_GOVERNMENT
2018-04-07,0.0,38.56,0.0,38.88,"IMD gridded (rainfall 0.25 deg, Tmax 1 deg)",REAL_GOVERNMENT
2018-04-08,0.0,36.13,0.0,35.9,"IMD gridded (rainfall 0.25 deg, Tmax 1 deg)",REAL_GOVERNMENT
2018-04-09,0.0,38.04,0.0,38.08,"IMD gridded (rainfall 0.25 deg, Tmax 1 deg)",REAL_GOVERNMENT
2018-04-10,0.15,37.39,0.0,37.52,"IMD gridded (rainfall 0.25 deg, Tmax 1 deg)",REAL_GOVERNMENT
2018-04-11,0.19,37.27,0.0,37.24,"IMD gridded (rainfall 0.25 deg, Tmax 1 deg)",REAL_GOVERNMENT
2018-04-12,1.69,37.0,0.0,37.34,"IMD gridded (rainfall 0.25 deg, Tmax 1 deg)",REAL_GOVERNMENT
2018-04-13,0.12,37.73,0.0,38.02,"IMD gridded (rainfall 0.25 deg, Tmax 1 deg)",REAL_GOVERNMENT
2018-04-14,1.28,38.15,2.99,38.33,"IMD gridded (rainfall 0.25 deg, Tmax 1 deg)",REAL_GOVERNMENT
2018-04-15,2.05,37.91,5.39,38.03,"IMD gridded (rainfall 0.25 deg, Tmax 1 deg)",REAL_GOVERNMENT
2018-04-16,0.61,40.16,0.52,40.13,"IMD gridded (rainfall 0.25 deg, Tmax 1 deg)",REAL_GOVERNMENT
2018-04-17,0.0,41.12,0.0,41.23,"IMD gridded (rainfall 0.25 deg, Tmax 1 deg)",REAL_GOVERNMENT
2018-04-18,0.0,40.65,0.0,40.93,"IMD gridded (rainfall 0.25 deg, Tmax 1 deg)",REAL_GOVERNMENT
2018-04-19,0.0,40.93,0.0,41.05,"IMD gridded (rainfall 0.25 deg, Tmax 1 deg)",REAL_GOVERNMENT
2018-04-20,0.0,41.05,0.0,41.18,"IMD gridded (rainfall 0.25 deg, Tmax 1 deg)",REAL_GOVERNMENT
2018-04-21,0.0,40.37,0.0,40.66,"IMD gridded (rainfall 0.25 deg, Tmax 1 deg)",REAL_GOVERNMENT
2018-04-22,0.0,39.79,0.0,40.08,"IMD gridded (rainfall 0.25 deg, Tmax 1 deg)",REAL_GOVERNMENT
2018-04-23,0.0,39.61,0.0,39.94,"IMD gridded (rainfall 0.25 deg, Tmax 1 deg)",REAL_GOVERNMENT
2018-04-24,0.0,39.7,0.0,39.74,"IMD gridded (rainfall 0.25 deg, Tmax 1 deg)",REAL_GOVERNMENT
2018-04-25,0.0,40.39,0.0,40.32,"IMD gridded (rainfall 0.25 deg, Tmax 1 deg)",REAL_GOVERNMENT
2018-04-26,0.0,41.73,0.0,41.77,"IMD gridded (rainfall 0.25 deg, Tmax 1 deg)",REAL_GOVERNMENT
2018-04-27,0.01,41.95,0.0,42.06,"IMD gridded (rainfall 0.25 deg, Tmax 1 deg)",REAL_GOVERNMENT
2018-04-28,0.0,42.27,0.0,42.37,"IMD gridded (rainfall 0.25 deg, Tmax 1 deg)",REAL_GOVERNMENT
2018-04-29,0.0,42.41,0.0,42.74,"IMD gridded (rainfall 0.25 deg, Tmax 1 deg)",REAL_GOVERNMENT
2018-04-30,0.0,42.07,0.0,42.51,"IMD gridded (rainfall 0.25 deg, Tmax 1 deg)",REAL_GOVERNMENT
2018-05-01,0.0,41.62,0.0,42.08,"IMD gridded (rainfall 0.25 deg, Tmax 1 deg)",REAL_GOVERNMENT
2018-05-02,0.0,41.99,0.0,42.37,"IMD gridded (rainfall 0.25 deg, Tmax 1 deg)",REAL_GOVERNMENT
2018-05-03,0.24,39.71,0.0,39.99,"IMD gridded (rainfall 0.25 deg, Tmax 1 deg)",REAL_GOVERNMENT
2018-05-04,0.0,41.09,0.0,41.4,"IMD gridded (rainfall 0.25 deg, Tmax 1 deg)",REAL_GOVERNMENT
2018-05-05,0.0,41.94,0.0,42.09,"IMD gridded (rainfall 0.25 deg, Tmax 1 deg)",REAL_GOVERNMENT
2018-05-06,0.0,42.48,0.0,42.62,"IMD gridded (rainfall 0.25 deg, Tmax 1 deg)",REAL_GOVERNMENT
2018-05-07,0.0,42.12,0.0,42.12,"IMD gridded (rainfall 0.25 deg, Tmax 1 deg)",REAL_GOVERNMENT
2018-05-08,0.0,41.15,0.0,41.38,"IMD gridded (rainfall 0.25 deg, Tmax 1 deg)",REAL_GOVERNMENT
2018-05-09,0.0,41.96,0.0,42.27,"IMD gridded (rainfall 0.25 deg, Tmax 1 deg)",REAL_GOVERNMENT
2018-05-10,0.0,42.1,0.0,42.38,"IMD gridded (rainfall 0.25 deg, Tmax 1 deg)",REAL_GOVERNMENT
2018-05-11,0.0,43.14,0.0,43.36,"IMD gridded (rainfall 0.25 deg, Tmax 1 deg)",REAL_GOVERNMENT
2018-05-12,0.0,43.54,0.0,43.92,"IMD gridded (rainfall 0.25 deg, Tmax 1 deg)",REAL_GOVERNMENT
2018-05-13,0.14,42.38,0.0,42.32,"IMD gridded (rainfall 0.25 deg, Tmax 1 deg)",REAL_GOVERNMENT
2018-05-14,0.0,41.46,0.0,41.64,"IMD gridded (rainfall 0.25 deg, Tmax 1 deg)",REAL_GOVERNMENT
2018-05-15,0.4,40.71,0.0,40.71,"IMD gridded (rainfall 0.25 deg, Tmax 1 deg)",REAL_GOVERNMENT
2018-05-16,0.0,41.73,0.0,42.04,"IMD gridded (rainfall 0.25 deg, Tmax 1 deg)",REAL_GOVERNMENT
2018-05-17,0.0,42.71,0.0,42.83,"IMD gridded (rainfall 0.25 deg, Tmax 1 deg)",REAL_GOVERNMENT
2018-05-18,0.0,42.93,0.0,43.29,"IMD gridded (rainfall 0.25 deg, Tmax 1 deg)",REAL_GOVERNMENT
2018-05-19,0.0,43.26,0.0,43.49,"IMD gridded (rainfall 0.25 deg, Tmax 1 deg)",REAL_GOVERNMENT
2018-05-20,0.0,43.36,0.0,43.76,"IMD gridded (rainfall 0.25 deg, Tmax 1 deg)",REAL_GOVERNMENT
2018-05-21,0.0,43.41,0.0,43.62,"IMD gridded (rainfall 0.25 deg, Tmax 1 deg)",REAL_GOVERNMENT
2018-05-22,0.81,43.16,0.0,43.22,"IMD gridded (rainfall 0.25 deg, Tmax 1 deg)",REAL_GOVERNMENT
2018-05-23,0.8,41.92,1.57,41.56,"IMD gridded (rainfall 0.25 deg, Tmax 1 deg)",REAL_GOVERNMENT
2018-05-24,0.0,43.66,0.0,43.92,"IMD gridded (rainfall 0.25 deg, Tmax 1 deg)",REAL_GOVERNMENT
2018-05-25,0.0,43.31,0.0,43.58,"IMD gridded (rainfall 0.25 deg, Tmax 1 deg)",REAL_GOVERNMENT
2018-05-26,0.0,43.47,0.0,43.24,"IMD gridded (rainfall 0.25 deg, Tmax 1 deg)",REAL_GOVERNMENT
2018-05-27,1.14,42.45,0.0,42.25,"IMD gridded (rainfall 0.25 deg, Tmax 1 deg)",REAL_GOVERNMENT
2018-05-28,0.0,44.43,0.0,44.31,"IMD gridded (rainfall 0.25 deg, Tmax 1 deg)",REAL_GOVERNMENT
2018-05-29,0.0,43.96,0.0,44.02,"IMD gridded (rainfall 0.25 deg, Tmax 1 deg)",REAL_GOVERNMENT
2018-05-30,0.0,43.48,0.0,43.71,"IMD gridded (rainfall 0.25 deg, Tmax 1 deg)",REAL_GOVERNMENT
2018-05-31,0.25,41.74,0.31,42.0,"IMD gridded (rainfall 0.25 deg, Tmax 1 deg)",REAL_GOVERNMENT
2018-06-01,0.45,41.79,0.0,41.82,"IMD gridded (rainfall 0.25 deg, Tmax 1 deg)",REAL_GOVERNMENT
2018-06-02,0.79,39.93,0.0,39.66,"IMD gridded (rainfall 0.25 deg, Tmax 1 deg)",REAL_GOVERNMENT
2018-06-03,0.28,40.7,0.0,40.21,"IMD gridded (rainfall 0.25 deg, Tmax 1 deg)",REAL_GOVERNMENT
2018-06-04,1.96,40.71,0.34,40.8,"IMD gridded (rainfall 0.25 deg, Tmax 1 deg)",REAL_GOVERNMENT
2018-06-05,2.79,40.34,0.2,40.12,"IMD gridded (rainfall 0.25 deg, Tmax 1 deg)",REAL_GOVERNMENT
2018-06-06,0.25,39.72,0.0,39.59,"IMD gridded (rainfall 0.25 deg, Tmax 1 deg)",REAL_GOVERNMENT
2018-06-07,2.92,38.58,0.0,37.9,"IMD gridded (rainfall 0.25 deg, Tmax 1 deg)",REAL_GOVERNMENT
2018-06-08,6.44,36.92,4.4,36.2,"IMD gridded (rainfall 0.25 deg, Tmax 1 deg)",REAL_GOVERNMENT
2018-06-09,2.6,35.63,0.0,35.01,"IMD gridded (rainfall 0.25 deg, Tmax 1 deg)",REAL_GOVERNMENT
2018-06-10,28.45,33.39,7.06,33.04,"IMD gridded (rainfall 0.25 deg, Tmax 1 deg)",REAL_GOVERNMENT
2018-06-11,1.78,35.76,4.02,35.47,"IMD gridded (rainfall 0.25 deg, Tmax 1 deg)",REAL_GOVERNMENT
2018-06-12,14.85,36.48,17.31,36.0,"IMD gridded (rainfall 0.25 deg, Tmax 1 deg)",REAL_GOVERNMENT
2018-06-13,8.39,36.89,1.22,36.5,"IMD gridded (rainfall 0.25 deg, Tmax 1 deg)",REAL_GOVERNMENT
2018-06-14,1.67,38.2,0.0,37.9,"IMD gridded (rainfall 0.25 deg, Tmax 1 deg)",REAL_GOVERNMENT
2018-06-15,0.0,38.28,0.0,38.01,"IMD gridded (rainfall 0.25 deg, Tmax 1 deg)",REAL_GOVERNMENT
2018-06-16,0.0,38.64,0.0,38.23,"IMD gridded (rainfall 0.25 deg, Tmax 1 deg)",REAL_GOVERNMENT
2018-06-17,0.0,37.97,0.0,37.59,"IMD gridded (rainfall 0.25 deg, Tmax 1 deg)",REAL_GOVERNMENT
2018-06-18,0.59,37.7,0.14,37.45,"IMD gridded (rainfall 0.25 deg, Tmax 1 deg)",REAL_GOVERNMENT
2018-06-19,3.23,37.77,1.12,37.19,"IMD gridded (rainfall 0.25 deg, Tmax 1 deg)",REAL_GOVERNMENT
2018-06-20,2.31,38.81,0.78,38.45,"IMD gridded (rainfall 0.25 deg, Tmax 1 deg)",REAL_GOVERNMENT
2018-06-21,5.01,37.76,5.42,37.3,"IMD gridded (rainfall 0.25 deg, Tmax 1 deg)",REAL_GOVERNMENT
2018-06-22,10.74,35.59,22.07,34.74,"IMD gridded (rainfall 0.25 deg, Tmax 1 deg)",REAL_GOVERNMENT
2018-06-23,0.07,35.41,0.0,35.0,"IMD gridded (rainfall 0.25 deg, Tmax 1 deg)",REAL_GOVERNMENT
2018-06-24,2.9,35.79,0.0,35.37,"IMD gridded (rainfall 0.25 deg, Tmax 1 deg)",REAL_GOVERNMENT
2018-06-25,0.0,34.99,0.0,34.4,"IMD gridded (rainfall 0.25 deg, Tmax 1 deg)",REAL_GOVERNMENT
2018-06-26,0.0,31.3,0.0,30.97,"IMD gridded (rainfall 0.25 deg, Tmax 1 deg)",REAL_GOVERNMENT
2018-06-27,1.28,29.29,0.0,28.93,"IMD gridded (rainfall 0.25 deg, Tmax 1 deg)",REAL_GOVERNMENT
2018-06-28,32.01,27.99,19.29,27.71,"IMD gridded (rainfall 0.25 deg, Tmax 1 deg)",REAL_GOVERNMENT
2018-06-29,21.21,30.66,11.41,30.46,"IMD gridded (rainfall 0.25 deg, Tmax 1 deg)",REAL_GOVERNMENT
2018-06-30,2.03,32.23,5.68,31.91,"IMD gridded (rainfall 0.25 deg, Tmax 1 deg)",REAL_GOVERNMENT
2018-07-01,2.58,33.05,0.79,32.83,"IMD gridded (rainfall 0.25 deg, Tmax 1 deg)",REAL_GOVERNMENT
2018-07-02,11.49,32.48,2.46,32.22,"IMD gridded (rainfall 0.25 deg, Tmax 1 deg)",REAL_GOVERNMENT
2018-07-03,4.93,32.44,5.25,32.18,"IMD gridded (rainfall 0.25 deg, Tmax 1 deg)",REAL_GOVERNMENT
2018-07-04,4.65,30.95,1.24,30.64,"IMD gridded (rainfall 0.25 deg, Tmax 1 deg)",REAL_GOVERNMENT
2018-07-05,14.11,29.96,15.01,29.86,"IMD gridded (rainfall 0.25 deg, Tmax 1 deg)",REAL_GOVERNMENT
2018-07-06,14.76,30.37,12.66,29.21,"IMD gridded (rainfall 0.25 deg, Tmax 1 deg)",REAL_GOVERNMENT
2018-07-07,33.4,32.06,9.08,31.43,"IMD gridded (rainfall 0.25 deg, Tmax 1 deg)",REAL_GOVERNMENT
2018-07-08,8.14,33.35,2.64,32.62,"IMD gridded (rainfall 0.25 deg, Tmax 1 deg)",REAL_GOVERNMENT
2018-07-09,41.44,30.32,54.06,29.33,"IMD gridded (rainfall 0.25 deg, Tmax 1 deg)",REAL_GOVERNMENT
2018-07-10,17.2,29.25,9.21,28.3,"IMD gridded (rainfall 0.25 deg, Tmax 1 deg)",REAL_GOVERNMENT
2018-07-11,14.31,28.67,5.82,27.63,"IMD gridded (rainfall 0.25 deg, Tmax 1 deg)",REAL_GOVERNMENT
2018-07-12,16.67,27.97,7.31,27.45,"IMD gridded (rainfall 0.25 deg, Tmax 1 deg)",REAL_GOVERNMENT
2018-07-13,17.41,28.73,25.7,28.27,"IMD gridded (rainfall 0.25 deg, Tmax 1 deg)",REAL_GOVERNMENT
2018-07-14,14.54,28.71,12.86,28.48,"IMD gridded (rainfall 0.25 deg, Tmax 1 deg)",REAL_GOVERNMENT
2018-07-15,9.05,31.31,17.65,31.0,"IMD gridded (rainfall 0.25 deg, Tmax 1 deg)",REAL_GOVERNMENT
2018-07-16,35.08,30.14,31.14,29.36,"IMD gridded (rainfall 0.25 deg, Tmax 1 deg)",REAL_GOVERNMENT
2018-07-17,50.87,28.69,64.6,28.33,"IMD gridded (rainfall 0.25 deg, Tmax 1 deg)",REAL_GOVERNMENT
2018-07-18,14.65,28.41,35.32,28.51,"IMD gridded (rainfall 0.25 deg, Tmax 1 deg)",REAL_GOVERNMENT
2018-07-19,1.67,28.65,0.0,28.69,"IMD gridded (rainfall 0.25 deg, Tmax 1 deg)",REAL_GOVERNMENT
2018-07-20,3.19,29.26,0.0,28.87,"IMD gridded (rainfall 0.25 deg, Tmax 1 deg)",REAL_GOVERNMENT
2018-07-21,1.93,28.54,0.0,28.33,"IMD gridded (rainfall 0.25 deg, Tmax 1 deg)",REAL_GOVERNMENT
2018-07-22,9.72,27.35,0.7,27.22,"IMD gridded (rainfall 0.25 deg, Tmax 1 deg)",REAL_GOVERNMENT
2018-07-23,37.3,26.18,20.28,26.08,"IMD gridded (rainfall 0.25 deg, Tmax 1 deg)",REAL_GOVERNMENT
2018-07-24,9.83,27.11,3.35,27.06,"IMD gridded (rainfall 0.25 deg, Tmax 1 deg)",REAL_GOVERNMENT
2018-07-25,0.63,26.71,0.14,26.71,"IMD gridded (rainfall 0.25 deg, Tmax 1 deg)",REAL_GOVERNMENT
2018-07-26,7.4,26.1,0.83,26.2,"IMD gridded (rainfall 0.25 deg, Tmax 1 deg)",REAL_GOVERNMENT
2018-07-27,4.46,27.13,0.0,27.22,"IMD gridded (rainfall 0.25 deg, Tmax 1 deg)",REAL_GOVERNMENT
2018-07-28,1.01,29.21,0.0,29.46,"IMD gridded (rainfall 0.25 deg, Tmax 1 deg)",REAL_GOVERNMENT
2018-07-29,2.14,29.62,5.79,29.81,"IMD gridded (rainfall 0.25 deg, Tmax 1 deg)",REAL_GOVERNMENT
2018-07-30,0.51,29.65,3.47,30.06,"IMD gridded (rainfall 0.25 deg, Tmax 1 deg)",REAL_GOVERNMENT
2018-07-31,0.0,29.43,0.0,29.56,"IMD gridded (rainfall 0.25 deg, Tmax 1 deg)",REAL_GOVERNMENT
2018-08-01,0.26,30.18,0.0,30.63,"IMD gridded (rainfall 0.25 deg, Tmax 1 deg)",REAL_GOVERNMENT
2018-08-02,2.21,30.31,3.05,30.63,"IMD gridded (rainfall 0.25 deg, Tmax 1 deg)",REAL_GOVERNMENT
2018-08-03,0.0,30.44,0.0,30.68,"IMD gridded (rainfall 0.25 deg, Tmax 1 deg)",REAL_GOVERNMENT
2018-08-04,0.16,31.47,1.69,31.62,"IMD gridded (rainfall 0.25 deg, Tmax 1 deg)",REAL_GOVERNMENT
2018-08-05,0.0,30.77,0.0,30.85,"IMD gridded (rainfall 0.25 deg, Tmax 1 deg)",REAL_GOVERNMENT
2018-08-06,2.61,29.58,0.21,29.68,"IMD gridded (rainfall 0.25 deg, Tmax 1 deg)",REAL_GOVERNMENT
2018-08-07,7.27,28.65,12.4,28.73,"IMD gridded (rainfall 0.25 deg, Tmax 1 deg)",REAL_GOVERNMENT
2018-08-08,11.7,27.56,4.31,27.72,"IMD gridded (rainfall 0.25 deg, Tmax 1 deg)",REAL_GOVERNMENT
2018-08-09,11.51,29.19,6.69,29.4,"IMD gridded (rainfall 0.25 deg, Tmax 1 deg)",REAL_GOVERNMENT
2018-08-10,6.65,29.0,11.0,29.2,"IMD gridded (rainfall 0.25 deg, Tmax 1 deg)",REAL_GOVERNMENT
2018-08-11,4.72,28.88,13.31,28.99,"IMD gridded (rainfall 0.25 deg, Tmax 1 deg)",REAL_GOVERNMENT
2018-08-12,2.39,28.2,0.63,27.72,"IMD gridded (rainfall 0.25 deg, Tmax 1 deg)",REAL_GOVERNMENT
2018-08-13,11.69,29.66,17.15,29.92,"IMD gridded (rainfall 0.25 deg, Tmax 1 deg)",REAL_GOVERNMENT
2018-08-14,2.53,29.72,9.44,29.85,"IMD gridded (rainfall 0.25 deg, Tmax 1 deg)",REAL_GOVERNMENT
2018-08-15,7.16,28.78,9.61,28.72,"IMD gridded (rainfall 0.25 deg, Tmax 1 deg)",REAL_GOVERNMENT
2018-08-16,30.11,29.11,26.92,28.72,"IMD gridded (rainfall 0.25 deg, Tmax 1 deg)",REAL_GOVERNMENT
2018-08-17,6.48,29.19,10.09,28.53,"IMD gridded (rainfall 0.25 deg, Tmax 1 deg)",REAL_GOVERNMENT
2018-08-18,0.55,28.97,0.71,28.43,"IMD gridded (rainfall 0.25 deg, Tmax 1 deg)",REAL_GOVERNMENT
2018-08-19,12.11,28.45,9.91,28.23,"IMD gridded (rainfall 0.25 deg, Tmax 1 deg)",REAL_GOVERNMENT
2018-08-20,5.68,28.12,13.18,27.76,"IMD gridded (rainfall 0.25 deg, Tmax 1 deg)",REAL_GOVERNMENT
2018-08-21,47.1,27.48,26.66,27.06,"IMD gridded (rainfall 0.25 deg, Tmax 1 deg)",REAL_GOVERNMENT
2018-08-22,4.72,27.11,0.52,27.39,"IMD gridded (rainfall 0.25 deg, Tmax 1 deg)",REAL_GOVERNMENT
2018-08-23,0.8,26.88,0.0,26.73,"IMD gridded (rainfall 0.25 deg, Tmax 1 deg)",REAL_GOVERNMENT
2018-08-24,2.62,27.29,0.59,27.61,"IMD gridded (rainfall 0.25 deg, Tmax 1 deg)",REAL_GOVERNMENT
2018-08-25,1.83,26.73,2.77,27.03,"IMD gridded (rainfall 0.25 deg, Tmax 1 deg)",REAL_GOVERNMENT
2018-08-26,4.67,27.71,1.94,27.88,"IMD gridded (rainfall 0.25 deg, Tmax 1 deg)",REAL_GOVERNMENT
2018-08-27,12.86,27.52,22.56,27.31,"IMD gridded (rainfall 0.25 deg, Tmax 1 deg)",REAL_GOVERNMENT
2018-08-28,40.58,26.64,53.9,26.58,"IMD gridded (rainfall 0.25 deg, Tmax 1 deg)",REAL_GOVERNMENT
2018-08-29,38.21,27.73,37.0,27.79,"IMD gridded (rainfall 0.25 deg, Tmax 1 deg)",REAL_GOVERNMENT
2018-08-30,7.17,28.01,36.57,28.16,"IMD gridded (rainfall 0.25 deg, Tmax 1 deg)",REAL_GOVERNMENT
2018-08-31,4.72,26.37,2.77,26.05,"IMD gridded (rainfall 0.25 deg, Tmax 1 deg)",REAL_GOVERNMENT
2018-09-01,11.37,26.48,24.23,26.72,"IMD gridded (rainfall 0.25 deg, Tmax 1 deg)",REAL_GOVERNMENT
2018-09-02,4.54,27.59,3.67,27.71,"IMD gridded (rainfall 0.25 deg, Tmax 1 deg)",REAL_GOVERNMENT
2018-09-03,4.92,27.94,6.37,28.09,"IMD gridded (rainfall 0.25 deg, Tmax 1 deg)",REAL_GOVERNMENT
2018-09-04,4.46,28.51,0.0,28.5,"IMD gridded (rainfall 0.25 deg, Tmax 1 deg)",REAL_GOVERNMENT
2018-09-05,1.05,26.83,5.06,26.81,"IMD gridded (rainfall 0.25 deg, Tmax 1 deg)",REAL_GOVERNMENT
2018-09-06,6.16,25.89,8.78,25.91,"IMD gridded (rainfall 0.25 deg, Tmax 1 deg)",REAL_GOVERNMENT
2018-09-07,14.64,24.99,27.9,24.79,"IMD gridded (rainfall 0.25 deg, Tmax 1 deg)",REAL_GOVERNMENT
2018-09-08,4.97,27.17,0.0,27.8,"IMD gridded (rainfall 0.25 deg, Tmax 1 deg)",REAL_GOVERNMENT
2018-09-09,0.0,30.49,0.0,30.62,"IMD gridded (rainfall 0.25 deg, Tmax 1 deg)",REAL_GOVERNMENT
2018-09-10,0.0,30.64,0.0,31.03,"IMD gridded (rainfall 0.25 deg, Tmax 1 deg)",REAL_GOVERNMENT
2018-09-11,0.15,31.19,0.0,31.23,"IMD gridded (rainfall 0.25 deg, Tmax 1 deg)",REAL_GOVERNMENT
2018-09-12,0.0,30.48,0.0,30.72,"IMD gridded (rainfall 0.25 deg, Tmax 1 deg)",REAL_GOVERNMENT
2018-09-13,0.0,31.31,0.0,31.39,"IMD gridded (rainfall 0.25 deg, Tmax 1 deg)",REAL_GOVERNMENT
2018-09-14,0.0,31.32,0.0,31.58,"IMD gridded (rainfall 0.25 deg, Tmax 1 deg)",REAL_GOVERNMENT
2018-09-15,0.0,31.55,0.0,31.61,"IMD gridded (rainfall 0.25 deg, Tmax 1 deg)",REAL_GOVERNMENT
2018-09-16,0.0,32.36,0.0,32.57,"IMD gridded (rainfall 0.25 deg, Tmax 1 deg)",REAL_GOVERNMENT
2018-09-17,0.94,32.4,0.0,32.66,"IMD gridded (rainfall 0.25 deg, Tmax 1 deg)",REAL_GOVERNMENT
2018-09-18,1.33,32.8,0.93,32.86,"IMD gridded (rainfall 0.25 deg, Tmax 1 deg)",REAL_GOVERNMENT
2018-09-19,0.79,32.78,0.0,32.68,"IMD gridded (rainfall 0.25 deg, Tmax 1 deg)",REAL_GOVERNMENT
2018-09-20,0.0,32.64,0.0,32.61,"IMD gridded (rainfall 0.25 deg, Tmax 1 deg)",REAL_GOVERNMENT
2018-09-21,5.41,28.15,6.54,27.97,"IMD gridded (rainfall 0.25 deg, Tmax 1 deg)",REAL_GOVERNMENT
2018-09-22,26.48,27.63,26.06,27.6,"IMD gridded (rainfall 0.25 deg, Tmax 1 deg)",REAL_GOVERNMENT
2018-09-23,3.88,30.84,0.0,30.8,"IMD gridded (rainfall 0.25 deg, Tmax 1 deg)",REAL_GOVERNMENT
2018-09-24,0.01,31.68,0.0,31.41,"IMD gridded (rainfall 0.25 deg, Tmax 1 deg)",REAL_GOVERNMENT
2018-09-25,1.63,32.11,0.0,32.16,"IMD gridded (rainfall 0.25 deg, Tmax 1 deg)",REAL_GOVERNMENT
2018-09-26,0.0,32.93,0.0,32.8,"IMD gridded (rainfall 0.25 deg, Tmax 1 deg)",REAL_GOVERNMENT
2018-09-27,0.0,33.12,0.0,33.01,"IMD gridded (rainfall 0.25 deg, Tmax 1 deg)",REAL_GOVERNMENT
2018-09-28,0.13,33.7,0.0,33.69,"IMD gridded (rainfall 0.25 deg, Tmax 1 deg)",REAL_GOVERNMENT
2018-09-29,0.0,33.84,0.0,33.7,"IMD gridded (rainfall 0.25 deg, Tmax 1 deg)",REAL_GOVERNMENT
2018-09-30,0.0,33.91,0.0,33.87,"IMD gridded (rainfall 0.25 deg, Tmax 1 deg)",REAL_GOVERNMENT
2018-10-01,0.0,34.01,0.0,33.87,"IMD gridded (rainfall 0.25 deg, Tmax 1 deg)",REAL_GOVERNMENT
2018-10-02,0.0,34.22,0.0,33.96,"IMD gridded (rainfall 0.25 deg, Tmax 1 deg)",REAL_GOVERNMENT
2018-10-03,0.0,34.61,0.0,34.41,"IMD gridded (rainfall 0.25 deg, Tmax 1 deg)",REAL_GOVERNMENT
2018-10-04,0.0,34.42,0.0,34.17,"IMD gridded (rainfall 0.25 deg, Tmax 1 deg)",REAL_GOVERNMENT
2018-10-05,0.1,33.83,0.0,33.76,"IMD gridded (rainfall 0.25 deg, Tmax 1 deg)",REAL_GOVERNMENT
2018-10-06,3.41,34.24,0.0,34.21,"IMD gridded (rainfall 0.25 deg, Tmax 1 deg)",REAL_GOVERNMENT
2018-10-07,0.0,34.54,0.0,34.52,"IMD gridded (rainfall 0.25 deg, Tmax 1 deg)",REAL_GOVERNMENT
2018-10-08,0.0,34.4,0.0,34.29,"IMD gridded (rainfall 0.25 deg, Tmax 1 deg)",REAL_GOVERNMENT
2018-10-09,0.0,34.47,0.0,34.41,"IMD gridded (rainfall 0.25 deg, Tmax 1 deg)",REAL_GOVERNMENT
2018-10-10,0.0,33.88,0.0,33.66,"IMD gridded (rainfall 0.25 deg, Tmax 1 deg)",REAL_GOVERNMENT
2018-10-11,0.0,31.78,0.0,32.06,"IMD gridded (rainfall 0.25 deg, Tmax 1 deg)",REAL_GOVERNMENT
2018-10-12,0.02,31.34,0.0,31.63,"IMD gridded (rainfall 0.25 deg, Tmax 1 deg)",REAL_GOVERNMENT
2018-10-13,0.0,31.93,0.0,32.02,"IMD gridded (rainfall 0.25 deg, Tmax 1 deg)",REAL_GOVERNMENT
2018-10-14,0.0,33.25,0.0,33.34,"IMD gridded (rainfall 0.25 deg, Tmax 1 deg)",REAL_GOVERNMENT
2018-10-15,0.0,34.02,0.0,33.98,"IMD gridded (rainfall 0.25 deg, Tmax 1 deg)",REAL_GOVERNMENT
2018-10-16,0.0,34.22,0.0,34.13,"IMD gridded (rainfall 0.25 deg, Tmax 1 deg)",REAL_GOVERNMENT
2018-10-17,0.0,33.75,0.0,33.48,"IMD gridded (rainfall 0.25 deg, Tmax 1 deg)",REAL_GOVERNMENT
2018-10-18,0.0,33.99,0.0,33.91,"IMD gridded (rainfall 0.25 deg, Tmax 1 deg)",REAL_GOVERNMENT
2018-10-19,0.0,34.09,0.0,33.99,"IMD gridded (rainfall 0.25 deg, Tmax 1 deg)",REAL_GOVERNMENT
2018-10-20,0.0,34.56,0.0,34.39,"IMD gridded (rainfall 0.25 deg, Tmax 1 deg)",REAL_GOVERNMENT
2018-10-21,0.0,34.55,0.0,34.55,"IMD gridded (rainfall 0.25 deg, Tmax 1 deg)",REAL_GOVERNMENT
2018-10-22,0.09,33.79,0.0,33.87,"IMD gridded (rainfall 0.25 deg, Tmax 1 deg)",REAL_GOVERNMENT
2018-10-23,0.0,33.22,0.0,33.28,"IMD gridded (rainfall 0.25 deg, Tmax 1 deg)",REAL_GOVERNMENT
2018-10-24,0.0,33.2,0.0,33.15,"IMD gridded (rainfall 0.25 deg, Tmax 1 deg)",REAL_GOVERNMENT
2018-10-25,0.0,33.24,0.0,33.15,"IMD gridded (rainfall 0.25 deg, Tmax 1 deg)",REAL_GOVERNMENT
2018-10-26,0.0,33.37,0.0,33.35,"IMD gridded (rainfall 0.25 deg, Tmax 1 deg)",REAL_GOVERNMENT
2018-10-27,0.0,33.64,0.0,33.76,"IMD gridded (rainfall 0.25 deg, Tmax 1 deg)",REAL_GOVERNMENT
2018-10-28,0.0,32.08,0.0,32.25,"IMD gridded (rainfall 0.25 deg, Tmax 1 deg)",REAL_GOVERNMENT
2018-10-29,0.0,30.99,0.0,31.04,"IMD gridded (rainfall 0.25 deg, Tmax 1 deg)",REAL_GOVERNMENT
2018-10-30,0.0,30.76,0.0,30.83,"IMD gridded (rainfall 0.25 deg, Tmax 1 deg)",REAL_GOVERNMENT
2018-10-31,0.0,31.41,0.0,31.32,"IMD gridded (rainfall 0.25 deg, Tmax 1 deg)",REAL_GOVERNMENT
2018-11-01,0.0,31.87,0.0,31.77,"IMD gridded (rainfall 0.25 deg, Tmax 1 deg)",REAL_GOVERNMENT
2018-11-02,0.0,32.56,0.0,32.42,"IMD gridded (rainfall 0.25 deg, Tmax 1 deg)",REAL_GOVERNMENT
2018-11-03,0.0,32.34,0.0,32.3,"IMD gridded (rainfall 0.25 deg, Tmax 1 deg)",REAL_GOVERNMENT
2018-11-04,0.0,33.32,0.0,33.19,"IMD gridded (rainfall 0.25 deg, Tmax 1 deg)",REAL_GOVERNMENT
2018-11-05,0.0,32.11,0.0,32.04,"IMD gridded (rainfall 0.25 deg, Tmax 1 deg)",REAL_GOVERNMENT
2018-11-06,0.0,30.86,0.0,31.13,"IMD gridded (rainfall 0.25 deg, Tmax 1 deg)",REAL_GOVERNMENT
2018-11-07,0.0,30.48,0.0,30.82,"IMD gridded (rainfall 0.25 deg, Tmax 1 deg)",REAL_GOVERNMENT
2018-11-08,0.0,30.8,0.0,31.13,"IMD gridded (rainfall 0.25 deg, Tmax 1 deg)",REAL_GOVERNMENT
2018-11-09,0.0,31.02,0.0,31.29,"IMD gridded (rainfall 0.25 deg, Tmax 1 deg)",REAL_GOVERNMENT
2018-11-10,0.0,31.91,0.0,32.19,"IMD gridded (rainfall 0.25 deg, Tmax 1 deg)",REAL_GOVERNMENT
2018-11-11,0.0,31.3,0.0,31.48,"IMD gridded (rainfall 0.25 deg, Tmax 1 deg)",REAL_GOVERNMENT
2018-11-12,0.0,31.5,0.0,31.59,"IMD gridded (rainfall 0.25 deg, Tmax 1 deg)",REAL_GOVERNMENT
2018-11-13,0.0,32.2,0.0,32.17,"IMD gridded (rainfall 0.25 deg, Tmax 1 deg)",REAL_GOVERNMENT
2018-11-14,0.0,32.64,0.0,32.67,"IMD gridded (rainfall 0.25 deg, Tmax 1 deg)",REAL_GOVERNMENT
2018-11-15,0.0,32.73,0.0,32.77,"IMD gridded (rainfall 0.25 deg, Tmax 1 deg)",REAL_GOVERNMENT
2018-11-16,0.0,31.69,0.0,31.84,"IMD gridded (rainfall 0.25 deg, Tmax 1 deg)",REAL_GOVERNMENT
2018-11-17,0.0,31.5,0.0,31.75,"IMD gridded (rainfall 0.25 deg, Tmax 1 deg)",REAL_GOVERNMENT
2018-11-18,0.0,31.74,0.0,31.77,"IMD gridded (rainfall 0.25 deg, Tmax 1 deg)",REAL_GOVERNMENT
2018-11-19,0.0,32.12,0.0,32.13,"IMD gridded (rainfall 0.25 deg, Tmax 1 deg)",REAL_GOVERNMENT
2018-11-20,0.0,32.23,0.0,32.16,"IMD gridded (rainfall 0.25 deg, Tmax 1 deg)",REAL_GOVERNMENT
2018-11-21,0.0,31.69,0.0,31.71,"IMD gridded (rainfall 0.25 deg, Tmax 1 deg)",REAL_GOVERNMENT
2018-11-22,0.0,30.9,0.0,30.93,"IMD gridded (rainfall 0.25 deg, Tmax 1 deg)",REAL_GOVERNMENT
2018-11-23,0.0,30.48,0.0,30.47,"IMD gridded (rainfall 0.25 deg, Tmax 1 deg)",REAL_GOVERNMENT
2018-11-24,0.0,29.5,0.0,29.76,"IMD gridded (rainfall 0.25 deg, Tmax 1 deg)",REAL_GOVERNMENT
2018-11-25,0.0,29.57,0.0,29.88,"IMD gridded (rainfall 0.25 deg, Tmax 1 deg)",REAL_GOVERNMENT
2018-11-26,0.0,29.55,0.0,29.75,"IMD gridded (rainfall 0.25 deg, Tmax 1 deg)",REAL_GOVERNMENT
2018-11-27,0.0,29.32,0.0,29.3,"IMD gridded (rainfall 0.25 deg, Tmax 1 deg)",REAL_GOVERNMENT
2018-11-28,0.0,29.82,0.0,30.0,"IMD gridded (rainfall 0.25 deg, Tmax 1 deg)",REAL_GOVERNMENT
2018-11-29,0.0,29.29,0.0,29.46,"IMD gridded (rainfall 0.25 deg, Tmax 1 deg)",REAL_GOVERNMENT
2018-11-30,0.0,28.22,0.0,28.54,"IMD gridded (rainfall 0.25 deg, Tmax 1 deg)",REAL_GOVERNMENT
2018-12-01,0.0,27.73,0.0,27.93,"IMD gridded (rainfall 0.25 deg, Tmax 1 deg)",REAL_GOVERNMENT
2018-12-02,0.0,27.72,0.0,27.82,"IMD gridded (rainfall 0.25 deg, Tmax 1 deg)",REAL_GOVERNMENT
2018-12-03,0.0,27.11,0.0,27.22,"IMD gridded (rainfall 0.25 deg, Tmax 1 deg)",REAL_GOVERNMENT
2018-12-04,0.0,27.34,0.0,27.58,"IMD gridded (rainfall 0.25 deg, Tmax 1 deg)",REAL_GOVERNMENT
2018-12-05,0.0,27.43,0.0,27.81,"IMD gridded (rainfall 0.25 deg, Tmax 1 deg)",REAL_GOVERNMENT
2018-12-06,0.0,27.61,0.0,27.92,"IMD gridded (rainfall 0.25 deg, Tmax 1 deg)",REAL_GOVERNMENT
2018-12-07,0.0,27.39,0.0,27.67,"IMD gridded (rainfall 0.25 deg, Tmax 1 deg)",REAL_GOVERNMENT
2018-12-08,0.0,27.88,0.0,28.22,"IMD gridded (rainfall 0.25 deg, Tmax 1 deg)",REAL_GOVERNMENT
2018-12-09,0.3,27.32,0.0,27.49,"IMD gridded (rainfall 0.25 deg, Tmax 1 deg)",REAL_GOVERNMENT
2018-12-10,1.65,26.55,5.57,26.77,"IMD gridded (rainfall 0.25 deg, Tmax 1 deg)",REAL_GOVERNMENT
2018-12-11,5.49,26.43,1.9,26.77,"IMD gridded (rainfall 0.25 deg, Tmax 1 deg)",REAL_GOVERNMENT
2018-12-12,0.0,27.2,0.0,27.5,"IMD gridded (rainfall 0.25 deg, Tmax 1 deg)",REAL_GOVERNMENT
2018-12-13,0.0,26.73,0.0,27.18,"IMD gridded (rainfall 0.25 deg, Tmax 1 deg)",REAL_GOVERNMENT
2018-12-14,0.0,24.76,0.0,25.26,"IMD gridded (rainfall 0.25 deg, Tmax 1 deg)",REAL_GOVERNMENT
2018-12-15,0.0,24.69,0.0,25.21,"IMD gridded (rainfall 0.25 deg, Tmax 1 deg)",REAL_GOVERNMENT
2018-12-16,0.0,23.68,0.0,24.15,"IMD gridded (rainfall 0.25 deg, Tmax 1 deg)",REAL_GOVERNMENT
2018-12-17,0.27,20.7,0.87,21.15,"IMD gridded (rainfall 0.25 deg, Tmax 1 deg)",REAL_GOVERNMENT
2018-12-18,11.72,23.38,12.75,23.94,"IMD gridded (rainfall 0.25 deg, Tmax 1 deg)",REAL_GOVERNMENT
2018-12-19,0.0,24.58,0.0,24.89,"IMD gridded (rainfall 0.25 deg, Tmax 1 deg)",REAL_GOVERNMENT
2018-12-20,0.0,25.7,0.0,26.0,"IMD gridded (rainfall 0.25 deg, Tmax 1 deg)",REAL_GOVERNMENT
2018-12-21,0.0,25.8,0.0,26.07,"IMD gridded (rainfall 0.25 deg, Tmax 1 deg)",REAL_GOVERNMENT
2018-12-22,0.0,26.23,0.0,26.46,"IMD gridded (rainfall 0.25 deg, Tmax 1 deg)",REAL_GOVERNMENT
2018-12-23,0.0,27.0,0.0,27.31,"IMD gridded (rainfall 0.25 deg, Tmax 1 deg)",REAL_GOVERNMENT
2018-12-24,0.0,26.54,0.0,27.01,"IMD gridded (rainfall 0.25 deg, Tmax 1 deg)",REAL_GOVERNMENT
2018-12-25,0.0,26.49,0.0,26.85,"IMD gridded (rainfall 0.25 deg, Tmax 1 deg)",REAL_GOVERNMENT
2018-12-26,0.0,27.67,0.0,28.08,"IMD gridded (rainfall 0.25 deg, Tmax 1 deg)",REAL_GOVERNMENT
2018-12-27,0.0,24.79,0.0,25.47,"IMD gridded (rainfall 0.25 deg, Tmax 1 deg)",REAL_GOVERNMENT
2018-12-28,0.0,23.71,0.0,24.28,"IMD gridded (rainfall 0.25 deg, Tmax 1 deg)",REAL_GOVERNMENT
2018-12-29,0.0,23.81,0.0,24.17,"IMD gridded (rainfall 0.25 deg, Tmax 1 deg)",REAL_GOVERNMENT
2018-12-30,0.0,24.83,0.0,25.08,"IMD gridded (rainfall 0.25 deg, Tmax 1 deg)",REAL_GOVERNMENT
2018-12-31,0.0,26.13,0.0,26.5,"IMD gridded (rainfall 0.25 deg, Tmax 1 deg)",REAL_GOVERNMENT
2019-01-01,0.0,27.8,0.0,28.37,"IMD gridded (rainfall 0.25 deg, Tmax 1 deg)",REAL_GOVERNMENT
2019-01-02,0.0,28.85,0.0,29.31,"IMD gridded (rainfall 0.25 deg, Tmax 1 deg)",REAL_GOVERNMENT
2019-01-03,0.0,27.92,0.0,28.55,"IMD gridded (rainfall 0.25 deg, Tmax 1 deg)",REAL_GOVERNMENT
2019-01-04,0.0,27.65,0.0,28.28,"IMD gridded (rainfall 0.25 deg, Tmax 1 deg)",REAL_GOVERNMENT
2019-01-05,0.0,28.56,0.0,28.9,"IMD gridded (rainfall 0.25 deg, Tmax 1 deg)",REAL_GOVERNMENT
2019-01-06,0.0,28.13,0.0,28.4,"IMD gridded (rainfall 0.25 deg, Tmax 1 deg)",REAL_GOVERNMENT
2019-01-07,0.02,24.71,0.0,25.2,"IMD gridded (rainfall 0.25 deg, Tmax 1 deg)",REAL_GOVERNMENT
2019-01-08,0.0,25.23,0.0,25.79,"IMD gridded (rainfall 0.25 deg, Tmax 1 deg)",REAL_GOVERNMENT
2019-01-09,0.0,24.92,0.0,25.66,"IMD gridded (rainfall 0.25 deg, Tmax 1 deg)",REAL_GOVERNMENT
2019-01-10,0.0,25.41,0.0,26.05,"IMD gridded (rainfall 0.25 deg, Tmax 1 deg)",REAL_GOVERNMENT
2019-01-11,0.0,26.2,0.0,26.9,"IMD gridded (rainfall 0.25 deg, Tmax 1 deg)",REAL_GOVERNMENT
2019-01-12,0.0,27.04,0.0,27.64,"IMD gridded (rainfall 0.25 deg, Tmax 1 deg)",REAL_GOVERNMENT
2019-01-13,0.0,26.97,0.0,27.36,"IMD gridded (rainfall 0.25 deg, Tmax 1 deg)",REAL_GOVERNMENT
2019-01-14,0.0,24.56,0.0,24.97,"IMD gridded (rainfall 0.25 deg, Tmax 1 deg)",REAL_GOVERNMENT
2019-01-15,0.0,24.89,0.0,25.38,"IMD gridded (rainfall 0.25 deg, Tmax 1 deg)",REAL_GOVERNMENT
2019-01-16,0.0,26.71,0.0,26.91,"IMD gridded (rainfall 0.25 deg, Tmax 1 deg)",REAL_GOVERNMENT
2019-01-17,0.0,28.49,0.0,28.94,"IMD gridded (rainfall 0.25 deg, Tmax 1 deg)",REAL_GOVERNMENT
2019-01-18,0.0,27.5,0.0,27.9,"IMD gridded (rainfall 0.25 deg, Tmax 1 deg)",REAL_GOVERNMENT
2019-01-19,0.0,28.32,0.0,28.67,"IMD gridded (rainfall 0.25 deg, Tmax 1 deg)",REAL_GOVERNMENT
2019-01-20,0.0,30.51,0.0,30.55,"IMD gridded (rainfall 0.25 deg, Tmax 1 deg)",REAL_GOVERNMENT
2019-01-21,0.0,31.59,0.0,31.65,"IMD gridded (rainfall 0.25 deg, Tmax 1 deg)",REAL_GOVERNMENT
2019-01-22,0.0,29.23,0.0,29.48,"IMD gridded (rainfall 0.25 deg, Tmax 1 deg)",REAL_GOVERNMENT
2019-01-23,0.0,27.69,0.0,28.06,"IMD gridded (rainfall 0.25 deg, Tmax 1 deg)",REAL_GOVERNMENT
2019-01-24,0.0,26.7,0.0,27.34,"IMD gridded (rainfall 0.25 deg, Tmax 1 deg)",REAL_GOVERNMENT
2019-01-25,17.55,22.11,9.67,22.68,"IMD gridded (rainfall 0.25 deg, Tmax 1 deg)",REAL_GOVERNMENT
2019-01-26,6.51,20.69,7.94,21.11,"IMD gridded (rainfall 0.25 deg, Tmax 1 deg)",REAL_GOVERNMENT
2019-01-27,0.55,21.17,0.29,21.63,"IMD gridded (rainfall 0.25 deg, Tmax 1 deg)",REAL_GOVERNMENT
2019-01-28,0.0,21.53,0.0,22.31,"IMD gridded (rainfall 0.25 deg, Tmax 1 deg)",REAL_GOVERNMENT
2019-01-29,0.0,21.62,0.0,22.08,"IMD gridded (rainfall 0.25 deg, Tmax 1 deg)",REAL_GOVERNMENT
2019-01-30,0.0,23.61,0.0,24.29,"IMD gridded (rainfall 0.25 deg, Tmax 1 deg)",REAL_GOVERNMENT
2019-01-31,0.0,27.07,0.0,27.74,"IMD gridded (rainfall 0.25 deg, Tmax 1 deg)",REAL_GOVERNMENT
2019-02-01,0.0,28.26,0.0,28.36,"IMD gridded (rainfall 0.25 deg, Tmax 1 deg)",REAL_GOVERNMENT
2019-02-02,0.0,28.5,0.0,28.88,"IMD gridded (rainfall 0.25 deg, Tmax 1 deg)",REAL_GOVERNMENT
2019-02-03,0.0,29.22,0.0,29.64,"IMD gridded (rainfall 0.25 deg, Tmax 1 deg)",REAL_GOVERNMENT
2019-02-04,0.0,29.66,0.0,30.04,"IMD gridded (rainfall 0.25 deg, Tmax 1 deg)",REAL_GOVERNMENT
2019-02-05,0.0,30.79,0.0,31.04,"IMD gridded (rainfall 0.25 deg, Tmax 1 deg)",REAL_GOVERNMENT
2019-02-06,0.0,31.23,0.0,31.49,"IMD gridded (rainfall 0.25 deg, Tmax 1 deg)",REAL_GOVERNMENT
2019-02-07,0.0,29.23,0.0,29.74,"IMD gridded (rainfall 0.25 deg, Tmax 1 deg)",REAL_GOVERNMENT
2019-02-08,0.58,26.44,0.0,27.09,"IMD gridded (rainfall 0.25 deg, Tmax 1 deg)",REAL_GOVERNMENT
2019-02-09,0.01,23.27,0.0,23.94,"IMD gridded (rainfall 0.25 deg, Tmax 1 deg)",REAL_GOVERNMENT
2019-02-10,0.0,25.96,0.0,26.3,"IMD gridded (rainfall 0.25 deg, Tmax 1 deg)",REAL_GOVERNMENT
2019-02-11,0.0,28.42,0.0,29.04,"IMD gridded (rainfall 0.25 deg, Tmax 1 deg)",REAL_GOVERNMENT
2019-02-12,0.0,30.68,0.0,30.91,"IMD gridded (rainfall 0.25 deg, Tmax 1 deg)",REAL_GOVERNMENT
2019-02-13,0.0,32.33,0.0,32.67,"IMD gridded (rainfall 0.25 deg, Tmax 1 deg)",REAL_GOVERNMENT
2019-02-14,0.0,32.67,0.0,33.32,"IMD gridded (rainfall 0.25 deg, Tmax 1 deg)",REAL_GOVERNMENT
2019-02-15,0.09,28.88,0.0,29.38,"IMD gridded (rainfall 0.25 deg, Tmax 1 deg)",REAL_GOVERNMENT
2019-02-16,9.21,27.34,2.92,28.27,"IMD gridded (rainfall 0.25 deg, Tmax 1 deg)",REAL_GOVERNMENT
2019-02-17,0.0,27.29,0.0,28.04,"IMD gridded (rainfall 0.25 deg, Tmax 1 deg)",REAL_GOVERNMENT
2019-02-18,0.0,29.75,0.0,30.33,"IMD gridded (rainfall 0.25 deg, Tmax 1 deg)",REAL_GOVERNMENT
2019-02-19,0.0,32.25,0.0,32.78,"IMD gridded (rainfall 0.25 deg, Tmax 1 deg)",REAL_GOVERNMENT
2019-02-20,0.0,33.29,0.0,33.89,"IMD gridded (rainfall 0.25 deg, Tmax 1 deg)",REAL_GOVERNMENT
2019-02-21,0.0,34.62,0.0,34.79,"IMD gridded (rainfall 0.25 deg, Tmax 1 deg)",REAL_GOVERNMENT
2019-02-22,0.0,33.98,0.0,34.59,"IMD gridded (rainfall 0.25 deg, Tmax 1 deg)",REAL_GOVERNMENT
2019-02-23,0.41,32.05,0.0,32.99,"IMD gridded (rainfall 0.25 deg, Tmax 1 deg)",REAL_GOVERNMENT
2019-02-24,0.0,32.96,0.0,33.7,"IMD gridded (rainfall 0.25 deg, Tmax 1 deg)",REAL_GOVERNMENT
2019-02-25,0.34,32.0,0.0,32.68,"IMD gridded (rainfall 0.25 deg, Tmax 1 deg)",REAL_GOVERNMENT
2019-02-26,0.0,31.12,0.0,31.81,"IMD gridded (rainfall 0.25 deg, Tmax 1 deg)",REAL_GOVERNMENT
2019-02-27,0.0,28.44,0.0,29.46,"IMD gridded (rainfall 0.25 deg, Tmax 1 deg)",REAL_GOVERNMENT
2019-02-28,0.0,27.04,0.0,27.97,"IMD gridded (rainfall 0.25 deg, Tmax 1 deg)",REAL_GOVERNMENT
2019-03-01,0.0,28.35,0.0,29.18,"IMD gridded (rainfall 0.25 deg, Tmax 1 deg)",REAL_GOVERNMENT
2019-03-02,0.0,31.21,0.0,31.78,"IMD gridded (rainfall 0.25 deg, Tmax 1 deg)",REAL_GOVERNMENT
2019-03-03,4.64,30.89,10.47,31.74,"IMD gridded (rainfall 0.25 deg, Tmax 1 deg)",REAL_GOVERNMENT
2019-03-04,0.43,31.49,0.0,31.74,"IMD gridded (rainfall 0.25 deg, Tmax 1 deg)",REAL_GOVERNMENT
2019-03-05,0.0,29.9,0.0,30.14,"IMD gridded (rainfall 0.25 deg, Tmax 1 deg)",REAL_GOVERNMENT
2019-03-06,0.0,28.91,0.0,29.26,"IMD gridded (rainfall 0.25 deg, Tmax 1 deg)",REAL_GOVERNMENT
2019-03-07,0.0,30.24,0.0,30.31,"IMD gridded (rainfall 0.25 deg, Tmax 1 deg)",REAL_GOVERNMENT
2019-03-08,0.0,32.55,0.0,32.76,"IMD gridded (rainfall 0.25 deg, Tmax 1 deg)",REAL_GOVERNMENT
2019-03-09,0.0,33.78,0.0,33.87,"IMD gridded (rainfall 0.25 deg, Tmax 1 deg)",REAL_GOVERNMENT
2019-03-10,0.0,33.54,0.0,34.13,"IMD gridded (rainfall 0.25 deg, Tmax 1 deg)",REAL_GOVERNMENT
2019-03-11,0.0,34.86,0.0,35.0,"IMD gridded (rainfall 0.25 deg, Tmax 1 deg)",REAL_GOVERNMENT
2019-03-12,0.0,35.04,0.0,35.08,"IMD gridded (rainfall 0.25 deg, Tmax 1 deg)",REAL_GOVERNMENT
2019-03-13,0.0,35.72,0.0,35.89,"IMD gridded (rainfall 0.25 deg, Tmax 1 deg)",REAL_GOVERNMENT
2019-03-14,2.3,33.36,0.0,33.53,"IMD gridded (rainfall 0.25 deg, Tmax 1 deg)",REAL_GOVERNMENT
2019-03-15,0.0,32.75,0.0,33.22,"IMD gridded (rainfall 0.25 deg, Tmax 1 deg)",REAL_GOVERNMENT
2019-03-16,0.0,32.93,0.0,33.5,"IMD gridded (rainfall 0.25 deg, Tmax 1 deg)",REAL_GOVERNMENT
2019-03-17,0.0,32.15,0.0,33.26,"IMD gridded (rainfall 0.25 deg, Tmax 1 deg)",REAL_GOVERNMENT
2019-03-18,3.65,32.23,0.36,32.78,"IMD gridded (rainfall 0.25 deg, Tmax 1 deg)",REAL_GOVERNMENT
2019-03-19,0.0,33.72,0.0,33.86,"IMD gridded (rainfall 0.25 deg, Tmax 1 deg)",REAL_GOVERNMENT
2019-03-20,0.0,34.26,0.0,34.38,"IMD gridded (rainfall 0.25 deg, Tmax 1 deg)",REAL_GOVERNMENT
2019-03-21,5.38,34.2,1.54,34.29,"IMD gridded (rainfall 0.25 deg, Tmax 1 deg)",REAL_GOVERNMENT
2019-03-22,0.14,34.78,0.0,35.08,"IMD gridded (rainfall 0.25 deg, Tmax 1 deg)",REAL_GOVERNMENT
2019-03-23,0.0,34.79,0.0,35.15,"IMD gridded (rainfall 0.25 deg, Tmax 1 deg)",REAL_GOVERNMENT
2019-03-24,0.0,35.46,0.0,35.69,"IMD gridded (rainfall 0.25 deg, Tmax 1 deg)",REAL_GOVERNMENT
2019-03-25,0.0,37.47,0.0,37.77,"IMD gridded (rainfall 0.25 deg, Tmax 1 deg)",REAL_GOVERNMENT
2019-03-26,0.0,36.8,0.0,37.21,"IMD gridded (rainfall 0.25 deg, Tmax 1 deg)",REAL_GOVERNMENT
2019-03-27,0.0,36.46,0.0,36.9,"IMD gridded (rainfall 0.25 deg, Tmax 1 deg)",REAL_GOVERNMENT
2019-03-28,0.0,37.45,0.0,37.79,"IMD gridded (rainfall 0.25 deg, Tmax 1 deg)",REAL_GOVERNMENT
2019-03-29,0.0,39.43,0.0,39.56,"IMD gridded (rainfall 0.25 deg, Tmax 1 deg)",REAL_GOVERNMENT
2019-03-30,0.0,40.65,0.0,40.85,"IMD gridded (rainfall 0.25 deg, Tmax 1 deg)",REAL_GOVERNMENT
2019-03-31,0.0,40.28,0.0,40.38,"IMD gridded (rainfall 0.25 deg, Tmax 1 deg)",REAL_GOVERNMENT
2019-04-01,0.0,38.37,0.0,38.7,"IMD gridded (rainfall 0.25 deg, Tmax 1 deg)",REAL_GOVERNMENT
2019-04-02,0.0,39.12,0.0,39.45,"IMD gridded (rainfall 0.25 deg, Tmax 1 deg)",REAL_GOVERNMENT
2019-04-03,0.0,40.33,0.0,40.48,"IMD gridded (rainfall 0.25 deg, Tmax 1 deg)",REAL_GOVERNMENT
2019-04-04,0.0,41.19,0.0,41.36,"IMD gridded (rainfall 0.25 deg, Tmax 1 deg)",REAL_GOVERNMENT
2019-04-05,0.08,40.88,0.0,40.75,"IMD gridded (rainfall 0.25 deg, Tmax 1 deg)",REAL_GOVERNMENT
2019-04-06,0.0,40.54,0.0,40.62,"IMD gridded (rainfall 0.25 deg, Tmax 1 deg)",REAL_GOVERNMENT
2019-04-07,0.0,40.15,0.0,40.38,"IMD gridded (rainfall 0.25 deg, Tmax 1 deg)",REAL_GOVERNMENT
2019-04-08,0.0,39.84,0.0,39.99,"IMD gridded (rainfall 0.25 deg, Tmax 1 deg)",REAL_GOVERNMENT
2019-04-09,0.0,40.55,0.0,40.65,"IMD gridded (rainfall 0.25 deg, Tmax 1 deg)",REAL_GOVERNMENT
2019-04-10,0.0,41.2,0.0,41.33,"IMD gridded (rainfall 0.25 deg, Tmax 1 deg)",REAL_GOVERNMENT
2019-04-11,0.0,41.25,0.0,41.47,"IMD gridded (rainfall 0.25 deg, Tmax 1 deg)",REAL_GOVERNMENT
2019-04-12,0.74,41.09,0.0,41.0,"IMD gridded (rainfall 0.25 deg, Tmax 1 deg)",REAL_GOVERNMENT
2019-04-13,0.0,41.38,0.0,41.47,"IMD gridded (rainfall 0.25 deg, Tmax 1 deg)",REAL_GOVERNMENT
2019-04-14,0.0,41.9,0.0,41.93,"IMD gridded (rainfall 0.25 deg, Tmax 1 deg)",REAL_GOVERNMENT
2019-04-15,0.0,40.1,0.0,40.06,"IMD gridded (rainfall 0.25 deg, Tmax 1 deg)",REAL_GOVERNMENT
2019-04-16,0.16,34.57,0.0,34.62,"IMD gridded (rainfall 0.25 deg, Tmax 1 deg)",REAL_GOVERNMENT
2019-04-17,0.49,32.53,0.0,32.81,"IMD gridded (rainfall 0.25 deg, Tmax 1 deg)",REAL_GOVERNMENT
2019-04-18,0.05,35.62,0.0,35.85,"IMD gridded (rainfall 0.25 deg, Tmax 1 deg)",REAL_GOVERNMENT
2019-04-19,0.1,36.42,0.0,36.68,"IMD gridded (rainfall 0.25 deg, Tmax 1 deg)",REAL_GOVERNMENT
2019-04-20,0.0,37.72,0.0,37.92,"IMD gridded (rainfall 0.25 deg, Tmax 1 deg)",REAL_GOVERNMENT
2019-04-21,0.21,38.13,0.58,38.23,"IMD gridded (rainfall 0.25 deg, Tmax 1 deg)",REAL_GOVERNMENT
2019-04-22,0.0,39.67,0.0,39.31,"IMD gridded (rainfall 0.25 deg, Tmax 1 deg)",REAL_GOVERNMENT
2019-04-23,0.0,40.87,0.0,40.79,"IMD gridded (rainfall 0.25 deg, Tmax 1 deg)",REAL_GOVERNMENT
2019-04-24,0.0,41.83,0.0,41.73,"IMD gridded (rainfall 0.25 deg, Tmax 1 deg)",REAL_GOVERNMENT
2019-04-25,0.0,42.54,0.0,42.63,"IMD gridded (rainfall 0.25 deg, Tmax 1 deg)",REAL_GOVERNMENT
2019-04-26,0.0,42.98,0.0,43.0,"IMD gridded (rainfall 0.25 deg, Tmax 1 deg)",REAL_GOVERNMENT
2019-04-27,0.0,43.04,0.0,43.16,"IMD gridded (rainfall 0.25 deg, Tmax 1 deg)",REAL_GOVERNMENT
2019-04-28,0.0,43.43,0.0,43.31,"IMD gridded (rainfall 0.25 deg, Tmax 1 deg)",REAL_GOVERNMENT
2019-04-29,0.0,43.76,0.0,43.91,"IMD gridded (rainfall 0.25 deg, Tmax 1 deg)",REAL_GOVERNMENT
2019-04-30,0.0,43.06,0.0,43.17,"IMD gridded (rainfall 0.25 deg, Tmax 1 deg)",REAL_GOVERNMENT
2019-05-01,0.0,41.49,0.0,41.55,"IMD gridded (rainfall 0.25 deg, Tmax 1 deg)",REAL_GOVERNMENT
2019-05-02,0.0,41.4,0.0,41.6,"IMD gridded (rainfall 0.25 deg, Tmax 1 deg)",REAL_GOVERNMENT
2019-05-03,0.01,40.81,0.0,41.04,"IMD gridded (rainfall 0.25 deg, Tmax 1 deg)",REAL_GOVERNMENT
2019-05-04,0.0,39.26,0.0,39.46,"IMD gridded (rainfall 0.25 deg, Tmax 1 deg)",REAL_GOVERNMENT
2019-05-05,0.26,39.75,0.0,39.92,"IMD gridded (rainfall 0.25 deg, Tmax 1 deg)",REAL_GOVERNMENT
2019-05-06,0.0,40.85,0.0,40.71,"IMD gridded (rainfall 0.25 deg, Tmax 1 deg)",REAL_GOVERNMENT
2019-05-07,0.0,42.12,0.0,42.13,"IMD gridded (rainfall 0.25 deg, Tmax 1 deg)",REAL_GOVERNMENT
2019-05-08,0.0,42.07,0.0,41.98,"IMD gridded (rainfall 0.25 deg, Tmax 1 deg)",REAL_GOVERNMENT
2019-05-09,0.0,41.57,0.0,41.74,"IMD gridded (rainfall 0.25 deg, Tmax 1 deg)",REAL_GOVERNMENT
2019-05-10,0.0,40.74,0.0,40.81,"IMD gridded (rainfall 0.25 deg, Tmax 1 deg)",REAL_GOVERNMENT
2019-05-11,0.0,39.94,0.0,39.94,"IMD gridded (rainfall 0.25 deg, Tmax 1 deg)",REAL_GOVERNMENT
2019-05-12,0.0,41.32,0.0,41.18,"IMD gridded (rainfall 0.25 deg, Tmax 1 deg)",REAL_GOVERNMENT
2019-05-13,0.0,41.11,0.0,41.27,"IMD gridded (rainfall 0.25 deg, Tmax 1 deg)",REAL_GOVERNMENT
2019-05-14,0.0,40.73,0.0,40.88,"IMD gridded (rainfall 0.25 deg, Tmax 1 deg)",REAL_GOVERNMENT
2019-05-15,0.0,41.53,0.0,41.48,"IMD gridded (rainfall 0.25 deg, Tmax 1 deg)",REAL_GOVERNMENT
2019-05-16,0.0,40.91,0.0,41.11,"IMD gridded (rainfall 0.25 deg, Tmax 1 deg)",REAL_GOVERNMENT
2019-05-17,0.0,41.13,0.0,41.25,"IMD gridded (rainfall 0.25 deg, Tmax 1 deg)",REAL_GOVERNMENT
2019-05-18,0.0,40.54,0.0,40.58,"IMD gridded (rainfall 0.25 deg, Tmax 1 deg)",REAL_GOVERNMENT
2019-05-19,0.0,40.91,0.0,41.09,"IMD gridded (rainfall 0.25 deg, Tmax 1 deg)",REAL_GOVERNMENT
2019-05-20,0.0,41.97,0.0,42.2,"IMD gridded (rainfall 0.25 deg, Tmax 1 deg)",REAL_GOVERNMENT
2019-05-21,0.0,43.42,0.0,43.49,"IMD gridded (rainfall 0.25 deg, Tmax 1 deg)",REAL_GOVERNMENT
2019-05-22,0.86,43.62,2.45,43.61,"IMD gridded (rainfall 0.25 deg, Tmax 1 deg)",REAL_GOVERNMENT
2019-05-23,0.0,43.23,0.0,43.18,"IMD gridded (rainfall 0.25 deg, Tmax 1 deg)",REAL_GOVERNMENT
2019-05-24,0.0,42.97,0.0,43.03,"IMD gridded (rainfall 0.25 deg, Tmax 1 deg)",REAL_GOVERNMENT
2019-05-25,0.0,42.47,0.0,42.42,"IMD gridded (rainfall 0.25 deg, Tmax 1 deg)",REAL_GOVERNMENT
2019-05-26,0.0,43.09,0.0,43.18,"IMD gridded (rainfall 0.25 deg, Tmax 1 deg)",REAL_GOVERNMENT
2019-05-27,0.0,43.85,0.0,43.81,"IMD gridded (rainfall 0.25 deg, Tmax 1 deg)",REAL_GOVERNMENT
2019-05-28,0.0,44.22,0.0,44.33,"IMD gridded (rainfall 0.25 deg, Tmax 1 deg)",REAL_GOVERNMENT
2019-05-29,0.0,44.0,0.0,44.12,"IMD gridded (rainfall 0.25 deg, Tmax 1 deg)",REAL_GOVERNMENT
2019-05-30,0.0,43.76,0.0,43.73,"IMD gridded (rainfall 0.25 deg, Tmax 1 deg)",REAL_GOVERNMENT
2019-05-31,0.0,44.15,0.0,44.33,"IMD gridded (rainfall 0.25 deg, Tmax 1 deg)",REAL_GOVERNMENT
2019-06-01,0.06,42.49,0.0,42.28,"IMD gridded (rainfall 0.25 deg, Tmax 1 deg)",REAL_GOVERNMENT
2019-06-02,0.01,44.16,0.0,44.27,"IMD gridded (rainfall 0.25 deg, Tmax 1 deg)",REAL_GOVERNMENT
2019-06-03,0.09,43.71,0.0,44.15,"IMD gridded (rainfall 0.25 deg, Tmax 1 deg)",REAL_GOVERNMENT
2019-06-04,1.14,43.75,0.0,43.96,"IMD gridded (rainfall 0.25 deg, Tmax 1 deg)",REAL_GOVERNMENT
2019-06-05,0.0,44.5,0.0,44.0,"IMD gridded (rainfall 0.25 deg, Tmax 1 deg)",REAL_GOVERNMENT
2019-06-06,0.01,45.0,0.0,45.07,"IMD gridded (rainfall 0.25 deg, Tmax 1 deg)",REAL_GOVERNMENT
2019-06-07,0.03,44.0,0.0,43.85,"IMD gridded (rainfall 0.25 deg, Tmax 1 deg)",REAL_GOVERNMENT
2019-06-08,1.36,42.76,0.0,42.38,"IMD gridded (rainfall 0.25 deg, Tmax 1 deg)",REAL_GOVERNMENT
2019-06-09,0.1,43.51,0.0,42.88,"IMD gridded (rainfall 0.25 deg, Tmax 1 deg)",REAL_GOVERNMENT
2019-06-10,0.03,44.19,0.0,43.7,"IMD gridded (rainfall 0.25 deg, Tmax 1 deg)",REAL_GOVERNMENT
2019-06-11,0.04,44.47,0.0,44.05,"IMD gridded (rainfall 0.25 deg, Tmax 1 deg)",REAL_GOVERNMENT
2019-06-12,0.0,38.76,0.0,38.71,"IMD gridded (rainfall 0.25 deg, Tmax 1 deg)",REAL_GOVERNMENT
2019-06-13,0.0,40.99,0.0,40.84,"IMD gridded (rainfall 0.25 deg, Tmax 1 deg)",REAL_GOVERNMENT
2019-06-14,1.07,40.77,0.0,40.87,"IMD gridded (rainfall 0.25 deg, Tmax 1 deg)",REAL_GOVERNMENT
2019-06-15,1.39,39.66,0.46,39.52,"IMD gridded (rainfall 0.25 deg, Tmax 1 deg)",REAL_GOVERNMENT
2019-06-16,2.43,38.91,0.82,38.89,"IMD gridded (rainfall 0.25 deg, Tmax 1 deg)",REAL_GOVERNMENT
2019-06-17,1.79,38.0,3.42,38.14,"IMD gridded (rainfall 0.25 deg, Tmax 1 deg)",REAL_GOVERNMENT
2019-06-18,2.41,38.68,10.03,38.76,"IMD gridded (rainfall 0.25 deg, Tmax 1 deg)",REAL_GOVERNMENT
2019-06-19,0.35,37.87,0.3,38.14,"IMD gridded (rainfall 0.25 deg, Tmax 1 deg)",REAL_GOVERNMENT
2019-06-20,0.54,37.24,0.0,37.5,"IMD gridded (rainfall 0.25 deg, Tmax 1 deg)",REAL_GOVERNMENT
2019-06-21,0.14,38.22,0.32,38.38,"IMD gridded (rainfall 0.25 deg, Tmax 1 deg)",REAL_GOVERNMENT
2019-06-22,1.15,36.61,0.5,36.64,"IMD gridded (rainfall 0.25 deg, Tmax 1 deg)",REAL_GOVERNMENT
2019-06-23,2.6,35.49,0.0,35.89,"IMD gridded (rainfall 0.25 deg, Tmax 1 deg)",REAL_GOVERNMENT
2019-06-24,11.18,35.3,4.54,35.36,"IMD gridded (rainfall 0.25 deg, Tmax 1 deg)",REAL_GOVERNMENT
2019-06-25,0.13,37.51,0.0,37.32,"IMD gridded (rainfall 0.25 deg, Tmax 1 deg)",REAL_GOVERNMENT
2019-06-26,0.81,37.87,0.0,38.04,"IMD gridded (rainfall 0.25 deg, Tmax 1 deg)",REAL_GOVERNMENT
2019-06-27,3.54,35.8,0.91,35.62,"IMD gridded (rainfall 0.25 deg, Tmax 1 deg)",REAL_GOVERNMENT
2019-06-28,3.55,33.84,2.04,33.65,"IMD gridded (rainfall 0.25 deg, Tmax 1 deg)",REAL_GOVERNMENT
2019-06-29,3.31,34.62,1.44,34.39,"IMD gridded (rainfall 0.25 deg, Tmax 1 deg)",REAL_GOVERNMENT
2019-06-30,17.44,32.06,40.39,31.57,"IMD gridded (rainfall 0.25 deg, Tmax 1 deg)",REAL_GOVERNMENT
2019-07-01,30.07,32.3,12.79,31.64,"IMD gridded (rainfall 0.25 deg, Tmax 1 deg)",REAL_GOVERNMENT
2019-07-02,28.54,30.35,29.09,30.09,"IMD gridded (rainfall 0.25 deg, Tmax 1 deg)",REAL_GOVERNMENT
2019-07-03,41.53,27.25,46.51,27.13,"IMD gridded (rainfall 0.25 deg, Tmax 1 deg)",REAL_GOVERNMENT
2019-07-04,22.0,28.63,15.61,28.93,"IMD gridded (rainfall 0.25 deg, Tmax 1 deg)",REAL_GOVERNMENT
2019-07-05,5.49,28.25,0.48,28.16,"IMD gridded (rainfall 0.25 deg, Tmax 1 deg)",REAL_GOVERNMENT
2019-07-06,20.55,27.21,37.34,27.0,"IMD gridded (rainfall 0.25 deg, Tmax 1 deg)",REAL_GOVERNMENT
2019-07-07,8.77,28.72,15.57,28.67,"IMD gridded (rainfall 0.25 deg, Tmax 1 deg)",REAL_GOVERNMENT
2019-07-08,9.45,28.76,2.04,29.01,"IMD gridded (rainfall 0.25 deg, Tmax 1 deg)",REAL_GOVERNMENT
2019-07-09,9.49,30.62,12.98,30.61,"IMD gridded (rainfall 0.25 deg, Tmax 1 deg)",REAL_GOVERNMENT
2019-07-10,5.01,31.28,2.06,31.61,"IMD gridded (rainfall 0.25 deg, Tmax 1 deg)",REAL_GOVERNMENT
2019-07-11,0.55,32.17,0.0,32.05,"IMD gridded (rainfall 0.25 deg, Tmax 1 deg)",REAL_GOVERNMENT
2019-07-12,2.01,33.06,0.0,32.92,"IMD gridded (rainfall 0.25 deg, Tmax 1 deg)",REAL_GOVERNMENT
2019-07-13,0.3,33.38,0.0,33.5,"IMD gridded (rainfall 0.25 deg, Tmax 1 deg)",REAL_GOVERNMENT
2019-07-14,0.0,33.67,0.0,33.78,"IMD gridded (rainfall 0.25 deg, Tmax 1 deg)",REAL_GOVERNMENT
2019-07-15,0.73,34.06,0.64,34.12,"IMD gridded (rainfall 0.25 deg, Tmax 1 deg)",REAL_GOVERNMENT
2019-07-16,0.29,34.7,0.0,35.0,"IMD gridded (rainfall 0.25 deg, Tmax 1 deg)",REAL_GOVERNMENT
2019-07-17,0.0,35.15,0.0,35.25,"IMD gridded (rainfall 0.25 deg, Tmax 1 deg)",REAL_GOVERNMENT
2019-07-18,0.0,35.84,0.0,36.08,"IMD gridded (rainfall 0.25 deg, Tmax 1 deg)",REAL_GOVERNMENT
2019-07-19,10.34,34.52,1.82,34.35,"IMD gridded (rainfall 0.25 deg, Tmax 1 deg)",REAL_GOVERNMENT
2019-07-20,14.83,33.19,16.58,33.1,"IMD gridded (rainfall 0.25 deg, Tmax 1 deg)",REAL_GOVERNMENT
2019-07-21,3.81,33.26,6.3,32.66,"IMD gridded (rainfall 0.25 deg, Tmax 1 deg)",REAL_GOVERNMENT
2019-07-22,0.1,34.36,0.0,34.2,"IMD gridded (rainfall 0.25 deg, Tmax 1 deg)",REAL_GOVERNMENT
2019-07-23,0.67,35.09,0.0,35.03,"IMD gridded (rainfall 0.25 deg, Tmax 1 deg)",REAL_GOVERNMENT
2019-07-24,0.53,35.0,2.92,35.19,"IMD gridded (rainfall 0.25 deg, Tmax 1 deg)",REAL_GOVERNMENT
2019-07-25,4.24,31.96,0.0,32.0,"IMD gridded (rainfall 0.25 deg, Tmax 1 deg)",REAL_GOVERNMENT
2019-07-26,37.43,29.07,57.37,28.74,"IMD gridded (rainfall 0.25 deg, Tmax 1 deg)",REAL_GOVERNMENT
2019-07-27,12.93,28.21,0.58,28.1,"IMD gridded (rainfall 0.25 deg, Tmax 1 deg)",REAL_GOVERNMENT
2019-07-28,14.55,27.27,32.55,27.05,"IMD gridded (rainfall 0.25 deg, Tmax 1 deg)",REAL_GOVERNMENT
2019-07-29,14.69,28.49,20.26,27.97,"IMD gridded (rainfall 0.25 deg, Tmax 1 deg)",REAL_GOVERNMENT
2019-07-30,18.88,27.54,22.09,27.57,"IMD gridded (rainfall 0.25 deg, Tmax 1 deg)",REAL_GOVERNMENT
2019-07-31,20.57,25.95,6.37,25.57,"IMD gridded (rainfall 0.25 deg, Tmax 1 deg)",REAL_GOVERNMENT
2019-08-01,8.4,27.21,11.19,27.14,"IMD gridded (rainfall 0.25 deg, Tmax 1 deg)",REAL_GOVERNMENT
2019-08-02,3.11,28.16,2.3,27.83,"IMD gridded (rainfall 0.25 deg, Tmax 1 deg)",REAL_GOVERNMENT
2019-08-03,36.44,28.14,52.81,27.79,"IMD gridded (rainfall 0.25 deg, Tmax 1 deg)",REAL_GOVERNMENT
2019-08-04,12.67,29.48,5.84,29.54,"IMD gridded (rainfall 0.25 deg, Tmax 1 deg)",REAL_GOVERNMENT
2019-08-05,1.7,29.92,1.31,29.39,"IMD gridded (rainfall 0.25 deg, Tmax 1 deg)",REAL_GOVERNMENT
2019-08-06,4.19,28.4,0.0,28.21,"IMD gridded (rainfall 0.25 deg, Tmax 1 deg)",REAL_GOVERNMENT
2019-08-07,17.37,28.07,14.36,27.82,"IMD gridded (rainfall 0.25 deg, Tmax 1 deg)",REAL_GOVERNMENT
2019-08-08,54.42,26.17,66.27,25.92,"IMD gridded (rainfall 0.25 deg, Tmax 1 deg)",REAL_GOVERNMENT
2019-08-09,42.02,26.43,27.85,26.38,"IMD gridded (rainfall 0.25 deg, Tmax 1 deg)",REAL_GOVERNMENT
2019-08-10,5.08,30.56,8.21,30.75,"IMD gridded (rainfall 0.25 deg, Tmax 1 deg)",REAL_GOVERNMENT
2019-08-11,2.28,30.59,0.23,30.94,"IMD gridded (rainfall 0.25 deg, Tmax 1 deg)",REAL_GOVERNMENT
2019-08-12,0.47,29.85,1.95,29.91,"IMD gridded (rainfall 0.25 deg, Tmax 1 deg)",REAL_GOVERNMENT
2019-08-13,1.79,27.33,0.58,26.99,"IMD gridded (rainfall 0.25 deg, Tmax 1 deg)",REAL_GOVERNMENT
2019-08-14,43.38,26.77,17.38,26.48,"IMD gridded (rainfall 0.25 deg, Tmax 1 deg)",REAL_GOVERNMENT
2019-08-15,22.34,27.61,7.91,27.76,"IMD gridded (rainfall 0.25 deg, Tmax 1 deg)",REAL_GOVERNMENT
2019-08-16,5.36,30.36,13.58,30.6,"IMD gridded (rainfall 0.25 deg, Tmax 1 deg)",REAL_GOVERNMENT
2019-08-17,0.53,30.46,0.35,30.48,"IMD gridded (rainfall 0.25 deg, Tmax 1 deg)",REAL_GOVERNMENT
2019-08-18,1.0,30.13,0.0,30.3,"IMD gridded (rainfall 0.25 deg, Tmax 1 deg)",REAL_GOVERNMENT
2019-08-19,5.92,29.85,0.1,29.79,"IMD gridded (rainfall 0.25 deg, Tmax 1 deg)",REAL_GOVERNMENT
2019-08-20,7.45,28.99,16.6,28.91,"IMD gridded (rainfall 0.25 deg, Tmax 1 deg)",REAL_GOVERNMENT
2019-08-21,23.02,28.75,48.42,28.44,"IMD gridded (rainfall 0.25 deg, Tmax 1 deg)",REAL_GOVERNMENT
2019-08-22,10.04,29.34,5.54,29.18,"IMD gridded (rainfall 0.25 deg, Tmax 1 deg)",REAL_GOVERNMENT
2019-08-23,5.8,29.21,0.76,29.0,"IMD gridded (rainfall 0.25 deg, Tmax 1 deg)",REAL_GOVERNMENT
2019-08-24,5.88,27.6,5.33,27.99,"IMD gridded (rainfall 0.25 deg, Tmax 1 deg)",REAL_GOVERNMENT
2019-08-25,9.66,26.81,10.29,26.46,"IMD gridded (rainfall 0.25 deg, Tmax 1 deg)",REAL_GOVERNMENT
2019-08-26,14.59,27.3,8.96,26.85,"IMD gridded (rainfall 0.25 deg, Tmax 1 deg)",REAL_GOVERNMENT
2019-08-27,18.9,27.9,12.43,27.37,"IMD gridded (rainfall 0.25 deg, Tmax 1 deg)",REAL_GOVERNMENT
2019-08-28,5.2,29.18,0.12,29.32,"IMD gridded (rainfall 0.25 deg, Tmax 1 deg)",REAL_GOVERNMENT
2019-08-29,1.8,30.27,2.83,30.21,"IMD gridded (rainfall 0.25 deg, Tmax 1 deg)",REAL_GOVERNMENT
2019-08-30,7.22,30.33,0.0,30.34,"IMD gridded (rainfall 0.25 deg, Tmax 1 deg)",REAL_GOVERNMENT
2019-08-31,16.66,30.86,8.05,30.77,"IMD gridded (rainfall 0.25 deg, Tmax 1 deg)",REAL_GOVERNMENT
2019-09-01,3.14,31.38,1.89,31.3,"IMD gridded (rainfall 0.25 deg, Tmax 1 deg)",REAL_GOVERNMENT
2019-09-02,5.5,29.91,2.23,29.42,"IMD gridded (rainfall 0.25 deg, Tmax 1 deg)",REAL_GOVERNMENT
2019-09-03,16.83,29.28,28.91,29.2,"IMD gridded (rainfall 0.25 deg, Tmax 1 deg)",REAL_GOVERNMENT
2019-09-04,30.6,29.11,11.76,29.08,"IMD gridded (rainfall 0.25 deg, Tmax 1 deg)",REAL_GOVERNMENT
2019-09-05,18.75,30.33,15.72,30.17,"IMD gridded (rainfall 0.25 deg, Tmax 1 deg)",REAL_GOVERNMENT
2019-09-06,12.8,30.06,1.41,29.6,"IMD gridded (rainfall 0.25 deg, Tmax 1 deg)",REAL_GOVERNMENT
2019-09-07,18.48,30.63,1.9,30.27,"IMD gridded (rainfall 0.25 deg, Tmax 1 deg)",REAL_GOVERNMENT
2019-09-08,70.08,27.99,40.98,27.85,"IMD gridded (rainfall 0.25 deg, Tmax 1 deg)",REAL_GOVERNMENT
2019-09-09,33.85,28.29,23.38,28.47,"IMD gridded (rainfall 0.25 deg, Tmax 1 deg)",REAL_GOVERNMENT
2019-09-10,6.84,28.99,6.08,29.31,"IMD gridded (rainfall 0.25 deg, Tmax 1 deg)",REAL_GOVERNMENT
2019-09-11,10.84,27.95,6.99,28.08,"IMD gridded (rainfall 0.25 deg, Tmax 1 deg)",REAL_GOVERNMENT
2019-09-12,25.08,26.55,48.32,26.58,"IMD gridded (rainfall 0.25 deg, Tmax 1 deg)",REAL_GOVERNMENT
2019-09-13,20.04,27.87,16.88,28.04,"IMD gridded (rainfall 0.25 deg, Tmax 1 deg)",REAL_GOVERNMENT
2019-09-14,3.37,26.66,3.24,26.51,"IMD gridded (rainfall 0.25 deg, Tmax 1 deg)",REAL_GOVERNMENT
2019-09-15,1.1,28.5,0.1,28.36,"IMD gridded (rainfall 0.25 deg, Tmax 1 deg)",REAL_GOVERNMENT
2019-09-16,0.26,29.14,0.0,28.84,"IMD gridded (rainfall 0.25 deg, Tmax 1 deg)",REAL_GOVERNMENT
2019-09-17,3.44,29.91,0.2,30.24,"IMD gridded (rainfall 0.25 deg, Tmax 1 deg)",REAL_GOVERNMENT
2019-09-18,9.57,29.55,7.15,29.71,"IMD gridded (rainfall 0.25 deg, Tmax 1 deg)",REAL_GOVERNMENT
2019-09-19,2.01,30.16,0.17,29.98,"IMD gridded (rainfall 0.25 deg, Tmax 1 deg)",REAL_GOVERNMENT
2019-09-20,1.57,31.08,0.17,30.91,"IMD gridded (rainfall 0.25 deg, Tmax 1 deg)",REAL_GOVERNMENT
2019-09-21,5.97,31.18,8.38,31.19,"IMD gridded (rainfall 0.25 deg, Tmax 1 deg)",REAL_GOVERNMENT
2019-09-22,7.86,30.93,7.36,31.02,"IMD gridded (rainfall 0.25 deg, Tmax 1 deg)",REAL_GOVERNMENT
2019-09-23,1.89,31.0,2.76,31.15,"IMD gridded (rainfall 0.25 deg, Tmax 1 deg)",REAL_GOVERNMENT
2019-09-24,3.38,29.94,0.57,30.14,"IMD gridded (rainfall 0.25 deg, Tmax 1 deg)",REAL_GOVERNMENT
2019-09-25,2.57,28.62,1.63,28.58,"IMD gridded (rainfall 0.25 deg, Tmax 1 deg)",REAL_GOVERNMENT
2019-09-26,20.66,27.97,16.21,28.12,"IMD gridded (rainfall 0.25 deg, Tmax 1 deg)",REAL_GOVERNMENT
2019-09-27,3.53,28.99,4.13,29.13,"IMD gridded (rainfall 0.25 deg, Tmax 1 deg)",REAL_GOVERNMENT
2019-09-28,15.75,28.7,19.31,28.98,"IMD gridded (rainfall 0.25 deg, Tmax 1 deg)",REAL_GOVERNMENT
2019-09-29,35.13,29.54,33.1,29.78,"IMD gridded (rainfall 0.25 deg, Tmax 1 deg)",REAL_GOVERNMENT
2019-09-30,16.43,30.43,15.14,30.57,"IMD gridded (rainfall 0.25 deg, Tmax 1 deg)",REAL_GOVERNMENT
2019-10-01,6.64,30.65,10.37,30.63,"IMD gridded (rainfall 0.25 deg, Tmax 1 deg)",REAL_GOVERNMENT
2019-10-02,1.02,29.31,0.0,29.25,"IMD gridded (rainfall 0.25 deg, Tmax 1 deg)",REAL_GOVERNMENT
2019-10-03,0.01,30.62,0.0,30.68,"IMD gridded (rainfall 0.25 deg, Tmax 1 deg)",REAL_GOVERNMENT
2019-10-04,1.23,31.19,0.48,31.36,"IMD gridded (rainfall 0.25 deg, Tmax 1 deg)",REAL_GOVERNMENT
2019-10-05,0.03,31.16,0.0,31.08,"IMD gridded (rainfall 0.25 deg, Tmax 1 deg)",REAL_GOVERNMENT
2019-10-06,0.0,31.38,0.0,31.36,"IMD gridded (rainfall 0.25 deg, Tmax 1 deg)",REAL_GOVERNMENT
2019-10-07,0.25,31.05,0.0,31.17,"IMD gridded (rainfall 0.25 deg, Tmax 1 deg)",REAL_GOVERNMENT
2019-10-08,0.2,30.81,0.0,30.72,"IMD gridded (rainfall 0.25 deg, Tmax 1 deg)",REAL_GOVERNMENT
2019-10-09,0.3,30.79,0.0,30.69,"IMD gridded (rainfall 0.25 deg, Tmax 1 deg)",REAL_GOVERNMENT
2019-10-10,0.28,31.01,0.0,30.96,"IMD gridded (rainfall 0.25 deg, Tmax 1 deg)",REAL_GOVERNMENT
2019-10-11,0.0,31.04,0.0,30.93,"IMD gridded (rainfall 0.25 deg, Tmax 1 deg)",REAL_GOVERNMENT
2019-10-12,0.0,31.19,0.0,31.09,"IMD gridded (rainfall 0.25 deg, Tmax 1 deg)",REAL_GOVERNMENT
2019-10-13,0.0,31.52,0.0,31.43,"IMD gridded (rainfall 0.25 deg, Tmax 1 deg)",REAL_GOVERNMENT
2019-10-14,0.2,32.1,0.0,32.0,"IMD gridded (rainfall 0.25 deg, Tmax 1 deg)",REAL_GOVERNMENT
2019-10-15,0.01,31.85,0.0,31.71,"IMD gridded (rainfall 0.25 deg, Tmax 1 deg)",REAL_GOVERNMENT
2019-10-16,0.0,31.21,0.0,31.13,"IMD gridded (rainfall 0.25 deg, Tmax 1 deg)",REAL_GOVERNMENT
2019-10-17,0.0,31.02,0.0,30.79,"IMD gridded (rainfall 0.25 deg, Tmax 1 deg)",REAL_GOVERNMENT
2019-10-18,0.0,30.4,0.0,29.98,"IMD gridded (rainfall 0.25 deg, Tmax 1 deg)",REAL_GOVERNMENT
2019-10-19,3.75,27.85,1.58,27.84,"IMD gridded (rainfall 0.25 deg, Tmax 1 deg)",REAL_GOVERNMENT
2019-10-20,4.99,25.55,1.01,25.25,"IMD gridded (rainfall 0.25 deg, Tmax 1 deg)",REAL_GOVERNMENT
2019-10-21,8.42,27.55,4.19,27.45,"IMD gridded (rainfall 0.25 deg, Tmax 1 deg)",REAL_GOVERNMENT
2019-10-22,0.49,27.15,0.21,27.04,"IMD gridded (rainfall 0.25 deg, Tmax 1 deg)",REAL_GOVERNMENT
2019-10-23,0.02,27.4,0.0,27.66,"IMD gridded (rainfall 0.25 deg, Tmax 1 deg)",REAL_GOVERNMENT
2019-10-24,0.69,27.68,1.95,27.42,"IMD gridded (rainfall 0.25 deg, Tmax 1 deg)",REAL_GOVERNMENT
2019-10-25,0.31,26.63,0.0,26.37,"IMD gridded (rainfall 0.25 deg, Tmax 1 deg)",REAL_GOVERNMENT
2019-10-26,0.0,26.14,0.0,25.83,"IMD gridded (rainfall 0.25 deg, Tmax 1 deg)",REAL_GOVERNMENT
2019-10-27,1.95,27.98,0.75,28.27,"IMD gridded (rainfall 0.25 deg, Tmax 1 deg)",REAL_GOVERNMENT
2019-10-28,2.14,29.27,0.0,28.95,"IMD gridded (rainfall 0.25 deg, Tmax 1 deg)",REAL_GOVERNMENT
2019-10-29,0.34,30.34,0.0,30.13,"IMD gridded (rainfall 0.25 deg, Tmax 1 deg)",REAL_GOVERNMENT
2019-10-30,0.12,30.6,0.0,30.5,"IMD gridded (rainfall 0.25 deg, Tmax 1 deg)",REAL_GOVERNMENT
2019-10-31,0.0,30.45,0.0,30.16,"IMD gridded (rainfall 0.25 deg, Tmax 1 deg)",REAL_GOVERNMENT
2019-11-01,0.02,30.12,0.0,29.66,"IMD gridded (rainfall 0.25 deg, Tmax 1 deg)",REAL_GOVERNMENT
2019-11-02,0.92,29.35,0.0,29.11,"IMD gridded (rainfall 0.25 deg, Tmax 1 deg)",REAL_GOVERNMENT
2019-11-03,0.0,30.28,0.0,30.09,"IMD gridded (rainfall 0.25 deg, Tmax 1 deg)",REAL_GOVERNMENT
2019-11-04,0.0,30.82,0.0,30.68,"IMD gridded (rainfall 0.25 deg, Tmax 1 deg)",REAL_GOVERNMENT
2019-11-05,0.0,30.56,0.0,30.5,"IMD gridded (rainfall 0.25 deg, Tmax 1 deg)",REAL_GOVERNMENT
2019-11-06,0.0,30.26,0.0,30.5,"IMD gridded (rainfall 0.25 deg, Tmax 1 deg)",REAL_GOVERNMENT
2019-11-07,0.0,30.29,0.0,30.14,"IMD gridded (rainfall 0.25 deg, Tmax 1 deg)",REAL_GOVERNMENT
2019-11-08,0.0,29.47,0.0,29.53,"IMD gridded (rainfall 0.25 deg, Tmax 1 deg)",REAL_GOVERNMENT
2019-11-09,0.0,29.11,0.0,29.09,"IMD gridded (rainfall 0.25 deg, Tmax 1 deg)",REAL_GOVERNMENT
2019-11-10,0.0,29.83,0.0,29.85,"IMD gridded (rainfall 0.25 deg, Tmax 1 deg)",REAL_GOVERNMENT
2019-11-11,0.0,29.71,0.0,29.62,"IMD gridded (rainfall 0.25 deg, Tmax 1 deg)",REAL_GOVERNMENT
2019-11-12,0.0,29.7,0.0,29.42,"IMD gridded (rainfall 0.25 deg, Tmax 1 deg)",REAL_GOVERNMENT
2019-11-13,0.0,29.18,0.0,28.85,"IMD gridded (rainfall 0.25 deg, Tmax 1 deg)",REAL_GOVERNMENT
2019-11-14,0.0,29.06,0.0,29.0,"IMD gridded (rainfall 0.25 deg, Tmax 1 deg)",REAL_GOVERNMENT
2019-11-15,0.0,29.09,0.0,28.83,"IMD gridded (rainfall 0.25 deg, Tmax 1 deg)",REAL_GOVERNMENT
2019-11-16,0.0,29.58,0.0,29.32,"IMD gridded (rainfall 0.25 deg, Tmax 1 deg)",REAL_GOVERNMENT
2019-11-17,0.0,29.26,0.0,29.25,"IMD gridded (rainfall 0.25 deg, Tmax 1 deg)",REAL_GOVERNMENT
2019-11-18,0.0,28.87,0.0,28.73,"IMD gridded (rainfall 0.25 deg, Tmax 1 deg)",REAL_GOVERNMENT
2019-11-19,0.0,29.21,0.0,29.03,"IMD gridded (rainfall 0.25 deg, Tmax 1 deg)",REAL_GOVERNMENT
2019-11-20,0.0,29.01,0.0,29.04,"IMD gridded (rainfall 0.25 deg, Tmax 1 deg)",REAL_GOVERNMENT
2019-11-21,0.0,29.25,0.0,29.08,"IMD gridded (rainfall 0.25 deg, Tmax 1 deg)",REAL_GOVERNMENT
2019-11-22,0.0,29.32,0.0,29.09,"IMD gridded (rainfall 0.25 deg, Tmax 1 deg)",REAL_GOVERNMENT
2019-11-23,0.0,29.48,0.0,29.5,"IMD gridded (rainfall 0.25 deg, Tmax 1 deg)",REAL_GOVERNMENT
2019-11-24,0.0,29.05,0.0,28.85,"IMD gridded (rainfall 0.25 deg, Tmax 1 deg)",REAL_GOVERNMENT
2019-11-25,0.0,29.15,0.0,28.94,"IMD gridded (rainfall 0.25 deg, Tmax 1 deg)",REAL_GOVERNMENT
2019-11-26,0.0,29.77,0.0,29.51,"IMD gridded (rainfall 0.25 deg, Tmax 1 deg)",REAL_GOVERNMENT
2019-11-27,0.0,30.07,0.0,30.07,"IMD gridded (rainfall 0.25 deg, Tmax 1 deg)",REAL_GOVERNMENT
2019-11-28,0.0,29.8,0.0,29.54,"IMD gridded (rainfall 0.25 deg, Tmax 1 deg)",REAL_GOVERNMENT
2019-11-29,0.0,29.43,0.0,29.35,"IMD gridded (rainfall 0.25 deg, Tmax 1 deg)",REAL_GOVERNMENT
2019-11-30,0.0,29.06,0.0,29.19,"IMD gridded (rainfall 0.25 deg, Tmax 1 deg)",REAL_GOVERNMENT
2019-12-01,0.0,28.57,0.0,28.56,"IMD gridded (rainfall 0.25 deg, Tmax 1 deg)",REAL_GOVERNMENT
2019-12-02,0.0,28.62,0.0,28.9,"IMD gridded (rainfall 0.25 deg, Tmax 1 deg)",REAL_GOVERNMENT
2019-12-03,0.0,27.64,0.0,27.79,"IMD gridded (rainfall 0.25 deg, Tmax 1 deg)",REAL_GOVERNMENT
2019-12-04,0.0,27.43,0.0,27.67,"IMD gridded (rainfall 0.25 deg, Tmax 1 deg)",REAL_GOVERNMENT
2019-12-05,0.0,26.29,0.0,26.56,"IMD gridded (rainfall 0.25 deg, Tmax 1 deg)",REAL_GOVERNMENT
2019-12-06,0.0,26.03,0.0,26.23,"IMD gridded (rainfall 0.25 deg, Tmax 1 deg)",REAL_GOVERNMENT
2019-12-07,0.0,26.41,0.0,26.64,"IMD gridded (rainfall 0.25 deg, Tmax 1 deg)",REAL_GOVERNMENT
2019-12-08,0.0,27.04,0.0,27.39,"IMD gridded (rainfall 0.25 deg, Tmax 1 deg)",REAL_GOVERNMENT
2019-12-09,0.0,27.71,0.0,27.78,"IMD gridded (rainfall 0.25 deg, Tmax 1 deg)",REAL_GOVERNMENT
2019-12-10,0.0,27.01,0.0,27.18,"IMD gridded (rainfall 0.25 deg, Tmax 1 deg)",REAL_GOVERNMENT
2019-12-11,0.0,27.64,0.0,27.84,"IMD gridded (rainfall 0.25 deg, Tmax 1 deg)",REAL_GOVERNMENT
2019-12-12,0.0,27.3,0.0,27.39,"IMD gridded (rainfall 0.25 deg, Tmax 1 deg)",REAL_GOVERNMENT
2019-12-13,0.46,26.22,0.0,26.72,"IMD gridded (rainfall 0.25 deg, Tmax 1 deg)",REAL_GOVERNMENT
2019-12-14,0.0,26.47,0.0,27.09,"IMD gridded (rainfall 0.25 deg, Tmax 1 deg)",REAL_GOVERNMENT
2019-12-15,1.97,23.28,0.0,23.9,"IMD gridded (rainfall 0.25 deg, Tmax 1 deg)",REAL_GOVERNMENT
2019-12-16,5.75,22.27,0.97,22.56,"IMD gridded (rainfall 0.25 deg, Tmax 1 deg)",REAL_GOVERNMENT
2019-12-17,0.09,21.98,0.0,22.31,"IMD gridded (rainfall 0.25 deg, Tmax 1 deg)",REAL_GOVERNMENT
2019-12-18,0.0,23.9,0.0,24.3,"IMD gridded (rainfall 0.25 deg, Tmax 1 deg)",REAL_GOVERNMENT
2019-12-19,0.0,24.31,0.0,24.48,"IMD gridded (rainfall 0.25 deg, Tmax 1 deg)",REAL_GOVERNMENT
2019-12-20,0.0,25.78,0.0,26.01,"IMD gridded (rainfall 0.25 deg, Tmax 1 deg)",REAL_GOVERNMENT
2019-12-21,0.0,26.73,0.0,26.85,"IMD gridded (rainfall 0.25 deg, Tmax 1 deg)",REAL_GOVERNMENT
2019-12-22,0.0,26.08,0.0,26.23,"IMD gridded (rainfall 0.25 deg, Tmax 1 deg)",REAL_GOVERNMENT
2019-12-23,0.0,26.02,0.0,25.97,"IMD gridded (rainfall 0.25 deg, Tmax 1 deg)",REAL_GOVERNMENT
2019-12-24,0.0,26.3,0.0,26.62,"IMD gridded (rainfall 0.25 deg, Tmax 1 deg)",REAL_GOVERNMENT
2019-12-25,0.0,24.65,0.0,24.94,"IMD gridded (rainfall 0.25 deg, Tmax 1 deg)",REAL_GOVERNMENT
2019-12-26,1.67,22.51,0.46,22.91,"IMD gridded (rainfall 0.25 deg, Tmax 1 deg)",REAL_GOVERNMENT
2019-12-27,0.45,21.45,0.48,22.09,"IMD gridded (rainfall 0.25 deg, Tmax 1 deg)",REAL_GOVERNMENT
2019-12-28,0.0,22.67,0.0,23.08,"IMD gridded (rainfall 0.25 deg, Tmax 1 deg)",REAL_GOVERNMENT
2019-12-29,0.0,22.57,0.0,22.69,"IMD gridded (rainfall 0.25 deg, Tmax 1 deg)",REAL_GOVERNMENT
2019-12-30,0.0,23.71,0.0,23.89,"IMD gridded (rainfall 0.25 deg, Tmax 1 deg)",REAL_GOVERNMENT
2019-12-31,0.0,21.26,0.0,21.74,"IMD gridded (rainfall 0.25 deg, Tmax 1 deg)",REAL_GOVERNMENT
2020-01-01,10.08,20.0,17.3,20.2,"IMD gridded (rainfall 0.25 deg, Tmax 1 deg)",REAL_GOVERNMENT
2020-01-02,12.92,20.5,22.79,20.34,"IMD gridded (rainfall 0.25 deg, Tmax 1 deg)",REAL_GOVERNMENT
2020-01-03,16.44,21.66,20.56,21.49,"IMD gridded (rainfall 0.25 deg, Tmax 1 deg)",REAL_GOVERNMENT
2020-01-04,0.03,21.69,0.0,22.1,"IMD gridded (rainfall 0.25 deg, Tmax 1 deg)",REAL_GOVERNMENT
2020-01-05,0.0,22.17,0.0,22.51,"IMD gridded (rainfall 0.25 deg, Tmax 1 deg)",REAL_GOVERNMENT
2020-01-06,0.0,25.34,0.0,25.5,"IMD gridded (rainfall 0.25 deg, Tmax 1 deg)",REAL_GOVERNMENT
2020-01-07,0.0,26.17,0.0,26.07,"IMD gridded (rainfall 0.25 deg, Tmax 1 deg)",REAL_GOVERNMENT
2020-01-08,1.75,23.85,10.49,24.42,"IMD gridded (rainfall 0.25 deg, Tmax 1 deg)",REAL_GOVERNMENT
2020-01-09,19.13,21.32,10.2,21.84,"IMD gridded (rainfall 0.25 deg, Tmax 1 deg)",REAL_GOVERNMENT
2020-01-10,0.0,21.0,0.0,21.58,"IMD gridded (rainfall 0.25 deg, Tmax 1 deg)",REAL_GOVERNMENT
2020-01-11,0.0,23.4,0.0,23.88,"IMD gridded (rainfall 0.25 deg, Tmax 1 deg)",REAL_GOVERNMENT
2020-01-12,0.0,26.06,0.0,26.48,"IMD gridded (rainfall 0.25 deg, Tmax 1 deg)",REAL_GOVERNMENT
2020-01-13,0.0,28.02,0.0,28.31,"IMD gridded (rainfall 0.25 deg, Tmax 1 deg)",REAL_GOVERNMENT
2020-01-14,0.0,27.8,0.0,28.09,"IMD gridded (rainfall 0.25 deg, Tmax 1 deg)",REAL_GOVERNMENT
2020-01-15,0.0,27.45,0.0,27.62,"IMD gridded (rainfall 0.25 deg, Tmax 1 deg)",REAL_GOVERNMENT
2020-01-16,0.0,25.52,0.0,26.41,"IMD gridded (rainfall 0.25 deg, Tmax 1 deg)",REAL_GOVERNMENT
2020-01-17,0.0,23.51,0.0,23.87,"IMD gridded (rainfall 0.25 deg, Tmax 1 deg)",REAL_GOVERNMENT
2020-01-18,0.0,23.85,0.0,24.37,"IMD gridded (rainfall 0.25 deg, Tmax 1 deg)",REAL_GOVERNMENT
2020-01-19,0.1,22.02,0.0,22.64,"IMD gridded (rainfall 0.25 deg, Tmax 1 deg)",REAL_GOVERNMENT
2020-01-20,0.07,23.02,0.0,23.19,"IMD gridded (rainfall 0.25 deg, Tmax 1 deg)",REAL_GOVERNMENT
2020-01-21,0.0,27.25,0.0,27.4,"IMD gridded (rainfall 0.25 deg, Tmax 1 deg)",REAL_GOVERNMENT
2020-01-22,0.0,26.23,0.0,26.72,"IMD gridded (rainfall 0.25 deg, Tmax 1 deg)",REAL_GOVERNMENT
2020-01-23,1.05,25.3,0.0,26.2,"IMD gridded (rainfall 0.25 deg, Tmax 1 deg)",REAL_GOVERNMENT
2020-01-24,0.0,26.14,0.0,26.82,"IMD gridded (rainfall 0.25 deg, Tmax 1 deg)",REAL_GOVERNMENT
2020-01-25,0.0,26.44,0.0,26.94,"IMD gridded (rainfall 0.25 deg, Tmax 1 deg)",REAL_GOVERNMENT
2020-01-26,0.0,26.86,0.0,27.57,"IMD gridded (rainfall 0.25 deg, Tmax 1 deg)",REAL_GOVERNMENT
2020-01-27,0.0,28.9,0.0,29.31,"IMD gridded (rainfall 0.25 deg, Tmax 1 deg)",REAL_GOVERNMENT
2020-01-28,0.08,28.12,0.13,28.45,"IMD gridded (rainfall 0.25 deg, Tmax 1 deg)",REAL_GOVERNMENT
2020-01-29,0.4,25.65,0.0,25.76,"IMD gridded (rainfall 0.25 deg, Tmax 1 deg)",REAL_GOVERNMENT
2020-01-30,0.0,23.77,0.0,24.72,"IMD gridded (rainfall 0.25 deg, Tmax 1 deg)",REAL_GOVERNMENT
2020-01-31,0.0,23.89,0.0,24.25,"IMD gridded (rainfall 0.25 deg, Tmax 1 deg)",REAL_GOVERNMENT
2020-02-01,0.0,23.48,0.0,23.92,"IMD gridded (rainfall 0.25 deg, Tmax 1 deg)",REAL_GOVERNMENT
2020-02-02,0.0,24.33,0.0,24.79,"IMD gridded (rainfall 0.25 deg, Tmax 1 deg)",REAL_GOVERNMENT
2020-02-03,0.0,25.4,0.0,25.77,"IMD gridded (rainfall 0.25 deg, Tmax 1 deg)",REAL_GOVERNMENT
2020-02-04,3.44,24.54,3.47,25.42,"IMD gridded (rainfall 0.25 deg, Tmax 1 deg)",REAL_GOVERNMENT
2020-02-05,9.4,24.96,0.58,25.41,"IMD gridded (rainfall 0.25 deg, Tmax 1 deg)",REAL_GOVERNMENT
2020-02-06,0.03,25.93,0.0,26.63,"IMD gridded (rainfall 0.25 deg, Tmax 1 deg)",REAL_GOVERNMENT
2020-02-07,6.68,23.98,3.09,24.12,"IMD gridded (rainfall 0.25 deg, Tmax 1 deg)",REAL_GOVERNMENT
2020-02-08,6.17,23.58,2.81,23.6,"IMD gridded (rainfall 0.25 deg, Tmax 1 deg)",REAL_GOVERNMENT
2020-02-09,0.01,24.03,0.0,24.29,"IMD gridded (rainfall 0.25 deg, Tmax 1 deg)",REAL_GOVERNMENT
2020-02-10,0.0,26.17,0.0,26.33,"IMD gridded (rainfall 0.25 deg, Tmax 1 deg)",REAL_GOVERNMENT
2020-02-11,0.0,27.47,0.0,27.74,"IMD gridded (rainfall 0.25 deg, Tmax 1 deg)",REAL_GOVERNMENT
2020-02-12,0.0,28.16,0.0,28.42,"IMD gridded (rainfall 0.25 deg, Tmax 1 deg)",REAL_GOVERNMENT
2020-02-13,0.0,30.46,0.0,30.92,"IMD gridded (rainfall 0.25 deg, Tmax 1 deg)",REAL_GOVERNMENT
2020-02-14,0.0,30.0,0.0,30.41,"IMD gridded (rainfall 0.25 deg, Tmax 1 deg)",REAL_GOVERNMENT
2020-02-15,0.0,29.22,0.0,29.81,"IMD gridded (rainfall 0.25 deg, Tmax 1 deg)",REAL_GOVERNMENT
2020-02-16,0.0,29.28,0.0,29.85,"IMD gridded (rainfall 0.25 deg, Tmax 1 deg)",REAL_GOVERNMENT
2020-02-17,0.0,30.13,0.0,30.65,"IMD gridded (rainfall 0.25 deg, Tmax 1 deg)",REAL_GOVERNMENT
2020-02-18,0.0,26.47,0.0,26.79,"IMD gridded (rainfall 0.25 deg, Tmax 1 deg)",REAL_GOVERNMENT
2020-02-19,0.0,31.43,0.0,31.98,"IMD gridded (rainfall 0.25 deg, Tmax 1 deg)",REAL_GOVERNMENT
2020-02-20,0.0,31.45,0.0,32.08,"IMD gridded (rainfall 0.25 deg, Tmax 1 deg)",REAL_GOVERNMENT
2020-02-21,0.0,30.79,0.0,31.29,"IMD gridded (rainfall 0.25 deg, Tmax 1 deg)",REAL_GOVERNMENT
2020-02-22,0.0,30.6,0.0,31.24,"IMD gridded (rainfall 0.25 deg, Tmax 1 deg)",REAL_GOVERNMENT
2020-02-23,0.0,30.28,0.0,31.06,"IMD gridded (rainfall 0.25 deg, Tmax 1 deg)",REAL_GOVERNMENT
2020-02-24,4.46,28.67,0.0,29.78,"IMD gridded (rainfall 0.25 deg, Tmax 1 deg)",REAL_GOVERNMENT
2020-02-25,5.5,27.82,3.49,28.29,"IMD gridded (rainfall 0.25 deg, Tmax 1 deg)",REAL_GOVERNMENT
2020-02-26,0.0,28.79,0.0,29.49,"IMD gridded (rainfall 0.25 deg, Tmax 1 deg)",REAL_GOVERNMENT
2020-02-27,0.0,29.8,0.0,30.33,"IMD gridded (rainfall 0.25 deg, Tmax 1 deg)",REAL_GOVERNMENT
2020-02-28,0.0,30.73,0.0,31.09,"IMD gridded (rainfall 0.25 deg, Tmax 1 deg)",REAL_GOVERNMENT
2020-02-29,0.0,30.58,0.0,30.34,"IMD gridded (rainfall 0.25 deg, Tmax 1 deg)",REAL_GOVERNMENT
2020-03-01,0.0,30.7,0.0,31.2,"IMD gridded (rainfall 0.25 deg, Tmax 1 deg)",REAL_GOVERNMENT
2020-03-02,0.96,31.08,0.0,31.58,"IMD gridded (rainfall 0.25 deg, Tmax 1 deg)",REAL_GOVERNMENT
2020-03-03,0.15,31.72,0.0,32.22,"IMD gridded (rainfall 0.25 deg, Tmax 1 deg)",REAL_GOVERNMENT
2020-03-04,0.05,31.54,0.0,31.88,"IMD gridded (rainfall 0.25 deg, Tmax 1 deg)",REAL_GOVERNMENT
2020-03-05,0.01,30.88,0.0,31.15,"IMD gridded (rainfall 0.25 deg, Tmax 1 deg)",REAL_GOVERNMENT
2020-03-06,0.81,30.16,0.13,30.41,"IMD gridded (rainfall 0.25 deg, Tmax 1 deg)",REAL_GOVERNMENT
2020-03-07,1.53,29.59,0.44,29.83,"IMD gridded (rainfall 0.25 deg, Tmax 1 deg)",REAL_GOVERNMENT
2020-03-08,0.0,30.21,0.0,30.47,"IMD gridded (rainfall 0.25 deg, Tmax 1 deg)",REAL_GOVERNMENT
2020-03-09,0.03,29.89,0.0,30.08,"IMD gridded (rainfall 0.25 deg, Tmax 1 deg)",REAL_GOVERNMENT
2020-03-10,0.6,28.82,0.0,29.21,"IMD gridded (rainfall 0.25 deg, Tmax 1 deg)",REAL_GOVERNMENT
2020-03-11,4.97,30.42,3.35,30.35,"IMD gridded (rainfall 0.25 deg, Tmax 1 deg)",REAL_GOVERNMENT
2020-03-12,3.5,31.18,2.6,31.04,"IMD gridded (rainfall 0.25 deg, Tmax 1 deg)",REAL_GOVERNMENT
2020-03-13,2.25,30.06,0.0,30.09,"IMD gridded (rainfall 0.25 deg, Tmax 1 deg)",REAL_GOVERNMENT
2020-03-14,13.81,30.2,13.7,30.41,"IMD gridded (rainfall 0.25 deg, Tmax 1 deg)",REAL_GOVERNMENT
2020-03-15,0.24,29.25,0.0,29.5,"IMD gridded (rainfall 0.25 deg, Tmax 1 deg)",REAL_GOVERNMENT
2020-03-16,0.0,30.53,0.0,30.6,"IMD gridded (rainfall 0.25 deg, Tmax 1 deg)",REAL_GOVERNMENT
2020-03-17,0.0,31.99,0.0,32.2,"IMD gridded (rainfall 0.25 deg, Tmax 1 deg)",REAL_GOVERNMENT
2020-03-18,1.09,31.1,0.0,30.93,"IMD gridded (rainfall 0.25 deg, Tmax 1 deg)",REAL_GOVERNMENT
2020-03-19,0.74,30.97,0.39,30.6,"IMD gridded (rainfall 0.25 deg, Tmax 1 deg)",REAL_GOVERNMENT
2020-03-20,2.0,32.42,2.83,32.43,"IMD gridded (rainfall 0.25 deg, Tmax 1 deg)",REAL_GOVERNMENT
2020-03-21,3.45,32.14,3.35,32.37,"IMD gridded (rainfall 0.25 deg, Tmax 1 deg)",REAL_GOVERNMENT
2020-03-22,0.66,33.49,0.0,33.62,"IMD gridded (rainfall 0.25 deg, Tmax 1 deg)",REAL_GOVERNMENT
2020-03-23,0.0,34.84,0.0,34.87,"IMD gridded (rainfall 0.25 deg, Tmax 1 deg)",REAL_GOVERNMENT
2020-03-24,0.0,35.24,0.0,35.35,"IMD gridded (rainfall 0.25 deg, Tmax 1 deg)",REAL_GOVERNMENT
2020-03-25,0.0,35.55,0.0,35.73,"IMD gridded (rainfall 0.25 deg, Tmax 1 deg)",REAL_GOVERNMENT
2020-03-26,2.64,33.42,0.0,33.23,"IMD gridded (rainfall 0.25 deg, Tmax 1 deg)",REAL_GOVERNMENT
2020-03-27,0.0,31.42,0.0,31.9,"IMD gridded (rainfall 0.25 deg, Tmax 1 deg)",REAL_GOVERNMENT
2020-03-28,0.02,32.81,0.0,33.28,"IMD gridded (rainfall 0.25 deg, Tmax 1 deg)",REAL_GOVERNMENT
2020-03-29,0.0,34.13,0.0,34.26,"IMD gridded (rainfall 0.25 deg, Tmax 1 deg)",REAL_GOVERNMENT
2020-03-30,2.54,35.38,1.94,35.6,"IMD gridded (rainfall 0.25 deg, Tmax 1 deg)",REAL_GOVERNMENT
2020-03-31,1.2,36.35,0.0,36.32,"IMD gridded (rainfall 0.25 deg, Tmax 1 deg)",REAL_GOVERNMENT
2020-04-01,1.32,36.5,2.28,36.62,"IMD gridded (rainfall 0.25 deg, Tmax 1 deg)",REAL_GOVERNMENT
2020-04-02,0.0,36.59,0.0,36.9,"IMD gridded (rainfall 0.25 deg, Tmax 1 deg)",REAL_GOVERNMENT
2020-04-03,0.0,36.02,0.0,36.16,"IMD gridded (rainfall 0.25 deg, Tmax 1 deg)",REAL_GOVERNMENT
2020-04-04,0.11,35.95,0.13,36.01,"IMD gridded (rainfall 0.25 deg, Tmax 1 deg)",REAL_GOVERNMENT
2020-04-05,4.43,36.76,0.0,36.74,"IMD gridded (rainfall 0.25 deg, Tmax 1 deg)",REAL_GOVERNMENT
2020-04-06,0.0,38.32,0.0,38.3,"IMD gridded (rainfall 0.25 deg, Tmax 1 deg)",REAL_GOVERNMENT
2020-04-07,1.4,37.99,0.0,37.91,"IMD gridded (rainfall 0.25 deg, Tmax 1 deg)",REAL_GOVERNMENT
2020-04-08,0.33,37.5,0.0,37.49,"IMD gridded (rainfall 0.25 deg, Tmax 1 deg)",REAL_GOVERNMENT
2020-04-09,0.0,37.21,0.0,37.24,"IMD gridded (rainfall 0.25 deg, Tmax 1 deg)",REAL_GOVERNMENT
2020-04-10,0.0,38.35,0.0,38.46,"IMD gridded (rainfall 0.25 deg, Tmax 1 deg)",REAL_GOVERNMENT
2020-04-11,0.05,39.05,0.0,38.94,"IMD gridded (rainfall 0.25 deg, Tmax 1 deg)",REAL_GOVERNMENT
2020-04-12,0.0,39.45,0.0,39.37,"IMD gridded (rainfall 0.25 deg, Tmax 1 deg)",REAL_GOVERNMENT
2020-04-13,0.0,39.55,0.0,39.5,"IMD gridded (rainfall 0.25 deg, Tmax 1 deg)",REAL_GOVERNMENT
2020-04-14,0.0,40.19,0.0,40.13,"IMD gridded (rainfall 0.25 deg, Tmax 1 deg)",REAL_GOVERNMENT
2020-04-15,1.82,39.78,0.0,39.59,"IMD gridded (rainfall 0.25 deg, Tmax 1 deg)",REAL_GOVERNMENT
2020-04-16,0.32,40.11,0.0,40.07,"IMD gridded (rainfall 0.25 deg, Tmax 1 deg)",REAL_GOVERNMENT
2020-04-17,0.0,40.45,0.0,40.38,"IMD gridded (rainfall 0.25 deg, Tmax 1 deg)",REAL_GOVERNMENT
2020-04-18,0.0,38.8,0.0,38.64,"IMD gridded (rainfall 0.25 deg, Tmax 1 deg)",REAL_GOVERNMENT
2020-04-19,0.12,37.21,0.0,36.89,"IMD gridded (rainfall 0.25 deg, Tmax 1 deg)",REAL_GOVERNMENT
2020-04-20,0.29,38.14,0.0,37.99,"IMD gridded (rainfall 0.25 deg, Tmax 1 deg)",REAL_GOVERNMENT
2020-04-21,0.39,37.39,0.0,37.51,"IMD gridded (rainfall 0.25 deg, Tmax 1 deg)",REAL_GOVERNMENT
2020-04-22,0.0,38.04,0.0,37.84,"IMD gridded (rainfall 0.25 deg, Tmax 1 deg)",REAL_GOVERNMENT
2020-04-23,0.0,39.06,0.0,39.06,"IMD gridded (rainfall 0.25 deg, Tmax 1 deg)",REAL_GOVERNMENT
2020-04-24,0.0,38.75,0.0,38.65,"IMD gridded (rainfall 0.25 deg, Tmax 1 deg)",REAL_GOVERNMENT
2020-04-25,0.0,38.33,0.0,38.37,"IMD gridded (rainfall 0.25 deg, Tmax 1 deg)",REAL_GOVERNMENT
2020-04-26,0.0,37.95,0.0,38.02,"IMD gridded (rainfall 0.25 deg, Tmax 1 deg)",REAL_GOVERNMENT
2020-04-27,0.0,36.23,0.0,36.48,"IMD gridded (rainfall 0.25 deg, Tmax 1 deg)",REAL_GOVERNMENT
2020-04-28,1.76,36.99,0.18,36.86,"IMD gridded (rainfall 0.25 deg, Tmax 1 deg)",REAL_GOVERNMENT
2020-04-29,0.49,38.02,0.0,38.16,"IMD gridded (rainfall 0.25 deg, Tmax 1 deg)",REAL_GOVERNMENT
2020-04-30,0.15,38.72,0.0,38.82,"IMD gridded (rainfall 0.25 deg, Tmax 1 deg)",REAL_GOVERNMENT
2020-05-01,0.35,39.38,0.0,39.26,"IMD gridded (rainfall 0.25 deg, Tmax 1 deg)",REAL_GOVERNMENT
2020-05-02,0.0,40.95,0.0,41.02,"IMD gridded (rainfall 0.25 deg, Tmax 1 deg)",REAL_GOVERNMENT
2020-05-03,0.0,41.26,0.0,41.38,"IMD gridded (rainfall 0.25 deg, Tmax 1 deg)",REAL_GOVERNMENT
2020-05-04,0.0,40.66,0.0,40.86,"IMD gridded (rainfall 0.25 deg, Tmax 1 deg)",REAL_GOVERNMENT
2020-05-05,0.12,38.71,0.0,38.84,"IMD gridded (rainfall 0.25 deg, Tmax 1 deg)",REAL_GOVERNMENT
2020-05-06,0.0,39.53,0.0,39.47,"IMD gridded (rainfall 0.25 deg, Tmax 1 deg)",REAL_GOVERNMENT
2020-05-07,1.07,39.44,1.09,39.44,"IMD gridded (rainfall 0.25 deg, Tmax 1 deg)",REAL_GOVERNMENT
2020-05-08,0.07,40.59,0.0,40.44,"IMD gridded (rainfall 0.25 deg, Tmax 1 deg)",REAL_GOVERNMENT
2020-05-09,4.94,41.27,0.25,41.44,"IMD gridded (rainfall 0.25 deg, Tmax 1 deg)",REAL_GOVERNMENT
2020-05-10,0.33,38.79,0.0,38.67,"IMD gridded (rainfall 0.25 deg, Tmax 1 deg)",REAL_GOVERNMENT
2020-05-11,0.91,38.59,0.0,38.31,"IMD gridded (rainfall 0.25 deg, Tmax 1 deg)",REAL_GOVERNMENT
2020-05-12,0.0,39.27,0.0,39.28,"IMD gridded (rainfall 0.25 deg, Tmax 1 deg)",REAL_GOVERNMENT
2020-05-13,0.18,39.68,0.0,39.5,"IMD gridded (rainfall 0.25 deg, Tmax 1 deg)",REAL_GOVERNMENT
2020-05-14,3.11,40.15,1.76,40.0,"IMD gridded (rainfall 0.25 deg, Tmax 1 deg)",REAL_GOVERNMENT
2020-05-15,0.05,40.17,0.0,39.98,"IMD gridded (rainfall 0.25 deg, Tmax 1 deg)",REAL_GOVERNMENT
2020-05-16,0.95,40.14,0.0,40.12,"IMD gridded (rainfall 0.25 deg, Tmax 1 deg)",REAL_GOVERNMENT
2020-05-17,0.88,40.22,0.0,40.06,"IMD gridded (rainfall 0.25 deg, Tmax 1 deg)",REAL_GOVERNMENT
2020-05-18,0.03,40.83,0.0,40.64,"IMD gridded (rainfall 0.25 deg, Tmax 1 deg)",REAL_GOVERNMENT
2020-05-19,1.1,39.85,0.0,39.74,"IMD gridded (rainfall 0.25 deg, Tmax 1 deg)",REAL_GOVERNMENT
2020-05-20,0.0,41.05,0.0,41.01,"IMD gridded (rainfall 0.25 deg, Tmax 1 deg)",REAL_GOVERNMENT
2020-05-21,0.0,41.12,0.0,41.05,"IMD gridded (rainfall 0.25 deg, Tmax 1 deg)",REAL_GOVERNMENT
2020-05-22,0.0,42.96,0.0,42.84,"IMD gridded (rainfall 0.25 deg, Tmax 1 deg)",REAL_GOVERNMENT
2020-05-23,0.0,43.69,0.0,43.54,"IMD gridded (rainfall 0.25 deg, Tmax 1 deg)",REAL_GOVERNMENT
2020-05-24,0.0,44.14,0.0,44.22,"IMD gridded (rainfall 0.25 deg, Tmax 1 deg)",REAL_GOVERNMENT
2020-05-25,0.0,44.25,0.0,44.14,"IMD gridded (rainfall 0.25 deg, Tmax 1 deg)",REAL_GOVERNMENT
2020-05-26,0.0,43.81,0.0,43.7,"IMD gridded (rainfall 0.25 deg, Tmax 1 deg)",REAL_GOVERNMENT
2020-05-27,0.0,43.56,0.0,43.38,"IMD gridded (rainfall 0.25 deg, Tmax 1 deg)",REAL_GOVERNMENT
2020-05-28,0.0,43.06,0.0,42.87,"IMD gridded (rainfall 0.25 deg, Tmax 1 deg)",REAL_GOVERNMENT
2020-05-29,0.0,41.78,0.0,41.85,"IMD gridded (rainfall 0.25 deg, Tmax 1 deg)",REAL_GOVERNMENT
2020-05-30,1.82,39.98,6.87,40.12,"IMD gridded (rainfall 0.25 deg, Tmax 1 deg)",REAL_GOVERNMENT
2020-05-31,0.04,40.0,0.0,39.92,"IMD gridded (rainfall 0.25 deg, Tmax 1 deg)",REAL_GOVERNMENT
2020-06-01,2.5,36.77,4.96,36.33,"IMD gridded (rainfall 0.25 deg, Tmax 1 deg)",REAL_GOVERNMENT
2020-06-02,1.43,33.22,0.65,33.55,"IMD gridded (rainfall 0.25 deg, Tmax 1 deg)",REAL_GOVERNMENT
2020-06-03,4.6,32.6,3.3,32.23,"IMD gridded (rainfall 0.25 deg, Tmax 1 deg)",REAL_GOVERNMENT
2020-06-04,24.2,29.57,30.25,30.22,"IMD gridded (rainfall 0.25 deg, Tmax 1 deg)",REAL_GOVERNMENT
2020-06-05,0.46,32.51,0.0,32.61,"IMD gridded (rainfall 0.25 deg, Tmax 1 deg)",REAL_GOVERNMENT
2020-06-06,2.11,34.79,0.74,34.87,"IMD gridded (rainfall 0.25 deg, Tmax 1 deg)",REAL_GOVERNMENT
2020-06-07,1.51,35.53,0.0,35.38,"IMD gridded (rainfall 0.25 deg, Tmax 1 deg)",REAL_GOVERNMENT
2020-06-08,2.97,36.31,4.07,36.04,"IMD gridded (rainfall 0.25 deg, Tmax 1 deg)",REAL_GOVERNMENT
2020-06-09,3.62,37.74,12.99,37.69,"IMD gridded (rainfall 0.25 deg, Tmax 1 deg)",REAL_GOVERNMENT
2020-06-10,2.35,38.28,6.7,38.12,"IMD gridded (rainfall 0.25 deg, Tmax 1 deg)",REAL_GOVERNMENT
2020-06-11,0.55,37.55,1.14,37.04,"IMD gridded (rainfall 0.25 deg, Tmax 1 deg)",REAL_GOVERNMENT
2020-06-12,5.64,35.92,7.54,35.46,"IMD gridded (rainfall 0.25 deg, Tmax 1 deg)",REAL_GOVERNMENT
2020-06-13,16.02,33.98,8.8,33.38,"IMD gridded (rainfall 0.25 deg, Tmax 1 deg)",REAL_GOVERNMENT
2020-06-14,11.81,33.85,7.06,33.47,"IMD gridded (rainfall 0.25 deg, Tmax 1 deg)",REAL_GOVERNMENT
2020-06-15,9.48,32.84,16.67,31.97,"IMD gridded (rainfall 0.25 deg, Tmax 1 deg)",REAL_GOVERNMENT
2020-06-16,21.0,33.71,13.97,32.95,"IMD gridded (rainfall 0.25 deg, Tmax 1 deg)",REAL_GOVERNMENT
2020-06-17,8.37,32.46,3.15,32.06,"IMD gridded (rainfall 0.25 deg, Tmax 1 deg)",REAL_GOVERNMENT
2020-06-18,1.35,33.22,0.0,33.24,"IMD gridded (rainfall 0.25 deg, Tmax 1 deg)",REAL_GOVERNMENT
2020-06-19,15.4,32.13,32.26,32.16,"IMD gridded (rainfall 0.25 deg, Tmax 1 deg)",REAL_GOVERNMENT
2020-06-20,1.73,32.2,0.54,32.42,"IMD gridded (rainfall 0.25 deg, Tmax 1 deg)",REAL_GOVERNMENT
2020-06-21,7.91,32.24,0.51,32.15,"IMD gridded (rainfall 0.25 deg, Tmax 1 deg)",REAL_GOVERNMENT
2020-06-22,6.37,32.18,11.73,32.06,"IMD gridded (rainfall 0.25 deg, Tmax 1 deg)",REAL_GOVERNMENT
2020-06-23,26.04,29.3,35.72,29.52,"IMD gridded (rainfall 0.25 deg, Tmax 1 deg)",REAL_GOVERNMENT
2020-06-24,2.27,33.24,2.32,33.91,"IMD gridded (rainfall 0.25 deg, Tmax 1 deg)",REAL_GOVERNMENT
2020-06-25,2.88,33.82,0.0,33.69,"IMD gridded (rainfall 0.25 deg, Tmax 1 deg)",REAL_GOVERNMENT
2020-06-26,1.75,32.07,1.2,32.12,"IMD gridded (rainfall 0.25 deg, Tmax 1 deg)",REAL_GOVERNMENT
2020-06-27,4.95,32.03,2.13,32.22,"IMD gridded (rainfall 0.25 deg, Tmax 1 deg)",REAL_GOVERNMENT
2020-06-28,1.14,33.33,0.64,33.57,"IMD gridded (rainfall 0.25 deg, Tmax 1 deg)",REAL_GOVERNMENT
2020-06-29,5.86,31.39,1.96,31.66,"IMD gridded (rainfall 0.25 deg, Tmax 1 deg)",REAL_GOVERNMENT
2020-06-30,9.86,32.66,0.85,32.63,"IMD gridded (rainfall 0.25 deg, Tmax 1 deg)",REAL_GOVERNMENT
2020-07-01,14.54,33.06,7.89,32.67,"IMD gridded (rainfall 0.25 deg, Tmax 1 deg)",REAL_GOVERNMENT
2020-07-02,3.57,33.97,0.0,33.91,"IMD gridded (rainfall 0.25 deg, Tmax 1 deg)",REAL_GOVERNMENT
2020-07-03,12.76,33.19,1.45,33.26,"IMD gridded (rainfall 0.25 deg, Tmax 1 deg)",REAL_GOVERNMENT
2020-07-04,9.34,32.5,3.8,32.32,"IMD gridded (rainfall 0.25 deg, Tmax 1 deg)",REAL_GOVERNMENT
2020-07-05,8.63,30.78,0.0,30.76,"IMD gridded (rainfall 0.25 deg, Tmax 1 deg)",REAL_GOVERNMENT
2020-07-06,20.16,28.67,5.95,28.17,"IMD gridded (rainfall 0.25 deg, Tmax 1 deg)",REAL_GOVERNMENT
2020-07-07,22.11,31.24,21.46,31.25,"IMD gridded (rainfall 0.25 deg, Tmax 1 deg)",REAL_GOVERNMENT
2020-07-08,0.13,33.27,0.0,33.37,"IMD gridded (rainfall 0.25 deg, Tmax 1 deg)",REAL_GOVERNMENT
2020-07-09,0.63,32.29,0.0,32.32,"IMD gridded (rainfall 0.25 deg, Tmax 1 deg)",REAL_GOVERNMENT
2020-07-10,13.17,31.67,5.1,31.67,"IMD gridded (rainfall 0.25 deg, Tmax 1 deg)",REAL_GOVERNMENT
2020-07-11,6.56,32.03,5.83,31.91,"IMD gridded (rainfall 0.25 deg, Tmax 1 deg)",REAL_GOVERNMENT
2020-07-12,2.17,32.57,1.86,32.49,"IMD gridded (rainfall 0.25 deg, Tmax 1 deg)",REAL_GOVERNMENT
2020-07-13,7.37,32.65,2.86,32.5,"IMD gridded (rainfall 0.25 deg, Tmax 1 deg)",REAL_GOVERNMENT
2020-07-14,6.11,30.88,8.16,30.81,"IMD gridded (rainfall 0.25 deg, Tmax 1 deg)",REAL_GOVERNMENT
2020-07-15,22.8,31.04,10.9,30.61,"IMD gridded (rainfall 0.25 deg, Tmax 1 deg)",REAL_GOVERNMENT
2020-07-16,6.51,31.52,0.81,31.49,"IMD gridded (rainfall 0.25 deg, Tmax 1 deg)",REAL_GOVERNMENT
2020-07-17,4.94,31.81,6.9,31.66,"IMD gridded (rainfall 0.25 deg, Tmax 1 deg)",REAL_GOVERNMENT
2020-07-18,0.92,33.13,4.56,33.04,"IMD gridded (rainfall 0.25 deg, Tmax 1 deg)",REAL_GOVERNMENT
2020-07-19,0.64,32.56,0.0,32.55,"IMD gridded (rainfall 0.25 deg, Tmax 1 deg)",REAL_GOVERNMENT
2020-07-20,6.01,30.41,3.19,30.11,"IMD gridded (rainfall 0.25 deg, Tmax 1 deg)",REAL_GOVERNMENT
2020-07-21,13.41,29.94,3.37,29.76,"IMD gridded (rainfall 0.25 deg, Tmax 1 deg)",REAL_GOVERNMENT
2020-07-22,8.99,32.51,12.0,32.49,"IMD gridded (rainfall 0.25 deg, Tmax 1 deg)",REAL_GOVERNMENT
2020-07-23,6.97,31.36,2.18,30.84,"IMD gridded (rainfall 0.25 deg, Tmax 1 deg)",REAL_GOVERNMENT
2020-07-24,19.38,31.69,20.78,31.68,"IMD gridded (rainfall 0.25 deg, Tmax 1 deg)",REAL_GOVERNMENT
2020-07-25,1.68,31.55,0.0,31.39,"IMD gridded (rainfall 0.25 deg, Tmax 1 deg)",REAL_GOVERNMENT
2020-07-26,1.99,33.31,0.14,33.28,"IMD gridded (rainfall 0.25 deg, Tmax 1 deg)",REAL_GOVERNMENT
2020-07-27,0.09,34.38,0.0,34.39,"IMD gridded (rainfall 0.25 deg, Tmax 1 deg)",REAL_GOVERNMENT
2020-07-28,0.35,32.61,1.8,32.59,"IMD gridded (rainfall 0.25 deg, Tmax 1 deg)",REAL_GOVERNMENT
2020-07-29,5.77,31.05,11.31,30.95,"IMD gridded (rainfall 0.25 deg, Tmax 1 deg)",REAL_GOVERNMENT
2020-07-30,1.4,32.76,0.0,32.93,"IMD gridded (rainfall 0.25 deg, Tmax 1 deg)",REAL_GOVERNMENT
2020-07-31,0.02,33.81,0.0,33.76,"IMD gridded (rainfall 0.25 deg, Tmax 1 deg)",REAL_GOVERNMENT
2020-08-01,2.28,33.2,5.5,33.14,"IMD gridded (rainfall 0.25 deg, Tmax 1 deg)",REAL_GOVERNMENT
2020-08-02,3.91,33.41,3.06,33.32,"IMD gridded (rainfall 0.25 deg, Tmax 1 deg)",REAL_GOVERNMENT
2020-08-03,6.78,31.34,2.03,31.38,"IMD gridded (rainfall 0.25 deg, Tmax 1 deg)",REAL_GOVERNMENT
2020-08-04,20.55,30.81,29.91,30.76,"IMD gridded (rainfall 0.25 deg, Tmax 1 deg)",REAL_GOVERNMENT
2020-08-05,10.33,30.35,10.4,30.29,"IMD gridded (rainfall 0.25 deg, Tmax 1 deg)",REAL_GOVERNMENT
2020-08-06,32.74,29.7,26.97,29.6,"IMD gridded (rainfall 0.25 deg, Tmax 1 deg)",REAL_GOVERNMENT
2020-08-07,3.51,30.24,1.79,30.36,"IMD gridded (rainfall 0.25 deg, Tmax 1 deg)",REAL_GOVERNMENT
2020-08-08,16.67,28.87,36.47,29.13,"IMD gridded (rainfall 0.25 deg, Tmax 1 deg)",REAL_GOVERNMENT
2020-08-09,18.84,28.12,37.19,28.1,"IMD gridded (rainfall 0.25 deg, Tmax 1 deg)",REAL_GOVERNMENT
2020-08-10,34.84,29.83,66.59,29.8,"IMD gridded (rainfall 0.25 deg, Tmax 1 deg)",REAL_GOVERNMENT
2020-08-11,12.33,28.83,4.1,29.05,"IMD gridded (rainfall 0.25 deg, Tmax 1 deg)",REAL_GOVERNMENT
2020-08-12,17.76,28.21,41.52,28.14,"IMD gridded (rainfall 0.25 deg, Tmax 1 deg)",REAL_GOVERNMENT
2020-08-13,35.4,27.92,29.43,27.69,"IMD gridded (rainfall 0.25 deg, Tmax 1 deg)",REAL_GOVERNMENT
2020-08-14,18.67,28.79,5.45,28.64,"IMD gridded (rainfall 0.25 deg, Tmax 1 deg)",REAL_GOVERNMENT
2020-08-15,2.48,28.34,0.27,28.13,"IMD gridded (rainfall 0.25 deg, Tmax 1 deg)",REAL_GOVERNMENT
2020-08-16,5.86,28.5,8.27,27.99,"IMD gridded (rainfall 0.25 deg, Tmax 1 deg)",REAL_GOVERNMENT
2020-08-17,36.36,28.06,13.59,27.78,"IMD gridded (rainfall 0.25 deg, Tmax 1 deg)",REAL_GOVERNMENT
2020-08-18,31.99,26.86,4.82,26.64,"IMD gridded (rainfall 0.25 deg, Tmax 1 deg)",REAL_GOVERNMENT
2020-08-19,7.16,27.78,15.35,27.88,"IMD gridded (rainfall 0.25 deg, Tmax 1 deg)",REAL_GOVERNMENT
2020-08-20,9.36,29.65,17.34,29.44,"IMD gridded (rainfall 0.25 deg, Tmax 1 deg)",REAL_GOVERNMENT
2020-08-21,53.04,26.84,41.0,26.61,"IMD gridded (rainfall 0.25 deg, Tmax 1 deg)",REAL_GOVERNMENT
2020-08-22,14.81,27.66,10.73,27.47,"IMD gridded (rainfall 0.25 deg, Tmax 1 deg)",REAL_GOVERNMENT
2020-08-23,13.81,29.91,9.66,30.11,"IMD gridded (rainfall 0.25 deg, Tmax 1 deg)",REAL_GOVERNMENT
2020-08-24,2.33,30.14,0.0,30.49,"IMD gridded (rainfall 0.25 deg, Tmax 1 deg)",REAL_GOVERNMENT
2020-08-25,0.58,30.77,0.0,31.13,"IMD gridded (rainfall 0.25 deg, Tmax 1 deg)",REAL_GOVERNMENT
2020-08-26,0.09,28.82,0.0,29.0,"IMD gridded (rainfall 0.25 deg, Tmax 1 deg)",REAL_GOVERNMENT
2020-08-27,10.3,27.57,8.47,27.55,"IMD gridded (rainfall 0.25 deg, Tmax 1 deg)",REAL_GOVERNMENT
2020-08-28,78.32,26.65,87.2,26.28,"IMD gridded (rainfall 0.25 deg, Tmax 1 deg)",REAL_GOVERNMENT
2020-08-29,95.8,26.61,74.73,26.66,"IMD gridded (rainfall 0.25 deg, Tmax 1 deg)",REAL_GOVERNMENT
2020-08-30,9.62,30.41,8.68,30.56,"IMD gridded (rainfall 0.25 deg, Tmax 1 deg)",REAL_GOVERNMENT
2020-08-31,0.4,31.83,0.0,31.76,"IMD gridded (rainfall 0.25 deg, Tmax 1 deg)",REAL_GOVERNMENT
2020-09-01,0.02,31.94,0.0,32.19,"IMD gridded (rainfall 0.25 deg, Tmax 1 deg)",REAL_GOVERNMENT
2020-09-02,0.03,30.48,0.0,30.24,"IMD gridded (rainfall 0.25 deg, Tmax 1 deg)",REAL_GOVERNMENT
2020-09-03,1.88,31.73,1.54,31.56,"IMD gridded (rainfall 0.25 deg, Tmax 1 deg)",REAL_GOVERNMENT
2020-09-04,5.9,32.44,0.0,32.45,"IMD gridded (rainfall 0.25 deg, Tmax 1 deg)",REAL_GOVERNMENT
2020-09-05,1.56,32.83,0.0,32.93,"IMD gridded (rainfall 0.25 deg, Tmax 1 deg)",REAL_GOVERNMENT
2020-09-06,2.78,33.08,3.11,32.99,"IMD gridded (rainfall 0.25 deg, Tmax 1 deg)",REAL_GOVERNMENT
2020-09-07,5.91,32.44,0.0,32.06,"IMD gridded (rainfall 0.25 deg, Tmax 1 deg)",REAL_GOVERNMENT
2020-09-08,3.61,33.03,1.64,33.0,"IMD gridded (rainfall 0.25 deg, Tmax 1 deg)",REAL_GOVERNMENT
2020-09-09,1.51,33.64,0.0,33.58,"IMD gridded (rainfall 0.25 deg, Tmax 1 deg)",REAL_GOVERNMENT
2020-09-10,1.38,32.68,4.4,32.86,"IMD gridded (rainfall 0.25 deg, Tmax 1 deg)",REAL_GOVERNMENT
2020-09-11,9.25,31.68,2.75,31.83,"IMD gridded (rainfall 0.25 deg, Tmax 1 deg)",REAL_GOVERNMENT
2020-09-12,3.41,32.33,0.96,32.41,"IMD gridded (rainfall 0.25 deg, Tmax 1 deg)",REAL_GOVERNMENT
2020-09-13,3.97,33.45,1.61,33.48,"IMD gridded (rainfall 0.25 deg, Tmax 1 deg)",REAL_GOVERNMENT
2020-09-14,0.43,32.69,0.0,32.8,"IMD gridded (rainfall 0.25 deg, Tmax 1 deg)",REAL_GOVERNMENT
2020-09-15,1.8,29.17,10.87,29.12,"IMD gridded (rainfall 0.25 deg, Tmax 1 deg)",REAL_GOVERNMENT
2020-09-16,0.03,33.47,0.0,33.49,"IMD gridded (rainfall 0.25 deg, Tmax 1 deg)",REAL_GOVERNMENT
2020-09-17,5.35,33.42,1.72,33.46,"IMD gridded (rainfall 0.25 deg, Tmax 1 deg)",REAL_GOVERNMENT
2020-09-18,4.97,32.99,2.82,32.75,"IMD gridded (rainfall 0.25 deg, Tmax 1 deg)",REAL_GOVERNMENT
2020-09-19,4.53,33.43,4.06,33.53,"IMD gridded (rainfall 0.25 deg, Tmax 1 deg)",REAL_GOVERNMENT
2020-09-20,3.65,32.02,6.09,32.0,"IMD gridded (rainfall 0.25 deg, Tmax 1 deg)",REAL_GOVERNMENT
2020-09-21,5.1,31.67,4.53,31.67,"IMD gridded (rainfall 0.25 deg, Tmax 1 deg)",REAL_GOVERNMENT
2020-09-22,17.35,29.93,9.24,29.8,"IMD gridded (rainfall 0.25 deg, Tmax 1 deg)",REAL_GOVERNMENT
2020-09-23,25.19,28.89,8.42,28.95,"IMD gridded (rainfall 0.25 deg, Tmax 1 deg)",REAL_GOVERNMENT
2020-09-24,9.65,30.04,11.89,30.11,"IMD gridded (rainfall 0.25 deg, Tmax 1 deg)",REAL_GOVERNMENT
2020-09-25,5.07,31.82,5.82,31.77,"IMD gridded (rainfall 0.25 deg, Tmax 1 deg)",REAL_GOVERNMENT
2020-09-26,0.47,32.09,0.42,32.07,"IMD gridded (rainfall 0.25 deg, Tmax 1 deg)",REAL_GOVERNMENT
2020-09-27,0.17,31.66,0.0,31.68,"IMD gridded (rainfall 0.25 deg, Tmax 1 deg)",REAL_GOVERNMENT
2020-09-28,1.85,32.39,1.6,32.34,"IMD gridded (rainfall 0.25 deg, Tmax 1 deg)",REAL_GOVERNMENT
2020-09-29,0.9,32.25,0.0,31.96,"IMD gridded (rainfall 0.25 deg, Tmax 1 deg)",REAL_GOVERNMENT
2020-09-30,0.92,32.09,0.97,31.9,"IMD gridded (rainfall 0.25 deg, Tmax 1 deg)",REAL_GOVERNMENT
2020-10-01,0.02,32.16,0.0,32.06,"IMD gridded (rainfall 0.25 deg, Tmax 1 deg)",REAL_GOVERNMENT
2020-10-02,0.0,33.02,0.0,32.95,"IMD gridded (rainfall 0.25 deg, Tmax 1 deg)",REAL_GOVERNMENT
2020-10-03,0.0,32.92,0.0,32.83,"IMD gridded (rainfall 0.25 deg, Tmax 1 deg)",REAL_GOVERNMENT
2020-10-04,0.02,32.68,0.0,32.77,"IMD gridded (rainfall 0.25 deg, Tmax 1 deg)",REAL_GOVERNMENT
2020-10-05,2.94,32.66,0.0,32.6,"IMD gridded (rainfall 0.25 deg, Tmax 1 deg)",REAL_GOVERNMENT
2020-10-06,4.6,32.46,1.13,32.3,"IMD gridded (rainfall 0.25 deg, Tmax 1 deg)",REAL_GOVERNMENT
2020-10-07,14.25,32.06,37.39,31.42,"IMD gridded (rainfall 0.25 deg, Tmax 1 deg)",REAL_GOVERNMENT
2020-10-08,24.52,32.0,14.09,31.55,"IMD gridded (rainfall 0.25 deg, Tmax 1 deg)",REAL_GOVERNMENT
2020-10-09,1.31,31.84,0.6,31.46,"IMD gridded (rainfall 0.25 deg, Tmax 1 deg)",REAL_GOVERNMENT
2020-10-10,2.84,32.44,2.58,32.18,"IMD gridded (rainfall 0.25 deg, Tmax 1 deg)",REAL_GOVERNMENT
2020-10-11,2.69,31.96,1.2,31.72,"IMD gridded (rainfall 0.25 deg, Tmax 1 deg)",REAL_GOVERNMENT
2020-10-12,1.5,32.45,1.77,32.25,"IMD gridded (rainfall 0.25 deg, Tmax 1 deg)",REAL_GOVERNMENT
2020-10-13,0.01,32.24,0.0,31.97,"IMD gridded (rainfall 0.25 deg, Tmax 1 deg)",REAL_GOVERNMENT
2020-10-14,0.13,32.76,0.0,32.45,"IMD gridded (rainfall 0.25 deg, Tmax 1 deg)",REAL_GOVERNMENT
2020-10-15,0.51,31.93,0.93,31.61,"IMD gridded (rainfall 0.25 deg, Tmax 1 deg)",REAL_GOVERNMENT
2020-10-16,0.37,32.68,0.79,32.44,"IMD gridded (rainfall 0.25 deg, Tmax 1 deg)",REAL_GOVERNMENT
2020-10-17,0.07,32.96,0.0,32.51,"IMD gridded (rainfall 0.25 deg, Tmax 1 deg)",REAL_GOVERNMENT
2020-10-18,0.05,33.45,0.0,33.04,"IMD gridded (rainfall 0.25 deg, Tmax 1 deg)",REAL_GOVERNMENT
2020-10-19,0.0,33.47,0.0,33.14,"IMD gridded (rainfall 0.25 deg, Tmax 1 deg)",REAL_GOVERNMENT
2020-10-20,0.0,32.75,0.0,32.51,"IMD gridded (rainfall 0.25 deg, Tmax 1 deg)",REAL_GOVERNMENT
2020-10-21,0.0,32.35,0.0,32.26,"IMD gridded (rainfall 0.25 deg, Tmax 1 deg)",REAL_GOVERNMENT
2020-10-22,0.0,32.94,0.0,32.77,"IMD gridded (rainfall 0.25 deg, Tmax 1 deg)",REAL_GOVERNMENT
2020-10-23,0.0,32.13,0.0,31.91,"IMD gridded (rainfall 0.25 deg, Tmax 1 deg)",REAL_GOVERNMENT
2020-10-24,0.0,33.51,0.0,33.23,"IMD gridded (rainfall 0.25 deg, Tmax 1 deg)",REAL_GOVERNMENT
2020-10-25,0.14,32.45,0.0,32.19,"IMD gridded (rainfall 0.25 deg, Tmax 1 deg)",REAL_GOVERNMENT
2020-10-26,0.0,33.0,0.0,32.8,"IMD gridded (rainfall 0.25 deg, Tmax 1 deg)",REAL_GOVERNMENT
2020-10-27,0.01,32.23,0.0,31.97,"IMD gridded (rainfall 0.25 deg, Tmax 1 deg)",REAL_GOVERNMENT
2020-10-28,0.01,32.29,0.0,32.16,"IMD gridded (rainfall 0.25 deg, Tmax 1 deg)",REAL_GOVERNMENT
2020-10-29,0.0,31.97,0.0,31.66,"IMD gridded (rainfall 0.25 deg, Tmax 1 deg)",REAL_GOVERNMENT
2020-10-30,0.14,31.2,0.0,31.08,"IMD gridded (rainfall 0.25 deg, Tmax 1 deg)",REAL_GOVERNMENT
2020-10-31,0.0,30.7,0.0,30.6,"IMD gridded (rainfall 0.25 deg, Tmax 1 deg)",REAL_GOVERNMENT
2020-11-01,0.0,30.59,0.0,30.43,"IMD gridded (rainfall 0.25 deg, Tmax 1 deg)",REAL_GOVERNMENT
2020-11-02,0.0,30.55,0.0,30.43,"IMD gridded (rainfall 0.25 deg, Tmax 1 deg)",REAL_GOVERNMENT
2020-11-03,0.0,30.34,0.0,30.34,"IMD gridded (rainfall 0.25 deg, Tmax 1 deg)",REAL_GOVERNMENT
2020-11-04,0.01,30.79,0.0,30.66,"IMD gridded (rainfall 0.25 deg, Tmax 1 deg)",REAL_GOVERNMENT
2020-11-05,0.0,31.16,0.0,31.29,"IMD gridded (rainfall 0.25 deg, Tmax 1 deg)",REAL_GOVERNMENT
2020-11-06,0.0,30.59,0.0,30.56,"IMD gridded (rainfall 0.25 deg, Tmax 1 deg)",REAL_GOVERNMENT
2020-11-07,0.0,30.6,0.0,30.5,"IMD gridded (rainfall 0.25 deg, Tmax 1 deg)",REAL_GOVERNMENT
2020-11-08,0.0,29.77,0.0,29.75,"IMD gridded (rainfall 0.25 deg, Tmax 1 deg)",REAL_GOVERNMENT
2020-11-09,0.0,29.17,0.0,29.01,"IMD gridded (rainfall 0.25 deg, Tmax 1 deg)",REAL_GOVERNMENT
2020-11-10,0.0,28.75,0.0,28.5,"IMD gridded (rainfall 0.25 deg, Tmax 1 deg)",REAL_GOVERNMENT
2020-11-11,0.0,29.43,0.0,29.45,"IMD gridded (rainfall 0.25 deg, Tmax 1 deg)",REAL_GOVERNMENT
2020-11-12,0.0,31.29,0.0,31.41,"IMD gridded (rainfall 0.25 deg, Tmax 1 deg)",REAL_GOVERNMENT
2020-11-13,0.0,31.15,0.0,31.13,"IMD gridded (rainfall 0.25 deg, Tmax 1 deg)",REAL_GOVERNMENT
2020-11-14,0.0,31.32,0.0,31.48,"IMD gridded (rainfall 0.25 deg, Tmax 1 deg)",REAL_GOVERNMENT
2020-11-15,0.0,31.93,0.0,31.97,"IMD gridded (rainfall 0.25 deg, Tmax 1 deg)",REAL_GOVERNMENT
2020-11-16,0.0,31.82,0.0,31.78,"IMD gridded (rainfall 0.25 deg, Tmax 1 deg)",REAL_GOVERNMENT
2020-11-17,0.0,31.56,0.0,31.57,"IMD gridded (rainfall 0.25 deg, Tmax 1 deg)",REAL_GOVERNMENT
2020-11-18,0.0,31.16,0.0,30.98,"IMD gridded (rainfall 0.25 deg, Tmax 1 deg)",REAL_GOVERNMENT
2020-11-19,0.0,31.14,0.0,31.06,"IMD gridded (rainfall 0.25 deg, Tmax 1 deg)",REAL_GOVERNMENT
2020-11-20,5.35,27.99,0.0,28.12,"IMD gridded (rainfall 0.25 deg, Tmax 1 deg)",REAL_GOVERNMENT
2020-11-21,1.44,27.05,2.22,27.2,"IMD gridded (rainfall 0.25 deg, Tmax 1 deg)",REAL_GOVERNMENT
2020-11-22,0.0,27.12,0.0,27.42,"IMD gridded (rainfall 0.25 deg, Tmax 1 deg)",REAL_GOVERNMENT
2020-11-23,0.0,28.51,0.0,28.63,"IMD gridded (rainfall 0.25 deg, Tmax 1 deg)",REAL_GOVERNMENT
2020-11-24,0.0,29.08,0.0,29.28,"IMD gridded (rainfall 0.25 deg, Tmax 1 deg)",REAL_GOVERNMENT
2020-11-25,0.0,28.91,0.0,28.92,"IMD gridded (rainfall 0.25 deg, Tmax 1 deg)",REAL_GOVERNMENT
2020-11-26,0.02,28.58,0.0,28.74,"IMD gridded (rainfall 0.25 deg, Tmax 1 deg)",REAL_GOVERNMENT
2020-11-27,2.85,25.62,4.92,25.67,"IMD gridded (rainfall 0.25 deg, Tmax 1 deg)",REAL_GOVERNMENT
2020-11-28,0.03,28.08,0.0,28.13,"IMD gridded (rainfall 0.25 deg, Tmax 1 deg)",REAL_GOVERNMENT
2020-11-29,0.0,29.24,0.0,29.35,"IMD gridded (rainfall 0.25 deg, Tmax 1 deg)",REAL_GOVERNMENT
2020-11-30,0.0,29.44,0.0,29.73,"IMD gridded (rainfall 0.25 deg, Tmax 1 deg)",REAL_GOVERNMENT
2020-12-01,0.0,29.51,0.0,29.68,"IMD gridded (rainfall 0.25 deg, Tmax 1 deg)",REAL_GOVERNMENT
2020-12-02,0.0,29.41,0.0,29.81,"IMD gridded (rainfall 0.25 deg, Tmax 1 deg)",REAL_GOVERNMENT
2020-12-03,0.0,29.69,0.0,29.98,"IMD gridded (rainfall 0.25 deg, Tmax 1 deg)",REAL_GOVERNMENT
2020-12-04,0.0,30.39,0.0,30.44,"IMD gridded (rainfall 0.25 deg, Tmax 1 deg)",REAL_GOVERNMENT
2020-12-05,0.0,30.55,0.0,30.67,"IMD gridded (rainfall 0.25 deg, Tmax 1 deg)",REAL_GOVERNMENT
2020-12-06,0.0,31.1,0.0,30.94,"IMD gridded (rainfall 0.25 deg, Tmax 1 deg)",REAL_GOVERNMENT
2020-12-07,0.0,31.08,0.0,31.03,"IMD gridded (rainfall 0.25 deg, Tmax 1 deg)",REAL_GOVERNMENT
2020-12-08,0.0,31.17,0.0,31.17,"IMD gridded (rainfall 0.25 deg, Tmax 1 deg)",REAL_GOVERNMENT
2020-12-09,0.0,30.69,0.0,30.81,"IMD gridded (rainfall 0.25 deg, Tmax 1 deg)",REAL_GOVERNMENT
2020-12-10,0.0,29.97,0.0,30.09,"IMD gridded (rainfall 0.25 deg, Tmax 1 deg)",REAL_GOVERNMENT
2020-12-11,0.0,28.31,0.0,29.26,"IMD gridded (rainfall 0.25 deg, Tmax 1 deg)",REAL_GOVERNMENT
2020-12-12,0.0,26.12,0.0,26.79,"IMD gridded (rainfall 0.25 deg, Tmax 1 deg)",REAL_GOVERNMENT
2020-12-13,0.1,25.49,0.0,26.07,"IMD gridded (rainfall 0.25 deg, Tmax 1 deg)",REAL_GOVERNMENT
2020-12-14,0.5,24.44,1.74,25.0,"IMD gridded (rainfall 0.25 deg, Tmax 1 deg)",REAL_GOVERNMENT
2020-12-15,0.53,25.97,0.54,26.68,"IMD gridded (rainfall 0.25 deg, Tmax 1 deg)",REAL_GOVERNMENT
2020-12-16,0.0,25.04,0.0,26.05,"IMD gridded (rainfall 0.25 deg, Tmax 1 deg)",REAL_GOVERNMENT
2020-12-17,0.0,24.86,0.0,25.37,"IMD gridded (rainfall 0.25 deg, Tmax 1 deg)",REAL_GOVERNMENT
2020-12-18,0.0,25.39,0.0,25.83,"IMD gridded (rainfall 0.25 deg, Tmax 1 deg)",REAL_GOVERNMENT
2020-12-19,0.0,25.02,0.0,25.43,"IMD gridded (rainfall 0.25 deg, Tmax 1 deg)",REAL_GOVERNMENT
2020-12-20,0.0,25.53,0.0,25.73,"IMD gridded (rainfall 0.25 deg, Tmax 1 deg)",REAL_GOVERNMENT
2020-12-21,0.0,26.51,0.0,26.75,"IMD gridded (rainfall 0.25 deg, Tmax 1 deg)",REAL_GOVERNMENT
2020-12-22,0.0,27.24,0.0,27.31,"IMD gridded (rainfall 0.25 deg, Tmax 1 deg)",REAL_GOVERNMENT
2020-12-23,0.0,27.04,0.0,26.97,"IMD gridded (rainfall 0.25 deg, Tmax 1 deg)",REAL_GOVERNMENT
2020-12-24,0.0,27.03,0.0,27.24,"IMD gridded (rainfall 0.25 deg, Tmax 1 deg)",REAL_GOVERNMENT
2020-12-25,0.0,26.35,0.0,26.52,"IMD gridded (rainfall 0.25 deg, Tmax 1 deg)",REAL_GOVERNMENT
2020-12-26,0.0,27.03,0.0,27.26,"IMD gridded (rainfall 0.25 deg, Tmax 1 deg)",REAL_GOVERNMENT
2020-12-27,0.0,27.72,0.0,27.96,"IMD gridded (rainfall 0.25 deg, Tmax 1 deg)",REAL_GOVERNMENT
2020-12-28,0.0,27.38,0.0,27.65,"IMD gridded (rainfall 0.25 deg, Tmax 1 deg)",REAL_GOVERNMENT
2020-12-29,0.0,25.86,0.0,26.49,"IMD gridded (rainfall 0.25 deg, Tmax 1 deg)",REAL_GOVERNMENT
2020-12-30,0.0,25.36,0.0,26.14,"IMD gridded (rainfall 0.25 deg, Tmax 1 deg)",REAL_GOVERNMENT
2020-12-31,0.0,26.29,0.0,26.72,"IMD gridded (rainfall 0.25 deg, Tmax 1 deg)",REAL_GOVERNMENT
2021-01-01,0.0,26.92,0.0,27.24,"IMD gridded (rainfall 0.25 deg, Tmax 1 deg)",REAL_GOVERNMENT
2021-01-02,0.0,28.4,0.0,28.64,"IMD gridded (rainfall 0.25 deg, Tmax 1 deg)",REAL_GOVERNMENT
2021-01-03,0.0,28.75,0.0,28.99,"IMD gridded (rainfall 0.25 deg, Tmax 1 deg)",REAL_GOVERNMENT
2021-01-04,0.0,27.26,0.0,27.79,"IMD gridded (rainfall 0.25 deg, Tmax 1 deg)",REAL_GOVERNMENT
2021-01-05,0.0,26.91,0.0,26.64,"IMD gridded (rainfall 0.25 deg, Tmax 1 deg)",REAL_GOVERNMENT
2021-01-06,0.06,29.4,0.0,29.39,"IMD gridded (rainfall 0.25 deg, Tmax 1 deg)",REAL_GOVERNMENT
2021-01-07,0.0,29.3,0.0,29.48,"IMD gridded (rainfall 0.25 deg, Tmax 1 deg)",REAL_GOVERNMENT
2021-01-08,0.0,27.64,0.0,27.76,"IMD gridded (rainfall 0.25 deg, Tmax 1 deg)",REAL_GOVERNMENT
2021-01-09,0.0,28.48,0.0,29.64,"IMD gridded (rainfall 0.25 deg, Tmax 1 deg)",REAL_GOVERNMENT
2021-01-10,0.0,28.85,0.0,29.21,"IMD gridded (rainfall 0.25 deg, Tmax 1 deg)",REAL_GOVERNMENT
2021-01-11,0.0,28.91,0.0,30.05,"IMD gridded (rainfall 0.25 deg, Tmax 1 deg)",REAL_GOVERNMENT
2021-01-12,0.0,26.89,0.0,27.99,"IMD gridded (rainfall 0.25 deg, Tmax 1 deg)",REAL_GOVERNMENT
2021-01-13,0.0,26.2,0.0,26.75,"IMD gridded (rainfall 0.25 deg, Tmax 1 deg)",REAL_GOVERNMENT
2021-01-14,0.0,26.99,0.0,27.52,"IMD gridded (rainfall 0.25 deg, Tmax 1 deg)",REAL_GOVERNMENT
2021-01-15,0.0,27.61,0.0,27.99,"IMD gridded (rainfall 0.25 deg, Tmax 1 deg)",REAL_GOVERNMENT
2021-01-16,0.0,28.33,0.0,28.56,"IMD gridded (rainfall 0.25 deg, Tmax 1 deg)",REAL_GOVERNMENT
2021-01-17,0.0,29.03,0.0,29.35,"IMD gridded (rainfall 0.25 deg, Tmax 1 deg)",REAL_GOVERNMENT
2021-01-18,0.0,29.33,0.0,29.76,"IMD gridded (rainfall 0.25 deg, Tmax 1 deg)",REAL_GOVERNMENT
2021-01-19,0.0,30.14,0.0,30.51,"IMD gridded (rainfall 0.25 deg, Tmax 1 deg)",REAL_GOVERNMENT
2021-01-20,0.0,28.37,0.0,28.8,"IMD gridded (rainfall 0.25 deg, Tmax 1 deg)",REAL_GOVERNMENT
2021-01-21,0.0,28.92,0.0,29.14,"IMD gridded (rainfall 0.25 deg, Tmax 1 deg)",REAL_GOVERNMENT
2021-01-22,0.0,29.69,0.0,30.17,"IMD gridded (rainfall 0.25 deg, Tmax 1 deg)",REAL_GOVERNMENT
2021-01-23,0.0,30.67,0.0,30.95,"IMD gridded (rainfall 0.25 deg, Tmax 1 deg)",REAL_GOVERNMENT
2021-01-24,0.0,30.06,0.0,30.73,"IMD gridded (rainfall 0.25 deg, Tmax 1 deg)",REAL_GOVERNMENT
2021-01-25,0.0,27.92,0.0,28.72,"IMD gridded (rainfall 0.25 deg, Tmax 1 deg)",REAL_GOVERNMENT
2021-01-26,0.0,25.85,0.0,26.53,"IMD gridded (rainfall 0.25 deg, Tmax 1 deg)",REAL_GOVERNMENT
2021-01-27,0.0,26.33,0.0,26.72,"IMD gridded (rainfall 0.25 deg, Tmax 1 deg)",REAL_GOVERNMENT
2021-01-28,0.0,26.65,0.0,27.35,"IMD gridded (rainfall 0.25 deg, Tmax 1 deg)",REAL_GOVERNMENT
2021-01-29,4.1,24.57,4.22,25.24,"IMD gridded (rainfall 0.25 deg, Tmax 1 deg)",REAL_GOVERNMENT
2021-01-30,0.05,24.09,0.0,24.93,"IMD gridded (rainfall 0.25 deg, Tmax 1 deg)",REAL_GOVERNMENT
2021-01-31,0.0,26.63,0.0,26.83,"IMD gridded (rainfall 0.25 deg, Tmax 1 deg)",REAL_GOVERNMENT
2021-02-01,0.0,28.2,0.0,28.44,"IMD gridded (rainfall 0.25 deg, Tmax 1 deg)",REAL_GOVERNMENT
2021-02-02,0.0,29.93,0.0,30.09,"IMD gridded (rainfall 0.25 deg, Tmax 1 deg)",REAL_GOVERNMENT
2021-02-03,0.0,30.62,0.0,30.73,"IMD gridded (rainfall 0.25 deg, Tmax 1 deg)",REAL_GOVERNMENT
2021-02-04,0.0,30.99,0.0,31.34,"IMD gridded (rainfall 0.25 deg, Tmax 1 deg)",REAL_GOVERNMENT
2021-02-05,0.0,29.03,0.0,29.74,"IMD gridded (rainfall 0.25 deg, Tmax 1 deg)",REAL_GOVERNMENT
2021-02-06,0.0,26.48,0.0,27.13,"IMD gridded (rainfall 0.25 deg, Tmax 1 deg)",REAL_GOVERNMENT
2021-02-07,0.0,26.56,0.0,27.18,"IMD gridded (rainfall 0.25 deg, Tmax 1 deg)",REAL_GOVERNMENT
2021-02-08,0.0,27.59,0.0,27.99,"IMD gridded (rainfall 0.25 deg, Tmax 1 deg)",REAL_GOVERNMENT
2021-02-09,0.0,29.59,0.0,29.84,"IMD gridded (rainfall 0.25 deg, Tmax 1 deg)",REAL_GOVERNMENT
2021-02-10,0.0,31.55,0.0,31.46,"IMD gridded (rainfall 0.25 deg, Tmax 1 deg)",REAL_GOVERNMENT
2021-02-11,0.0,30.88,0.0,31.15,"IMD gridded (rainfall 0.25 deg, Tmax 1 deg)",REAL_GOVERNMENT
2021-02-12,0.0,31.5,0.0,31.7,"IMD gridded (rainfall 0.25 deg, Tmax 1 deg)",REAL_GOVERNMENT
2021-02-13,0.0,31.91,0.0,32.07,"IMD gridded (rainfall 0.25 deg, Tmax 1 deg)",REAL_GOVERNMENT
2021-02-14,0.0,31.77,0.0,32.04,"IMD gridded (rainfall 0.25 deg, Tmax 1 deg)",REAL_GOVERNMENT
2021-02-15,0.0,31.66,0.0,31.96,"IMD gridded (rainfall 0.25 deg, Tmax 1 deg)",REAL_GOVERNMENT
2021-02-16,0.29,29.12,0.0,29.79,"IMD gridded (rainfall 0.25 deg, Tmax 1 deg)",REAL_GOVERNMENT
2021-02-17,13.67,26.49,8.0,26.89,"IMD gridded (rainfall 0.25 deg, Tmax 1 deg)",REAL_GOVERNMENT
2021-02-18,2.82,27.53,1.36,27.44,"IMD gridded (rainfall 0.25 deg, Tmax 1 deg)",REAL_GOVERNMENT
2021-02-19,1.09,27.0,0.35,26.85,"IMD gridded (rainfall 0.25 deg, Tmax 1 deg)",REAL_GOVERNMENT
2021-02-20,0.02,28.9,0.0,29.47,"IMD gridded (rainfall 0.25 deg, Tmax 1 deg)",REAL_GOVERNMENT
2021-02-21,0.04,30.04,0.0,30.38,"IMD gridded (rainfall 0.25 deg, Tmax 1 deg)",REAL_GOVERNMENT
2021-02-22,0.0,31.49,0.0,31.95,"IMD gridded (rainfall 0.25 deg, Tmax 1 deg)",REAL_GOVERNMENT
2021-02-23,0.0,32.39,0.0,32.86,"IMD gridded (rainfall 0.25 deg, Tmax 1 deg)",REAL_GOVERNMENT
2021-02-24,0.0,33.04,0.0,33.37,"IMD gridded (rainfall 0.25 deg, Tmax 1 deg)",REAL_GOVERNMENT
2021-02-25,0.0,34.7,0.0,34.99,"IMD gridded (rainfall 0.25 deg, Tmax 1 deg)",REAL_GOVERNMENT
2021-02-26,0.0,34.83,0.0,35.32,"IMD gridded (rainfall 0.25 deg, Tmax 1 deg)",REAL_GOVERNMENT
2021-02-27,0.0,35.19,0.0,35.56,"IMD gridded (rainfall 0.25 deg, Tmax 1 deg)",REAL_GOVERNMENT
2021-02-28,0.0,35.01,0.0,35.22,"IMD gridded (rainfall 0.25 deg, Tmax 1 deg)",REAL_GOVERNMENT
2021-03-01,0.0,35.75,0.0,36.24,"IMD gridded (rainfall 0.25 deg, Tmax 1 deg)",REAL_GOVERNMENT
2021-03-02,0.0,33.81,0.0,34.53,"IMD gridded (rainfall 0.25 deg, Tmax 1 deg)",REAL_GOVERNMENT
2021-03-03,0.0,33.46,0.0,33.86,"IMD gridded (rainfall 0.25 deg, Tmax 1 deg)",REAL_GOVERNMENT
2021-03-04,0.0,35.6,0.0,35.72,"IMD gridded (rainfall 0.25 deg, Tmax 1 deg)",REAL_GOVERNMENT
2021-03-05,0.0,35.56,0.0,35.84,"IMD gridded (rainfall 0.25 deg, Tmax 1 deg)",REAL_GOVERNMENT
2021-03-06,0.0,35.2,0.0,35.33,"IMD gridded (rainfall 0.25 deg, Tmax 1 deg)",REAL_GOVERNMENT
2021-03-07,0.0,36.52,0.0,36.6,"IMD gridded (rainfall 0.25 deg, Tmax 1 deg)",REAL_GOVERNMENT
2021-03-08,0.0,36.66,0.0,36.56,"IMD gridded (rainfall 0.25 deg, Tmax 1 deg)",REAL_GOVERNMENT
2021-03-09,0.0,36.45,0.0,36.29,"IMD gridded (rainfall 0.25 deg, Tmax 1 deg)",REAL_GOVERNMENT
2021-03-10,0.0,36.07,0.0,36.33,"IMD gridded (rainfall 0.25 deg, Tmax 1 deg)",REAL_GOVERNMENT
2021-03-11,0.0,35.72,0.0,35.6,"IMD gridded (rainfall 0.25 deg, Tmax 1 deg)",REAL_GOVERNMENT
2021-03-12,0.14,33.89,0.0,33.94,"IMD gridded (rainfall 0.25 deg, Tmax 1 deg)",REAL_GOVERNMENT
2021-03-13,5.47,32.8,7.52,33.06,"IMD gridded (rainfall 0.25 deg, Tmax 1 deg)",REAL_GOVERNMENT
2021-03-14,0.0,34.36,0.0,34.49,"IMD gridded (rainfall 0.25 deg, Tmax 1 deg)",REAL_GOVERNMENT
2021-03-15,0.0,35.37,0.0,35.41,"IMD gridded (rainfall 0.25 deg, Tmax 1 deg)",REAL_GOVERNMENT
2021-03-16,0.0,35.05,0.0,34.89,"IMD gridded (rainfall 0.25 deg, Tmax 1 deg)",REAL_GOVERNMENT
2021-03-17,0.13,35.13,0.0,35.22,"IMD gridded (rainfall 0.25 deg, Tmax 1 deg)",REAL_GOVERNMENT
2021-03-18,0.05,34.77,0.0,34.38,"IMD gridded (rainfall 0.25 deg, Tmax 1 deg)",REAL_GOVERNMENT
2021-03-19,1.94,31.0,0.38,30.42,"IMD gridded (rainfall 0.25 deg, Tmax 1 deg)",REAL_GOVERNMENT
2021-03-20,1.97,33.39,0.66,33.07,"IMD gridded (rainfall 0.25 deg, Tmax 1 deg)",REAL_GOVERNMENT
2021-03-21,0.68,34.63,3.38,34.61,"IMD gridded (rainfall 0.25 deg, Tmax 1 deg)",REAL_GOVERNMENT
2021-03-22,0.01,33.75,0.0,33.47,"IMD gridded (rainfall 0.25 deg, Tmax 1 deg)",REAL_GOVERNMENT
2021-03-23,0.24,31.06,0.49,29.83,"IMD gridded (rainfall 0.25 deg, Tmax 1 deg)",REAL_GOVERNMENT
2021-03-24,0.25,34.81,0.0,34.77,"IMD gridded (rainfall 0.25 deg, Tmax 1 deg)",REAL_GOVERNMENT
2021-03-25,0.0,35.88,0.0,36.16,"IMD gridded (rainfall 0.25 deg, Tmax 1 deg)",REAL_GOVERNMENT
2021-03-26,0.0,35.58,0.0,35.6,"IMD gridded (rainfall 0.25 deg, Tmax 1 deg)",REAL_GOVERNMENT
2021-03-27,0.0,37.12,0.0,37.38,"IMD gridded (rainfall 0.25 deg, Tmax 1 deg)",REAL_GOVERNMENT
2021-03-28,0.0,38.6,0.0,38.89,"IMD gridded (rainfall 0.25 deg, Tmax 1 deg)",REAL_GOVERNMENT
2021-03-29,0.0,40.14,0.0,40.14,"IMD gridded (rainfall 0.25 deg, Tmax 1 deg)",REAL_GOVERNMENT
2021-03-30,0.0,39.63,0.0,39.74,"IMD gridded (rainfall 0.25 deg, Tmax 1 deg)",REAL_GOVERNMENT
2021-03-31,0.0,38.96,0.0,39.18,"IMD gridded (rainfall 0.25 deg, Tmax 1 deg)",REAL_GOVERNMENT
2021-04-01,0.0,38.02,0.0,38.43,"IMD gridded (rainfall 0.25 deg, Tmax 1 deg)",REAL_GOVERNMENT
2021-04-02,0.0,38.93,0.0,39.23,"IMD gridded (rainfall 0.25 deg, Tmax 1 deg)",REAL_GOVERNMENT
2021-04-03,0.0,38.87,0.0,39.18,"IMD gridded (rainfall 0.25 deg, Tmax 1 deg)",REAL_GOVERNMENT
2021-04-04,0.0,39.05,0.0,39.28,"IMD gridded (rainfall 0.25 deg, Tmax 1 deg)",REAL_GOVERNMENT
2021-04-05,0.0,40.03,0.0,40.13,"IMD gridded (rainfall 0.25 deg, Tmax 1 deg)",REAL_GOVERNMENT
2021-04-06,0.0,40.8,0.0,40.8,"IMD gridded (rainfall 0.25 deg, Tmax 1 deg)",REAL_GOVERNMENT
2021-04-07,0.0,40.77,0.0,40.7,"IMD gridded (rainfall 0.25 deg, Tmax 1 deg)",REAL_GOVERNMENT
2021-04-08,0.0,40.27,0.0,40.28,"IMD gridded (rainfall 0.25 deg, Tmax 1 deg)",REAL_GOVERNMENT
2021-04-09,0.21,38.15,0.0,38.25,"IMD gridded (rainfall 0.25 deg, Tmax 1 deg)",REAL_GOVERNMENT
2021-04-10,0.0,38.3,0.0,38.32,"IMD gridded (rainfall 0.25 deg, Tmax 1 deg)",REAL_GOVERNMENT
2021-04-11,1.13,37.0,0.76,36.47,"IMD gridded (rainfall 0.25 deg, Tmax 1 deg)",REAL_GOVERNMENT
2021-04-12,0.0,37.58,0.0,37.2,"IMD gridded (rainfall 0.25 deg, Tmax 1 deg)",REAL_GOVERNMENT
2021-04-13,0.0,39.09,0.0,38.74,"IMD gridded (rainfall 0.25 deg, Tmax 1 deg)",REAL_GOVERNMENT
2021-04-14,0.0,38.21,0.0,37.89,"IMD gridded (rainfall 0.25 deg, Tmax 1 deg)",REAL_GOVERNMENT
2021-04-15,0.0,36.09,0.0,35.64,"IMD gridded (rainfall 0.25 deg, Tmax 1 deg)",REAL_GOVERNMENT
2021-04-16,0.0,38.42,0.0,38.24,"IMD gridded (rainfall 0.25 deg, Tmax 1 deg)",REAL_GOVERNMENT
2021-04-17,0.0,38.04,0.0,37.7,"IMD gridded (rainfall 0.25 deg, Tmax 1 deg)",REAL_GOVERNMENT
2021-04-18,0.0,38.99,0.0,38.92,"IMD gridded (rainfall 0.25 deg, Tmax 1 deg)",REAL_GOVERNMENT
2021-04-19,0.0,39.29,0.0,39.19,"IMD gridded (rainfall 0.25 deg, Tmax 1 deg)",REAL_GOVERNMENT
2021-04-20,0.0,39.64,0.0,39.46,"IMD gridded (rainfall 0.25 deg, Tmax 1 deg)",REAL_GOVERNMENT
2021-04-21,1.04,37.66,0.0,37.8,"IMD gridded (rainfall 0.25 deg, Tmax 1 deg)",REAL_GOVERNMENT
2021-04-22,0.01,37.48,0.0,37.38,"IMD gridded (rainfall 0.25 deg, Tmax 1 deg)",REAL_GOVERNMENT
2021-04-23,0.0,38.64,0.0,38.29,"IMD gridded (rainfall 0.25 deg, Tmax 1 deg)",REAL_GOVERNMENT
2021-04-24,0.0,39.39,0.0,39.29,"IMD gridded (rainfall 0.25 deg, Tmax 1 deg)",REAL_GOVERNMENT
2021-04-25,0.0,38.88,0.0,38.85,"IMD gridded (rainfall 0.25 deg, Tmax 1 deg)",REAL_GOVERNMENT
2021-04-26,0.0,39.66,0.0,39.67,"IMD gridded (rainfall 0.25 deg, Tmax 1 deg)",REAL_GOVERNMENT
2021-04-27,0.0,40.41,0.0,40.31,"IMD gridded (rainfall 0.25 deg, Tmax 1 deg)",REAL_GOVERNMENT
2021-04-28,0.0,41.15,0.0,40.9,"IMD gridded (rainfall 0.25 deg, Tmax 1 deg)",REAL_GOVERNMENT
2021-04-29,0.0,41.76,0.0,41.64,"IMD gridded (rainfall 0.25 deg, Tmax 1 deg)",REAL_GOVERNMENT
2021-04-30,0.0,40.48,0.0,40.51,"IMD gridded (rainfall 0.25 deg, Tmax 1 deg)",REAL_GOVERNMENT
2021-05-01,0.01,38.36,0.0,38.29,"IMD gridded (rainfall 0.25 deg, Tmax 1 deg)",REAL_GOVERNMENT
2021-05-02,1.49,37.46,2.68,37.51,"IMD gridded (rainfall 0.25 deg, Tmax 1 deg)",REAL_GOVERNMENT
2021-05-03,0.28,37.16,0.0,37.34,"IMD gridded (rainfall 0.25 deg, Tmax 1 deg)",REAL_GOVERNMENT
2021-05-04,0.29,38.99,0.0,39.02,"IMD gridded (rainfall 0.25 deg, Tmax 1 deg)",REAL_GOVERNMENT
2021-05-05,0.0,39.79,0.0,40.01,"IMD gridded (rainfall 0.25 deg, Tmax 1 deg)",REAL_GOVERNMENT
2021-05-06,0.34,40.49,0.0,40.58,"IMD gridded (rainfall 0.25 deg, Tmax 1 deg)",REAL_GOVERNMENT
2021-05-07,1.01,38.66,0.42,38.54,"IMD gridded (rainfall 0.25 deg, Tmax 1 deg)",REAL_GOVERNMENT
2021-05-08,2.17,38.61,0.0,38.44,"IMD gridded (rainfall 0.25 deg, Tmax 1 deg)",REAL_GOVERNMENT
2021-05-09,7.72,37.55,13.54,37.5,"IMD gridded (rainfall 0.25 deg, Tmax 1 deg)",REAL_GOVERNMENT
2021-05-10,14.44,37.3,16.77,37.52,"IMD gridded (rainfall 0.25 deg, Tmax 1 deg)",REAL_GOVERNMENT
2021-05-11,7.87,38.21,3.51,38.43,"IMD gridded (rainfall 0.25 deg, Tmax 1 deg)",REAL_GOVERNMENT
2021-05-12,1.17,39.19,0.45,39.48,"IMD gridded (rainfall 0.25 deg, Tmax 1 deg)",REAL_GOVERNMENT
2021-05-13,0.01,38.84,0.0,38.93,"IMD gridded (rainfall 0.25 deg, Tmax 1 deg)",REAL_GOVERNMENT
2021-05-14,0.04,39.07,0.0,39.26,"IMD gridded (rainfall 0.25 deg, Tmax 1 deg)",REAL_GOVERNMENT
2021-05-15,1.65,38.37,1.57,38.33,"IMD gridded (rainfall 0.25 deg, Tmax 1 deg)",REAL_GOVERNMENT
2021-05-16,0.0,37.77,0.0,37.6,"IMD gridded (rainfall 0.25 deg, Tmax 1 deg)",REAL_GOVERNMENT
2021-05-17,1.32,35.83,0.0,35.56,"IMD gridded (rainfall 0.25 deg, Tmax 1 deg)",REAL_GOVERNMENT
2021-05-18,2.86,35.89,0.11,36.04,"IMD gridded (rainfall 0.25 deg, Tmax 1 deg)",REAL_GOVERNMENT
2021-05-19,13.11,34.82,0.0,34.86,"IMD gridded (rainfall 0.25 deg, Tmax 1 deg)",REAL_GOVERNMENT
2021-05-20,3.7,33.92,3.36,33.71,"IMD gridded (rainfall 0.25 deg, Tmax 1 deg)",REAL_GOVERNMENT
2021-05-21,0.08,37.31,0.0,37.57,"IMD gridded (rainfall 0.25 deg, Tmax 1 deg)",REAL_GOVERNMENT
2021-05-22,0.0,37.97,0.0,37.8,"IMD gridded (rainfall 0.25 deg, Tmax 1 deg)",REAL_GOVERNMENT
2021-05-23,0.8,37.61,0.0,37.48,"IMD gridded (rainfall 0.25 deg, Tmax 1 deg)",REAL_GOVERNMENT
2021-05-24,0.22,38.46,0.0,38.54,"IMD gridded (rainfall 0.25 deg, Tmax 1 deg)",REAL_GOVERNMENT
2021-05-25,0.0,38.21,0.0,37.76,"IMD gridded (rainfall 0.25 deg, Tmax 1 deg)",REAL_GOVERNMENT
2021-05-26,0.0,39.15,0.0,39.16,"IMD gridded (rainfall 0.25 deg, Tmax 1 deg)",REAL_GOVERNMENT
2021-05-27,0.0,38.96,0.0,38.9,"IMD gridded (rainfall 0.25 deg, Tmax 1 deg)",REAL_GOVERNMENT
2021-05-28,0.0,39.27,0.0,39.21,"IMD gridded (rainfall 0.25 deg, Tmax 1 deg)",REAL_GOVERNMENT
2021-05-29,0.0,39.77,0.0,39.96,"IMD gridded (rainfall 0.25 deg, Tmax 1 deg)",REAL_GOVERNMENT
2021-05-30,0.02,38.85,0.0,38.67,"IMD gridded (rainfall 0.25 deg, Tmax 1 deg)",REAL_GOVERNMENT
2021-05-31,0.02,38.6,0.0,38.28,"IMD gridded (rainfall 0.25 deg, Tmax 1 deg)",REAL_GOVERNMENT
2021-06-01,0.19,36.94,0.41,36.37,"IMD gridded (rainfall 0.25 deg, Tmax 1 deg)",REAL_GOVERNMENT
2021-06-02,0.16,36.74,0.0,36.33,"IMD gridded (rainfall 0.25 deg, Tmax 1 deg)",REAL_GOVERNMENT
2021-06-03,0.21,36.55,0.0,35.91,"IMD gridded (rainfall 0.25 deg, Tmax 1 deg)",REAL_GOVERNMENT
2021-06-04,11.7,34.36,23.31,33.41,"IMD gridded (rainfall 0.25 deg, Tmax 1 deg)",REAL_GOVERNMENT
2021-06-05,7.1,34.21,3.44,33.67,"IMD gridded (rainfall 0.25 deg, Tmax 1 deg)",REAL_GOVERNMENT
2021-06-06,0.38,36.97,0.0,36.82,"IMD gridded (rainfall 0.25 deg, Tmax 1 deg)",REAL_GOVERNMENT
2021-06-07,0.31,36.64,0.16,36.04,"IMD gridded (rainfall 0.25 deg, Tmax 1 deg)",REAL_GOVERNMENT
2021-06-08,4.7,38.29,0.18,37.79,"IMD gridded (rainfall 0.25 deg, Tmax 1 deg)",REAL_GOVERNMENT
2021-06-09,5.1,34.18,2.66,33.47,"IMD gridded (rainfall 0.25 deg, Tmax 1 deg)",REAL_GOVERNMENT
2021-06-10,9.98,31.49,12.46,30.0,"IMD gridded (rainfall 0.25 deg, Tmax 1 deg)",REAL_GOVERNMENT
2021-06-11,31.2,30.77,25.71,29.8,"IMD gridded (rainfall 0.25 deg, Tmax 1 deg)",REAL_GOVERNMENT
2021-06-12,15.55,30.29,13.35,29.24,"IMD gridded (rainfall 0.25 deg, Tmax 1 deg)",REAL_GOVERNMENT
2021-06-13,4.01,34.09,12.05,33.18,"IMD gridded (rainfall 0.25 deg, Tmax 1 deg)",REAL_GOVERNMENT
2021-06-14,2.79,33.95,0.59,33.59,"IMD gridded (rainfall 0.25 deg, Tmax 1 deg)",REAL_GOVERNMENT
2021-06-15,6.08,33.71,6.48,33.35,"IMD gridded (rainfall 0.25 deg, Tmax 1 deg)",REAL_GOVERNMENT
2021-06-16,3.5,33.21,0.0,32.44,"IMD gridded (rainfall 0.25 deg, Tmax 1 deg)",REAL_GOVERNMENT
2021-06-17,2.45,33.04,0.21,33.06,"IMD gridded (rainfall 0.25 deg, Tmax 1 deg)",REAL_GOVERNMENT
2021-06-18,7.54,31.27,3.72,30.89,"IMD gridded (rainfall 0.25 deg, Tmax 1 deg)",REAL_GOVERNMENT
2021-06-19,6.9,30.69,6.78,30.56,"IMD gridded (rainfall 0.25 deg, Tmax 1 deg)",REAL_GOVERNMENT
2021-06-20,4.16,32.3,10.12,32.52,"IMD gridded (rainfall 0.25 deg, Tmax 1 deg)",REAL_GOVERNMENT
2021-06-21,1.6,33.21,0.0,33.34,"IMD gridded (rainfall 0.25 deg, Tmax 1 deg)",REAL_GOVERNMENT
2021-06-22,0.23,33.91,0.0,33.96,"IMD gridded (rainfall 0.25 deg, Tmax 1 deg)",REAL_GOVERNMENT
2021-06-23,21.38,30.43,58.53,30.35,"IMD gridded (rainfall 0.25 deg, Tmax 1 deg)",REAL_GOVERNMENT
2021-06-24,32.06,30.32,29.95,30.36,"IMD gridded (rainfall 0.25 deg, Tmax 1 deg)",REAL_GOVERNMENT
2021-06-25,27.83,30.81,22.97,30.75,"IMD gridded (rainfall 0.25 deg, Tmax 1 deg)",REAL_GOVERNMENT
2021-06-26,0.73,33.36,2.06,33.39,"IMD gridded (rainfall 0.25 deg, Tmax 1 deg)",REAL_GOVERNMENT
2021-06-27,4.09,33.24,3.83,33.24,"IMD gridded (rainfall 0.25 deg, Tmax 1 deg)",REAL_GOVERNMENT
2021-06-28,11.51,33.66,2.06,33.46,"IMD gridded (rainfall 0.25 deg, Tmax 1 deg)",REAL_GOVERNMENT
2021-06-29,5.37,34.61,0.0,34.47,"IMD gridded (rainfall 0.25 deg, Tmax 1 deg)",REAL_GOVERNMENT
2021-06-30,2.58,34.57,2.1,34.33,"IMD gridded (rainfall 0.25 deg, Tmax 1 deg)",REAL_GOVERNMENT
2021-07-01,3.89,33.42,8.24,32.98,"IMD gridded (rainfall 0.25 deg, Tmax 1 deg)",REAL_GOVERNMENT
2021-07-02,6.91,32.6,5.95,32.45,"IMD gridded (rainfall 0.25 deg, Tmax 1 deg)",REAL_GOVERNMENT
2021-07-03,7.01,35.07,3.0,35.42,"IMD gridded (rainfall 0.25 deg, Tmax 1 deg)",REAL_GOVERNMENT
2021-07-04,0.1,35.23,0.0,35.27,"IMD gridded (rainfall 0.25 deg, Tmax 1 deg)",REAL_GOVERNMENT
2021-07-05,0.22,35.32,1.19,35.04,"IMD gridded (rainfall 0.25 deg, Tmax 1 deg)",REAL_GOVERNMENT
2021-07-06,4.2,35.61,3.99,35.24,"IMD gridded (rainfall 0.25 deg, Tmax 1 deg)",REAL_GOVERNMENT
2021-07-07,1.08,36.97,1.95,36.98,"IMD gridded (rainfall 0.25 deg, Tmax 1 deg)",REAL_GOVERNMENT
2021-07-08,18.17,30.15,22.31,29.66,"IMD gridded (rainfall 0.25 deg, Tmax 1 deg)",REAL_GOVERNMENT
2021-07-09,34.3,32.27,29.99,32.07,"IMD gridded (rainfall 0.25 deg, Tmax 1 deg)",REAL_GOVERNMENT
2021-07-10,0.94,34.03,2.17,33.72,"IMD gridded (rainfall 0.25 deg, Tmax 1 deg)",REAL_GOVERNMENT
2021-07-11,9.33,33.84,11.89,33.73,"IMD gridded (rainfall 0.25 deg, Tmax 1 deg)",REAL_GOVERNMENT
2021-07-12,1.34,33.16,8.05,32.87,"IMD gridded (rainfall 0.25 deg, Tmax 1 deg)",REAL_GOVERNMENT
2021-07-13,0.3,33.21,0.0,32.79,"IMD gridded (rainfall 0.25 deg, Tmax 1 deg)",REAL_GOVERNMENT
2021-07-14,2.53,33.15,1.04,33.01,"IMD gridded (rainfall 0.25 deg, Tmax 1 deg)",REAL_GOVERNMENT
2021-07-15,6.24,33.17,7.4,32.88,"IMD gridded (rainfall 0.25 deg, Tmax 1 deg)",REAL_GOVERNMENT
2021-07-16,3.76,33.52,7.72,33.37,"IMD gridded (rainfall 0.25 deg, Tmax 1 deg)",REAL_GOVERNMENT
2021-07-17,0.05,34.35,0.0,34.18,"IMD gridded (rainfall 0.25 deg, Tmax 1 deg)",REAL_GOVERNMENT
2021-07-18,0.0,33.98,0.0,33.83,"IMD gridded (rainfall 0.25 deg, Tmax 1 deg)",REAL_GOVERNMENT
2021-07-19,2.5,32.89,0.0,32.78,"IMD gridded (rainfall 0.25 deg, Tmax 1 deg)",REAL_GOVERNMENT
2021-07-20,1.47,29.72,0.0,29.56,"IMD gridded (rainfall 0.25 deg, Tmax 1 deg)",REAL_GOVERNMENT
2021-07-21,16.46,28.65,27.69,27.84,"IMD gridded (rainfall 0.25 deg, Tmax 1 deg)",REAL_GOVERNMENT
2021-07-22,20.91,28.22,24.28,27.63,"IMD gridded (rainfall 0.25 deg, Tmax 1 deg)",REAL_GOVERNMENT
2021-07-23,28.08,27.95,35.85,27.73,"IMD gridded (rainfall 0.25 deg, Tmax 1 deg)",REAL_GOVERNMENT
2021-07-24,22.13,26.84,26.48,26.69,"IMD gridded (rainfall 0.25 deg, Tmax 1 deg)",REAL_GOVERNMENT
2021-07-25,16.66,28.69,9.56,28.95,"IMD gridded (rainfall 0.25 deg, Tmax 1 deg)",REAL_GOVERNMENT
2021-07-26,1.09,28.59,1.56,28.88,"IMD gridded (rainfall 0.25 deg, Tmax 1 deg)",REAL_GOVERNMENT
2021-07-27,5.6,27.32,2.85,27.74,"IMD gridded (rainfall 0.25 deg, Tmax 1 deg)",REAL_GOVERNMENT
2021-07-28,32.72,27.16,45.14,27.42,"IMD gridded (rainfall 0.25 deg, Tmax 1 deg)",REAL_GOVERNMENT
2021-07-29,18.31,27.12,31.89,27.21,"IMD gridded (rainfall 0.25 deg, Tmax 1 deg)",REAL_GOVERNMENT
2021-07-30,5.88,26.58,1.05,26.86,"IMD gridded (rainfall 0.25 deg, Tmax 1 deg)",REAL_GOVERNMENT
2021-07-31,23.68,26.82,41.4,26.84,"IMD gridded (rainfall 0.25 deg, Tmax 1 deg)",REAL_GOVERNMENT
2021-08-01,2.43,26.29,0.34,26.51,"IMD gridded (rainfall 0.25 deg, Tmax 1 deg)",REAL_GOVERNMENT
2021-08-02,1.81,26.49,4.41,26.59,"IMD gridded (rainfall 0.25 deg, Tmax 1 deg)",REAL_GOVERNMENT
2021-08-03,3.6,27.72,2.41,28.24,"IMD gridded (rainfall 0.25 deg, Tmax 1 deg)",REAL_GOVERNMENT
2021-08-04,0.19,28.47,0.16,28.79,"IMD gridded (rainfall 0.25 deg, Tmax 1 deg)",REAL_GOVERNMENT
2021-08-05,2.01,27.54,1.56,27.59,"IMD gridded (rainfall 0.25 deg, Tmax 1 deg)",REAL_GOVERNMENT
2021-08-06,3.25,27.81,0.89,27.89,"IMD gridded (rainfall 0.25 deg, Tmax 1 deg)",REAL_GOVERNMENT
2021-08-07,0.37,29.17,0.0,29.26,"IMD gridded (rainfall 0.25 deg, Tmax 1 deg)",REAL_GOVERNMENT
2021-08-08,6.36,29.47,2.88,29.93,"IMD gridded (rainfall 0.25 deg, Tmax 1 deg)",REAL_GOVERNMENT
2021-08-09,0.1,30.25,0.0,30.67,"IMD gridded (rainfall 0.25 deg, Tmax 1 deg)",REAL_GOVERNMENT
2021-08-10,5.78,29.53,2.76,29.82,"IMD gridded (rainfall 0.25 deg, Tmax 1 deg)",REAL_GOVERNMENT
2021-08-11,9.01,30.43,27.54,30.94,"IMD gridded (rainfall 0.25 deg, Tmax 1 deg)",REAL_GOVERNMENT
2021-08-12,0.46,31.92,0.81,32.01,"IMD gridded (rainfall 0.25 deg, Tmax 1 deg)",REAL_GOVERNMENT
2021-08-13,0.92,32.41,4.03,32.42,"IMD gridded (rainfall 0.25 deg, Tmax 1 deg)",REAL_GOVERNMENT
2021-08-14,0.12,32.61,0.58,32.65,"IMD gridded (rainfall 0.25 deg, Tmax 1 deg)",REAL_GOVERNMENT
2021-08-15,2.79,32.11,3.06,31.98,"IMD gridded (rainfall 0.25 deg, Tmax 1 deg)",REAL_GOVERNMENT
2021-08-16,2.57,31.96,2.32,31.8,"IMD gridded (rainfall 0.25 deg, Tmax 1 deg)",REAL_GOVERNMENT
2021-08-17,12.79,30.26,7.41,29.49,"IMD gridded (rainfall 0.25 deg, Tmax 1 deg)",REAL_GOVERNMENT
2021-08-18,25.56,28.72,21.39,28.53,"IMD gridded (rainfall 0.25 deg, Tmax 1 deg)",REAL_GOVERNMENT
2021-08-19,21.42,27.79,6.69,27.72,"IMD gridded (rainfall 0.25 deg, Tmax 1 deg)",REAL_GOVERNMENT
2021-08-20,19.04,27.57,12.64,27.26,"IMD gridded (rainfall 0.25 deg, Tmax 1 deg)",REAL_GOVERNMENT
2021-08-21,4.77,29.82,0.7,29.73,"IMD gridded (rainfall 0.25 deg, Tmax 1 deg)",REAL_GOVERNMENT
2021-08-22,3.96,30.76,2.36,30.81,"IMD gridded (rainfall 0.25 deg, Tmax 1 deg)",REAL_GOVERNMENT
2021-08-23,0.44,31.16,0.3,31.34,"IMD gridded (rainfall 0.25 deg, Tmax 1 deg)",REAL_GOVERNMENT
2021-08-24,5.33,30.87,2.61,31.09,"IMD gridded (rainfall 0.25 deg, Tmax 1 deg)",REAL_GOVERNMENT
2021-08-25,2.17,30.61,2.5,30.79,"IMD gridded (rainfall 0.25 deg, Tmax 1 deg)",REAL_GOVERNMENT
2021-08-26,1.14,30.73,0.0,30.87,"IMD gridded (rainfall 0.25 deg, Tmax 1 deg)",REAL_GOVERNMENT
2021-08-27,0.75,31.51,0.0,31.5,"IMD gridded (rainfall 0.25 deg, Tmax 1 deg)",REAL_GOVERNMENT
2021-08-28,0.13,31.67,0.0,31.69,"IMD gridded (rainfall 0.25 deg, Tmax 1 deg)",REAL_GOVERNMENT
2021-08-29,9.55,31.67,1.32,31.4,"IMD gridded (rainfall 0.25 deg, Tmax 1 deg)",REAL_GOVERNMENT
2021-08-30,8.0,30.65,9.62,30.72,"IMD gridded (rainfall 0.25 deg, Tmax 1 deg)",REAL_GOVERNMENT
2021-08-31,5.03,31.01,3.01,30.69,"IMD gridded (rainfall 0.25 deg, Tmax 1 deg)",REAL_GOVERNMENT
2021-09-01,8.09,31.2,7.13,30.96,"IMD gridded (rainfall 0.25 deg, Tmax 1 deg)",REAL_GOVERNMENT
2021-09-02,2.53,31.53,1.89,31.37,"IMD gridded (rainfall 0.25 deg, Tmax 1 deg)",REAL_GOVERNMENT
2021-09-03,0.45,31.79,0.41,31.56,"IMD gridded (rainfall 0.25 deg, Tmax 1 deg)",REAL_GOVERNMENT
2021-09-04,8.93,31.26,4.27,31.46,"IMD gridded (rainfall 0.25 deg, Tmax 1 deg)",REAL_GOVERNMENT
2021-09-05,11.12,31.35,3.16,31.5,"IMD gridded (rainfall 0.25 deg, Tmax 1 deg)",REAL_GOVERNMENT
2021-09-06,3.47,31.62,1.08,31.58,"IMD gridded (rainfall 0.25 deg, Tmax 1 deg)",REAL_GOVERNMENT
2021-09-07,13.98,30.22,23.62,30.1,"IMD gridded (rainfall 0.25 deg, Tmax 1 deg)",REAL_GOVERNMENT
2021-09-08,15.36,29.13,18.14,29.01,"IMD gridded (rainfall 0.25 deg, Tmax 1 deg)",REAL_GOVERNMENT
2021-09-09,13.79,29.14,3.49,29.35,"IMD gridded (rainfall 0.25 deg, Tmax 1 deg)",REAL_GOVERNMENT
2021-09-10,23.04,29.55,28.25,29.86,"IMD gridded (rainfall 0.25 deg, Tmax 1 deg)",REAL_GOVERNMENT
2021-09-11,7.58,30.73,6.54,30.99,"IMD gridded (rainfall 0.25 deg, Tmax 1 deg)",REAL_GOVERNMENT
2021-09-12,23.63,30.7,59.59,30.64,"IMD gridded (rainfall 0.25 deg, Tmax 1 deg)",REAL_GOVERNMENT
2021-09-13,19.21,30.84,12.73,30.94,"IMD gridded (rainfall 0.25 deg, Tmax 1 deg)",REAL_GOVERNMENT
2021-09-14,30.87,29.55,27.61,29.57,"IMD gridded (rainfall 0.25 deg, Tmax 1 deg)",REAL_GOVERNMENT
2021-09-15,30.26,27.6,59.37,27.83,"IMD gridded (rainfall 0.25 deg, Tmax 1 deg)",REAL_GOVERNMENT
2021-09-16,11.9,27.19,11.77,27.44,"IMD gridded (rainfall 0.25 deg, Tmax 1 deg)",REAL_GOVERNMENT
2021-09-17,8.56,28.29,5.3,28.32,"IMD gridded (rainfall 0.25 deg, Tmax 1 deg)",REAL_GOVERNMENT
2021-09-18,3.06,29.93,2.82,30.34,"IMD gridded (rainfall 0.25 deg, Tmax 1 deg)",REAL_GOVERNMENT
2021-09-19,0.02,30.89,0.0,31.15,"IMD gridded (rainfall 0.25 deg, Tmax 1 deg)",REAL_GOVERNMENT
2021-09-20,10.93,29.84,25.64,29.48,"IMD gridded (rainfall 0.25 deg, Tmax 1 deg)",REAL_GOVERNMENT
2021-09-21,24.35,30.27,12.01,30.18,"IMD gridded (rainfall 0.25 deg, Tmax 1 deg)",REAL_GOVERNMENT
2021-09-22,9.46,30.79,0.0,30.82,"IMD gridded (rainfall 0.25 deg, Tmax 1 deg)",REAL_GOVERNMENT
2021-09-23,3.9,31.02,6.46,30.9,"IMD gridded (rainfall 0.25 deg, Tmax 1 deg)",REAL_GOVERNMENT
2021-09-24,7.28,31.17,0.0,31.11,"IMD gridded (rainfall 0.25 deg, Tmax 1 deg)",REAL_GOVERNMENT
2021-09-25,10.85,30.31,6.95,30.19,"IMD gridded (rainfall 0.25 deg, Tmax 1 deg)",REAL_GOVERNMENT
2021-09-26,5.11,31.03,0.0,31.3,"IMD gridded (rainfall 0.25 deg, Tmax 1 deg)",REAL_GOVERNMENT
2021-09-27,4.5,30.97,1.39,30.62,"IMD gridded (rainfall 0.25 deg, Tmax 1 deg)",REAL_GOVERNMENT
2021-09-28,0.06,29.48,0.0,28.7,"IMD gridded (rainfall 0.25 deg, Tmax 1 deg)",REAL_GOVERNMENT
2021-09-29,7.54,31.37,18.92,31.09,"IMD gridded (rainfall 0.25 deg, Tmax 1 deg)",REAL_GOVERNMENT
2021-09-30,1.02,32.13,0.0,32.07,"IMD gridded (rainfall 0.25 deg, Tmax 1 deg)",REAL_GOVERNMENT
2021-10-01,3.24,31.88,2.89,31.64,"IMD gridded (rainfall 0.25 deg, Tmax 1 deg)",REAL_GOVERNMENT
2021-10-02,4.69,31.42,5.39,30.74,"IMD gridded (rainfall 0.25 deg, Tmax 1 deg)",REAL_GOVERNMENT
2021-10-03,1.01,32.47,2.07,32.38,"IMD gridded (rainfall 0.25 deg, Tmax 1 deg)",REAL_GOVERNMENT
2021-10-04,2.28,32.92,0.0,32.76,"IMD gridded (rainfall 0.25 deg, Tmax 1 deg)",REAL_GOVERNMENT
2021-10-05,4.46,32.66,0.0,32.5,"IMD gridded (rainfall 0.25 deg, Tmax 1 deg)",REAL_GOVERNMENT
2021-10-06,2.96,32.77,2.44,32.75,"IMD gridded (rainfall 0.25 deg, Tmax 1 deg)",REAL_GOVERNMENT
2021-10-07,1.4,33.19,0.0,33.06,"IMD gridded (rainfall 0.25 deg, Tmax 1 deg)",REAL_GOVERNMENT
2021-10-08,0.01,33.02,0.0,32.89,"IMD gridded (rainfall 0.25 deg, Tmax 1 deg)",REAL_GOVERNMENT
2021-10-09,1.82,33.15,1.3,32.76,"IMD gridded (rainfall 0.25 deg, Tmax 1 deg)",REAL_GOVERNMENT
2021-10-10,0.01,33.04,0.0,32.88,"IMD gridded (rainfall 0.25 deg, Tmax 1 deg)",REAL_GOVERNMENT
2021-10-11,0.0,33.0,0.0,32.98,"IMD gridded (rainfall 0.25 deg, Tmax 1 deg)",REAL_GOVERNMENT
2021-10-12,0.0,32.79,0.0,32.71,"IMD gridded (rainfall 0.25 deg, Tmax 1 deg)",REAL_GOVERNMENT
2021-10-13,0.0,32.75,0.0,32.6,"IMD gridded (rainfall 0.25 deg, Tmax 1 deg)",REAL_GOVERNMENT
2021-10-14,0.0,32.15,0.0,32.07,"IMD gridded (rainfall 0.25 deg, Tmax 1 deg)",REAL_GOVERNMENT
2021-10-15,0.0,32.34,0.0,32.17,"IMD gridded (rainfall 0.25 deg, Tmax 1 deg)",REAL_GOVERNMENT
2021-10-16,1.43,32.53,0.25,31.9,"IMD gridded (rainfall 0.25 deg, Tmax 1 deg)",REAL_GOVERNMENT
2021-10-17,0.16,30.73,0.0,30.08,"IMD gridded (rainfall 0.25 deg, Tmax 1 deg)",REAL_GOVERNMENT
2021-10-18,5.38,29.92,0.54,29.83,"IMD gridded (rainfall 0.25 deg, Tmax 1 deg)",REAL_GOVERNMENT
2021-10-19,2.78,30.06,0.18,30.1,"IMD gridded (rainfall 0.25 deg, Tmax 1 deg)",REAL_GOVERNMENT
2021-10-20,0.13,30.62,0.0,30.36,"IMD gridded (rainfall 0.25 deg, Tmax 1 deg)",REAL_GOVERNMENT
2021-10-21,0.0,31.12,0.0,30.98,"IMD gridded (rainfall 0.25 deg, Tmax 1 deg)",REAL_GOVERNMENT
2021-10-22,0.0,31.53,0.0,31.35,"IMD gridded (rainfall 0.25 deg, Tmax 1 deg)",REAL_GOVERNMENT
2021-10-23,0.0,31.03,0.0,30.97,"IMD gridded (rainfall 0.25 deg, Tmax 1 deg)",REAL_GOVERNMENT
2021-10-24,0.0,30.62,0.0,30.37,"IMD gridded (rainfall 0.25 deg, Tmax 1 deg)",REAL_GOVERNMENT
2021-10-25,0.0,30.4,0.0,30.19,"IMD gridded (rainfall 0.25 deg, Tmax 1 deg)",REAL_GOVERNMENT
2021-10-26,0.0,30.32,0.0,30.24,"IMD gridded (rainfall 0.25 deg, Tmax 1 deg)",REAL_GOVERNMENT
2021-10-27,0.0,29.75,0.0,29.52,"IMD gridded (rainfall 0.25 deg, Tmax 1 deg)",REAL_GOVERNMENT
2021-10-28,0.0,29.06,0.0,29.08,"IMD gridded (rainfall 0.25 deg, Tmax 1 deg)",REAL_GOVERNMENT
2021-10-29,0.0,28.99,0.0,28.8,"IMD gridded (rainfall 0.25 deg, Tmax 1 deg)",REAL_GOVERNMENT
2021-10-30,0.0,29.03,0.0,28.87,"IMD gridded (rainfall 0.25 deg, Tmax 1 deg)",REAL_GOVERNMENT
2021-10-31,0.0,28.97,0.0,28.85,"IMD gridded (rainfall 0.25 deg, Tmax 1 deg)",REAL_GOVERNMENT
2021-11-01,0.0,29.67,0.0,29.58,"IMD gridded (rainfall 0.25 deg, Tmax 1 deg)",REAL_GOVERNMENT
2021-11-02,0.0,29.97,0.0,29.72,"IMD gridded (rainfall 0.25 deg, Tmax 1 deg)",REAL_GOVERNMENT
2021-11-03,0.0,30.06,0.0,29.91,"IMD gridded (rainfall 0.25 deg, Tmax 1 deg)",REAL_GOVERNMENT
2021-11-04,0.03,29.98,0.0,29.79,"IMD gridded (rainfall 0.25 deg, Tmax 1 deg)",REAL_GOVERNMENT
2021-11-05,0.18,30.37,0.0,30.41,"IMD gridded (rainfall 0.25 deg, Tmax 1 deg)",REAL_GOVERNMENT
2021-11-06,0.0,29.79,0.0,29.88,"IMD gridded (rainfall 0.25 deg, Tmax 1 deg)",REAL_GOVERNMENT
2021-11-07,0.0,29.1,0.0,29.07,"IMD gridded (rainfall 0.25 deg, Tmax 1 deg)",REAL_GOVERNMENT
2021-11-08,0.0,29.64,0.0,29.59,"IMD gridded (rainfall 0.25 deg, Tmax 1 deg)",REAL_GOVERNMENT
2021-11-09,0.0,29.03,0.0,28.97,"IMD gridded (rainfall 0.25 deg, Tmax 1 deg)",REAL_GOVERNMENT
2021-11-10,0.0,28.68,0.0,28.44,"IMD gridded (rainfall 0.25 deg, Tmax 1 deg)",REAL_GOVERNMENT
2021-11-11,0.0,28.04,0.0,27.91,"IMD gridded (rainfall 0.25 deg, Tmax 1 deg)",REAL_GOVERNMENT
2021-11-12,0.0,28.34,0.0,28.23,"IMD gridded (rainfall 0.25 deg, Tmax 1 deg)",REAL_GOVERNMENT
2021-11-13,0.02,28.18,0.0,28.4,"IMD gridded (rainfall 0.25 deg, Tmax 1 deg)",REAL_GOVERNMENT
2021-11-14,0.09,29.21,0.35,29.19,"IMD gridded (rainfall 0.25 deg, Tmax 1 deg)",REAL_GOVERNMENT
2021-11-15,0.01,29.27,0.0,29.4,"IMD gridded (rainfall 0.25 deg, Tmax 1 deg)",REAL_GOVERNMENT
2021-11-16,0.0,28.52,0.0,28.5,"IMD gridded (rainfall 0.25 deg, Tmax 1 deg)",REAL_GOVERNMENT
2021-11-17,0.0,29.27,0.0,29.21,"IMD gridded (rainfall 0.25 deg, Tmax 1 deg)",REAL_GOVERNMENT
2021-11-18,0.0,30.44,0.0,30.48,"IMD gridded (rainfall 0.25 deg, Tmax 1 deg)",REAL_GOVERNMENT
2021-11-19,0.0,29.79,0.0,29.71,"IMD gridded (rainfall 0.25 deg, Tmax 1 deg)",REAL_GOVERNMENT
2021-11-20,0.0,29.47,0.0,29.43,"IMD gridded (rainfall 0.25 deg, Tmax 1 deg)",REAL_GOVERNMENT
2021-11-21,0.78,29.78,0.3,29.57,"IMD gridded (rainfall 0.25 deg, Tmax 1 deg)",REAL_GOVERNMENT
2021-11-22,3.64,29.45,2.37,29.35,"IMD gridded (rainfall 0.25 deg, Tmax 1 deg)",REAL_GOVERNMENT
2021-11-23,1.64,30.24,2.84,30.07,"IMD gridded (rainfall 0.25 deg, Tmax 1 deg)",REAL_GOVERNMENT
2021-11-24,0.0,30.14,0.0,29.97,"IMD gridded (rainfall 0.25 deg, Tmax 1 deg)",REAL_GOVERNMENT
2021-11-25,0.0,29.02,0.0,29.0,"IMD gridded (rainfall 0.25 deg, Tmax 1 deg)",REAL_GOVERNMENT
2021-11-26,0.0,28.87,0.0,28.81,"IMD gridded (rainfall 0.25 deg, Tmax 1 deg)",REAL_GOVERNMENT
2021-11-27,0.0,29.16,0.0,29.02,"IMD gridded (rainfall 0.25 deg, Tmax 1 deg)",REAL_GOVERNMENT
2021-11-28,0.0,28.57,0.0,28.54,"IMD gridded (rainfall 0.25 deg, Tmax 1 deg)",REAL_GOVERNMENT
2021-11-29,0.0,27.44,0.0,27.57,"IMD gridded (rainfall 0.25 deg, Tmax 1 deg)",REAL_GOVERNMENT
2021-11-30,0.0,26.6,0.0,26.65,"IMD gridded (rainfall 0.25 deg, Tmax 1 deg)",REAL_GOVERNMENT
2021-12-01,0.0,26.99,0.0,27.14,"IMD gridded (rainfall 0.25 deg, Tmax 1 deg)",REAL_GOVERNMENT
2021-12-02,0.0,26.29,0.0,26.38,"IMD gridded (rainfall 0.25 deg, Tmax 1 deg)",REAL_GOVERNMENT
2021-12-03,0.0,25.45,0.0,25.44,"IMD gridded (rainfall 0.25 deg, Tmax 1 deg)",REAL_GOVERNMENT
2021-12-04,0.0,27.89,0.0,28.03,"IMD gridded (rainfall 0.25 deg, Tmax 1 deg)",REAL_GOVERNMENT
2021-12-05,0.0,28.45,0.0,28.68,"IMD gridded (rainfall 0.25 deg, Tmax 1 deg)",REAL_GOVERNMENT
2021-12-06,0.0,28.32,0.0,28.6,"IMD gridded (rainfall 0.25 deg, Tmax 1 deg)",REAL_GOVERNMENT
2021-12-07,0.0,27.17,0.0,27.46,"IMD gridded (rainfall 0.25 deg, Tmax 1 deg)",REAL_GOVERNMENT
2021-12-08,0.0,26.93,0.0,27.35,"IMD gridded (rainfall 0.25 deg, Tmax 1 deg)",REAL_GOVERNMENT
2021-12-09,0.0,27.15,0.0,27.76,"IMD gridded (rainfall 0.25 deg, Tmax 1 deg)",REAL_GOVERNMENT
2021-12-10,0.0,26.0,0.0,26.38,"IMD gridded (rainfall 0.25 deg, Tmax 1 deg)",REAL_GOVERNMENT
2021-12-11,0.0,25.93,0.0,26.31,"IMD gridded (rainfall 0.25 deg, Tmax 1 deg)",REAL_GOVERNMENT
2021-12-12,0.0,26.33,0.0,26.54,"IMD gridded (rainfall 0.25 deg, Tmax 1 deg)",REAL_GOVERNMENT
2021-12-13,0.0,26.41,0.0,26.55,"IMD gridded (rainfall 0.25 deg, Tmax 1 deg)",REAL_GOVERNMENT
2021-12-14,0.0,27.17,0.0,27.14,"IMD gridded (rainfall 0.25 deg, Tmax 1 deg)",REAL_GOVERNMENT
2021-12-15,0.0,26.34,0.0,26.42,"IMD gridded (rainfall 0.25 deg, Tmax 1 deg)",REAL_GOVERNMENT
2021-12-16,0.0,27.26,0.0,27.22,"IMD gridded (rainfall 0.25 deg, Tmax 1 deg)",REAL_GOVERNMENT
2021-12-17,0.0,26.37,0.0,26.8,"IMD gridded (rainfall 0.25 deg, Tmax 1 deg)",REAL_GOVERNMENT
2021-12-18,0.0,23.15,0.0,23.48,"IMD gridded (rainfall 0.25 deg, Tmax 1 deg)",REAL_GOVERNMENT
2021-12-19,0.0,22.99,0.0,23.38,"IMD gridded (rainfall 0.25 deg, Tmax 1 deg)",REAL_GOVERNMENT
2021-12-20,0.0,23.99,0.0,24.12,"IMD gridded (rainfall 0.25 deg, Tmax 1 deg)",REAL_GOVERNMENT
2021-12-21,0.0,25.35,0.0,25.52,"IMD gridded (rainfall 0.25 deg, Tmax 1 deg)",REAL_GOVERNMENT
2021-12-22,0.0,26.61,0.0,26.74,"IMD gridded (rainfall 0.25 deg, Tmax 1 deg)",REAL_GOVERNMENT
2021-12-23,0.0,28.03,0.0,28.03,"IMD gridded (rainfall 0.25 deg, Tmax 1 deg)",REAL_GOVERNMENT
2021-12-24,0.0,28.68,0.0,28.9,"IMD gridded (rainfall 0.25 deg, Tmax 1 deg)",REAL_GOVERNMENT
2021-12-25,0.0,26.78,0.0,27.19,"IMD gridded (rainfall 0.25 deg, Tmax 1 deg)",REAL_GOVERNMENT
2021-12-26,0.0,27.22,0.0,27.75,"IMD gridded (rainfall 0.25 deg, Tmax 1 deg)",REAL_GOVERNMENT
2021-12-27,0.0,26.66,0.0,27.13,"IMD gridded (rainfall 0.25 deg, Tmax 1 deg)",REAL_GOVERNMENT
2021-12-28,0.0,23.8,0.0,24.49,"IMD gridded (rainfall 0.25 deg, Tmax 1 deg)",REAL_GOVERNMENT
2021-12-29,28.09,20.69,36.02,21.26,"IMD gridded (rainfall 0.25 deg, Tmax 1 deg)",REAL_GOVERNMENT
2021-12-30,2.32,21.17,5.97,21.53,"IMD gridded (rainfall 0.25 deg, Tmax 1 deg)",REAL_GOVERNMENT
2021-12-31,0.01,22.07,0.0,22.26,"IMD gridded (rainfall 0.25 deg, Tmax 1 deg)",REAL_GOVERNMENT
2022-01-01,0.0,23.6,0.0,24.17,"IMD gridded (rainfall 0.25 deg, Tmax 1 deg)",REAL_GOVERNMENT
2022-01-02,0.0,24.81,0.0,25.26,"IMD gridded (rainfall 0.25 deg, Tmax 1 deg)",REAL_GOVERNMENT
2022-01-03,0.0,25.0,0.0,25.31,"IMD gridded (rainfall 0.25 deg, Tmax 1 deg)",REAL_GOVERNMENT
2022-01-04,0.0,27.01,0.0,27.19,"IMD gridded (rainfall 0.25 deg, Tmax 1 deg)",REAL_GOVERNMENT
2022-01-05,0.0,27.96,0.0,27.88,"IMD gridded (rainfall 0.25 deg, Tmax 1 deg)",REAL_GOVERNMENT
2022-01-06,0.0,27.7,0.0,28.15,"IMD gridded (rainfall 0.25 deg, Tmax 1 deg)",REAL_GOVERNMENT
2022-01-07,0.0,25.86,0.0,26.28,"IMD gridded (rainfall 0.25 deg, Tmax 1 deg)",REAL_GOVERNMENT
2022-01-08,0.0,26.63,0.0,26.92,"IMD gridded (rainfall 0.25 deg, Tmax 1 deg)",REAL_GOVERNMENT
2022-01-09,3.11,21.61,1.25,22.14,"IMD gridded (rainfall 0.25 deg, Tmax 1 deg)",REAL_GOVERNMENT
2022-01-10,8.02,21.63,9.97,21.61,"IMD gridded (rainfall 0.25 deg, Tmax 1 deg)",REAL_GOVERNMENT
2022-01-11,3.55,20.6,5.5,20.8,"IMD gridded (rainfall 0.25 deg, Tmax 1 deg)",REAL_GOVERNMENT
2022-01-12,8.1,21.29,2.67,21.74,"IMD gridded (rainfall 0.25 deg, Tmax 1 deg)",REAL_GOVERNMENT
2022-01-13,0.01,23.02,0.0,23.42,"IMD gridded (rainfall 0.25 deg, Tmax 1 deg)",REAL_GOVERNMENT
2022-01-14,0.03,20.47,0.0,20.4,"IMD gridded (rainfall 0.25 deg, Tmax 1 deg)",REAL_GOVERNMENT
2022-01-15,5.07,20.35,2.13,20.31,"IMD gridded (rainfall 0.25 deg, Tmax 1 deg)",REAL_GOVERNMENT
2022-01-16,0.0,22.29,0.0,22.75,"IMD gridded (rainfall 0.25 deg, Tmax 1 deg)",REAL_GOVERNMENT
2022-01-17,0.0,23.85,0.0,24.2,"IMD gridded (rainfall 0.25 deg, Tmax 1 deg)",REAL_GOVERNMENT
2022-01-18,0.0,25.21,0.0,25.61,"IMD gridded (rainfall 0.25 deg, Tmax 1 deg)",REAL_GOVERNMENT
2022-01-19,0.0,24.92,0.0,25.2,"IMD gridded (rainfall 0.25 deg, Tmax 1 deg)",REAL_GOVERNMENT
2022-01-20,0.0,26.84,0.0,26.93,"IMD gridded (rainfall 0.25 deg, Tmax 1 deg)",REAL_GOVERNMENT
2022-01-21,0.0,26.7,0.0,26.79,"IMD gridded (rainfall 0.25 deg, Tmax 1 deg)",REAL_GOVERNMENT
2022-01-22,0.0,26.59,0.0,26.89,"IMD gridded (rainfall 0.25 deg, Tmax 1 deg)",REAL_GOVERNMENT
2022-01-23,0.43,24.54,0.0,25.0,"IMD gridded (rainfall 0.25 deg, Tmax 1 deg)",REAL_GOVERNMENT
2022-01-24,0.0,22.12,0.0,22.42,"IMD gridded (rainfall 0.25 deg, Tmax 1 deg)",REAL_GOVERNMENT
2022-01-25,0.0,21.58,0.0,21.88,"IMD gridded (rainfall 0.25 deg, Tmax 1 deg)",REAL_GOVERNMENT
2022-01-26,0.0,22.11,0.0,22.56,"IMD gridded (rainfall 0.25 deg, Tmax 1 deg)",REAL_GOVERNMENT
2022-01-27,0.0,22.39,0.0,22.99,"IMD gridded (rainfall 0.25 deg, Tmax 1 deg)",REAL_GOVERNMENT
2022-01-28,0.0,22.72,0.0,23.0,"IMD gridded (rainfall 0.25 deg, Tmax 1 deg)",REAL_GOVERNMENT
2022-01-29,0.0,25.44,0.0,25.51,"IMD gridded (rainfall 0.25 deg, Tmax 1 deg)",REAL_GOVERNMENT
2022-01-30,0.0,27.62,0.0,28.11,"IMD gridded (rainfall 0.25 deg, Tmax 1 deg)",REAL_GOVERNMENT
2022-01-31,0.0,28.44,0.0,28.65,"IMD gridded (rainfall 0.25 deg, Tmax 1 deg)",REAL_GOVERNMENT
2022-02-01,0.0,28.45,0.0,28.61,"IMD gridded (rainfall 0.25 deg, Tmax 1 deg)",REAL_GOVERNMENT
2022-02-02,0.0,29.39,0.0,29.56,"IMD gridded (rainfall 0.25 deg, Tmax 1 deg)",REAL_GOVERNMENT
2022-02-03,0.0,29.41,0.0,29.61,"IMD gridded (rainfall 0.25 deg, Tmax 1 deg)",REAL_GOVERNMENT
2022-02-04,0.52,24.85,0.0,25.19,"IMD gridded (rainfall 0.25 deg, Tmax 1 deg)",REAL_GOVERNMENT
2022-02-05,0.0,25.68,0.0,25.91,"IMD gridded (rainfall 0.25 deg, Tmax 1 deg)",REAL_GOVERNMENT
2022-02-06,0.0,27.55,0.0,27.83,"IMD gridded (rainfall 0.25 deg, Tmax 1 deg)",REAL_GOVERNMENT
2022-02-07,0.0,28.57,0.0,28.73,"IMD gridded (rainfall 0.25 deg, Tmax 1 deg)",REAL_GOVERNMENT
2022-02-08,0.0,29.46,0.0,29.48,"IMD gridded (rainfall 0.25 deg, Tmax 1 deg)",REAL_GOVERNMENT
2022-02-09,0.0,27.91,0.0,28.02,"IMD gridded (rainfall 0.25 deg, Tmax 1 deg)",REAL_GOVERNMENT
2022-02-10,5.12,24.74,12.44,25.07,"IMD gridded (rainfall 0.25 deg, Tmax 1 deg)",REAL_GOVERNMENT
2022-02-11,0.0,25.13,0.0,25.48,"IMD gridded (rainfall 0.25 deg, Tmax 1 deg)",REAL_GOVERNMENT
2022-02-12,0.0,26.92,0.0,27.08,"IMD gridded (rainfall 0.25 deg, Tmax 1 deg)",REAL_GOVERNMENT
2022-02-13,0.0,28.06,0.0,28.43,"IMD gridded (rainfall 0.25 deg, Tmax 1 deg)",REAL_GOVERNMENT
2022-02-14,0.0,28.73,0.0,29.06,"IMD gridded (rainfall 0.25 deg, Tmax 1 deg)",REAL_GOVERNMENT
2022-02-15,0.0,28.46,0.0,28.89,"IMD gridded (rainfall 0.25 deg, Tmax 1 deg)",REAL_GOVERNMENT
2022-02-16,0.0,28.27,0.0,28.81,"IMD gridded (rainfall 0.25 deg, Tmax 1 deg)",REAL_GOVERNMENT
2022-02-17,0.16,27.17,0.0,27.18,"IMD gridded (rainfall 0.25 deg, Tmax 1 deg)",REAL_GOVERNMENT
2022-02-18,0.0,28.16,0.0,28.5,"IMD gridded (rainfall 0.25 deg, Tmax 1 deg)",REAL_GOVERNMENT
2022-02-19,0.2,28.78,0.0,29.29,"IMD gridded (rainfall 0.25 deg, Tmax 1 deg)",REAL_GOVERNMENT
2022-02-20,0.52,29.0,0.0,29.71,"IMD gridded (rainfall 0.25 deg, Tmax 1 deg)",REAL_GOVERNMENT
2022-02-21,0.0,30.26,0.0,30.73,"IMD gridded (rainfall 0.25 deg, Tmax 1 deg)",REAL_GOVERNMENT
2022-02-22,0.0,32.79,0.0,33.21,"IMD gridded (rainfall 0.25 deg, Tmax 1 deg)",REAL_GOVERNMENT
2022-02-23,0.0,32.93,0.0,33.41,"IMD gridded (rainfall 0.25 deg, Tmax 1 deg)",REAL_GOVERNMENT
2022-02-24,0.0,32.43,0.0,32.83,"IMD gridded (rainfall 0.25 deg, Tmax 1 deg)",REAL_GOVERNMENT
2022-02-25,1.38,30.98,0.0,31.4,"IMD gridded (rainfall 0.25 deg, Tmax 1 deg)",REAL_GOVERNMENT
2022-02-26,0.0,31.97,0.0,32.38,"IMD gridded (rainfall 0.25 deg, Tmax 1 deg)",REAL_GOVERNMENT
2022-02-27,0.14,32.25,0.0,32.63,"IMD gridded (rainfall 0.25 deg, Tmax 1 deg)",REAL_GOVERNMENT
2022-02-28,0.05,30.55,0.0,31.24,"IMD gridded (rainfall 0.25 deg, Tmax 1 deg)",REAL_GOVERNMENT
2022-03-01,0.28,30.99,0.0,31.61,"IMD gridded (rainfall 0.25 deg, Tmax 1 deg)",REAL_GOVERNMENT
2022-03-02,0.01,31.84,0.0,32.38,"IMD gridded (rainfall 0.25 deg, Tmax 1 deg)",REAL_GOVERNMENT
2022-03-03,0.02,31.57,0.0,32.07,"IMD gridded (rainfall 0.25 deg, Tmax 1 deg)",REAL_GOVERNMENT
2022-03-04,0.12,32.24,0.0,32.5,"IMD gridded (rainfall 0.25 deg, Tmax 1 deg)",REAL_GOVERNMENT
2022-03-05,0.0,31.55,0.0,31.83,"IMD gridded (rainfall 0.25 deg, Tmax 1 deg)",REAL_GOVERNMENT
2022-03-06,0.0,32.08,0.0,32.11,"IMD gridded (rainfall 0.25 deg, Tmax 1 deg)",REAL_GOVERNMENT
2022-03-07,0.0,32.81,0.0,32.91,"IMD gridded (rainfall 0.25 deg, Tmax 1 deg)",REAL_GOVERNMENT
2022-03-08,0.0,30.72,0.0,30.91,"IMD gridded (rainfall 0.25 deg, Tmax 1 deg)",REAL_GOVERNMENT
2022-03-09,0.0,32.6,0.0,32.46,"IMD gridded (rainfall 0.25 deg, Tmax 1 deg)",REAL_GOVERNMENT
2022-03-10,0.0,32.91,0.0,33.43,"IMD gridded (rainfall 0.25 deg, Tmax 1 deg)",REAL_GOVERNMENT
2022-03-11,0.0,32.94,0.0,33.04,"IMD gridded (rainfall 0.25 deg, Tmax 1 deg)",REAL_GOVERNMENT
2022-03-12,0.0,33.39,0.0,33.16,"IMD gridded (rainfall 0.25 deg, Tmax 1 deg)",REAL_GOVERNMENT
2022-03-13,0.0,34.36,0.0,34.37,"IMD gridded (rainfall 0.25 deg, Tmax 1 deg)",REAL_GOVERNMENT
2022-03-14,0.0,35.71,0.0,35.57,"IMD gridded (rainfall 0.25 deg, Tmax 1 deg)",REAL_GOVERNMENT
2022-03-15,0.0,37.2,0.0,37.24,"IMD gridded (rainfall 0.25 deg, Tmax 1 deg)",REAL_GOVERNMENT
2022-03-16,0.0,38.09,0.0,38.04,"IMD gridded (rainfall 0.25 deg, Tmax 1 deg)",REAL_GOVERNMENT
2022-03-17,0.0,37.88,0.0,38.23,"IMD gridded (rainfall 0.25 deg, Tmax 1 deg)",REAL_GOVERNMENT
2022-03-18,0.0,38.11,0.0,38.39,"IMD gridded (rainfall 0.25 deg, Tmax 1 deg)",REAL_GOVERNMENT
2022-03-19,0.0,37.43,0.0,37.46,"IMD gridded (rainfall 0.25 deg, Tmax 1 deg)",REAL_GOVERNMENT
2022-03-20,0.0,37.92,0.0,37.74,"IMD gridded (rainfall 0.25 deg, Tmax 1 deg)",REAL_GOVERNMENT
2022-03-21,0.0,37.99,0.0,38.14,"IMD gridded (rainfall 0.25 deg, Tmax 1 deg)",REAL_GOVERNMENT
2022-03-22,0.0,37.97,0.0,38.14,"IMD gridded (rainfall 0.25 deg, Tmax 1 deg)",REAL_GOVERNMENT
2022-03-23,0.0,38.07,0.0,37.99,"IMD gridded (rainfall 0.25 deg, Tmax 1 deg)",REAL_GOVERNMENT
2022-03-24,0.0,37.62,0.0,37.72,"IMD gridded (rainfall 0.25 deg, Tmax 1 deg)",REAL_GOVERNMENT
2022-03-25,0.0,37.93,0.0,38.16,"IMD gridded (rainfall 0.25 deg, Tmax 1 deg)",REAL_GOVERNMENT
2022-03-26,0.0,38.39,0.0,38.28,"IMD gridded (rainfall 0.25 deg, Tmax 1 deg)",REAL_GOVERNMENT
2022-03-27,0.0,38.75,0.0,38.93,"IMD gridded (rainfall 0.25 deg, Tmax 1 deg)",REAL_GOVERNMENT
2022-03-28,0.0,39.37,0.0,39.53,"IMD gridded (rainfall 0.25 deg, Tmax 1 deg)",REAL_GOVERNMENT
2022-03-29,0.0,39.98,0.0,39.98,"IMD gridded (rainfall 0.25 deg, Tmax 1 deg)",REAL_GOVERNMENT
2022-03-30,0.0,40.17,0.0,40.31,"IMD gridded (rainfall 0.25 deg, Tmax 1 deg)",REAL_GOVERNMENT
2022-03-31,0.0,40.8,0.0,40.86,"IMD gridded (rainfall 0.25 deg, Tmax 1 deg)",REAL_GOVERNMENT
2022-04-01,0.0,40.33,0.0,40.38,"IMD gridded (rainfall 0.25 deg, Tmax 1 deg)",REAL_GOVERNMENT
2022-04-02,0.0,40.28,0.0,40.5,"IMD gridded (rainfall 0.25 deg, Tmax 1 deg)",REAL_GOVERNMENT
2022-04-03,0.0,40.63,0.0,40.67,"IMD gridded (rainfall 0.25 deg, Tmax 1 deg)",REAL_GOVERNMENT
2022-04-04,0.0,41.08,0.0,41.21,"IMD gridded (rainfall 0.25 deg, Tmax 1 deg)",REAL_GOVERNMENT
2022-04-05,0.0,41.09,0.0,41.15,"IMD gridded (rainfall 0.25 deg, Tmax 1 deg)",REAL_GOVERNMENT
2022-04-06,0.0,41.11,0.0,41.03,"IMD gridded (rainfall 0.25 deg, Tmax 1 deg)",REAL_GOVERNMENT
2022-04-07,0.0,40.89,0.0,40.75,"IMD gridded (rainfall 0.25 deg, Tmax 1 deg)",REAL_GOVERNMENT
2022-04-08,0.0,41.12,0.0,40.88,"IMD gridded (rainfall 0.25 deg, Tmax 1 deg)",REAL_GOVERNMENT
2022-04-09,0.0,41.26,0.0,40.97,"IMD gridded (rainfall 0.25 deg, Tmax 1 deg)",REAL_GOVERNMENT
2022-04-10,0.0,41.68,0.0,41.64,"IMD gridded (rainfall 0.25 deg, Tmax 1 deg)",REAL_GOVERNMENT
2022-04-11,0.0,41.71,0.0,41.6,"IMD gridded (rainfall 0.25 deg, Tmax 1 deg)",REAL_GOVERNMENT
2022-04-12,0.0,41.26,0.0,41.13,"IMD gridded (rainfall 0.25 deg, Tmax 1 deg)",REAL_GOVERNMENT
2022-04-13,0.0,40.52,0.0,40.41,"IMD gridded (rainfall 0.25 deg, Tmax 1 deg)",REAL_GOVERNMENT
2022-04-14,0.0,40.0,0.0,39.75,"IMD gridded (rainfall 0.25 deg, Tmax 1 deg)",REAL_GOVERNMENT
2022-04-15,0.0,40.59,0.0,40.35,"IMD gridded (rainfall 0.25 deg, Tmax 1 deg)",REAL_GOVERNMENT
2022-04-16,0.0,40.91,0.0,40.83,"IMD gridded (rainfall 0.25 deg, Tmax 1 deg)",REAL_GOVERNMENT
2022-04-17,0.0,41.04,0.0,40.83,"IMD gridded (rainfall 0.25 deg, Tmax 1 deg)",REAL_GOVERNMENT
2022-04-18,0.0,41.74,0.0,41.66,"IMD gridded (rainfall 0.25 deg, Tmax 1 deg)",REAL_GOVERNMENT
2022-04-19,0.0,42.17,0.0,42.12,"IMD gridded (rainfall 0.25 deg, Tmax 1 deg)",REAL_GOVERNMENT
2022-04-20,0.0,42.39,0.0,42.3,"IMD gridded (rainfall 0.25 deg, Tmax 1 deg)",REAL_GOVERNMENT
2022-04-21,0.0,40.92,0.0,41.32,"IMD gridded (rainfall 0.25 deg, Tmax 1 deg)",REAL_GOVERNMENT
2022-04-22,1.05,39.0,3.2,38.68,"IMD gridded (rainfall 0.25 deg, Tmax 1 deg)",REAL_GOVERNMENT
2022-04-23,0.0,40.63,0.0,40.29,"IMD gridded (rainfall 0.25 deg, Tmax 1 deg)",REAL_GOVERNMENT
2022-04-24,0.0,41.14,0.0,40.71,"IMD gridded (rainfall 0.25 deg, Tmax 1 deg)",REAL_GOVERNMENT
2022-04-25,0.0,41.46,0.0,41.38,"IMD gridded (rainfall 0.25 deg, Tmax 1 deg)",REAL_GOVERNMENT
2022-04-26,0.0,41.87,0.0,41.78,"IMD gridded (rainfall 0.25 deg, Tmax 1 deg)",REAL_GOVERNMENT
2022-04-27,0.0,42.49,0.0,42.46,"IMD gridded (rainfall 0.25 deg, Tmax 1 deg)",REAL_GOVERNMENT
2022-04-28,0.0,42.99,0.0,42.73,"IMD gridded (rainfall 0.25 deg, Tmax 1 deg)",REAL_GOVERNMENT
2022-04-29,0.0,43.47,0.0,43.48,"IMD gridded (rainfall 0.25 deg, Tmax 1 deg)",REAL_GOVERNMENT
2022-04-30,0.0,42.66,0.0,42.74,"IMD gridded (rainfall 0.25 deg, Tmax 1 deg)",REAL_GOVERNMENT
2022-05-01,0.0,41.81,0.0,41.76,"IMD gridded (rainfall 0.25 deg, Tmax 1 deg)",REAL_GOVERNMENT
2022-05-02,0.0,41.78,0.0,42.04,"IMD gridded (rainfall 0.25 deg, Tmax 1 deg)",REAL_GOVERNMENT
2022-05-03,0.0,42.04,0.0,42.09,"IMD gridded (rainfall 0.25 deg, Tmax 1 deg)",REAL_GOVERNMENT
2022-05-04,0.0,41.37,0.0,41.43,"IMD gridded (rainfall 0.25 deg, Tmax 1 deg)",REAL_GOVERNMENT
2022-05-05,0.0,41.13,0.0,41.28,"IMD gridded (rainfall 0.25 deg, Tmax 1 deg)",REAL_GOVERNMENT
2022-05-06,0.0,41.88,0.0,42.07,"IMD gridded (rainfall 0.25 deg, Tmax 1 deg)",REAL_GOVERNMENT
2022-05-07,0.0,40.78,0.0,40.76,"IMD gridded (rainfall 0.25 deg, Tmax 1 deg)",REAL_GOVERNMENT
2022-05-08,0.0,42.01,0.0,41.84,"IMD gridded (rainfall 0.25 deg, Tmax 1 deg)",REAL_GOVERNMENT
2022-05-09,0.0,42.11,0.0,42.3,"IMD gridded (rainfall 0.25 deg, Tmax 1 deg)",REAL_GOVERNMENT
2022-05-10,0.0,41.33,0.0,41.76,"IMD gridded (rainfall 0.25 deg, Tmax 1 deg)",REAL_GOVERNMENT
2022-05-11,0.0,41.22,0.0,40.96,"IMD gridded (rainfall 0.25 deg, Tmax 1 deg)",REAL_GOVERNMENT
2022-05-12,0.0,41.26,0.0,40.92,"IMD gridded (rainfall 0.25 deg, Tmax 1 deg)",REAL_GOVERNMENT
2022-05-13,0.62,43.14,3.86,42.69,"IMD gridded (rainfall 0.25 deg, Tmax 1 deg)",REAL_GOVERNMENT
2022-05-14,0.0,44.02,0.0,44.07,"IMD gridded (rainfall 0.25 deg, Tmax 1 deg)",REAL_GOVERNMENT
2022-05-15,0.0,43.39,0.0,43.4,"IMD gridded (rainfall 0.25 deg, Tmax 1 deg)",REAL_GOVERNMENT
2022-05-16,0.1,40.9,0.12,40.65,"IMD gridded (rainfall 0.25 deg, Tmax 1 deg)",REAL_GOVERNMENT
2022-05-17,0.0,41.98,0.0,41.88,"IMD gridded (rainfall 0.25 deg, Tmax 1 deg)",REAL_GOVERNMENT
2022-05-18,0.0,42.03,0.0,41.84,"IMD gridded (rainfall 0.25 deg, Tmax 1 deg)",REAL_GOVERNMENT
2022-05-19,1.84,41.57,6.41,41.19,"IMD gridded (rainfall 0.25 deg, Tmax 1 deg)",REAL_GOVERNMENT
2022-05-20,0.0,42.96,0.0,42.62,"IMD gridded (rainfall 0.25 deg, Tmax 1 deg)",REAL_GOVERNMENT
2022-05-21,0.0,41.8,0.0,41.63,"IMD gridded (rainfall 0.25 deg, Tmax 1 deg)",REAL_GOVERNMENT
2022-05-22,0.16,40.29,0.0,40.04,"IMD gridded (rainfall 0.25 deg, Tmax 1 deg)",REAL_GOVERNMENT
2022-05-23,0.04,39.19,0.0,38.96,"IMD gridded (rainfall 0.25 deg, Tmax 1 deg)",REAL_GOVERNMENT
2022-05-24,0.79,37.59,0.0,37.78,"IMD gridded (rainfall 0.25 deg, Tmax 1 deg)",REAL_GOVERNMENT
2022-05-25,1.15,38.4,0.0,38.23,"IMD gridded (rainfall 0.25 deg, Tmax 1 deg)",REAL_GOVERNMENT
2022-05-26,2.45,39.12,9.96,39.33,"IMD gridded (rainfall 0.25 deg, Tmax 1 deg)",REAL_GOVERNMENT
2022-05-27,0.16,39.6,0.0,39.58,"IMD gridded (rainfall 0.25 deg, Tmax 1 deg)",REAL_GOVERNMENT
2022-05-28,0.34,39.77,0.0,39.7,"IMD gridded (rainfall 0.25 deg, Tmax 1 deg)",REAL_GOVERNMENT
2022-05-29,0.56,39.87,0.0,39.78,"IMD gridded (rainfall 0.25 deg, Tmax 1 deg)",REAL_GOVERNMENT
2022-05-30,0.49,40.79,5.11,40.65,"IMD gridded (rainfall 0.25 deg, Tmax 1 deg)",REAL_GOVERNMENT
2022-05-31,2.04,41.24,4.37,41.13,"IMD gridded (rainfall 0.25 deg, Tmax 1 deg)",REAL_GOVERNMENT
2022-06-01,0.2,41.72,0.0,41.75,"IMD gridded (rainfall 0.25 deg, Tmax 1 deg)",REAL_GOVERNMENT
2022-06-02,0.0,43.18,0.0,43.32,"IMD gridded (rainfall 0.25 deg, Tmax 1 deg)",REAL_GOVERNMENT
2022-06-03,0.0,43.1,0.0,42.89,"IMD gridded (rainfall 0.25 deg, Tmax 1 deg)",REAL_GOVERNMENT
2022-06-04,0.0,42.64,0.0,42.63,"IMD gridded (rainfall 0.25 deg, Tmax 1 deg)",REAL_GOVERNMENT
2022-06-05,0.0,43.0,0.0,42.51,"IMD gridded (rainfall 0.25 deg, Tmax 1 deg)",REAL_GOVERNMENT
2022-06-06,0.0,42.9,0.0,42.66,"IMD gridded (rainfall 0.25 deg, Tmax 1 deg)",REAL_GOVERNMENT
2022-06-07,0.0,42.67,0.0,42.62,"IMD gridded (rainfall 0.25 deg, Tmax 1 deg)",REAL_GOVERNMENT
2022-06-08,0.0,43.08,0.0,42.82,"IMD gridded (rainfall 0.25 deg, Tmax 1 deg)",REAL_GOVERNMENT
2022-06-09,0.0,41.72,0.0,41.25,"IMD gridded (rainfall 0.25 deg, Tmax 1 deg)",REAL_GOVERNMENT
2022-06-10,0.44,40.45,2.17,39.85,"IMD gridded (rainfall 0.25 deg, Tmax 1 deg)",REAL_GOVERNMENT
2022-06-11,0.01,40.66,0.0,40.02,"IMD gridded (rainfall 0.25 deg, Tmax 1 deg)",REAL_GOVERNMENT
2022-06-12,7.87,36.99,4.51,36.46,"IMD gridded (rainfall 0.25 deg, Tmax 1 deg)",REAL_GOVERNMENT
2022-06-13,0.08,39.55,0.0,38.93,"IMD gridded (rainfall 0.25 deg, Tmax 1 deg)",REAL_GOVERNMENT
2022-06-14,0.26,38.89,0.0,38.44,"IMD gridded (rainfall 0.25 deg, Tmax 1 deg)",REAL_GOVERNMENT
2022-06-15,3.26,38.45,0.0,38.11,"IMD gridded (rainfall 0.25 deg, Tmax 1 deg)",REAL_GOVERNMENT
2022-06-16,9.3,34.19,15.86,33.59,"IMD gridded (rainfall 0.25 deg, Tmax 1 deg)",REAL_GOVERNMENT
2022-06-17,1.83,34.3,0.55,34.05,"IMD gridded (rainfall 0.25 deg, Tmax 1 deg)",REAL_GOVERNMENT
2022-06-18,4.85,33.69,3.02,33.28,"IMD gridded (rainfall 0.25 deg, Tmax 1 deg)",REAL_GOVERNMENT
2022-06-19,21.32,33.12,3.87,32.76,"IMD gridded (rainfall 0.25 deg, Tmax 1 deg)",REAL_GOVERNMENT
2022-06-20,14.78,32.69,8.91,32.6,"IMD gridded (rainfall 0.25 deg, Tmax 1 deg)",REAL_GOVERNMENT
2022-06-21,21.34,32.35,20.92,32.08,"IMD gridded (rainfall 0.25 deg, Tmax 1 deg)",REAL_GOVERNMENT
2022-06-22,1.31,34.73,0.23,34.49,"IMD gridded (rainfall 0.25 deg, Tmax 1 deg)",REAL_GOVERNMENT
2022-06-23,0.56,34.61,0.0,34.78,"IMD gridded (rainfall 0.25 deg, Tmax 1 deg)",REAL_GOVERNMENT
2022-06-24,3.21,34.9,0.0,35.02,"IMD gridded (rainfall 0.25 deg, Tmax 1 deg)",REAL_GOVERNMENT
2022-06-25,20.85,34.61,24.27,34.31,"IMD gridded (rainfall 0.25 deg, Tmax 1 deg)",REAL_GOVERNMENT
2022-06-26,0.98,33.51,0.12,33.11,"IMD gridded (rainfall 0.25 deg, Tmax 1 deg)",REAL_GOVERNMENT
2022-06-27,2.15,33.74,10.33,33.56,"IMD gridded (rainfall 0.25 deg, Tmax 1 deg)",REAL_GOVERNMENT
2022-06-28,2.59,34.46,0.81,34.49,"IMD gridded (rainfall 0.25 deg, Tmax 1 deg)",REAL_GOVERNMENT
2022-06-29,0.55,33.71,0.0,34.13,"IMD gridded (rainfall 0.25 deg, Tmax 1 deg)",REAL_GOVERNMENT
2022-06-30,15.65,31.08,9.99,31.21,"IMD gridded (rainfall 0.25 deg, Tmax 1 deg)",REAL_GOVERNMENT
2022-07-01,7.95,32.74,11.03,32.44,"IMD gridded (rainfall 0.25 deg, Tmax 1 deg)",REAL_GOVERNMENT
2022-07-02,5.23,32.04,0.28,32.01,"IMD gridded (rainfall 0.25 deg, Tmax 1 deg)",REAL_GOVERNMENT
2022-07-03,13.68,31.03,12.97,30.73,"IMD gridded (rainfall 0.25 deg, Tmax 1 deg)",REAL_GOVERNMENT
2022-07-04,13.23,30.5,19.74,29.93,"IMD gridded (rainfall 0.25 deg, Tmax 1 deg)",REAL_GOVERNMENT
2022-07-05,39.05,30.86,30.62,30.32,"IMD gridded (rainfall 0.25 deg, Tmax 1 deg)",REAL_GOVERNMENT
2022-07-06,9.17,30.78,6.64,30.04,"IMD gridded (rainfall 0.25 deg, Tmax 1 deg)",REAL_GOVERNMENT
2022-07-07,11.47,31.55,5.45,31.53,"IMD gridded (rainfall 0.25 deg, Tmax 1 deg)",REAL_GOVERNMENT
2022-07-08,4.53,32.05,7.4,31.43,"IMD gridded (rainfall 0.25 deg, Tmax 1 deg)",REAL_GOVERNMENT
2022-07-09,12.75,32.3,5.17,31.66,"IMD gridded (rainfall 0.25 deg, Tmax 1 deg)",REAL_GOVERNMENT
2022-07-10,18.31,31.67,21.04,30.77,"IMD gridded (rainfall 0.25 deg, Tmax 1 deg)",REAL_GOVERNMENT
2022-07-11,23.15,29.9,22.45,29.44,"IMD gridded (rainfall 0.25 deg, Tmax 1 deg)",REAL_GOVERNMENT
2022-07-12,26.48,30.56,39.69,29.79,"IMD gridded (rainfall 0.25 deg, Tmax 1 deg)",REAL_GOVERNMENT
2022-07-13,57.49,29.96,96.74,29.29,"IMD gridded (rainfall 0.25 deg, Tmax 1 deg)",REAL_GOVERNMENT
2022-07-14,20.0,29.44,33.81,28.7,"IMD gridded (rainfall 0.25 deg, Tmax 1 deg)",REAL_GOVERNMENT
2022-07-15,30.51,29.44,39.45,29.39,"IMD gridded (rainfall 0.25 deg, Tmax 1 deg)",REAL_GOVERNMENT
2022-07-16,33.43,31.41,17.52,31.48,"IMD gridded (rainfall 0.25 deg, Tmax 1 deg)",REAL_GOVERNMENT
2022-07-17,19.58,29.92,66.16,29.79,"IMD gridded (rainfall 0.25 deg, Tmax 1 deg)",REAL_GOVERNMENT
2022-07-18,41.97,28.94,62.29,28.16,"IMD gridded (rainfall 0.25 deg, Tmax 1 deg)",REAL_GOVERNMENT
2022-07-19,5.47,27.25,2.94,26.98,"IMD gridded (rainfall 0.25 deg, Tmax 1 deg)",REAL_GOVERNMENT
2022-07-20,1.26,27.28,0.66,26.55,"IMD gridded (rainfall 0.25 deg, Tmax 1 deg)",REAL_GOVERNMENT
2022-07-21,4.27,28.37,3.01,27.84,"IMD gridded (rainfall 0.25 deg, Tmax 1 deg)",REAL_GOVERNMENT
2022-07-22,4.82,28.95,9.44,29.02,"IMD gridded (rainfall 0.25 deg, Tmax 1 deg)",REAL_GOVERNMENT
2022-07-23,11.82,27.95,7.95,27.41,"IMD gridded (rainfall 0.25 deg, Tmax 1 deg)",REAL_GOVERNMENT
2022-07-24,18.41,27.29,5.25,27.07,"IMD gridded (rainfall 0.25 deg, Tmax 1 deg)",REAL_GOVERNMENT
2022-07-25,15.33,27.6,6.49,27.4,"IMD gridded (rainfall 0.25 deg, Tmax 1 deg)",REAL_GOVERNMENT
2022-07-26,12.84,28.54,18.36,27.95,"IMD gridded (rainfall 0.25 deg, Tmax 1 deg)",REAL_GOVERNMENT
2022-07-27,12.9,29.83,7.86,29.68,"IMD gridded (rainfall 0.25 deg, Tmax 1 deg)",REAL_GOVERNMENT
2022-07-28,5.18,31.19,3.64,31.29,"IMD gridded (rainfall 0.25 deg, Tmax 1 deg)",REAL_GOVERNMENT
2022-07-29,4.78,30.61,6.47,30.24,"IMD gridded (rainfall 0.25 deg, Tmax 1 deg)",REAL_GOVERNMENT
2022-07-30,4.68,31.47,5.39,31.56,"IMD gridded (rainfall 0.25 deg, Tmax 1 deg)",REAL_GOVERNMENT
2022-07-31,4.2,31.94,0.0,31.86,"IMD gridded (rainfall 0.25 deg, Tmax 1 deg)",REAL_GOVERNMENT
2022-08-01,1.94,31.61,0.0,31.64,"IMD gridded (rainfall 0.25 deg, Tmax 1 deg)",REAL_GOVERNMENT
2022-08-02,0.39,32.37,0.21,32.32,"IMD gridded (rainfall 0.25 deg, Tmax 1 deg)",REAL_GOVERNMENT
2022-08-03,0.12,32.38,0.0,32.35,"IMD gridded (rainfall 0.25 deg, Tmax 1 deg)",REAL_GOVERNMENT
2022-08-04,8.85,31.57,5.42,31.83,"IMD gridded (rainfall 0.25 deg, Tmax 1 deg)",REAL_GOVERNMENT
2022-08-05,6.18,32.64,12.22,32.41,"IMD gridded (rainfall 0.25 deg, Tmax 1 deg)",REAL_GOVERNMENT
2022-08-06,6.23,32.61,0.0,32.66,"IMD gridded (rainfall 0.25 deg, Tmax 1 deg)",REAL_GOVERNMENT
2022-08-07,12.96,31.25,5.28,30.93,"IMD gridded (rainfall 0.25 deg, Tmax 1 deg)",REAL_GOVERNMENT
2022-08-08,25.53,30.74,20.77,30.95,"IMD gridded (rainfall 0.25 deg, Tmax 1 deg)",REAL_GOVERNMENT
2022-08-09,26.57,29.69,23.33,29.49,"IMD gridded (rainfall 0.25 deg, Tmax 1 deg)",REAL_GOVERNMENT
2022-08-10,78.31,27.56,79.03,27.23,"IMD gridded (rainfall 0.25 deg, Tmax 1 deg)",REAL_GOVERNMENT
2022-08-11,34.23,26.48,33.97,26.72,"IMD gridded (rainfall 0.25 deg, Tmax 1 deg)",REAL_GOVERNMENT
2022-08-12,19.74,29.3,9.18,29.56,"IMD gridded (rainfall 0.25 deg, Tmax 1 deg)",REAL_GOVERNMENT
2022-08-13,25.42,29.04,9.2,29.3,"IMD gridded (rainfall 0.25 deg, Tmax 1 deg)",REAL_GOVERNMENT
2022-08-14,20.07,27.4,29.87,27.09,"IMD gridded (rainfall 0.25 deg, Tmax 1 deg)",REAL_GOVERNMENT
2022-08-15,111.51,25.85,130.95,25.78,"IMD gridded (rainfall 0.25 deg, Tmax 1 deg)",REAL_GOVERNMENT
2022-08-16,35.37,27.96,33.82,28.15,"IMD gridded (rainfall 0.25 deg, Tmax 1 deg)",REAL_GOVERNMENT
2022-08-17,1.98,30.75,2.0,30.72,"IMD gridded (rainfall 0.25 deg, Tmax 1 deg)",REAL_GOVERNMENT
2022-08-18,0.37,31.09,0.1,31.2,"IMD gridded (rainfall 0.25 deg, Tmax 1 deg)",REAL_GOVERNMENT
2022-08-19,3.36,30.19,15.6,30.19,"IMD gridded (rainfall 0.25 deg, Tmax 1 deg)",REAL_GOVERNMENT
2022-08-20,3.77,28.37,1.26,28.18,"IMD gridded (rainfall 0.25 deg, Tmax 1 deg)",REAL_GOVERNMENT
2022-08-21,18.53,26.28,5.26,26.37,"IMD gridded (rainfall 0.25 deg, Tmax 1 deg)",REAL_GOVERNMENT
2022-08-22,13.76,26.71,3.95,27.05,"IMD gridded (rainfall 0.25 deg, Tmax 1 deg)",REAL_GOVERNMENT
2022-08-23,2.52,29.5,1.37,29.9,"IMD gridded (rainfall 0.25 deg, Tmax 1 deg)",REAL_GOVERNMENT
2022-08-24,0.36,31.02,0.62,31.24,"IMD gridded (rainfall 0.25 deg, Tmax 1 deg)",REAL_GOVERNMENT
2022-08-25,2.69,29.8,5.47,30.22,"IMD gridded (rainfall 0.25 deg, Tmax 1 deg)",REAL_GOVERNMENT
2022-08-26,1.66,30.12,3.71,30.28,"IMD gridded (rainfall 0.25 deg, Tmax 1 deg)",REAL_GOVERNMENT
2022-08-27,0.85,31.23,1.03,31.25,"IMD gridded (rainfall 0.25 deg, Tmax 1 deg)",REAL_GOVERNMENT
2022-08-28,7.45,30.28,13.32,30.34,"IMD gridded (rainfall 0.25 deg, Tmax 1 deg)",REAL_GOVERNMENT
2022-08-29,9.63,30.36,4.48,30.21,"IMD gridded (rainfall 0.25 deg, Tmax 1 deg)",REAL_GOVERNMENT
2022-08-30,6.84,31.51,3.83,31.42,"IMD gridded (rainfall 0.25 deg, Tmax 1 deg)",REAL_GOVERNMENT
2022-08-31,4.06,32.49,0.0,32.3,"IMD gridded (rainfall 0.25 deg, Tmax 1 deg)",REAL_GOVERNMENT
2022-09-01,5.37,32.46,48.22,32.62,"IMD gridded (rainfall 0.25 deg, Tmax 1 deg)",REAL_GOVERNMENT
2022-09-02,1.53,32.8,0.0,32.67,"IMD gridded (rainfall 0.25 deg, Tmax 1 deg)",REAL_GOVERNMENT
2022-09-03,0.12,33.24,0.0,33.47,"IMD gridded (rainfall 0.25 deg, Tmax 1 deg)",REAL_GOVERNMENT
2022-09-04,14.99,28.71,30.11,28.23,"IMD gridded (rainfall 0.25 deg, Tmax 1 deg)",REAL_GOVERNMENT
2022-09-05,24.36,30.14,5.73,29.8,"IMD gridded (rainfall 0.25 deg, Tmax 1 deg)",REAL_GOVERNMENT
2022-09-06,5.39,31.84,0.34,31.8,"IMD gridded (rainfall 0.25 deg, Tmax 1 deg)",REAL_GOVERNMENT
2022-09-07,2.71,31.9,0.0,31.7,"IMD gridded (rainfall 0.25 deg, Tmax 1 deg)",REAL_GOVERNMENT
2022-09-08,6.29,32.33,18.59,32.22,"IMD gridded (rainfall 0.25 deg, Tmax 1 deg)",REAL_GOVERNMENT
2022-09-09,0.4,32.84,0.0,32.69,"IMD gridded (rainfall 0.25 deg, Tmax 1 deg)",REAL_GOVERNMENT
2022-09-10,0.15,32.69,0.0,32.65,"IMD gridded (rainfall 0.25 deg, Tmax 1 deg)",REAL_GOVERNMENT
2022-09-11,4.86,31.48,5.68,31.61,"IMD gridded (rainfall 0.25 deg, Tmax 1 deg)",REAL_GOVERNMENT
2022-09-12,14.93,27.9,17.29,27.69,"IMD gridded (rainfall 0.25 deg, Tmax 1 deg)",REAL_GOVERNMENT
2022-09-13,53.24,27.14,50.09,27.08,"IMD gridded (rainfall 0.25 deg, Tmax 1 deg)",REAL_GOVERNMENT
2022-09-14,25.59,28.53,21.91,28.75,"IMD gridded (rainfall 0.25 deg, Tmax 1 deg)",REAL_GOVERNMENT
2022-09-15,30.45,28.23,50.59,28.33,"IMD gridded (rainfall 0.25 deg, Tmax 1 deg)",REAL_GOVERNMENT
2022-09-16,5.0,28.75,9.79,28.92,"IMD gridded (rainfall 0.25 deg, Tmax 1 deg)",REAL_GOVERNMENT
2022-09-17,20.01,29.15,41.26,29.07,"IMD gridded (rainfall 0.25 deg, Tmax 1 deg)",REAL_GOVERNMENT
2022-09-18,2.44,30.88,1.05,30.61,"IMD gridded (rainfall 0.25 deg, Tmax 1 deg)",REAL_GOVERNMENT
2022-09-19,1.41,31.97,0.0,31.96,"IMD gridded (rainfall 0.25 deg, Tmax 1 deg)",REAL_GOVERNMENT
2022-09-20,5.28,31.23,6.71,31.24,"IMD gridded (rainfall 0.25 deg, Tmax 1 deg)",REAL_GOVERNMENT
2022-09-21,25.97,28.79,68.82,28.64,"IMD gridded (rainfall 0.25 deg, Tmax 1 deg)",REAL_GOVERNMENT
2022-09-22,21.57,27.61,50.68,27.38,"IMD gridded (rainfall 0.25 deg, Tmax 1 deg)",REAL_GOVERNMENT
2022-09-23,14.03,27.26,6.0,27.36,"IMD gridded (rainfall 0.25 deg, Tmax 1 deg)",REAL_GOVERNMENT
2022-09-24,1.73,28.52,0.0,28.56,"IMD gridded (rainfall 0.25 deg, Tmax 1 deg)",REAL_GOVERNMENT
2022-09-25,0.3,30.68,0.0,30.66,"IMD gridded (rainfall 0.25 deg, Tmax 1 deg)",REAL_GOVERNMENT
2022-09-26,1.23,31.15,1.33,31.12,"IMD gridded (rainfall 0.25 deg, Tmax 1 deg)",REAL_GOVERNMENT
2022-09-27,2.73,31.61,1.07,31.33,"IMD gridded (rainfall 0.25 deg, Tmax 1 deg)",REAL_GOVERNMENT
2022-09-28,1.66,31.92,0.0,31.74,"IMD gridded (rainfall 0.25 deg, Tmax 1 deg)",REAL_GOVERNMENT
2022-09-29,6.31,32.03,12.14,31.81,"IMD gridded (rainfall 0.25 deg, Tmax 1 deg)",REAL_GOVERNMENT
2022-09-30,2.73,32.72,2.92,32.61,"IMD gridded (rainfall 0.25 deg, Tmax 1 deg)",REAL_GOVERNMENT
2022-10-01,0.05,32.5,0.0,32.48,"IMD gridded (rainfall 0.25 deg, Tmax 1 deg)",REAL_GOVERNMENT
2022-10-02,0.05,32.59,0.29,32.62,"IMD gridded (rainfall 0.25 deg, Tmax 1 deg)",REAL_GOVERNMENT
2022-10-03,0.37,32.54,0.0,32.65,"IMD gridded (rainfall 0.25 deg, Tmax 1 deg)",REAL_GOVERNMENT
2022-10-04,0.04,30.83,0.0,30.99,"IMD gridded (rainfall 0.25 deg, Tmax 1 deg)",REAL_GOVERNMENT
2022-10-05,5.68,30.51,3.52,30.55,"IMD gridded (rainfall 0.25 deg, Tmax 1 deg)",REAL_GOVERNMENT
2022-10-06,0.92,30.92,0.0,31.03,"IMD gridded (rainfall 0.25 deg, Tmax 1 deg)",REAL_GOVERNMENT
2022-10-07,4.32,29.65,6.57,29.56,"IMD gridded (rainfall 0.25 deg, Tmax 1 deg)",REAL_GOVERNMENT
2022-10-08,2.95,30.83,4.14,30.58,"IMD gridded (rainfall 0.25 deg, Tmax 1 deg)",REAL_GOVERNMENT
2022-10-09,0.04,31.71,0.14,31.72,"IMD gridded (rainfall 0.25 deg, Tmax 1 deg)",REAL_GOVERNMENT
2022-10-10,0.84,30.87,0.0,30.39,"IMD gridded (rainfall 0.25 deg, Tmax 1 deg)",REAL_GOVERNMENT
2022-10-11,20.97,28.82,2.6,29.01,"IMD gridded (rainfall 0.25 deg, Tmax 1 deg)",REAL_GOVERNMENT
2022-10-12,41.48,29.14,28.08,28.87,"IMD gridded (rainfall 0.25 deg, Tmax 1 deg)",REAL_GOVERNMENT
2022-10-13,1.91,30.05,2.85,29.87,"IMD gridded (rainfall 0.25 deg, Tmax 1 deg)",REAL_GOVERNMENT
2022-10-14,1.61,29.84,0.0,29.6,"IMD gridded (rainfall 0.25 deg, Tmax 1 deg)",REAL_GOVERNMENT
2022-10-15,0.29,29.96,1.34,29.73,"IMD gridded (rainfall 0.25 deg, Tmax 1 deg)",REAL_GOVERNMENT
2022-10-16,1.14,30.43,0.13,30.29,"IMD gridded (rainfall 0.25 deg, Tmax 1 deg)",REAL_GOVERNMENT
2022-10-17,2.12,30.1,0.0,29.68,"IMD gridded (rainfall 0.25 deg, Tmax 1 deg)",REAL_GOVERNMENT
2022-10-18,11.6,29.31,9.55,28.57,"IMD gridded (rainfall 0.25 deg, Tmax 1 deg)",REAL_GOVERNMENT
2022-10-19,0.21,29.97,0.13,29.54,"IMD gridded (rainfall 0.25 deg, Tmax 1 deg)",REAL_GOVERNMENT
2022-10-20,0.0,30.54,0.0,29.97,"IMD gridded (rainfall 0.25 deg, Tmax 1 deg)",REAL_GOVERNMENT
2022-10-21,0.0,30.02,0.0,29.72,"IMD gridded (rainfall 0.25 deg, Tmax 1 deg)",REAL_GOVERNMENT
2022-10-22,0.01,29.87,0.0,29.61,"IMD gridded (rainfall 0.25 deg, Tmax 1 deg)",REAL_GOVERNMENT
2022-10-23,0.02,29.79,0.0,29.63,"IMD gridded (rainfall 0.25 deg, Tmax 1 deg)",REAL_GOVERNMENT
2022-10-24,0.0,29.28,0.0,29.03,"IMD gridded (rainfall 0.25 deg, Tmax 1 deg)",REAL_GOVERNMENT
2022-10-25,0.0,30.05,0.0,29.8,"IMD gridded (rainfall 0.25 deg, Tmax 1 deg)",REAL_GOVERNMENT
2022-10-26,0.0,30.6,0.0,30.17,"IMD gridded (rainfall 0.25 deg, Tmax 1 deg)",REAL_GOVERNMENT
2022-10-27,0.0,30.99,0.0,30.55,"IMD gridded (rainfall 0.25 deg, Tmax 1 deg)",REAL_GOVERNMENT
2022-10-28,0.0,30.74,0.0,30.44,"IMD gridded (rainfall 0.25 deg, Tmax 1 deg)",REAL_GOVERNMENT
2022-10-29,0.0,30.25,0.0,29.97,"IMD gridded (rainfall 0.25 deg, Tmax 1 deg)",REAL_GOVERNMENT
2022-10-30,0.0,28.58,0.0,28.46,"IMD gridded (rainfall 0.25 deg, Tmax 1 deg)",REAL_GOVERNMENT
2022-10-31,0.0,29.16,0.0,29.03,"IMD gridded (rainfall 0.25 deg, Tmax 1 deg)",REAL_GOVERNMENT
2022-11-01,0.0,29.04,0.0,28.82,"IMD gridded (rainfall 0.25 deg, Tmax 1 deg)",REAL_GOVERNMENT
2022-11-02,0.0,30.12,0.0,29.77,"IMD gridded (rainfall 0.25 deg, Tmax 1 deg)",REAL_GOVERNMENT
2022-11-03,0.0,31.11,0.0,30.65,"IMD gridded (rainfall 0.25 deg, Tmax 1 deg)",REAL_GOVERNMENT
2022-11-04,0.0,31.74,0.0,31.43,"IMD gridded (rainfall 0.25 deg, Tmax 1 deg)",REAL_GOVERNMENT
2022-11-05,0.0,32.08,0.0,31.89,"IMD gridded (rainfall 0.25 deg, Tmax 1 deg)",REAL_GOVERNMENT
2022-11-06,0.0,31.72,0.0,31.56,"IMD gridded (rainfall 0.25 deg, Tmax 1 deg)",REAL_GOVERNMENT
2022-11-07,0.0,31.22,0.0,31.1,"IMD gridded (rainfall 0.25 deg, Tmax 1 deg)",REAL_GOVERNMENT
2022-11-08,0.0,30.9,0.0,30.7,"IMD gridded (rainfall 0.25 deg, Tmax 1 deg)",REAL_GOVERNMENT
2022-11-09,0.0,30.31,0.0,30.1,"IMD gridded (rainfall 0.25 deg, Tmax 1 deg)",REAL_GOVERNMENT
2022-11-10,0.0,30.44,0.0,30.22,"IMD gridded (rainfall 0.25 deg, Tmax 1 deg)",REAL_GOVERNMENT
2022-11-11,0.0,29.54,0.0,29.44,"IMD gridded (rainfall 0.25 deg, Tmax 1 deg)",REAL_GOVERNMENT
2022-11-12,0.0,28.69,0.0,28.54,"IMD gridded (rainfall 0.25 deg, Tmax 1 deg)",REAL_GOVERNMENT
2022-11-13,0.0,28.03,0.0,27.89,"IMD gridded (rainfall 0.25 deg, Tmax 1 deg)",REAL_GOVERNMENT
2022-11-14,0.0,28.46,0.0,28.34,"IMD gridded (rainfall 0.25 deg, Tmax 1 deg)",REAL_GOVERNMENT
2022-11-15,0.0,29.15,0.0,29.13,"IMD gridded (rainfall 0.25 deg, Tmax 1 deg)",REAL_GOVERNMENT
2022-11-16,0.0,29.2,0.0,28.89,"IMD gridded (rainfall 0.25 deg, Tmax 1 deg)",REAL_GOVERNMENT
2022-11-17,0.0,27.93,0.0,27.86,"IMD gridded (rainfall 0.25 deg, Tmax 1 deg)",REAL_GOVERNMENT
2022-11-18,0.0,27.02,0.0,26.93,"IMD gridded (rainfall 0.25 deg, Tmax 1 deg)",REAL_GOVERNMENT
2022-11-19,0.0,26.33,0.0,26.27,"IMD gridded (rainfall 0.25 deg, Tmax 1 deg)",REAL_GOVERNMENT
2022-11-20,0.0,26.19,0.0,26.04,"IMD gridded (rainfall 0.25 deg, Tmax 1 deg)",REAL_GOVERNMENT
2022-11-21,0.0,26.92,0.0,26.63,"IMD gridded (rainfall 0.25 deg, Tmax 1 deg)",REAL_GOVERNMENT
2022-11-22,0.0,27.8,0.0,27.81,"IMD gridded (rainfall 0.25 deg, Tmax 1 deg)",REAL_GOVERNMENT
2022-11-23,0.0,27.3,0.0,27.17,"IMD gridded (rainfall 0.25 deg, Tmax 1 deg)",REAL_GOVERNMENT
2022-11-24,0.0,27.67,0.0,27.69,"IMD gridded (rainfall 0.25 deg, Tmax 1 deg)",REAL_GOVERNMENT
2022-11-25,0.0,27.28,0.0,27.3,"IMD gridded (rainfall 0.25 deg, Tmax 1 deg)",REAL_GOVERNMENT
2022-11-26,0.0,27.26,0.0,27.18,"IMD gridded (rainfall 0.25 deg, Tmax 1 deg)",REAL_GOVERNMENT
2022-11-27,0.0,27.59,0.0,27.59,"IMD gridded (rainfall 0.25 deg, Tmax 1 deg)",REAL_GOVERNMENT
2022-11-28,0.0,28.03,0.0,28.12,"IMD gridded (rainfall 0.25 deg, Tmax 1 deg)",REAL_GOVERNMENT
2022-11-29,0.0,27.85,0.0,27.87,"IMD gridded (rainfall 0.25 deg, Tmax 1 deg)",REAL_GOVERNMENT
2022-11-30,0.0,27.64,0.0,27.82,"IMD gridded (rainfall 0.25 deg, Tmax 1 deg)",REAL_GOVERNMENT
2022-12-01,0.0,27.1,0.0,26.95,"IMD gridded (rainfall 0.25 deg, Tmax 1 deg)",REAL_GOVERNMENT
2022-12-02,0.0,27.59,0.0,27.65,"IMD gridded (rainfall 0.25 deg, Tmax 1 deg)",REAL_GOVERNMENT
2022-12-03,0.0,27.81,0.0,27.86,"IMD gridded (rainfall 0.25 deg, Tmax 1 deg)",REAL_GOVERNMENT
2022-12-04,0.0,28.17,0.0,28.23,"IMD gridded (rainfall 0.25 deg, Tmax 1 deg)",REAL_GOVERNMENT
2022-12-05,0.0,27.98,0.0,27.98,"IMD gridded (rainfall 0.25 deg, Tmax 1 deg)",REAL_GOVERNMENT
2022-12-06,0.0,27.59,0.0,27.76,"IMD gridded (rainfall 0.25 deg, Tmax 1 deg)",REAL_GOVERNMENT
2022-12-07,0.0,25.64,0.0,25.8,"IMD gridded (rainfall 0.25 deg, Tmax 1 deg)",REAL_GOVERNMENT
2022-12-08,0.0,25.4,0.0,25.56,"IMD gridded (rainfall 0.25 deg, Tmax 1 deg)",REAL_GOVERNMENT
2022-12-09,0.0,26.35,0.0,26.38,"IMD gridded (rainfall 0.25 deg, Tmax 1 deg)",REAL_GOVERNMENT
2022-12-10,0.0,27.57,0.0,27.79,"IMD gridded (rainfall 0.25 deg, Tmax 1 deg)",REAL_GOVERNMENT
2022-12-11,0.0,28.62,0.0,28.58,"IMD gridded (rainfall 0.25 deg, Tmax 1 deg)",REAL_GOVERNMENT
2022-12-12,0.02,27.83,0.0,27.77,"IMD gridded (rainfall 0.25 deg, Tmax 1 deg)",REAL_GOVERNMENT
2022-12-13,0.0,26.99,0.0,27.61,"IMD gridded (rainfall 0.25 deg, Tmax 1 deg)",REAL_GOVERNMENT
2022-12-14,0.0,28.24,0.0,28.6,"IMD gridded (rainfall 0.25 deg, Tmax 1 deg)",REAL_GOVERNMENT
2022-12-15,0.21,28.1,0.0,28.5,"IMD gridded (rainfall 0.25 deg, Tmax 1 deg)",REAL_GOVERNMENT
2022-12-16,0.0,28.97,0.0,29.17,"IMD gridded (rainfall 0.25 deg, Tmax 1 deg)",REAL_GOVERNMENT
2022-12-17,0.02,27.97,0.0,28.17,"IMD gridded (rainfall 0.25 deg, Tmax 1 deg)",REAL_GOVERNMENT
2022-12-18,0.0,27.06,0.0,27.25,"IMD gridded (rainfall 0.25 deg, Tmax 1 deg)",REAL_GOVERNMENT
2022-12-19,0.0,27.41,0.0,27.38,"IMD gridded (rainfall 0.25 deg, Tmax 1 deg)",REAL_GOVERNMENT
2022-12-20,0.0,27.52,0.0,27.62,"IMD gridded (rainfall 0.25 deg, Tmax 1 deg)",REAL_GOVERNMENT
2022-12-21,0.0,28.01,0.0,28.05,"IMD gridded (rainfall 0.25 deg, Tmax 1 deg)",REAL_GOVERNMENT
2022-12-22,0.0,28.76,0.0,28.82,"IMD gridded (rainfall 0.25 deg, Tmax 1 deg)",REAL_GOVERNMENT
2022-12-23,0.0,29.63,0.0,29.64,"IMD gridded (rainfall 0.25 deg, Tmax 1 deg)",REAL_GOVERNMENT
2022-12-24,0.0,28.67,0.0,28.81,"IMD gridded (rainfall 0.25 deg, Tmax 1 deg)",REAL_GOVERNMENT
2022-12-25,0.0,26.8,0.0,27.36,"IMD gridded (rainfall 0.25 deg, Tmax 1 deg)",REAL_GOVERNMENT
2022-12-26,0.0,27.21,0.0,27.94,"IMD gridded (rainfall 0.25 deg, Tmax 1 deg)",REAL_GOVERNMENT
2022-12-27,0.0,27.43,0.0,28.29,"IMD gridded (rainfall 0.25 deg, Tmax 1 deg)",REAL_GOVERNMENT
2022-12-28,0.0,27.1,0.0,27.76,"IMD gridded (rainfall 0.25 deg, Tmax 1 deg)",REAL_GOVERNMENT
2022-12-29,0.0,28.05,0.0,28.36,"IMD gridded (rainfall 0.25 deg, Tmax 1 deg)",REAL_GOVERNMENT
2022-12-30,0.0,29.28,0.0,29.67,"IMD gridded (rainfall 0.25 deg, Tmax 1 deg)",REAL_GOVERNMENT
2022-12-31,0.0,27.51,0.0,27.89,"IMD gridded (rainfall 0.25 deg, Tmax 1 deg)",REAL_GOVERNMENT
2023-01-01,0.0,25.51,0.0,26.09,"IMD gridded (rainfall 0.25 deg, Tmax 1 deg)",REAL_GOVERNMENT
2023-01-02,0.0,24.4,0.0,24.98,"IMD gridded (rainfall 0.25 deg, Tmax 1 deg)",REAL_GOVERNMENT
2023-01-03,0.0,22.97,0.0,23.87,"IMD gridded (rainfall 0.25 deg, Tmax 1 deg)",REAL_GOVERNMENT
2023-01-04,0.01,19.11,0.0,19.3,"IMD gridded (rainfall 0.25 deg, Tmax 1 deg)",REAL_GOVERNMENT
2023-01-05,1.2,20.96,7.17,21.47,"IMD gridded (rainfall 0.25 deg, Tmax 1 deg)",REAL_GOVERNMENT
2023-01-06,0.09,23.92,0.0,24.14,"IMD gridded (rainfall 0.25 deg, Tmax 1 deg)",REAL_GOVERNMENT
2023-01-07,0.0,24.79,0.0,24.94,"IMD gridded (rainfall 0.25 deg, Tmax 1 deg)",REAL_GOVERNMENT
2023-01-08,0.0,25.73,0.0,25.92,"IMD gridded (rainfall 0.25 deg, Tmax 1 deg)",REAL_GOVERNMENT
2023-01-09,0.0,26.91,0.0,27.07,"IMD gridded (rainfall 0.25 deg, Tmax 1 deg)",REAL_GOVERNMENT
2023-01-10,0.0,27.53,0.0,27.97,"IMD gridded (rainfall 0.25 deg, Tmax 1 deg)",REAL_GOVERNMENT
2023-01-11,0.0,28.73,0.0,29.08,"IMD gridded (rainfall 0.25 deg, Tmax 1 deg)",REAL_GOVERNMENT
2023-01-12,0.0,28.22,0.0,28.55,"IMD gridded (rainfall 0.25 deg, Tmax 1 deg)",REAL_GOVERNMENT
2023-01-13,0.0,27.78,0.0,27.92,"IMD gridded (rainfall 0.25 deg, Tmax 1 deg)",REAL_GOVERNMENT
2023-01-14,0.0,26.4,0.0,26.58,"IMD gridded (rainfall 0.25 deg, Tmax 1 deg)",REAL_GOVERNMENT
2023-01-15,0.0,24.16,0.0,24.73,"IMD gridded (rainfall 0.25 deg, Tmax 1 deg)",REAL_GOVERNMENT
2023-01-16,0.0,24.96,0.0,25.5,"IMD gridded (rainfall 0.25 deg, Tmax 1 deg)",REAL_GOVERNMENT
2023-01-17,0.0,24.88,0.0,25.65,"IMD gridded (rainfall 0.25 deg, Tmax 1 deg)",REAL_GOVERNMENT
2023-01-18,0.0,25.17,0.0,25.66,"IMD gridded (rainfall 0.25 deg, Tmax 1 deg)",REAL_GOVERNMENT
2023-01-19,0.0,26.15,0.0,26.8,"IMD gridded (rainfall 0.25 deg, Tmax 1 deg)",REAL_GOVERNMENT
2023-01-20,0.0,28.36,0.0,28.66,"IMD gridded (rainfall 0.25 deg, Tmax 1 deg)",REAL_GOVERNMENT
2023-01-21,0.01,28.92,0.0,28.89,"IMD gridded (rainfall 0.25 deg, Tmax 1 deg)",REAL_GOVERNMENT
2023-01-22,0.0,28.97,0.0,29.31,"IMD gridded (rainfall 0.25 deg, Tmax 1 deg)",REAL_GOVERNMENT
2023-01-23,0.0,29.35,0.0,29.32,"IMD gridded (rainfall 0.25 deg, Tmax 1 deg)",REAL_GOVERNMENT
2023-01-24,0.0,30.2,0.0,30.33,"IMD gridded (rainfall 0.25 deg, Tmax 1 deg)",REAL_GOVERNMENT
2023-01-25,0.0,29.49,0.0,30.14,"IMD gridded (rainfall 0.25 deg, Tmax 1 deg)",REAL_GOVERNMENT
2023-01-26,0.03,27.24,0.0,27.75,"IMD gridded (rainfall 0.25 deg, Tmax 1 deg)",REAL_GOVERNMENT
2023-01-27,0.0,26.2,0.0,26.7,"IMD gridded (rainfall 0.25 deg, Tmax 1 deg)",REAL_GOVERNMENT
2023-01-28,0.0,28.18,0.0,28.38,"IMD gridded (rainfall 0.25 deg, Tmax 1 deg)",REAL_GOVERNMENT
2023-01-29,0.0,29.39,0.0,29.28,"IMD gridded (rainfall 0.25 deg, Tmax 1 deg)",REAL_GOVERNMENT
2023-01-30,0.0,28.36,0.0,28.98,"IMD gridded (rainfall 0.25 deg, Tmax 1 deg)",REAL_GOVERNMENT
2023-01-31,0.05,27.12,0.0,27.47,"IMD gridded (rainfall 0.25 deg, Tmax 1 deg)",REAL_GOVERNMENT
2023-02-01,0.0,26.42,0.0,26.78,"IMD gridded (rainfall 0.25 deg, Tmax 1 deg)",REAL_GOVERNMENT
2023-02-02,0.0,27.03,0.0,27.44,"IMD gridded (rainfall 0.25 deg, Tmax 1 deg)",REAL_GOVERNMENT
2023-02-03,0.0,28.43,0.0,28.83,"IMD gridded (rainfall 0.25 deg, Tmax 1 deg)",REAL_GOVERNMENT
2023-02-04,0.0,29.09,0.0,29.62,"IMD gridded (rainfall 0.25 deg, Tmax 1 deg)",REAL_GOVERNMENT
2023-02-05,0.0,29.48,0.0,29.74,"IMD gridded (rainfall 0.25 deg, Tmax 1 deg)",REAL_GOVERNMENT
2023-02-06,0.0,30.76,0.0,30.99,"IMD gridded (rainfall 0.25 deg, Tmax 1 deg)",REAL_GOVERNMENT
2023-02-07,0.0,30.67,0.0,30.96,"IMD gridded (rainfall 0.25 deg, Tmax 1 deg)",REAL_GOVERNMENT
2023-02-08,0.0,28.8,0.0,29.25,"IMD gridded (rainfall 0.25 deg, Tmax 1 deg)",REAL_GOVERNMENT
2023-02-09,0.0,30.82,0.0,31.1,"IMD gridded (rainfall 0.25 deg, Tmax 1 deg)",REAL_GOVERNMENT
2023-02-10,0.0,33.02,0.0,32.94,"IMD gridded (rainfall 0.25 deg, Tmax 1 deg)",REAL_GOVERNMENT
2023-02-11,0.0,32.06,0.0,32.19,"IMD gridded (rainfall 0.25 deg, Tmax 1 deg)",REAL_GOVERNMENT
2023-02-12,0.0,29.53,0.0,29.9,"IMD gridded (rainfall 0.25 deg, Tmax 1 deg)",REAL_GOVERNMENT
2023-02-13,0.0,28.61,0.0,29.02,"IMD gridded (rainfall 0.25 deg, Tmax 1 deg)",REAL_GOVERNMENT
2023-02-14,0.0,29.92,0.0,30.38,"IMD gridded (rainfall 0.25 deg, Tmax 1 deg)",REAL_GOVERNMENT
2023-02-15,0.0,31.19,0.0,31.75,"IMD gridded (rainfall 0.25 deg, Tmax 1 deg)",REAL_GOVERNMENT
2023-02-16,0.0,31.77,0.0,32.48,"IMD gridded (rainfall 0.25 deg, Tmax 1 deg)",REAL_GOVERNMENT
2023-02-17,0.0,31.29,0.0,31.75,"IMD gridded (rainfall 0.25 deg, Tmax 1 deg)",REAL_GOVERNMENT
2023-02-18,0.0,31.23,0.0,31.7,"IMD gridded (rainfall 0.25 deg, Tmax 1 deg)",REAL_GOVERNMENT
2023-02-19,0.0,32.65,0.0,32.98,"IMD gridded (rainfall 0.25 deg, Tmax 1 deg)",REAL_GOVERNMENT
2023-02-20,0.0,34.13,0.0,34.67,"IMD gridded (rainfall 0.25 deg, Tmax 1 deg)",REAL_GOVERNMENT
2023-02-21,0.0,34.66,0.0,34.99,"IMD gridded (rainfall 0.25 deg, Tmax 1 deg)",REAL_GOVERNMENT
2023-02-22,0.0,33.86,0.0,34.22,"IMD gridded (rainfall 0.25 deg, Tmax 1 deg)",REAL_GOVERNMENT
2023-02-23,0.0,33.51,0.0,33.85,"IMD gridded (rainfall 0.25 deg, Tmax 1 deg)",REAL_GOVERNMENT
2023-02-24,0.0,33.37,0.0,33.73,"IMD gridded (rainfall 0.25 deg, Tmax 1 deg)",REAL_GOVERNMENT
2023-02-25,0.0,33.56,0.0,33.88,"IMD gridded (rainfall 0.25 deg, Tmax 1 deg)",REAL_GOVERNMENT
2023-02-26,0.0,34.01,0.0,34.53,"IMD gridded (rainfall 0.25 deg, Tmax 1 deg)",REAL_GOVERNMENT
2023-02-27,0.0,33.89,0.0,34.18,"IMD gridded (rainfall 0.25 deg, Tmax 1 deg)",REAL_GOVERNMENT
2023-02-28,0.0,33.57,0.0,33.77,"IMD gridded (rainfall 0.25 deg, Tmax 1 deg)",REAL_GOVERNMENT
2023-03-01,0.0,33.63,0.0,33.8,"IMD gridded (rainfall 0.25 deg, Tmax 1 deg)",REAL_GOVERNMENT
2023-03-02,0.0,33.55,0.0,33.75,"IMD gridded (rainfall 0.25 deg, Tmax 1 deg)",REAL_GOVERNMENT
2023-03-03,0.05,34.18,0.0,34.41,"IMD gridded (rainfall 0.25 deg, Tmax 1 deg)",REAL_GOVERNMENT
2023-03-04,0.0,34.77,0.0,34.83,"IMD gridded (rainfall 0.25 deg, Tmax 1 deg)",REAL_GOVERNMENT
2023-03-05,0.0,31.74,0.0,32.06,"IMD gridded (rainfall 0.25 deg, Tmax 1 deg)",REAL_GOVERNMENT
2023-03-06,0.0,33.24,0.0,33.19,"IMD gridded (rainfall 0.25 deg, Tmax 1 deg)",REAL_GOVERNMENT
2023-03-07,0.13,28.11,0.0,27.54,"IMD gridded (rainfall 0.25 deg, Tmax 1 deg)",REAL_GOVERNMENT
2023-03-08,0.17,31.54,0.0,31.33,"IMD gridded (rainfall 0.25 deg, Tmax 1 deg)",REAL_GOVERNMENT
2023-03-09,0.0,32.46,0.0,32.56,"IMD gridded (rainfall 0.25 deg, Tmax 1 deg)",REAL_GOVERNMENT
2023-03-10,0.05,32.02,0.0,32.56,"IMD gridded (rainfall 0.25 deg, Tmax 1 deg)",REAL_GOVERNMENT
2023-03-11,0.0,32.79,0.0,32.75,"IMD gridded (rainfall 0.25 deg, Tmax 1 deg)",REAL_GOVERNMENT
2023-03-12,0.0,33.95,0.0,33.78,"IMD gridded (rainfall 0.25 deg, Tmax 1 deg)",REAL_GOVERNMENT
2023-03-13,0.0,34.78,0.0,34.59,"IMD gridded (rainfall 0.25 deg, Tmax 1 deg)",REAL_GOVERNMENT
2023-03-14,0.0,34.33,0.0,34.08,"IMD gridded (rainfall 0.25 deg, Tmax 1 deg)",REAL_GOVERNMENT
2023-03-15,0.11,33.84,0.0,33.54,"IMD gridded (rainfall 0.25 deg, Tmax 1 deg)",REAL_GOVERNMENT
2023-03-16,0.26,29.94,0.0,29.12,"IMD gridded (rainfall 0.25 deg, Tmax 1 deg)",REAL_GOVERNMENT
2023-03-17,0.03,31.4,0.0,31.32,"IMD gridded (rainfall 0.25 deg, Tmax 1 deg)",REAL_GOVERNMENT
2023-03-18,13.27,28.62,9.11,28.43,"IMD gridded (rainfall 0.25 deg, Tmax 1 deg)",REAL_GOVERNMENT
2023-03-19,3.51,27.33,0.14,27.14,"IMD gridded (rainfall 0.25 deg, Tmax 1 deg)",REAL_GOVERNMENT
2023-03-20,6.52,29.36,3.7,29.71,"IMD gridded (rainfall 0.25 deg, Tmax 1 deg)",REAL_GOVERNMENT
2023-03-21,1.98,30.47,0.0,30.89,"IMD gridded (rainfall 0.25 deg, Tmax 1 deg)",REAL_GOVERNMENT
2023-03-22,2.8,31.14,0.0,31.31,"IMD gridded (rainfall 0.25 deg, Tmax 1 deg)",REAL_GOVERNMENT
2023-03-23,0.38,32.61,0.0,32.71,"IMD gridded (rainfall 0.25 deg, Tmax 1 deg)",REAL_GOVERNMENT
2023-03-24,0.0,33.87,0.0,33.98,"IMD gridded (rainfall 0.25 deg, Tmax 1 deg)",REAL_GOVERNMENT
2023-03-25,0.01,33.58,0.0,33.27,"IMD gridded (rainfall 0.25 deg, Tmax 1 deg)",REAL_GOVERNMENT
2023-03-26,0.22,34.1,0.0,34.07,"IMD gridded (rainfall 0.25 deg, Tmax 1 deg)",REAL_GOVERNMENT
2023-03-27,3.47,34.48,6.26,34.97,"IMD gridded (rainfall 0.25 deg, Tmax 1 deg)",REAL_GOVERNMENT
2023-03-28,0.0,34.77,0.0,35.18,"IMD gridded (rainfall 0.25 deg, Tmax 1 deg)",REAL_GOVERNMENT
2023-03-29,0.0,36.2,0.0,36.4,"IMD gridded (rainfall 0.25 deg, Tmax 1 deg)",REAL_GOVERNMENT
2023-03-30,0.02,36.52,0.0,36.7,"IMD gridded (rainfall 0.25 deg, Tmax 1 deg)",REAL_GOVERNMENT
2023-03-31,0.18,32.89,0.0,33.04,"IMD gridded (rainfall 0.25 deg, Tmax 1 deg)",REAL_GOVERNMENT
2023-04-01,1.73,32.8,2.81,33.19,"IMD gridded (rainfall 0.25 deg, Tmax 1 deg)",REAL_GOVERNMENT
2023-04-02,0.0,34.61,0.0,35.04,"IMD gridded (rainfall 0.25 deg, Tmax 1 deg)",REAL_GOVERNMENT
2023-04-03,0.0,36.05,0.0,36.24,"IMD gridded (rainfall 0.25 deg, Tmax 1 deg)",REAL_GOVERNMENT
2023-04-04,0.0,36.45,0.0,36.82,"IMD gridded (rainfall 0.25 deg, Tmax 1 deg)",REAL_GOVERNMENT
2023-04-05,0.0,36.4,0.0,36.71,"IMD gridded (rainfall 0.25 deg, Tmax 1 deg)",REAL_GOVERNMENT
2023-04-06,0.01,36.96,0.0,37.09,"IMD gridded (rainfall 0.25 deg, Tmax 1 deg)",REAL_GOVERNMENT
2023-04-07,0.02,36.17,0.0,35.71,"IMD gridded (rainfall 0.25 deg, Tmax 1 deg)",REAL_GOVERNMENT
2023-04-08,3.51,33.01,2.45,32.54,"IMD gridded (rainfall 0.25 deg, Tmax 1 deg)",REAL_GOVERNMENT
2023-04-09,0.22,35.55,0.7,35.54,"IMD gridded (rainfall 0.25 deg, Tmax 1 deg)",REAL_GOVERNMENT
2023-04-10,1.74,37.09,4.24,37.09,"IMD gridded (rainfall 0.25 deg, Tmax 1 deg)",REAL_GOVERNMENT
2023-04-11,0.16,38.29,0.24,38.36,"IMD gridded (rainfall 0.25 deg, Tmax 1 deg)",REAL_GOVERNMENT
2023-04-12,0.0,39.1,0.0,38.98,"IMD gridded (rainfall 0.25 deg, Tmax 1 deg)",REAL_GOVERNMENT
2023-04-13,0.0,39.07,0.0,39.02,"IMD gridded (rainfall 0.25 deg, Tmax 1 deg)",REAL_GOVERNMENT
2023-04-14,0.0,38.2,0.0,38.02,"IMD gridded (rainfall 0.25 deg, Tmax 1 deg)",REAL_GOVERNMENT
2023-04-15,0.02,36.37,0.0,35.8,"IMD gridded (rainfall 0.25 deg, Tmax 1 deg)",REAL_GOVERNMENT
2023-04-16,0.03,38.71,0.0,38.62,"IMD gridded (rainfall 0.25 deg, Tmax 1 deg)",REAL_GOVERNMENT
2023-04-17,0.0,39.69,0.0,39.41,"IMD gridded (rainfall 0.25 deg, Tmax 1 deg)",REAL_GOVERNMENT
2023-04-18,0.0,40.31,0.0,40.17,"IMD gridded (rainfall 0.25 deg, Tmax 1 deg)",REAL_GOVERNMENT
2023-04-19,0.0,39.87,0.0,39.68,"IMD gridded (rainfall 0.25 deg, Tmax 1 deg)",REAL_GOVERNMENT
2023-04-20,0.02,37.65,0.0,37.6,"IMD gridded (rainfall 0.25 deg, Tmax 1 deg)",REAL_GOVERNMENT
2023-04-21,1.79,36.48,0.04,36.36,"IMD gridded (rainfall 0.25 deg, Tmax 1 deg)",REAL_GOVERNMENT
2023-04-22,0.3,35.11,1.32,35.02,"IMD gridded (rainfall 0.25 deg, Tmax 1 deg)",REAL_GOVERNMENT
2023-04-23,3.72,35.1,4.81,34.8,"IMD gridded (rainfall 0.25 deg, Tmax 1 deg)",REAL_GOVERNMENT
2023-04-24,0.09,35.09,0.0,34.92,"IMD gridded (rainfall 0.25 deg, Tmax 1 deg)",REAL_GOVERNMENT
2023-04-25,1.03,35.18,0.03,34.93,"IMD gridded (rainfall 0.25 deg, Tmax 1 deg)",REAL_GOVERNMENT
2023-04-26,5.98,35.06,28.4,34.7,"IMD gridded (rainfall 0.25 deg, Tmax 1 deg)",REAL_GOVERNMENT
2023-04-27,2.28,34.6,4.2,34.32,"IMD gridded (rainfall 0.25 deg, Tmax 1 deg)",REAL_GOVERNMENT
2023-04-28,3.0,34.14,2.72,33.63,"IMD gridded (rainfall 0.25 deg, Tmax 1 deg)",REAL_GOVERNMENT
2023-04-29,10.81,31.58,8.37,31.8,"IMD gridded (rainfall 0.25 deg, Tmax 1 deg)",REAL_GOVERNMENT
2023-04-30,16.43,26.81,11.84,26.19,"IMD gridded (rainfall 0.25 deg, Tmax 1 deg)",REAL_GOVERNMENT
2023-05-01,14.43,29.36,8.52,29.28,"IMD gridded (rainfall 0.25 deg, Tmax 1 deg)",REAL_GOVERNMENT
2023-05-02,6.72,29.86,2.88,29.51,"IMD gridded (rainfall 0.25 deg, Tmax 1 deg)",REAL_GOVERNMENT
2023-05-03,10.71,28.81,4.36,28.64,"IMD gridded (rainfall 0.25 deg, Tmax 1 deg)",REAL_GOVERNMENT
2023-05-04,0.23,32.14,0.0,31.87,"IMD gridded (rainfall 0.25 deg, Tmax 1 deg)",REAL_GOVERNMENT
2023-05-05,1.34,33.1,2.74,32.81,"IMD gridded (rainfall 0.25 deg, Tmax 1 deg)",REAL_GOVERNMENT
2023-05-06,0.0,35.75,0.0,35.47,"IMD gridded (rainfall 0.25 deg, Tmax 1 deg)",REAL_GOVERNMENT
2023-05-07,0.01,37.08,0.0,36.81,"IMD gridded (rainfall 0.25 deg, Tmax 1 deg)",REAL_GOVERNMENT
2023-05-08,0.46,37.43,0.0,37.37,"IMD gridded (rainfall 0.25 deg, Tmax 1 deg)",REAL_GOVERNMENT
2023-05-09,0.23,38.73,0.0,38.93,"IMD gridded (rainfall 0.25 deg, Tmax 1 deg)",REAL_GOVERNMENT
2023-05-10,0.17,38.9,0.0,39.05,"IMD gridded (rainfall 0.25 deg, Tmax 1 deg)",REAL_GOVERNMENT
2023-05-11,0.0,40.03,0.0,39.86,"IMD gridded (rainfall 0.25 deg, Tmax 1 deg)",REAL_GOVERNMENT
2023-05-12,0.0,40.71,0.0,40.63,"IMD gridded (rainfall 0.25 deg, Tmax 1 deg)",REAL_GOVERNMENT
2023-05-13,0.0,41.4,0.0,41.38,"IMD gridded (rainfall 0.25 deg, Tmax 1 deg)",REAL_GOVERNMENT
2023-05-14,0.0,41.83,0.0,41.85,"IMD gridded (rainfall 0.25 deg, Tmax 1 deg)",REAL_GOVERNMENT
2023-05-15,0.0,40.84,0.0,40.8,"IMD gridded (rainfall 0.25 deg, Tmax 1 deg)",REAL_GOVERNMENT
2023-05-16,0.0,39.63,0.0,39.63,"IMD gridded (rainfall 0.25 deg, Tmax 1 deg)",REAL_GOVERNMENT
2023-05-17,1.71,39.58,0.0,39.41,"IMD gridded (rainfall 0.25 deg, Tmax 1 deg)",REAL_GOVERNMENT
2023-05-18,0.08,40.13,0.0,39.91,"IMD gridded (rainfall 0.25 deg, Tmax 1 deg)",REAL_GOVERNMENT
2023-05-19,0.08,40.15,0.0,40.13,"IMD gridded (rainfall 0.25 deg, Tmax 1 deg)",REAL_GOVERNMENT
2023-05-20,0.06,40.93,0.0,41.02,"IMD gridded (rainfall 0.25 deg, Tmax 1 deg)",REAL_GOVERNMENT
2023-05-21,0.0,41.93,0.0,41.78,"IMD gridded (rainfall 0.25 deg, Tmax 1 deg)",REAL_GOVERNMENT
2023-05-22,0.16,40.08,0.0,39.73,"IMD gridded (rainfall 0.25 deg, Tmax 1 deg)",REAL_GOVERNMENT
2023-05-23,0.0,40.54,0.0,40.34,"IMD gridded (rainfall 0.25 deg, Tmax 1 deg)",REAL_GOVERNMENT
2023-05-24,0.03,40.9,0.0,40.8,"IMD gridded (rainfall 0.25 deg, Tmax 1 deg)",REAL_GOVERNMENT
2023-05-25,0.07,39.58,0.0,39.3,"IMD gridded (rainfall 0.25 deg, Tmax 1 deg)",REAL_GOVERNMENT
2023-05-26,0.01,38.07,0.0,38.14,"IMD gridded (rainfall 0.25 deg, Tmax 1 deg)",REAL_GOVERNMENT
2023-05-27,0.01,38.94,0.0,38.78,"IMD gridded (rainfall 0.25 deg, Tmax 1 deg)",REAL_GOVERNMENT
2023-05-28,2.06,38.11,0.0,38.21,"IMD gridded (rainfall 0.25 deg, Tmax 1 deg)",REAL_GOVERNMENT
2023-05-29,2.41,37.73,0.0,37.88,"IMD gridded (rainfall 0.25 deg, Tmax 1 deg)",REAL_GOVERNMENT
2023-05-30,0.22,38.62,0.0,38.25,"IMD gridded (rainfall 0.25 deg, Tmax 1 deg)",REAL_GOVERNMENT
2023-05-31,0.14,39.21,0.0,39.22,"IMD gridded (rainfall 0.25 deg, Tmax 1 deg)",REAL_GOVERNMENT
2023-06-01,0.0,39.94,0.0,40.02,"IMD gridded (rainfall 0.25 deg, Tmax 1 deg)",REAL_GOVERNMENT
2023-06-02,0.0,40.37,0.0,40.45,"IMD gridded (rainfall 0.25 deg, Tmax 1 deg)",REAL_GOVERNMENT
2023-06-03,0.0,39.68,0.0,39.52,"IMD gridded (rainfall 0.25 deg, Tmax 1 deg)",REAL_GOVERNMENT
2023-06-04,1.7,39.27,0.0,39.43,"IMD gridded (rainfall 0.25 deg, Tmax 1 deg)",REAL_GOVERNMENT
2023-06-05,0.03,38.8,0.0,38.59,"IMD gridded (rainfall 0.25 deg, Tmax 1 deg)",REAL_GOVERNMENT
2023-06-06,0.01,39.91,0.0,39.76,"IMD gridded (rainfall 0.25 deg, Tmax 1 deg)",REAL_GOVERNMENT
2023-06-07,0.0,39.99,0.0,39.7,"IMD gridded (rainfall 0.25 deg, Tmax 1 deg)",REAL_GOVERNMENT
2023-06-08,0.31,41.3,0.0,41.04,"IMD gridded (rainfall 0.25 deg, Tmax 1 deg)",REAL_GOVERNMENT
2023-06-09,0.0,40.65,0.0,40.48,"IMD gridded (rainfall 0.25 deg, Tmax 1 deg)",REAL_GOVERNMENT
2023-06-10,0.34,40.76,0.0,40.41,"IMD gridded (rainfall 0.25 deg, Tmax 1 deg)",REAL_GOVERNMENT
2023-06-11,0.11,40.63,0.0,40.39,"IMD gridded (rainfall 0.25 deg, Tmax 1 deg)",REAL_GOVERNMENT
2023-06-12,0.2,41.01,0.0,40.61,"IMD gridded (rainfall 0.25 deg, Tmax 1 deg)",REAL_GOVERNMENT
2023-06-13,0.09,41.1,0.0,40.69,"IMD gridded (rainfall 0.25 deg, Tmax 1 deg)",REAL_GOVERNMENT
2023-06-14,1.66,40.1,3.92,39.87,"IMD gridded (rainfall 0.25 deg, Tmax 1 deg)",REAL_GOVERNMENT
2023-06-15,0.28,39.98,0.46,39.57,"IMD gridded (rainfall 0.25 deg, Tmax 1 deg)",REAL_GOVERNMENT
2023-06-16,0.34,40.67,3.44,40.23,"IMD gridded (rainfall 0.25 deg, Tmax 1 deg)",REAL_GOVERNMENT
2023-06-17,0.0,39.85,0.0,39.68,"IMD gridded (rainfall 0.25 deg, Tmax 1 deg)",REAL_GOVERNMENT
2023-06-18,0.01,39.02,0.0,38.73,"IMD gridded (rainfall 0.25 deg, Tmax 1 deg)",REAL_GOVERNMENT
2023-06-19,0.01,38.66,0.0,38.65,"IMD gridded (rainfall 0.25 deg, Tmax 1 deg)",REAL_GOVERNMENT
2023-06-20,0.0,38.7,0.0,38.61,"IMD gridded (rainfall 0.25 deg, Tmax 1 deg)",REAL_GOVERNMENT
2023-06-21,0.01,38.34,0.0,38.33,"IMD gridded (rainfall 0.25 deg, Tmax 1 deg)",REAL_GOVERNMENT
2023-06-22,3.49,34.99,0.91,35.03,"IMD gridded (rainfall 0.25 deg, Tmax 1 deg)",REAL_GOVERNMENT
2023-06-23,12.83,29.97,4.73,29.71,"IMD gridded (rainfall 0.25 deg, Tmax 1 deg)",REAL_GOVERNMENT
2023-06-24,16.13,32.24,22.82,32.69,"IMD gridded (rainfall 0.25 deg, Tmax 1 deg)",REAL_GOVERNMENT
2023-06-25,2.61,33.2,0.0,33.23,"IMD gridded (rainfall 0.25 deg, Tmax 1 deg)",REAL_GOVERNMENT
2023-06-26,16.72,27.47,6.52,26.85,"IMD gridded (rainfall 0.25 deg, Tmax 1 deg)",REAL_GOVERNMENT
2023-06-27,52.6,27.68,62.8,27.12,"IMD gridded (rainfall 0.25 deg, Tmax 1 deg)",REAL_GOVERNMENT
2023-06-28,55.11,27.73,60.41,27.71,"IMD gridded (rainfall 0.25 deg, Tmax 1 deg)",REAL_GOVERNMENT
2023-06-29,6.0,29.96,4.28,30.26,"IMD gridded (rainfall 0.25 deg, Tmax 1 deg)",REAL_GOVERNMENT
2023-06-30,7.15,30.28,8.7,30.47,"IMD gridded (rainfall 0.25 deg, Tmax 1 deg)",REAL_GOVERNMENT
2023-07-01,1.53,30.87,0.82,30.7,"IMD gridded (rainfall 0.25 deg, Tmax 1 deg)",REAL_GOVERNMENT
2023-07-02,1.03,31.46,0.0,31.46,"IMD gridded (rainfall 0.25 deg, Tmax 1 deg)",REAL_GOVERNMENT
2023-07-03,0.82,34.26,2.62,34.53,"IMD gridded (rainfall 0.25 deg, Tmax 1 deg)",REAL_GOVERNMENT
2023-07-04,1.65,34.84,0.0,35.25,"IMD gridded (rainfall 0.25 deg, Tmax 1 deg)",REAL_GOVERNMENT
2023-07-05,13.42,33.42,8.09,33.1,"IMD gridded (rainfall 0.25 deg, Tmax 1 deg)",REAL_GOVERNMENT
2023-07-06,2.37,33.17,1.86,32.94,"IMD gridded (rainfall 0.25 deg, Tmax 1 deg)",REAL_GOVERNMENT
2023-07-07,30.02,29.97,32.43,30.05,"IMD gridded (rainfall 0.25 deg, Tmax 1 deg)",REAL_GOVERNMENT
2023-07-08,11.19,30.42,9.03,30.57,"IMD gridded (rainfall 0.25 deg, Tmax 1 deg)",REAL_GOVERNMENT
2023-07-09,52.87,28.59,78.69,28.49,"IMD gridded (rainfall 0.25 deg, Tmax 1 deg)",REAL_GOVERNMENT
2023-07-10,20.28,30.72,21.03,30.85,"IMD gridded (rainfall 0.25 deg, Tmax 1 deg)",REAL_GOVERNMENT
2023-07-11,6.6,28.82,1.41,28.31,"IMD gridded (rainfall 0.25 deg, Tmax 1 deg)",REAL_GOVERNMENT
2023-07-12,5.9,29.62,1.63,28.93,"IMD gridded (rainfall 0.25 deg, Tmax 1 deg)",REAL_GOVERNMENT
2023-07-13,1.44,30.41,4.6,30.29,"IMD gridded (rainfall 0.25 deg, Tmax 1 deg)",REAL_GOVERNMENT
2023-07-14,2.55,30.36,8.17,30.09,"IMD gridded (rainfall 0.25 deg, Tmax 1 deg)",REAL_GOVERNMENT
2023-07-15,12.18,28.27,3.2,28.14,"IMD gridded (rainfall 0.25 deg, Tmax 1 deg)",REAL_GOVERNMENT
2023-07-16,29.75,28.51,77.64,28.13,"IMD gridded (rainfall 0.25 deg, Tmax 1 deg)",REAL_GOVERNMENT
2023-07-17,16.0,28.39,29.15,28.15,"IMD gridded (rainfall 0.25 deg, Tmax 1 deg)",REAL_GOVERNMENT
2023-07-18,11.01,29.5,7.99,28.81,"IMD gridded (rainfall 0.25 deg, Tmax 1 deg)",REAL_GOVERNMENT
2023-07-19,22.94,30.98,35.77,30.2,"IMD gridded (rainfall 0.25 deg, Tmax 1 deg)",REAL_GOVERNMENT
2023-07-20,9.2,31.56,2.94,30.74,"IMD gridded (rainfall 0.25 deg, Tmax 1 deg)",REAL_GOVERNMENT
2023-07-21,8.29,31.47,4.11,30.27,"IMD gridded (rainfall 0.25 deg, Tmax 1 deg)",REAL_GOVERNMENT
2023-07-22,26.9,29.57,29.54,28.88,"IMD gridded (rainfall 0.25 deg, Tmax 1 deg)",REAL_GOVERNMENT
2023-07-23,10.12,30.3,3.89,30.01,"IMD gridded (rainfall 0.25 deg, Tmax 1 deg)",REAL_GOVERNMENT
2023-07-24,1.86,31.56,1.35,31.39,"IMD gridded (rainfall 0.25 deg, Tmax 1 deg)",REAL_GOVERNMENT
2023-07-25,3.37,32.7,1.32,32.22,"IMD gridded (rainfall 0.25 deg, Tmax 1 deg)",REAL_GOVERNMENT
2023-07-26,2.74,33.28,2.67,32.69,"IMD gridded (rainfall 0.25 deg, Tmax 1 deg)",REAL_GOVERNMENT
2023-07-27,13.53,32.42,31.21,31.74,"IMD gridded (rainfall 0.25 deg, Tmax 1 deg)",REAL_GOVERNMENT
2023-07-28,21.08,30.23,71.87,29.65,"IMD gridded (rainfall 0.25 deg, Tmax 1 deg)",REAL_GOVERNMENT
2023-07-29,9.76,29.61,18.03,29.53,"IMD gridded (rainfall 0.25 deg, Tmax 1 deg)",REAL_GOVERNMENT
2023-07-30,2.24,30.16,5.4,30.25,"IMD gridded (rainfall 0.25 deg, Tmax 1 deg)",REAL_GOVERNMENT
2023-07-31,1.9,30.67,3.42,30.38,"IMD gridded (rainfall 0.25 deg, Tmax 1 deg)",REAL_GOVERNMENT
2023-08-01,2.77,30.2,2.67,30.15,"IMD gridded (rainfall 0.25 deg, Tmax 1 deg)",REAL_GOVERNMENT
2023-08-02,5.64,26.97,5.99,27.07,"IMD gridded (rainfall 0.25 deg, Tmax 1 deg)",REAL_GOVERNMENT
2023-08-03,39.29,25.24,27.2,25.16,"IMD gridded (rainfall 0.25 deg, Tmax 1 deg)",REAL_GOVERNMENT
2023-08-04,46.53,26.08,74.2,26.26,"IMD gridded (rainfall 0.25 deg, Tmax 1 deg)",REAL_GOVERNMENT
2023-08-05,12.13,28.41,23.87,28.59,"IMD gridded (rainfall 0.25 deg, Tmax 1 deg)",REAL_GOVERNMENT
2023-08-06,2.65,28.44,11.93,28.62,"IMD gridded (rainfall 0.25 deg, Tmax 1 deg)",REAL_GOVERNMENT
2023-08-07,4.91,29.19,4.17,29.2,"IMD gridded (rainfall 0.25 deg, Tmax 1 deg)",REAL_GOVERNMENT
2023-08-08,0.18,29.55,0.68,29.78,"IMD gridded (rainfall 0.25 deg, Tmax 1 deg)",REAL_GOVERNMENT
2023-08-09,0.03,29.77,0.0,29.61,"IMD gridded (rainfall 0.25 deg, Tmax 1 deg)",REAL_GOVERNMENT
2023-08-10,0.11,31.42,0.87,31.5,"IMD gridded (rainfall 0.25 deg, Tmax 1 deg)",REAL_GOVERNMENT
2023-08-11,0.0,31.7,0.0,31.97,"IMD gridded (rainfall 0.25 deg, Tmax 1 deg)",REAL_GOVERNMENT
2023-08-12,0.0,31.75,0.0,31.91,"IMD gridded (rainfall 0.25 deg, Tmax 1 deg)",REAL_GOVERNMENT
2023-08-13,0.14,30.61,0.0,30.84,"IMD gridded (rainfall 0.25 deg, Tmax 1 deg)",REAL_GOVERNMENT
2023-08-14,3.15,30.32,1.95,30.2,"IMD gridded (rainfall 0.25 deg, Tmax 1 deg)",REAL_GOVERNMENT
2023-08-15,0.5,30.61,0.32,30.46,"IMD gridded (rainfall 0.25 deg, Tmax 1 deg)",REAL_GOVERNMENT
2023-08-16,1.62,31.08,1.2,30.96,"IMD gridded (rainfall 0.25 deg, Tmax 1 deg)",REAL_GOVERNMENT
2023-08-17,2.66,30.72,3.37,30.92,"IMD gridded (rainfall 0.25 deg, Tmax 1 deg)",REAL_GOVERNMENT
2023-08-18,43.31,26.78,46.58,26.51,"IMD gridded (rainfall 0.25 deg, Tmax 1 deg)",REAL_GOVERNMENT
2023-08-19,20.58,26.96,13.97,26.67,"IMD gridded (rainfall 0.25 deg, Tmax 1 deg)",REAL_GOVERNMENT
2023-08-20,23.88,28.78,42.38,28.15,"IMD gridded (rainfall 0.25 deg, Tmax 1 deg)",REAL_GOVERNMENT
2023-08-21,3.87,29.45,6.94,29.52,"IMD gridded (rainfall 0.25 deg, Tmax 1 deg)",REAL_GOVERNMENT
2023-08-22,6.5,29.05,19.14,29.01,"IMD gridded (rainfall 0.25 deg, Tmax 1 deg)",REAL_GOVERNMENT
2023-08-23,0.67,29.52,0.0,29.93,"IMD gridded (rainfall 0.25 deg, Tmax 1 deg)",REAL_GOVERNMENT
2023-08-24,8.3,28.49,34.52,28.77,"IMD gridded (rainfall 0.25 deg, Tmax 1 deg)",REAL_GOVERNMENT
2023-08-25,1.38,30.89,0.0,31.03,"IMD gridded (rainfall 0.25 deg, Tmax 1 deg)",REAL_GOVERNMENT
2023-08-26,0.87,30.99,2.56,31.09,"IMD gridded (rainfall 0.25 deg, Tmax 1 deg)",REAL_GOVERNMENT
2023-08-27,0.01,31.17,0.0,31.21,"IMD gridded (rainfall 0.25 deg, Tmax 1 deg)",REAL_GOVERNMENT
2023-08-28,0.26,30.99,0.0,30.92,"IMD gridded (rainfall 0.25 deg, Tmax 1 deg)",REAL_GOVERNMENT
2023-08-29,0.03,31.56,0.0,31.58,"IMD gridded (rainfall 0.25 deg, Tmax 1 deg)",REAL_GOVERNMENT
2023-08-30,0.67,32.46,0.0,32.58,"IMD gridded (rainfall 0.25 deg, Tmax 1 deg)",REAL_GOVERNMENT
2023-08-31,1.79,32.85,0.01,32.66,"IMD gridded (rainfall 0.25 deg, Tmax 1 deg)",REAL_GOVERNMENT
2023-09-01,1.6,33.9,4.77,33.87,"IMD gridded (rainfall 0.25 deg, Tmax 1 deg)",REAL_GOVERNMENT
2023-09-02,0.66,34.23,0.0,34.15,"IMD gridded (rainfall 0.25 deg, Tmax 1 deg)",REAL_GOVERNMENT
2023-09-03,0.79,33.82,0.0,33.69,"IMD gridded (rainfall 0.25 deg, Tmax 1 deg)",REAL_GOVERNMENT
2023-09-04,10.13,33.26,14.16,33.17,"IMD gridded (rainfall 0.25 deg, Tmax 1 deg)",REAL_GOVERNMENT
2023-09-05,5.21,31.91,12.49,32.05,"IMD gridded (rainfall 0.25 deg, Tmax 1 deg)",REAL_GOVERNMENT
2023-09-06,15.11,29.5,47.13,29.48,"IMD gridded (rainfall 0.25 deg, Tmax 1 deg)",REAL_GOVERNMENT
2023-09-07,14.64,28.89,17.93,28.87,"IMD gridded (rainfall 0.25 deg, Tmax 1 deg)",REAL_GOVERNMENT
2023-09-08,20.03,29.28,15.86,29.32,"IMD gridded (rainfall 0.25 deg, Tmax 1 deg)",REAL_GOVERNMENT
2023-09-09,11.75,28.72,8.96,28.38,"IMD gridded (rainfall 0.25 deg, Tmax 1 deg)",REAL_GOVERNMENT
2023-09-10,8.0,28.41,10.26,28.24,"IMD gridded (rainfall 0.25 deg, Tmax 1 deg)",REAL_GOVERNMENT
2023-09-11,13.54,28.45,29.74,28.6,"IMD gridded (rainfall 0.25 deg, Tmax 1 deg)",REAL_GOVERNMENT
2023-09-12,1.99,29.06,3.61,29.15,"IMD gridded (rainfall 0.25 deg, Tmax 1 deg)",REAL_GOVERNMENT
2023-09-13,4.82,27.87,10.68,27.69,"IMD gridded (rainfall 0.25 deg, Tmax 1 deg)",REAL_GOVERNMENT
2023-09-14,13.36,28.52,7.21,28.22,"IMD gridded (rainfall 0.25 deg, Tmax 1 deg)",REAL_GOVERNMENT
2023-09-15,101.69,26.57,179.06,26.26,"IMD gridded (rainfall 0.25 deg, Tmax 1 deg)",REAL_GOVERNMENT
2023-09-16,32.45,27.65,25.86,27.73,"IMD gridded (rainfall 0.25 deg, Tmax 1 deg)",REAL_GOVERNMENT
2023-09-17,1.44,29.87,1.98,30.08,"IMD gridded (rainfall 0.25 deg, Tmax 1 deg)",REAL_GOVERNMENT
2023-09-18,0.11,31.74,0.0,31.76,"IMD gridded (rainfall 0.25 deg, Tmax 1 deg)",REAL_GOVERNMENT
2023-09-19,0.47,32.37,0.0,32.22,"IMD gridded (rainfall 0.25 deg, Tmax 1 deg)",REAL_GOVERNMENT
2023-09-20,0.64,31.81,0.0,31.85,"IMD gridded (rainfall 0.25 deg, Tmax 1 deg)",REAL_GOVERNMENT
2023-09-21,13.95,30.38,14.63,30.32,"IMD gridded (rainfall 0.25 deg, Tmax 1 deg)",REAL_GOVERNMENT
2023-09-22,34.78,29.21,15.08,28.96,"IMD gridded (rainfall 0.25 deg, Tmax 1 deg)",REAL_GOVERNMENT
2023-09-23,33.81,29.59,89.43,29.67,"IMD gridded (rainfall 0.25 deg, Tmax 1 deg)",REAL_GOVERNMENT
2023-09-24,8.87,31.23,0.3,30.94,"IMD gridded (rainfall 0.25 deg, Tmax 1 deg)",REAL_GOVERNMENT
2023-09-25,4.75,31.52,0.0,31.12,"IMD gridded (rainfall 0.25 deg, Tmax 1 deg)",REAL_GOVERNMENT
2023-09-26,1.78,32.42,0.0,32.46,"IMD gridded (rainfall 0.25 deg, Tmax 1 deg)",REAL_GOVERNMENT
2023-09-27,1.14,32.41,7.65,32.23,"IMD gridded (rainfall 0.25 deg, Tmax 1 deg)",REAL_GOVERNMENT
2023-09-28,0.97,32.93,0.0,32.77,"IMD gridded (rainfall 0.25 deg, Tmax 1 deg)",REAL_GOVERNMENT
2023-09-29,0.89,32.23,0.0,31.87,"IMD gridded (rainfall 0.25 deg, Tmax 1 deg)",REAL_GOVERNMENT
2023-09-30,9.94,31.53,4.95,31.1,"IMD gridded (rainfall 0.25 deg, Tmax 1 deg)",REAL_GOVERNMENT
2023-10-01,6.23,31.77,0.46,31.62,"IMD gridded (rainfall 0.25 deg, Tmax 1 deg)",REAL_GOVERNMENT
2023-10-02,1.1,31.94,1.77,32.04,"IMD gridded (rainfall 0.25 deg, Tmax 1 deg)",REAL_GOVERNMENT
2023-10-03,2.25,32.15,12.31,31.96,"IMD gridded (rainfall 0.25 deg, Tmax 1 deg)",REAL_GOVERNMENT
2023-10-04,0.0,32.42,0.0,32.53,"IMD gridded (rainfall 0.25 deg, Tmax 1 deg)",REAL_GOVERNMENT
2023-10-05,0.0,32.59,0.0,32.58,"IMD gridded (rainfall 0.25 deg, Tmax 1 deg)",REAL_GOVERNMENT
2023-10-06,0.0,33.22,0.0,33.29,"IMD gridded (rainfall 0.25 deg, Tmax 1 deg)",REAL_GOVERNMENT
2023-10-07,0.0,33.52,0.0,33.61,"IMD gridded (rainfall 0.25 deg, Tmax 1 deg)",REAL_GOVERNMENT
2023-10-08,0.0,34.07,0.0,33.94,"IMD gridded (rainfall 0.25 deg, Tmax 1 deg)",REAL_GOVERNMENT
2023-10-09,0.0,34.01,0.0,33.82,"IMD gridded (rainfall 0.25 deg, Tmax 1 deg)",REAL_GOVERNMENT
2023-10-10,0.0,34.06,0.0,33.91,"IMD gridded (rainfall 0.25 deg, Tmax 1 deg)",REAL_GOVERNMENT
2023-10-11,0.0,34.07,0.0,33.96,"IMD gridded (rainfall 0.25 deg, Tmax 1 deg)",REAL_GOVERNMENT
2023-10-12,0.0,33.78,0.0,33.63,"IMD gridded (rainfall 0.25 deg, Tmax 1 deg)",REAL_GOVERNMENT
2023-10-13,0.0,33.9,0.0,33.69,"IMD gridded (rainfall 0.25 deg, Tmax 1 deg)",REAL_GOVERNMENT
2023-10-14,0.0,34.09,0.0,33.9,"IMD gridded (rainfall 0.25 deg, Tmax 1 deg)",REAL_GOVERNMENT
2023-10-15,0.0,33.78,0.0,33.52,"IMD gridded (rainfall 0.25 deg, Tmax 1 deg)",REAL_GOVERNMENT
2023-10-16,0.0,33.64,0.0,33.56,"IMD gridded (rainfall 0.25 deg, Tmax 1 deg)",REAL_GOVERNMENT
2023-10-17,0.01,32.2,0.0,31.86,"IMD gridded (rainfall 0.25 deg, Tmax 1 deg)",REAL_GOVERNMENT
2023-10-18,0.22,32.32,0.0,32.24,"IMD gridded (rainfall 0.25 deg, Tmax 1 deg)",REAL_GOVERNMENT
2023-10-19,0.23,32.11,0.0,32.02,"IMD gridded (rainfall 0.25 deg, Tmax 1 deg)",REAL_GOVERNMENT
2023-10-20,0.54,31.82,0.15,31.51,"IMD gridded (rainfall 0.25 deg, Tmax 1 deg)",REAL_GOVERNMENT
2023-10-21,0.18,31.88,0.0,31.73,"IMD gridded (rainfall 0.25 deg, Tmax 1 deg)",REAL_GOVERNMENT
2023-10-22,0.0,31.69,0.0,31.71,"IMD gridded (rainfall 0.25 deg, Tmax 1 deg)",REAL_GOVERNMENT
2023-10-23,0.0,30.4,0.0,30.27,"IMD gridded (rainfall 0.25 deg, Tmax 1 deg)",REAL_GOVERNMENT
2023-10-24,0.0,30.78,0.0,30.61,"IMD gridded (rainfall 0.25 deg, Tmax 1 deg)",REAL_GOVERNMENT
2023-10-25,0.0,31.09,0.0,31.01,"IMD gridded (rainfall 0.25 deg, Tmax 1 deg)",REAL_GOVERNMENT
2023-10-26,0.0,31.2,0.0,30.99,"IMD gridded (rainfall 0.25 deg, Tmax 1 deg)",REAL_GOVERNMENT
2023-10-27,0.0,31.58,0.0,31.36,"IMD gridded (rainfall 0.25 deg, Tmax 1 deg)",REAL_GOVERNMENT
2023-10-28,0.0,31.25,0.0,31.0,"IMD gridded (rainfall 0.25 deg, Tmax 1 deg)",REAL_GOVERNMENT
2023-10-29,0.0,31.29,0.0,30.97,"IMD gridded (rainfall 0.25 deg, Tmax 1 deg)",REAL_GOVERNMENT
2023-10-30,0.0,31.39,0.0,31.16,"IMD gridded (rainfall 0.25 deg, Tmax 1 deg)",REAL_GOVERNMENT
2023-10-31,0.0,31.19,0.0,30.85,"IMD gridded (rainfall 0.25 deg, Tmax 1 deg)",REAL_GOVERNMENT
2023-11-01,0.0,30.57,0.0,30.31,"IMD gridded (rainfall 0.25 deg, Tmax 1 deg)",REAL_GOVERNMENT
2023-11-02,0.0,31.14,0.0,30.86,"IMD gridded (rainfall 0.25 deg, Tmax 1 deg)",REAL_GOVERNMENT
2023-11-03,0.0,31.06,0.0,30.84,"IMD gridded (rainfall 0.25 deg, Tmax 1 deg)",REAL_GOVERNMENT
2023-11-04,0.0,31.58,0.0,31.38,"IMD gridded (rainfall 0.25 deg, Tmax 1 deg)",REAL_GOVERNMENT
2023-11-05,0.0,31.9,0.0,31.66,"IMD gridded (rainfall 0.25 deg, Tmax 1 deg)",REAL_GOVERNMENT
2023-11-06,0.0,31.55,0.0,31.27,"IMD gridded (rainfall 0.25 deg, Tmax 1 deg)",REAL_GOVERNMENT
2023-11-07,0.0,31.71,0.0,31.47,"IMD gridded (rainfall 0.25 deg, Tmax 1 deg)",REAL_GOVERNMENT
2023-11-08,0.0,32.05,0.0,31.96,"IMD gridded (rainfall 0.25 deg, Tmax 1 deg)",REAL_GOVERNMENT
2023-11-09,0.0,32.08,0.0,31.88,"IMD gridded (rainfall 0.25 deg, Tmax 1 deg)",REAL_GOVERNMENT
2023-11-10,0.0,32.57,0.0,32.17,"IMD gridded (rainfall 0.25 deg, Tmax 1 deg)",REAL_GOVERNMENT
2023-11-11,0.0,32.45,0.0,32.26,"IMD gridded (rainfall 0.25 deg, Tmax 1 deg)",REAL_GOVERNMENT
2023-11-12,0.0,31.1,0.0,31.02,"IMD gridded (rainfall 0.25 deg, Tmax 1 deg)",REAL_GOVERNMENT
2023-11-13,0.0,30.65,0.0,30.67,"IMD gridded (rainfall 0.25 deg, Tmax 1 deg)",REAL_GOVERNMENT
2023-11-14,0.0,30.22,0.0,30.31,"IMD gridded (rainfall 0.25 deg, Tmax 1 deg)",REAL_GOVERNMENT
2023-11-15,0.0,29.83,0.0,29.77,"IMD gridded (rainfall 0.25 deg, Tmax 1 deg)",REAL_GOVERNMENT
2023-11-16,0.0,29.31,0.0,29.01,"IMD gridded (rainfall 0.25 deg, Tmax 1 deg)",REAL_GOVERNMENT
2023-11-17,0.0,29.68,0.0,29.43,"IMD gridded (rainfall 0.25 deg, Tmax 1 deg)",REAL_GOVERNMENT
2023-11-18,0.0,30.89,0.0,30.72,"IMD gridded (rainfall 0.25 deg, Tmax 1 deg)",REAL_GOVERNMENT
2023-11-19,0.0,30.93,0.0,30.62,"IMD gridded (rainfall 0.25 deg, Tmax 1 deg)",REAL_GOVERNMENT
2023-11-20,0.0,30.74,0.0,30.5,"IMD gridded (rainfall 0.25 deg, Tmax 1 deg)",REAL_GOVERNMENT
2023-11-21,0.0,30.11,0.0,29.92,"IMD gridded (rainfall 0.25 deg, Tmax 1 deg)",REAL_GOVERNMENT
2023-11-22,0.0,29.57,0.0,29.6,"IMD gridded (rainfall 0.25 deg, Tmax 1 deg)",REAL_GOVERNMENT
2023-11-23,0.0,29.67,0.0,29.49,"IMD gridded (rainfall 0.25 deg, Tmax 1 deg)",REAL_GOVERNMENT
2023-11-24,0.0,28.99,0.0,28.82,"IMD gridded (rainfall 0.25 deg, Tmax 1 deg)",REAL_GOVERNMENT
2023-11-25,0.0,29.35,0.0,29.2,"IMD gridded (rainfall 0.25 deg, Tmax 1 deg)",REAL_GOVERNMENT
2023-11-26,0.0,28.48,0.0,28.4,"IMD gridded (rainfall 0.25 deg, Tmax 1 deg)",REAL_GOVERNMENT
2023-11-27,0.02,23.28,0.0,22.98,"IMD gridded (rainfall 0.25 deg, Tmax 1 deg)",REAL_GOVERNMENT
2023-11-28,5.31,21.62,2.81,20.6,"IMD gridded (rainfall 0.25 deg, Tmax 1 deg)",REAL_GOVERNMENT
2023-11-29,15.11,26.74,11.7,26.65,"IMD gridded (rainfall 0.25 deg, Tmax 1 deg)",REAL_GOVERNMENT
2023-11-30,0.41,26.79,0.0,26.75,"IMD gridded (rainfall 0.25 deg, Tmax 1 deg)",REAL_GOVERNMENT
2023-12-01,0.38,25.09,0.0,25.17,"IMD gridded (rainfall 0.25 deg, Tmax 1 deg)",REAL_GOVERNMENT
2023-12-02,0.06,27.58,0.0,28.06,"IMD gridded (rainfall 0.25 deg, Tmax 1 deg)",REAL_GOVERNMENT
2023-12-03,0.0,28.7,0.0,28.66,"IMD gridded (rainfall 0.25 deg, Tmax 1 deg)",REAL_GOVERNMENT
2023-12-04,0.0,27.91,0.0,27.93,"IMD gridded (rainfall 0.25 deg, Tmax 1 deg)",REAL_GOVERNMENT
2023-12-05,0.96,25.38,0.55,26.15,"IMD gridded (rainfall 0.25 deg, Tmax 1 deg)",REAL_GOVERNMENT
2023-12-06,3.79,22.69,3.94,22.32,"IMD gridded (rainfall 0.25 deg, Tmax 1 deg)",REAL_GOVERNMENT
2023-12-07,9.84,23.51,6.3,23.62,"IMD gridded (rainfall 0.25 deg, Tmax 1 deg)",REAL_GOVERNMENT
2023-12-08,0.54,24.64,1.31,24.64,"IMD gridded (rainfall 0.25 deg, Tmax 1 deg)",REAL_GOVERNMENT
2023-12-09,0.0,25.88,0.0,26.02,"IMD gridded (rainfall 0.25 deg, Tmax 1 deg)",REAL_GOVERNMENT
2023-12-10,0.0,25.99,0.0,26.25,"IMD gridded (rainfall 0.25 deg, Tmax 1 deg)",REAL_GOVERNMENT
2023-12-11,0.0,26.5,0.0,26.71,"IMD gridded (rainfall 0.25 deg, Tmax 1 deg)",REAL_GOVERNMENT
2023-12-12,0.0,26.46,0.0,26.78,"IMD gridded (rainfall 0.25 deg, Tmax 1 deg)",REAL_GOVERNMENT
2023-12-13,0.0,26.26,0.0,26.62,"IMD gridded (rainfall 0.25 deg, Tmax 1 deg)",REAL_GOVERNMENT
2023-12-14,0.0,26.9,0.0,27.01,"IMD gridded (rainfall 0.25 deg, Tmax 1 deg)",REAL_GOVERNMENT
2023-12-15,0.0,26.64,0.0,26.65,"IMD gridded (rainfall 0.25 deg, Tmax 1 deg)",REAL_GOVERNMENT
2023-12-16,0.0,25.97,0.0,25.99,"IMD gridded (rainfall 0.25 deg, Tmax 1 deg)",REAL_GOVERNMENT
2023-12-17,0.0,25.25,0.0,25.46,"IMD gridded (rainfall 0.25 deg, Tmax 1 deg)",REAL_GOVERNMENT
2023-12-18,0.0,24.06,0.0,24.2,"IMD gridded (rainfall 0.25 deg, Tmax 1 deg)",REAL_GOVERNMENT
2023-12-19,0.0,23.5,0.0,23.68,"IMD gridded (rainfall 0.25 deg, Tmax 1 deg)",REAL_GOVERNMENT
2023-12-20,0.0,24.55,0.0,24.44,"IMD gridded (rainfall 0.25 deg, Tmax 1 deg)",REAL_GOVERNMENT
2023-12-21,0.0,26.11,0.0,26.32,"IMD gridded (rainfall 0.25 deg, Tmax 1 deg)",REAL_GOVERNMENT
2023-12-22,0.0,26.62,0.0,26.94,"IMD gridded (rainfall 0.25 deg, Tmax 1 deg)",REAL_GOVERNMENT
2023-12-23,0.0,27.91,0.0,28.0,"IMD gridded (rainfall 0.25 deg, Tmax 1 deg)",REAL_GOVERNMENT
2023-12-24,0.0,28.19,0.0,28.14,"IMD gridded (rainfall 0.25 deg, Tmax 1 deg)",REAL_GOVERNMENT
2023-12-25,0.0,28.65,0.0,28.65,"IMD gridded (rainfall 0.25 deg, Tmax 1 deg)",REAL_GOVERNMENT
2023-12-26,0.0,28.57,0.0,28.65,"IMD gridded (rainfall 0.25 deg, Tmax 1 deg)",REAL_GOVERNMENT
2023-12-27,0.0,28.39,0.0,28.49,"IMD gridded (rainfall 0.25 deg, Tmax 1 deg)",REAL_GOVERNMENT
2023-12-28,0.0,27.75,0.0,27.86,"IMD gridded (rainfall 0.25 deg, Tmax 1 deg)",REAL_GOVERNMENT
2023-12-29,0.0,26.96,0.0,27.21,"IMD gridded (rainfall 0.25 deg, Tmax 1 deg)",REAL_GOVERNMENT
2023-12-30,0.0,26.88,0.0,27.25,"IMD gridded (rainfall 0.25 deg, Tmax 1 deg)",REAL_GOVERNMENT
2023-12-31,0.0,27.16,0.0,27.47,"IMD gridded (rainfall 0.25 deg, Tmax 1 deg)",REAL_GOVERNMENT
2024-01-01,0.0,26.59,0.0,27.27,"IMD gridded (rainfall 0.25 deg, Tmax 1 deg)",REAL_GOVERNMENT
2024-01-02,0.0,27.07,0.0,27.66,"IMD gridded (rainfall 0.25 deg, Tmax 1 deg)",REAL_GOVERNMENT
2024-01-03,0.0,25.92,0.0,26.3,"IMD gridded (rainfall 0.25 deg, Tmax 1 deg)",REAL_GOVERNMENT
2024-01-04,0.0,24.21,0.0,24.86,"IMD gridded (rainfall 0.25 deg, Tmax 1 deg)",REAL_GOVERNMENT
2024-01-05,0.01,24.48,0.0,24.82,"IMD gridded (rainfall 0.25 deg, Tmax 1 deg)",REAL_GOVERNMENT
2024-01-06,1.46,22.62,0.0,23.06,"IMD gridded (rainfall 0.25 deg, Tmax 1 deg)",REAL_GOVERNMENT
2024-01-07,1.17,23.1,0.0,23.86,"IMD gridded (rainfall 0.25 deg, Tmax 1 deg)",REAL_GOVERNMENT
2024-01-08,0.0,26.46,0.0,26.7,"IMD gridded (rainfall 0.25 deg, Tmax 1 deg)",REAL_GOVERNMENT
2024-01-09,0.0,28.2,0.0,28.64,"IMD gridded (rainfall 0.25 deg, Tmax 1 deg)",REAL_GOVERNMENT
2024-01-10,0.01,23.82,0.0,24.75,"IMD gridded (rainfall 0.25 deg, Tmax 1 deg)",REAL_GOVERNMENT
2024-01-11,0.01,26.44,0.0,27.32,"IMD gridded (rainfall 0.25 deg, Tmax 1 deg)",REAL_GOVERNMENT
2024-01-12,0.0,27.64,0.0,28.27,"IMD gridded (rainfall 0.25 deg, Tmax 1 deg)",REAL_GOVERNMENT
2024-01-13,0.0,28.38,0.0,28.74,"IMD gridded (rainfall 0.25 deg, Tmax 1 deg)",REAL_GOVERNMENT
2024-01-14,0.0,28.17,0.0,28.69,"IMD gridded (rainfall 0.25 deg, Tmax 1 deg)",REAL_GOVERNMENT
2024-01-15,0.0,26.35,0.0,26.95,"IMD gridded (rainfall 0.25 deg, Tmax 1 deg)",REAL_GOVERNMENT
2024-01-16,0.0,26.9,0.0,27.46,"IMD gridded (rainfall 0.25 deg, Tmax 1 deg)",REAL_GOVERNMENT
2024-01-17,0.0,26.98,0.0,27.74,"IMD gridded (rainfall 0.25 deg, Tmax 1 deg)",REAL_GOVERNMENT
2024-01-18,0.4,24.95,1.36,25.63,"IMD gridded (rainfall 0.25 deg, Tmax 1 deg)",REAL_GOVERNMENT
2024-01-19,0.68,24.25,1.83,25.33,"IMD gridded (rainfall 0.25 deg, Tmax 1 deg)",REAL_GOVERNMENT
2024-01-20,0.0,23.63,0.0,24.69,"IMD gridded (rainfall 0.25 deg, Tmax 1 deg)",REAL_GOVERNMENT
2024-01-21,1.07,24.65,1.4,25.45,"IMD gridded (rainfall 0.25 deg, Tmax 1 deg)",REAL_GOVERNMENT
2024-01-22,0.02,26.01,0.0,26.68,"IMD gridded (rainfall 0.25 deg, Tmax 1 deg)",REAL_GOVERNMENT
2024-01-23,1.37,24.45,1.02,25.66,"IMD gridded (rainfall 0.25 deg, Tmax 1 deg)",REAL_GOVERNMENT
2024-01-24,0.68,25.13,0.29,25.97,"IMD gridded (rainfall 0.25 deg, Tmax 1 deg)",REAL_GOVERNMENT
2024-01-25,0.0,25.45,0.0,25.95,"IMD gridded (rainfall 0.25 deg, Tmax 1 deg)",REAL_GOVERNMENT
2024-01-26,0.0,27.01,0.0,27.55,"IMD gridded (rainfall 0.25 deg, Tmax 1 deg)",REAL_GOVERNMENT
2024-01-27,0.0,27.22,0.0,27.67,"IMD gridded (rainfall 0.25 deg, Tmax 1 deg)",REAL_GOVERNMENT
2024-01-28,0.0,28.69,0.0,28.87,"IMD gridded (rainfall 0.25 deg, Tmax 1 deg)",REAL_GOVERNMENT
2024-01-29,0.0,28.81,0.0,29.0,"IMD gridded (rainfall 0.25 deg, Tmax 1 deg)",REAL_GOVERNMENT
2024-01-30,0.0,28.09,0.0,28.19,"IMD gridded (rainfall 0.25 deg, Tmax 1 deg)",REAL_GOVERNMENT
2024-01-31,0.0,27.7,0.0,27.95,"IMD gridded (rainfall 0.25 deg, Tmax 1 deg)",REAL_GOVERNMENT
2024-02-01,0.0,28.26,0.0,28.6,"IMD gridded (rainfall 0.25 deg, Tmax 1 deg)",REAL_GOVERNMENT
2024-02-02,0.51,28.16,0.22,28.71,"IMD gridded (rainfall 0.25 deg, Tmax 1 deg)",REAL_GOVERNMENT
2024-02-03,0.0,28.79,0.0,29.17,"IMD gridded (rainfall 0.25 deg, Tmax 1 deg)",REAL_GOVERNMENT
2024-02-04,0.0,30.78,0.0,31.36,"IMD gridded (rainfall 0.25 deg, Tmax 1 deg)",REAL_GOVERNMENT
2024-02-05,0.0,30.81,0.0,31.35,"IMD gridded (rainfall 0.25 deg, Tmax 1 deg)",REAL_GOVERNMENT
2024-02-06,0.0,28.51,0.0,29.28,"IMD gridded (rainfall 0.25 deg, Tmax 1 deg)",REAL_GOVERNMENT
2024-02-07,0.0,28.35,0.0,29.01,"IMD gridded (rainfall 0.25 deg, Tmax 1 deg)",REAL_GOVERNMENT
2024-02-08,0.0,26.44,0.0,27.07,"IMD gridded (rainfall 0.25 deg, Tmax 1 deg)",REAL_GOVERNMENT
2024-02-09,0.0,27.83,0.0,28.42,"IMD gridded (rainfall 0.25 deg, Tmax 1 deg)",REAL_GOVERNMENT
2024-02-10,0.0,27.95,0.0,28.36,"IMD gridded (rainfall 0.25 deg, Tmax 1 deg)",REAL_GOVERNMENT
2024-02-11,0.47,27.28,0.0,28.05,"IMD gridded (rainfall 0.25 deg, Tmax 1 deg)",REAL_GOVERNMENT
2024-02-12,5.98,28.77,0.0,29.24,"IMD gridded (rainfall 0.25 deg, Tmax 1 deg)",REAL_GOVERNMENT
2024-02-13,0.14,28.81,0.0,29.18,"IMD gridded (rainfall 0.25 deg, Tmax 1 deg)",REAL_GOVERNMENT
2024-02-14,0.01,28.76,0.0,29.21,"IMD gridded (rainfall 0.25 deg, Tmax 1 deg)",REAL_GOVERNMENT
2024-02-15,0.0,28.71,0.0,29.48,"IMD gridded (rainfall 0.25 deg, Tmax 1 deg)",REAL_GOVERNMENT
2024-02-16,0.18,30.11,0.0,30.87,"IMD gridded (rainfall 0.25 deg, Tmax 1 deg)",REAL_GOVERNMENT
2024-02-17,0.8,31.44,0.0,31.93,"IMD gridded (rainfall 0.25 deg, Tmax 1 deg)",REAL_GOVERNMENT
2024-02-18,0.0,32.35,0.0,32.87,"IMD gridded (rainfall 0.25 deg, Tmax 1 deg)",REAL_GOVERNMENT
2024-02-19,0.0,32.26,0.0,32.69,"IMD gridded (rainfall 0.25 deg, Tmax 1 deg)",REAL_GOVERNMENT
2024-02-20,0.0,32.92,0.0,33.35,"IMD gridded (rainfall 0.25 deg, Tmax 1 deg)",REAL_GOVERNMENT
2024-02-21,0.0,31.43,0.0,31.9,"IMD gridded (rainfall 0.25 deg, Tmax 1 deg)",REAL_GOVERNMENT
2024-02-22,0.0,29.54,0.0,30.05,"IMD gridded (rainfall 0.25 deg, Tmax 1 deg)",REAL_GOVERNMENT
2024-02-23,0.0,28.57,0.0,29.15,"IMD gridded (rainfall 0.25 deg, Tmax 1 deg)",REAL_GOVERNMENT
2024-02-24,0.0,29.2,0.0,29.74,"IMD gridded (rainfall 0.25 deg, Tmax 1 deg)",REAL_GOVERNMENT
2024-02-25,0.0,29.37,0.0,29.96,"IMD gridded (rainfall 0.25 deg, Tmax 1 deg)",REAL_GOVERNMENT
2024-02-26,0.0,29.17,0.0,30.1,"IMD gridded (rainfall 0.25 deg, Tmax 1 deg)",REAL_GOVERNMENT
2024-02-27,1.49,29.97,0.0,30.69,"IMD gridded (rainfall 0.25 deg, Tmax 1 deg)",REAL_GOVERNMENT
2024-02-28,0.74,30.15,0.0,30.96,"IMD gridded (rainfall 0.25 deg, Tmax 1 deg)",REAL_GOVERNMENT
2024-02-29,0.19,31.85,0.0,32.1,"IMD gridded (rainfall 0.25 deg, Tmax 1 deg)",REAL_GOVERNMENT
2024-03-01,0.08,35.2,0.0,36.03,"IMD gridded (rainfall 0.25 deg, Tmax 1 deg)",REAL_GOVERNMENT
2024-03-02,0.06,28.7,0.0,29.56,"IMD gridded (rainfall 0.25 deg, Tmax 1 deg)",REAL_GOVERNMENT
2024-03-03,0.38,30.63,0.0,31.6,"IMD gridded (rainfall 0.25 deg, Tmax 1 deg)",REAL_GOVERNMENT
2024-03-04,0.22,29.93,0.0,30.6,"IMD gridded (rainfall 0.25 deg, Tmax 1 deg)",REAL_GOVERNMENT
2024-03-05,0.12,30.59,0.0,31.56,"IMD gridded (rainfall 0.25 deg, Tmax 1 deg)",REAL_GOVERNMENT
2024-03-06,0.0,31.88,0.0,32.7,"IMD gridded (rainfall 0.25 deg, Tmax 1 deg)",REAL_GOVERNMENT
2024-03-07,0.43,31.77,0.16,32.55,"IMD gridded (rainfall 0.25 deg, Tmax 1 deg)",REAL_GOVERNMENT
2024-03-08,0.0,32.06,0.0,32.9,"IMD gridded (rainfall 0.25 deg, Tmax 1 deg)",REAL_GOVERNMENT
2024-03-09,0.0,32.95,0.0,33.68,"IMD gridded (rainfall 0.25 deg, Tmax 1 deg)",REAL_GOVERNMENT
2024-03-10,0.0,34.28,0.0,34.84,"IMD gridded (rainfall 0.25 deg, Tmax 1 deg)",REAL_GOVERNMENT
2024-03-11,0.0,34.44,0.0,34.77,"IMD gridded (rainfall 0.25 deg, Tmax 1 deg)",REAL_GOVERNMENT
2024-03-12,0.0,35.23,0.0,35.48,"IMD gridded (rainfall 0.25 deg, Tmax 1 deg)",REAL_GOVERNMENT
2024-03-13,0.0,35.35,0.0,35.54,"IMD gridded (rainfall 0.25 deg, Tmax 1 deg)",REAL_GOVERNMENT
2024-03-14,0.0,35.07,0.0,35.39,"IMD gridded (rainfall 0.25 deg, Tmax 1 deg)",REAL_GOVERNMENT
2024-03-15,0.0,35.15,0.0,35.72,"IMD gridded (rainfall 0.25 deg, Tmax 1 deg)",REAL_GOVERNMENT
2024-03-16,0.0,34.09,0.0,34.38,"IMD gridded (rainfall 0.25 deg, Tmax 1 deg)",REAL_GOVERNMENT
2024-03-17,2.55,33.31,7.62,33.52,"IMD gridded (rainfall 0.25 deg, Tmax 1 deg)",REAL_GOVERNMENT
2024-03-18,3.88,32.8,12.1,33.24,"IMD gridded (rainfall 0.25 deg, Tmax 1 deg)",REAL_GOVERNMENT
2024-03-19,12.93,31.44,21.04,32.04,"IMD gridded (rainfall 0.25 deg, Tmax 1 deg)",REAL_GOVERNMENT
2024-03-20,5.32,32.26,0.87,32.57,"IMD gridded (rainfall 0.25 deg, Tmax 1 deg)",REAL_GOVERNMENT
2024-03-21,0.29,33.36,0.68,33.94,"IMD gridded (rainfall 0.25 deg, Tmax 1 deg)",REAL_GOVERNMENT
2024-03-22,0.0,35.49,0.0,36.03,"IMD gridded (rainfall 0.25 deg, Tmax 1 deg)",REAL_GOVERNMENT
2024-03-23,0.0,36.75,0.0,36.98,"IMD gridded (rainfall 0.25 deg, Tmax 1 deg)",REAL_GOVERNMENT
2024-03-24,0.0,37.04,0.0,37.29,"IMD gridded (rainfall 0.25 deg, Tmax 1 deg)",REAL_GOVERNMENT
2024-03-25,0.0,37.06,0.0,37.3,"IMD gridded (rainfall 0.25 deg, Tmax 1 deg)",REAL_GOVERNMENT
2024-03-26,0.08,36.9,0.0,37.22,"IMD gridded (rainfall 0.25 deg, Tmax 1 deg)",REAL_GOVERNMENT
2024-03-27,0.0,38.08,0.0,38.51,"IMD gridded (rainfall 0.25 deg, Tmax 1 deg)",REAL_GOVERNMENT
2024-03-28,0.0,39.07,0.0,39.32,"IMD gridded (rainfall 0.25 deg, Tmax 1 deg)",REAL_GOVERNMENT
2024-03-29,0.0,39.03,0.0,39.06,"IMD gridded (rainfall 0.25 deg, Tmax 1 deg)",REAL_GOVERNMENT
2024-03-30,0.65,37.67,0.0,37.68,"IMD gridded (rainfall 0.25 deg, Tmax 1 deg)",REAL_GOVERNMENT
2024-03-31,2.23,36.91,0.3,36.93,"IMD gridded (rainfall 0.25 deg, Tmax 1 deg)",REAL_GOVERNMENT
2024-04-01,0.0,36.75,0.0,37.02,"IMD gridded (rainfall 0.25 deg, Tmax 1 deg)",REAL_GOVERNMENT
2024-04-02,0.0,38.13,0.0,38.43,"IMD gridded (rainfall 0.25 deg, Tmax 1 deg)",REAL_GOVERNMENT
2024-04-03,0.0,39.06,0.0,39.36,"IMD gridded (rainfall 0.25 deg, Tmax 1 deg)",REAL_GOVERNMENT
2024-04-04,0.0,39.04,0.0,39.22,"IMD gridded (rainfall 0.25 deg, Tmax 1 deg)",REAL_GOVERNMENT
2024-04-05,0.0,38.84,0.0,38.9,"IMD gridded (rainfall 0.25 deg, Tmax 1 deg)",REAL_GOVERNMENT
2024-04-06,0.0,37.96,0.0,38.17,"IMD gridded (rainfall 0.25 deg, Tmax 1 deg)",REAL_GOVERNMENT
2024-04-07,0.02,34.32,0.0,34.79,"IMD gridded (rainfall 0.25 deg, Tmax 1 deg)",REAL_GOVERNMENT
2024-04-08,0.67,34.61,0.0,34.72,"IMD gridded (rainfall 0.25 deg, Tmax 1 deg)",REAL_GOVERNMENT
2024-04-09,3.2,34.9,2.0,34.76,"IMD gridded (rainfall 0.25 deg, Tmax 1 deg)",REAL_GOVERNMENT
2024-04-10,4.43,35.11,2.44,35.17,"IMD gridded (rainfall 0.25 deg, Tmax 1 deg)",REAL_GOVERNMENT
2024-04-11,14.04,31.24,20.41,31.19,"IMD gridded (rainfall 0.25 deg, Tmax 1 deg)",REAL_GOVERNMENT
2024-04-12,2.35,32.89,2.69,32.66,"IMD gridded (rainfall 0.25 deg, Tmax 1 deg)",REAL_GOVERNMENT
2024-04-13,2.35,32.6,2.72,32.01,"IMD gridded (rainfall 0.25 deg, Tmax 1 deg)",REAL_GOVERNMENT
2024-04-14,0.11,36.09,0.0,36.04,"IMD gridded (rainfall 0.25 deg, Tmax 1 deg)",REAL_GOVERNMENT
2024-04-15,0.71,37.46,2.97,37.31,"IMD gridded (rainfall 0.25 deg, Tmax 1 deg)",REAL_GOVERNMENT
2024-04-16,0.5,38.2,0.0,38.06,"IMD gridded (rainfall 0.25 deg, Tmax 1 deg)",REAL_GOVERNMENT
2024-04-17,0.55,38.41,0.0,38.18,"IMD gridded (rainfall 0.25 deg, Tmax 1 deg)",REAL_GOVERNMENT
2024-04-18,0.0,39.54,0.0,39.65,"IMD gridded (rainfall 0.25 deg, Tmax 1 deg)",REAL_GOVERNMENT
2024-04-19,0.0,40.26,0.0,40.1,"IMD gridded (rainfall 0.25 deg, Tmax 1 deg)",REAL_GOVERNMENT
2024-04-20,0.0,39.33,0.0,39.16,"IMD gridded (rainfall 0.25 deg, Tmax 1 deg)",REAL_GOVERNMENT
2024-04-21,0.01,38.91,0.0,38.58,"IMD gridded (rainfall 0.25 deg, Tmax 1 deg)",REAL_GOVERNMENT
2024-04-22,0.9,34.15,0.0,34.23,"IMD gridded (rainfall 0.25 deg, Tmax 1 deg)",REAL_GOVERNMENT
2024-04-23,5.19,37.39,7.68,37.05,"IMD gridded (rainfall 0.25 deg, Tmax 1 deg)",REAL_GOVERNMENT
2024-04-24,3.46,38.54,2.93,38.14,"IMD gridded (rainfall 0.25 deg, Tmax 1 deg)",REAL_GOVERNMENT
2024-04-25,0.17,39.62,0.0,39.34,"IMD gridded (rainfall 0.25 deg, Tmax 1 deg)",REAL_GOVERNMENT
2024-04-26,0.85,38.91,0.0,38.8,"IMD gridded (rainfall 0.25 deg, Tmax 1 deg)",REAL_GOVERNMENT
2024-04-27,0.42,38.6,0.0,38.42,"IMD gridded (rainfall 0.25 deg, Tmax 1 deg)",REAL_GOVERNMENT
2024-04-28,0.53,37.96,0.0,37.84,"IMD gridded (rainfall 0.25 deg, Tmax 1 deg)",REAL_GOVERNMENT
2024-04-29,0.55,39.68,0.0,39.34,"IMD gridded (rainfall 0.25 deg, Tmax 1 deg)",REAL_GOVERNMENT
2024-04-30,0.78,39.7,0.24,39.5,"IMD gridded (rainfall 0.25 deg, Tmax 1 deg)",REAL_GOVERNMENT
2024-05-01,0.0,38.67,0.0,38.44,"IMD gridded (rainfall 0.25 deg, Tmax 1 deg)",REAL_GOVERNMENT
2024-05-02,0.0,38.65,0.0,38.65,"IMD gridded (rainfall 0.25 deg, Tmax 1 deg)",REAL_GOVERNMENT
2024-05-03,0.0,39.76,0.0,39.82,"IMD gridded (rainfall 0.25 deg, Tmax 1 deg)",REAL_GOVERNMENT
2024-05-04,0.0,41.27,0.0,41.21,"IMD gridded (rainfall 0.25 deg, Tmax 1 deg)",REAL_GOVERNMENT
2024-05-05,0.0,41.19,0.0,41.04,"IMD gridded (rainfall 0.25 deg, Tmax 1 deg)",REAL_GOVERNMENT
2024-05-06,0.0,41.42,0.0,41.25,"IMD gridded (rainfall 0.25 deg, Tmax 1 deg)",REAL_GOVERNMENT
2024-05-07,0.18,40.68,0.0,40.87,"IMD gridded (rainfall 0.25 deg, Tmax 1 deg)",REAL_GOVERNMENT
2024-05-08,8.68,39.09,1.01,39.1,"IMD gridded (rainfall 0.25 deg, Tmax 1 deg)",REAL_GOVERNMENT
2024-05-09,4.22,37.01,2.0,36.79,"IMD gridded (rainfall 0.25 deg, Tmax 1 deg)",REAL_GOVERNMENT
2024-05-10,5.75,38.58,0.68,38.43,"IMD gridded (rainfall 0.25 deg, Tmax 1 deg)",REAL_GOVERNMENT
2024-05-11,0.09,38.88,0.0,38.92,"IMD gridded (rainfall 0.25 deg, Tmax 1 deg)",REAL_GOVERNMENT
2024-05-12,0.09,39.18,0.0,39.1,"IMD gridded (rainfall 0.25 deg, Tmax 1 deg)",REAL_GOVERNMENT
2024-05-13,2.58,38.13,0.0,37.95,"IMD gridded (rainfall 0.25 deg, Tmax 1 deg)",REAL_GOVERNMENT
2024-05-14,0.35,39.37,0.0,39.61,"IMD gridded (rainfall 0.25 deg, Tmax 1 deg)",REAL_GOVERNMENT
2024-05-15,1.81,37.43,0.0,37.32,"IMD gridded (rainfall 0.25 deg, Tmax 1 deg)",REAL_GOVERNMENT
2024-05-16,0.53,38.68,0.0,38.25,"IMD gridded (rainfall 0.25 deg, Tmax 1 deg)",REAL_GOVERNMENT
2024-05-17,0.25,35.81,0.0,35.13,"IMD gridded (rainfall 0.25 deg, Tmax 1 deg)",REAL_GOVERNMENT
2024-05-18,0.06,38.97,0.18,38.59,"IMD gridded (rainfall 0.25 deg, Tmax 1 deg)",REAL_GOVERNMENT
2024-05-19,0.0,40.05,0.0,39.85,"IMD gridded (rainfall 0.25 deg, Tmax 1 deg)",REAL_GOVERNMENT
2024-05-20,0.81,40.36,0.0,40.24,"IMD gridded (rainfall 0.25 deg, Tmax 1 deg)",REAL_GOVERNMENT
2024-05-21,0.34,40.65,0.0,40.52,"IMD gridded (rainfall 0.25 deg, Tmax 1 deg)",REAL_GOVERNMENT
2024-05-22,0.27,40.86,0.18,40.65,"IMD gridded (rainfall 0.25 deg, Tmax 1 deg)",REAL_GOVERNMENT
2024-05-23,3.6,40.69,0.0,40.76,"IMD gridded (rainfall 0.25 deg, Tmax 1 deg)",REAL_GOVERNMENT
2024-05-24,0.04,41.03,0.0,41.27,"IMD gridded (rainfall 0.25 deg, Tmax 1 deg)",REAL_GOVERNMENT
2024-05-25,0.11,41.25,0.0,41.3,"IMD gridded (rainfall 0.25 deg, Tmax 1 deg)",REAL_GOVERNMENT
2024-05-26,0.22,42.53,1.23,42.56,"IMD gridded (rainfall 0.25 deg, Tmax 1 deg)",REAL_GOVERNMENT
2024-05-27,0.02,43.0,0.0,42.59,"IMD gridded (rainfall 0.25 deg, Tmax 1 deg)",REAL_GOVERNMENT
2024-05-28,0.0,42.68,0.0,42.14,"IMD gridded (rainfall 0.25 deg, Tmax 1 deg)",REAL_GOVERNMENT
2024-05-29,0.32,42.72,0.0,42.27,"IMD gridded (rainfall 0.25 deg, Tmax 1 deg)",REAL_GOVERNMENT
2024-05-30,0.0,42.3,0.0,42.06,"IMD gridded (rainfall 0.25 deg, Tmax 1 deg)",REAL_GOVERNMENT
2024-05-31,0.0,42.39,0.0,42.41,"IMD gridded (rainfall 0.25 deg, Tmax 1 deg)",REAL_GOVERNMENT
2024-06-01,0.0,41.91,0.0,41.76,"IMD gridded (rainfall 0.25 deg, Tmax 1 deg)",REAL_GOVERNMENT
2024-06-02,0.0,40.32,0.0,40.5,"IMD gridded (rainfall 0.25 deg, Tmax 1 deg)",REAL_GOVERNMENT
2024-06-03,0.15,40.53,0.0,40.36,"IMD gridded (rainfall 0.25 deg, Tmax 1 deg)",REAL_GOVERNMENT
2024-06-04,0.58,39.65,0.15,39.24,"IMD gridded (rainfall 0.25 deg, Tmax 1 deg)",REAL_GOVERNMENT
2024-06-05,1.6,38.06,0.0,37.47,"IMD gridded (rainfall 0.25 deg, Tmax 1 deg)",REAL_GOVERNMENT
2024-06-06,0.53,40.35,0.0,40.47,"IMD gridded (rainfall 0.25 deg, Tmax 1 deg)",REAL_GOVERNMENT
2024-06-07,0.84,40.91,0.0,40.65,"IMD gridded (rainfall 0.25 deg, Tmax 1 deg)",REAL_GOVERNMENT
2024-06-08,2.97,39.33,0.69,39.38,"IMD gridded (rainfall 0.25 deg, Tmax 1 deg)",REAL_GOVERNMENT
2024-06-09,3.1,40.0,0.0,39.88,"IMD gridded (rainfall 0.25 deg, Tmax 1 deg)",REAL_GOVERNMENT
2024-06-10,0.24,38.87,0.0,38.73,"IMD gridded (rainfall 0.25 deg, Tmax 1 deg)",REAL_GOVERNMENT
2024-06-11,1.08,39.49,0.0,39.48,"IMD gridded (rainfall 0.25 deg, Tmax 1 deg)",REAL_GOVERNMENT
2024-06-12,1.59,37.82,0.0,37.22,"IMD gridded (rainfall 0.25 deg, Tmax 1 deg)",REAL_GOVERNMENT
2024-06-13,1.07,38.42,5.25,38.05,"IMD gridded (rainfall 0.25 deg, Tmax 1 deg)",REAL_GOVERNMENT
2024-06-14,0.02,39.77,0.0,39.65,"IMD gridded (rainfall 0.25 deg, Tmax 1 deg)",REAL_GOVERNMENT
2024-06-15,0.33,39.51,0.0,39.29,"IMD gridded (rainfall 0.25 deg, Tmax 1 deg)",REAL_GOVERNMENT
2024-06-16,1.96,38.68,0.24,38.52,"IMD gridded (rainfall 0.25 deg, Tmax 1 deg)",REAL_GOVERNMENT
2024-06-17,0.85,38.08,0.0,38.31,"IMD gridded (rainfall 0.25 deg, Tmax 1 deg)",REAL_GOVERNMENT
2024-06-18,3.47,37.59,0.0,37.56,"IMD gridded (rainfall 0.25 deg, Tmax 1 deg)",REAL_GOVERNMENT
2024-06-19,6.78,34.4,6.7,34.34,"IMD gridded (rainfall 0.25 deg, Tmax 1 deg)",REAL_GOVERNMENT
2024-06-20,8.04,35.22,10.69,35.03,"IMD gridded (rainfall 0.25 deg, Tmax 1 deg)",REAL_GOVERNMENT
2024-06-21,8.55,34.0,7.16,34.1,"IMD gridded (rainfall 0.25 deg, Tmax 1 deg)",REAL_GOVERNMENT
2024-06-22,10.67,32.27,6.85,32.08,"IMD gridded (rainfall 0.25 deg, Tmax 1 deg)",REAL_GOVERNMENT
2024-06-23,11.58,33.04,1.36,32.75,"IMD gridded (rainfall 0.25 deg, Tmax 1 deg)",REAL_GOVERNMENT
2024-06-24,9.44,33.87,7.2,33.79,"IMD gridded (rainfall 0.25 deg, Tmax 1 deg)",REAL_GOVERNMENT
2024-06-25,0.26,35.27,0.0,35.24,"IMD gridded (rainfall 0.25 deg, Tmax 1 deg)",REAL_GOVERNMENT
2024-06-26,0.26,35.99,0.0,35.82,"IMD gridded (rainfall 0.25 deg, Tmax 1 deg)",REAL_GOVERNMENT
2024-06-27,4.67,34.13,1.75,33.92,"IMD gridded (rainfall 0.25 deg, Tmax 1 deg)",REAL_GOVERNMENT
2024-06-28,12.24,32.33,1.32,31.96,"IMD gridded (rainfall 0.25 deg, Tmax 1 deg)",REAL_GOVERNMENT
2024-06-29,16.96,31.17,34.89,31.26,"IMD gridded (rainfall 0.25 deg, Tmax 1 deg)",REAL_GOVERNMENT
2024-06-30,19.12,30.27,20.44,30.15,"IMD gridded (rainfall 0.25 deg, Tmax 1 deg)",REAL_GOVERNMENT
2024-07-01,14.49,28.79,0.91,29.1,"IMD gridded (rainfall 0.25 deg, Tmax 1 deg)",REAL_GOVERNMENT
2024-07-02,12.76,28.65,6.39,28.88,"IMD gridded (rainfall 0.25 deg, Tmax 1 deg)",REAL_GOVERNMENT
2024-07-03,2.03,31.72,0.77,32.06,"IMD gridded (rainfall 0.25 deg, Tmax 1 deg)",REAL_GOVERNMENT
2024-07-04,12.67,30.15,10.1,30.42,"IMD gridded (rainfall 0.25 deg, Tmax 1 deg)",REAL_GOVERNMENT
2024-07-05,15.96,31.51,18.77,31.47,"IMD gridded (rainfall 0.25 deg, Tmax 1 deg)",REAL_GOVERNMENT
2024-07-06,12.95,31.04,15.89,31.04,"IMD gridded (rainfall 0.25 deg, Tmax 1 deg)",REAL_GOVERNMENT
2024-07-07,14.43,31.77,14.03,31.53,"IMD gridded (rainfall 0.25 deg, Tmax 1 deg)",REAL_GOVERNMENT
2024-07-08,11.06,32.62,27.59,32.46,"IMD gridded (rainfall 0.25 deg, Tmax 1 deg)",REAL_GOVERNMENT
2024-07-09,8.67,32.74,11.97,32.3,"IMD gridded (rainfall 0.25 deg, Tmax 1 deg)",REAL_GOVERNMENT
2024-07-10,10.91,32.97,11.27,32.66,"IMD gridded (rainfall 0.25 deg, Tmax 1 deg)",REAL_GOVERNMENT
2024-07-11,3.83,31.64,0.0,31.52,"IMD gridded (rainfall 0.25 deg, Tmax 1 deg)",REAL_GOVERNMENT
2024-07-12,14.26,31.51,21.16,31.61,"IMD gridded (rainfall 0.25 deg, Tmax 1 deg)",REAL_GOVERNMENT
2024-07-13,14.85,30.8,17.52,30.65,"IMD gridded (rainfall 0.25 deg, Tmax 1 deg)",REAL_GOVERNMENT
2024-07-14,13.13,31.55,25.59,31.27,"IMD gridded (rainfall 0.25 deg, Tmax 1 deg)",REAL_GOVERNMENT
2024-07-15,7.94,31.68,2.93,31.53,"IMD gridded (rainfall 0.25 deg, Tmax 1 deg)",REAL_GOVERNMENT
2024-07-16,7.82,31.77,5.9,31.5,"IMD gridded (rainfall 0.25 deg, Tmax 1 deg)",REAL_GOVERNMENT
2024-07-17,6.88,30.69,16.34,30.05,"IMD gridded (rainfall 0.25 deg, Tmax 1 deg)",REAL_GOVERNMENT
2024-07-18,17.09,31.26,3.18,31.1,"IMD gridded (rainfall 0.25 deg, Tmax 1 deg)",REAL_GOVERNMENT
2024-07-19,7.12,31.34,6.76,31.03,"IMD gridded (rainfall 0.25 deg, Tmax 1 deg)",REAL_GOVERNMENT
2024-07-20,33.09,29.96,11.22,29.3,"IMD gridded (rainfall 0.25 deg, Tmax 1 deg)",REAL_GOVERNMENT
2024-07-21,63.79,30.67,59.09,30.39,"IMD gridded (rainfall 0.25 deg, Tmax 1 deg)",REAL_GOVERNMENT
2024-07-22,32.51,28.79,33.97,28.36,"IMD gridded (rainfall 0.25 deg, Tmax 1 deg)",REAL_GOVERNMENT
2024-07-23,48.08,27.73,51.59,27.65,"IMD gridded (rainfall 0.25 deg, Tmax 1 deg)",REAL_GOVERNMENT
2024-07-24,22.19,26.54,31.28,26.17,"IMD gridded (rainfall 0.25 deg, Tmax 1 deg)",REAL_GOVERNMENT
2024-07-25,10.28,27.74,7.09,27.29,"IMD gridded (rainfall 0.25 deg, Tmax 1 deg)",REAL_GOVERNMENT
2024-07-26,6.15,27.7,3.35,27.68,"IMD gridded (rainfall 0.25 deg, Tmax 1 deg)",REAL_GOVERNMENT
2024-07-27,15.05,28.21,6.26,27.91,"IMD gridded (rainfall 0.25 deg, Tmax 1 deg)",REAL_GOVERNMENT
2024-07-28,37.66,27.61,56.67,27.18,"IMD gridded (rainfall 0.25 deg, Tmax 1 deg)",REAL_GOVERNMENT
2024-07-29,15.67,28.5,19.27,28.23,"IMD gridded (rainfall 0.25 deg, Tmax 1 deg)",REAL_GOVERNMENT
2024-07-30,0.87,30.27,1.85,30.5,"IMD gridded (rainfall 0.25 deg, Tmax 1 deg)",REAL_GOVERNMENT
2024-07-31,3.16,29.37,4.81,29.6,"IMD gridded (rainfall 0.25 deg, Tmax 1 deg)",REAL_GOVERNMENT
2024-08-01,17.0,27.32,7.95,27.41,"IMD gridded (rainfall 0.25 deg, Tmax 1 deg)",REAL_GOVERNMENT
2024-08-02,19.22,26.99,17.54,27.1,"IMD gridded (rainfall 0.25 deg, Tmax 1 deg)",REAL_GOVERNMENT
2024-08-03,23.67,26.77,35.76,26.58,"IMD gridded (rainfall 0.25 deg, Tmax 1 deg)",REAL_GOVERNMENT
2024-08-04,27.44,26.62,24.21,27.1,"IMD gridded (rainfall 0.25 deg, Tmax 1 deg)",REAL_GOVERNMENT
2024-08-05,7.9,30.51,10.73,30.48,"IMD gridded (rainfall 0.25 deg, Tmax 1 deg)",REAL_GOVERNMENT
2024-08-06,5.73,30.17,5.66,30.38,"IMD gridded (rainfall 0.25 deg, Tmax 1 deg)",REAL_GOVERNMENT
2024-08-07,15.53,27.95,31.37,27.81,"IMD gridded (rainfall 0.25 deg, Tmax 1 deg)",REAL_GOVERNMENT
2024-08-08,35.52,27.39,79.33,27.62,"IMD gridded (rainfall 0.25 deg, Tmax 1 deg)",REAL_GOVERNMENT
2024-08-09,6.75,27.78,7.14,28.26,"IMD gridded (rainfall 0.25 deg, Tmax 1 deg)",REAL_GOVERNMENT
2024-08-10,6.46,28.35,8.11,28.22,"IMD gridded (rainfall 0.25 deg, Tmax 1 deg)",REAL_GOVERNMENT
2024-08-11,2.65,28.86,5.4,28.9,"IMD gridded (rainfall 0.25 deg, Tmax 1 deg)",REAL_GOVERNMENT
2024-08-12,7.49,30.27,2.53,30.37,"IMD gridded (rainfall 0.25 deg, Tmax 1 deg)",REAL_GOVERNMENT
2024-08-13,1.66,31.39,0.46,31.64,"IMD gridded (rainfall 0.25 deg, Tmax 1 deg)",REAL_GOVERNMENT
2024-08-14,1.38,30.83,3.23,31.01,"IMD gridded (rainfall 0.25 deg, Tmax 1 deg)",REAL_GOVERNMENT
2024-08-15,15.66,29.57,19.58,29.96,"IMD gridded (rainfall 0.25 deg, Tmax 1 deg)",REAL_GOVERNMENT
2024-08-16,12.51,30.3,6.83,30.4,"IMD gridded (rainfall 0.25 deg, Tmax 1 deg)",REAL_GOVERNMENT
2024-08-17,5.58,30.48,0.0,30.04,"IMD gridded (rainfall 0.25 deg, Tmax 1 deg)",REAL_GOVERNMENT
2024-08-18,2.93,31.2,1.6,31.39,"IMD gridded (rainfall 0.25 deg, Tmax 1 deg)",REAL_GOVERNMENT
2024-08-19,6.87,31.47,0.0,31.57,"IMD gridded (rainfall 0.25 deg, Tmax 1 deg)",REAL_GOVERNMENT
2024-08-20,10.87,31.12,2.16,31.3,"IMD gridded (rainfall 0.25 deg, Tmax 1 deg)",REAL_GOVERNMENT
2024-08-21,1.73,31.19,0.0,31.56,"IMD gridded (rainfall 0.25 deg, Tmax 1 deg)",REAL_GOVERNMENT
2024-08-22,15.21,30.49,8.6,30.76,"IMD gridded (rainfall 0.25 deg, Tmax 1 deg)",REAL_GOVERNMENT
2024-08-23,18.63,30.68,23.58,30.84,"IMD gridded (rainfall 0.25 deg, Tmax 1 deg)",REAL_GOVERNMENT
2024-08-24,4.94,28.01,7.19,28.04,"IMD gridded (rainfall 0.25 deg, Tmax 1 deg)",REAL_GOVERNMENT
2024-08-25,13.73,26.71,8.2,26.79,"IMD gridded (rainfall 0.25 deg, Tmax 1 deg)",REAL_GOVERNMENT
2024-08-26,9.15,29.44,10.26,29.76,"IMD gridded (rainfall 0.25 deg, Tmax 1 deg)",REAL_GOVERNMENT
2024-08-27,0.89,30.93,0.64,31.27,"IMD gridded (rainfall 0.25 deg, Tmax 1 deg)",REAL_GOVERNMENT
2024-08-28,0.15,31.75,0.0,31.9,"IMD gridded (rainfall 0.25 deg, Tmax 1 deg)",REAL_GOVERNMENT
2024-08-29,0.21,31.2,0.0,31.27,"IMD gridded (rainfall 0.25 deg, Tmax 1 deg)",REAL_GOVERNMENT
2024-08-30,4.09,30.76,2.58,30.76,"IMD gridded (rainfall 0.25 deg, Tmax 1 deg)",REAL_GOVERNMENT
2024-08-31,8.57,31.6,2.69,31.43,"IMD gridded (rainfall 0.25 deg, Tmax 1 deg)",REAL_GOVERNMENT
2024-09-01,15.36,31.27,42.78,31.12,"IMD gridded (rainfall 0.25 deg, Tmax 1 deg)",REAL_GOVERNMENT
2024-09-02,4.61,29.94,0.12,29.53,"IMD gridded (rainfall 0.25 deg, Tmax 1 deg)",REAL_GOVERNMENT
2024-09-03,7.44,30.3,10.38,29.84,"IMD gridded (rainfall 0.25 deg, Tmax 1 deg)",REAL_GOVERNMENT
2024-09-04,3.56,31.49,0.0,31.28,"IMD gridded (rainfall 0.25 deg, Tmax 1 deg)",REAL_GOVERNMENT
2024-09-05,15.22,30.78,37.37,30.87,"IMD gridded (rainfall 0.25 deg, Tmax 1 deg)",REAL_GOVERNMENT
2024-09-06,12.35,30.64,34.11,30.67,"IMD gridded (rainfall 0.25 deg, Tmax 1 deg)",REAL_GOVERNMENT
2024-09-07,3.01,31.1,1.26,31.14,"IMD gridded (rainfall 0.25 deg, Tmax 1 deg)",REAL_GOVERNMENT
2024-09-08,6.94,31.07,5.76,30.89,"IMD gridded (rainfall 0.25 deg, Tmax 1 deg)",REAL_GOVERNMENT
2024-09-09,5.08,31.06,2.83,30.87,"IMD gridded (rainfall 0.25 deg, Tmax 1 deg)",REAL_GOVERNMENT
2024-09-10,78.0,27.9,116.19,27.79,"IMD gridded (rainfall 0.25 deg, Tmax 1 deg)",REAL_GOVERNMENT
2024-09-11,63.54,27.52,51.43,27.86,"IMD gridded (rainfall 0.25 deg, Tmax 1 deg)",REAL_GOVERNMENT
2024-09-12,4.21,28.45,0.0,28.48,"IMD gridded (rainfall 0.25 deg, Tmax 1 deg)",REAL_GOVERNMENT
2024-09-13,2.43,29.33,0.68,29.39,"IMD gridded (rainfall 0.25 deg, Tmax 1 deg)",REAL_GOVERNMENT
2024-09-14,1.87,29.79,6.34,29.86,"IMD gridded (rainfall 0.25 deg, Tmax 1 deg)",REAL_GOVERNMENT
2024-09-15,0.53,29.95,1.35,30.09,"IMD gridded (rainfall 0.25 deg, Tmax 1 deg)",REAL_GOVERNMENT
2024-09-16,0.29,30.28,0.0,30.69,"IMD gridded (rainfall 0.25 deg, Tmax 1 deg)",REAL_GOVERNMENT
2024-09-17,10.78,27.94,15.38,28.34,"IMD gridded (rainfall 0.25 deg, Tmax 1 deg)",REAL_GOVERNMENT
2024-09-18,1.62,28.58,1.71,28.81,"IMD gridded (rainfall 0.25 deg, Tmax 1 deg)",REAL_GOVERNMENT
2024-09-19,0.14,31.22,0.0,31.27,"IMD gridded (rainfall 0.25 deg, Tmax 1 deg)",REAL_GOVERNMENT
2024-09-20,0.13,32.86,0.0,32.86,"IMD gridded (rainfall 0.25 deg, Tmax 1 deg)",REAL_GOVERNMENT
2024-09-21,1.8,33.59,0.0,33.65,"IMD gridded (rainfall 0.25 deg, Tmax 1 deg)",REAL_GOVERNMENT
2024-09-22,2.22,32.93,0.0,32.71,"IMD gridded (rainfall 0.25 deg, Tmax 1 deg)",REAL_GOVERNMENT
2024-09-23,3.22,32.86,0.0,32.47,"IMD gridded (rainfall 0.25 deg, Tmax 1 deg)",REAL_GOVERNMENT
2024-09-24,1.66,31.47,0.0,31.21,"IMD gridded (rainfall 0.25 deg, Tmax 1 deg)",REAL_GOVERNMENT
2024-09-25,10.45,30.37,1.04,30.05,"IMD gridded (rainfall 0.25 deg, Tmax 1 deg)",REAL_GOVERNMENT
2024-09-26,11.28,29.82,7.65,29.77,"IMD gridded (rainfall 0.25 deg, Tmax 1 deg)",REAL_GOVERNMENT
2024-09-27,21.21,29.61,27.5,29.52,"IMD gridded (rainfall 0.25 deg, Tmax 1 deg)",REAL_GOVERNMENT
2024-09-28,2.53,30.26,0.82,30.3,"IMD gridded (rainfall 0.25 deg, Tmax 1 deg)",REAL_GOVERNMENT
2024-09-29,0.95,31.99,0.0,31.95,"IMD gridded (rainfall 0.25 deg, Tmax 1 deg)",REAL_GOVERNMENT
2024-09-30,0.05,32.64,0.0,32.31,"IMD gridded (rainfall 0.25 deg, Tmax 1 deg)",REAL_GOVERNMENT
2024-10-01,0.2,32.75,0.0,32.46,"IMD gridded (rainfall 0.25 deg, Tmax 1 deg)",REAL_GOVERNMENT
2024-10-02,0.0,33.97,0.0,33.74,"IMD gridded (rainfall 0.25 deg, Tmax 1 deg)",REAL_GOVERNMENT
2024-10-03,0.0,33.52,0.0,33.37,"IMD gridded (rainfall 0.25 deg, Tmax 1 deg)",REAL_GOVERNMENT
2024-10-04,0.64,33.2,0.0,33.09,"IMD gridded (rainfall 0.25 deg, Tmax 1 deg)",REAL_GOVERNMENT
2024-10-05,0.23,33.1,0.0,32.91,"IMD gridded (rainfall 0.25 deg, Tmax 1 deg)",REAL_GOVERNMENT
2024-10-06,0.17,33.22,0.0,33.31,"IMD gridded (rainfall 0.25 deg, Tmax 1 deg)",REAL_GOVERNMENT
2024-10-07,0.02,33.01,0.0,33.02,"IMD gridded (rainfall 0.25 deg, Tmax 1 deg)",REAL_GOVERNMENT
2024-10-08,0.15,32.44,0.0,32.4,"IMD gridded (rainfall 0.25 deg, Tmax 1 deg)",REAL_GOVERNMENT
2024-10-09,2.23,32.06,0.0,31.97,"IMD gridded (rainfall 0.25 deg, Tmax 1 deg)",REAL_GOVERNMENT
2024-10-10,1.17,31.75,0.0,31.53,"IMD gridded (rainfall 0.25 deg, Tmax 1 deg)",REAL_GOVERNMENT
2024-10-11,0.63,31.55,0.0,31.26,"IMD gridded (rainfall 0.25 deg, Tmax 1 deg)",REAL_GOVERNMENT
2024-10-12,2.58,31.23,0.0,30.83,"IMD gridded (rainfall 0.25 deg, Tmax 1 deg)",REAL_GOVERNMENT
2024-10-13,7.09,31.89,0.0,31.56,"IMD gridded (rainfall 0.25 deg, Tmax 1 deg)",REAL_GOVERNMENT
2024-10-14,0.5,31.73,0.76,31.72,"IMD gridded (rainfall 0.25 deg, Tmax 1 deg)",REAL_GOVERNMENT
2024-10-15,1.05,31.81,0.0,32.0,"IMD gridded (rainfall 0.25 deg, Tmax 1 deg)",REAL_GOVERNMENT
2024-10-16,0.1,31.83,0.0,31.94,"IMD gridded (rainfall 0.25 deg, Tmax 1 deg)",REAL_GOVERNMENT
2024-10-17,0.01,31.81,0.0,31.82,"IMD gridded (rainfall 0.25 deg, Tmax 1 deg)",REAL_GOVERNMENT
2024-10-18,2.83,31.97,0.0,31.88,"IMD gridded (rainfall 0.25 deg, Tmax 1 deg)",REAL_GOVERNMENT
2024-10-19,2.38,32.0,0.0,31.84,"IMD gridded (rainfall 0.25 deg, Tmax 1 deg)",REAL_GOVERNMENT
2024-10-20,0.45,28.97,0.0,28.37,"IMD gridded (rainfall 0.25 deg, Tmax 1 deg)",REAL_GOVERNMENT
2024-10-21,0.01,31.69,0.0,31.21,"IMD gridded (rainfall 0.25 deg, Tmax 1 deg)",REAL_GOVERNMENT
2024-10-22,0.0,31.95,0.0,31.59,"IMD gridded (rainfall 0.25 deg, Tmax 1 deg)",REAL_GOVERNMENT
2024-10-23,0.0,31.35,0.0,31.15,"IMD gridded (rainfall 0.25 deg, Tmax 1 deg)",REAL_GOVERNMENT
2024-10-24,0.0,30.36,0.0,30.25,"IMD gridded (rainfall 0.25 deg, Tmax 1 deg)",REAL_GOVERNMENT
2024-10-25,0.0,31.07,0.0,30.95,"IMD gridded (rainfall 0.25 deg, Tmax 1 deg)",REAL_GOVERNMENT
2024-10-26,0.0,31.22,0.0,31.13,"IMD gridded (rainfall 0.25 deg, Tmax 1 deg)",REAL_GOVERNMENT
2024-10-27,0.0,30.72,0.0,30.57,"IMD gridded (rainfall 0.25 deg, Tmax 1 deg)",REAL_GOVERNMENT
2024-10-28,0.0,31.34,0.0,31.18,"IMD gridded (rainfall 0.25 deg, Tmax 1 deg)",REAL_GOVERNMENT
2024-10-29,0.0,32.56,0.0,32.32,"IMD gridded (rainfall 0.25 deg, Tmax 1 deg)",REAL_GOVERNMENT
2024-10-30,0.32,32.85,0.0,32.68,"IMD gridded (rainfall 0.25 deg, Tmax 1 deg)",REAL_GOVERNMENT
2024-10-31,0.0,33.59,0.0,33.3,"IMD gridded (rainfall 0.25 deg, Tmax 1 deg)",REAL_GOVERNMENT
2024-11-01,0.0,33.22,0.0,33.05,"IMD gridded (rainfall 0.25 deg, Tmax 1 deg)",REAL_GOVERNMENT
2024-11-02,0.0,33.05,0.0,32.92,"IMD gridded (rainfall 0.25 deg, Tmax 1 deg)",REAL_GOVERNMENT
2024-11-03,0.0,32.41,0.0,32.19,"IMD gridded (rainfall 0.25 deg, Tmax 1 deg)",REAL_GOVERNMENT
2024-11-04,0.0,31.79,0.0,31.67,"IMD gridded (rainfall 0.25 deg, Tmax 1 deg)",REAL_GOVERNMENT
2024-11-05,0.0,31.78,0.0,31.65,"IMD gridded (rainfall 0.25 deg, Tmax 1 deg)",REAL_GOVERNMENT
2024-11-06,0.0,30.86,0.0,30.85,"IMD gridded (rainfall 0.25 deg, Tmax 1 deg)",REAL_GOVERNMENT
2024-11-07,0.0,30.94,0.0,30.8,"IMD gridded (rainfall 0.25 deg, Tmax 1 deg)",REAL_GOVERNMENT
2024-11-08,0.0,30.74,0.0,30.5,"IMD gridded (rainfall 0.25 deg, Tmax 1 deg)",REAL_GOVERNMENT
2024-11-09,0.0,30.41,0.0,30.33,"IMD gridded (rainfall 0.25 deg, Tmax 1 deg)",REAL_GOVERNMENT
2024-11-10,0.0,30.15,0.0,30.14,"IMD gridded (rainfall 0.25 deg, Tmax 1 deg)",REAL_GOVERNMENT
2024-11-11,0.0,30.36,0.0,30.24,"IMD gridded (rainfall 0.25 deg, Tmax 1 deg)",REAL_GOVERNMENT
2024-11-12,0.0,30.15,0.0,30.04,"IMD gridded (rainfall 0.25 deg, Tmax 1 deg)",REAL_GOVERNMENT
2024-11-13,0.0,29.95,0.0,29.7,"IMD gridded (rainfall 0.25 deg, Tmax 1 deg)",REAL_GOVERNMENT
2024-11-14,0.0,29.89,0.0,29.84,"IMD gridded (rainfall 0.25 deg, Tmax 1 deg)",REAL_GOVERNMENT
2024-11-15,0.0,29.84,0.0,29.7,"IMD gridded (rainfall 0.25 deg, Tmax 1 deg)",REAL_GOVERNMENT
2024-11-16,0.0,29.53,0.0,29.45,"IMD gridded (rainfall 0.25 deg, Tmax 1 deg)",REAL_GOVERNMENT
2024-11-17,0.0,29.46,0.0,29.26,"IMD gridded (rainfall 0.25 deg, Tmax 1 deg)",REAL_GOVERNMENT
2024-11-18,0.0,28.98,0.0,28.83,"IMD gridded (rainfall 0.25 deg, Tmax 1 deg)",REAL_GOVERNMENT
2024-11-19,0.0,27.99,0.0,28.13,"IMD gridded (rainfall 0.25 deg, Tmax 1 deg)",REAL_GOVERNMENT
2024-11-20,0.0,27.49,0.0,27.41,"IMD gridded (rainfall 0.25 deg, Tmax 1 deg)",REAL_GOVERNMENT
2024-11-21,0.0,26.84,0.0,26.8,"IMD gridded (rainfall 0.25 deg, Tmax 1 deg)",REAL_GOVERNMENT
2024-11-22,0.0,26.79,0.0,26.7,"IMD gridded (rainfall 0.25 deg, Tmax 1 deg)",REAL_GOVERNMENT
2024-11-23,0.0,27.27,0.0,27.27,"IMD gridded (rainfall 0.25 deg, Tmax 1 deg)",REAL_GOVERNMENT
2024-11-24,0.0,27.57,0.0,27.54,"IMD gridded (rainfall 0.25 deg, Tmax 1 deg)",REAL_GOVERNMENT
2024-11-25,0.0,27.55,0.0,27.52,"IMD gridded (rainfall 0.25 deg, Tmax 1 deg)",REAL_GOVERNMENT
2024-11-26,0.0,27.65,0.0,27.63,"IMD gridded (rainfall 0.25 deg, Tmax 1 deg)",REAL_GOVERNMENT
2024-11-27,0.0,27.14,0.0,27.44,"IMD gridded (rainfall 0.25 deg, Tmax 1 deg)",REAL_GOVERNMENT
2024-11-28,0.0,26.32,0.0,26.25,"IMD gridded (rainfall 0.25 deg, Tmax 1 deg)",REAL_GOVERNMENT
2024-11-29,0.0,26.38,0.0,26.49,"IMD gridded (rainfall 0.25 deg, Tmax 1 deg)",REAL_GOVERNMENT
2024-11-30,0.0,26.9,0.0,27.29,"IMD gridded (rainfall 0.25 deg, Tmax 1 deg)",REAL_GOVERNMENT
2024-12-01,0.0,26.56,0.0,26.63,"IMD gridded (rainfall 0.25 deg, Tmax 1 deg)",REAL_GOVERNMENT
2024-12-02,0.0,27.69,0.0,27.9,"IMD gridded (rainfall 0.25 deg, Tmax 1 deg)",REAL_GOVERNMENT
2024-12-03,0.0,28.84,0.0,28.59,"IMD gridded (rainfall 0.25 deg, Tmax 1 deg)",REAL_GOVERNMENT
2024-12-04,0.0,29.41,0.0,29.54,"IMD gridded (rainfall 0.25 deg, Tmax 1 deg)",REAL_GOVERNMENT
2024-12-05,0.0,30.33,0.0,30.54,"IMD gridded (rainfall 0.25 deg, Tmax 1 deg)",REAL_GOVERNMENT
2024-12-06,0.0,28.97,0.0,29.19,"IMD gridded (rainfall 0.25 deg, Tmax 1 deg)",REAL_GOVERNMENT
2024-12-07,0.0,29.11,0.0,29.39,"IMD gridded (rainfall 0.25 deg, Tmax 1 deg)",REAL_GOVERNMENT
2024-12-08,0.0,28.45,0.0,28.83,"IMD gridded (rainfall 0.25 deg, Tmax 1 deg)",REAL_GOVERNMENT
2024-12-09,0.59,26.69,0.0,26.89,"IMD gridded (rainfall 0.25 deg, Tmax 1 deg)",REAL_GOVERNMENT
2024-12-10,0.0,25.06,0.0,25.54,"IMD gridded (rainfall 0.25 deg, Tmax 1 deg)",REAL_GOVERNMENT
2024-12-11,0.0,25.38,0.0,25.82,"IMD gridded (rainfall 0.25 deg, Tmax 1 deg)",REAL_GOVERNMENT
2024-12-12,0.0,26.63,0.0,26.88,"IMD gridded (rainfall 0.25 deg, Tmax 1 deg)",REAL_GOVERNMENT
2024-12-13,0.0,25.29,0.0,25.76,"IMD gridded (rainfall 0.25 deg, Tmax 1 deg)",REAL_GOVERNMENT
2024-12-14,0.0,25.73,0.0,25.87,"IMD gridded (rainfall 0.25 deg, Tmax 1 deg)",REAL_GOVERNMENT
2024-12-15,0.0,26.55,0.0,27.0,"IMD gridded (rainfall 0.25 deg, Tmax 1 deg)",REAL_GOVERNMENT
2024-12-16,0.0,27.11,0.0,27.26,"IMD gridded (rainfall 0.25 deg, Tmax 1 deg)",REAL_GOVERNMENT
2024-12-17,0.0,28.0,0.0,28.06,"IMD gridded (rainfall 0.25 deg, Tmax 1 deg)",REAL_GOVERNMENT
2024-12-18,0.0,27.7,0.0,27.74,"IMD gridded (rainfall 0.25 deg, Tmax 1 deg)",REAL_GOVERNMENT
2024-12-19,0.0,28.73,0.0,28.62,"IMD gridded (rainfall 0.25 deg, Tmax 1 deg)",REAL_GOVERNMENT
2024-12-20,0.0,28.77,0.0,28.97,"IMD gridded (rainfall 0.25 deg, Tmax 1 deg)",REAL_GOVERNMENT
2024-12-21,0.0,26.91,0.0,27.15,"IMD gridded (rainfall 0.25 deg, Tmax 1 deg)",REAL_GOVERNMENT
2024-12-22,0.0,26.5,0.0,26.7,"IMD gridded (rainfall 0.25 deg, Tmax 1 deg)",REAL_GOVERNMENT
2024-12-23,0.0,27.37,0.0,27.43,"IMD gridded (rainfall 0.25 deg, Tmax 1 deg)",REAL_GOVERNMENT
2024-12-24,0.0,27.71,0.0,28.11,"IMD gridded (rainfall 0.25 deg, Tmax 1 deg)",REAL_GOVERNMENT
2024-12-25,0.0,27.53,0.0,28.14,"IMD gridded (rainfall 0.25 deg, Tmax 1 deg)",REAL_GOVERNMENT
2024-12-26,0.0,28.58,0.0,28.65,"IMD gridded (rainfall 0.25 deg, Tmax 1 deg)",REAL_GOVERNMENT
2024-12-27,0.0,28.1,0.0,28.04,"IMD gridded (rainfall 0.25 deg, Tmax 1 deg)",REAL_GOVERNMENT
2024-12-28,0.81,25.29,0.0,25.74,"IMD gridded (rainfall 0.25 deg, Tmax 1 deg)",REAL_GOVERNMENT
2024-12-29,4.97,25.21,2.33,25.8,"IMD gridded (rainfall 0.25 deg, Tmax 1 deg)",REAL_GOVERNMENT
2024-12-30,0.0,24.97,0.0,25.59,"IMD gridded (rainfall 0.25 deg, Tmax 1 deg)",REAL_GOVERNMENT
2024-12-31,0.0,24.51,0.0,25.65,"IMD gridded (rainfall 0.25 deg, Tmax 1 deg)",REAL_GOVERNMENT
2025-01-01,0.0,24.15,0.0,25.41,"IMD gridded (rainfall 0.25 deg, Tmax 1 deg)",REAL_GOVERNMENT
2025-01-02,0.0,26.57,0.0,27.51,"IMD gridded (rainfall 0.25 deg, Tmax 1 deg)",REAL_GOVERNMENT
2025-01-03,0.0,27.34,0.0,28.01,"IMD gridded (rainfall 0.25 deg, Tmax 1 deg)",REAL_GOVERNMENT
2025-01-04,0.0,28.15,0.0,28.49,"IMD gridded (rainfall 0.25 deg, Tmax 1 deg)",REAL_GOVERNMENT
2025-01-05,0.0,27.19,0.0,27.23,"IMD gridded (rainfall 0.25 deg, Tmax 1 deg)",REAL_GOVERNMENT
2025-01-06,0.0,27.72,0.0,28.19,"IMD gridded (rainfall 0.25 deg, Tmax 1 deg)",REAL_GOVERNMENT
2025-01-07,0.0,24.55,0.0,25.06,"IMD gridded (rainfall 0.25 deg, Tmax 1 deg)",REAL_GOVERNMENT
2025-01-08,0.0,24.61,0.0,24.94,"IMD gridded (rainfall 0.25 deg, Tmax 1 deg)",REAL_GOVERNMENT
2025-01-09,0.0,25.87,0.0,26.26,"IMD gridded (rainfall 0.25 deg, Tmax 1 deg)",REAL_GOVERNMENT
2025-01-10,0.0,26.69,0.0,26.98,"IMD gridded (rainfall 0.25 deg, Tmax 1 deg)",REAL_GOVERNMENT
2025-01-11,0.0,27.26,0.0,27.45,"IMD gridded (rainfall 0.25 deg, Tmax 1 deg)",REAL_GOVERNMENT
2025-01-12,0.0,24.07,0.0,24.6,"IMD gridded (rainfall 0.25 deg, Tmax 1 deg)",REAL_GOVERNMENT
2025-01-13,0.01,22.16,0.0,22.9,"IMD gridded (rainfall 0.25 deg, Tmax 1 deg)",REAL_GOVERNMENT
2025-01-14,0.0,24.49,0.0,25.06,"IMD gridded (rainfall 0.25 deg, Tmax 1 deg)",REAL_GOVERNMENT
2025-01-15,0.0,25.91,0.0,26.0,"IMD gridded (rainfall 0.25 deg, Tmax 1 deg)",REAL_GOVERNMENT
2025-01-16,0.0,26.06,0.0,26.64,"IMD gridded (rainfall 0.25 deg, Tmax 1 deg)",REAL_GOVERNMENT
2025-01-17,0.0,24.76,0.0,25.57,"IMD gridded (rainfall 0.25 deg, Tmax 1 deg)",REAL_GOVERNMENT
2025-01-18,0.0,26.75,0.0,27.15,"IMD gridded (rainfall 0.25 deg, Tmax 1 deg)",REAL_GOVERNMENT
2025-01-19,0.0,27.66,0.0,28.09,"IMD gridded (rainfall 0.25 deg, Tmax 1 deg)",REAL_GOVERNMENT
2025-01-20,0.0,28.65,0.0,29.04,"IMD gridded (rainfall 0.25 deg, Tmax 1 deg)",REAL_GOVERNMENT
2025-01-21,0.0,28.9,0.0,29.33,"IMD gridded (rainfall 0.25 deg, Tmax 1 deg)",REAL_GOVERNMENT
2025-01-22,0.0,30.35,0.0,30.83,"IMD gridded (rainfall 0.25 deg, Tmax 1 deg)",REAL_GOVERNMENT
2025-01-23,0.0,29.73,0.0,30.1,"IMD gridded (rainfall 0.25 deg, Tmax 1 deg)",REAL_GOVERNMENT
2025-01-24,0.0,28.97,0.0,29.76,"IMD gridded (rainfall 0.25 deg, Tmax 1 deg)",REAL_GOVERNMENT
2025-01-25,0.0,28.64,0.0,29.46,"IMD gridded (rainfall 0.25 deg, Tmax 1 deg)",REAL_GOVERNMENT
2025-01-26,0.0,28.69,0.0,29.54,"IMD gridded (rainfall 0.25 deg, Tmax 1 deg)",REAL_GOVERNMENT
2025-01-27,0.0,29.17,0.0,30.06,"IMD gridded (rainfall 0.25 deg, Tmax 1 deg)",REAL_GOVERNMENT
2025-01-28,0.0,29.98,0.0,30.83,"IMD gridded (rainfall 0.25 deg, Tmax 1 deg)",REAL_GOVERNMENT
2025-01-29,0.0,31.12,0.0,31.42,"IMD gridded (rainfall 0.25 deg, Tmax 1 deg)",REAL_GOVERNMENT
2025-01-30,0.0,31.57,0.0,31.74,"IMD gridded (rainfall 0.25 deg, Tmax 1 deg)",REAL_GOVERNMENT
2025-01-31,0.0,31.56,0.0,31.66,"IMD gridded (rainfall 0.25 deg, Tmax 1 deg)",REAL_GOVERNMENT
2025-02-01,0.0,31.24,0.0,31.58,"IMD gridded (rainfall 0.25 deg, Tmax 1 deg)",REAL_GOVERNMENT
2025-02-02,0.0,31.55,0.0,32.12,"IMD gridded (rainfall 0.25 deg, Tmax 1 deg)",REAL_GOVERNMENT
2025-02-03,0.0,32.24,0.0,32.68,"IMD gridded (rainfall 0.25 deg, Tmax 1 deg)",REAL_GOVERNMENT
2025-02-04,0.0,33.23,0.0,33.81,"IMD gridded (rainfall 0.25 deg, Tmax 1 deg)",REAL_GOVERNMENT
2025-02-05,0.0,30.63,0.0,31.21,"IMD gridded (rainfall 0.25 deg, Tmax 1 deg)",REAL_GOVERNMENT
2025-02-06,0.0,26.91,0.0,27.13,"IMD gridded (rainfall 0.25 deg, Tmax 1 deg)",REAL_GOVERNMENT
2025-02-07,0.0,27.74,0.0,28.48,"IMD gridded (rainfall 0.25 deg, Tmax 1 deg)",REAL_GOVERNMENT
2025-02-08,0.0,29.78,0.0,30.5,"IMD gridded (rainfall 0.25 deg, Tmax 1 deg)",REAL_GOVERNMENT
2025-02-09,0.0,31.93,0.0,32.33,"IMD gridded (rainfall 0.25 deg, Tmax 1 deg)",REAL_GOVERNMENT
2025-02-10,0.0,32.41,0.0,32.61,"IMD gridded (rainfall 0.25 deg, Tmax 1 deg)",REAL_GOVERNMENT
2025-02-11,0.0,32.54,0.0,32.93,"IMD gridded (rainfall 0.25 deg, Tmax 1 deg)",REAL_GOVERNMENT
2025-02-12,0.0,32.27,0.0,32.69,"IMD gridded (rainfall 0.25 deg, Tmax 1 deg)",REAL_GOVERNMENT
2025-02-13,0.0,28.83,0.0,29.44,"IMD gridded (rainfall 0.25 deg, Tmax 1 deg)",REAL_GOVERNMENT
2025-02-14,0.0,29.94,0.0,30.48,"IMD gridded (rainfall 0.25 deg, Tmax 1 deg)",REAL_GOVERNMENT
2025-02-15,0.0,32.4,0.0,32.95,"IMD gridded (rainfall 0.25 deg, Tmax 1 deg)",REAL_GOVERNMENT
2025-02-16,0.0,33.08,0.0,33.62,"IMD gridded (rainfall 0.25 deg, Tmax 1 deg)",REAL_GOVERNMENT
2025-02-17,0.0,32.83,0.0,33.22,"IMD gridded (rainfall 0.25 deg, Tmax 1 deg)",REAL_GOVERNMENT
2025-02-18,0.0,32.94,0.0,33.46,"IMD gridded (rainfall 0.25 deg, Tmax 1 deg)",REAL_GOVERNMENT
2025-02-19,0.0,31.78,0.0,32.39,"IMD gridded (rainfall 0.25 deg, Tmax 1 deg)",REAL_GOVERNMENT
2025-02-20,0.0,32.57,0.0,33.09,"IMD gridded (rainfall 0.25 deg, Tmax 1 deg)",REAL_GOVERNMENT
2025-02-21,0.0,32.61,0.0,33.24,"IMD gridded (rainfall 0.25 deg, Tmax 1 deg)",REAL_GOVERNMENT
2025-02-22,0.0,30.59,0.0,31.29,"IMD gridded (rainfall 0.25 deg, Tmax 1 deg)",REAL_GOVERNMENT
2025-02-23,0.0,30.99,0.0,31.74,"IMD gridded (rainfall 0.25 deg, Tmax 1 deg)",REAL_GOVERNMENT
2025-02-24,0.0,31.04,0.0,31.76,"IMD gridded (rainfall 0.25 deg, Tmax 1 deg)",REAL_GOVERNMENT
2025-02-25,0.0,31.31,0.0,31.72,"IMD gridded (rainfall 0.25 deg, Tmax 1 deg)",REAL_GOVERNMENT
2025-02-26,0.0,32.17,0.0,33.04,"IMD gridded (rainfall 0.25 deg, Tmax 1 deg)",REAL_GOVERNMENT
2025-02-27,0.0,33.5,0.0,34.1,"IMD gridded (rainfall 0.25 deg, Tmax 1 deg)",REAL_GOVERNMENT
2025-02-28,0.0,34.1,0.0,34.45,"IMD gridded (rainfall 0.25 deg, Tmax 1 deg)",REAL_GOVERNMENT
2025-03-01,0.0,34.83,0.0,35.3,"IMD gridded (rainfall 0.25 deg, Tmax 1 deg)",REAL_GOVERNMENT
2025-03-02,0.0,34.3,0.0,34.91,"IMD gridded (rainfall 0.25 deg, Tmax 1 deg)",REAL_GOVERNMENT
2025-03-03,0.0,33.28,0.0,34.05,"IMD gridded (rainfall 0.25 deg, Tmax 1 deg)",REAL_GOVERNMENT
2025-03-04,0.0,33.65,0.0,34.18,"IMD gridded (rainfall 0.25 deg, Tmax 1 deg)",REAL_GOVERNMENT
2025-03-05,0.0,30.01,0.0,30.68,"IMD gridded (rainfall 0.25 deg, Tmax 1 deg)",REAL_GOVERNMENT
2025-03-06,0.0,30.63,0.0,31.05,"IMD gridded (rainfall 0.25 deg, Tmax 1 deg)",REAL_GOVERNMENT
2025-03-07,0.0,32.95,0.0,33.4,"IMD gridded (rainfall 0.25 deg, Tmax 1 deg)",REAL_GOVERNMENT
2025-03-08,0.0,34.17,0.0,34.89,"IMD gridded (rainfall 0.25 deg, Tmax 1 deg)",REAL_GOVERNMENT
2025-03-09,0.0,34.45,0.0,34.97,"IMD gridded (rainfall 0.25 deg, Tmax 1 deg)",REAL_GOVERNMENT
2025-03-10,0.0,35.01,0.0,35.46,"IMD gridded (rainfall 0.25 deg, Tmax 1 deg)",REAL_GOVERNMENT
2025-03-11,0.0,35.43,0.0,35.38,"IMD gridded (rainfall 0.25 deg, Tmax 1 deg)",REAL_GOVERNMENT
2025-03-12,0.0,37.54,0.0,37.57,"IMD gridded (rainfall 0.25 deg, Tmax 1 deg)",REAL_GOVERNMENT
2025-03-13,0.0,38.17,0.0,38.32,"IMD gridded (rainfall 0.25 deg, Tmax 1 deg)",REAL_GOVERNMENT
2025-03-14,0.0,37.95,0.0,38.19,"IMD gridded (rainfall 0.25 deg, Tmax 1 deg)",REAL_GOVERNMENT
2025-03-15,0.0,38.23,0.0,38.5,"IMD gridded (rainfall 0.25 deg, Tmax 1 deg)",REAL_GOVERNMENT
2025-03-16,0.0,36.54,0.0,36.59,"IMD gridded (rainfall 0.25 deg, Tmax 1 deg)",REAL_GOVERNMENT
2025-03-17,0.0,34.73,0.0,35.0,"IMD gridded (rainfall 0.25 deg, Tmax 1 deg)",REAL_GOVERNMENT
2025-03-18,0.0,35.15,0.0,35.69,"IMD gridded (rainfall 0.25 deg, Tmax 1 deg)",REAL_GOVERNMENT
2025-03-19,0.0,36.26,0.0,36.36,"IMD gridded (rainfall 0.25 deg, Tmax 1 deg)",REAL_GOVERNMENT
2025-03-20,0.01,36.04,0.0,36.03,"IMD gridded (rainfall 0.25 deg, Tmax 1 deg)",REAL_GOVERNMENT
2025-03-21,0.12,33.76,0.0,34.29,"IMD gridded (rainfall 0.25 deg, Tmax 1 deg)",REAL_GOVERNMENT
2025-03-22,0.13,34.87,0.0,35.51,"IMD gridded (rainfall 0.25 deg, Tmax 1 deg)",REAL_GOVERNMENT
2025-03-23,0.03,35.45,0.0,35.99,"IMD gridded (rainfall 0.25 deg, Tmax 1 deg)",REAL_GOVERNMENT
2025-03-24,0.0,35.17,0.0,35.54,"IMD gridded (rainfall 0.25 deg, Tmax 1 deg)",REAL_GOVERNMENT
2025-03-25,0.0,36.6,0.0,37.04,"IMD gridded (rainfall 0.25 deg, Tmax 1 deg)",REAL_GOVERNMENT
2025-03-26,0.0,38.14,0.0,38.51,"IMD gridded (rainfall 0.25 deg, Tmax 1 deg)",REAL_GOVERNMENT
2025-03-27,0.0,38.78,0.0,39.15,"IMD gridded (rainfall 0.25 deg, Tmax 1 deg)",REAL_GOVERNMENT
2025-03-28,0.0,37.55,0.0,37.98,"IMD gridded (rainfall 0.25 deg, Tmax 1 deg)",REAL_GOVERNMENT
2025-03-29,0.0,36.01,0.0,36.45,"IMD gridded (rainfall 0.25 deg, Tmax 1 deg)",REAL_GOVERNMENT
2025-03-30,0.0,37.17,0.0,37.74,"IMD gridded (rainfall 0.25 deg, Tmax 1 deg)",REAL_GOVERNMENT
2025-03-31,0.0,37.24,0.0,37.69,"IMD gridded (rainfall 0.25 deg, Tmax 1 deg)",REAL_GOVERNMENT
2025-04-01,0.0,34.2,0.0,34.33,"IMD gridded (rainfall 0.25 deg, Tmax 1 deg)",REAL_GOVERNMENT
2025-04-02,0.5,32.74,0.0,32.3,"IMD gridded (rainfall 0.25 deg, Tmax 1 deg)",REAL_GOVERNMENT
2025-04-03,0.56,32.27,0.0,31.93,"IMD gridded (rainfall 0.25 deg, Tmax 1 deg)",REAL_GOVERNMENT
2025-04-04,1.03,36.14,0.0,36.25,"IMD gridded (rainfall 0.25 deg, Tmax 1 deg)",REAL_GOVERNMENT
2025-04-05,0.0,38.56,0.0,38.58,"IMD gridded (rainfall 0.25 deg, Tmax 1 deg)",REAL_GOVERNMENT
2025-04-06,0.0,39.73,0.0,39.97,"IMD gridded (rainfall 0.25 deg, Tmax 1 deg)",REAL_GOVERNMENT
2025-04-07,0.0,40.94,0.0,41.06,"IMD gridded (rainfall 0.25 deg, Tmax 1 deg)",REAL_GOVERNMENT
2025-04-08,0.0,40.33,0.0,40.49,"IMD gridded (rainfall 0.25 deg, Tmax 1 deg)",REAL_GOVERNMENT
2025-04-09,0.0,39.58,0.0,39.68,"IMD gridded (rainfall 0.25 deg, Tmax 1 deg)",REAL_GOVERNMENT
2025-04-10,2.99,40.12,0.0,40.38,"IMD gridded (rainfall 0.25 deg, Tmax 1 deg)",REAL_GOVERNMENT
2025-04-11,0.64,39.86,0.54,40.1,"IMD gridded (rainfall 0.25 deg, Tmax 1 deg)",REAL_GOVERNMENT
2025-04-12,0.0,38.18,0.0,38.2,"IMD gridded (rainfall 0.25 deg, Tmax 1 deg)",REAL_GOVERNMENT
2025-04-13,0.05,37.85,0.0,38.28,"IMD gridded (rainfall 0.25 deg, Tmax 1 deg)",REAL_GOVERNMENT
2025-04-14,0.73,38.04,0.16,38.32,"IMD gridded (rainfall 0.25 deg, Tmax 1 deg)",REAL_GOVERNMENT
2025-04-15,0.03,38.84,0.0,39.14,"IMD gridded (rainfall 0.25 deg, Tmax 1 deg)",REAL_GOVERNMENT
2025-04-16,0.07,38.59,0.0,38.88,"IMD gridded (rainfall 0.25 deg, Tmax 1 deg)",REAL_GOVERNMENT
2025-04-17,0.14,39.41,0.0,39.5,"IMD gridded (rainfall 0.25 deg, Tmax 1 deg)",REAL_GOVERNMENT
2025-04-18,0.0,41.08,0.0,41.26,"IMD gridded (rainfall 0.25 deg, Tmax 1 deg)",REAL_GOVERNMENT
2025-04-19,0.03,40.93,0.0,41.22,"IMD gridded (rainfall 0.25 deg, Tmax 1 deg)",REAL_GOVERNMENT
2025-04-20,0.0,41.0,0.0,40.98,"IMD gridded (rainfall 0.25 deg, Tmax 1 deg)",REAL_GOVERNMENT
2025-04-21,0.0,41.55,0.0,41.55,"IMD gridded (rainfall 0.25 deg, Tmax 1 deg)",REAL_GOVERNMENT
2025-04-22,0.0,42.32,0.0,42.41,"IMD gridded (rainfall 0.25 deg, Tmax 1 deg)",REAL_GOVERNMENT
2025-04-23,0.0,42.1,0.0,42.33,"IMD gridded (rainfall 0.25 deg, Tmax 1 deg)",REAL_GOVERNMENT
2025-04-24,0.0,42.01,0.0,42.06,"IMD gridded (rainfall 0.25 deg, Tmax 1 deg)",REAL_GOVERNMENT
2025-04-25,0.0,41.95,0.0,41.97,"IMD gridded (rainfall 0.25 deg, Tmax 1 deg)",REAL_GOVERNMENT
2025-04-26,0.0,39.84,0.0,39.54,"IMD gridded (rainfall 0.25 deg, Tmax 1 deg)",REAL_GOVERNMENT
2025-04-27,0.0,37.94,0.0,37.84,"IMD gridded (rainfall 0.25 deg, Tmax 1 deg)",REAL_GOVERNMENT
2025-04-28,1.75,39.27,2.39,39.49,"IMD gridded (rainfall 0.25 deg, Tmax 1 deg)",REAL_GOVERNMENT
2025-04-29,0.79,40.21,0.91,40.51,"IMD gridded (rainfall 0.25 deg, Tmax 1 deg)",REAL_GOVERNMENT
2025-04-30,0.87,39.65,0.26,40.25,"IMD gridded (rainfall 0.25 deg, Tmax 1 deg)",REAL_GOVERNMENT
2025-05-01,0.0,39.18,0.0,39.24,"IMD gridded (rainfall 0.25 deg, Tmax 1 deg)",REAL_GOVERNMENT
2025-05-02,1.73,39.49,0.79,39.67,"IMD gridded (rainfall 0.25 deg, Tmax 1 deg)",REAL_GOVERNMENT
2025-05-03,0.31,40.05,0.0,40.41,"IMD gridded (rainfall 0.25 deg, Tmax 1 deg)",REAL_GOVERNMENT
2025-05-04,4.68,38.3,4.23,38.5,"IMD gridded (rainfall 0.25 deg, Tmax 1 deg)",REAL_GOVERNMENT
2025-05-05,2.09,37.49,1.77,37.7,"IMD gridded (rainfall 0.25 deg, Tmax 1 deg)",REAL_GOVERNMENT
2025-05-06,1.61,37.14,6.13,37.42,"IMD gridded (rainfall 0.25 deg, Tmax 1 deg)",REAL_GOVERNMENT
2025-05-07,0.21,36.25,0.0,36.35,"IMD gridded (rainfall 0.25 deg, Tmax 1 deg)",REAL_GOVERNMENT
2025-05-08,0.0,35.77,0.0,35.85,"IMD gridded (rainfall 0.25 deg, Tmax 1 deg)",REAL_GOVERNMENT
2025-05-09,0.03,37.12,0.0,37.57,"IMD gridded (rainfall 0.25 deg, Tmax 1 deg)",REAL_GOVERNMENT
2025-05-10,0.08,37.3,0.0,37.15,"IMD gridded (rainfall 0.25 deg, Tmax 1 deg)",REAL_GOVERNMENT
2025-05-11,0.52,37.95,0.0,37.85,"IMD gridded (rainfall 0.25 deg, Tmax 1 deg)",REAL_GOVERNMENT
2025-05-12,0.2,37.27,0.0,37.08,"IMD gridded (rainfall 0.25 deg, Tmax 1 deg)",REAL_GOVERNMENT
2025-05-13,0.02,37.81,0.0,37.49,"IMD gridded (rainfall 0.25 deg, Tmax 1 deg)",REAL_GOVERNMENT
2025-05-14,2.26,38.69,0.0,38.72,"IMD gridded (rainfall 0.25 deg, Tmax 1 deg)",REAL_GOVERNMENT
2025-05-15,0.4,37.61,0.0,37.37,"IMD gridded (rainfall 0.25 deg, Tmax 1 deg)",REAL_GOVERNMENT
2025-05-16,1.05,38.13,0.0,37.78,"IMD gridded (rainfall 0.25 deg, Tmax 1 deg)",REAL_GOVERNMENT
2025-05-17,1.77,38.67,1.34,38.05,"IMD gridded (rainfall 0.25 deg, Tmax 1 deg)",REAL_GOVERNMENT
2025-05-18,3.19,38.74,6.12,38.48,"IMD gridded (rainfall 0.25 deg, Tmax 1 deg)",REAL_GOVERNMENT
2025-05-19,0.12,39.27,0.0,39.18,"IMD gridded (rainfall 0.25 deg, Tmax 1 deg)",REAL_GOVERNMENT
2025-05-20,1.63,39.2,0.0,39.25,"IMD gridded (rainfall 0.25 deg, Tmax 1 deg)",REAL_GOVERNMENT
2025-05-21,0.53,38.5,1.32,38.23,"IMD gridded (rainfall 0.25 deg, Tmax 1 deg)",REAL_GOVERNMENT
2025-05-22,7.48,33.82,5.28,33.11,"IMD gridded (rainfall 0.25 deg, Tmax 1 deg)",REAL_GOVERNMENT
2025-05-23,0.0,34.65,0.0,34.05,"IMD gridded (rainfall 0.25 deg, Tmax 1 deg)",REAL_GOVERNMENT
2025-05-24,0.76,32.5,0.0,31.73,"IMD gridded (rainfall 0.25 deg, Tmax 1 deg)",REAL_GOVERNMENT
2025-05-25,1.05,33.44,0.0,32.94,"IMD gridded (rainfall 0.25 deg, Tmax 1 deg)",REAL_GOVERNMENT
2025-05-26,3.48,35.79,0.49,35.61,"IMD gridded (rainfall 0.25 deg, Tmax 1 deg)",REAL_GOVERNMENT
2025-05-27,1.4,37.09,0.46,36.62,"IMD gridded (rainfall 0.25 deg, Tmax 1 deg)",REAL_GOVERNMENT
2025-05-28,5.76,34.83,0.55,34.03,"IMD gridded (rainfall 0.25 deg, Tmax 1 deg)",REAL_GOVERNMENT
2025-05-29,7.31,36.31,3.34,36.05,"IMD gridded (rainfall 0.25 deg, Tmax 1 deg)",REAL_GOVERNMENT
2025-05-30,4.18,35.02,1.6,34.55,"IMD gridded (rainfall 0.25 deg, Tmax 1 deg)",REAL_GOVERNMENT
2025-05-31,0.81,35.46,4.15,35.56,"IMD gridded (rainfall 0.25 deg, Tmax 1 deg)",REAL_GOVERNMENT
2025-06-01,1.73,35.4,0.0,35.33,"IMD gridded (rainfall 0.25 deg, Tmax 1 deg)",REAL_GOVERNMENT
2025-06-02,0.14,36.28,1.77,36.15,"IMD gridded (rainfall 0.25 deg, Tmax 1 deg)",REAL_GOVERNMENT
2025-06-03,0.8,35.13,0.23,35.03,"IMD gridded (rainfall 0.25 deg, Tmax 1 deg)",REAL_GOVERNMENT
2025-06-04,0.0,35.39,0.0,35.47,"IMD gridded (rainfall 0.25 deg, Tmax 1 deg)",REAL_GOVERNMENT
2025-06-05,1.18,36.51,0.0,36.26,"IMD gridded (rainfall 0.25 deg, Tmax 1 deg)",REAL_GOVERNMENT
2025-06-06,0.08,38.63,0.0,38.75,"IMD gridded (rainfall 0.25 deg, Tmax 1 deg)",REAL_GOVERNMENT
2025-06-07,0.06,38.33,0.0,38.08,"IMD gridded (rainfall 0.25 deg, Tmax 1 deg)",REAL_GOVERNMENT
2025-06-08,0.0,40.8,0.0,40.61,"IMD gridded (rainfall 0.25 deg, Tmax 1 deg)",REAL_GOVERNMENT
2025-06-09,0.13,41.26,0.0,41.16,"IMD gridded (rainfall 0.25 deg, Tmax 1 deg)",REAL_GOVERNMENT
2025-06-10,0.56,40.88,0.0,40.85,"IMD gridded (rainfall 0.25 deg, Tmax 1 deg)",REAL_GOVERNMENT
2025-06-11,4.11,39.3,7.8,39.08,"IMD gridded (rainfall 0.25 deg, Tmax 1 deg)",REAL_GOVERNMENT
2025-06-12,0.0,38.99,0.0,38.69,"IMD gridded (rainfall 0.25 deg, Tmax 1 deg)",REAL_GOVERNMENT
2025-06-13,0.0,38.89,0.0,38.4,"IMD gridded (rainfall 0.25 deg, Tmax 1 deg)",REAL_GOVERNMENT
2025-06-14,1.69,39.2,0.0,38.69,"IMD gridded (rainfall 0.25 deg, Tmax 1 deg)",REAL_GOVERNMENT
2025-06-15,5.31,36.91,0.0,36.67,"IMD gridded (rainfall 0.25 deg, Tmax 1 deg)",REAL_GOVERNMENT
2025-06-16,6.68,35.84,5.27,35.61,"IMD gridded (rainfall 0.25 deg, Tmax 1 deg)",REAL_GOVERNMENT
2025-06-17,0.94,33.94,0.12,34.17,"IMD gridded (rainfall 0.25 deg, Tmax 1 deg)",REAL_GOVERNMENT
2025-06-18,2.98,34.57,6.49,35.13,"IMD gridded (rainfall 0.25 deg, Tmax 1 deg)",REAL_GOVERNMENT
2025-06-19,0.33,31.98,0.0,32.17,"IMD gridded (rainfall 0.25 deg, Tmax 1 deg)",REAL_GOVERNMENT
2025-06-20,5.94,29.09,7.86,29.32,"IMD gridded (rainfall 0.25 deg, Tmax 1 deg)",REAL_GOVERNMENT
2025-06-21,5.02,30.72,4.86,30.99,"IMD gridded (rainfall 0.25 deg, Tmax 1 deg)",REAL_GOVERNMENT
2025-06-22,1.13,28.98,1.85,29.2,"IMD gridded (rainfall 0.25 deg, Tmax 1 deg)",REAL_GOVERNMENT
2025-06-23,4.41,28.28,2.3,28.17,"IMD gridded (rainfall 0.25 deg, Tmax 1 deg)",REAL_GOVERNMENT
2025-06-24,13.31,28.41,5.54,28.09,"IMD gridded (rainfall 0.25 deg, Tmax 1 deg)",REAL_GOVERNMENT
2025-06-25,9.01,29.67,45.24,29.29,"IMD gridded (rainfall 0.25 deg, Tmax 1 deg)",REAL_GOVERNMENT
2025-06-26,13.76,28.68,9.95,28.07,"IMD gridded (rainfall 0.25 deg, Tmax 1 deg)",REAL_GOVERNMENT
2025-06-27,8.15,29.57,2.56,29.52,"IMD gridded (rainfall 0.25 deg, Tmax 1 deg)",REAL_GOVERNMENT
2025-06-28,20.2,29.66,22.52,30.07,"IMD gridded (rainfall 0.25 deg, Tmax 1 deg)",REAL_GOVERNMENT
2025-06-29,11.81,26.99,31.92,26.6,"IMD gridded (rainfall 0.25 deg, Tmax 1 deg)",REAL_GOVERNMENT
2025-06-30,19.31,27.2,35.14,26.58,"IMD gridded (rainfall 0.25 deg, Tmax 1 deg)",REAL_GOVERNMENT
2025-07-01,14.93,26.79,23.16,26.32,"IMD gridded (rainfall 0.25 deg, Tmax 1 deg)",REAL_GOVERNMENT
2025-07-02,25.46,28.23,22.87,28.24,"IMD gridded (rainfall 0.25 deg, Tmax 1 deg)",REAL_GOVERNMENT
2025-07-03,4.87,29.59,9.81,29.64,"IMD gridded (rainfall 0.25 deg, Tmax 1 deg)",REAL_GOVERNMENT
2025-07-04,20.95,27.17,6.97,26.92,"IMD gridded (rainfall 0.25 deg, Tmax 1 deg)",REAL_GOVERNMENT
2025-07-05,9.13,27.59,1.9,27.3,"IMD gridded (rainfall 0.25 deg, Tmax 1 deg)",REAL_GOVERNMENT
2025-07-06,7.15,27.18,7.23,26.93,"IMD gridded (rainfall 0.25 deg, Tmax 1 deg)",REAL_GOVERNMENT
2025-07-07,62.93,27.76,126.97,27.22,"IMD gridded (rainfall 0.25 deg, Tmax 1 deg)",REAL_GOVERNMENT
2025-07-08,96.12,27.71,223.18,26.91,"IMD gridded (rainfall 0.25 deg, Tmax 1 deg)",REAL_GOVERNMENT
2025-07-09,59.13,27.37,79.08,26.46,"IMD gridded (rainfall 0.25 deg, Tmax 1 deg)",REAL_GOVERNMENT
2025-07-10,12.78,28.89,20.87,28.37,"IMD gridded (rainfall 0.25 deg, Tmax 1 deg)",REAL_GOVERNMENT
2025-07-11,1.72,29.41,0.0,29.48,"IMD gridded (rainfall 0.25 deg, Tmax 1 deg)",REAL_GOVERNMENT
2025-07-12,6.29,29.47,0.85,29.51,"IMD gridded (rainfall 0.25 deg, Tmax 1 deg)",REAL_GOVERNMENT
2025-07-13,4.64,29.81,3.27,29.56,"IMD gridded (rainfall 0.25 deg, Tmax 1 deg)",REAL_GOVERNMENT
2025-07-14,2.43,30.7,1.84,30.99,"IMD gridded (rainfall 0.25 deg, Tmax 1 deg)",REAL_GOVERNMENT
2025-07-15,9.82,31.12,5.69,31.23,"IMD gridded (rainfall 0.25 deg, Tmax 1 deg)",REAL_GOVERNMENT
2025-07-16,12.4,30.17,9.8,30.39,"IMD gridded (rainfall 0.25 deg, Tmax 1 deg)",REAL_GOVERNMENT
2025-07-17,4.89,28.54,29.28,28.43,"IMD gridded (rainfall 0.25 deg, Tmax 1 deg)",REAL_GOVERNMENT
2025-07-18,10.26,29.67,9.17,29.47,"IMD gridded (rainfall 0.25 deg, Tmax 1 deg)",REAL_GOVERNMENT
2025-07-19,5.88,32.1,9.22,32.08,"IMD gridded (rainfall 0.25 deg, Tmax 1 deg)",REAL_GOVERNMENT
2025-07-20,3.81,31.68,0.19,31.75,"IMD gridded (rainfall 0.25 deg, Tmax 1 deg)",REAL_GOVERNMENT
2025-07-21,13.83,32.46,19.62,32.46,"IMD gridded (rainfall 0.25 deg, Tmax 1 deg)",REAL_GOVERNMENT
2025-07-22,4.08,31.59,0.0,31.39,"IMD gridded (rainfall 0.25 deg, Tmax 1 deg)",REAL_GOVERNMENT
2025-07-23,10.05,30.97,2.41,30.74,"IMD gridded (rainfall 0.25 deg, Tmax 1 deg)",REAL_GOVERNMENT
2025-07-24,30.86,27.9,43.44,27.6,"IMD gridded (rainfall 0.25 deg, Tmax 1 deg)",REAL_GOVERNMENT
2025-07-25,23.37,27.52,34.46,27.39,"IMD gridded (rainfall 0.25 deg, Tmax 1 deg)",REAL_GOVERNMENT
2025-07-26,39.96,27.18,48.4,27.07,"IMD gridded (rainfall 0.25 deg, Tmax 1 deg)",REAL_GOVERNMENT
2025-07-27,28.43,27.95,57.45,28.15,"IMD gridded (rainfall 0.25 deg, Tmax 1 deg)",REAL_GOVERNMENT
2025-07-28,1.72,26.67,0.68,26.65,"IMD gridded (rainfall 0.25 deg, Tmax 1 deg)",REAL_GOVERNMENT
2025-07-29,10.13,26.06,13.59,25.89,"IMD gridded (rainfall 0.25 deg, Tmax 1 deg)",REAL_GOVERNMENT
2025-07-30,5.75,26.96,0.0,26.98,"IMD gridded (rainfall 0.25 deg, Tmax 1 deg)",REAL_GOVERNMENT
2025-07-31,0.47,28.48,0.0,28.81,"IMD gridded (rainfall 0.25 deg, Tmax 1 deg)",REAL_GOVERNMENT
2025-08-01,4.69,29.76,5.51,29.81,"IMD gridded (rainfall 0.25 deg, Tmax 1 deg)",REAL_GOVERNMENT
2025-08-02,2.93,30.32,3.98,30.55,"IMD gridded (rainfall 0.25 deg, Tmax 1 deg)",REAL_GOVERNMENT
2025-08-03,0.72,30.66,1.83,30.97,"IMD gridded (rainfall 0.25 deg, Tmax 1 deg)",REAL_GOVERNMENT
2025-08-04,1.23,31.97,3.0,32.33,"IMD gridded (rainfall 0.25 deg, Tmax 1 deg)",REAL_GOVERNMENT
2025-08-05,1.49,32.97,4.93,33.34,"IMD gridded (rainfall 0.25 deg, Tmax 1 deg)",REAL_GOVERNMENT
2025-08-06,0.16,33.04,0.0,33.23,"IMD gridded (rainfall 0.25 deg, Tmax 1 deg)",REAL_GOVERNMENT
2025-08-07,1.15,32.65,1.28,32.68,"IMD gridded (rainfall 0.25 deg, Tmax 1 deg)",REAL_GOVERNMENT
2025-08-08,3.2,29.57,4.59,29.45,"IMD gridded (rainfall 0.25 deg, Tmax 1 deg)",REAL_GOVERNMENT
2025-08-09,8.09,30.16,10.44,30.08,"IMD gridded (rainfall 0.25 deg, Tmax 1 deg)",REAL_GOVERNMENT
2025-08-10,4.63,31.28,2.99,31.47,"IMD gridded (rainfall 0.25 deg, Tmax 1 deg)",REAL_GOVERNMENT
2025-08-11,2.98,30.97,1.32,31.27,"IMD gridded (rainfall 0.25 deg, Tmax 1 deg)",REAL_GOVERNMENT
2025-08-12,5.82,30.93,1.1,30.78,"IMD gridded (rainfall 0.25 deg, Tmax 1 deg)",REAL_GOVERNMENT
2025-08-13,5.2,27.93,0.64,27.63,"IMD gridded (rainfall 0.25 deg, Tmax 1 deg)",REAL_GOVERNMENT
2025-08-14,19.17,30.59,28.17,30.46,"IMD gridded (rainfall 0.25 deg, Tmax 1 deg)",REAL_GOVERNMENT
2025-08-15,4.0,31.04,3.67,30.9,"IMD gridded (rainfall 0.25 deg, Tmax 1 deg)",REAL_GOVERNMENT
2025-08-16,11.05,30.11,14.04,29.77,"IMD gridded (rainfall 0.25 deg, Tmax 1 deg)",REAL_GOVERNMENT
2025-08-17,10.54,31.09,0.11,30.9,"IMD gridded (rainfall 0.25 deg, Tmax 1 deg)",REAL_GOVERNMENT
2025-08-18,4.16,31.08,6.57,30.87,"IMD gridded (rainfall 0.25 deg, Tmax 1 deg)",REAL_GOVERNMENT
2025-08-19,15.74,29.65,3.17,29.32,"IMD gridded (rainfall 0.25 deg, Tmax 1 deg)",REAL_GOVERNMENT
2025-08-20,31.62,28.61,47.4,28.65,"IMD gridded (rainfall 0.25 deg, Tmax 1 deg)",REAL_GOVERNMENT
2025-08-21,11.92,29.63,6.0,30.04,"IMD gridded (rainfall 0.25 deg, Tmax 1 deg)",REAL_GOVERNMENT
2025-08-22,9.99,28.79,8.69,29.02,"IMD gridded (rainfall 0.25 deg, Tmax 1 deg)",REAL_GOVERNMENT
2025-08-23,17.28,27.74,14.82,28.24,"IMD gridded (rainfall 0.25 deg, Tmax 1 deg)",REAL_GOVERNMENT
2025-08-24,4.32,26.71,2.62,27.0,"IMD gridded (rainfall 0.25 deg, Tmax 1 deg)",REAL_GOVERNMENT
2025-08-25,1.21,28.11,0.87,28.12,"IMD gridded (rainfall 0.25 deg, Tmax 1 deg)",REAL_GOVERNMENT
2025-08-26,0.49,30.21,0.0,30.33,"IMD gridded (rainfall 0.25 deg, Tmax 1 deg)",REAL_GOVERNMENT
2025-08-27,14.08,31.19,6.07,30.84,"IMD gridded (rainfall 0.25 deg, Tmax 1 deg)",REAL_GOVERNMENT
2025-08-28,4.57,30.95,2.83,30.81,"IMD gridded (rainfall 0.25 deg, Tmax 1 deg)",REAL_GOVERNMENT
2025-08-29,20.25,30.6,26.18,30.39,"IMD gridded (rainfall 0.25 deg, Tmax 1 deg)",REAL_GOVERNMENT
2025-08-30,5.09,30.59,0.0,30.55,"IMD gridded (rainfall 0.25 deg, Tmax 1 deg)",REAL_GOVERNMENT
2025-08-31,1.41,29.97,0.19,29.7,"IMD gridded (rainfall 0.25 deg, Tmax 1 deg)",REAL_GOVERNMENT
2025-09-01,10.49,29.19,3.24,28.98,"IMD gridded (rainfall 0.25 deg, Tmax 1 deg)",REAL_GOVERNMENT
2025-09-02,22.98,29.49,14.12,29.14,"IMD gridded (rainfall 0.25 deg, Tmax 1 deg)",REAL_GOVERNMENT
2025-09-03,34.53,28.53,30.57,28.23,"IMD gridded (rainfall 0.25 deg, Tmax 1 deg)",REAL_GOVERNMENT
2025-09-04,4.94,27.67,4.27,27.77,"IMD gridded (rainfall 0.25 deg, Tmax 1 deg)",REAL_GOVERNMENT
2025-09-05,4.29,28.45,7.59,28.59,"IMD gridded (rainfall 0.25 deg, Tmax 1 deg)",REAL_GOVERNMENT
2025-09-06,0.51,29.37,0.0,29.31,"IMD gridded (rainfall 0.25 deg, Tmax 1 deg)",REAL_GOVERNMENT
2025-09-07,1.73,30.5,0.0,30.62,"IMD gridded (rainfall 0.25 deg, Tmax 1 deg)",REAL_GOVERNMENT
2025-09-08,3.6,30.72,10.52,30.72,"IMD gridded (rainfall 0.25 deg, Tmax 1 deg)",REAL_GOVERNMENT
2025-09-09,9.11,31.34,3.77,31.46,"IMD gridded (rainfall 0.25 deg, Tmax 1 deg)",REAL_GOVERNMENT
2025-09-10,6.3,31.41,2.37,31.59,"IMD gridded (rainfall 0.25 deg, Tmax 1 deg)",REAL_GOVERNMENT
2025-09-11,3.85,30.67,0.62,30.5,"IMD gridded (rainfall 0.25 deg, Tmax 1 deg)",REAL_GOVERNMENT
2025-09-12,15.13,30.27,9.21,30.18,"IMD gridded (rainfall 0.25 deg, Tmax 1 deg)",REAL_GOVERNMENT
2025-09-13,13.94,30.57,23.77,30.53,"IMD gridded (rainfall 0.25 deg, Tmax 1 deg)",REAL_GOVERNMENT
2025-09-14,6.68,30.9,9.41,30.89,"IMD gridded (rainfall 0.25 deg, Tmax 1 deg)",REAL_GOVERNMENT
2025-09-15,4.74,29.91,1.33,30.11,"IMD gridded (rainfall 0.25 deg, Tmax 1 deg)",REAL_GOVERNMENT
2025-09-16,17.88,29.67,10.96,29.47,"IMD gridded (rainfall 0.25 deg, Tmax 1 deg)",REAL_GOVERNMENT
2025-09-17,6.77,30.04,0.99,30.1,"IMD gridded (rainfall 0.25 deg, Tmax 1 deg)",REAL_GOVERNMENT
2025-09-18,4.77,30.45,0.15,30.63,"IMD gridded (rainfall 0.25 deg, Tmax 1 deg)",REAL_GOVERNMENT
2025-09-19,1.41,31.41,0.8,31.45,"IMD gridded (rainfall 0.25 deg, Tmax 1 deg)",REAL_GOVERNMENT
2025-09-20,2.35,32.26,0.0,32.4,"IMD gridded (rainfall 0.25 deg, Tmax 1 deg)",REAL_GOVERNMENT
2025-09-21,6.58,32.67,14.97,32.86,"IMD gridded (rainfall 0.25 deg, Tmax 1 deg)",REAL_GOVERNMENT
2025-09-22,1.24,32.21,0.0,32.05,"IMD gridded (rainfall 0.25 deg, Tmax 1 deg)",REAL_GOVERNMENT
2025-09-23,0.01,32.57,0.0,32.41,"IMD gridded (rainfall 0.25 deg, Tmax 1 deg)",REAL_GOVERNMENT
2025-09-24,0.3,31.58,0.0,31.35,"IMD gridded (rainfall 0.25 deg, Tmax 1 deg)",REAL_GOVERNMENT
2025-09-25,6.1,30.12,3.19,29.46,"IMD gridded (rainfall 0.25 deg, Tmax 1 deg)",REAL_GOVERNMENT
2025-09-26,11.3,31.77,11.02,31.7,"IMD gridded (rainfall 0.25 deg, Tmax 1 deg)",REAL_GOVERNMENT
2025-09-27,18.88,28.95,14.02,28.57,"IMD gridded (rainfall 0.25 deg, Tmax 1 deg)",REAL_GOVERNMENT
2025-09-28,15.59,29.42,12.29,28.93,"IMD gridded (rainfall 0.25 deg, Tmax 1 deg)",REAL_GOVERNMENT
2025-09-29,9.07,30.31,5.17,29.9,"IMD gridded (rainfall 0.25 deg, Tmax 1 deg)",REAL_GOVERNMENT
2025-09-30,1.03,30.87,0.0,30.66,"IMD gridded (rainfall 0.25 deg, Tmax 1 deg)",REAL_GOVERNMENT
2025-10-01,1.95,30.4,0.0,30.07,"IMD gridded (rainfall 0.25 deg, Tmax 1 deg)",REAL_GOVERNMENT
2025-10-02,3.58,30.86,1.87,30.66,"IMD gridded (rainfall 0.25 deg, Tmax 1 deg)",REAL_GOVERNMENT
2025-10-03,1.72,30.06,0.0,30.17,"IMD gridded (rainfall 0.25 deg, Tmax 1 deg)",REAL_GOVERNMENT
2025-10-04,2.59,30.38,0.13,30.19,"IMD gridded (rainfall 0.25 deg, Tmax 1 deg)",REAL_GOVERNMENT
2025-10-05,0.3,30.54,2.35,30.31,"IMD gridded (rainfall 0.25 deg, Tmax 1 deg)",REAL_GOVERNMENT
2025-10-06,10.28,29.81,2.55,29.52,"IMD gridded (rainfall 0.25 deg, Tmax 1 deg)",REAL_GOVERNMENT
2025-10-07,8.62,30.59,5.96,30.37,"IMD gridded (rainfall 0.25 deg, Tmax 1 deg)",REAL_GOVERNMENT
2025-10-08,0.39,31.08,4.34,31.07,"IMD gridded (rainfall 0.25 deg, Tmax 1 deg)",REAL_GOVERNMENT
2025-10-09,4.25,30.56,1.03,30.71,"IMD gridded (rainfall 0.25 deg, Tmax 1 deg)",REAL_GOVERNMENT
2025-10-10,0.84,29.17,0.0,29.35,"IMD gridded (rainfall 0.25 deg, Tmax 1 deg)",REAL_GOVERNMENT
2025-10-11,3.99,29.26,4.6,29.63,"IMD gridded (rainfall 0.25 deg, Tmax 1 deg)",REAL_GOVERNMENT
2025-10-12,0.88,29.6,0.0,29.46,"IMD gridded (rainfall 0.25 deg, Tmax 1 deg)",REAL_GOVERNMENT
2025-10-13,0.0,30.19,0.0,30.12,"IMD gridded (rainfall 0.25 deg, Tmax 1 deg)",REAL_GOVERNMENT
2025-10-14,0.0,30.48,0.0,30.31,"IMD gridded (rainfall 0.25 deg, Tmax 1 deg)",REAL_GOVERNMENT
2025-10-15,0.0,30.94,0.0,31.03,"IMD gridded (rainfall 0.25 deg, Tmax 1 deg)",REAL_GOVERNMENT
2025-10-16,0.0,31.06,0.0,31.08,"IMD gridded (rainfall 0.25 deg, Tmax 1 deg)",REAL_GOVERNMENT
2025-10-17,0.32,30.9,0.0,30.71,"IMD gridded (rainfall 0.25 deg, Tmax 1 deg)",REAL_GOVERNMENT
2025-10-18,0.09,30.4,0.0,30.18,"IMD gridded (rainfall 0.25 deg, Tmax 1 deg)",REAL_GOVERNMENT
2025-10-19,0.0,30.38,0.0,30.36,"IMD gridded (rainfall 0.25 deg, Tmax 1 deg)",REAL_GOVERNMENT
2025-10-20,0.0,30.94,0.0,30.79,"IMD gridded (rainfall 0.25 deg, Tmax 1 deg)",REAL_GOVERNMENT
2025-10-21,0.01,30.74,0.0,30.43,"IMD gridded (rainfall 0.25 deg, Tmax 1 deg)",REAL_GOVERNMENT
2025-10-22,0.13,31.56,0.0,31.34,"IMD gridded (rainfall 0.25 deg, Tmax 1 deg)",REAL_GOVERNMENT
2025-10-23,0.0,31.2,0.0,30.89,"IMD gridded (rainfall 0.25 deg, Tmax 1 deg)",REAL_GOVERNMENT
2025-10-24,0.0,31.18,0.0,30.68,"IMD gridded (rainfall 0.25 deg, Tmax 1 deg)",REAL_GOVERNMENT
2025-10-25,0.09,28.67,0.0,28.24,"IMD gridded (rainfall 0.25 deg, Tmax 1 deg)",REAL_GOVERNMENT
2025-10-26,7.74,27.77,8.96,27.56,"IMD gridded (rainfall 0.25 deg, Tmax 1 deg)",REAL_GOVERNMENT
2025-10-27,7.17,29.99,3.58,29.71,"IMD gridded (rainfall 0.25 deg, Tmax 1 deg)",REAL_GOVERNMENT
2025-10-28,0.02,28.13,0.0,27.91,"IMD gridded (rainfall 0.25 deg, Tmax 1 deg)",REAL_GOVERNMENT
2025-10-29,0.01,27.6,0.0,27.39,"IMD gridded (rainfall 0.25 deg, Tmax 1 deg)",REAL_GOVERNMENT
2025-10-30,4.27,26.33,2.5,26.32,"IMD gridded (rainfall 0.25 deg, Tmax 1 deg)",REAL_GOVERNMENT
2025-10-31,11.4,27.08,11.91,27.4,"IMD gridded (rainfall 0.25 deg, Tmax 1 deg)",REAL_GOVERNMENT
2025-11-01,3.26,28.55,10.17,28.99,"IMD gridded (rainfall 0.25 deg, Tmax 1 deg)",REAL_GOVERNMENT
2025-11-02,3.2,29.76,0.64,29.65,"IMD gridded (rainfall 0.25 deg, Tmax 1 deg)",REAL_GOVERNMENT
2025-11-03,0.4,30.15,0.0,30.01,"IMD gridded (rainfall 0.25 deg, Tmax 1 deg)",REAL_GOVERNMENT
2025-11-04,0.0,30.13,0.0,29.98,"IMD gridded (rainfall 0.25 deg, Tmax 1 deg)",REAL_GOVERNMENT
2025-11-05,0.06,29.87,0.0,29.57,"IMD gridded (rainfall 0.25 deg, Tmax 1 deg)",REAL_GOVERNMENT
2025-11-06,0.0,29.79,0.0,29.8,"IMD gridded (rainfall 0.25 deg, Tmax 1 deg)",REAL_GOVERNMENT
2025-11-07,0.0,28.77,0.0,28.81,"IMD gridded (rainfall 0.25 deg, Tmax 1 deg)",REAL_GOVERNMENT
2025-11-08,0.0,28.1,0.0,28.16,"IMD gridded (rainfall 0.25 deg, Tmax 1 deg)",REAL_GOVERNMENT
2025-11-09,0.0,27.76,0.0,27.98,"IMD gridded (rainfall 0.25 deg, Tmax 1 deg)",REAL_GOVERNMENT
2025-11-10,0.0,27.78,0.0,27.84,"IMD gridded (rainfall 0.25 deg, Tmax 1 deg)",REAL_GOVERNMENT
2025-11-11,0.0,27.78,0.0,27.78,"IMD gridded (rainfall 0.25 deg, Tmax 1 deg)",REAL_GOVERNMENT
2025-11-12,0.0,27.8,0.0,27.65,"IMD gridded (rainfall 0.25 deg, Tmax 1 deg)",REAL_GOVERNMENT
2025-11-13,0.0,27.32,0.0,27.26,"IMD gridded (rainfall 0.25 deg, Tmax 1 deg)",REAL_GOVERNMENT
2025-11-14,0.0,27.16,0.0,27.22,"IMD gridded (rainfall 0.25 deg, Tmax 1 deg)",REAL_GOVERNMENT
2025-11-15,0.0,27.0,0.0,26.95,"IMD gridded (rainfall 0.25 deg, Tmax 1 deg)",REAL_GOVERNMENT
2025-11-16,0.0,26.73,0.0,26.72,"IMD gridded (rainfall 0.25 deg, Tmax 1 deg)",REAL_GOVERNMENT
2025-11-17,0.0,26.62,0.0,26.44,"IMD gridded (rainfall 0.25 deg, Tmax 1 deg)",REAL_GOVERNMENT
2025-11-18,0.0,26.64,0.0,26.43,"IMD gridded (rainfall 0.25 deg, Tmax 1 deg)",REAL_GOVERNMENT
2025-11-19,0.0,26.65,0.0,26.55,"IMD gridded (rainfall 0.25 deg, Tmax 1 deg)",REAL_GOVERNMENT
2025-11-20,0.0,27.62,0.0,27.44,"IMD gridded (rainfall 0.25 deg, Tmax 1 deg)",REAL_GOVERNMENT
2025-11-21,0.0,28.8,0.0,28.76,"IMD gridded (rainfall 0.25 deg, Tmax 1 deg)",REAL_GOVERNMENT
2025-11-22,0.0,28.9,0.0,28.85,"IMD gridded (rainfall 0.25 deg, Tmax 1 deg)",REAL_GOVERNMENT
2025-11-23,0.0,28.92,0.0,28.99,"IMD gridded (rainfall 0.25 deg, Tmax 1 deg)",REAL_GOVERNMENT
2025-11-24,0.0,28.58,0.0,28.88,"IMD gridded (rainfall 0.25 deg, Tmax 1 deg)",REAL_GOVERNMENT
2025-11-25,0.0,27.92,0.0,28.19,"IMD gridded (rainfall 0.25 deg, Tmax 1 deg)",REAL_GOVERNMENT
2025-11-26,0.0,27.43,0.0,27.65,"IMD gridded (rainfall 0.25 deg, Tmax 1 deg)",REAL_GOVERNMENT
2025-11-27,0.0,27.31,0.0,27.67,"IMD gridded (rainfall 0.25 deg, Tmax 1 deg)",REAL_GOVERNMENT
2025-11-28,0.0,26.75,0.0,26.88,"IMD gridded (rainfall 0.25 deg, Tmax 1 deg)",REAL_GOVERNMENT
2025-11-29,0.0,26.51,0.0,26.63,"IMD gridded (rainfall 0.25 deg, Tmax 1 deg)",REAL_GOVERNMENT
2025-11-30,0.0,26.54,0.0,26.85,"IMD gridded (rainfall 0.25 deg, Tmax 1 deg)",REAL_GOVERNMENT
2025-12-01,0.0,26.68,0.0,26.78,"IMD gridded (rainfall 0.25 deg, Tmax 1 deg)",REAL_GOVERNMENT
2025-12-02,0.0,26.39,0.0,26.49,"IMD gridded (rainfall 0.25 deg, Tmax 1 deg)",REAL_GOVERNMENT
2025-12-03,0.0,26.75,0.0,26.93,"IMD gridded (rainfall 0.25 deg, Tmax 1 deg)",REAL_GOVERNMENT
2025-12-04,0.0,26.31,0.0,26.61,"IMD gridded (rainfall 0.25 deg, Tmax 1 deg)",REAL_GOVERNMENT
2025-12-05,0.0,25.96,0.0,26.23,"IMD gridded (rainfall 0.25 deg, Tmax 1 deg)",REAL_GOVERNMENT
2025-12-06,0.0,25.81,0.0,26.09,"IMD gridded (rainfall 0.25 deg, Tmax 1 deg)",REAL_GOVERNMENT
2025-12-07,0.0,26.98,0.0,27.22,"IMD gridded (rainfall 0.25 deg, Tmax 1 deg)",REAL_GOVERNMENT
2025-12-08,0.0,28.09,0.0,28.41,"IMD gridded (rainfall 0.25 deg, Tmax 1 deg)",REAL_GOVERNMENT
2025-12-09,0.0,27.8,0.0,28.12,"IMD gridded (rainfall 0.25 deg, Tmax 1 deg)",REAL_GOVERNMENT
2025-12-10,0.0,27.62,0.0,27.99,"IMD gridded (rainfall 0.25 deg, Tmax 1 deg)",REAL_GOVERNMENT
2025-12-11,0.0,27.44,0.0,27.66,"IMD gridded (rainfall 0.25 deg, Tmax 1 deg)",REAL_GOVERNMENT
2025-12-12,0.0,28.1,0.0,28.44,"IMD gridded (rainfall 0.25 deg, Tmax 1 deg)",REAL_GOVERNMENT
2025-12-13,0.0,28.08,0.0,28.58,"IMD gridded (rainfall 0.25 deg, Tmax 1 deg)",REAL_GOVERNMENT
2025-12-14,0.0,27.49,0.0,27.7,"IMD gridded (rainfall 0.25 deg, Tmax 1 deg)",REAL_GOVERNMENT
2025-12-15,0.0,27.02,0.0,27.29,"IMD gridded (rainfall 0.25 deg, Tmax 1 deg)",REAL_GOVERNMENT
2025-12-16,0.0,27.91,0.0,28.17,"IMD gridded (rainfall 0.25 deg, Tmax 1 deg)",REAL_GOVERNMENT
2025-12-17,0.0,28.43,0.0,28.76,"IMD gridded (rainfall 0.25 deg, Tmax 1 deg)",REAL_GOVERNMENT
2025-12-18,0.0,28.42,0.0,28.94,"IMD gridded (rainfall 0.25 deg, Tmax 1 deg)",REAL_GOVERNMENT
2025-12-19,0.0,26.75,0.0,27.35,"IMD gridded (rainfall 0.25 deg, Tmax 1 deg)",REAL_GOVERNMENT
2025-12-20,0.0,26.57,0.0,27.11,"IMD gridded (rainfall 0.25 deg, Tmax 1 deg)",REAL_GOVERNMENT
2025-12-21,0.0,26.67,0.0,27.19,"IMD gridded (rainfall 0.25 deg, Tmax 1 deg)",REAL_GOVERNMENT
2025-12-22,0.0,26.02,0.0,26.67,"IMD gridded (rainfall 0.25 deg, Tmax 1 deg)",REAL_GOVERNMENT
2025-12-23,0.0,27.38,0.0,27.8,"IMD gridded (rainfall 0.25 deg, Tmax 1 deg)",REAL_GOVERNMENT
2025-12-24,0.0,26.89,0.0,27.16,"IMD gridded (rainfall 0.25 deg, Tmax 1 deg)",REAL_GOVERNMENT
2025-12-25,0.0,26.42,0.0,26.94,"IMD gridded (rainfall 0.25 deg, Tmax 1 deg)",REAL_GOVERNMENT
2025-12-26,0.0,26.18,0.0,26.69,"IMD gridded (rainfall 0.25 deg, Tmax 1 deg)",REAL_GOVERNMENT
2025-12-27,0.0,25.7,0.0,26.27,"IMD gridded (rainfall 0.25 deg, Tmax 1 deg)",REAL_GOVERNMENT
2025-12-28,0.0,25.87,0.0,26.26,"IMD gridded (rainfall 0.25 deg, Tmax 1 deg)",REAL_GOVERNMENT
2025-12-29,0.0,26.58,0.0,26.97,"IMD gridded (rainfall 0.25 deg, Tmax 1 deg)",REAL_GOVERNMENT
2025-12-30,0.0,27.52,0.0,27.7,"IMD gridded (rainfall 0.25 deg, Tmax 1 deg)",REAL_GOVERNMENT
2025-12-31,0.0,27.37,0.0,27.41,"IMD gridded (rainfall 0.25 deg, Tmax 1 deg)",REAL_GOVERNMENT
