mine_id,shift,equipment_id,equipment_type,capacity_per_h,capacity_unit,scheduled_hours,available_hours,operating_hours,idle_hours,maintenance_hours,breakdown_hours,availability,utilization,failure_event,maintenance_event,weather_state,haulage_state,production_contribution_t,date,provenance
SYN_MINE_01,A,SYN_EXC_001,excavator,50.0,t ore/h,7.0,7.0,5.51,1.49,0.0,0.0,1.0,0.7871,False,False,DRY,NORMAL,272.0,2021-01-01,SYNTHETIC
SYN_MINE_01,A,SYN_EXC_002,excavator,50.0,t ore/h,7.0,7.0,5.51,1.49,0.0,0.0,1.0,0.7871,False,False,DRY,NORMAL,272.0,2021-01-01,SYNTHETIC
SYN_MINE_01,A,SYN_TRUCK_001,dumper,8.0,t/h,7.0,7.0,5.51,1.49,0.0,0.0,1.0,0.7871,False,False,DRY,NORMAL,0.0,2021-01-01,SYNTHETIC
SYN_MINE_01,A,SYN_TRUCK_002,dumper,8.0,t/h,7.0,7.0,5.51,1.49,0.0,0.0,1.0,0.7871,False,False,DRY,NORMAL,0.0,2021-01-01,SYNTHETIC
SYN_MINE_01,A,SYN_TRUCK_003,dumper,8.0,t/h,7.0,7.0,5.51,1.49,0.0,0.0,1.0,0.7871,False,False,DRY,NORMAL,0.0,2021-01-01,SYNTHETIC
SYN_MINE_01,A,SYN_TRUCK_004,dumper,8.0,t/h,7.0,7.0,5.51,1.49,0.0,0.0,1.0,0.7871,False,False,DRY,NORMAL,0.0,2021-01-01,SYNTHETIC
SYN_MINE_01,A,SYN_TRUCK_005,dumper,8.0,t/h,7.0,7.0,5.51,1.49,0.0,0.0,1.0,0.7871,False,False,DRY,NORMAL,0.0,2021-01-01,SYNTHETIC
SYN_MINE_01,A,SYN_TRUCK_006,dumper,8.0,t/h,7.0,7.0,5.51,1.49,0.0,0.0,1.0,0.7871,False,False,DRY,NORMAL,0.0,2021-01-01,SYNTHETIC
SYN_MINE_01,A,SYN_TRUCK_007,dumper,8.0,t/h,7.0,7.0,5.51,1.49,0.0,0.0,1.0,0.7871,False,False,DRY,NORMAL,0.0,2021-01-01,SYNTHETIC
SYN_MINE_01,A,SYN_TRUCK_008,dumper,8.0,t/h,7.0,7.0,5.51,1.49,0.0,0.0,1.0,0.7871,False,False,DRY,NORMAL,0.0,2021-01-01,SYNTHETIC
SYN_MINE_01,A,SYN_TRUCK_009,dumper,8.0,t/h,7.0,7.0,5.51,1.49,0.0,0.0,1.0,0.7871,False,False,DRY,NORMAL,0.0,2021-01-01,SYNTHETIC
SYN_MINE_01,A,SYN_TRUCK_010,dumper,8.0,t/h,7.0,7.0,5.51,1.49,0.0,0.0,1.0,0.7871,False,False,DRY,NORMAL,0.0,2021-01-01,SYNTHETIC
SYN_MINE_01,A,SYN_TRUCK_011,dumper,8.0,t/h,7.0,7.0,5.51,1.49,0.0,0.0,1.0,0.7871,False,False,DRY,NORMAL,0.0,2021-01-01,SYNTHETIC
SYN_MINE_01,A,SYN_TRUCK_012,dumper,8.0,t/h,7.0,7.0,5.51,1.49,0.0,0.0,1.0,0.7871,False,False,DRY,NORMAL,0.0,2021-01-01,SYNTHETIC
SYN_MINE_01,A,SYN_TRUCK_013,dumper,8.0,t/h,7.0,7.0,5.51,1.49,0.0,0.0,1.0,0.7871,False,False,DRY,NORMAL,0.0,2021-01-01,SYNTHETIC
SYN_MINE_01,A,SYN_TRUCK_014,dumper,8.0,t/h,7.0,7.0,5.51,1.49,0.0,0.0,1.0,0.7871,False,False,DRY,NORMAL,0.0,2021-01-01,SYNTHETIC
SYN_MINE_01,A,SYN_TRUCK_015,dumper,8.0,t/h,7.0,7.0,5.51,1.49,0.0,0.0,1.0,0.7871,False,False,DRY,NORMAL,0.0,2021-01-01,SYNTHETIC
SYN_MINE_01,A,SYN_TRUCK_016,dumper,8.0,t/h,7.0,7.0,5.51,1.49,0.0,0.0,1.0,0.7871,False,False,DRY,NORMAL,0.0,2021-01-01,SYNTHETIC
SYN_MINE_01,A,SYN_TRUCK_017,dumper,8.0,t/h,7.0,7.0,5.51,1.49,0.0,0.0,1.0,0.7871,False,False,DRY,NORMAL,0.0,2021-01-01,SYNTHETIC
SYN_MINE_01,A,SYN_TRUCK_018,dumper,8.0,t/h,7.0,7.0,5.51,1.49,0.0,0.0,1.0,0.7871,False,False,DRY,NORMAL,0.0,2021-01-01,SYNTHETIC
SYN_MINE_01,A,SYN_DRILL_001,drill,8.5,m/h,7.0,7.0,7.0,0.0,0.0,0.0,1.0,1.0,False,False,DRY,NORMAL,0.0,2021-01-01,SYNTHETIC
SYN_MINE_01,A,SYN_DRILL_002,drill,8.5,m/h,7.0,5.508,5.508,0.0,0.0,1.492,0.7869,1.0,True,False,DRY,NORMAL,0.0,2021-01-01,SYNTHETIC
SYN_MINE_01,B,SYN_EXC_001,excavator,50.0,t ore/h,7.0,7.0,6.18,0.82,0.0,0.0,1.0,0.8828,False,False,DRY,NORMAL,300.92,2021-01-01,SYNTHETIC
SYN_MINE_01,B,SYN_EXC_002,excavator,50.0,t ore/h,7.0,7.0,6.18,0.82,0.0,0.0,1.0,0.8828,False,False,DRY,NORMAL,300.92,2021-01-01,SYNTHETIC
SYN_MINE_01,B,SYN_TRUCK_001,dumper,8.0,t/h,7.0,7.0,6.18,0.82,0.0,0.0,1.0,0.8828,False,False,DRY,NORMAL,0.0,2021-01-01,SYNTHETIC
SYN_MINE_01,B,SYN_TRUCK_002,dumper,8.0,t/h,7.0,7.0,6.18,0.82,0.0,0.0,1.0,0.8828,False,False,DRY,NORMAL,0.0,2021-01-01,SYNTHETIC
SYN_MINE_01,B,SYN_TRUCK_003,dumper,8.0,t/h,7.0,7.0,6.18,0.82,0.0,0.0,1.0,0.8828,False,False,DRY,NORMAL,0.0,2021-01-01,SYNTHETIC
SYN_MINE_01,B,SYN_TRUCK_004,dumper,8.0,t/h,7.0,7.0,6.18,0.82,0.0,0.0,1.0,0.8828,False,False,DRY,NORMAL,0.0,2021-01-01,SYNTHETIC
SYN_MINE_01,B,SYN_TRUCK_005,dumper,8.0,t/h,7.0,7.0,6.18,0.82,0.0,0.0,1.0,0.8828,False,False,DRY,NORMAL,0.0,2021-01-01,SYNTHETIC
SYN_MINE_01,B,SYN_TRUCK_006,dumper,8.0,t/h,7.0,7.0,6.18,0.82,0.0,0.0,1.0,0.8828,False,False,DRY,NORMAL,0.0,2021-01-01,SYNTHETIC
SYN_MINE_01,B,SYN_TRUCK_007,dumper,8.0,t/h,7.0,7.0,6.18,0.82,0.0,0.0,1.0,0.8828,False,False,DRY,NORMAL,0.0,2021-01-01,SYNTHETIC
SYN_MINE_01,B,SYN_TRUCK_008,dumper,8.0,t/h,7.0,7.0,6.18,0.82,0.0,0.0,1.0,0.8828,False,False,DRY,NORMAL,0.0,2021-01-01,SYNTHETIC
SYN_MINE_01,B,SYN_TRUCK_009,dumper,8.0,t/h,7.0,7.0,6.18,0.82,0.0,0.0,1.0,0.8828,False,False,DRY,NORMAL,0.0,2021-01-01,SYNTHETIC
SYN_MINE_01,B,SYN_TRUCK_010,dumper,8.0,t/h,7.0,7.0,6.18,0.82,0.0,0.0,1.0,0.8828,False,False,DRY,NORMAL,0.0,2021-01-01,SYNTHETIC
SYN_MINE_01,B,SYN_TRUCK_011,dumper,8.0,t/h,7.0,3.057,2.699,0.358,0.0,3.943,0.4367,0.8828,True,False,DRY,NORMAL,0.0,2021-01-01,SYNTHETIC
SYN_MINE_01,B,SYN_TRUCK_012,dumper,8.0,t/h,7.0,7.0,6.18,0.82,0.0,0.0,1.0,0.8828,False,False,DRY,NORMAL,0.0,2021-01-01,SYNTHETIC
SYN_MINE_01,B,SYN_TRUCK_013,dumper,8.0,t/h,7.0,7.0,6.18,0.82,0.0,0.0,1.0,0.8828,False,False,DRY,NORMAL,0.0,2021-01-01,SYNTHETIC
SYN_MINE_01,B,SYN_TRUCK_014,dumper,8.0,t/h,7.0,7.0,6.18,0.82,0.0,0.0,1.0,0.8828,False,False,DRY,NORMAL,0.0,2021-01-01,SYNTHETIC
SYN_MINE_01,B,SYN_TRUCK_015,dumper,8.0,t/h,7.0,1.97,1.739,0.231,0.0,5.03,0.2814,0.8828,True,False,DRY,NORMAL,0.0,2021-01-01,SYNTHETIC
SYN_MINE_01,B,SYN_TRUCK_016,dumper,8.0,t/h,7.0,7.0,6.18,0.82,0.0,0.0,1.0,0.8828,False,False,DRY,NORMAL,0.0,2021-01-01,SYNTHETIC
SYN_MINE_01,B,SYN_TRUCK_017,dumper,8.0,t/h,7.0,7.0,6.18,0.82,0.0,0.0,1.0,0.8828,False,False,DRY,NORMAL,0.0,2021-01-01,SYNTHETIC
SYN_MINE_01,B,SYN_TRUCK_018,dumper,8.0,t/h,7.0,7.0,6.18,0.82,0.0,0.0,1.0,0.8828,False,False,DRY,NORMAL,0.0,2021-01-01,SYNTHETIC
SYN_MINE_01,B,SYN_DRILL_001,drill,8.5,m/h,7.0,7.0,7.0,0.0,0.0,0.0,1.0,1.0,False,False,DRY,NORMAL,0.0,2021-01-01,SYNTHETIC
SYN_MINE_01,B,SYN_DRILL_002,drill,8.5,m/h,7.0,0.713,0.713,0.0,0.0,6.287,0.1019,1.0,False,False,DRY,NORMAL,0.0,2021-01-01,SYNTHETIC
SYN_MINE_01,C,SYN_EXC_001,excavator,50.0,t ore/h,6.0,0.54,0.459,0.081,0.0,3.458,0.09,0.8497,True,False,DRY,NORMAL,22.1,2021-01-01,SYNTHETIC
SYN_MINE_01,C,SYN_EXC_002,excavator,50.0,t ore/h,6.0,6.0,5.098,0.902,0.0,0.0,1.0,0.8497,False,False,DRY,NORMAL,245.41,2021-01-01,SYNTHETIC
SYN_MINE_01,C,SYN_TRUCK_001,dumper,8.0,t/h,6.0,6.0,5.098,0.902,0.0,0.0,1.0,0.8497,False,False,DRY,NORMAL,0.0,2021-01-01,SYNTHETIC
SYN_MINE_01,C,SYN_TRUCK_002,dumper,8.0,t/h,6.0,6.0,5.098,0.902,0.0,0.0,1.0,0.8497,False,False,DRY,NORMAL,0.0,2021-01-01,SYNTHETIC
SYN_MINE_01,C,SYN_TRUCK_003,dumper,8.0,t/h,6.0,6.0,5.098,0.902,0.0,0.0,1.0,0.8497,False,False,DRY,NORMAL,0.0,2021-01-01,SYNTHETIC
SYN_MINE_01,C,SYN_TRUCK_004,dumper,8.0,t/h,6.0,6.0,5.098,0.902,0.0,0.0,1.0,0.8497,False,False,DRY,NORMAL,0.0,2021-01-01,SYNTHETIC
SYN_MINE_01,C,SYN_TRUCK_005,dumper,8.0,t/h,6.0,6.0,5.098,0.902,0.0,0.0,1.0,0.8497,False,False,DRY,NORMAL,0.0,2021-01-01,SYNTHETIC
SYN_MINE_01,C,SYN_TRUCK_006,dumper,8.0,t/h,6.0,6.0,5.098,0.902,0.0,0.0,1.0,0.8497,False,False,DRY,NORMAL,0.0,2021-01-01,SYNTHETIC
SYN_MINE_01,C,SYN_TRUCK_007,dumper,8.0,t/h,6.0,6.0,5.098,0.902,0.0,0.0,1.0,0.8497,False,False,DRY,NORMAL,0.0,2021-01-01,SYNTHETIC
SYN_MINE_01,C,SYN_TRUCK_008,dumper,8.0,t/h,6.0,6.0,5.098,0.902,0.0,0.0,1.0,0.8497,False,False,DRY,NORMAL,0.0,2021-01-01,SYNTHETIC
SYN_MINE_01,C,SYN_TRUCK_009,dumper,8.0,t/h,6.0,6.0,5.098,0.902,0.0,0.0,1.0,0.8497,False,False,DRY,NORMAL,0.0,2021-01-01,SYNTHETIC
SYN_MINE_01,C,SYN_TRUCK_010,dumper,8.0,t/h,6.0,6.0,5.098,0.902,0.0,0.0,1.0,0.8497,False,False,DRY,NORMAL,0.0,2021-01-01,SYNTHETIC
SYN_MINE_01,C,SYN_TRUCK_011,dumper,8.0,t/h,6.0,0.0,0.0,0.0,0.0,6.0,0.0,0.0,False,False,DRY,NORMAL,0.0,2021-01-01,SYNTHETIC
SYN_MINE_01,C,SYN_TRUCK_012,dumper,8.0,t/h,6.0,6.0,5.098,0.902,0.0,0.0,1.0,0.8497,False,False,DRY,NORMAL,0.0,2021-01-01,SYNTHETIC
SYN_MINE_01,C,SYN_TRUCK_013,dumper,8.0,t/h,6.0,6.0,5.098,0.902,0.0,0.0,1.0,0.8497,False,False,DRY,NORMAL,0.0,2021-01-01,SYNTHETIC
SYN_MINE_01,C,SYN_TRUCK_014,dumper,8.0,t/h,6.0,6.0,5.098,0.902,0.0,0.0,1.0,0.8497,False,False,DRY,NORMAL,0.0,2021-01-01,SYNTHETIC
SYN_MINE_01,C,SYN_TRUCK_015,dumper,8.0,t/h,6.0,4.401,3.74,0.661,0.0,1.599,0.7335,0.8497,False,False,DRY,NORMAL,0.0,2021-01-01,SYNTHETIC
SYN_MINE_01,C,SYN_TRUCK_016,dumper,8.0,t/h,6.0,6.0,5.098,0.902,0.0,0.0,1.0,0.8497,False,False,DRY,NORMAL,0.0,2021-01-01,SYNTHETIC
SYN_MINE_01,C,SYN_TRUCK_017,dumper,8.0,t/h,6.0,6.0,5.098,0.902,0.0,0.0,1.0,0.8497,False,False,DRY,NORMAL,0.0,2021-01-01,SYNTHETIC
SYN_MINE_01,C,SYN_TRUCK_018,dumper,8.0,t/h,6.0,6.0,5.098,0.902,0.0,0.0,1.0,0.8497,False,False,DRY,NORMAL,0.0,2021-01-01,SYNTHETIC
SYN_MINE_01,C,SYN_DRILL_001,drill,8.5,m/h,6.0,6.0,6.0,0.0,0.0,0.0,1.0,1.0,False,False,DRY,NORMAL,0.0,2021-01-01,SYNTHETIC
SYN_MINE_01,C,SYN_DRILL_002,drill,8.5,m/h,6.0,6.0,6.0,0.0,0.0,0.0,1.0,1.0,False,False,DRY,NORMAL,0.0,2021-01-01,SYNTHETIC
SYN_MINE_01,A,SYN_EXC_001,excavator,50.0,t ore/h,7.0,7.0,6.719,0.281,0.0,0.0,1.0,0.9598,False,False,DRY,NORMAL,377.46,2021-01-02,SYNTHETIC
SYN_MINE_01,A,SYN_EXC_002,excavator,50.0,t ore/h,7.0,7.0,6.719,0.281,0.0,0.0,1.0,0.9598,False,False,DRY,NORMAL,377.46,2021-01-02,SYNTHETIC
SYN_MINE_01,A,SYN_TRUCK_001,dumper,8.0,t/h,7.0,7.0,6.719,0.281,0.0,0.0,1.0,0.9598,False,False,DRY,NORMAL,0.0,2021-01-02,SYNTHETIC
SYN_MINE_01,A,SYN_TRUCK_002,dumper,8.0,t/h,7.0,7.0,6.719,0.281,0.0,0.0,1.0,0.9598,False,False,DRY,NORMAL,0.0,2021-01-02,SYNTHETIC
SYN_MINE_01,A,SYN_TRUCK_003,dumper,8.0,t/h,7.0,7.0,6.719,0.281,0.0,0.0,1.0,0.9598,False,False,DRY,NORMAL,0.0,2021-01-02,SYNTHETIC
SYN_MINE_01,A,SYN_TRUCK_004,dumper,8.0,t/h,7.0,1.272,1.221,0.051,5.728,0.0,0.1817,0.9598,False,True,DRY,NORMAL,0.0,2021-01-02,SYNTHETIC
SYN_MINE_01,A,SYN_TRUCK_005,dumper,8.0,t/h,7.0,7.0,6.719,0.281,0.0,0.0,1.0,0.9598,False,False,DRY,NORMAL,0.0,2021-01-02,SYNTHETIC
SYN_MINE_01,A,SYN_TRUCK_006,dumper,8.0,t/h,7.0,7.0,6.719,0.281,0.0,0.0,1.0,0.9598,False,False,DRY,NORMAL,0.0,2021-01-02,SYNTHETIC
SYN_MINE_01,A,SYN_TRUCK_007,dumper,8.0,t/h,7.0,7.0,6.719,0.281,0.0,0.0,1.0,0.9598,False,False,DRY,NORMAL,0.0,2021-01-02,SYNTHETIC
SYN_MINE_01,A,SYN_TRUCK_008,dumper,8.0,t/h,7.0,7.0,6.719,0.281,0.0,0.0,1.0,0.9598,False,False,DRY,NORMAL,0.0,2021-01-02,SYNTHETIC
SYN_MINE_01,A,SYN_TRUCK_009,dumper,8.0,t/h,7.0,3.458,3.319,0.139,0.0,3.542,0.494,0.9598,True,False,DRY,NORMAL,0.0,2021-01-02,SYNTHETIC
SYN_MINE_01,A,SYN_TRUCK_010,dumper,8.0,t/h,7.0,7.0,6.719,0.281,0.0,0.0,1.0,0.9598,False,False,DRY,NORMAL,0.0,2021-01-02,SYNTHETIC
SYN_MINE_01,A,SYN_TRUCK_011,dumper,8.0,t/h,7.0,6.004,5.763,0.241,0.0,0.996,0.8577,0.9598,False,False,DRY,NORMAL,0.0,2021-01-02,SYNTHETIC
SYN_MINE_01,A,SYN_TRUCK_012,dumper,8.0,t/h,7.0,7.0,6.719,0.281,0.0,0.0,1.0,0.9598,False,False,DRY,NORMAL,0.0,2021-01-02,SYNTHETIC
SYN_MINE_01,A,SYN_TRUCK_013,dumper,8.0,t/h,7.0,7.0,6.719,0.281,0.0,0.0,1.0,0.9598,False,False,DRY,NORMAL,0.0,2021-01-02,SYNTHETIC
SYN_MINE_01,A,SYN_TRUCK_014,dumper,8.0,t/h,7.0,7.0,6.719,0.281,0.0,0.0,1.0,0.9598,False,False,DRY,NORMAL,0.0,2021-01-02,SYNTHETIC
SYN_MINE_01,A,SYN_TRUCK_015,dumper,8.0,t/h,7.0,7.0,6.719,0.281,0.0,0.0,1.0,0.9598,False,False,DRY,NORMAL,0.0,2021-01-02,SYNTHETIC
SYN_MINE_01,A,SYN_TRUCK_016,dumper,8.0,t/h,7.0,7.0,6.719,0.281,0.0,0.0,1.0,0.9598,False,False,DRY,NORMAL,0.0,2021-01-02,SYNTHETIC
SYN_MINE_01,A,SYN_TRUCK_017,dumper,8.0,t/h,7.0,7.0,6.719,0.281,0.0,0.0,1.0,0.9598,False,False,DRY,NORMAL,0.0,2021-01-02,SYNTHETIC
SYN_MINE_01,A,SYN_TRUCK_018,dumper,8.0,t/h,7.0,6.71,6.44,0.269,0.0,0.29,0.9586,0.9598,True,False,DRY,NORMAL,0.0,2021-01-02,SYNTHETIC
SYN_MINE_01,A,SYN_DRILL_001,drill,8.5,m/h,7.0,7.0,7.0,0.0,0.0,0.0,1.0,1.0,False,False,DRY,NORMAL,0.0,2021-01-02,SYNTHETIC
SYN_MINE_01,A,SYN_DRILL_002,drill,8.5,m/h,7.0,7.0,7.0,0.0,0.0,0.0,1.0,1.0,False,False,DRY,NORMAL,0.0,2021-01-02,SYNTHETIC
SYN_MINE_01,B,SYN_EXC_001,excavator,50.0,t ore/h,7.0,7.0,6.313,0.687,0.0,0.0,1.0,0.9019,False,False,DRY,NORMAL,304.47,2021-01-02,SYNTHETIC
SYN_MINE_01,B,SYN_EXC_002,excavator,50.0,t ore/h,7.0,7.0,6.313,0.687,0.0,0.0,1.0,0.9019,False,False,DRY,NORMAL,304.47,2021-01-02,SYNTHETIC
SYN_MINE_01,B,SYN_TRUCK_001,dumper,8.0,t/h,7.0,7.0,6.313,0.687,0.0,0.0,1.0,0.9019,False,False,DRY,NORMAL,0.0,2021-01-02,SYNTHETIC
SYN_MINE_01,B,SYN_TRUCK_002,dumper,8.0,t/h,7.0,7.0,6.313,0.687,0.0,0.0,1.0,0.9019,False,False,DRY,NORMAL,0.0,2021-01-02,SYNTHETIC
SYN_MINE_01,B,SYN_TRUCK_003,dumper,8.0,t/h,7.0,7.0,6.313,0.687,0.0,0.0,1.0,0.9019,False,False,DRY,NORMAL,0.0,2021-01-02,SYNTHETIC
SYN_MINE_01,B,SYN_TRUCK_004,dumper,8.0,t/h,7.0,7.0,6.313,0.687,0.0,0.0,1.0,0.9019,False,False,DRY,NORMAL,0.0,2021-01-02,SYNTHETIC
SYN_MINE_01,B,SYN_TRUCK_005,dumper,8.0,t/h,7.0,7.0,6.313,0.687,0.0,0.0,1.0,0.9019,False,False,DRY,NORMAL,0.0,2021-01-02,SYNTHETIC
SYN_MINE_01,B,SYN_TRUCK_006,dumper,8.0,t/h,7.0,5.784,5.217,0.567,0.0,1.216,0.8263,0.9019,True,False,DRY,NORMAL,0.0,2021-01-02,SYNTHETIC
SYN_MINE_01,B,SYN_TRUCK_007,dumper,8.0,t/h,7.0,7.0,6.313,0.687,0.0,0.0,1.0,0.9019,False,False,DRY,NORMAL,0.0,2021-01-02,SYNTHETIC
SYN_MINE_01,B,SYN_TRUCK_008,dumper,8.0,t/h,7.0,7.0,6.313,0.687,0.0,0.0,1.0,0.9019,False,False,DRY,NORMAL,0.0,2021-01-02,SYNTHETIC
SYN_MINE_01,B,SYN_TRUCK_009,dumper,8.0,t/h,7.0,0.0,0.0,0.0,0.0,7.0,0.0,0.0,False,False,DRY,NORMAL,0.0,2021-01-02,SYNTHETIC
SYN_MINE_01,B,SYN_TRUCK_010,dumper,8.0,t/h,7.0,7.0,6.313,0.687,0.0,0.0,1.0,0.9019,False,False,DRY,NORMAL,0.0,2021-01-02,SYNTHETIC
SYN_MINE_01,B,SYN_TRUCK_011,dumper,8.0,t/h,7.0,7.0,6.313,0.687,0.0,0.0,1.0,0.9019,False,False,DRY,NORMAL,0.0,2021-01-02,SYNTHETIC
SYN_MINE_01,B,SYN_TRUCK_012,dumper,8.0,t/h,7.0,7.0,6.313,0.687,0.0,0.0,1.0,0.9019,False,False,DRY,NORMAL,0.0,2021-01-02,SYNTHETIC
SYN_MINE_01,B,SYN_TRUCK_013,dumper,8.0,t/h,7.0,7.0,6.313,0.687,0.0,0.0,1.0,0.9019,False,False,DRY,NORMAL,0.0,2021-01-02,SYNTHETIC
SYN_MINE_01,B,SYN_TRUCK_014,dumper,8.0,t/h,7.0,7.0,6.313,0.687,0.0,0.0,1.0,0.9019,False,False,DRY,NORMAL,0.0,2021-01-02,SYNTHETIC
SYN_MINE_01,B,SYN_TRUCK_015,dumper,8.0,t/h,7.0,7.0,6.313,0.687,0.0,0.0,1.0,0.9019,False,False,DRY,NORMAL,0.0,2021-01-02,SYNTHETIC
SYN_MINE_01,B,SYN_TRUCK_016,dumper,8.0,t/h,7.0,7.0,6.313,0.687,0.0,0.0,1.0,0.9019,False,False,DRY,NORMAL,0.0,2021-01-02,SYNTHETIC
SYN_MINE_01,B,SYN_TRUCK_017,dumper,8.0,t/h,7.0,7.0,6.313,0.687,0.0,0.0,1.0,0.9019,False,False,DRY,NORMAL,0.0,2021-01-02,SYNTHETIC
SYN_MINE_01,B,SYN_TRUCK_018,dumper,8.0,t/h,7.0,4.343,3.917,0.426,0.0,2.657,0.6204,0.9019,False,False,DRY,NORMAL,0.0,2021-01-02,SYNTHETIC
SYN_MINE_01,B,SYN_DRILL_001,drill,8.5,m/h,7.0,3.884,3.884,0.0,0.0,3.116,0.5549,1.0,True,False,DRY,NORMAL,0.0,2021-01-02,SYNTHETIC
SYN_MINE_01,B,SYN_DRILL_002,drill,8.5,m/h,7.0,7.0,7.0,0.0,0.0,0.0,1.0,1.0,False,False,DRY,NORMAL,0.0,2021-01-02,SYNTHETIC
SYN_MINE_01,C,SYN_EXC_001,excavator,50.0,t ore/h,6.0,6.0,5.655,0.345,0.0,0.0,1.0,0.9425,False,False,DRY,NORMAL,302.94,2021-01-02,SYNTHETIC
SYN_MINE_01,C,SYN_EXC_002,excavator,50.0,t ore/h,6.0,6.0,5.655,0.345,0.0,0.0,1.0,0.9425,False,False,DRY,NORMAL,302.94,2021-01-02,SYNTHETIC
SYN_MINE_01,C,SYN_TRUCK_001,dumper,8.0,t/h,6.0,6.0,5.655,0.345,0.0,0.0,1.0,0.9425,False,False,DRY,NORMAL,0.0,2021-01-02,SYNTHETIC
SYN_MINE_01,C,SYN_TRUCK_002,dumper,8.0,t/h,6.0,6.0,5.655,0.345,0.0,0.0,1.0,0.9425,False,False,DRY,NORMAL,0.0,2021-01-02,SYNTHETIC
SYN_MINE_01,C,SYN_TRUCK_003,dumper,8.0,t/h,6.0,6.0,5.655,0.345,0.0,0.0,1.0,0.9425,False,False,DRY,NORMAL,0.0,2021-01-02,SYNTHETIC
SYN_MINE_01,C,SYN_TRUCK_004,dumper,8.0,t/h,6.0,6.0,5.655,0.345,0.0,0.0,1.0,0.9425,False,False,DRY,NORMAL,0.0,2021-01-02,SYNTHETIC
SYN_MINE_01,C,SYN_TRUCK_005,dumper,8.0,t/h,6.0,2.611,2.461,0.15,0.0,2.453,0.4351,0.9425,True,False,DRY,NORMAL,0.0,2021-01-02,SYNTHETIC
SYN_MINE_01,C,SYN_TRUCK_006,dumper,8.0,t/h,6.0,0.519,0.489,0.03,0.0,5.481,0.0865,0.9425,False,False,DRY,NORMAL,0.0,2021-01-02,SYNTHETIC
SYN_MINE_01,C,SYN_TRUCK_007,dumper,8.0,t/h,6.0,6.0,5.655,0.345,0.0,0.0,1.0,0.9425,False,False,DRY,NORMAL,0.0,2021-01-02,SYNTHETIC
SYN_MINE_01,C,SYN_TRUCK_008,dumper,8.0,t/h,6.0,6.0,5.655,0.345,0.0,0.0,1.0,0.9425,False,False,DRY,NORMAL,0.0,2021-01-02,SYNTHETIC
SYN_MINE_01,C,SYN_TRUCK_009,dumper,8.0,t/h,6.0,5.777,5.445,0.332,0.0,0.223,0.9628,0.9425,False,False,DRY,NORMAL,0.0,2021-01-02,SYNTHETIC
SYN_MINE_01,C,SYN_TRUCK_010,dumper,8.0,t/h,6.0,6.0,5.655,0.345,0.0,0.0,1.0,0.9425,False,False,DRY,NORMAL,0.0,2021-01-02,SYNTHETIC
SYN_MINE_01,C,SYN_TRUCK_011,dumper,8.0,t/h,6.0,6.0,5.655,0.345,0.0,0.0,1.0,0.9425,False,False,DRY,NORMAL,0.0,2021-01-02,SYNTHETIC
SYN_MINE_01,C,SYN_TRUCK_012,dumper,8.0,t/h,6.0,6.0,5.655,0.345,0.0,0.0,1.0,0.9425,False,False,DRY,NORMAL,0.0,2021-01-02,SYNTHETIC
SYN_MINE_01,C,SYN_TRUCK_013,dumper,8.0,t/h,6.0,6.0,5.655,0.345,0.0,0.0,1.0,0.9425,False,False,DRY,NORMAL,0.0,2021-01-02,SYNTHETIC
SYN_MINE_01,C,SYN_TRUCK_014,dumper,8.0,t/h,6.0,6.0,5.655,0.345,0.0,0.0,1.0,0.9425,False,False,DRY,NORMAL,0.0,2021-01-02,SYNTHETIC
SYN_MINE_01,C,SYN_TRUCK_015,dumper,8.0,t/h,6.0,6.0,5.655,0.345,0.0,0.0,1.0,0.9425,False,False,DRY,NORMAL,0.0,2021-01-02,SYNTHETIC
SYN_MINE_01,C,SYN_TRUCK_016,dumper,8.0,t/h,6.0,6.0,5.655,0.345,0.0,0.0,1.0,0.9425,False,False,DRY,NORMAL,0.0,2021-01-02,SYNTHETIC
SYN_MINE_01,C,SYN_TRUCK_017,dumper,8.0,t/h,6.0,6.0,5.655,0.345,0.0,0.0,1.0,0.9425,False,False,DRY,NORMAL,0.0,2021-01-02,SYNTHETIC
SYN_MINE_01,C,SYN_TRUCK_018,dumper,8.0,t/h,6.0,6.0,5.655,0.345,0.0,0.0,1.0,0.9425,False,False,DRY,NORMAL,0.0,2021-01-02,SYNTHETIC
SYN_MINE_01,C,SYN_DRILL_001,drill,8.5,m/h,6.0,0.0,0.0,0.0,0.0,6.0,0.0,0.0,False,False,DRY,NORMAL,0.0,2021-01-02,SYNTHETIC
SYN_MINE_01,C,SYN_DRILL_002,drill,8.5,m/h,6.0,6.0,6.0,0.0,0.0,0.0,1.0,1.0,False,False,DRY,NORMAL,0.0,2021-01-02,SYNTHETIC
SYN_MINE_01,A,SYN_EXC_001,excavator,50.0,t ore/h,7.0,7.0,5.305,1.695,0.0,0.0,1.0,0.7579,False,False,DRY,NORMAL,279.83,2021-01-03,SYNTHETIC
SYN_MINE_01,A,SYN_EXC_002,excavator,50.0,t ore/h,7.0,7.0,5.305,1.695,0.0,0.0,1.0,0.7579,False,False,DRY,NORMAL,279.83,2021-01-03,SYNTHETIC
SYN_MINE_01,A,SYN_TRUCK_001,dumper,8.0,t/h,7.0,7.0,5.305,1.695,0.0,0.0,1.0,0.7579,False,False,DRY,NORMAL,0.0,2021-01-03,SYNTHETIC
SYN_MINE_01,A,SYN_TRUCK_002,dumper,8.0,t/h,7.0,7.0,5.305,1.695,0.0,0.0,1.0,0.7579,False,False,DRY,NORMAL,0.0,2021-01-03,SYNTHETIC
SYN_MINE_01,A,SYN_TRUCK_003,dumper,8.0,t/h,7.0,7.0,5.305,1.695,0.0,0.0,1.0,0.7579,False,False,DRY,NORMAL,0.0,2021-01-03,SYNTHETIC
SYN_MINE_01,A,SYN_TRUCK_004,dumper,8.0,t/h,7.0,7.0,5.305,1.695,0.0,0.0,1.0,0.7579,False,False,DRY,NORMAL,0.0,2021-01-03,SYNTHETIC
SYN_MINE_01,A,SYN_TRUCK_005,dumper,8.0,t/h,7.0,1.608,1.218,0.389,0.0,5.392,0.2297,0.7579,True,False,DRY,NORMAL,0.0,2021-01-03,SYNTHETIC
SYN_MINE_01,A,SYN_TRUCK_006,dumper,8.0,t/h,7.0,7.0,5.305,1.695,0.0,0.0,1.0,0.7579,False,False,DRY,NORMAL,0.0,2021-01-03,SYNTHETIC
SYN_MINE_01,A,SYN_TRUCK_007,dumper,8.0,t/h,7.0,7.0,5.305,1.695,0.0,0.0,1.0,0.7579,False,False,DRY,NORMAL,0.0,2021-01-03,SYNTHETIC
SYN_MINE_01,A,SYN_TRUCK_008,dumper,8.0,t/h,7.0,7.0,5.305,1.695,0.0,0.0,1.0,0.7579,False,False,DRY,NORMAL,0.0,2021-01-03,SYNTHETIC
SYN_MINE_01,A,SYN_TRUCK_009,dumper,8.0,t/h,7.0,7.0,5.305,1.695,0.0,0.0,1.0,0.7579,False,False,DRY,NORMAL,0.0,2021-01-03,SYNTHETIC
SYN_MINE_01,A,SYN_TRUCK_010,dumper,8.0,t/h,7.0,0.676,0.512,0.164,6.324,0.0,0.0965,0.7579,False,True,DRY,NORMAL,0.0,2021-01-03,SYNTHETIC
SYN_MINE_01,A,SYN_TRUCK_011,dumper,8.0,t/h,7.0,7.0,5.305,1.695,0.0,0.0,1.0,0.7579,False,False,DRY,NORMAL,0.0,2021-01-03,SYNTHETIC
SYN_MINE_01,A,SYN_TRUCK_012,dumper,8.0,t/h,7.0,7.0,5.305,1.695,0.0,0.0,1.0,0.7579,False,False,DRY,NORMAL,0.0,2021-01-03,SYNTHETIC
SYN_MINE_01,A,SYN_TRUCK_013,dumper,8.0,t/h,7.0,7.0,5.305,1.695,0.0,0.0,1.0,0.7579,False,False,DRY,NORMAL,0.0,2021-01-03,SYNTHETIC
SYN_MINE_01,A,SYN_TRUCK_014,dumper,8.0,t/h,7.0,7.0,5.305,1.695,0.0,0.0,1.0,0.7579,False,False,DRY,NORMAL,0.0,2021-01-03,SYNTHETIC
SYN_MINE_01,A,SYN_TRUCK_015,dumper,8.0,t/h,7.0,7.0,5.305,1.695,0.0,0.0,1.0,0.7579,False,False,DRY,NORMAL,0.0,2021-01-03,SYNTHETIC
SYN_MINE_01,A,SYN_TRUCK_016,dumper,8.0,t/h,7.0,7.0,5.305,1.695,0.0,0.0,1.0,0.7579,False,False,DRY,NORMAL,0.0,2021-01-03,SYNTHETIC
SYN_MINE_01,A,SYN_TRUCK_017,dumper,8.0,t/h,7.0,7.0,5.305,1.695,0.0,0.0,1.0,0.7579,False,False,DRY,NORMAL,0.0,2021-01-03,SYNTHETIC
SYN_MINE_01,A,SYN_TRUCK_018,dumper,8.0,t/h,7.0,7.0,5.305,1.695,0.0,0.0,1.0,0.7579,False,False,DRY,NORMAL,0.0,2021-01-03,SYNTHETIC
SYN_MINE_01,A,SYN_DRILL_001,drill,8.5,m/h,7.0,0.0,0.0,0.0,0.0,7.0,0.0,0.0,False,False,DRY,NORMAL,0.0,2021-01-03,SYNTHETIC
SYN_MINE_01,A,SYN_DRILL_002,drill,8.5,m/h,7.0,7.0,7.0,0.0,0.0,0.0,1.0,1.0,False,False,DRY,NORMAL,0.0,2021-01-03,SYNTHETIC
SYN_MINE_01,B,SYN_EXC_001,excavator,50.0,t ore/h,7.0,7.0,5.084,1.916,0.0,0.0,1.0,0.7263,False,False,DRY,NORMAL,236.93,2021-01-03,SYNTHETIC
SYN_MINE_01,B,SYN_EXC_002,excavator,50.0,t ore/h,7.0,7.0,5.084,1.916,0.0,0.0,1.0,0.7263,False,False,DRY,NORMAL,236.93,2021-01-03,SYNTHETIC
SYN_MINE_01,B,SYN_TRUCK_001,dumper,8.0,t/h,7.0,3.886,2.823,1.064,0.0,3.114,0.5552,0.7263,True,False,DRY,NORMAL,0.0,2021-01-03,SYNTHETIC
SYN_MINE_01,B,SYN_TRUCK_002,dumper,8.0,t/h,7.0,7.0,5.084,1.916,0.0,0.0,1.0,0.7263,False,False,DRY,NORMAL,0.0,2021-01-03,SYNTHETIC
SYN_MINE_01,B,SYN_TRUCK_003,dumper,8.0,t/h,7.0,7.0,5.084,1.916,0.0,0.0,1.0,0.7263,False,False,DRY,NORMAL,0.0,2021-01-03,SYNTHETIC
SYN_MINE_01,B,SYN_TRUCK_004,dumper,8.0,t/h,7.0,7.0,5.084,1.916,0.0,0.0,1.0,0.7263,False,False,DRY,NORMAL,0.0,2021-01-03,SYNTHETIC
SYN_MINE_01,B,SYN_TRUCK_005,dumper,8.0,t/h,7.0,6.0,4.357,1.642,0.0,1.0,0.8571,0.7263,False,False,DRY,NORMAL,0.0,2021-01-03,SYNTHETIC
SYN_MINE_01,B,SYN_TRUCK_006,dumper,8.0,t/h,7.0,7.0,5.084,1.916,0.0,0.0,1.0,0.7263,False,False,DRY,NORMAL,0.0,2021-01-03,SYNTHETIC
SYN_MINE_01,B,SYN_TRUCK_007,dumper,8.0,t/h,7.0,7.0,5.084,1.916,0.0,0.0,1.0,0.7263,False,False,DRY,NORMAL,0.0,2021-01-03,SYNTHETIC
SYN_MINE_01,B,SYN_TRUCK_008,dumper,8.0,t/h,7.0,7.0,5.084,1.916,0.0,0.0,1.0,0.7263,False,False,DRY,NORMAL,0.0,2021-01-03,SYNTHETIC
SYN_MINE_01,B,SYN_TRUCK_009,dumper,8.0,t/h,7.0,7.0,5.084,1.916,0.0,0.0,1.0,0.7263,False,False,DRY,NORMAL,0.0,2021-01-03,SYNTHETIC
SYN_MINE_01,B,SYN_TRUCK_010,dumper,8.0,t/h,7.0,7.0,5.084,1.916,0.0,0.0,1.0,0.7263,False,False,DRY,NORMAL,0.0,2021-01-03,SYNTHETIC
SYN_MINE_01,B,SYN_TRUCK_011,dumper,8.0,t/h,7.0,0.764,0.555,0.209,0.0,3.602,0.1091,0.7263,True,False,DRY,NORMAL,0.0,2021-01-03,SYNTHETIC
SYN_MINE_01,B,SYN_TRUCK_012,dumper,8.0,t/h,7.0,7.0,5.084,1.916,0.0,0.0,1.0,0.7263,False,False,DRY,NORMAL,0.0,2021-01-03,SYNTHETIC
SYN_MINE_01,B,SYN_TRUCK_013,dumper,8.0,t/h,7.0,7.0,5.084,1.916,0.0,0.0,1.0,0.7263,False,False,DRY,NORMAL,0.0,2021-01-03,SYNTHETIC
SYN_MINE_01,B,SYN_TRUCK_014,dumper,8.0,t/h,7.0,7.0,5.084,1.916,0.0,0.0,1.0,0.7263,False,False,DRY,NORMAL,0.0,2021-01-03,SYNTHETIC
SYN_MINE_01,B,SYN_TRUCK_015,dumper,8.0,t/h,7.0,7.0,5.084,1.916,0.0,0.0,1.0,0.7263,False,False,DRY,NORMAL,0.0,2021-01-03,SYNTHETIC
SYN_MINE_01,B,SYN_TRUCK_016,dumper,8.0,t/h,7.0,7.0,5.084,1.916,0.0,0.0,1.0,0.7263,False,False,DRY,NORMAL,0.0,2021-01-03,SYNTHETIC
SYN_MINE_01,B,SYN_TRUCK_017,dumper,8.0,t/h,7.0,7.0,5.084,1.916,0.0,0.0,1.0,0.7263,False,False,DRY,NORMAL,0.0,2021-01-03,SYNTHETIC
SYN_MINE_01,B,SYN_TRUCK_018,dumper,8.0,t/h,7.0,7.0,5.084,1.916,0.0,0.0,1.0,0.7263,False,False,DRY,NORMAL,0.0,2021-01-03,SYNTHETIC
SYN_MINE_01,B,SYN_DRILL_001,drill,8.5,m/h,7.0,0.932,0.932,0.0,0.0,6.068,0.1332,1.0,False,False,DRY,NORMAL,0.0,2021-01-03,SYNTHETIC
SYN_MINE_01,B,SYN_DRILL_002,drill,8.5,m/h,7.0,7.0,7.0,0.0,0.0,0.0,1.0,1.0,False,False,DRY,NORMAL,0.0,2021-01-03,SYNTHETIC
SYN_MINE_01,C,SYN_EXC_001,excavator,50.0,t ore/h,6.0,6.0,4.386,1.614,0.0,0.0,1.0,0.731,False,False,DRY,NORMAL,213.05,2021-01-03,SYNTHETIC
SYN_MINE_01,C,SYN_EXC_002,excavator,50.0,t ore/h,6.0,6.0,4.386,1.614,0.0,0.0,1.0,0.731,False,False,DRY,NORMAL,213.05,2021-01-03,SYNTHETIC
SYN_MINE_01,C,SYN_TRUCK_001,dumper,8.0,t/h,6.0,2.324,1.699,0.625,0.0,3.676,0.3874,0.731,False,False,DRY,NORMAL,0.0,2021-01-03,SYNTHETIC
SYN_MINE_01,C,SYN_TRUCK_002,dumper,8.0,t/h,6.0,6.0,4.386,1.614,0.0,0.0,1.0,0.731,False,False,DRY,NORMAL,0.0,2021-01-03,SYNTHETIC
SYN_MINE_01,C,SYN_TRUCK_003,dumper,8.0,t/h,6.0,6.0,4.386,1.614,0.0,0.0,1.0,0.731,False,False,DRY,NORMAL,0.0,2021-01-03,SYNTHETIC
SYN_MINE_01,C,SYN_TRUCK_004,dumper,8.0,t/h,6.0,6.0,4.386,1.614,0.0,0.0,1.0,0.731,False,False,DRY,NORMAL,0.0,2021-01-03,SYNTHETIC
SYN_MINE_01,C,SYN_TRUCK_005,dumper,8.0,t/h,6.0,6.0,4.386,1.614,0.0,0.0,1.0,0.731,False,False,DRY,NORMAL,0.0,2021-01-03,SYNTHETIC
SYN_MINE_01,C,SYN_TRUCK_006,dumper,8.0,t/h,6.0,6.0,4.386,1.614,0.0,0.0,1.0,0.731,False,False,DRY,NORMAL,0.0,2021-01-03,SYNTHETIC
SYN_MINE_01,C,SYN_TRUCK_007,dumper,8.0,t/h,6.0,6.0,4.386,1.614,0.0,0.0,1.0,0.731,False,False,DRY,NORMAL,0.0,2021-01-03,SYNTHETIC
SYN_MINE_01,C,SYN_TRUCK_008,dumper,8.0,t/h,6.0,6.0,4.386,1.614,0.0,0.0,1.0,0.731,False,False,DRY,NORMAL,0.0,2021-01-03,SYNTHETIC
SYN_MINE_01,C,SYN_TRUCK_009,dumper,8.0,t/h,6.0,6.0,4.386,1.614,0.0,0.0,1.0,0.731,False,False,DRY,NORMAL,0.0,2021-01-03,SYNTHETIC
SYN_MINE_01,C,SYN_TRUCK_010,dumper,8.0,t/h,6.0,6.0,4.386,1.614,0.0,0.0,1.0,0.731,False,False,DRY,NORMAL,0.0,2021-01-03,SYNTHETIC
SYN_MINE_01,C,SYN_TRUCK_011,dumper,8.0,t/h,6.0,6.0,4.386,1.614,0.0,0.0,1.0,0.731,False,False,DRY,NORMAL,0.0,2021-01-03,SYNTHETIC
SYN_MINE_01,C,SYN_TRUCK_012,dumper,8.0,t/h,6.0,6.0,4.386,1.614,0.0,0.0,1.0,0.731,False,False,DRY,NORMAL,0.0,2021-01-03,SYNTHETIC
SYN_MINE_01,C,SYN_TRUCK_013,dumper,8.0,t/h,6.0,6.0,4.386,1.614,0.0,0.0,1.0,0.731,False,False,DRY,NORMAL,0.0,2021-01-03,SYNTHETIC
SYN_MINE_01,C,SYN_TRUCK_014,dumper,8.0,t/h,6.0,6.0,4.386,1.614,0.0,0.0,1.0,0.731,False,False,DRY,NORMAL,0.0,2021-01-03,SYNTHETIC
SYN_MINE_01,C,SYN_TRUCK_015,dumper,8.0,t/h,6.0,6.0,4.386,1.614,0.0,0.0,1.0,0.731,False,False,DRY,NORMAL,0.0,2021-01-03,SYNTHETIC
SYN_MINE_01,C,SYN_TRUCK_016,dumper,8.0,t/h,6.0,0.332,0.243,0.089,0.0,5.668,0.0554,0.731,True,False,DRY,NORMAL,0.0,2021-01-03,SYNTHETIC
SYN_MINE_01,C,SYN_TRUCK_017,dumper,8.0,t/h,6.0,3.547,2.593,0.954,0.0,2.453,0.5911,0.731,True,False,DRY,NORMAL,0.0,2021-01-03,SYNTHETIC
SYN_MINE_01,C,SYN_TRUCK_018,dumper,8.0,t/h,6.0,6.0,4.386,1.614,0.0,0.0,1.0,0.731,False,False,DRY,NORMAL,0.0,2021-01-03,SYNTHETIC
SYN_MINE_01,C,SYN_DRILL_001,drill,8.5,m/h,6.0,6.0,6.0,0.0,0.0,0.0,1.0,1.0,False,False,DRY,NORMAL,0.0,2021-01-03,SYNTHETIC
SYN_MINE_01,C,SYN_DRILL_002,drill,8.5,m/h,6.0,6.0,6.0,0.0,0.0,0.0,1.0,1.0,False,False,DRY,NORMAL,0.0,2021-01-03,SYNTHETIC
SYN_MINE_01,A,SYN_EXC_001,excavator,50.0,t ore/h,7.0,7.0,6.124,0.876,0.0,0.0,1.0,0.8748,False,False,DRY,NORMAL,301.63,2021-01-04,SYNTHETIC
SYN_MINE_01,A,SYN_EXC_002,excavator,50.0,t ore/h,7.0,7.0,6.124,0.876,0.0,0.0,1.0,0.8748,False,False,DRY,NORMAL,301.63,2021-01-04,SYNTHETIC
SYN_MINE_01,A,SYN_TRUCK_001,dumper,8.0,t/h,7.0,2.803,2.452,0.351,4.197,0.0,0.4004,0.8748,False,True,DRY,NORMAL,0.0,2021-01-04,SYNTHETIC
SYN_MINE_01,A,SYN_TRUCK_002,dumper,8.0,t/h,7.0,7.0,6.124,0.876,0.0,0.0,1.0,0.8748,False,False,DRY,NORMAL,0.0,2021-01-04,SYNTHETIC
SYN_MINE_01,A,SYN_TRUCK_003,dumper,8.0,t/h,7.0,7.0,6.124,0.876,0.0,0.0,1.0,0.8748,False,False,DRY,NORMAL,0.0,2021-01-04,SYNTHETIC
SYN_MINE_01,A,SYN_TRUCK_004,dumper,8.0,t/h,7.0,7.0,6.124,0.876,0.0,0.0,1.0,0.8748,False,False,DRY,NORMAL,0.0,2021-01-04,SYNTHETIC
SYN_MINE_01,A,SYN_TRUCK_005,dumper,8.0,t/h,7.0,6.474,5.663,0.811,0.0,0.526,0.9248,0.8748,True,False,DRY,NORMAL,0.0,2021-01-04,SYNTHETIC
SYN_MINE_01,A,SYN_TRUCK_006,dumper,8.0,t/h,7.0,7.0,6.124,0.876,0.0,0.0,1.0,0.8748,False,False,DRY,NORMAL,0.0,2021-01-04,SYNTHETIC
SYN_MINE_01,A,SYN_TRUCK_007,dumper,8.0,t/h,7.0,7.0,6.124,0.876,0.0,0.0,1.0,0.8748,False,False,DRY,NORMAL,0.0,2021-01-04,SYNTHETIC
SYN_MINE_01,A,SYN_TRUCK_008,dumper,8.0,t/h,7.0,7.0,6.124,0.876,0.0,0.0,1.0,0.8748,False,False,DRY,NORMAL,0.0,2021-01-04,SYNTHETIC
SYN_MINE_01,A,SYN_TRUCK_009,dumper,8.0,t/h,7.0,7.0,6.124,0.876,0.0,0.0,1.0,0.8748,False,False,DRY,NORMAL,0.0,2021-01-04,SYNTHETIC
SYN_MINE_01,A,SYN_TRUCK_010,dumper,8.0,t/h,7.0,7.0,6.124,0.876,0.0,0.0,1.0,0.8748,False,False,DRY,NORMAL,0.0,2021-01-04,SYNTHETIC
SYN_MINE_01,A,SYN_TRUCK_011,dumper,8.0,t/h,7.0,7.0,6.124,0.876,0.0,0.0,1.0,0.8748,False,False,DRY,NORMAL,0.0,2021-01-04,SYNTHETIC
SYN_MINE_01,A,SYN_TRUCK_012,dumper,8.0,t/h,7.0,7.0,6.124,0.876,0.0,0.0,1.0,0.8748,False,False,DRY,NORMAL,0.0,2021-01-04,SYNTHETIC
SYN_MINE_01,A,SYN_TRUCK_013,dumper,8.0,t/h,7.0,7.0,6.124,0.876,0.0,0.0,1.0,0.8748,False,False,DRY,NORMAL,0.0,2021-01-04,SYNTHETIC
SYN_MINE_01,A,SYN_TRUCK_014,dumper,8.0,t/h,7.0,7.0,6.124,0.876,0.0,0.0,1.0,0.8748,False,False,DRY,NORMAL,0.0,2021-01-04,SYNTHETIC
SYN_MINE_01,A,SYN_TRUCK_015,dumper,8.0,t/h,7.0,7.0,6.124,0.876,0.0,0.0,1.0,0.8748,False,False,DRY,NORMAL,0.0,2021-01-04,SYNTHETIC
SYN_MINE_01,A,SYN_TRUCK_016,dumper,8.0,t/h,7.0,5.609,4.907,0.702,0.0,1.391,0.8013,0.8748,False,False,DRY,NORMAL,0.0,2021-01-04,SYNTHETIC
SYN_MINE_01,A,SYN_TRUCK_017,dumper,8.0,t/h,7.0,0.0,0.0,0.0,0.0,7.0,0.0,0.0,False,False,DRY,NORMAL,0.0,2021-01-04,SYNTHETIC
SYN_MINE_01,A,SYN_TRUCK_018,dumper,8.0,t/h,7.0,7.0,6.124,0.876,0.0,0.0,1.0,0.8748,False,False,DRY,NORMAL,0.0,2021-01-04,SYNTHETIC
SYN_MINE_01,A,SYN_DRILL_001,drill,8.5,m/h,7.0,7.0,7.0,0.0,0.0,0.0,1.0,1.0,False,False,DRY,NORMAL,0.0,2021-01-04,SYNTHETIC
SYN_MINE_01,A,SYN_DRILL_002,drill,8.5,m/h,7.0,7.0,7.0,0.0,0.0,0.0,1.0,1.0,False,False,DRY,NORMAL,0.0,2021-01-04,SYNTHETIC
SYN_MINE_01,B,SYN_EXC_001,excavator,50.0,t ore/h,7.0,7.0,6.294,0.706,0.0,0.0,1.0,0.8991,False,False,DRY,NORMAL,312.27,2021-01-04,SYNTHETIC
SYN_MINE_01,B,SYN_EXC_002,excavator,50.0,t ore/h,7.0,7.0,6.294,0.706,0.0,0.0,1.0,0.8991,False,False,DRY,NORMAL,312.27,2021-01-04,SYNTHETIC
SYN_MINE_01,B,SYN_TRUCK_001,dumper,8.0,t/h,7.0,7.0,6.294,0.706,0.0,0.0,1.0,0.8991,False,False,DRY,NORMAL,0.0,2021-01-04,SYNTHETIC
SYN_MINE_01,B,SYN_TRUCK_002,dumper,8.0,t/h,7.0,7.0,6.294,0.706,0.0,0.0,1.0,0.8991,False,False,DRY,NORMAL,0.0,2021-01-04,SYNTHETIC
SYN_MINE_01,B,SYN_TRUCK_003,dumper,8.0,t/h,7.0,7.0,6.294,0.706,0.0,0.0,1.0,0.8991,False,False,DRY,NORMAL,0.0,2021-01-04,SYNTHETIC
SYN_MINE_01,B,SYN_TRUCK_004,dumper,8.0,t/h,7.0,7.0,6.294,0.706,0.0,0.0,1.0,0.8991,False,False,DRY,NORMAL,0.0,2021-01-04,SYNTHETIC
SYN_MINE_01,B,SYN_TRUCK_005,dumper,8.0,t/h,7.0,5.757,5.176,0.581,0.0,1.243,0.8224,0.8991,False,False,DRY,NORMAL,0.0,2021-01-04,SYNTHETIC
SYN_MINE_01,B,SYN_TRUCK_006,dumper,8.0,t/h,7.0,7.0,6.294,0.706,0.0,0.0,1.0,0.8991,False,False,DRY,NORMAL,0.0,2021-01-04,SYNTHETIC
SYN_MINE_01,B,SYN_TRUCK_007,dumper,8.0,t/h,7.0,7.0,6.294,0.706,0.0,0.0,1.0,0.8991,False,False,DRY,NORMAL,0.0,2021-01-04,SYNTHETIC
SYN_MINE_01,B,SYN_TRUCK_008,dumper,8.0,t/h,7.0,7.0,6.294,0.706,0.0,0.0,1.0,0.8991,False,False,DRY,NORMAL,0.0,2021-01-04,SYNTHETIC
SYN_MINE_01,B,SYN_TRUCK_009,dumper,8.0,t/h,7.0,7.0,6.294,0.706,0.0,0.0,1.0,0.8991,False,False,DRY,NORMAL,0.0,2021-01-04,SYNTHETIC
SYN_MINE_01,B,SYN_TRUCK_010,dumper,8.0,t/h,7.0,7.0,6.294,0.706,0.0,0.0,1.0,0.8991,False,False,DRY,NORMAL,0.0,2021-01-04,SYNTHETIC
SYN_MINE_01,B,SYN_TRUCK_011,dumper,8.0,t/h,7.0,7.0,6.294,0.706,0.0,0.0,1.0,0.8991,False,False,DRY,NORMAL,0.0,2021-01-04,SYNTHETIC
SYN_MINE_01,B,SYN_TRUCK_012,dumper,8.0,t/h,7.0,7.0,6.294,0.706,0.0,0.0,1.0,0.8991,False,False,DRY,NORMAL,0.0,2021-01-04,SYNTHETIC
SYN_MINE_01,B,SYN_TRUCK_013,dumper,8.0,t/h,7.0,7.0,6.294,0.706,0.0,0.0,1.0,0.8991,False,False,DRY,NORMAL,0.0,2021-01-04,SYNTHETIC
SYN_MINE_01,B,SYN_TRUCK_014,dumper,8.0,t/h,7.0,7.0,6.294,0.706,0.0,0.0,1.0,0.8991,False,False,DRY,NORMAL,0.0,2021-01-04,SYNTHETIC
SYN_MINE_01,B,SYN_TRUCK_015,dumper,8.0,t/h,7.0,7.0,6.294,0.706,0.0,0.0,1.0,0.8991,False,False,DRY,NORMAL,0.0,2021-01-04,SYNTHETIC
SYN_MINE_01,B,SYN_TRUCK_016,dumper,8.0,t/h,7.0,7.0,6.294,0.706,0.0,0.0,1.0,0.8991,False,False,DRY,NORMAL,0.0,2021-01-04,SYNTHETIC
SYN_MINE_01,B,SYN_TRUCK_017,dumper,8.0,t/h,7.0,4.263,3.833,0.43,0.0,2.737,0.6089,0.8991,False,False,DRY,NORMAL,0.0,2021-01-04,SYNTHETIC
SYN_MINE_01,B,SYN_TRUCK_018,dumper,8.0,t/h,7.0,7.0,6.294,0.706,0.0,0.0,1.0,0.8991,False,False,DRY,NORMAL,0.0,2021-01-04,SYNTHETIC
SYN_MINE_01,B,SYN_DRILL_001,drill,8.5,m/h,7.0,7.0,7.0,0.0,0.0,0.0,1.0,1.0,False,False,DRY,NORMAL,0.0,2021-01-04,SYNTHETIC
SYN_MINE_01,B,SYN_DRILL_002,drill,8.5,m/h,7.0,7.0,7.0,0.0,0.0,0.0,1.0,1.0,False,False,DRY,NORMAL,0.0,2021-01-04,SYNTHETIC
SYN_MINE_01,C,SYN_EXC_001,excavator,50.0,t ore/h,6.0,6.0,5.284,0.716,0.0,0.0,1.0,0.8807,False,False,DRY,NORMAL,281.83,2021-01-04,SYNTHETIC
SYN_MINE_01,C,SYN_EXC_002,excavator,50.0,t ore/h,6.0,6.0,5.284,0.716,0.0,0.0,1.0,0.8807,False,False,DRY,NORMAL,281.83,2021-01-04,SYNTHETIC
SYN_MINE_01,C,SYN_TRUCK_001,dumper,8.0,t/h,6.0,6.0,5.284,0.716,0.0,0.0,1.0,0.8807,False,False,DRY,NORMAL,0.0,2021-01-04,SYNTHETIC
SYN_MINE_01,C,SYN_TRUCK_002,dumper,8.0,t/h,6.0,6.0,5.284,0.716,0.0,0.0,1.0,0.8807,False,False,DRY,NORMAL,0.0,2021-01-04,SYNTHETIC
SYN_MINE_01,C,SYN_TRUCK_003,dumper,8.0,t/h,6.0,6.0,5.284,0.716,0.0,0.0,1.0,0.8807,False,False,DRY,NORMAL,0.0,2021-01-04,SYNTHETIC
SYN_MINE_01,C,SYN_TRUCK_004,dumper,8.0,t/h,6.0,6.0,5.284,0.716,0.0,0.0,1.0,0.8807,False,False,DRY,NORMAL,0.0,2021-01-04,SYNTHETIC
SYN_MINE_01,C,SYN_TRUCK_005,dumper,8.0,t/h,6.0,6.0,5.284,0.716,0.0,0.0,1.0,0.8807,False,False,DRY,NORMAL,0.0,2021-01-04,SYNTHETIC
SYN_MINE_01,C,SYN_TRUCK_006,dumper,8.0,t/h,6.0,6.0,5.284,0.716,0.0,0.0,1.0,0.8807,False,False,DRY,NORMAL,0.0,2021-01-04,SYNTHETIC
SYN_MINE_01,C,SYN_TRUCK_007,dumper,8.0,t/h,6.0,6.0,5.284,0.716,0.0,0.0,1.0,0.8807,False,False,DRY,NORMAL,0.0,2021-01-04,SYNTHETIC
SYN_MINE_01,C,SYN_TRUCK_008,dumper,8.0,t/h,6.0,6.0,5.284,0.716,0.0,0.0,1.0,0.8807,False,False,DRY,NORMAL,0.0,2021-01-04,SYNTHETIC
SYN_MINE_01,C,SYN_TRUCK_009,dumper,8.0,t/h,6.0,6.0,5.284,0.716,0.0,0.0,1.0,0.8807,False,False,DRY,NORMAL,0.0,2021-01-04,SYNTHETIC
SYN_MINE_01,C,SYN_TRUCK_010,dumper,8.0,t/h,6.0,6.0,5.284,0.716,0.0,0.0,1.0,0.8807,False,False,DRY,NORMAL,0.0,2021-01-04,SYNTHETIC
SYN_MINE_01,C,SYN_TRUCK_011,dumper,8.0,t/h,6.0,6.0,5.284,0.716,0.0,0.0,1.0,0.8807,False,False,DRY,NORMAL,0.0,2021-01-04,SYNTHETIC
SYN_MINE_01,C,SYN_TRUCK_012,dumper,8.0,t/h,6.0,6.0,5.284,0.716,0.0,0.0,1.0,0.8807,False,False,DRY,NORMAL,0.0,2021-01-04,SYNTHETIC
SYN_MINE_01,C,SYN_TRUCK_013,dumper,8.0,t/h,6.0,6.0,5.284,0.716,0.0,0.0,1.0,0.8807,False,False,DRY,NORMAL,0.0,2021-01-04,SYNTHETIC
SYN_MINE_01,C,SYN_TRUCK_014,dumper,8.0,t/h,6.0,6.0,5.284,0.716,0.0,0.0,1.0,0.8807,False,False,DRY,NORMAL,0.0,2021-01-04,SYNTHETIC
SYN_MINE_01,C,SYN_TRUCK_015,dumper,8.0,t/h,6.0,6.0,5.284,0.716,0.0,0.0,1.0,0.8807,False,False,DRY,NORMAL,0.0,2021-01-04,SYNTHETIC
SYN_MINE_01,C,SYN_TRUCK_016,dumper,8.0,t/h,6.0,6.0,5.284,0.716,0.0,0.0,1.0,0.8807,False,False,DRY,NORMAL,0.0,2021-01-04,SYNTHETIC
SYN_MINE_01,C,SYN_TRUCK_017,dumper,8.0,t/h,6.0,6.0,5.284,0.716,0.0,0.0,1.0,0.8807,False,False,DRY,NORMAL,0.0,2021-01-04,SYNTHETIC
SYN_MINE_01,C,SYN_TRUCK_018,dumper,8.0,t/h,6.0,6.0,5.284,0.716,0.0,0.0,1.0,0.8807,False,False,DRY,NORMAL,0.0,2021-01-04,SYNTHETIC
SYN_MINE_01,C,SYN_DRILL_001,drill,8.5,m/h,6.0,6.0,6.0,0.0,0.0,0.0,1.0,1.0,False,False,DRY,NORMAL,0.0,2021-01-04,SYNTHETIC
SYN_MINE_01,C,SYN_DRILL_002,drill,8.5,m/h,6.0,6.0,6.0,0.0,0.0,0.0,1.0,1.0,False,False,DRY,NORMAL,0.0,2021-01-04,SYNTHETIC
SYN_MINE_01,A,SYN_EXC_001,excavator,49.99,t ore/h,7.0,0.649,0.634,0.015,6.351,0.0,0.0927,0.9764,False,True,DRY,NORMAL,31.43,2021-01-05,SYNTHETIC
SYN_MINE_01,A,SYN_EXC_002,excavator,49.99,t ore/h,7.0,7.0,6.835,0.165,0.0,0.0,1.0,0.9764,False,False,DRY,NORMAL,338.9,2021-01-05,SYNTHETIC
SYN_MINE_01,A,SYN_TRUCK_001,dumper,8.0,t/h,7.0,7.0,6.835,0.165,0.0,0.0,1.0,0.9764,False,False,DRY,NORMAL,0.0,2021-01-05,SYNTHETIC
SYN_MINE_01,A,SYN_TRUCK_002,dumper,8.0,t/h,7.0,7.0,6.835,0.165,0.0,0.0,1.0,0.9764,False,False,DRY,NORMAL,0.0,2021-01-05,SYNTHETIC
SYN_MINE_01,A,SYN_TRUCK_003,dumper,8.0,t/h,7.0,7.0,6.835,0.165,0.0,0.0,1.0,0.9764,False,False,DRY,NORMAL,0.0,2021-01-05,SYNTHETIC
SYN_MINE_01,A,SYN_TRUCK_004,dumper,8.0,t/h,7.0,7.0,6.835,0.165,0.0,0.0,1.0,0.9764,False,False,DRY,NORMAL,0.0,2021-01-05,SYNTHETIC
SYN_MINE_01,A,SYN_TRUCK_005,dumper,8.0,t/h,7.0,7.0,6.835,0.165,0.0,0.0,1.0,0.9764,False,False,DRY,NORMAL,0.0,2021-01-05,SYNTHETIC
SYN_MINE_01,A,SYN_TRUCK_006,dumper,8.0,t/h,7.0,7.0,6.835,0.165,0.0,0.0,1.0,0.9764,False,False,DRY,NORMAL,0.0,2021-01-05,SYNTHETIC
SYN_MINE_01,A,SYN_TRUCK_007,dumper,8.0,t/h,7.0,7.0,6.835,0.165,0.0,0.0,1.0,0.9764,False,False,DRY,NORMAL,0.0,2021-01-05,SYNTHETIC
SYN_MINE_01,A,SYN_TRUCK_008,dumper,8.0,t/h,7.0,7.0,6.835,0.165,0.0,0.0,1.0,0.9764,False,False,DRY,NORMAL,0.0,2021-01-05,SYNTHETIC
SYN_MINE_01,A,SYN_TRUCK_009,dumper,8.0,t/h,7.0,7.0,6.835,0.165,0.0,0.0,1.0,0.9764,False,False,DRY,NORMAL,0.0,2021-01-05,SYNTHETIC
SYN_MINE_01,A,SYN_TRUCK_010,dumper,8.0,t/h,7.0,7.0,6.835,0.165,0.0,0.0,1.0,0.9764,False,False,DRY,NORMAL,0.0,2021-01-05,SYNTHETIC
SYN_MINE_01,A,SYN_TRUCK_011,dumper,8.0,t/h,7.0,7.0,6.835,0.165,0.0,0.0,1.0,0.9764,False,False,DRY,NORMAL,0.0,2021-01-05,SYNTHETIC
SYN_MINE_01,A,SYN_TRUCK_012,dumper,8.0,t/h,7.0,1.248,1.219,0.029,5.752,0.0,0.1783,0.9764,False,True,DRY,NORMAL,0.0,2021-01-05,SYNTHETIC
SYN_MINE_01,A,SYN_TRUCK_013,dumper,8.0,t/h,7.0,7.0,6.835,0.165,0.0,0.0,1.0,0.9764,False,False,DRY,NORMAL,0.0,2021-01-05,SYNTHETIC
SYN_MINE_01,A,SYN_TRUCK_014,dumper,8.0,t/h,7.0,7.0,6.835,0.165,0.0,0.0,1.0,0.9764,False,False,DRY,NORMAL,0.0,2021-01-05,SYNTHETIC
SYN_MINE_01,A,SYN_TRUCK_015,dumper,8.0,t/h,7.0,7.0,6.835,0.165,0.0,0.0,1.0,0.9764,False,False,DRY,NORMAL,0.0,2021-01-05,SYNTHETIC
SYN_MINE_01,A,SYN_TRUCK_016,dumper,8.0,t/h,7.0,7.0,6.835,0.165,0.0,0.0,1.0,0.9764,False,False,DRY,NORMAL,0.0,2021-01-05,SYNTHETIC
SYN_MINE_01,A,SYN_TRUCK_017,dumper,8.0,t/h,7.0,1.083,1.057,0.026,5.917,0.0,0.1546,0.9764,False,True,DRY,NORMAL,0.0,2021-01-05,SYNTHETIC
SYN_MINE_01,A,SYN_TRUCK_018,dumper,8.0,t/h,7.0,7.0,6.835,0.165,0.0,0.0,1.0,0.9764,False,False,DRY,NORMAL,0.0,2021-01-05,SYNTHETIC
SYN_MINE_01,A,SYN_DRILL_001,drill,8.5,m/h,7.0,1.564,1.564,0.0,5.436,0.0,0.2235,1.0,False,True,DRY,NORMAL,0.0,2021-01-05,SYNTHETIC
SYN_MINE_01,A,SYN_DRILL_002,drill,8.5,m/h,7.0,7.0,7.0,0.0,0.0,0.0,1.0,1.0,False,False,DRY,NORMAL,0.0,2021-01-05,SYNTHETIC
SYN_MINE_01,B,SYN_EXC_001,excavator,49.99,t ore/h,7.0,7.0,6.089,0.911,0.0,0.0,1.0,0.8698,False,False,DRY,NORMAL,314.56,2021-01-05,SYNTHETIC
SYN_MINE_01,B,SYN_EXC_002,excavator,49.99,t ore/h,7.0,7.0,6.089,0.911,0.0,0.0,1.0,0.8698,False,False,DRY,NORMAL,314.56,2021-01-05,SYNTHETIC
SYN_MINE_01,B,SYN_TRUCK_001,dumper,8.0,t/h,7.0,7.0,6.089,0.911,0.0,0.0,1.0,0.8698,False,False,DRY,NORMAL,0.0,2021-01-05,SYNTHETIC
SYN_MINE_01,B,SYN_TRUCK_002,dumper,8.0,t/h,7.0,3.18,2.766,0.414,0.0,1.955,0.4543,0.8698,True,False,DRY,NORMAL,0.0,2021-01-05,SYNTHETIC
SYN_MINE_01,B,SYN_TRUCK_003,dumper,8.0,t/h,7.0,7.0,6.089,0.911,0.0,0.0,1.0,0.8698,False,False,DRY,NORMAL,0.0,2021-01-05,SYNTHETIC
SYN_MINE_01,B,SYN_TRUCK_004,dumper,8.0,t/h,7.0,7.0,6.089,0.911,0.0,0.0,1.0,0.8698,False,False,DRY,NORMAL,0.0,2021-01-05,SYNTHETIC
SYN_MINE_01,B,SYN_TRUCK_005,dumper,8.0,t/h,7.0,7.0,6.089,0.911,0.0,0.0,1.0,0.8698,False,False,DRY,NORMAL,0.0,2021-01-05,SYNTHETIC
SYN_MINE_01,B,SYN_TRUCK_006,dumper,8.0,t/h,7.0,7.0,6.089,0.911,0.0,0.0,1.0,0.8698,False,False,DRY,NORMAL,0.0,2021-01-05,SYNTHETIC
SYN_MINE_01,B,SYN_TRUCK_007,dumper,8.0,t/h,7.0,7.0,6.089,0.911,0.0,0.0,1.0,0.8698,False,False,DRY,NORMAL,0.0,2021-01-05,SYNTHETIC
SYN_MINE_01,B,SYN_TRUCK_008,dumper,8.0,t/h,7.0,7.0,6.089,0.911,0.0,0.0,1.0,0.8698,False,False,DRY,NORMAL,0.0,2021-01-05,SYNTHETIC
SYN_MINE_01,B,SYN_TRUCK_009,dumper,8.0,t/h,7.0,7.0,6.089,0.911,0.0,0.0,1.0,0.8698,False,False,DRY,NORMAL,0.0,2021-01-05,SYNTHETIC
SYN_MINE_01,B,SYN_TRUCK_010,dumper,8.0,t/h,7.0,7.0,6.089,0.911,0.0,0.0,1.0,0.8698,False,False,DRY,NORMAL,0.0,2021-01-05,SYNTHETIC
SYN_MINE_01,B,SYN_TRUCK_011,dumper,8.0,t/h,7.0,7.0,6.089,0.911,0.0,0.0,1.0,0.8698,False,False,DRY,NORMAL,0.0,2021-01-05,SYNTHETIC
SYN_MINE_01,B,SYN_TRUCK_012,dumper,8.0,t/h,7.0,7.0,6.089,0.911,0.0,0.0,1.0,0.8698,False,False,DRY,NORMAL,0.0,2021-01-05,SYNTHETIC
SYN_MINE_01,B,SYN_TRUCK_013,dumper,8.0,t/h,7.0,7.0,6.089,0.911,0.0,0.0,1.0,0.8698,False,False,DRY,NORMAL,0.0,2021-01-05,SYNTHETIC
SYN_MINE_01,B,SYN_TRUCK_014,dumper,8.0,t/h,7.0,7.0,6.089,0.911,0.0,0.0,1.0,0.8698,False,False,DRY,NORMAL,0.0,2021-01-05,SYNTHETIC
SYN_MINE_01,B,SYN_TRUCK_015,dumper,8.0,t/h,7.0,7.0,6.089,0.911,0.0,0.0,1.0,0.8698,False,False,DRY,NORMAL,0.0,2021-01-05,SYNTHETIC
SYN_MINE_01,B,SYN_TRUCK_016,dumper,8.0,t/h,7.0,7.0,6.089,0.911,0.0,0.0,1.0,0.8698,False,False,DRY,NORMAL,0.0,2021-01-05,SYNTHETIC
SYN_MINE_01,B,SYN_TRUCK_017,dumper,8.0,t/h,7.0,7.0,6.089,0.911,0.0,0.0,1.0,0.8698,False,False,DRY,NORMAL,0.0,2021-01-05,SYNTHETIC
SYN_MINE_01,B,SYN_TRUCK_018,dumper,8.0,t/h,7.0,7.0,6.089,0.911,0.0,0.0,1.0,0.8698,False,False,DRY,NORMAL,0.0,2021-01-05,SYNTHETIC
SYN_MINE_01,B,SYN_DRILL_001,drill,8.5,m/h,7.0,7.0,7.0,0.0,0.0,0.0,1.0,1.0,False,False,DRY,NORMAL,0.0,2021-01-05,SYNTHETIC
SYN_MINE_01,B,SYN_DRILL_002,drill,8.5,m/h,7.0,1.686,1.686,0.0,0.0,4.409,0.2408,1.0,True,False,DRY,NORMAL,0.0,2021-01-05,SYNTHETIC
SYN_MINE_01,C,SYN_EXC_001,excavator,49.99,t ore/h,6.0,6.0,5.401,0.599,0.0,0.0,1.0,0.9002,False,False,DRY,NORMAL,289.26,2021-01-05,SYNTHETIC
SYN_MINE_01,C,SYN_EXC_002,excavator,49.99,t ore/h,6.0,6.0,5.401,0.599,0.0,0.0,1.0,0.9002,False,False,DRY,NORMAL,289.26,2021-01-05,SYNTHETIC
SYN_MINE_01,C,SYN_TRUCK_001,dumper,8.0,t/h,6.0,6.0,5.401,0.599,0.0,0.0,1.0,0.9002,False,False,DRY,NORMAL,0.0,2021-01-05,SYNTHETIC
SYN_MINE_01,C,SYN_TRUCK_002,dumper,8.0,t/h,6.0,0.31,0.279,0.031,0.0,1.487,0.0517,0.9002,True,False,DRY,NORMAL,0.0,2021-01-05,SYNTHETIC
SYN_MINE_01,C,SYN_TRUCK_003,dumper,8.0,t/h,6.0,6.0,5.401,0.599,0.0,0.0,1.0,0.9002,False,False,DRY,NORMAL,0.0,2021-01-05,SYNTHETIC
SYN_MINE_01,C,SYN_TRUCK_004,dumper,8.0,t/h,6.0,6.0,5.401,0.599,0.0,0.0,1.0,0.9002,False,False,DRY,NORMAL,0.0,2021-01-05,SYNTHETIC
SYN_MINE_01,C,SYN_TRUCK_005,dumper,8.0,t/h,6.0,6.0,5.401,0.599,0.0,0.0,1.0,0.9002,False,False,DRY,NORMAL,0.0,2021-01-05,SYNTHETIC
SYN_MINE_01,C,SYN_TRUCK_006,dumper,8.0,t/h,6.0,4.806,4.326,0.48,0.0,1.194,0.801,0.9002,True,False,DRY,NORMAL,0.0,2021-01-05,SYNTHETIC
SYN_MINE_01,C,SYN_TRUCK_007,dumper,8.0,t/h,6.0,6.0,5.401,0.599,0.0,0.0,1.0,0.9002,False,False,DRY,NORMAL,0.0,2021-01-05,SYNTHETIC
SYN_MINE_01,C,SYN_TRUCK_008,dumper,8.0,t/h,6.0,6.0,5.401,0.599,0.0,0.0,1.0,0.9002,False,False,DRY,NORMAL,0.0,2021-01-05,SYNTHETIC
SYN_MINE_01,C,SYN_TRUCK_009,dumper,8.0,t/h,6.0,6.0,5.401,0.599,0.0,0.0,1.0,0.9002,False,False,DRY,NORMAL,0.0,2021-01-05,SYNTHETIC
SYN_MINE_01,C,SYN_TRUCK_010,dumper,8.0,t/h,6.0,6.0,5.401,0.599,0.0,0.0,1.0,0.9002,False,False,DRY,NORMAL,0.0,2021-01-05,SYNTHETIC
SYN_MINE_01,C,SYN_TRUCK_011,dumper,8.0,t/h,6.0,6.0,5.401,0.599,0.0,0.0,1.0,0.9002,False,False,DRY,NORMAL,0.0,2021-01-05,SYNTHETIC
SYN_MINE_01,C,SYN_TRUCK_012,dumper,8.0,t/h,6.0,6.0,5.401,0.599,0.0,0.0,1.0,0.9002,False,False,DRY,NORMAL,0.0,2021-01-05,SYNTHETIC
SYN_MINE_01,C,SYN_TRUCK_013,dumper,8.0,t/h,6.0,6.0,5.401,0.599,0.0,0.0,1.0,0.9002,False,False,DRY,NORMAL,0.0,2021-01-05,SYNTHETIC
SYN_MINE_01,C,SYN_TRUCK_014,dumper,8.0,t/h,6.0,6.0,5.401,0.599,0.0,0.0,1.0,0.9002,False,False,DRY,NORMAL,0.0,2021-01-05,SYNTHETIC
SYN_MINE_01,C,SYN_TRUCK_015,dumper,8.0,t/h,6.0,6.0,5.401,0.599,0.0,0.0,1.0,0.9002,False,False,DRY,NORMAL,0.0,2021-01-05,SYNTHETIC
SYN_MINE_01,C,SYN_TRUCK_016,dumper,8.0,t/h,6.0,6.0,5.401,0.599,0.0,0.0,1.0,0.9002,False,False,DRY,NORMAL,0.0,2021-01-05,SYNTHETIC
SYN_MINE_01,C,SYN_TRUCK_017,dumper,8.0,t/h,6.0,6.0,5.401,0.599,0.0,0.0,1.0,0.9002,False,False,DRY,NORMAL,0.0,2021-01-05,SYNTHETIC
SYN_MINE_01,C,SYN_TRUCK_018,dumper,8.0,t/h,6.0,6.0,5.401,0.599,0.0,0.0,1.0,0.9002,False,False,DRY,NORMAL,0.0,2021-01-05,SYNTHETIC
SYN_MINE_01,C,SYN_DRILL_001,drill,8.5,m/h,6.0,6.0,6.0,0.0,0.0,0.0,1.0,1.0,False,False,DRY,NORMAL,0.0,2021-01-05,SYNTHETIC
SYN_MINE_01,C,SYN_DRILL_002,drill,8.5,m/h,6.0,6.0,6.0,0.0,0.0,0.0,1.0,1.0,False,False,DRY,NORMAL,0.0,2021-01-05,SYNTHETIC
SYN_MINE_01,A,SYN_EXC_001,excavator,49.99,t ore/h,7.0,7.0,6.076,0.924,0.0,0.0,1.0,0.868,False,False,DRY,NORMAL,317.12,2021-01-06,SYNTHETIC
SYN_MINE_01,A,SYN_EXC_002,excavator,49.99,t ore/h,7.0,7.0,6.076,0.924,0.0,0.0,1.0,0.868,False,False,DRY,NORMAL,317.12,2021-01-06,SYNTHETIC
SYN_MINE_01,A,SYN_TRUCK_001,dumper,8.0,t/h,7.0,7.0,6.076,0.924,0.0,0.0,1.0,0.868,False,False,DRY,NORMAL,0.0,2021-01-06,SYNTHETIC
SYN_MINE_01,A,SYN_TRUCK_002,dumper,8.0,t/h,7.0,7.0,6.076,0.924,0.0,0.0,1.0,0.868,False,False,DRY,NORMAL,0.0,2021-01-06,SYNTHETIC
SYN_MINE_01,A,SYN_TRUCK_003,dumper,8.0,t/h,7.0,7.0,6.076,0.924,0.0,0.0,1.0,0.868,False,False,DRY,NORMAL,0.0,2021-01-06,SYNTHETIC
SYN_MINE_01,A,SYN_TRUCK_004,dumper,8.0,t/h,7.0,7.0,6.076,0.924,0.0,0.0,1.0,0.868,False,False,DRY,NORMAL,0.0,2021-01-06,SYNTHETIC
SYN_MINE_01,A,SYN_TRUCK_005,dumper,8.0,t/h,7.0,1.166,1.012,0.154,5.834,0.0,0.1665,0.868,False,True,DRY,NORMAL,0.0,2021-01-06,SYNTHETIC
SYN_MINE_01,A,SYN_TRUCK_006,dumper,8.0,t/h,7.0,3.279,2.846,0.433,0.0,3.721,0.4684,0.868,False,False,DRY,NORMAL,0.0,2021-01-06,SYNTHETIC
SYN_MINE_01,A,SYN_TRUCK_007,dumper,8.0,t/h,7.0,7.0,6.076,0.924,0.0,0.0,1.0,0.868,False,False,DRY,NORMAL,0.0,2021-01-06,SYNTHETIC
SYN_MINE_01,A,SYN_TRUCK_008,dumper,8.0,t/h,7.0,7.0,6.076,0.924,0.0,0.0,1.0,0.868,False,False,DRY,NORMAL,0.0,2021-01-06,SYNTHETIC
SYN_MINE_01,A,SYN_TRUCK_009,dumper,8.0,t/h,7.0,7.0,6.076,0.924,0.0,0.0,1.0,0.868,False,False,DRY,NORMAL,0.0,2021-01-06,SYNTHETIC
SYN_MINE_01,A,SYN_TRUCK_010,dumper,8.0,t/h,7.0,7.0,6.076,0.924,0.0,0.0,1.0,0.868,False,False,DRY,NORMAL,0.0,2021-01-06,SYNTHETIC
SYN_MINE_01,A,SYN_TRUCK_011,dumper,8.0,t/h,7.0,7.0,6.076,0.924,0.0,0.0,1.0,0.868,False,False,DRY,NORMAL,0.0,2021-01-06,SYNTHETIC
SYN_MINE_01,A,SYN_TRUCK_012,dumper,8.0,t/h,7.0,7.0,6.076,0.924,0.0,0.0,1.0,0.868,False,False,DRY,NORMAL,0.0,2021-01-06,SYNTHETIC
SYN_MINE_01,A,SYN_TRUCK_013,dumper,8.0,t/h,7.0,7.0,6.076,0.924,0.0,0.0,1.0,0.868,False,False,DRY,NORMAL,0.0,2021-01-06,SYNTHETIC
SYN_MINE_01,A,SYN_TRUCK_014,dumper,8.0,t/h,7.0,7.0,6.076,0.924,0.0,0.0,1.0,0.868,False,False,DRY,NORMAL,0.0,2021-01-06,SYNTHETIC
SYN_MINE_01,A,SYN_TRUCK_015,dumper,8.0,t/h,7.0,7.0,6.076,0.924,0.0,0.0,1.0,0.868,False,False,DRY,NORMAL,0.0,2021-01-06,SYNTHETIC
SYN_MINE_01,A,SYN_TRUCK_016,dumper,8.0,t/h,7.0,7.0,6.076,0.924,0.0,0.0,1.0,0.868,False,False,DRY,NORMAL,0.0,2021-01-06,SYNTHETIC
SYN_MINE_01,A,SYN_TRUCK_017,dumper,8.0,t/h,7.0,7.0,6.076,0.924,0.0,0.0,1.0,0.868,False,False,DRY,NORMAL,0.0,2021-01-06,SYNTHETIC
SYN_MINE_01,A,SYN_TRUCK_018,dumper,8.0,t/h,7.0,7.0,6.076,0.924,0.0,0.0,1.0,0.868,False,False,DRY,NORMAL,0.0,2021-01-06,SYNTHETIC
SYN_MINE_01,A,SYN_DRILL_001,drill,8.5,m/h,7.0,7.0,7.0,0.0,0.0,0.0,1.0,1.0,False,False,DRY,NORMAL,0.0,2021-01-06,SYNTHETIC
SYN_MINE_01,A,SYN_DRILL_002,drill,8.5,m/h,7.0,7.0,7.0,0.0,0.0,0.0,1.0,1.0,False,False,DRY,NORMAL,0.0,2021-01-06,SYNTHETIC
SYN_MINE_01,B,SYN_EXC_001,excavator,49.99,t ore/h,7.0,7.0,6.522,0.478,0.0,0.0,1.0,0.9317,False,False,DRY,NORMAL,327.22,2021-01-06,SYNTHETIC
SYN_MINE_01,B,SYN_EXC_002,excavator,49.99,t ore/h,7.0,7.0,6.522,0.478,0.0,0.0,1.0,0.9317,False,False,DRY,NORMAL,327.22,2021-01-06,SYNTHETIC
SYN_MINE_01,B,SYN_TRUCK_001,dumper,8.0,t/h,7.0,7.0,6.522,0.478,0.0,0.0,1.0,0.9317,False,False,DRY,NORMAL,0.0,2021-01-06,SYNTHETIC
SYN_MINE_01,B,SYN_TRUCK_002,dumper,8.0,t/h,7.0,7.0,6.522,0.478,0.0,0.0,1.0,0.9317,False,False,DRY,NORMAL,0.0,2021-01-06,SYNTHETIC
SYN_MINE_01,B,SYN_TRUCK_003,dumper,8.0,t/h,7.0,7.0,6.522,0.478,0.0,0.0,1.0,0.9317,False,False,DRY,NORMAL,0.0,2021-01-06,SYNTHETIC
SYN_MINE_01,B,SYN_TRUCK_004,dumper,8.0,t/h,7.0,7.0,6.522,0.478,0.0,0.0,1.0,0.9317,False,False,DRY,NORMAL,0.0,2021-01-06,SYNTHETIC
SYN_MINE_01,B,SYN_TRUCK_005,dumper,8.0,t/h,7.0,7.0,6.522,0.478,0.0,0.0,1.0,0.9317,False,False,DRY,NORMAL,0.0,2021-01-06,SYNTHETIC
SYN_MINE_01,B,SYN_TRUCK_006,dumper,8.0,t/h,7.0,7.0,6.522,0.478,0.0,0.0,1.0,0.9317,False,False,DRY,NORMAL,0.0,2021-01-06,SYNTHETIC
SYN_MINE_01,B,SYN_TRUCK_007,dumper,8.0,t/h,7.0,2.929,2.729,0.2,0.0,4.071,0.4184,0.9317,True,False,DRY,NORMAL,0.0,2021-01-06,SYNTHETIC
SYN_MINE_01,B,SYN_TRUCK_008,dumper,8.0,t/h,7.0,7.0,6.522,0.478,0.0,0.0,1.0,0.9317,False,False,DRY,NORMAL,0.0,2021-01-06,SYNTHETIC
SYN_MINE_01,B,SYN_TRUCK_009,dumper,8.0,t/h,7.0,7.0,6.522,0.478,0.0,0.0,1.0,0.9317,False,False,DRY,NORMAL,0.0,2021-01-06,SYNTHETIC
SYN_MINE_01,B,SYN_TRUCK_010,dumper,8.0,t/h,7.0,7.0,6.522,0.478,0.0,0.0,1.0,0.9317,False,False,DRY,NORMAL,0.0,2021-01-06,SYNTHETIC
SYN_MINE_01,B,SYN_TRUCK_011,dumper,8.0,t/h,7.0,7.0,6.522,0.478,0.0,0.0,1.0,0.9317,False,False,DRY,NORMAL,0.0,2021-01-06,SYNTHETIC
SYN_MINE_01,B,SYN_TRUCK_012,dumper,8.0,t/h,7.0,7.0,6.522,0.478,0.0,0.0,1.0,0.9317,False,False,DRY,NORMAL,0.0,2021-01-06,SYNTHETIC
SYN_MINE_01,B,SYN_TRUCK_013,dumper,8.0,t/h,7.0,7.0,6.522,0.478,0.0,0.0,1.0,0.9317,False,False,DRY,NORMAL,0.0,2021-01-06,SYNTHETIC
SYN_MINE_01,B,SYN_TRUCK_014,dumper,8.0,t/h,7.0,7.0,6.522,0.478,0.0,0.0,1.0,0.9317,False,False,DRY,NORMAL,0.0,2021-01-06,SYNTHETIC
SYN_MINE_01,B,SYN_TRUCK_015,dumper,8.0,t/h,7.0,7.0,6.522,0.478,0.0,0.0,1.0,0.9317,False,False,DRY,NORMAL,0.0,2021-01-06,SYNTHETIC
SYN_MINE_01,B,SYN_TRUCK_016,dumper,8.0,t/h,7.0,7.0,6.522,0.478,0.0,0.0,1.0,0.9317,False,False,DRY,NORMAL,0.0,2021-01-06,SYNTHETIC
SYN_MINE_01,B,SYN_TRUCK_017,dumper,8.0,t/h,7.0,7.0,6.522,0.478,0.0,0.0,1.0,0.9317,False,False,DRY,NORMAL,0.0,2021-01-06,SYNTHETIC
SYN_MINE_01,B,SYN_TRUCK_018,dumper,8.0,t/h,7.0,7.0,6.522,0.478,0.0,0.0,1.0,0.9317,False,False,DRY,NORMAL,0.0,2021-01-06,SYNTHETIC
SYN_MINE_01,B,SYN_DRILL_001,drill,8.5,m/h,7.0,7.0,7.0,0.0,0.0,0.0,1.0,1.0,False,False,DRY,NORMAL,0.0,2021-01-06,SYNTHETIC
SYN_MINE_01,B,SYN_DRILL_002,drill,8.5,m/h,7.0,7.0,7.0,0.0,0.0,0.0,1.0,1.0,False,False,DRY,NORMAL,0.0,2021-01-06,SYNTHETIC
SYN_MINE_01,C,SYN_EXC_001,excavator,49.99,t ore/h,6.0,6.0,4.271,1.729,0.0,0.0,1.0,0.7118,False,False,DRY,NORMAL,208.91,2021-01-06,SYNTHETIC
SYN_MINE_01,C,SYN_EXC_002,excavator,49.99,t ore/h,6.0,6.0,4.271,1.729,0.0,0.0,1.0,0.7118,False,False,DRY,NORMAL,208.91,2021-01-06,SYNTHETIC
SYN_MINE_01,C,SYN_TRUCK_001,dumper,8.0,t/h,6.0,6.0,4.271,1.729,0.0,0.0,1.0,0.7118,False,False,DRY,NORMAL,0.0,2021-01-06,SYNTHETIC
SYN_MINE_01,C,SYN_TRUCK_002,dumper,8.0,t/h,6.0,6.0,4.271,1.729,0.0,0.0,1.0,0.7118,False,False,DRY,NORMAL,0.0,2021-01-06,SYNTHETIC
SYN_MINE_01,C,SYN_TRUCK_003,dumper,8.0,t/h,6.0,6.0,4.271,1.729,0.0,0.0,1.0,0.7118,False,False,DRY,NORMAL,0.0,2021-01-06,SYNTHETIC
SYN_MINE_01,C,SYN_TRUCK_004,dumper,8.0,t/h,6.0,6.0,4.271,1.729,0.0,0.0,1.0,0.7118,False,False,DRY,NORMAL,0.0,2021-01-06,SYNTHETIC
SYN_MINE_01,C,SYN_TRUCK_005,dumper,8.0,t/h,6.0,6.0,4.271,1.729,0.0,0.0,1.0,0.7118,False,False,DRY,NORMAL,0.0,2021-01-06,SYNTHETIC
SYN_MINE_01,C,SYN_TRUCK_006,dumper,8.0,t/h,6.0,6.0,4.271,1.729,0.0,0.0,1.0,0.7118,False,False,DRY,NORMAL,0.0,2021-01-06,SYNTHETIC
SYN_MINE_01,C,SYN_TRUCK_007,dumper,8.0,t/h,6.0,0.0,0.0,0.0,0.0,6.0,0.0,0.0,False,False,DRY,NORMAL,0.0,2021-01-06,SYNTHETIC
SYN_MINE_01,C,SYN_TRUCK_008,dumper,8.0,t/h,6.0,6.0,4.271,1.729,0.0,0.0,1.0,0.7118,False,False,DRY,NORMAL,0.0,2021-01-06,SYNTHETIC
SYN_MINE_01,C,SYN_TRUCK_009,dumper,8.0,t/h,6.0,6.0,4.271,1.729,0.0,0.0,1.0,0.7118,False,False,DRY,NORMAL,0.0,2021-01-06,SYNTHETIC
SYN_MINE_01,C,SYN_TRUCK_010,dumper,8.0,t/h,6.0,6.0,4.271,1.729,0.0,0.0,1.0,0.7118,False,False,DRY,NORMAL,0.0,2021-01-06,SYNTHETIC
SYN_MINE_01,C,SYN_TRUCK_011,dumper,8.0,t/h,6.0,6.0,4.271,1.729,0.0,0.0,1.0,0.7118,False,False,DRY,NORMAL,0.0,2021-01-06,SYNTHETIC
SYN_MINE_01,C,SYN_TRUCK_012,dumper,8.0,t/h,6.0,6.0,4.271,1.729,0.0,0.0,1.0,0.7118,False,False,DRY,NORMAL,0.0,2021-01-06,SYNTHETIC
SYN_MINE_01,C,SYN_TRUCK_013,dumper,8.0,t/h,6.0,6.0,4.271,1.729,0.0,0.0,1.0,0.7118,False,False,DRY,NORMAL,0.0,2021-01-06,SYNTHETIC
SYN_MINE_01,C,SYN_TRUCK_014,dumper,8.0,t/h,6.0,6.0,4.271,1.729,0.0,0.0,1.0,0.7118,False,False,DRY,NORMAL,0.0,2021-01-06,SYNTHETIC
SYN_MINE_01,C,SYN_TRUCK_015,dumper,8.0,t/h,6.0,6.0,4.271,1.729,0.0,0.0,1.0,0.7118,False,False,DRY,NORMAL,0.0,2021-01-06,SYNTHETIC
SYN_MINE_01,C,SYN_TRUCK_016,dumper,8.0,t/h,6.0,4.963,3.533,1.43,0.0,1.037,0.8272,0.7118,True,False,DRY,NORMAL,0.0,2021-01-06,SYNTHETIC
SYN_MINE_01,C,SYN_TRUCK_017,dumper,8.0,t/h,6.0,6.0,4.271,1.729,0.0,0.0,1.0,0.7118,False,False,DRY,NORMAL,0.0,2021-01-06,SYNTHETIC
SYN_MINE_01,C,SYN_TRUCK_018,dumper,8.0,t/h,6.0,6.0,4.271,1.729,0.0,0.0,1.0,0.7118,False,False,DRY,NORMAL,0.0,2021-01-06,SYNTHETIC
SYN_MINE_01,C,SYN_DRILL_001,drill,8.5,m/h,6.0,6.0,6.0,0.0,0.0,0.0,1.0,1.0,False,False,DRY,NORMAL,0.0,2021-01-06,SYNTHETIC
SYN_MINE_01,C,SYN_DRILL_002,drill,8.5,m/h,6.0,6.0,6.0,0.0,0.0,0.0,1.0,1.0,False,False,DRY,NORMAL,0.0,2021-01-06,SYNTHETIC
SYN_MINE_01,A,SYN_EXC_001,excavator,49.99,t ore/h,7.0,7.0,5.863,1.137,0.0,0.0,1.0,0.8376,False,False,DRY,NORMAL,298.44,2021-01-07,SYNTHETIC
SYN_MINE_01,A,SYN_EXC_002,excavator,49.99,t ore/h,7.0,7.0,5.863,1.137,0.0,0.0,1.0,0.8376,False,False,DRY,NORMAL,298.44,2021-01-07,SYNTHETIC
SYN_MINE_01,A,SYN_TRUCK_001,dumper,8.0,t/h,7.0,7.0,5.863,1.137,0.0,0.0,1.0,0.8376,False,False,DRY,NORMAL,0.0,2021-01-07,SYNTHETIC
SYN_MINE_01,A,SYN_TRUCK_002,dumper,8.0,t/h,7.0,2.957,2.477,0.48,4.043,0.0,0.4224,0.8376,False,True,DRY,NORMAL,0.0,2021-01-07,SYNTHETIC
SYN_MINE_01,A,SYN_TRUCK_003,dumper,8.0,t/h,7.0,7.0,5.863,1.137,0.0,0.0,1.0,0.8376,False,False,DRY,NORMAL,0.0,2021-01-07,SYNTHETIC
SYN_MINE_01,A,SYN_TRUCK_004,dumper,8.0,t/h,7.0,7.0,5.863,1.137,0.0,0.0,1.0,0.8376,False,False,DRY,NORMAL,0.0,2021-01-07,SYNTHETIC
SYN_MINE_01,A,SYN_TRUCK_005,dumper,8.0,t/h,7.0,7.0,5.863,1.137,0.0,0.0,1.0,0.8376,False,False,DRY,NORMAL,0.0,2021-01-07,SYNTHETIC
SYN_MINE_01,A,SYN_TRUCK_006,dumper,8.0,t/h,7.0,0.0,0.0,0.0,7.0,0.0,0.0,0.0,False,True,DRY,NORMAL,0.0,2021-01-07,SYNTHETIC
SYN_MINE_01,A,SYN_TRUCK_007,dumper,8.0,t/h,7.0,0.0,0.0,0.0,0.0,7.0,0.0,0.0,False,False,DRY,NORMAL,0.0,2021-01-07,SYNTHETIC
SYN_MINE_01,A,SYN_TRUCK_008,dumper,8.0,t/h,7.0,7.0,5.863,1.137,0.0,0.0,1.0,0.8376,False,False,DRY,NORMAL,0.0,2021-01-07,SYNTHETIC
SYN_MINE_01,A,SYN_TRUCK_009,dumper,8.0,t/h,7.0,7.0,5.863,1.137,0.0,0.0,1.0,0.8376,False,False,DRY,NORMAL,0.0,2021-01-07,SYNTHETIC
SYN_MINE_01,A,SYN_TRUCK_010,dumper,8.0,t/h,7.0,7.0,5.863,1.137,0.0,0.0,1.0,0.8376,False,False,DRY,NORMAL,0.0,2021-01-07,SYNTHETIC
SYN_MINE_01,A,SYN_TRUCK_011,dumper,8.0,t/h,7.0,7.0,5.863,1.137,0.0,0.0,1.0,0.8376,False,False,DRY,NORMAL,0.0,2021-01-07,SYNTHETIC
SYN_MINE_01,A,SYN_TRUCK_012,dumper,8.0,t/h,7.0,7.0,5.863,1.137,0.0,0.0,1.0,0.8376,False,False,DRY,NORMAL,0.0,2021-01-07,SYNTHETIC
SYN_MINE_01,A,SYN_TRUCK_013,dumper,8.0,t/h,7.0,7.0,5.863,1.137,0.0,0.0,1.0,0.8376,False,False,DRY,NORMAL,0.0,2021-01-07,SYNTHETIC
SYN_MINE_01,A,SYN_TRUCK_014,dumper,8.0,t/h,7.0,7.0,5.863,1.137,0.0,0.0,1.0,0.8376,False,False,DRY,NORMAL,0.0,2021-01-07,SYNTHETIC
SYN_MINE_01,A,SYN_TRUCK_015,dumper,8.0,t/h,7.0,7.0,5.863,1.137,0.0,0.0,1.0,0.8376,False,False,DRY,NORMAL,0.0,2021-01-07,SYNTHETIC
SYN_MINE_01,A,SYN_TRUCK_016,dumper,8.0,t/h,7.0,5.93,4.967,0.963,0.0,1.07,0.8472,0.8376,False,False,DRY,NORMAL,0.0,2021-01-07,SYNTHETIC
SYN_MINE_01,A,SYN_TRUCK_017,dumper,8.0,t/h,7.0,7.0,5.863,1.137,0.0,0.0,1.0,0.8376,False,False,DRY,NORMAL,0.0,2021-01-07,SYNTHETIC
SYN_MINE_01,A,SYN_TRUCK_018,dumper,8.0,t/h,7.0,7.0,5.863,1.137,0.0,0.0,1.0,0.8376,False,False,DRY,NORMAL,0.0,2021-01-07,SYNTHETIC
SYN_MINE_01,A,SYN_DRILL_001,drill,8.5,m/h,7.0,7.0,7.0,0.0,0.0,0.0,1.0,1.0,False,False,DRY,NORMAL,0.0,2021-01-07,SYNTHETIC
SYN_MINE_01,A,SYN_DRILL_002,drill,8.5,m/h,7.0,7.0,7.0,0.0,0.0,0.0,1.0,1.0,False,False,DRY,NORMAL,0.0,2021-01-07,SYNTHETIC
SYN_MINE_01,B,SYN_EXC_001,excavator,49.99,t ore/h,7.0,7.0,5.584,1.416,0.0,0.0,1.0,0.7978,False,False,DRY,NORMAL,269.42,2021-01-07,SYNTHETIC
SYN_MINE_01,B,SYN_EXC_002,excavator,49.99,t ore/h,7.0,7.0,5.584,1.416,0.0,0.0,1.0,0.7978,False,False,DRY,NORMAL,269.42,2021-01-07,SYNTHETIC
SYN_MINE_01,B,SYN_TRUCK_001,dumper,8.0,t/h,7.0,7.0,5.584,1.416,0.0,0.0,1.0,0.7978,False,False,DRY,NORMAL,0.0,2021-01-07,SYNTHETIC
SYN_MINE_01,B,SYN_TRUCK_002,dumper,8.0,t/h,7.0,7.0,5.584,1.416,0.0,0.0,1.0,0.7978,False,False,DRY,NORMAL,0.0,2021-01-07,SYNTHETIC
SYN_MINE_01,B,SYN_TRUCK_003,dumper,8.0,t/h,7.0,7.0,5.584,1.416,0.0,0.0,1.0,0.7978,False,False,DRY,NORMAL,0.0,2021-01-07,SYNTHETIC
SYN_MINE_01,B,SYN_TRUCK_004,dumper,8.0,t/h,7.0,7.0,5.584,1.416,0.0,0.0,1.0,0.7978,False,False,DRY,NORMAL,0.0,2021-01-07,SYNTHETIC
SYN_MINE_01,B,SYN_TRUCK_005,dumper,8.0,t/h,7.0,7.0,5.584,1.416,0.0,0.0,1.0,0.7978,False,False,DRY,NORMAL,0.0,2021-01-07,SYNTHETIC
SYN_MINE_01,B,SYN_TRUCK_006,dumper,8.0,t/h,7.0,7.0,5.584,1.416,0.0,0.0,1.0,0.7978,False,False,DRY,NORMAL,0.0,2021-01-07,SYNTHETIC
SYN_MINE_01,B,SYN_TRUCK_007,dumper,8.0,t/h,7.0,0.786,0.627,0.159,0.0,6.214,0.1123,0.7978,False,False,DRY,NORMAL,0.0,2021-01-07,SYNTHETIC
SYN_MINE_01,B,SYN_TRUCK_008,dumper,8.0,t/h,7.0,7.0,5.584,1.416,0.0,0.0,1.0,0.7978,False,False,DRY,NORMAL,0.0,2021-01-07,SYNTHETIC
SYN_MINE_01,B,SYN_TRUCK_009,dumper,8.0,t/h,7.0,7.0,5.584,1.416,0.0,0.0,1.0,0.7978,False,False,DRY,NORMAL,0.0,2021-01-07,SYNTHETIC
SYN_MINE_01,B,SYN_TRUCK_010,dumper,8.0,t/h,7.0,7.0,5.584,1.416,0.0,0.0,1.0,0.7978,False,False,DRY,NORMAL,0.0,2021-01-07,SYNTHETIC
SYN_MINE_01,B,SYN_TRUCK_011,dumper,8.0,t/h,7.0,2.566,2.047,0.519,0.0,4.434,0.3666,0.7978,True,False,DRY,NORMAL,0.0,2021-01-07,SYNTHETIC
SYN_MINE_01,B,SYN_TRUCK_012,dumper,8.0,t/h,7.0,7.0,5.584,1.416,0.0,0.0,1.0,0.7978,False,False,DRY,NORMAL,0.0,2021-01-07,SYNTHETIC
SYN_MINE_01,B,SYN_TRUCK_013,dumper,8.0,t/h,7.0,7.0,5.584,1.416,0.0,0.0,1.0,0.7978,False,False,DRY,NORMAL,0.0,2021-01-07,SYNTHETIC
SYN_MINE_01,B,SYN_TRUCK_014,dumper,8.0,t/h,7.0,7.0,5.584,1.416,0.0,0.0,1.0,0.7978,False,False,DRY,NORMAL,0.0,2021-01-07,SYNTHETIC
SYN_MINE_01,B,SYN_TRUCK_015,dumper,8.0,t/h,7.0,7.0,5.584,1.416,0.0,0.0,1.0,0.7978,False,False,DRY,NORMAL,0.0,2021-01-07,SYNTHETIC
SYN_MINE_01,B,SYN_TRUCK_016,dumper,8.0,t/h,7.0,7.0,5.584,1.416,0.0,0.0,1.0,0.7978,False,False,DRY,NORMAL,0.0,2021-01-07,SYNTHETIC
SYN_MINE_01,B,SYN_TRUCK_017,dumper,8.0,t/h,7.0,7.0,5.584,1.416,0.0,0.0,1.0,0.7978,False,False,DRY,NORMAL,0.0,2021-01-07,SYNTHETIC
SYN_MINE_01,B,SYN_TRUCK_018,dumper,8.0,t/h,7.0,7.0,5.584,1.416,0.0,0.0,1.0,0.7978,False,False,DRY,NORMAL,0.0,2021-01-07,SYNTHETIC
SYN_MINE_01,B,SYN_DRILL_001,drill,8.5,m/h,7.0,7.0,7.0,0.0,0.0,0.0,1.0,1.0,False,False,DRY,NORMAL,0.0,2021-01-07,SYNTHETIC
SYN_MINE_01,B,SYN_DRILL_002,drill,8.5,m/h,7.0,7.0,7.0,0.0,0.0,0.0,1.0,1.0,False,False,DRY,NORMAL,0.0,2021-01-07,SYNTHETIC
SYN_MINE_01,C,SYN_EXC_001,excavator,49.99,t ore/h,6.0,6.0,4.807,1.193,0.0,0.0,1.0,0.8012,False,False,DRY,NORMAL,232.39,2021-01-07,SYNTHETIC
SYN_MINE_01,C,SYN_EXC_002,excavator,49.99,t ore/h,6.0,6.0,4.807,1.193,0.0,0.0,1.0,0.8012,False,False,DRY,NORMAL,232.39,2021-01-07,SYNTHETIC
SYN_MINE_01,C,SYN_TRUCK_001,dumper,8.0,t/h,6.0,6.0,4.807,1.193,0.0,0.0,1.0,0.8012,False,False,DRY,NORMAL,0.0,2021-01-07,SYNTHETIC
SYN_MINE_01,C,SYN_TRUCK_002,dumper,8.0,t/h,6.0,6.0,4.807,1.193,0.0,0.0,1.0,0.8012,False,False,DRY,NORMAL,0.0,2021-01-07,SYNTHETIC
SYN_MINE_01,C,SYN_TRUCK_003,dumper,8.0,t/h,6.0,6.0,4.807,1.193,0.0,0.0,1.0,0.8012,False,False,DRY,NORMAL,0.0,2021-01-07,SYNTHETIC
SYN_MINE_01,C,SYN_TRUCK_004,dumper,8.0,t/h,6.0,6.0,4.807,1.193,0.0,0.0,1.0,0.8012,False,False,DRY,NORMAL,0.0,2021-01-07,SYNTHETIC
SYN_MINE_01,C,SYN_TRUCK_005,dumper,8.0,t/h,6.0,5.565,4.458,1.106,0.0,0.435,0.9275,0.8012,True,False,DRY,NORMAL,0.0,2021-01-07,SYNTHETIC
SYN_MINE_01,C,SYN_TRUCK_006,dumper,8.0,t/h,6.0,6.0,4.807,1.193,0.0,0.0,1.0,0.8012,False,False,DRY,NORMAL,0.0,2021-01-07,SYNTHETIC
SYN_MINE_01,C,SYN_TRUCK_007,dumper,8.0,t/h,6.0,6.0,4.807,1.193,0.0,0.0,1.0,0.8012,False,False,DRY,NORMAL,0.0,2021-01-07,SYNTHETIC
SYN_MINE_01,C,SYN_TRUCK_008,dumper,8.0,t/h,6.0,1.668,1.336,0.332,0.0,3.196,0.278,0.8012,True,False,DRY,NORMAL,0.0,2021-01-07,SYNTHETIC
SYN_MINE_01,C,SYN_TRUCK_009,dumper,8.0,t/h,6.0,6.0,4.807,1.193,0.0,0.0,1.0,0.8012,False,False,DRY,NORMAL,0.0,2021-01-07,SYNTHETIC
SYN_MINE_01,C,SYN_TRUCK_010,dumper,8.0,t/h,6.0,6.0,4.807,1.193,0.0,0.0,1.0,0.8012,False,False,DRY,NORMAL,0.0,2021-01-07,SYNTHETIC
SYN_MINE_01,C,SYN_TRUCK_011,dumper,8.0,t/h,6.0,0.593,0.475,0.118,0.0,5.407,0.0988,0.8012,False,False,DRY,NORMAL,0.0,2021-01-07,SYNTHETIC
SYN_MINE_01,C,SYN_TRUCK_012,dumper,8.0,t/h,6.0,6.0,4.807,1.193,0.0,0.0,1.0,0.8012,False,False,DRY,NORMAL,0.0,2021-01-07,SYNTHETIC
SYN_MINE_01,C,SYN_TRUCK_013,dumper,8.0,t/h,6.0,6.0,4.807,1.193,0.0,0.0,1.0,0.8012,False,False,DRY,NORMAL,0.0,2021-01-07,SYNTHETIC
SYN_MINE_01,C,SYN_TRUCK_014,dumper,8.0,t/h,6.0,6.0,4.807,1.193,0.0,0.0,1.0,0.8012,False,False,DRY,NORMAL,0.0,2021-01-07,SYNTHETIC
SYN_MINE_01,C,SYN_TRUCK_015,dumper,8.0,t/h,6.0,6.0,4.807,1.193,0.0,0.0,1.0,0.8012,False,False,DRY,NORMAL,0.0,2021-01-07,SYNTHETIC
SYN_MINE_01,C,SYN_TRUCK_016,dumper,8.0,t/h,6.0,6.0,4.807,1.193,0.0,0.0,1.0,0.8012,False,False,DRY,NORMAL,0.0,2021-01-07,SYNTHETIC
SYN_MINE_01,C,SYN_TRUCK_017,dumper,8.0,t/h,6.0,6.0,4.807,1.193,0.0,0.0,1.0,0.8012,False,False,DRY,NORMAL,0.0,2021-01-07,SYNTHETIC
SYN_MINE_01,C,SYN_TRUCK_018,dumper,8.0,t/h,6.0,6.0,4.807,1.193,0.0,0.0,1.0,0.8012,False,False,DRY,NORMAL,0.0,2021-01-07,SYNTHETIC
SYN_MINE_01,C,SYN_DRILL_001,drill,8.5,m/h,6.0,6.0,6.0,0.0,0.0,0.0,1.0,1.0,False,False,DRY,NORMAL,0.0,2021-01-07,SYNTHETIC
SYN_MINE_01,C,SYN_DRILL_002,drill,8.5,m/h,6.0,6.0,6.0,0.0,0.0,0.0,1.0,1.0,False,False,DRY,NORMAL,0.0,2021-01-07,SYNTHETIC
SYN_MINE_01,A,SYN_EXC_001,excavator,49.99,t ore/h,7.0,7.0,6.27,0.73,0.0,0.0,1.0,0.8957,False,False,DRY,NORMAL,316.46,2021-01-08,SYNTHETIC
SYN_MINE_01,A,SYN_EXC_002,excavator,49.99,t ore/h,7.0,7.0,6.27,0.73,0.0,0.0,1.0,0.8957,False,False,DRY,NORMAL,316.46,2021-01-08,SYNTHETIC
SYN_MINE_01,A,SYN_TRUCK_001,dumper,8.0,t/h,7.0,7.0,6.27,0.73,0.0,0.0,1.0,0.8957,False,False,DRY,NORMAL,0.0,2021-01-08,SYNTHETIC
SYN_MINE_01,A,SYN_TRUCK_002,dumper,8.0,t/h,7.0,7.0,6.27,0.73,0.0,0.0,1.0,0.8957,False,False,DRY,NORMAL,0.0,2021-01-08,SYNTHETIC
SYN_MINE_01,A,SYN_TRUCK_003,dumper,8.0,t/h,7.0,5.441,4.874,0.568,0.0,1.559,0.7773,0.8957,True,False,DRY,NORMAL,0.0,2021-01-08,SYNTHETIC
SYN_MINE_01,A,SYN_TRUCK_004,dumper,8.0,t/h,7.0,7.0,6.27,0.73,0.0,0.0,1.0,0.8957,False,False,DRY,NORMAL,0.0,2021-01-08,SYNTHETIC
SYN_MINE_01,A,SYN_TRUCK_005,dumper,8.0,t/h,7.0,0.0,0.0,0.0,0.0,7.0,0.0,0.0,False,False,DRY,NORMAL,0.0,2021-01-08,SYNTHETIC
SYN_MINE_01,A,SYN_TRUCK_006,dumper,8.0,t/h,7.0,7.0,6.27,0.73,0.0,0.0,1.0,0.8957,False,False,DRY,NORMAL,0.0,2021-01-08,SYNTHETIC
SYN_MINE_01,A,SYN_TRUCK_007,dumper,8.0,t/h,7.0,7.0,6.27,0.73,0.0,0.0,1.0,0.8957,False,False,DRY,NORMAL,0.0,2021-01-08,SYNTHETIC
SYN_MINE_01,A,SYN_TRUCK_008,dumper,8.0,t/h,7.0,7.0,6.27,0.73,0.0,0.0,1.0,0.8957,False,False,DRY,NORMAL,0.0,2021-01-08,SYNTHETIC
SYN_MINE_01,A,SYN_TRUCK_009,dumper,8.0,t/h,7.0,7.0,6.27,0.73,0.0,0.0,1.0,0.8957,False,False,DRY,NORMAL,0.0,2021-01-08,SYNTHETIC
SYN_MINE_01,A,SYN_TRUCK_010,dumper,8.0,t/h,7.0,7.0,6.27,0.73,0.0,0.0,1.0,0.8957,False,False,DRY,NORMAL,0.0,2021-01-08,SYNTHETIC
SYN_MINE_01,A,SYN_TRUCK_011,dumper,8.0,t/h,7.0,7.0,6.27,0.73,0.0,0.0,1.0,0.8957,False,False,DRY,NORMAL,0.0,2021-01-08,SYNTHETIC
SYN_MINE_01,A,SYN_TRUCK_012,dumper,8.0,t/h,7.0,7.0,6.27,0.73,0.0,0.0,1.0,0.8957,False,False,DRY,NORMAL,0.0,2021-01-08,SYNTHETIC
SYN_MINE_01,A,SYN_TRUCK_013,dumper,8.0,t/h,7.0,7.0,6.27,0.73,0.0,0.0,1.0,0.8957,False,False,DRY,NORMAL,0.0,2021-01-08,SYNTHETIC
SYN_MINE_01,A,SYN_TRUCK_014,dumper,8.0,t/h,7.0,7.0,6.27,0.73,0.0,0.0,1.0,0.8957,False,False,DRY,NORMAL,0.0,2021-01-08,SYNTHETIC
SYN_MINE_01,A,SYN_TRUCK_015,dumper,8.0,t/h,7.0,2.609,2.337,0.272,0.0,4.391,0.3727,0.8957,True,False,DRY,NORMAL,0.0,2021-01-08,SYNTHETIC
SYN_MINE_01,A,SYN_TRUCK_016,dumper,8.0,t/h,7.0,7.0,6.27,0.73,0.0,0.0,1.0,0.8957,False,False,DRY,NORMAL,0.0,2021-01-08,SYNTHETIC
SYN_MINE_01,A,SYN_TRUCK_017,dumper,8.0,t/h,7.0,7.0,6.27,0.73,0.0,0.0,1.0,0.8957,False,False,DRY,NORMAL,0.0,2021-01-08,SYNTHETIC
SYN_MINE_01,A,SYN_TRUCK_018,dumper,8.0,t/h,7.0,0.147,0.132,0.015,6.853,0.0,0.021,0.8957,False,True,DRY,NORMAL,0.0,2021-01-08,SYNTHETIC
SYN_MINE_01,A,SYN_DRILL_001,drill,8.5,m/h,7.0,7.0,7.0,0.0,0.0,0.0,1.0,1.0,False,False,DRY,NORMAL,0.0,2021-01-08,SYNTHETIC
SYN_MINE_01,A,SYN_DRILL_002,drill,8.5,m/h,7.0,7.0,7.0,0.0,0.0,0.0,1.0,1.0,False,False,DRY,NORMAL,0.0,2021-01-08,SYNTHETIC
SYN_MINE_01,B,SYN_EXC_001,excavator,49.99,t ore/h,7.0,7.0,5.902,1.098,0.0,0.0,1.0,0.8431,False,False,DRY,NORMAL,293.36,2021-01-08,SYNTHETIC
SYN_MINE_01,B,SYN_EXC_002,excavator,49.99,t ore/h,7.0,7.0,5.902,1.098,0.0,0.0,1.0,0.8431,False,False,DRY,NORMAL,293.36,2021-01-08,SYNTHETIC
SYN_MINE_01,B,SYN_TRUCK_001,dumper,8.0,t/h,7.0,7.0,5.902,1.098,0.0,0.0,1.0,0.8431,False,False,DRY,NORMAL,0.0,2021-01-08,SYNTHETIC
SYN_MINE_01,B,SYN_TRUCK_002,dumper,8.0,t/h,7.0,3.602,3.037,0.565,0.0,3.398,0.5146,0.8431,True,False,DRY,NORMAL,0.0,2021-01-08,SYNTHETIC
SYN_MINE_01,B,SYN_TRUCK_003,dumper,8.0,t/h,7.0,1.762,1.486,0.276,0.0,5.238,0.2518,0.8431,True,False,DRY,NORMAL,0.0,2021-01-08,SYNTHETIC
SYN_MINE_01,B,SYN_TRUCK_004,dumper,8.0,t/h,7.0,7.0,5.902,1.098,0.0,0.0,1.0,0.8431,False,False,DRY,NORMAL,0.0,2021-01-08,SYNTHETIC
SYN_MINE_01,B,SYN_TRUCK_005,dumper,8.0,t/h,7.0,5.627,4.745,0.883,0.0,1.373,0.8039,0.8431,False,False,DRY,NORMAL,0.0,2021-01-08,SYNTHETIC
SYN_MINE_01,B,SYN_TRUCK_006,dumper,8.0,t/h,7.0,7.0,5.902,1.098,0.0,0.0,1.0,0.8431,False,False,DRY,NORMAL,0.0,2021-01-08,SYNTHETIC
SYN_MINE_01,B,SYN_TRUCK_007,dumper,8.0,t/h,7.0,7.0,5.902,1.098,0.0,0.0,1.0,0.8431,False,False,DRY,NORMAL,0.0,2021-01-08,SYNTHETIC
SYN_MINE_01,B,SYN_TRUCK_008,dumper,8.0,t/h,7.0,7.0,5.902,1.098,0.0,0.0,1.0,0.8431,False,False,DRY,NORMAL,0.0,2021-01-08,SYNTHETIC
SYN_MINE_01,B,SYN_TRUCK_009,dumper,8.0,t/h,7.0,7.0,5.902,1.098,0.0,0.0,1.0,0.8431,False,False,DRY,NORMAL,0.0,2021-01-08,SYNTHETIC
SYN_MINE_01,B,SYN_TRUCK_010,dumper,8.0,t/h,7.0,7.0,5.902,1.098,0.0,0.0,1.0,0.8431,False,False,DRY,NORMAL,0.0,2021-01-08,SYNTHETIC
SYN_MINE_01,B,SYN_TRUCK_011,dumper,8.0,t/h,7.0,7.0,5.902,1.098,0.0,0.0,1.0,0.8431,False,False,DRY,NORMAL,0.0,2021-01-08,SYNTHETIC
SYN_MINE_01,B,SYN_TRUCK_012,dumper,8.0,t/h,7.0,7.0,5.902,1.098,0.0,0.0,1.0,0.8431,False,False,DRY,NORMAL,0.0,2021-01-08,SYNTHETIC
SYN_MINE_01,B,SYN_TRUCK_013,dumper,8.0,t/h,7.0,7.0,5.902,1.098,0.0,0.0,1.0,0.8431,False,False,DRY,NORMAL,0.0,2021-01-08,SYNTHETIC
SYN_MINE_01,B,SYN_TRUCK_014,dumper,8.0,t/h,7.0,7.0,5.902,1.098,0.0,0.0,1.0,0.8431,False,False,DRY,NORMAL,0.0,2021-01-08,SYNTHETIC
SYN_MINE_01,B,SYN_TRUCK_015,dumper,8.0,t/h,7.0,2.647,2.232,0.415,0.0,4.353,0.3781,0.8431,False,False,DRY,NORMAL,0.0,2021-01-08,SYNTHETIC
SYN_MINE_01,B,SYN_TRUCK_016,dumper,8.0,t/h,7.0,7.0,5.902,1.098,0.0,0.0,1.0,0.8431,False,False,DRY,NORMAL,0.0,2021-01-08,SYNTHETIC
SYN_MINE_01,B,SYN_TRUCK_017,dumper,8.0,t/h,7.0,7.0,5.902,1.098,0.0,0.0,1.0,0.8431,False,False,DRY,NORMAL,0.0,2021-01-08,SYNTHETIC
SYN_MINE_01,B,SYN_TRUCK_018,dumper,8.0,t/h,7.0,7.0,5.902,1.098,0.0,0.0,1.0,0.8431,False,False,DRY,NORMAL,0.0,2021-01-08,SYNTHETIC
SYN_MINE_01,B,SYN_DRILL_001,drill,8.5,m/h,7.0,7.0,7.0,0.0,0.0,0.0,1.0,1.0,False,False,DRY,NORMAL,0.0,2021-01-08,SYNTHETIC
SYN_MINE_01,B,SYN_DRILL_002,drill,8.5,m/h,7.0,7.0,7.0,0.0,0.0,0.0,1.0,1.0,False,False,DRY,NORMAL,0.0,2021-01-08,SYNTHETIC
SYN_MINE_01,C,SYN_EXC_001,excavator,49.99,t ore/h,6.0,6.0,5.003,0.997,0.0,0.0,1.0,0.8339,False,False,DRY,NORMAL,225.72,2021-01-08,SYNTHETIC
SYN_MINE_01,C,SYN_EXC_002,excavator,49.99,t ore/h,6.0,6.0,5.003,0.997,0.0,0.0,1.0,0.8339,False,False,DRY,NORMAL,225.72,2021-01-08,SYNTHETIC
SYN_MINE_01,C,SYN_TRUCK_001,dumper,8.0,t/h,6.0,6.0,5.003,0.997,0.0,0.0,1.0,0.8339,False,False,DRY,NORMAL,0.0,2021-01-08,SYNTHETIC
SYN_MINE_01,C,SYN_TRUCK_002,dumper,8.0,t/h,6.0,5.509,4.594,0.915,0.0,0.491,0.9182,0.8339,False,False,DRY,NORMAL,0.0,2021-01-08,SYNTHETIC
SYN_MINE_01,C,SYN_TRUCK_003,dumper,8.0,t/h,6.0,4.131,3.444,0.686,0.0,1.869,0.6885,0.8339,False,False,DRY,NORMAL,0.0,2021-01-08,SYNTHETIC
SYN_MINE_01,C,SYN_TRUCK_004,dumper,8.0,t/h,6.0,6.0,5.003,0.997,0.0,0.0,1.0,0.8339,False,False,DRY,NORMAL,0.0,2021-01-08,SYNTHETIC
SYN_MINE_01,C,SYN_TRUCK_005,dumper,8.0,t/h,6.0,6.0,5.003,0.997,0.0,0.0,1.0,0.8339,False,False,DRY,NORMAL,0.0,2021-01-08,SYNTHETIC
SYN_MINE_01,C,SYN_TRUCK_006,dumper,8.0,t/h,6.0,6.0,5.003,0.997,0.0,0.0,1.0,0.8339,False,False,DRY,NORMAL,0.0,2021-01-08,SYNTHETIC
SYN_MINE_01,C,SYN_TRUCK_007,dumper,8.0,t/h,6.0,6.0,5.003,0.997,0.0,0.0,1.0,0.8339,False,False,DRY,NORMAL,0.0,2021-01-08,SYNTHETIC
SYN_MINE_01,C,SYN_TRUCK_008,dumper,8.0,t/h,6.0,6.0,5.003,0.997,0.0,0.0,1.0,0.8339,False,False,DRY,NORMAL,0.0,2021-01-08,SYNTHETIC
SYN_MINE_01,C,SYN_TRUCK_009,dumper,8.0,t/h,6.0,6.0,5.003,0.997,0.0,0.0,1.0,0.8339,False,False,DRY,NORMAL,0.0,2021-01-08,SYNTHETIC
SYN_MINE_01,C,SYN_TRUCK_010,dumper,8.0,t/h,6.0,2.72,2.268,0.452,0.0,3.28,0.4533,0.8339,True,False,DRY,NORMAL,0.0,2021-01-08,SYNTHETIC
SYN_MINE_01,C,SYN_TRUCK_011,dumper,8.0,t/h,6.0,6.0,5.003,0.997,0.0,0.0,1.0,0.8339,False,False,DRY,NORMAL,0.0,2021-01-08,SYNTHETIC
SYN_MINE_01,C,SYN_TRUCK_012,dumper,8.0,t/h,6.0,6.0,5.003,0.997,0.0,0.0,1.0,0.8339,False,False,DRY,NORMAL,0.0,2021-01-08,SYNTHETIC
SYN_MINE_01,C,SYN_TRUCK_013,dumper,8.0,t/h,6.0,6.0,5.003,0.997,0.0,0.0,1.0,0.8339,False,False,DRY,NORMAL,0.0,2021-01-08,SYNTHETIC
SYN_MINE_01,C,SYN_TRUCK_014,dumper,8.0,t/h,6.0,6.0,5.003,0.997,0.0,0.0,1.0,0.8339,False,False,DRY,NORMAL,0.0,2021-01-08,SYNTHETIC
SYN_MINE_01,C,SYN_TRUCK_015,dumper,8.0,t/h,6.0,6.0,5.003,0.997,0.0,0.0,1.0,0.8339,False,False,DRY,NORMAL,0.0,2021-01-08,SYNTHETIC
SYN_MINE_01,C,SYN_TRUCK_016,dumper,8.0,t/h,6.0,6.0,5.003,0.997,0.0,0.0,1.0,0.8339,False,False,DRY,NORMAL,0.0,2021-01-08,SYNTHETIC
SYN_MINE_01,C,SYN_TRUCK_017,dumper,8.0,t/h,6.0,6.0,5.003,0.997,0.0,0.0,1.0,0.8339,False,False,DRY,NORMAL,0.0,2021-01-08,SYNTHETIC
SYN_MINE_01,C,SYN_TRUCK_018,dumper,8.0,t/h,6.0,6.0,5.003,0.997,0.0,0.0,1.0,0.8339,False,False,DRY,NORMAL,0.0,2021-01-08,SYNTHETIC
SYN_MINE_01,C,SYN_DRILL_001,drill,8.5,m/h,6.0,6.0,6.0,0.0,0.0,0.0,1.0,1.0,False,False,DRY,NORMAL,0.0,2021-01-08,SYNTHETIC
SYN_MINE_01,C,SYN_DRILL_002,drill,8.5,m/h,6.0,6.0,6.0,0.0,0.0,0.0,1.0,1.0,False,False,DRY,NORMAL,0.0,2021-01-08,SYNTHETIC
SYN_MINE_01,A,SYN_EXC_001,excavator,49.99,t ore/h,7.0,7.0,5.746,1.254,0.0,0.0,1.0,0.8209,False,False,DRY,NORMAL,261.77,2021-01-09,SYNTHETIC
SYN_MINE_01,A,SYN_EXC_002,excavator,49.99,t ore/h,7.0,7.0,5.746,1.254,0.0,0.0,1.0,0.8209,False,False,DRY,NORMAL,261.77,2021-01-09,SYNTHETIC
SYN_MINE_01,A,SYN_TRUCK_001,dumper,8.0,t/h,7.0,7.0,5.746,1.254,0.0,0.0,1.0,0.8209,False,False,DRY,NORMAL,0.0,2021-01-09,SYNTHETIC
SYN_MINE_01,A,SYN_TRUCK_002,dumper,8.0,t/h,7.0,7.0,5.746,1.254,0.0,0.0,1.0,0.8209,False,False,DRY,NORMAL,0.0,2021-01-09,SYNTHETIC
SYN_MINE_01,A,SYN_TRUCK_003,dumper,8.0,t/h,7.0,7.0,5.746,1.254,0.0,0.0,1.0,0.8209,False,False,DRY,NORMAL,0.0,2021-01-09,SYNTHETIC
SYN_MINE_01,A,SYN_TRUCK_004,dumper,8.0,t/h,7.0,7.0,5.746,1.254,0.0,0.0,1.0,0.8209,False,False,DRY,NORMAL,0.0,2021-01-09,SYNTHETIC
SYN_MINE_01,A,SYN_TRUCK_005,dumper,8.0,t/h,7.0,7.0,5.746,1.254,0.0,0.0,1.0,0.8209,False,False,DRY,NORMAL,0.0,2021-01-09,SYNTHETIC
SYN_MINE_01,A,SYN_TRUCK_006,dumper,8.0,t/h,7.0,7.0,5.746,1.254,0.0,0.0,1.0,0.8209,False,False,DRY,NORMAL,0.0,2021-01-09,SYNTHETIC
SYN_MINE_01,A,SYN_TRUCK_007,dumper,8.0,t/h,7.0,7.0,5.746,1.254,0.0,0.0,1.0,0.8209,False,False,DRY,NORMAL,0.0,2021-01-09,SYNTHETIC
SYN_MINE_01,A,SYN_TRUCK_008,dumper,8.0,t/h,7.0,7.0,5.746,1.254,0.0,0.0,1.0,0.8209,False,False,DRY,NORMAL,0.0,2021-01-09,SYNTHETIC
SYN_MINE_01,A,SYN_TRUCK_009,dumper,8.0,t/h,7.0,7.0,5.746,1.254,0.0,0.0,1.0,0.8209,False,False,DRY,NORMAL,0.0,2021-01-09,SYNTHETIC
SYN_MINE_01,A,SYN_TRUCK_010,dumper,8.0,t/h,7.0,3.487,2.862,0.625,0.0,3.513,0.4981,0.8209,False,False,DRY,NORMAL,0.0,2021-01-09,SYNTHETIC
SYN_MINE_01,A,SYN_TRUCK_011,dumper,8.0,t/h,7.0,0.0,0.0,0.0,7.0,0.0,0.0,0.0,False,True,DRY,NORMAL,0.0,2021-01-09,SYNTHETIC
SYN_MINE_01,A,SYN_TRUCK_012,dumper,8.0,t/h,7.0,7.0,5.746,1.254,0.0,0.0,1.0,0.8209,False,False,DRY,NORMAL,0.0,2021-01-09,SYNTHETIC
SYN_MINE_01,A,SYN_TRUCK_013,dumper,8.0,t/h,7.0,7.0,5.746,1.254,0.0,0.0,1.0,0.8209,False,False,DRY,NORMAL,0.0,2021-01-09,SYNTHETIC
SYN_MINE_01,A,SYN_TRUCK_014,dumper,8.0,t/h,7.0,7.0,5.746,1.254,0.0,0.0,1.0,0.8209,False,False,DRY,NORMAL,0.0,2021-01-09,SYNTHETIC
SYN_MINE_01,A,SYN_TRUCK_015,dumper,8.0,t/h,7.0,7.0,5.746,1.254,0.0,0.0,1.0,0.8209,False,False,DRY,NORMAL,0.0,2021-01-09,SYNTHETIC
SYN_MINE_01,A,SYN_TRUCK_016,dumper,8.0,t/h,7.0,7.0,5.746,1.254,0.0,0.0,1.0,0.8209,False,False,DRY,NORMAL,0.0,2021-01-09,SYNTHETIC
SYN_MINE_01,A,SYN_TRUCK_017,dumper,8.0,t/h,7.0,7.0,5.746,1.254,0.0,0.0,1.0,0.8209,False,False,DRY,NORMAL,0.0,2021-01-09,SYNTHETIC
SYN_MINE_01,A,SYN_TRUCK_018,dumper,8.0,t/h,7.0,7.0,5.746,1.254,0.0,0.0,1.0,0.8209,False,False,DRY,NORMAL,0.0,2021-01-09,SYNTHETIC
SYN_MINE_01,A,SYN_DRILL_001,drill,8.5,m/h,7.0,7.0,7.0,0.0,0.0,0.0,1.0,1.0,False,False,DRY,NORMAL,0.0,2021-01-09,SYNTHETIC
SYN_MINE_01,A,SYN_DRILL_002,drill,8.5,m/h,7.0,6.718,6.718,0.0,0.0,0.282,0.9598,1.0,True,False,DRY,NORMAL,0.0,2021-01-09,SYNTHETIC
SYN_MINE_01,B,SYN_EXC_001,excavator,49.99,t ore/h,7.0,7.0,6.531,0.469,0.0,0.0,1.0,0.9331,False,False,DRY,NORMAL,330.2,2021-01-09,SYNTHETIC
SYN_MINE_01,B,SYN_EXC_002,excavator,49.99,t ore/h,7.0,7.0,6.531,0.469,0.0,0.0,1.0,0.9331,False,False,DRY,NORMAL,330.2,2021-01-09,SYNTHETIC
SYN_MINE_01,B,SYN_TRUCK_001,dumper,8.0,t/h,7.0,7.0,6.531,0.469,0.0,0.0,1.0,0.9331,False,False,DRY,NORMAL,0.0,2021-01-09,SYNTHETIC
SYN_MINE_01,B,SYN_TRUCK_002,dumper,8.0,t/h,7.0,7.0,6.531,0.469,0.0,0.0,1.0,0.9331,False,False,DRY,NORMAL,0.0,2021-01-09,SYNTHETIC
SYN_MINE_01,B,SYN_TRUCK_003,dumper,8.0,t/h,7.0,0.781,0.729,0.052,0.0,5.765,0.1116,0.9331,True,False,DRY,NORMAL,0.0,2021-01-09,SYNTHETIC
SYN_MINE_01,B,SYN_TRUCK_004,dumper,8.0,t/h,7.0,7.0,6.531,0.469,0.0,0.0,1.0,0.9331,False,False,DRY,NORMAL,0.0,2021-01-09,SYNTHETIC
SYN_MINE_01,B,SYN_TRUCK_005,dumper,8.0,t/h,7.0,7.0,6.531,0.469,0.0,0.0,1.0,0.9331,False,False,DRY,NORMAL,0.0,2021-01-09,SYNTHETIC
SYN_MINE_01,B,SYN_TRUCK_006,dumper,8.0,t/h,7.0,7.0,6.531,0.469,0.0,0.0,1.0,0.9331,False,False,DRY,NORMAL,0.0,2021-01-09,SYNTHETIC
SYN_MINE_01,B,SYN_TRUCK_007,dumper,8.0,t/h,7.0,7.0,6.531,0.469,0.0,0.0,1.0,0.9331,False,False,DRY,NORMAL,0.0,2021-01-09,SYNTHETIC
SYN_MINE_01,B,SYN_TRUCK_008,dumper,8.0,t/h,7.0,7.0,6.531,0.469,0.0,0.0,1.0,0.9331,False,False,DRY,NORMAL,0.0,2021-01-09,SYNTHETIC
SYN_MINE_01,B,SYN_TRUCK_009,dumper,8.0,t/h,7.0,7.0,6.531,0.469,0.0,0.0,1.0,0.9331,False,False,DRY,NORMAL,0.0,2021-01-09,SYNTHETIC
SYN_MINE_01,B,SYN_TRUCK_010,dumper,8.0,t/h,7.0,0.784,0.732,0.053,0.0,2.907,0.1121,0.9331,True,False,DRY,NORMAL,0.0,2021-01-09,SYNTHETIC
SYN_MINE_01,B,SYN_TRUCK_011,dumper,8.0,t/h,7.0,3.557,3.319,0.238,0.0,2.562,0.5082,0.9331,True,False,DRY,NORMAL,0.0,2021-01-09,SYNTHETIC
SYN_MINE_01,B,SYN_TRUCK_012,dumper,8.0,t/h,7.0,7.0,6.531,0.469,0.0,0.0,1.0,0.9331,False,False,DRY,NORMAL,0.0,2021-01-09,SYNTHETIC
SYN_MINE_01,B,SYN_TRUCK_013,dumper,8.0,t/h,7.0,7.0,6.531,0.469,0.0,0.0,1.0,0.9331,False,False,DRY,NORMAL,0.0,2021-01-09,SYNTHETIC
SYN_MINE_01,B,SYN_TRUCK_014,dumper,8.0,t/h,7.0,7.0,6.531,0.469,0.0,0.0,1.0,0.9331,False,False,DRY,NORMAL,0.0,2021-01-09,SYNTHETIC
SYN_MINE_01,B,SYN_TRUCK_015,dumper,8.0,t/h,7.0,7.0,6.531,0.469,0.0,0.0,1.0,0.9331,False,False,DRY,NORMAL,0.0,2021-01-09,SYNTHETIC
SYN_MINE_01,B,SYN_TRUCK_016,dumper,8.0,t/h,7.0,7.0,6.531,0.469,0.0,0.0,1.0,0.9331,False,False,DRY,NORMAL,0.0,2021-01-09,SYNTHETIC
SYN_MINE_01,B,SYN_TRUCK_017,dumper,8.0,t/h,7.0,7.0,6.531,0.469,0.0,0.0,1.0,0.9331,False,False,DRY,NORMAL,0.0,2021-01-09,SYNTHETIC
SYN_MINE_01,B,SYN_TRUCK_018,dumper,8.0,t/h,7.0,7.0,6.531,0.469,0.0,0.0,1.0,0.9331,False,False,DRY,NORMAL,0.0,2021-01-09,SYNTHETIC
SYN_MINE_01,B,SYN_DRILL_001,drill,8.5,m/h,7.0,7.0,7.0,0.0,0.0,0.0,1.0,1.0,False,False,DRY,NORMAL,0.0,2021-01-09,SYNTHETIC
SYN_MINE_01,B,SYN_DRILL_002,drill,8.5,m/h,7.0,4.478,4.478,0.0,0.0,2.522,0.6398,1.0,False,False,DRY,NORMAL,0.0,2021-01-09,SYNTHETIC
SYN_MINE_01,C,SYN_EXC_001,excavator,49.99,t ore/h,6.0,6.0,5.501,0.499,0.0,0.0,1.0,0.9168,False,False,DRY,NORMAL,265.02,2021-01-09,SYNTHETIC
SYN_MINE_01,C,SYN_EXC_002,excavator,49.99,t ore/h,6.0,2.765,2.535,0.23,0.0,3.235,0.4608,0.9168,True,False,DRY,NORMAL,122.12,2021-01-09,SYNTHETIC
SYN_MINE_01,C,SYN_TRUCK_001,dumper,8.0,t/h,6.0,6.0,5.501,0.499,0.0,0.0,1.0,0.9168,False,False,DRY,NORMAL,0.0,2021-01-09,SYNTHETIC
SYN_MINE_01,C,SYN_TRUCK_002,dumper,8.0,t/h,6.0,6.0,5.501,0.499,0.0,0.0,1.0,0.9168,False,False,DRY,NORMAL,0.0,2021-01-09,SYNTHETIC
SYN_MINE_01,C,SYN_TRUCK_003,dumper,8.0,t/h,6.0,6.0,5.501,0.499,0.0,0.0,1.0,0.9168,False,False,DRY,NORMAL,0.0,2021-01-09,SYNTHETIC
SYN_MINE_01,C,SYN_TRUCK_004,dumper,8.0,t/h,6.0,6.0,5.501,0.499,0.0,0.0,1.0,0.9168,False,False,DRY,NORMAL,0.0,2021-01-09,SYNTHETIC
SYN_MINE_01,C,SYN_TRUCK_005,dumper,8.0,t/h,6.0,1.13,1.036,0.094,0.0,4.87,0.1883,0.9168,True,False,DRY,NORMAL,0.0,2021-01-09,SYNTHETIC
SYN_MINE_01,C,SYN_TRUCK_006,dumper,8.0,t/h,6.0,6.0,5.501,0.499,0.0,0.0,1.0,0.9168,False,False,DRY,NORMAL,0.0,2021-01-09,SYNTHETIC
SYN_MINE_01,C,SYN_TRUCK_007,dumper,8.0,t/h,6.0,6.0,5.501,0.499,0.0,0.0,1.0,0.9168,False,False,DRY,NORMAL,0.0,2021-01-09,SYNTHETIC
SYN_MINE_01,C,SYN_TRUCK_008,dumper,8.0,t/h,6.0,6.0,5.501,0.499,0.0,0.0,1.0,0.9168,False,False,DRY,NORMAL,0.0,2021-01-09,SYNTHETIC
SYN_MINE_01,C,SYN_TRUCK_009,dumper,8.0,t/h,6.0,6.0,5.501,0.499,0.0,0.0,1.0,0.9168,False,False,DRY,NORMAL,0.0,2021-01-09,SYNTHETIC
SYN_MINE_01,C,SYN_TRUCK_010,dumper,8.0,t/h,6.0,6.0,5.501,0.499,0.0,0.0,1.0,0.9168,False,False,DRY,NORMAL,0.0,2021-01-09,SYNTHETIC
SYN_MINE_01,C,SYN_TRUCK_011,dumper,8.0,t/h,6.0,6.0,5.501,0.499,0.0,0.0,1.0,0.9168,False,False,DRY,NORMAL,0.0,2021-01-09,SYNTHETIC
SYN_MINE_01,C,SYN_TRUCK_012,dumper,8.0,t/h,6.0,5.12,4.694,0.426,0.0,0.88,0.8534,0.9168,True,False,DRY,NORMAL,0.0,2021-01-09,SYNTHETIC
SYN_MINE_01,C,SYN_TRUCK_013,dumper,8.0,t/h,6.0,6.0,5.501,0.499,0.0,0.0,1.0,0.9168,False,False,DRY,NORMAL,0.0,2021-01-09,SYNTHETIC
SYN_MINE_01,C,SYN_TRUCK_014,dumper,8.0,t/h,6.0,6.0,5.501,0.499,0.0,0.0,1.0,0.9168,False,False,DRY,NORMAL,0.0,2021-01-09,SYNTHETIC
SYN_MINE_01,C,SYN_TRUCK_015,dumper,8.0,t/h,6.0,6.0,5.501,0.499,0.0,0.0,1.0,0.9168,False,False,DRY,NORMAL,0.0,2021-01-09,SYNTHETIC
SYN_MINE_01,C,SYN_TRUCK_016,dumper,8.0,t/h,6.0,6.0,5.501,0.499,0.0,0.0,1.0,0.9168,False,False,DRY,NORMAL,0.0,2021-01-09,SYNTHETIC
SYN_MINE_01,C,SYN_TRUCK_017,dumper,8.0,t/h,6.0,6.0,5.501,0.499,0.0,0.0,1.0,0.9168,False,False,DRY,NORMAL,0.0,2021-01-09,SYNTHETIC
SYN_MINE_01,C,SYN_TRUCK_018,dumper,8.0,t/h,6.0,6.0,5.501,0.499,0.0,0.0,1.0,0.9168,False,False,DRY,NORMAL,0.0,2021-01-09,SYNTHETIC
SYN_MINE_01,C,SYN_DRILL_001,drill,8.5,m/h,6.0,6.0,6.0,0.0,0.0,0.0,1.0,1.0,False,False,DRY,NORMAL,0.0,2021-01-09,SYNTHETIC
SYN_MINE_01,C,SYN_DRILL_002,drill,8.5,m/h,6.0,6.0,6.0,0.0,0.0,0.0,1.0,1.0,False,False,DRY,NORMAL,0.0,2021-01-09,SYNTHETIC
SYN_MINE_01,A,SYN_EXC_001,excavator,49.99,t ore/h,7.0,7.0,5.046,1.954,0.0,0.0,1.0,0.7209,False,False,DRY,NORMAL,241.54,2021-01-10,SYNTHETIC
SYN_MINE_01,A,SYN_EXC_002,excavator,49.99,t ore/h,7.0,0.0,0.0,0.0,0.0,7.0,0.0,0.0,False,False,DRY,NORMAL,0.0,2021-01-10,SYNTHETIC
SYN_MINE_01,A,SYN_TRUCK_001,dumper,8.0,t/h,7.0,7.0,5.046,1.954,0.0,0.0,1.0,0.7209,False,False,DRY,NORMAL,0.0,2021-01-10,SYNTHETIC
SYN_MINE_01,A,SYN_TRUCK_002,dumper,8.0,t/h,7.0,7.0,5.046,1.954,0.0,0.0,1.0,0.7209,False,False,DRY,NORMAL,0.0,2021-01-10,SYNTHETIC
SYN_MINE_01,A,SYN_TRUCK_003,dumper,8.0,t/h,7.0,2.425,1.748,0.677,0.0,4.575,0.3465,0.7209,True,False,DRY,NORMAL,0.0,2021-01-10,SYNTHETIC
SYN_MINE_01,A,SYN_TRUCK_004,dumper,8.0,t/h,7.0,7.0,5.046,1.954,0.0,0.0,1.0,0.7209,False,False,DRY,NORMAL,0.0,2021-01-10,SYNTHETIC
SYN_MINE_01,A,SYN_TRUCK_005,dumper,8.0,t/h,7.0,1.314,0.947,0.367,0.0,5.686,0.1878,0.7209,False,False,DRY,NORMAL,0.0,2021-01-10,SYNTHETIC
SYN_MINE_01,A,SYN_TRUCK_006,dumper,8.0,t/h,7.0,7.0,5.046,1.954,0.0,0.0,1.0,0.7209,False,False,DRY,NORMAL,0.0,2021-01-10,SYNTHETIC
SYN_MINE_01,A,SYN_TRUCK_007,dumper,8.0,t/h,7.0,7.0,5.046,1.954,0.0,0.0,1.0,0.7209,False,False,DRY,NORMAL,0.0,2021-01-10,SYNTHETIC
SYN_MINE_01,A,SYN_TRUCK_008,dumper,8.0,t/h,7.0,7.0,5.046,1.954,0.0,0.0,1.0,0.7209,False,False,DRY,NORMAL,0.0,2021-01-10,SYNTHETIC
SYN_MINE_01,A,SYN_TRUCK_009,dumper,8.0,t/h,7.0,7.0,5.046,1.954,0.0,0.0,1.0,0.7209,False,False,DRY,NORMAL,0.0,2021-01-10,SYNTHETIC
SYN_MINE_01,A,SYN_TRUCK_010,dumper,8.0,t/h,7.0,7.0,5.046,1.954,0.0,0.0,1.0,0.7209,False,False,DRY,NORMAL,0.0,2021-01-10,SYNTHETIC
SYN_MINE_01,A,SYN_TRUCK_011,dumper,8.0,t/h,7.0,7.0,5.046,1.954,0.0,0.0,1.0,0.7209,False,False,DRY,NORMAL,0.0,2021-01-10,SYNTHETIC
SYN_MINE_01,A,SYN_TRUCK_012,dumper,8.0,t/h,7.0,0.0,0.0,0.0,0.0,7.0,0.0,0.0,False,False,DRY,NORMAL,0.0,2021-01-10,SYNTHETIC
SYN_MINE_01,A,SYN_TRUCK_013,dumper,8.0,t/h,7.0,7.0,5.046,1.954,0.0,0.0,1.0,0.7209,False,False,DRY,NORMAL,0.0,2021-01-10,SYNTHETIC
SYN_MINE_01,A,SYN_TRUCK_014,dumper,8.0,t/h,7.0,7.0,5.046,1.954,0.0,0.0,1.0,0.7209,False,False,DRY,NORMAL,0.0,2021-01-10,SYNTHETIC
SYN_MINE_01,A,SYN_TRUCK_015,dumper,8.0,t/h,7.0,2.308,1.664,0.644,4.692,0.0,0.3297,0.7209,False,True,DRY,NORMAL,0.0,2021-01-10,SYNTHETIC
SYN_MINE_01,A,SYN_TRUCK_016,dumper,8.0,t/h,7.0,7.0,5.046,1.954,0.0,0.0,1.0,0.7209,False,False,DRY,NORMAL,0.0,2021-01-10,SYNTHETIC
SYN_MINE_01,A,SYN_TRUCK_017,dumper,8.0,t/h,7.0,0.116,0.084,0.032,0.0,6.884,0.0166,0.7209,True,False,DRY,NORMAL,0.0,2021-01-10,SYNTHETIC
SYN_MINE_01,A,SYN_TRUCK_018,dumper,8.0,t/h,7.0,7.0,5.046,1.954,0.0,0.0,1.0,0.7209,False,False,DRY,NORMAL,0.0,2021-01-10,SYNTHETIC
SYN_MINE_01,A,SYN_DRILL_001,drill,8.5,m/h,7.0,7.0,7.0,0.0,0.0,0.0,1.0,1.0,False,False,DRY,NORMAL,0.0,2021-01-10,SYNTHETIC
SYN_MINE_01,A,SYN_DRILL_002,drill,8.5,m/h,7.0,1.205,1.205,0.0,5.795,0.0,0.1722,1.0,False,True,DRY,NORMAL,0.0,2021-01-10,SYNTHETIC
SYN_MINE_01,B,SYN_EXC_001,excavator,49.99,t ore/h,7.0,7.0,4.941,2.059,0.0,0.0,1.0,0.7058,False,False,DRY,NORMAL,240.83,2021-01-10,SYNTHETIC
SYN_MINE_01,B,SYN_EXC_002,excavator,49.99,t ore/h,7.0,4.358,3.076,1.282,0.0,2.642,0.6226,0.7058,False,False,DRY,NORMAL,149.93,2021-01-10,SYNTHETIC
SYN_MINE_01,B,SYN_TRUCK_001,dumper,8.0,t/h,7.0,7.0,4.941,2.059,0.0,0.0,1.0,0.7058,False,False,DRY,NORMAL,0.0,2021-01-10,SYNTHETIC
SYN_MINE_01,B,SYN_TRUCK_002,dumper,8.0,t/h,7.0,7.0,4.941,2.059,0.0,0.0,1.0,0.7058,False,False,DRY,NORMAL,0.0,2021-01-10,SYNTHETIC
SYN_MINE_01,B,SYN_TRUCK_003,dumper,8.0,t/h,7.0,5.213,3.679,1.534,0.0,1.787,0.7447,0.7058,False,False,DRY,NORMAL,0.0,2021-01-10,SYNTHETIC
SYN_MINE_01,B,SYN_TRUCK_004,dumper,8.0,t/h,7.0,7.0,4.941,2.059,0.0,0.0,1.0,0.7058,False,False,DRY,NORMAL,0.0,2021-01-10,SYNTHETIC
SYN_MINE_01,B,SYN_TRUCK_005,dumper,8.0,t/h,7.0,4.17,2.943,1.227,0.0,2.83,0.5957,0.7058,True,False,DRY,NORMAL,0.0,2021-01-10,SYNTHETIC
SYN_MINE_01,B,SYN_TRUCK_006,dumper,8.0,t/h,7.0,7.0,4.941,2.059,0.0,0.0,1.0,0.7058,False,False,DRY,NORMAL,0.0,2021-01-10,SYNTHETIC
SYN_MINE_01,B,SYN_TRUCK_007,dumper,8.0,t/h,7.0,7.0,4.941,2.059,0.0,0.0,1.0,0.7058,False,False,DRY,NORMAL,0.0,2021-01-10,SYNTHETIC
SYN_MINE_01,B,SYN_TRUCK_008,dumper,8.0,t/h,7.0,7.0,4.941,2.059,0.0,0.0,1.0,0.7058,False,False,DRY,NORMAL,0.0,2021-01-10,SYNTHETIC
SYN_MINE_01,B,SYN_TRUCK_009,dumper,8.0,t/h,7.0,7.0,4.941,2.059,0.0,0.0,1.0,0.7058,False,False,DRY,NORMAL,0.0,2021-01-10,SYNTHETIC
SYN_MINE_01,B,SYN_TRUCK_010,dumper,8.0,t/h,7.0,7.0,4.941,2.059,0.0,0.0,1.0,0.7058,False,False,DRY,NORMAL,0.0,2021-01-10,SYNTHETIC
SYN_MINE_01,B,SYN_TRUCK_011,dumper,8.0,t/h,7.0,7.0,4.941,2.059,0.0,0.0,1.0,0.7058,False,False,DRY,NORMAL,0.0,2021-01-10,SYNTHETIC
SYN_MINE_01,B,SYN_TRUCK_012,dumper,8.0,t/h,7.0,0.0,0.0,0.0,0.0,7.0,0.0,0.0,False,False,DRY,NORMAL,0.0,2021-01-10,SYNTHETIC
SYN_MINE_01,B,SYN_TRUCK_013,dumper,8.0,t/h,7.0,7.0,4.941,2.059,0.0,0.0,1.0,0.7058,False,False,DRY,NORMAL,0.0,2021-01-10,SYNTHETIC
SYN_MINE_01,B,SYN_TRUCK_014,dumper,8.0,t/h,7.0,7.0,4.941,2.059,0.0,0.0,1.0,0.7058,False,False,DRY,NORMAL,0.0,2021-01-10,SYNTHETIC
SYN_MINE_01,B,SYN_TRUCK_015,dumper,8.0,t/h,7.0,7.0,4.941,2.059,0.0,0.0,1.0,0.7058,False,False,DRY,NORMAL,0.0,2021-01-10,SYNTHETIC
SYN_MINE_01,B,SYN_TRUCK_016,dumper,8.0,t/h,7.0,7.0,4.941,2.059,0.0,0.0,1.0,0.7058,False,False,DRY,NORMAL,0.0,2021-01-10,SYNTHETIC
SYN_MINE_01,B,SYN_TRUCK_017,dumper,8.0,t/h,7.0,0.0,0.0,0.0,0.0,7.0,0.0,0.0,False,False,DRY,NORMAL,0.0,2021-01-10,SYNTHETIC
SYN_MINE_01,B,SYN_TRUCK_018,dumper,8.0,t/h,7.0,7.0,4.941,2.059,0.0,0.0,1.0,0.7058,False,False,DRY,NORMAL,0.0,2021-01-10,SYNTHETIC
SYN_MINE_01,B,SYN_DRILL_001,drill,8.5,m/h,7.0,7.0,7.0,0.0,0.0,0.0,1.0,1.0,False,False,DRY,NORMAL,0.0,2021-01-10,SYNTHETIC
SYN_MINE_01,B,SYN_DRILL_002,drill,8.5,m/h,7.0,5.572,5.572,0.0,0.0,1.428,0.796,1.0,True,False,DRY,NORMAL,0.0,2021-01-10,SYNTHETIC
SYN_MINE_01,C,SYN_EXC_001,excavator,49.99,t ore/h,6.0,6.0,4.048,1.952,0.0,0.0,1.0,0.6746,False,False,DRY,NORMAL,199.27,2021-01-10,SYNTHETIC
SYN_MINE_01,C,SYN_EXC_002,excavator,49.99,t ore/h,6.0,6.0,4.048,1.952,0.0,0.0,1.0,0.6746,False,False,DRY,NORMAL,199.27,2021-01-10,SYNTHETIC
SYN_MINE_01,C,SYN_TRUCK_001,dumper,8.0,t/h,6.0,6.0,4.048,1.952,0.0,0.0,1.0,0.6746,False,False,DRY,NORMAL,0.0,2021-01-10,SYNTHETIC
SYN_MINE_01,C,SYN_TRUCK_002,dumper,8.0,t/h,6.0,6.0,4.048,1.952,0.0,0.0,1.0,0.6746,False,False,DRY,NORMAL,0.0,2021-01-10,SYNTHETIC
SYN_MINE_01,C,SYN_TRUCK_003,dumper,8.0,t/h,6.0,6.0,4.048,1.952,0.0,0.0,1.0,0.6746,False,False,DRY,NORMAL,0.0,2021-01-10,SYNTHETIC
SYN_MINE_01,C,SYN_TRUCK_004,dumper,8.0,t/h,6.0,6.0,4.048,1.952,0.0,0.0,1.0,0.6746,False,False,DRY,NORMAL,0.0,2021-01-10,SYNTHETIC
SYN_MINE_01,C,SYN_TRUCK_005,dumper,8.0,t/h,6.0,0.0,0.0,0.0,0.0,6.0,0.0,0.0,False,False,DRY,NORMAL,0.0,2021-01-10,SYNTHETIC
SYN_MINE_01,C,SYN_TRUCK_006,dumper,8.0,t/h,6.0,6.0,4.048,1.952,0.0,0.0,1.0,0.6746,False,False,DRY,NORMAL,0.0,2021-01-10,SYNTHETIC
SYN_MINE_01,C,SYN_TRUCK_007,dumper,8.0,t/h,6.0,6.0,4.048,1.952,0.0,0.0,1.0,0.6746,False,False,DRY,NORMAL,0.0,2021-01-10,SYNTHETIC
SYN_MINE_01,C,SYN_TRUCK_008,dumper,8.0,t/h,6.0,6.0,4.048,1.952,0.0,0.0,1.0,0.6746,False,False,DRY,NORMAL,0.0,2021-01-10,SYNTHETIC
SYN_MINE_01,C,SYN_TRUCK_009,dumper,8.0,t/h,6.0,6.0,4.048,1.952,0.0,0.0,1.0,0.6746,False,False,DRY,NORMAL,0.0,2021-01-10,SYNTHETIC
SYN_MINE_01,C,SYN_TRUCK_010,dumper,8.0,t/h,6.0,6.0,4.048,1.952,0.0,0.0,1.0,0.6746,False,False,DRY,NORMAL,0.0,2021-01-10,SYNTHETIC
SYN_MINE_01,C,SYN_TRUCK_011,dumper,8.0,t/h,6.0,6.0,4.048,1.952,0.0,0.0,1.0,0.6746,False,False,DRY,NORMAL,0.0,2021-01-10,SYNTHETIC
SYN_MINE_01,C,SYN_TRUCK_012,dumper,8.0,t/h,6.0,0.0,0.0,0.0,0.0,6.0,0.0,0.0,False,False,DRY,NORMAL,0.0,2021-01-10,SYNTHETIC
SYN_MINE_01,C,SYN_TRUCK_013,dumper,8.0,t/h,6.0,6.0,4.048,1.952,0.0,0.0,1.0,0.6746,False,False,DRY,NORMAL,0.0,2021-01-10,SYNTHETIC
SYN_MINE_01,C,SYN_TRUCK_014,dumper,8.0,t/h,6.0,6.0,4.048,1.952,0.0,0.0,1.0,0.6746,False,False,DRY,NORMAL,0.0,2021-01-10,SYNTHETIC
SYN_MINE_01,C,SYN_TRUCK_015,dumper,8.0,t/h,6.0,6.0,4.048,1.952,0.0,0.0,1.0,0.6746,False,False,DRY,NORMAL,0.0,2021-01-10,SYNTHETIC
SYN_MINE_01,C,SYN_TRUCK_016,dumper,8.0,t/h,6.0,6.0,4.048,1.952,0.0,0.0,1.0,0.6746,False,False,DRY,NORMAL,0.0,2021-01-10,SYNTHETIC
SYN_MINE_01,C,SYN_TRUCK_017,dumper,8.0,t/h,6.0,0.0,0.0,0.0,0.0,6.0,0.0,0.0,False,False,DRY,NORMAL,0.0,2021-01-10,SYNTHETIC
SYN_MINE_01,C,SYN_TRUCK_018,dumper,8.0,t/h,6.0,6.0,4.048,1.952,0.0,0.0,1.0,0.6746,False,False,DRY,NORMAL,0.0,2021-01-10,SYNTHETIC
SYN_MINE_01,C,SYN_DRILL_001,drill,8.5,m/h,6.0,6.0,6.0,0.0,0.0,0.0,1.0,1.0,False,False,DRY,NORMAL,0.0,2021-01-10,SYNTHETIC
SYN_MINE_01,C,SYN_DRILL_002,drill,8.5,m/h,6.0,1.46,1.46,0.0,0.0,4.54,0.2433,1.0,False,False,DRY,NORMAL,0.0,2021-01-10,SYNTHETIC
SYN_MINE_01,A,SYN_EXC_001,excavator,49.98,t ore/h,7.0,7.0,6.049,0.951,0.0,0.0,1.0,0.8642,False,False,DRY,NORMAL,294.1,2021-01-11,SYNTHETIC
SYN_MINE_01,A,SYN_EXC_002,excavator,49.98,t ore/h,7.0,0.907,0.784,0.123,6.093,0.0,0.1296,0.8642,False,True,DRY,NORMAL,38.13,2021-01-11,SYNTHETIC
SYN_MINE_01,A,SYN_TRUCK_001,dumper,8.0,t/h,7.0,7.0,6.049,0.951,0.0,0.0,1.0,0.8642,False,False,DRY,NORMAL,0.0,2021-01-11,SYNTHETIC
SYN_MINE_01,A,SYN_TRUCK_002,dumper,8.0,t/h,7.0,7.0,6.049,0.951,0.0,0.0,1.0,0.8642,False,False,DRY,NORMAL,0.0,2021-01-11,SYNTHETIC
SYN_MINE_01,A,SYN_TRUCK_003,dumper,8.0,t/h,7.0,7.0,6.049,0.951,0.0,0.0,1.0,0.8642,False,False,DRY,NORMAL,0.0,2021-01-11,SYNTHETIC
SYN_MINE_01,A,SYN_TRUCK_004,dumper,8.0,t/h,7.0,7.0,6.049,0.951,0.0,0.0,1.0,0.8642,False,False,DRY,NORMAL,0.0,2021-01-11,SYNTHETIC
SYN_MINE_01,A,SYN_TRUCK_005,dumper,8.0,t/h,7.0,3.236,2.797,0.439,0.0,3.764,0.4623,0.8642,False,False,DRY,NORMAL,0.0,2021-01-11,SYNTHETIC
SYN_MINE_01,A,SYN_TRUCK_006,dumper,8.0,t/h,7.0,7.0,6.049,0.951,0.0,0.0,1.0,0.8642,False,False,DRY,NORMAL,0.0,2021-01-11,SYNTHETIC
SYN_MINE_01,A,SYN_TRUCK_007,dumper,8.0,t/h,7.0,7.0,6.049,0.951,0.0,0.0,1.0,0.8642,False,False,DRY,NORMAL,0.0,2021-01-11,SYNTHETIC
SYN_MINE_01,A,SYN_TRUCK_008,dumper,8.0,t/h,7.0,1.363,1.178,0.185,5.637,0.0,0.1948,0.8642,False,True,DRY,NORMAL,0.0,2021-01-11,SYNTHETIC
SYN_MINE_01,A,SYN_TRUCK_009,dumper,8.0,t/h,7.0,7.0,6.049,0.951,0.0,0.0,1.0,0.8642,False,False,DRY,NORMAL,0.0,2021-01-11,SYNTHETIC
SYN_MINE_01,A,SYN_TRUCK_010,dumper,8.0,t/h,7.0,7.0,6.049,0.951,0.0,0.0,1.0,0.8642,False,False,DRY,NORMAL,0.0,2021-01-11,SYNTHETIC
SYN_MINE_01,A,SYN_TRUCK_011,dumper,8.0,t/h,7.0,7.0,6.049,0.951,0.0,0.0,1.0,0.8642,False,False,DRY,NORMAL,0.0,2021-01-11,SYNTHETIC
SYN_MINE_01,A,SYN_TRUCK_012,dumper,8.0,t/h,7.0,6.763,5.844,0.918,0.0,0.237,0.9661,0.8642,False,False,DRY,NORMAL,0.0,2021-01-11,SYNTHETIC
SYN_MINE_01,A,SYN_TRUCK_013,dumper,8.0,t/h,7.0,1.424,1.23,0.193,5.576,0.0,0.2034,0.8642,False,True,DRY,NORMAL,0.0,2021-01-11,SYNTHETIC
SYN_MINE_01,A,SYN_TRUCK_014,dumper,8.0,t/h,7.0,7.0,6.049,0.951,0.0,0.0,1.0,0.8642,False,False,DRY,NORMAL,0.0,2021-01-11,SYNTHETIC
SYN_MINE_01,A,SYN_TRUCK_015,dumper,8.0,t/h,7.0,7.0,6.049,0.951,0.0,0.0,1.0,0.8642,False,False,DRY,NORMAL,0.0,2021-01-11,SYNTHETIC
SYN_MINE_01,A,SYN_TRUCK_016,dumper,8.0,t/h,7.0,7.0,6.049,0.951,0.0,0.0,1.0,0.8642,False,False,DRY,NORMAL,0.0,2021-01-11,SYNTHETIC
SYN_MINE_01,A,SYN_TRUCK_017,dumper,8.0,t/h,7.0,5.767,4.984,0.783,0.0,1.233,0.8239,0.8642,False,False,DRY,NORMAL,0.0,2021-01-11,SYNTHETIC
SYN_MINE_01,A,SYN_TRUCK_018,dumper,8.0,t/h,7.0,7.0,6.049,0.951,0.0,0.0,1.0,0.8642,False,False,DRY,NORMAL,0.0,2021-01-11,SYNTHETIC
SYN_MINE_01,A,SYN_DRILL_001,drill,8.5,m/h,7.0,7.0,7.0,0.0,0.0,0.0,1.0,1.0,False,False,DRY,NORMAL,0.0,2021-01-11,SYNTHETIC
SYN_MINE_01,A,SYN_DRILL_002,drill,8.5,m/h,7.0,7.0,7.0,0.0,0.0,0.0,1.0,1.0,False,False,DRY,NORMAL,0.0,2021-01-11,SYNTHETIC
SYN_MINE_01,B,SYN_EXC_001,excavator,49.98,t ore/h,7.0,7.0,5.424,1.576,0.0,0.0,1.0,0.7748,False,False,DRY,NORMAL,262.21,2021-01-11,SYNTHETIC
SYN_MINE_01,B,SYN_EXC_002,excavator,49.98,t ore/h,7.0,7.0,5.424,1.576,0.0,0.0,1.0,0.7748,False,False,DRY,NORMAL,262.21,2021-01-11,SYNTHETIC
SYN_MINE_01,B,SYN_TRUCK_001,dumper,8.0,t/h,7.0,7.0,5.424,1.576,0.0,0.0,1.0,0.7748,False,False,DRY,NORMAL,0.0,2021-01-11,SYNTHETIC
SYN_MINE_01,B,SYN_TRUCK_002,dumper,8.0,t/h,7.0,7.0,5.424,1.576,0.0,0.0,1.0,0.7748,False,False,DRY,NORMAL,0.0,2021-01-11,SYNTHETIC
SYN_MINE_01,B,SYN_TRUCK_003,dumper,8.0,t/h,7.0,7.0,5.424,1.576,0.0,0.0,1.0,0.7748,False,False,DRY,NORMAL,0.0,2021-01-11,SYNTHETIC
SYN_MINE_01,B,SYN_TRUCK_004,dumper,8.0,t/h,7.0,3.37,2.611,0.759,0.0,3.63,0.4815,0.7748,True,False,DRY,NORMAL,0.0,2021-01-11,SYNTHETIC
SYN_MINE_01,B,SYN_TRUCK_005,dumper,8.0,t/h,7.0,7.0,5.424,1.576,0.0,0.0,1.0,0.7748,False,False,DRY,NORMAL,0.0,2021-01-11,SYNTHETIC
SYN_MINE_01,B,SYN_TRUCK_006,dumper,8.0,t/h,7.0,7.0,5.424,1.576,0.0,0.0,1.0,0.7748,False,False,DRY,NORMAL,0.0,2021-01-11,SYNTHETIC
SYN_MINE_01,B,SYN_TRUCK_007,dumper,8.0,t/h,7.0,7.0,5.424,1.576,0.0,0.0,1.0,0.7748,False,False,DRY,NORMAL,0.0,2021-01-11,SYNTHETIC
SYN_MINE_01,B,SYN_TRUCK_008,dumper,8.0,t/h,7.0,7.0,5.424,1.576,0.0,0.0,1.0,0.7748,False,False,DRY,NORMAL,0.0,2021-01-11,SYNTHETIC
SYN_MINE_01,B,SYN_TRUCK_009,dumper,8.0,t/h,7.0,7.0,5.424,1.576,0.0,0.0,1.0,0.7748,False,False,DRY,NORMAL,0.0,2021-01-11,SYNTHETIC
SYN_MINE_01,B,SYN_TRUCK_010,dumper,8.0,t/h,7.0,7.0,5.424,1.576,0.0,0.0,1.0,0.7748,False,False,DRY,NORMAL,0.0,2021-01-11,SYNTHETIC
SYN_MINE_01,B,SYN_TRUCK_011,dumper,8.0,t/h,7.0,7.0,5.424,1.576,0.0,0.0,1.0,0.7748,False,False,DRY,NORMAL,0.0,2021-01-11,SYNTHETIC
SYN_MINE_01,B,SYN_TRUCK_012,dumper,8.0,t/h,7.0,7.0,5.424,1.576,0.0,0.0,1.0,0.7748,False,False,DRY,NORMAL,0.0,2021-01-11,SYNTHETIC
SYN_MINE_01,B,SYN_TRUCK_013,dumper,8.0,t/h,7.0,7.0,5.424,1.576,0.0,0.0,1.0,0.7748,False,False,DRY,NORMAL,0.0,2021-01-11,SYNTHETIC
SYN_MINE_01,B,SYN_TRUCK_014,dumper,8.0,t/h,7.0,7.0,5.424,1.576,0.0,0.0,1.0,0.7748,False,False,DRY,NORMAL,0.0,2021-01-11,SYNTHETIC
SYN_MINE_01,B,SYN_TRUCK_015,dumper,8.0,t/h,7.0,7.0,5.424,1.576,0.0,0.0,1.0,0.7748,False,False,DRY,NORMAL,0.0,2021-01-11,SYNTHETIC
SYN_MINE_01,B,SYN_TRUCK_016,dumper,8.0,t/h,7.0,7.0,5.424,1.576,0.0,0.0,1.0,0.7748,False,False,DRY,NORMAL,0.0,2021-01-11,SYNTHETIC
SYN_MINE_01,B,SYN_TRUCK_017,dumper,8.0,t/h,7.0,7.0,5.424,1.576,0.0,0.0,1.0,0.7748,False,False,DRY,NORMAL,0.0,2021-01-11,SYNTHETIC
SYN_MINE_01,B,SYN_TRUCK_018,dumper,8.0,t/h,7.0,7.0,5.424,1.576,0.0,0.0,1.0,0.7748,False,False,DRY,NORMAL,0.0,2021-01-11,SYNTHETIC
SYN_MINE_01,B,SYN_DRILL_001,drill,8.5,m/h,7.0,7.0,7.0,0.0,0.0,0.0,1.0,1.0,False,False,DRY,NORMAL,0.0,2021-01-11,SYNTHETIC
SYN_MINE_01,B,SYN_DRILL_002,drill,8.5,m/h,7.0,7.0,7.0,0.0,0.0,0.0,1.0,1.0,False,False,DRY,NORMAL,0.0,2021-01-11,SYNTHETIC
SYN_MINE_01,C,SYN_EXC_001,excavator,49.98,t ore/h,6.0,6.0,5.327,0.673,0.0,0.0,1.0,0.8878,False,False,DRY,NORMAL,259.7,2021-01-11,SYNTHETIC
SYN_MINE_01,C,SYN_EXC_002,excavator,49.98,t ore/h,6.0,6.0,5.327,0.673,0.0,0.0,1.0,0.8878,False,False,DRY,NORMAL,259.7,2021-01-11,SYNTHETIC
SYN_MINE_01,C,SYN_TRUCK_001,dumper,8.0,t/h,6.0,6.0,5.327,0.673,0.0,0.0,1.0,0.8878,False,False,DRY,NORMAL,0.0,2021-01-11,SYNTHETIC
SYN_MINE_01,C,SYN_TRUCK_002,dumper,8.0,t/h,6.0,6.0,5.327,0.673,0.0,0.0,1.0,0.8878,False,False,DRY,NORMAL,0.0,2021-01-11,SYNTHETIC
SYN_MINE_01,C,SYN_TRUCK_003,dumper,8.0,t/h,6.0,6.0,5.327,0.673,0.0,0.0,1.0,0.8878,False,False,DRY,NORMAL,0.0,2021-01-11,SYNTHETIC
SYN_MINE_01,C,SYN_TRUCK_004,dumper,8.0,t/h,6.0,0.0,0.0,0.0,0.0,6.0,0.0,0.0,False,False,DRY,NORMAL,0.0,2021-01-11,SYNTHETIC
SYN_MINE_01,C,SYN_TRUCK_005,dumper,8.0,t/h,6.0,6.0,5.327,0.673,0.0,0.0,1.0,0.8878,False,False,DRY,NORMAL,0.0,2021-01-11,SYNTHETIC
SYN_MINE_01,C,SYN_TRUCK_006,dumper,8.0,t/h,6.0,6.0,5.327,0.673,0.0,0.0,1.0,0.8878,False,False,DRY,NORMAL,0.0,2021-01-11,SYNTHETIC
SYN_MINE_01,C,SYN_TRUCK_007,dumper,8.0,t/h,6.0,6.0,5.327,0.673,0.0,0.0,1.0,0.8878,False,False,DRY,NORMAL,0.0,2021-01-11,SYNTHETIC
SYN_MINE_01,C,SYN_TRUCK_008,dumper,8.0,t/h,6.0,6.0,5.327,0.673,0.0,0.0,1.0,0.8878,False,False,DRY,NORMAL,0.0,2021-01-11,SYNTHETIC
SYN_MINE_01,C,SYN_TRUCK_009,dumper,8.0,t/h,6.0,6.0,5.327,0.673,0.0,0.0,1.0,0.8878,False,False,DRY,NORMAL,0.0,2021-01-11,SYNTHETIC
SYN_MINE_01,C,SYN_TRUCK_010,dumper,8.0,t/h,6.0,6.0,5.327,0.673,0.0,0.0,1.0,0.8878,False,False,DRY,NORMAL,0.0,2021-01-11,SYNTHETIC
SYN_MINE_01,C,SYN_TRUCK_011,dumper,8.0,t/h,6.0,6.0,5.327,0.673,0.0,0.0,1.0,0.8878,False,False,DRY,NORMAL,0.0,2021-01-11,SYNTHETIC
SYN_MINE_01,C,SYN_TRUCK_012,dumper,8.0,t/h,6.0,6.0,5.327,0.673,0.0,0.0,1.0,0.8878,False,False,DRY,NORMAL,0.0,2021-01-11,SYNTHETIC
SYN_MINE_01,C,SYN_TRUCK_013,dumper,8.0,t/h,6.0,6.0,5.327,0.673,0.0,0.0,1.0,0.8878,False,False,DRY,NORMAL,0.0,2021-01-11,SYNTHETIC
SYN_MINE_01,C,SYN_TRUCK_014,dumper,8.0,t/h,6.0,6.0,5.327,0.673,0.0,0.0,1.0,0.8878,False,False,DRY,NORMAL,0.0,2021-01-11,SYNTHETIC
SYN_MINE_01,C,SYN_TRUCK_015,dumper,8.0,t/h,6.0,6.0,5.327,0.673,0.0,0.0,1.0,0.8878,False,False,DRY,NORMAL,0.0,2021-01-11,SYNTHETIC
SYN_MINE_01,C,SYN_TRUCK_016,dumper,8.0,t/h,6.0,6.0,5.327,0.673,0.0,0.0,1.0,0.8878,False,False,DRY,NORMAL,0.0,2021-01-11,SYNTHETIC
SYN_MINE_01,C,SYN_TRUCK_017,dumper,8.0,t/h,6.0,6.0,5.327,0.673,0.0,0.0,1.0,0.8878,False,False,DRY,NORMAL,0.0,2021-01-11,SYNTHETIC
SYN_MINE_01,C,SYN_TRUCK_018,dumper,8.0,t/h,6.0,6.0,5.327,0.673,0.0,0.0,1.0,0.8878,False,False,DRY,NORMAL,0.0,2021-01-11,SYNTHETIC
SYN_MINE_01,C,SYN_DRILL_001,drill,8.5,m/h,6.0,6.0,6.0,0.0,0.0,0.0,1.0,1.0,False,False,DRY,NORMAL,0.0,2021-01-11,SYNTHETIC
SYN_MINE_01,C,SYN_DRILL_002,drill,8.5,m/h,6.0,6.0,6.0,0.0,0.0,0.0,1.0,1.0,False,False,DRY,NORMAL,0.0,2021-01-11,SYNTHETIC
SYN_MINE_01,A,SYN_EXC_001,excavator,49.98,t ore/h,7.0,7.0,6.33,0.67,0.0,0.0,1.0,0.9043,False,False,DRY,NORMAL,322.67,2021-01-12,SYNTHETIC
SYN_MINE_01,A,SYN_EXC_002,excavator,49.98,t ore/h,7.0,7.0,6.33,0.67,0.0,0.0,1.0,0.9043,False,False,DRY,NORMAL,322.67,2021-01-12,SYNTHETIC
SYN_MINE_01,A,SYN_TRUCK_001,dumper,8.0,t/h,7.0,7.0,6.33,0.67,0.0,0.0,1.0,0.9043,False,False,DRY,NORMAL,0.0,2021-01-12,SYNTHETIC
SYN_MINE_01,A,SYN_TRUCK_002,dumper,8.0,t/h,7.0,7.0,6.33,0.67,0.0,0.0,1.0,0.9043,False,False,DRY,NORMAL,0.0,2021-01-12,SYNTHETIC
SYN_MINE_01,A,SYN_TRUCK_003,dumper,8.0,t/h,7.0,7.0,6.33,0.67,0.0,0.0,1.0,0.9043,False,False,DRY,NORMAL,0.0,2021-01-12,SYNTHETIC
SYN_MINE_01,A,SYN_TRUCK_004,dumper,8.0,t/h,7.0,6.668,6.03,0.638,0.0,0.332,0.9525,0.9043,False,False,DRY,NORMAL,0.0,2021-01-12,SYNTHETIC
SYN_MINE_01,A,SYN_TRUCK_005,dumper,8.0,t/h,7.0,7.0,6.33,0.67,0.0,0.0,1.0,0.9043,False,False,DRY,NORMAL,0.0,2021-01-12,SYNTHETIC
SYN_MINE_01,A,SYN_TRUCK_006,dumper,8.0,t/h,7.0,7.0,6.33,0.67,0.0,0.0,1.0,0.9043,False,False,DRY,NORMAL,0.0,2021-01-12,SYNTHETIC
SYN_MINE_01,A,SYN_TRUCK_007,dumper,8.0,t/h,7.0,7.0,6.33,0.67,0.0,0.0,1.0,0.9043,False,False,DRY,NORMAL,0.0,2021-01-12,SYNTHETIC
SYN_MINE_01,A,SYN_TRUCK_008,dumper,8.0,t/h,7.0,7.0,6.33,0.67,0.0,0.0,1.0,0.9043,False,False,DRY,NORMAL,0.0,2021-01-12,SYNTHETIC
SYN_MINE_01,A,SYN_TRUCK_009,dumper,8.0,t/h,7.0,7.0,6.33,0.67,0.0,0.0,1.0,0.9043,False,False,DRY,NORMAL,0.0,2021-01-12,SYNTHETIC
SYN_MINE_01,A,SYN_TRUCK_010,dumper,8.0,t/h,7.0,7.0,6.33,0.67,0.0,0.0,1.0,0.9043,False,False,DRY,NORMAL,0.0,2021-01-12,SYNTHETIC
SYN_MINE_01,A,SYN_TRUCK_011,dumper,8.0,t/h,7.0,7.0,6.33,0.67,0.0,0.0,1.0,0.9043,False,False,DRY,NORMAL,0.0,2021-01-12,SYNTHETIC
SYN_MINE_01,A,SYN_TRUCK_012,dumper,8.0,t/h,7.0,7.0,6.33,0.67,0.0,0.0,1.0,0.9043,False,False,DRY,NORMAL,0.0,2021-01-12,SYNTHETIC
SYN_MINE_01,A,SYN_TRUCK_013,dumper,8.0,t/h,7.0,7.0,6.33,0.67,0.0,0.0,1.0,0.9043,False,False,DRY,NORMAL,0.0,2021-01-12,SYNTHETIC
SYN_MINE_01,A,SYN_TRUCK_014,dumper,8.0,t/h,7.0,7.0,6.33,0.67,0.0,0.0,1.0,0.9043,False,False,DRY,NORMAL,0.0,2021-01-12,SYNTHETIC
SYN_MINE_01,A,SYN_TRUCK_015,dumper,8.0,t/h,7.0,7.0,6.33,0.67,0.0,0.0,1.0,0.9043,False,False,DRY,NORMAL,0.0,2021-01-12,SYNTHETIC
SYN_MINE_01,A,SYN_TRUCK_016,dumper,8.0,t/h,7.0,7.0,6.33,0.67,0.0,0.0,1.0,0.9043,False,False,DRY,NORMAL,0.0,2021-01-12,SYNTHETIC
SYN_MINE_01,A,SYN_TRUCK_017,dumper,8.0,t/h,7.0,7.0,6.33,0.67,0.0,0.0,1.0,0.9043,False,False,DRY,NORMAL,0.0,2021-01-12,SYNTHETIC
SYN_MINE_01,A,SYN_TRUCK_018,dumper,8.0,t/h,7.0,7.0,6.33,0.67,0.0,0.0,1.0,0.9043,False,False,DRY,NORMAL,0.0,2021-01-12,SYNTHETIC
SYN_MINE_01,A,SYN_DRILL_001,drill,8.5,m/h,7.0,7.0,7.0,0.0,0.0,0.0,1.0,1.0,False,False,DRY,NORMAL,0.0,2021-01-12,SYNTHETIC
SYN_MINE_01,A,SYN_DRILL_002,drill,8.5,m/h,7.0,0.833,0.833,0.0,0.0,5.798,0.119,1.0,True,False,DRY,NORMAL,0.0,2021-01-12,SYNTHETIC
SYN_MINE_01,B,SYN_EXC_001,excavator,49.98,t ore/h,7.0,7.0,5.983,1.017,0.0,0.0,1.0,0.8547,False,False,DRY,NORMAL,301.71,2021-01-12,SYNTHETIC
SYN_MINE_01,B,SYN_EXC_002,excavator,49.98,t ore/h,7.0,7.0,5.983,1.017,0.0,0.0,1.0,0.8547,False,False,DRY,NORMAL,301.71,2021-01-12,SYNTHETIC
SYN_MINE_01,B,SYN_TRUCK_001,dumper,8.0,t/h,7.0,7.0,5.983,1.017,0.0,0.0,1.0,0.8547,False,False,DRY,NORMAL,0.0,2021-01-12,SYNTHETIC
SYN_MINE_01,B,SYN_TRUCK_002,dumper,8.0,t/h,7.0,7.0,5.983,1.017,0.0,0.0,1.0,0.8547,False,False,DRY,NORMAL,0.0,2021-01-12,SYNTHETIC
SYN_MINE_01,B,SYN_TRUCK_003,dumper,8.0,t/h,7.0,7.0,5.983,1.017,0.0,0.0,1.0,0.8547,False,False,DRY,NORMAL,0.0,2021-01-12,SYNTHETIC
SYN_MINE_01,B,SYN_TRUCK_004,dumper,8.0,t/h,7.0,7.0,5.983,1.017,0.0,0.0,1.0,0.8547,False,False,DRY,NORMAL,0.0,2021-01-12,SYNTHETIC
SYN_MINE_01,B,SYN_TRUCK_005,dumper,8.0,t/h,7.0,7.0,5.983,1.017,0.0,0.0,1.0,0.8547,False,False,DRY,NORMAL,0.0,2021-01-12,SYNTHETIC
SYN_MINE_01,B,SYN_TRUCK_006,dumper,8.0,t/h,7.0,7.0,5.983,1.017,0.0,0.0,1.0,0.8547,False,False,DRY,NORMAL,0.0,2021-01-12,SYNTHETIC
SYN_MINE_01,B,SYN_TRUCK_007,dumper,8.0,t/h,7.0,7.0,5.983,1.017,0.0,0.0,1.0,0.8547,False,False,DRY,NORMAL,0.0,2021-01-12,SYNTHETIC
SYN_MINE_01,B,SYN_TRUCK_008,dumper,8.0,t/h,7.0,7.0,5.983,1.017,0.0,0.0,1.0,0.8547,False,False,DRY,NORMAL,0.0,2021-01-12,SYNTHETIC
SYN_MINE_01,B,SYN_TRUCK_009,dumper,8.0,t/h,7.0,7.0,5.983,1.017,0.0,0.0,1.0,0.8547,False,False,DRY,NORMAL,0.0,2021-01-12,SYNTHETIC
SYN_MINE_01,B,SYN_TRUCK_010,dumper,8.0,t/h,7.0,2.397,2.049,0.348,0.0,4.276,0.3424,0.8547,True,False,DRY,NORMAL,0.0,2021-01-12,SYNTHETIC
SYN_MINE_01,B,SYN_TRUCK_011,dumper,8.0,t/h,7.0,7.0,5.983,1.017,0.0,0.0,1.0,0.8547,False,False,DRY,NORMAL,0.0,2021-01-12,SYNTHETIC
SYN_MINE_01,B,SYN_TRUCK_012,dumper,8.0,t/h,7.0,7.0,5.983,1.017,0.0,0.0,1.0,0.8547,False,False,DRY,NORMAL,0.0,2021-01-12,SYNTHETIC
SYN_MINE_01,B,SYN_TRUCK_013,dumper,8.0,t/h,7.0,7.0,5.983,1.017,0.0,0.0,1.0,0.8547,False,False,DRY,NORMAL,0.0,2021-01-12,SYNTHETIC
SYN_MINE_01,B,SYN_TRUCK_014,dumper,8.0,t/h,7.0,7.0,5.983,1.017,0.0,0.0,1.0,0.8547,False,False,DRY,NORMAL,0.0,2021-01-12,SYNTHETIC
SYN_MINE_01,B,SYN_TRUCK_015,dumper,8.0,t/h,7.0,7.0,5.983,1.017,0.0,0.0,1.0,0.8547,False,False,DRY,NORMAL,0.0,2021-01-12,SYNTHETIC
SYN_MINE_01,B,SYN_TRUCK_016,dumper,8.0,t/h,7.0,7.0,5.983,1.017,0.0,0.0,1.0,0.8547,False,False,DRY,NORMAL,0.0,2021-01-12,SYNTHETIC
SYN_MINE_01,B,SYN_TRUCK_017,dumper,8.0,t/h,7.0,7.0,5.983,1.017,0.0,0.0,1.0,0.8547,False,False,DRY,NORMAL,0.0,2021-01-12,SYNTHETIC
SYN_MINE_01,B,SYN_TRUCK_018,dumper,8.0,t/h,7.0,6.954,5.943,1.01,0.0,0.046,0.9934,0.8547,True,False,DRY,NORMAL,0.0,2021-01-12,SYNTHETIC
SYN_MINE_01,B,SYN_DRILL_001,drill,8.5,m/h,7.0,3.208,3.208,0.0,0.0,3.792,0.4583,1.0,True,False,DRY,NORMAL,0.0,2021-01-12,SYNTHETIC
SYN_MINE_01,B,SYN_DRILL_002,drill,8.5,m/h,7.0,7.0,7.0,0.0,0.0,0.0,1.0,1.0,False,False,DRY,NORMAL,0.0,2021-01-12,SYNTHETIC
SYN_MINE_01,C,SYN_EXC_001,excavator,49.98,t ore/h,6.0,6.0,5.554,0.446,0.0,0.0,1.0,0.9257,False,False,DRY,NORMAL,276.41,2021-01-12,SYNTHETIC
SYN_MINE_01,C,SYN_EXC_002,excavator,49.98,t ore/h,6.0,6.0,5.554,0.446,0.0,0.0,1.0,0.9257,False,False,DRY,NORMAL,276.41,2021-01-12,SYNTHETIC
SYN_MINE_01,C,SYN_TRUCK_001,dumper,8.0,t/h,6.0,6.0,5.554,0.446,0.0,0.0,1.0,0.9257,False,False,DRY,NORMAL,0.0,2021-01-12,SYNTHETIC
SYN_MINE_01,C,SYN_TRUCK_002,dumper,8.0,t/h,6.0,6.0,5.554,0.446,0.0,0.0,1.0,0.9257,False,False,DRY,NORMAL,0.0,2021-01-12,SYNTHETIC
SYN_MINE_01,C,SYN_TRUCK_003,dumper,8.0,t/h,6.0,6.0,5.554,0.446,0.0,0.0,1.0,0.9257,False,False,DRY,NORMAL,0.0,2021-01-12,SYNTHETIC
SYN_MINE_01,C,SYN_TRUCK_004,dumper,8.0,t/h,6.0,6.0,5.554,0.446,0.0,0.0,1.0,0.9257,False,False,DRY,NORMAL,0.0,2021-01-12,SYNTHETIC
SYN_MINE_01,C,SYN_TRUCK_005,dumper,8.0,t/h,6.0,6.0,5.554,0.446,0.0,0.0,1.0,0.9257,False,False,DRY,NORMAL,0.0,2021-01-12,SYNTHETIC
SYN_MINE_01,C,SYN_TRUCK_006,dumper,8.0,t/h,6.0,6.0,5.554,0.446,0.0,0.0,1.0,0.9257,False,False,DRY,NORMAL,0.0,2021-01-12,SYNTHETIC
SYN_MINE_01,C,SYN_TRUCK_007,dumper,8.0,t/h,6.0,6.0,5.554,0.446,0.0,0.0,1.0,0.9257,False,False,DRY,NORMAL,0.0,2021-01-12,SYNTHETIC
SYN_MINE_01,C,SYN_TRUCK_008,dumper,8.0,t/h,6.0,6.0,5.554,0.446,0.0,0.0,1.0,0.9257,False,False,DRY,NORMAL,0.0,2021-01-12,SYNTHETIC
SYN_MINE_01,C,SYN_TRUCK_009,dumper,8.0,t/h,6.0,6.0,5.554,0.446,0.0,0.0,1.0,0.9257,False,False,DRY,NORMAL,0.0,2021-01-12,SYNTHETIC
SYN_MINE_01,C,SYN_TRUCK_010,dumper,8.0,t/h,6.0,6.0,5.554,0.446,0.0,0.0,1.0,0.9257,False,False,DRY,NORMAL,0.0,2021-01-12,SYNTHETIC
SYN_MINE_01,C,SYN_TRUCK_011,dumper,8.0,t/h,6.0,6.0,5.554,0.446,0.0,0.0,1.0,0.9257,False,False,DRY,NORMAL,0.0,2021-01-12,SYNTHETIC
SYN_MINE_01,C,SYN_TRUCK_012,dumper,8.0,t/h,6.0,6.0,5.554,0.446,0.0,0.0,1.0,0.9257,False,False,DRY,NORMAL,0.0,2021-01-12,SYNTHETIC
SYN_MINE_01,C,SYN_TRUCK_013,dumper,8.0,t/h,6.0,6.0,5.554,0.446,0.0,0.0,1.0,0.9257,False,False,DRY,NORMAL,0.0,2021-01-12,SYNTHETIC
SYN_MINE_01,C,SYN_TRUCK_014,dumper,8.0,t/h,6.0,6.0,5.554,0.446,0.0,0.0,1.0,0.9257,False,False,DRY,NORMAL,0.0,2021-01-12,SYNTHETIC
SYN_MINE_01,C,SYN_TRUCK_015,dumper,8.0,t/h,6.0,6.0,5.554,0.446,0.0,0.0,1.0,0.9257,False,False,DRY,NORMAL,0.0,2021-01-12,SYNTHETIC
SYN_MINE_01,C,SYN_TRUCK_016,dumper,8.0,t/h,6.0,6.0,5.554,0.446,0.0,0.0,1.0,0.9257,False,False,DRY,NORMAL,0.0,2021-01-12,SYNTHETIC
SYN_MINE_01,C,SYN_TRUCK_017,dumper,8.0,t/h,6.0,6.0,5.554,0.446,0.0,0.0,1.0,0.9257,False,False,DRY,NORMAL,0.0,2021-01-12,SYNTHETIC
SYN_MINE_01,C,SYN_TRUCK_018,dumper,8.0,t/h,6.0,1.03,0.954,0.077,0.0,4.97,0.1717,0.9257,False,False,DRY,NORMAL,0.0,2021-01-12,SYNTHETIC
SYN_MINE_01,C,SYN_DRILL_001,drill,8.5,m/h,6.0,4.67,4.67,0.0,0.0,1.33,0.7783,1.0,False,False,DRY,NORMAL,0.0,2021-01-12,SYNTHETIC
SYN_MINE_01,C,SYN_DRILL_002,drill,8.5,m/h,6.0,6.0,6.0,0.0,0.0,0.0,1.0,1.0,False,False,DRY,NORMAL,0.0,2021-01-12,SYNTHETIC
SYN_MINE_01,A,SYN_EXC_001,excavator,49.98,t ore/h,7.0,7.0,6.163,0.837,0.0,0.0,1.0,0.8805,False,False,DRY,NORMAL,315.74,2021-01-13,SYNTHETIC
SYN_MINE_01,A,SYN_EXC_002,excavator,49.98,t ore/h,7.0,7.0,6.163,0.837,0.0,0.0,1.0,0.8805,False,False,DRY,NORMAL,315.74,2021-01-13,SYNTHETIC
SYN_MINE_01,A,SYN_TRUCK_001,dumper,8.0,t/h,7.0,7.0,6.163,0.837,0.0,0.0,1.0,0.8805,False,False,DRY,NORMAL,0.0,2021-01-13,SYNTHETIC
SYN_MINE_01,A,SYN_TRUCK_002,dumper,8.0,t/h,7.0,7.0,6.163,0.837,0.0,0.0,1.0,0.8805,False,False,DRY,NORMAL,0.0,2021-01-13,SYNTHETIC
SYN_MINE_01,A,SYN_TRUCK_003,dumper,8.0,t/h,7.0,7.0,6.163,0.837,0.0,0.0,1.0,0.8805,False,False,DRY,NORMAL,0.0,2021-01-13,SYNTHETIC
SYN_MINE_01,A,SYN_TRUCK_004,dumper,8.0,t/h,7.0,7.0,6.163,0.837,0.0,0.0,1.0,0.8805,False,False,DRY,NORMAL,0.0,2021-01-13,SYNTHETIC
SYN_MINE_01,A,SYN_TRUCK_005,dumper,8.0,t/h,7.0,7.0,6.163,0.837,0.0,0.0,1.0,0.8805,False,False,DRY,NORMAL,0.0,2021-01-13,SYNTHETIC
SYN_MINE_01,A,SYN_TRUCK_006,dumper,8.0,t/h,7.0,7.0,6.163,0.837,0.0,0.0,1.0,0.8805,False,False,DRY,NORMAL,0.0,2021-01-13,SYNTHETIC
SYN_MINE_01,A,SYN_TRUCK_007,dumper,8.0,t/h,7.0,7.0,6.163,0.837,0.0,0.0,1.0,0.8805,False,False,DRY,NORMAL,0.0,2021-01-13,SYNTHETIC
SYN_MINE_01,A,SYN_TRUCK_008,dumper,8.0,t/h,7.0,7.0,6.163,0.837,0.0,0.0,1.0,0.8805,False,False,DRY,NORMAL,0.0,2021-01-13,SYNTHETIC
SYN_MINE_01,A,SYN_TRUCK_009,dumper,8.0,t/h,7.0,2.921,2.572,0.349,4.079,0.0,0.4173,0.8805,False,True,DRY,NORMAL,0.0,2021-01-13,SYNTHETIC
SYN_MINE_01,A,SYN_TRUCK_010,dumper,8.0,t/h,7.0,7.0,6.163,0.837,0.0,0.0,1.0,0.8805,False,False,DRY,NORMAL,0.0,2021-01-13,SYNTHETIC
SYN_MINE_01,A,SYN_TRUCK_011,dumper,8.0,t/h,7.0,7.0,6.163,0.837,0.0,0.0,1.0,0.8805,False,False,DRY,NORMAL,0.0,2021-01-13,SYNTHETIC
SYN_MINE_01,A,SYN_TRUCK_012,dumper,8.0,t/h,7.0,7.0,6.163,0.837,0.0,0.0,1.0,0.8805,False,False,DRY,NORMAL,0.0,2021-01-13,SYNTHETIC
SYN_MINE_01,A,SYN_TRUCK_013,dumper,8.0,t/h,7.0,7.0,6.163,0.837,0.0,0.0,1.0,0.8805,False,False,DRY,NORMAL,0.0,2021-01-13,SYNTHETIC
SYN_MINE_01,A,SYN_TRUCK_014,dumper,8.0,t/h,7.0,7.0,6.163,0.837,0.0,0.0,1.0,0.8805,False,False,DRY,NORMAL,0.0,2021-01-13,SYNTHETIC
SYN_MINE_01,A,SYN_TRUCK_015,dumper,8.0,t/h,7.0,7.0,6.163,0.837,0.0,0.0,1.0,0.8805,False,False,DRY,NORMAL,0.0,2021-01-13,SYNTHETIC
SYN_MINE_01,A,SYN_TRUCK_016,dumper,8.0,t/h,7.0,7.0,6.163,0.837,0.0,0.0,1.0,0.8805,False,False,DRY,NORMAL,0.0,2021-01-13,SYNTHETIC
SYN_MINE_01,A,SYN_TRUCK_017,dumper,8.0,t/h,7.0,7.0,6.163,0.837,0.0,0.0,1.0,0.8805,False,False,DRY,NORMAL,0.0,2021-01-13,SYNTHETIC
SYN_MINE_01,A,SYN_TRUCK_018,dumper,8.0,t/h,7.0,7.0,6.163,0.837,0.0,0.0,1.0,0.8805,False,False,DRY,NORMAL,0.0,2021-01-13,SYNTHETIC
SYN_MINE_01,A,SYN_DRILL_001,drill,8.5,m/h,7.0,7.0,7.0,0.0,0.0,0.0,1.0,1.0,False,False,DRY,NORMAL,0.0,2021-01-13,SYNTHETIC
SYN_MINE_01,A,SYN_DRILL_002,drill,8.5,m/h,7.0,7.0,7.0,0.0,0.0,0.0,1.0,1.0,False,False,DRY,NORMAL,0.0,2021-01-13,SYNTHETIC
SYN_MINE_01,B,SYN_EXC_001,excavator,49.98,t ore/h,7.0,7.0,5.686,1.314,0.0,0.0,1.0,0.8122,False,False,DRY,NORMAL,289.18,2021-01-13,SYNTHETIC
SYN_MINE_01,B,SYN_EXC_002,excavator,49.98,t ore/h,7.0,7.0,5.686,1.314,0.0,0.0,1.0,0.8122,False,False,DRY,NORMAL,289.18,2021-01-13,SYNTHETIC
SYN_MINE_01,B,SYN_TRUCK_001,dumper,8.0,t/h,7.0,7.0,5.686,1.314,0.0,0.0,1.0,0.8122,False,False,DRY,NORMAL,0.0,2021-01-13,SYNTHETIC
SYN_MINE_01,B,SYN_TRUCK_002,dumper,8.0,t/h,7.0,7.0,5.686,1.314,0.0,0.0,1.0,0.8122,False,False,DRY,NORMAL,0.0,2021-01-13,SYNTHETIC
SYN_MINE_01,B,SYN_TRUCK_003,dumper,8.0,t/h,7.0,7.0,5.686,1.314,0.0,0.0,1.0,0.8122,False,False,DRY,NORMAL,0.0,2021-01-13,SYNTHETIC
SYN_MINE_01,B,SYN_TRUCK_004,dumper,8.0,t/h,7.0,7.0,5.686,1.314,0.0,0.0,1.0,0.8122,False,False,DRY,NORMAL,0.0,2021-01-13,SYNTHETIC
SYN_MINE_01,B,SYN_TRUCK_005,dumper,8.0,t/h,7.0,7.0,5.686,1.314,0.0,0.0,1.0,0.8122,False,False,DRY,NORMAL,0.0,2021-01-13,SYNTHETIC
SYN_MINE_01,B,SYN_TRUCK_006,dumper,8.0,t/h,7.0,7.0,5.686,1.314,0.0,0.0,1.0,0.8122,False,False,DRY,NORMAL,0.0,2021-01-13,SYNTHETIC
SYN_MINE_01,B,SYN_TRUCK_007,dumper,8.0,t/h,7.0,7.0,5.686,1.314,0.0,0.0,1.0,0.8122,False,False,DRY,NORMAL,0.0,2021-01-13,SYNTHETIC
SYN_MINE_01,B,SYN_TRUCK_008,dumper,8.0,t/h,7.0,2.8,2.275,0.526,0.0,4.2,0.4001,0.8122,True,False,DRY,NORMAL,0.0,2021-01-13,SYNTHETIC
SYN_MINE_01,B,SYN_TRUCK_009,dumper,8.0,t/h,7.0,7.0,5.686,1.314,0.0,0.0,1.0,0.8122,False,False,DRY,NORMAL,0.0,2021-01-13,SYNTHETIC
SYN_MINE_01,B,SYN_TRUCK_010,dumper,8.0,t/h,7.0,7.0,5.686,1.314,0.0,0.0,1.0,0.8122,False,False,DRY,NORMAL,0.0,2021-01-13,SYNTHETIC
SYN_MINE_01,B,SYN_TRUCK_011,dumper,8.0,t/h,7.0,7.0,5.686,1.314,0.0,0.0,1.0,0.8122,False,False,DRY,NORMAL,0.0,2021-01-13,SYNTHETIC
SYN_MINE_01,B,SYN_TRUCK_012,dumper,8.0,t/h,7.0,7.0,5.686,1.314,0.0,0.0,1.0,0.8122,False,False,DRY,NORMAL,0.0,2021-01-13,SYNTHETIC
SYN_MINE_01,B,SYN_TRUCK_013,dumper,8.0,t/h,7.0,7.0,5.686,1.314,0.0,0.0,1.0,0.8122,False,False,DRY,NORMAL,0.0,2021-01-13,SYNTHETIC
SYN_MINE_01,B,SYN_TRUCK_014,dumper,8.0,t/h,7.0,7.0,5.686,1.314,0.0,0.0,1.0,0.8122,False,False,DRY,NORMAL,0.0,2021-01-13,SYNTHETIC
SYN_MINE_01,B,SYN_TRUCK_015,dumper,8.0,t/h,7.0,7.0,5.686,1.314,0.0,0.0,1.0,0.8122,False,False,DRY,NORMAL,0.0,2021-01-13,SYNTHETIC
SYN_MINE_01,B,SYN_TRUCK_016,dumper,8.0,t/h,7.0,7.0,5.686,1.314,0.0,0.0,1.0,0.8122,False,False,DRY,NORMAL,0.0,2021-01-13,SYNTHETIC
SYN_MINE_01,B,SYN_TRUCK_017,dumper,8.0,t/h,7.0,7.0,5.686,1.314,0.0,0.0,1.0,0.8122,False,False,DRY,NORMAL,0.0,2021-01-13,SYNTHETIC
SYN_MINE_01,B,SYN_TRUCK_018,dumper,8.0,t/h,7.0,7.0,5.686,1.314,0.0,0.0,1.0,0.8122,False,False,DRY,NORMAL,0.0,2021-01-13,SYNTHETIC
SYN_MINE_01,B,SYN_DRILL_001,drill,8.5,m/h,7.0,7.0,7.0,0.0,0.0,0.0,1.0,1.0,False,False,DRY,NORMAL,0.0,2021-01-13,SYNTHETIC
SYN_MINE_01,B,SYN_DRILL_002,drill,8.5,m/h,7.0,7.0,7.0,0.0,0.0,0.0,1.0,1.0,False,False,DRY,NORMAL,0.0,2021-01-13,SYNTHETIC
SYN_MINE_01,C,SYN_EXC_001,excavator,49.98,t ore/h,6.0,6.0,4.886,1.114,0.0,0.0,1.0,0.8144,False,False,DRY,NORMAL,246.44,2021-01-13,SYNTHETIC
SYN_MINE_01,C,SYN_EXC_002,excavator,49.98,t ore/h,6.0,6.0,4.886,1.114,0.0,0.0,1.0,0.8144,False,False,DRY,NORMAL,246.44,2021-01-13,SYNTHETIC
SYN_MINE_01,C,SYN_TRUCK_001,dumper,8.0,t/h,6.0,6.0,4.886,1.114,0.0,0.0,1.0,0.8144,False,False,DRY,NORMAL,0.0,2021-01-13,SYNTHETIC
SYN_MINE_01,C,SYN_TRUCK_002,dumper,8.0,t/h,6.0,6.0,4.886,1.114,0.0,0.0,1.0,0.8144,False,False,DRY,NORMAL,0.0,2021-01-13,SYNTHETIC
SYN_MINE_01,C,SYN_TRUCK_003,dumper,8.0,t/h,6.0,6.0,4.886,1.114,0.0,0.0,1.0,0.8144,False,False,DRY,NORMAL,0.0,2021-01-13,SYNTHETIC
SYN_MINE_01,C,SYN_TRUCK_004,dumper,8.0,t/h,6.0,6.0,4.886,1.114,0.0,0.0,1.0,0.8144,False,False,DRY,NORMAL,0.0,2021-01-13,SYNTHETIC
SYN_MINE_01,C,SYN_TRUCK_005,dumper,8.0,t/h,6.0,6.0,4.886,1.114,0.0,0.0,1.0,0.8144,False,False,DRY,NORMAL,0.0,2021-01-13,SYNTHETIC
SYN_MINE_01,C,SYN_TRUCK_006,dumper,8.0,t/h,6.0,6.0,4.886,1.114,0.0,0.0,1.0,0.8144,False,False,DRY,NORMAL,0.0,2021-01-13,SYNTHETIC
SYN_MINE_01,C,SYN_TRUCK_007,dumper,8.0,t/h,6.0,6.0,4.886,1.114,0.0,0.0,1.0,0.8144,False,False,DRY,NORMAL,0.0,2021-01-13,SYNTHETIC
SYN_MINE_01,C,SYN_TRUCK_008,dumper,8.0,t/h,6.0,4.205,3.425,0.781,0.0,1.795,0.7009,0.8144,False,False,DRY,NORMAL,0.0,2021-01-13,SYNTHETIC
SYN_MINE_01,C,SYN_TRUCK_009,dumper,8.0,t/h,6.0,6.0,4.886,1.114,0.0,0.0,1.0,0.8144,False,False,DRY,NORMAL,0.0,2021-01-13,SYNTHETIC
SYN_MINE_01,C,SYN_TRUCK_010,dumper,8.0,t/h,6.0,6.0,4.886,1.114,0.0,0.0,1.0,0.8144,False,False,DRY,NORMAL,0.0,2021-01-13,SYNTHETIC
SYN_MINE_01,C,SYN_TRUCK_011,dumper,8.0,t/h,6.0,6.0,4.886,1.114,0.0,0.0,1.0,0.8144,False,False,DRY,NORMAL,0.0,2021-01-13,SYNTHETIC
SYN_MINE_01,C,SYN_TRUCK_012,dumper,8.0,t/h,6.0,6.0,4.886,1.114,0.0,0.0,1.0,0.8144,False,False,DRY,NORMAL,0.0,2021-01-13,SYNTHETIC
SYN_MINE_01,C,SYN_TRUCK_013,dumper,8.0,t/h,6.0,6.0,4.886,1.114,0.0,0.0,1.0,0.8144,False,False,DRY,NORMAL,0.0,2021-01-13,SYNTHETIC
SYN_MINE_01,C,SYN_TRUCK_014,dumper,8.0,t/h,6.0,2.017,1.642,0.374,0.0,3.983,0.3361,0.8144,True,False,DRY,NORMAL,0.0,2021-01-13,SYNTHETIC
SYN_MINE_01,C,SYN_TRUCK_015,dumper,8.0,t/h,6.0,6.0,4.886,1.114,0.0,0.0,1.0,0.8144,False,False,DRY,NORMAL,0.0,2021-01-13,SYNTHETIC
SYN_MINE_01,C,SYN_TRUCK_016,dumper,8.0,t/h,6.0,6.0,4.886,1.114,0.0,0.0,1.0,0.8144,False,False,DRY,NORMAL,0.0,2021-01-13,SYNTHETIC
SYN_MINE_01,C,SYN_TRUCK_017,dumper,8.0,t/h,6.0,6.0,4.886,1.114,0.0,0.0,1.0,0.8144,False,False,DRY,NORMAL,0.0,2021-01-13,SYNTHETIC
SYN_MINE_01,C,SYN_TRUCK_018,dumper,8.0,t/h,6.0,6.0,4.886,1.114,0.0,0.0,1.0,0.8144,False,False,DRY,NORMAL,0.0,2021-01-13,SYNTHETIC
SYN_MINE_01,C,SYN_DRILL_001,drill,8.5,m/h,6.0,6.0,6.0,0.0,0.0,0.0,1.0,1.0,False,False,DRY,NORMAL,0.0,2021-01-13,SYNTHETIC
SYN_MINE_01,C,SYN_DRILL_002,drill,8.5,m/h,6.0,6.0,6.0,0.0,0.0,0.0,1.0,1.0,False,False,DRY,NORMAL,0.0,2021-01-13,SYNTHETIC
SYN_MINE_01,A,SYN_EXC_001,excavator,49.98,t ore/h,7.0,7.0,6.235,0.765,0.0,0.0,1.0,0.8907,False,False,DRY,NORMAL,319.16,2021-01-14,SYNTHETIC
SYN_MINE_01,A,SYN_EXC_002,excavator,49.98,t ore/h,7.0,7.0,6.235,0.765,0.0,0.0,1.0,0.8907,False,False,DRY,NORMAL,319.16,2021-01-14,SYNTHETIC
SYN_MINE_01,A,SYN_TRUCK_001,dumper,8.0,t/h,7.0,7.0,6.235,0.765,0.0,0.0,1.0,0.8907,False,False,DRY,NORMAL,0.0,2021-01-14,SYNTHETIC
SYN_MINE_01,A,SYN_TRUCK_002,dumper,8.0,t/h,7.0,7.0,6.235,0.765,0.0,0.0,1.0,0.8907,False,False,DRY,NORMAL,0.0,2021-01-14,SYNTHETIC
SYN_MINE_01,A,SYN_TRUCK_003,dumper,8.0,t/h,7.0,7.0,6.235,0.765,0.0,0.0,1.0,0.8907,False,False,DRY,NORMAL,0.0,2021-01-14,SYNTHETIC
SYN_MINE_01,A,SYN_TRUCK_004,dumper,8.0,t/h,7.0,7.0,6.235,0.765,0.0,0.0,1.0,0.8907,False,False,DRY,NORMAL,0.0,2021-01-14,SYNTHETIC
SYN_MINE_01,A,SYN_TRUCK_005,dumper,8.0,t/h,7.0,7.0,6.235,0.765,0.0,0.0,1.0,0.8907,False,False,DRY,NORMAL,0.0,2021-01-14,SYNTHETIC
SYN_MINE_01,A,SYN_TRUCK_006,dumper,8.0,t/h,7.0,7.0,6.235,0.765,0.0,0.0,1.0,0.8907,False,False,DRY,NORMAL,0.0,2021-01-14,SYNTHETIC
SYN_MINE_01,A,SYN_TRUCK_007,dumper,8.0,t/h,7.0,7.0,6.235,0.765,0.0,0.0,1.0,0.8907,False,False,DRY,NORMAL,0.0,2021-01-14,SYNTHETIC
SYN_MINE_01,A,SYN_TRUCK_008,dumper,8.0,t/h,7.0,7.0,6.235,0.765,0.0,0.0,1.0,0.8907,False,False,DRY,NORMAL,0.0,2021-01-14,SYNTHETIC
SYN_MINE_01,A,SYN_TRUCK_009,dumper,8.0,t/h,7.0,7.0,6.235,0.765,0.0,0.0,1.0,0.8907,False,False,DRY,NORMAL,0.0,2021-01-14,SYNTHETIC
SYN_MINE_01,A,SYN_TRUCK_010,dumper,8.0,t/h,7.0,7.0,6.235,0.765,0.0,0.0,1.0,0.8907,False,False,DRY,NORMAL,0.0,2021-01-14,SYNTHETIC
SYN_MINE_01,A,SYN_TRUCK_011,dumper,8.0,t/h,7.0,7.0,6.235,0.765,0.0,0.0,1.0,0.8907,False,False,DRY,NORMAL,0.0,2021-01-14,SYNTHETIC
SYN_MINE_01,A,SYN_TRUCK_012,dumper,8.0,t/h,7.0,7.0,6.235,0.765,0.0,0.0,1.0,0.8907,False,False,DRY,NORMAL,0.0,2021-01-14,SYNTHETIC
SYN_MINE_01,A,SYN_TRUCK_013,dumper,8.0,t/h,7.0,7.0,6.235,0.765,0.0,0.0,1.0,0.8907,False,False,DRY,NORMAL,0.0,2021-01-14,SYNTHETIC
SYN_MINE_01,A,SYN_TRUCK_014,dumper,8.0,t/h,7.0,2.733,2.434,0.299,0.0,4.267,0.3904,0.8907,False,False,DRY,NORMAL,0.0,2021-01-14,SYNTHETIC
SYN_MINE_01,A,SYN_TRUCK_015,dumper,8.0,t/h,7.0,7.0,6.235,0.765,0.0,0.0,1.0,0.8907,False,False,DRY,NORMAL,0.0,2021-01-14,SYNTHETIC
SYN_MINE_01,A,SYN_TRUCK_016,dumper,8.0,t/h,7.0,7.0,6.235,0.765,0.0,0.0,1.0,0.8907,False,False,DRY,NORMAL,0.0,2021-01-14,SYNTHETIC
SYN_MINE_01,A,SYN_TRUCK_017,dumper,8.0,t/h,7.0,7.0,6.235,0.765,0.0,0.0,1.0,0.8907,False,False,DRY,NORMAL,0.0,2021-01-14,SYNTHETIC
SYN_MINE_01,A,SYN_TRUCK_018,dumper,8.0,t/h,7.0,7.0,6.235,0.765,0.0,0.0,1.0,0.8907,False,False,DRY,NORMAL,0.0,2021-01-14,SYNTHETIC
SYN_MINE_01,A,SYN_DRILL_001,drill,8.5,m/h,7.0,7.0,7.0,0.0,0.0,0.0,1.0,1.0,False,False,DRY,NORMAL,0.0,2021-01-14,SYNTHETIC
SYN_MINE_01,A,SYN_DRILL_002,drill,8.5,m/h,7.0,7.0,7.0,0.0,0.0,0.0,1.0,1.0,False,False,DRY,NORMAL,0.0,2021-01-14,SYNTHETIC
SYN_MINE_01,B,SYN_EXC_001,excavator,49.98,t ore/h,7.0,7.0,5.286,1.714,0.0,0.0,1.0,0.7551,False,False,DRY,NORMAL,254.9,2021-01-14,SYNTHETIC
SYN_MINE_01,B,SYN_EXC_002,excavator,49.98,t ore/h,7.0,7.0,5.286,1.714,0.0,0.0,1.0,0.7551,False,False,DRY,NORMAL,254.9,2021-01-14,SYNTHETIC
SYN_MINE_01,B,SYN_TRUCK_001,dumper,8.0,t/h,7.0,7.0,5.286,1.714,0.0,0.0,1.0,0.7551,False,False,DRY,NORMAL,0.0,2021-01-14,SYNTHETIC
SYN_MINE_01,B,SYN_TRUCK_002,dumper,8.0,t/h,7.0,7.0,5.286,1.714,0.0,0.0,1.0,0.7551,False,False,DRY,NORMAL,0.0,2021-01-14,SYNTHETIC
SYN_MINE_01,B,SYN_TRUCK_003,dumper,8.0,t/h,7.0,7.0,5.286,1.714,0.0,0.0,1.0,0.7551,False,False,DRY,NORMAL,0.0,2021-01-14,SYNTHETIC
SYN_MINE_01,B,SYN_TRUCK_004,dumper,8.0,t/h,7.0,7.0,5.286,1.714,0.0,0.0,1.0,0.7551,False,False,DRY,NORMAL,0.0,2021-01-14,SYNTHETIC
SYN_MINE_01,B,SYN_TRUCK_005,dumper,8.0,t/h,7.0,7.0,5.286,1.714,0.0,0.0,1.0,0.7551,False,False,DRY,NORMAL,0.0,2021-01-14,SYNTHETIC
SYN_MINE_01,B,SYN_TRUCK_006,dumper,8.0,t/h,7.0,7.0,5.286,1.714,0.0,0.0,1.0,0.7551,False,False,DRY,NORMAL,0.0,2021-01-14,SYNTHETIC
SYN_MINE_01,B,SYN_TRUCK_007,dumper,8.0,t/h,7.0,7.0,5.286,1.714,0.0,0.0,1.0,0.7551,False,False,DRY,NORMAL,0.0,2021-01-14,SYNTHETIC
SYN_MINE_01,B,SYN_TRUCK_008,dumper,8.0,t/h,7.0,7.0,5.286,1.714,0.0,0.0,1.0,0.7551,False,False,DRY,NORMAL,0.0,2021-01-14,SYNTHETIC
SYN_MINE_01,B,SYN_TRUCK_009,dumper,8.0,t/h,7.0,7.0,5.286,1.714,0.0,0.0,1.0,0.7551,False,False,DRY,NORMAL,0.0,2021-01-14,SYNTHETIC
SYN_MINE_01,B,SYN_TRUCK_010,dumper,8.0,t/h,7.0,7.0,5.286,1.714,0.0,0.0,1.0,0.7551,False,False,DRY,NORMAL,0.0,2021-01-14,SYNTHETIC
SYN_MINE_01,B,SYN_TRUCK_011,dumper,8.0,t/h,7.0,7.0,5.286,1.714,0.0,0.0,1.0,0.7551,False,False,DRY,NORMAL,0.0,2021-01-14,SYNTHETIC
SYN_MINE_01,B,SYN_TRUCK_012,dumper,8.0,t/h,7.0,7.0,5.286,1.714,0.0,0.0,1.0,0.7551,False,False,DRY,NORMAL,0.0,2021-01-14,SYNTHETIC
SYN_MINE_01,B,SYN_TRUCK_013,dumper,8.0,t/h,7.0,7.0,5.286,1.714,0.0,0.0,1.0,0.7551,False,False,DRY,NORMAL,0.0,2021-01-14,SYNTHETIC
SYN_MINE_01,B,SYN_TRUCK_014,dumper,8.0,t/h,7.0,7.0,5.286,1.714,0.0,0.0,1.0,0.7551,False,False,DRY,NORMAL,0.0,2021-01-14,SYNTHETIC
SYN_MINE_01,B,SYN_TRUCK_015,dumper,8.0,t/h,7.0,7.0,5.286,1.714,0.0,0.0,1.0,0.7551,False,False,DRY,NORMAL,0.0,2021-01-14,SYNTHETIC
SYN_MINE_01,B,SYN_TRUCK_016,dumper,8.0,t/h,7.0,0.004,0.003,0.001,0.0,3.55,0.0005,0.7551,True,False,DRY,NORMAL,0.0,2021-01-14,SYNTHETIC
SYN_MINE_01,B,SYN_TRUCK_017,dumper,8.0,t/h,7.0,7.0,5.286,1.714,0.0,0.0,1.0,0.7551,False,False,DRY,NORMAL,0.0,2021-01-14,SYNTHETIC
SYN_MINE_01,B,SYN_TRUCK_018,dumper,8.0,t/h,7.0,4.566,3.448,1.118,0.0,2.434,0.6523,0.7551,True,False,DRY,NORMAL,0.0,2021-01-14,SYNTHETIC
SYN_MINE_01,B,SYN_DRILL_001,drill,8.5,m/h,7.0,7.0,7.0,0.0,0.0,0.0,1.0,1.0,False,False,DRY,NORMAL,0.0,2021-01-14,SYNTHETIC
SYN_MINE_01,B,SYN_DRILL_002,drill,8.5,m/h,7.0,7.0,7.0,0.0,0.0,0.0,1.0,1.0,False,False,DRY,NORMAL,0.0,2021-01-14,SYNTHETIC
SYN_MINE_01,C,SYN_EXC_001,excavator,49.98,t ore/h,6.0,6.0,5.242,0.758,0.0,0.0,1.0,0.8736,False,False,DRY,NORMAL,256.16,2021-01-14,SYNTHETIC
SYN_MINE_01,C,SYN_EXC_002,excavator,49.98,t ore/h,6.0,6.0,5.242,0.758,0.0,0.0,1.0,0.8736,False,False,DRY,NORMAL,256.16,2021-01-14,SYNTHETIC
SYN_MINE_01,C,SYN_TRUCK_001,dumper,8.0,t/h,6.0,6.0,5.242,0.758,0.0,0.0,1.0,0.8736,False,False,DRY,NORMAL,0.0,2021-01-14,SYNTHETIC
SYN_MINE_01,C,SYN_TRUCK_002,dumper,8.0,t/h,6.0,6.0,5.242,0.758,0.0,0.0,1.0,0.8736,False,False,DRY,NORMAL,0.0,2021-01-14,SYNTHETIC
SYN_MINE_01,C,SYN_TRUCK_003,dumper,8.0,t/h,6.0,6.0,5.242,0.758,0.0,0.0,1.0,0.8736,False,False,DRY,NORMAL,0.0,2021-01-14,SYNTHETIC
SYN_MINE_01,C,SYN_TRUCK_004,dumper,8.0,t/h,6.0,6.0,5.242,0.758,0.0,0.0,1.0,0.8736,False,False,DRY,NORMAL,0.0,2021-01-14,SYNTHETIC
SYN_MINE_01,C,SYN_TRUCK_005,dumper,8.0,t/h,6.0,6.0,5.242,0.758,0.0,0.0,1.0,0.8736,False,False,DRY,NORMAL,0.0,2021-01-14,SYNTHETIC
SYN_MINE_01,C,SYN_TRUCK_006,dumper,8.0,t/h,6.0,6.0,5.242,0.758,0.0,0.0,1.0,0.8736,False,False,DRY,NORMAL,0.0,2021-01-14,SYNTHETIC
SYN_MINE_01,C,SYN_TRUCK_007,dumper,8.0,t/h,6.0,6.0,5.242,0.758,0.0,0.0,1.0,0.8736,False,False,DRY,NORMAL,0.0,2021-01-14,SYNTHETIC
SYN_MINE_01,C,SYN_TRUCK_008,dumper,8.0,t/h,6.0,6.0,5.242,0.758,0.0,0.0,1.0,0.8736,False,False,DRY,NORMAL,0.0,2021-01-14,SYNTHETIC
SYN_MINE_01,C,SYN_TRUCK_009,dumper,8.0,t/h,6.0,6.0,5.242,0.758,0.0,0.0,1.0,0.8736,False,False,DRY,NORMAL,0.0,2021-01-14,SYNTHETIC
SYN_MINE_01,C,SYN_TRUCK_010,dumper,8.0,t/h,6.0,6.0,5.242,0.758,0.0,0.0,1.0,0.8736,False,False,DRY,NORMAL,0.0,2021-01-14,SYNTHETIC
SYN_MINE_01,C,SYN_TRUCK_011,dumper,8.0,t/h,6.0,6.0,5.242,0.758,0.0,0.0,1.0,0.8736,False,False,DRY,NORMAL,0.0,2021-01-14,SYNTHETIC
SYN_MINE_01,C,SYN_TRUCK_012,dumper,8.0,t/h,6.0,6.0,5.242,0.758,0.0,0.0,1.0,0.8736,False,False,DRY,NORMAL,0.0,2021-01-14,SYNTHETIC
SYN_MINE_01,C,SYN_TRUCK_013,dumper,8.0,t/h,6.0,6.0,5.242,0.758,0.0,0.0,1.0,0.8736,False,False,DRY,NORMAL,0.0,2021-01-14,SYNTHETIC
SYN_MINE_01,C,SYN_TRUCK_014,dumper,8.0,t/h,6.0,6.0,5.242,0.758,0.0,0.0,1.0,0.8736,False,False,DRY,NORMAL,0.0,2021-01-14,SYNTHETIC
SYN_MINE_01,C,SYN_TRUCK_015,dumper,8.0,t/h,6.0,6.0,5.242,0.758,0.0,0.0,1.0,0.8736,False,False,DRY,NORMAL,0.0,2021-01-14,SYNTHETIC
SYN_MINE_01,C,SYN_TRUCK_016,dumper,8.0,t/h,6.0,6.0,5.242,0.758,0.0,0.0,1.0,0.8736,False,False,DRY,NORMAL,0.0,2021-01-14,SYNTHETIC
SYN_MINE_01,C,SYN_TRUCK_017,dumper,8.0,t/h,6.0,6.0,5.242,0.758,0.0,0.0,1.0,0.8736,False,False,DRY,NORMAL,0.0,2021-01-14,SYNTHETIC
SYN_MINE_01,C,SYN_TRUCK_018,dumper,8.0,t/h,6.0,0.0,0.0,0.0,0.0,6.0,0.0,0.0,False,False,DRY,NORMAL,0.0,2021-01-14,SYNTHETIC
SYN_MINE_01,C,SYN_DRILL_001,drill,8.5,m/h,6.0,6.0,6.0,0.0,0.0,0.0,1.0,1.0,False,False,DRY,NORMAL,0.0,2021-01-14,SYNTHETIC
SYN_MINE_01,C,SYN_DRILL_002,drill,8.5,m/h,6.0,6.0,6.0,0.0,0.0,0.0,1.0,1.0,False,False,DRY,NORMAL,0.0,2021-01-14,SYNTHETIC
SYN_MINE_01,A,SYN_EXC_001,excavator,49.98,t ore/h,7.0,7.0,6.319,0.681,0.0,0.0,1.0,0.9027,False,False,DRY,NORMAL,305.86,2021-01-15,SYNTHETIC
SYN_MINE_01,A,SYN_EXC_002,excavator,49.98,t ore/h,7.0,7.0,6.319,0.681,0.0,0.0,1.0,0.9027,False,False,DRY,NORMAL,305.86,2021-01-15,SYNTHETIC
SYN_MINE_01,A,SYN_TRUCK_001,dumper,8.0,t/h,7.0,7.0,6.319,0.681,0.0,0.0,1.0,0.9027,False,False,DRY,NORMAL,0.0,2021-01-15,SYNTHETIC
SYN_MINE_01,A,SYN_TRUCK_002,dumper,8.0,t/h,7.0,7.0,6.319,0.681,0.0,0.0,1.0,0.9027,False,False,DRY,NORMAL,0.0,2021-01-15,SYNTHETIC
SYN_MINE_01,A,SYN_TRUCK_003,dumper,8.0,t/h,7.0,7.0,6.319,0.681,0.0,0.0,1.0,0.9027,False,False,DRY,NORMAL,0.0,2021-01-15,SYNTHETIC
SYN_MINE_01,A,SYN_TRUCK_004,dumper,8.0,t/h,7.0,7.0,6.319,0.681,0.0,0.0,1.0,0.9027,False,False,DRY,NORMAL,0.0,2021-01-15,SYNTHETIC
SYN_MINE_01,A,SYN_TRUCK_005,dumper,8.0,t/h,7.0,7.0,6.319,0.681,0.0,0.0,1.0,0.9027,False,False,DRY,NORMAL,0.0,2021-01-15,SYNTHETIC
SYN_MINE_01,A,SYN_TRUCK_006,dumper,8.0,t/h,7.0,7.0,6.319,0.681,0.0,0.0,1.0,0.9027,False,False,DRY,NORMAL,0.0,2021-01-15,SYNTHETIC
SYN_MINE_01,A,SYN_TRUCK_007,dumper,8.0,t/h,7.0,7.0,6.319,0.681,0.0,0.0,1.0,0.9027,False,False,DRY,NORMAL,0.0,2021-01-15,SYNTHETIC
SYN_MINE_01,A,SYN_TRUCK_008,dumper,8.0,t/h,7.0,7.0,6.319,0.681,0.0,0.0,1.0,0.9027,False,False,DRY,NORMAL,0.0,2021-01-15,SYNTHETIC
SYN_MINE_01,A,SYN_TRUCK_009,dumper,8.0,t/h,7.0,0.346,0.313,0.034,0.0,2.684,0.0495,0.9027,True,False,DRY,NORMAL,0.0,2021-01-15,SYNTHETIC
SYN_MINE_01,A,SYN_TRUCK_010,dumper,8.0,t/h,7.0,7.0,6.319,0.681,0.0,0.0,1.0,0.9027,False,False,DRY,NORMAL,0.0,2021-01-15,SYNTHETIC
SYN_MINE_01,A,SYN_TRUCK_011,dumper,8.0,t/h,7.0,7.0,6.319,0.681,0.0,0.0,1.0,0.9027,False,False,DRY,NORMAL,0.0,2021-01-15,SYNTHETIC
SYN_MINE_01,A,SYN_TRUCK_012,dumper,8.0,t/h,7.0,7.0,6.319,0.681,0.0,0.0,1.0,0.9027,False,False,DRY,NORMAL,0.0,2021-01-15,SYNTHETIC
SYN_MINE_01,A,SYN_TRUCK_013,dumper,8.0,t/h,7.0,7.0,6.319,0.681,0.0,0.0,1.0,0.9027,False,False,DRY,NORMAL,0.0,2021-01-15,SYNTHETIC
SYN_MINE_01,A,SYN_TRUCK_014,dumper,8.0,t/h,7.0,7.0,6.319,0.681,0.0,0.0,1.0,0.9027,False,False,DRY,NORMAL,0.0,2021-01-15,SYNTHETIC
SYN_MINE_01,A,SYN_TRUCK_015,dumper,8.0,t/h,7.0,7.0,6.319,0.681,0.0,0.0,1.0,0.9027,False,False,DRY,NORMAL,0.0,2021-01-15,SYNTHETIC
SYN_MINE_01,A,SYN_TRUCK_016,dumper,8.0,t/h,7.0,7.0,6.319,0.681,0.0,0.0,1.0,0.9027,False,False,DRY,NORMAL,0.0,2021-01-15,SYNTHETIC
SYN_MINE_01,A,SYN_TRUCK_017,dumper,8.0,t/h,7.0,7.0,6.319,0.681,0.0,0.0,1.0,0.9027,False,False,DRY,NORMAL,0.0,2021-01-15,SYNTHETIC
SYN_MINE_01,A,SYN_TRUCK_018,dumper,8.0,t/h,7.0,0.0,0.0,0.0,0.0,7.0,0.0,0.0,False,False,DRY,NORMAL,0.0,2021-01-15,SYNTHETIC
SYN_MINE_01,A,SYN_DRILL_001,drill,8.5,m/h,7.0,7.0,7.0,0.0,0.0,0.0,1.0,1.0,False,False,DRY,NORMAL,0.0,2021-01-15,SYNTHETIC
SYN_MINE_01,A,SYN_DRILL_002,drill,8.5,m/h,7.0,7.0,7.0,0.0,0.0,0.0,1.0,1.0,False,False,DRY,NORMAL,0.0,2021-01-15,SYNTHETIC
SYN_MINE_01,B,SYN_EXC_001,excavator,49.98,t ore/h,7.0,7.0,5.849,1.151,0.0,0.0,1.0,0.8355,False,False,DRY,NORMAL,290.14,2021-01-15,SYNTHETIC
SYN_MINE_01,B,SYN_EXC_002,excavator,49.98,t ore/h,7.0,1.486,1.242,0.244,0.0,5.514,0.2123,0.8355,True,False,DRY,NORMAL,61.59,2021-01-15,SYNTHETIC
SYN_MINE_01,B,SYN_TRUCK_001,dumper,8.0,t/h,7.0,7.0,5.849,1.151,0.0,0.0,1.0,0.8355,False,False,DRY,NORMAL,0.0,2021-01-15,SYNTHETIC
SYN_MINE_01,B,SYN_TRUCK_002,dumper,8.0,t/h,7.0,7.0,5.849,1.151,0.0,0.0,1.0,0.8355,False,False,DRY,NORMAL,0.0,2021-01-15,SYNTHETIC
SYN_MINE_01,B,SYN_TRUCK_003,dumper,8.0,t/h,7.0,7.0,5.849,1.151,0.0,0.0,1.0,0.8355,False,False,DRY,NORMAL,0.0,2021-01-15,SYNTHETIC
SYN_MINE_01,B,SYN_TRUCK_004,dumper,8.0,t/h,7.0,7.0,5.849,1.151,0.0,0.0,1.0,0.8355,False,False,DRY,NORMAL,0.0,2021-01-15,SYNTHETIC
SYN_MINE_01,B,SYN_TRUCK_005,dumper,8.0,t/h,7.0,7.0,5.849,1.151,0.0,0.0,1.0,0.8355,False,False,DRY,NORMAL,0.0,2021-01-15,SYNTHETIC
SYN_MINE_01,B,SYN_TRUCK_006,dumper,8.0,t/h,7.0,7.0,5.849,1.151,0.0,0.0,1.0,0.8355,False,False,DRY,NORMAL,0.0,2021-01-15,SYNTHETIC
SYN_MINE_01,B,SYN_TRUCK_007,dumper,8.0,t/h,7.0,1.506,1.259,0.248,0.0,5.494,0.2152,0.8355,True,False,DRY,NORMAL,0.0,2021-01-15,SYNTHETIC
SYN_MINE_01,B,SYN_TRUCK_008,dumper,8.0,t/h,7.0,7.0,5.849,1.151,0.0,0.0,1.0,0.8355,False,False,DRY,NORMAL,0.0,2021-01-15,SYNTHETIC
SYN_MINE_01,B,SYN_TRUCK_009,dumper,8.0,t/h,7.0,7.0,5.849,1.151,0.0,0.0,1.0,0.8355,False,False,DRY,NORMAL,0.0,2021-01-15,SYNTHETIC
SYN_MINE_01,B,SYN_TRUCK_010,dumper,8.0,t/h,7.0,7.0,5.849,1.151,0.0,0.0,1.0,0.8355,False,False,DRY,NORMAL,0.0,2021-01-15,SYNTHETIC
SYN_MINE_01,B,SYN_TRUCK_011,dumper,8.0,t/h,7.0,7.0,5.849,1.151,0.0,0.0,1.0,0.8355,False,False,DRY,NORMAL,0.0,2021-01-15,SYNTHETIC
SYN_MINE_01,B,SYN_TRUCK_012,dumper,8.0,t/h,7.0,7.0,5.849,1.151,0.0,0.0,1.0,0.8355,False,False,DRY,NORMAL,0.0,2021-01-15,SYNTHETIC
SYN_MINE_01,B,SYN_TRUCK_013,dumper,8.0,t/h,7.0,7.0,5.849,1.151,0.0,0.0,1.0,0.8355,False,False,DRY,NORMAL,0.0,2021-01-15,SYNTHETIC
SYN_MINE_01,B,SYN_TRUCK_014,dumper,8.0,t/h,7.0,7.0,5.849,1.151,0.0,0.0,1.0,0.8355,False,False,DRY,NORMAL,0.0,2021-01-15,SYNTHETIC
SYN_MINE_01,B,SYN_TRUCK_015,dumper,8.0,t/h,7.0,7.0,5.849,1.151,0.0,0.0,1.0,0.8355,False,False,DRY,NORMAL,0.0,2021-01-15,SYNTHETIC
SYN_MINE_01,B,SYN_TRUCK_016,dumper,8.0,t/h,7.0,7.0,5.849,1.151,0.0,0.0,1.0,0.8355,False,False,DRY,NORMAL,0.0,2021-01-15,SYNTHETIC
SYN_MINE_01,B,SYN_TRUCK_017,dumper,8.0,t/h,7.0,7.0,5.849,1.151,0.0,0.0,1.0,0.8355,False,False,DRY,NORMAL,0.0,2021-01-15,SYNTHETIC
SYN_MINE_01,B,SYN_TRUCK_018,dumper,8.0,t/h,7.0,1.702,1.422,0.28,0.0,5.298,0.2431,0.8355,False,False,DRY,NORMAL,0.0,2021-01-15,SYNTHETIC
SYN_MINE_01,B,SYN_DRILL_001,drill,8.5,m/h,7.0,2.502,2.502,0.0,0.0,4.498,0.3574,1.0,True,False,DRY,NORMAL,0.0,2021-01-15,SYNTHETIC
SYN_MINE_01,B,SYN_DRILL_002,drill,8.5,m/h,7.0,7.0,7.0,0.0,0.0,0.0,1.0,1.0,False,False,DRY,NORMAL,0.0,2021-01-15,SYNTHETIC
SYN_MINE_01,C,SYN_EXC_001,excavator,49.98,t ore/h,6.0,6.0,4.475,1.525,0.0,0.0,1.0,0.7458,False,False,DRY,NORMAL,224.4,2021-01-15,SYNTHETIC
SYN_MINE_01,C,SYN_EXC_002,excavator,49.98,t ore/h,6.0,4.526,3.375,1.151,0.0,1.474,0.7543,0.7458,False,False,DRY,NORMAL,169.26,2021-01-15,SYNTHETIC
SYN_MINE_01,C,SYN_TRUCK_001,dumper,8.0,t/h,6.0,6.0,4.475,1.525,0.0,0.0,1.0,0.7458,False,False,DRY,NORMAL,0.0,2021-01-15,SYNTHETIC
SYN_MINE_01,C,SYN_TRUCK_002,dumper,8.0,t/h,6.0,6.0,4.475,1.525,0.0,0.0,1.0,0.7458,False,False,DRY,NORMAL,0.0,2021-01-15,SYNTHETIC
SYN_MINE_01,C,SYN_TRUCK_003,dumper,8.0,t/h,6.0,6.0,4.475,1.525,0.0,0.0,1.0,0.7458,False,False,DRY,NORMAL,0.0,2021-01-15,SYNTHETIC
SYN_MINE_01,C,SYN_TRUCK_004,dumper,8.0,t/h,6.0,6.0,4.475,1.525,0.0,0.0,1.0,0.7458,False,False,DRY,NORMAL,0.0,2021-01-15,SYNTHETIC
SYN_MINE_01,C,SYN_TRUCK_005,dumper,8.0,t/h,6.0,6.0,4.475,1.525,0.0,0.0,1.0,0.7458,False,False,DRY,NORMAL,0.0,2021-01-15,SYNTHETIC
SYN_MINE_01,C,SYN_TRUCK_006,dumper,8.0,t/h,6.0,6.0,4.475,1.525,0.0,0.0,1.0,0.7458,False,False,DRY,NORMAL,0.0,2021-01-15,SYNTHETIC
SYN_MINE_01,C,SYN_TRUCK_007,dumper,8.0,t/h,6.0,0.0,0.0,0.0,0.0,6.0,0.0,0.0,False,False,DRY,NORMAL,0.0,2021-01-15,SYNTHETIC
SYN_MINE_01,C,SYN_TRUCK_008,dumper,8.0,t/h,6.0,6.0,4.475,1.525,0.0,0.0,1.0,0.7458,False,False,DRY,NORMAL,0.0,2021-01-15,SYNTHETIC
SYN_MINE_01,C,SYN_TRUCK_009,dumper,8.0,t/h,6.0,6.0,4.475,1.525,0.0,0.0,1.0,0.7458,False,False,DRY,NORMAL,0.0,2021-01-15,SYNTHETIC
SYN_MINE_01,C,SYN_TRUCK_010,dumper,8.0,t/h,6.0,6.0,4.475,1.525,0.0,0.0,1.0,0.7458,False,False,DRY,NORMAL,0.0,2021-01-15,SYNTHETIC
SYN_MINE_01,C,SYN_TRUCK_011,dumper,8.0,t/h,6.0,6.0,4.475,1.525,0.0,0.0,1.0,0.7458,False,False,DRY,NORMAL,0.0,2021-01-15,SYNTHETIC
SYN_MINE_01,C,SYN_TRUCK_012,dumper,8.0,t/h,6.0,6.0,4.475,1.525,0.0,0.0,1.0,0.7458,False,False,DRY,NORMAL,0.0,2021-01-15,SYNTHETIC
SYN_MINE_01,C,SYN_TRUCK_013,dumper,8.0,t/h,6.0,6.0,4.475,1.525,0.0,0.0,1.0,0.7458,False,False,DRY,NORMAL,0.0,2021-01-15,SYNTHETIC
SYN_MINE_01,C,SYN_TRUCK_014,dumper,8.0,t/h,6.0,6.0,4.475,1.525,0.0,0.0,1.0,0.7458,False,False,DRY,NORMAL,0.0,2021-01-15,SYNTHETIC
SYN_MINE_01,C,SYN_TRUCK_015,dumper,8.0,t/h,6.0,6.0,4.475,1.525,0.0,0.0,1.0,0.7458,False,False,DRY,NORMAL,0.0,2021-01-15,SYNTHETIC
SYN_MINE_01,C,SYN_TRUCK_016,dumper,8.0,t/h,6.0,6.0,4.475,1.525,0.0,0.0,1.0,0.7458,False,False,DRY,NORMAL,0.0,2021-01-15,SYNTHETIC
SYN_MINE_01,C,SYN_TRUCK_017,dumper,8.0,t/h,6.0,6.0,4.475,1.525,0.0,0.0,1.0,0.7458,False,False,DRY,NORMAL,0.0,2021-01-15,SYNTHETIC
SYN_MINE_01,C,SYN_TRUCK_018,dumper,8.0,t/h,6.0,6.0,4.475,1.525,0.0,0.0,1.0,0.7458,False,False,DRY,NORMAL,0.0,2021-01-15,SYNTHETIC
SYN_MINE_01,C,SYN_DRILL_001,drill,8.5,m/h,6.0,4.341,4.341,0.0,0.0,1.659,0.7235,1.0,False,False,DRY,NORMAL,0.0,2021-01-15,SYNTHETIC
SYN_MINE_01,C,SYN_DRILL_002,drill,8.5,m/h,6.0,6.0,6.0,0.0,0.0,0.0,1.0,1.0,False,False,DRY,NORMAL,0.0,2021-01-15,SYNTHETIC
SYN_MINE_01,A,SYN_EXC_001,excavator,49.98,t ore/h,7.0,7.0,6.054,0.946,0.0,0.0,1.0,0.8649,False,False,DRY,NORMAL,312.34,2021-01-16,SYNTHETIC
SYN_MINE_01,A,SYN_EXC_002,excavator,49.98,t ore/h,7.0,7.0,6.054,0.946,0.0,0.0,1.0,0.8649,False,False,DRY,NORMAL,312.34,2021-01-16,SYNTHETIC
SYN_MINE_01,A,SYN_TRUCK_001,dumper,8.0,t/h,7.0,7.0,6.054,0.946,0.0,0.0,1.0,0.8649,False,False,DRY,NORMAL,0.0,2021-01-16,SYNTHETIC
SYN_MINE_01,A,SYN_TRUCK_002,dumper,8.0,t/h,7.0,7.0,6.054,0.946,0.0,0.0,1.0,0.8649,False,False,DRY,NORMAL,0.0,2021-01-16,SYNTHETIC
SYN_MINE_01,A,SYN_TRUCK_003,dumper,8.0,t/h,7.0,7.0,6.054,0.946,0.0,0.0,1.0,0.8649,False,False,DRY,NORMAL,0.0,2021-01-16,SYNTHETIC
SYN_MINE_01,A,SYN_TRUCK_004,dumper,8.0,t/h,7.0,7.0,6.054,0.946,0.0,0.0,1.0,0.8649,False,False,DRY,NORMAL,0.0,2021-01-16,SYNTHETIC
SYN_MINE_01,A,SYN_TRUCK_005,dumper,8.0,t/h,7.0,7.0,6.054,0.946,0.0,0.0,1.0,0.8649,False,False,DRY,NORMAL,0.0,2021-01-16,SYNTHETIC
SYN_MINE_01,A,SYN_TRUCK_006,dumper,8.0,t/h,7.0,7.0,6.054,0.946,0.0,0.0,1.0,0.8649,False,False,DRY,NORMAL,0.0,2021-01-16,SYNTHETIC
SYN_MINE_01,A,SYN_TRUCK_007,dumper,8.0,t/h,7.0,0.0,0.0,0.0,0.0,7.0,0.0,0.0,False,False,DRY,NORMAL,0.0,2021-01-16,SYNTHETIC
SYN_MINE_01,A,SYN_TRUCK_008,dumper,8.0,t/h,7.0,7.0,6.054,0.946,0.0,0.0,1.0,0.8649,False,False,DRY,NORMAL,0.0,2021-01-16,SYNTHETIC
SYN_MINE_01,A,SYN_TRUCK_009,dumper,8.0,t/h,7.0,7.0,6.054,0.946,0.0,0.0,1.0,0.8649,False,False,DRY,NORMAL,0.0,2021-01-16,SYNTHETIC
SYN_MINE_01,A,SYN_TRUCK_010,dumper,8.0,t/h,7.0,7.0,6.054,0.946,0.0,0.0,1.0,0.8649,False,False,DRY,NORMAL,0.0,2021-01-16,SYNTHETIC
SYN_MINE_01,A,SYN_TRUCK_011,dumper,8.0,t/h,7.0,7.0,6.054,0.946,0.0,0.0,1.0,0.8649,False,False,DRY,NORMAL,0.0,2021-01-16,SYNTHETIC
SYN_MINE_01,A,SYN_TRUCK_012,dumper,8.0,t/h,7.0,7.0,6.054,0.946,0.0,0.0,1.0,0.8649,False,False,DRY,NORMAL,0.0,2021-01-16,SYNTHETIC
SYN_MINE_01,A,SYN_TRUCK_013,dumper,8.0,t/h,7.0,7.0,6.054,0.946,0.0,0.0,1.0,0.8649,False,False,DRY,NORMAL,0.0,2021-01-16,SYNTHETIC
SYN_MINE_01,A,SYN_TRUCK_014,dumper,8.0,t/h,7.0,1.153,0.997,0.156,5.847,0.0,0.1647,0.8649,False,True,DRY,NORMAL,0.0,2021-01-16,SYNTHETIC
SYN_MINE_01,A,SYN_TRUCK_015,dumper,8.0,t/h,7.0,7.0,6.054,0.946,0.0,0.0,1.0,0.8649,False,False,DRY,NORMAL,0.0,2021-01-16,SYNTHETIC
SYN_MINE_01,A,SYN_TRUCK_016,dumper,8.0,t/h,7.0,7.0,6.054,0.946,0.0,0.0,1.0,0.8649,False,False,DRY,NORMAL,0.0,2021-01-16,SYNTHETIC
SYN_MINE_01,A,SYN_TRUCK_017,dumper,8.0,t/h,7.0,7.0,6.054,0.946,0.0,0.0,1.0,0.8649,False,False,DRY,NORMAL,0.0,2021-01-16,SYNTHETIC
SYN_MINE_01,A,SYN_TRUCK_018,dumper,8.0,t/h,7.0,7.0,6.054,0.946,0.0,0.0,1.0,0.8649,False,False,DRY,NORMAL,0.0,2021-01-16,SYNTHETIC
SYN_MINE_01,A,SYN_DRILL_001,drill,8.5,m/h,7.0,2.811,2.811,0.0,4.189,0.0,0.4015,1.0,False,True,DRY,NORMAL,0.0,2021-01-16,SYNTHETIC
SYN_MINE_01,A,SYN_DRILL_002,drill,8.5,m/h,7.0,7.0,7.0,0.0,0.0,0.0,1.0,1.0,False,False,DRY,NORMAL,0.0,2021-01-16,SYNTHETIC
SYN_MINE_01,B,SYN_EXC_001,excavator,49.98,t ore/h,7.0,7.0,5.275,1.725,0.0,0.0,1.0,0.7535,False,False,DRY,NORMAL,266.34,2021-01-16,SYNTHETIC
SYN_MINE_01,B,SYN_EXC_002,excavator,49.98,t ore/h,7.0,7.0,5.275,1.725,0.0,0.0,1.0,0.7535,False,False,DRY,NORMAL,266.34,2021-01-16,SYNTHETIC
SYN_MINE_01,B,SYN_TRUCK_001,dumper,8.0,t/h,7.0,7.0,5.275,1.725,0.0,0.0,1.0,0.7535,False,False,DRY,NORMAL,0.0,2021-01-16,SYNTHETIC
SYN_MINE_01,B,SYN_TRUCK_002,dumper,8.0,t/h,7.0,7.0,5.275,1.725,0.0,0.0,1.0,0.7535,False,False,DRY,NORMAL,0.0,2021-01-16,SYNTHETIC
SYN_MINE_01,B,SYN_TRUCK_003,dumper,8.0,t/h,7.0,7.0,5.275,1.725,0.0,0.0,1.0,0.7535,False,False,DRY,NORMAL,0.0,2021-01-16,SYNTHETIC
SYN_MINE_01,B,SYN_TRUCK_004,dumper,8.0,t/h,7.0,7.0,5.275,1.725,0.0,0.0,1.0,0.7535,False,False,DRY,NORMAL,0.0,2021-01-16,SYNTHETIC
SYN_MINE_01,B,SYN_TRUCK_005,dumper,8.0,t/h,7.0,7.0,5.275,1.725,0.0,0.0,1.0,0.7535,False,False,DRY,NORMAL,0.0,2021-01-16,SYNTHETIC
SYN_MINE_01,B,SYN_TRUCK_006,dumper,8.0,t/h,7.0,6.619,4.987,1.631,0.0,0.381,0.9455,0.7535,True,False,DRY,NORMAL,0.0,2021-01-16,SYNTHETIC
SYN_MINE_01,B,SYN_TRUCK_007,dumper,8.0,t/h,7.0,1.826,1.376,0.45,0.0,5.174,0.2609,0.7535,False,False,DRY,NORMAL,0.0,2021-01-16,SYNTHETIC
SYN_MINE_01,B,SYN_TRUCK_008,dumper,8.0,t/h,7.0,7.0,5.275,1.725,0.0,0.0,1.0,0.7535,False,False,DRY,NORMAL,0.0,2021-01-16,SYNTHETIC
SYN_MINE_01,B,SYN_TRUCK_009,dumper,8.0,t/h,7.0,0.27,0.203,0.066,0.0,6.73,0.0385,0.7535,True,False,DRY,NORMAL,0.0,2021-01-16,SYNTHETIC
SYN_MINE_01,B,SYN_TRUCK_010,dumper,8.0,t/h,7.0,7.0,5.275,1.725,0.0,0.0,1.0,0.7535,False,False,DRY,NORMAL,0.0,2021-01-16,SYNTHETIC
SYN_MINE_01,B,SYN_TRUCK_011,dumper,8.0,t/h,7.0,5.204,3.922,1.283,0.0,1.313,0.7435,0.7535,True,False,DRY,NORMAL,0.0,2021-01-16,SYNTHETIC
SYN_MINE_01,B,SYN_TRUCK_012,dumper,8.0,t/h,7.0,7.0,5.275,1.725,0.0,0.0,1.0,0.7535,False,False,DRY,NORMAL,0.0,2021-01-16,SYNTHETIC
SYN_MINE_01,B,SYN_TRUCK_013,dumper,8.0,t/h,7.0,7.0,5.275,1.725,0.0,0.0,1.0,0.7535,False,False,DRY,NORMAL,0.0,2021-01-16,SYNTHETIC
SYN_MINE_01,B,SYN_TRUCK_014,dumper,8.0,t/h,7.0,5.507,4.149,1.357,0.0,1.493,0.7866,0.7535,True,False,DRY,NORMAL,0.0,2021-01-16,SYNTHETIC
SYN_MINE_01,B,SYN_TRUCK_015,dumper,8.0,t/h,7.0,7.0,5.275,1.725,0.0,0.0,1.0,0.7535,False,False,DRY,NORMAL,0.0,2021-01-16,SYNTHETIC
SYN_MINE_01,B,SYN_TRUCK_016,dumper,8.0,t/h,7.0,7.0,5.275,1.725,0.0,0.0,1.0,0.7535,False,False,DRY,NORMAL,0.0,2021-01-16,SYNTHETIC
SYN_MINE_01,B,SYN_TRUCK_017,dumper,8.0,t/h,7.0,7.0,5.275,1.725,0.0,0.0,1.0,0.7535,False,False,DRY,NORMAL,0.0,2021-01-16,SYNTHETIC
SYN_MINE_01,B,SYN_TRUCK_018,dumper,8.0,t/h,7.0,7.0,5.275,1.725,0.0,0.0,1.0,0.7535,False,False,DRY,NORMAL,0.0,2021-01-16,SYNTHETIC
SYN_MINE_01,B,SYN_DRILL_001,drill,8.5,m/h,7.0,7.0,7.0,0.0,0.0,0.0,1.0,1.0,False,False,DRY,NORMAL,0.0,2021-01-16,SYNTHETIC
SYN_MINE_01,B,SYN_DRILL_002,drill,8.5,m/h,7.0,7.0,7.0,0.0,0.0,0.0,1.0,1.0,False,False,DRY,NORMAL,0.0,2021-01-16,SYNTHETIC
SYN_MINE_01,C,SYN_EXC_001,excavator,49.98,t ore/h,6.0,6.0,5.711,0.289,0.0,0.0,1.0,0.9518,False,False,DRY,NORMAL,283.09,2021-01-16,SYNTHETIC
SYN_MINE_01,C,SYN_EXC_002,excavator,49.98,t ore/h,6.0,6.0,5.711,0.289,0.0,0.0,1.0,0.9518,False,False,DRY,NORMAL,283.09,2021-01-16,SYNTHETIC
SYN_MINE_01,C,SYN_TRUCK_001,dumper,8.0,t/h,6.0,6.0,5.711,0.289,0.0,0.0,1.0,0.9518,False,False,DRY,NORMAL,0.0,2021-01-16,SYNTHETIC
SYN_MINE_01,C,SYN_TRUCK_002,dumper,8.0,t/h,6.0,6.0,5.711,0.289,0.0,0.0,1.0,0.9518,False,False,DRY,NORMAL,0.0,2021-01-16,SYNTHETIC
SYN_MINE_01,C,SYN_TRUCK_003,dumper,8.0,t/h,6.0,6.0,5.711,0.289,0.0,0.0,1.0,0.9518,False,False,DRY,NORMAL,0.0,2021-01-16,SYNTHETIC
SYN_MINE_01,C,SYN_TRUCK_004,dumper,8.0,t/h,6.0,6.0,5.711,0.289,0.0,0.0,1.0,0.9518,False,False,DRY,NORMAL,0.0,2021-01-16,SYNTHETIC
SYN_MINE_01,C,SYN_TRUCK_005,dumper,8.0,t/h,6.0,6.0,5.711,0.289,0.0,0.0,1.0,0.9518,False,False,DRY,NORMAL,0.0,2021-01-16,SYNTHETIC
SYN_MINE_01,C,SYN_TRUCK_006,dumper,8.0,t/h,6.0,1.766,1.681,0.085,0.0,4.234,0.2944,0.9518,False,False,DRY,NORMAL,0.0,2021-01-16,SYNTHETIC
SYN_MINE_01,C,SYN_TRUCK_007,dumper,8.0,t/h,6.0,6.0,5.711,0.289,0.0,0.0,1.0,0.9518,False,False,DRY,NORMAL,0.0,2021-01-16,SYNTHETIC
SYN_MINE_01,C,SYN_TRUCK_008,dumper,8.0,t/h,6.0,6.0,5.711,0.289,0.0,0.0,1.0,0.9518,False,False,DRY,NORMAL,0.0,2021-01-16,SYNTHETIC
SYN_MINE_01,C,SYN_TRUCK_009,dumper,8.0,t/h,6.0,0.0,0.0,0.0,0.0,6.0,0.0,0.0,False,False,DRY,NORMAL,0.0,2021-01-16,SYNTHETIC
SYN_MINE_01,C,SYN_TRUCK_010,dumper,8.0,t/h,6.0,6.0,5.711,0.289,0.0,0.0,1.0,0.9518,False,False,DRY,NORMAL,0.0,2021-01-16,SYNTHETIC
SYN_MINE_01,C,SYN_TRUCK_011,dumper,8.0,t/h,6.0,6.0,5.711,0.289,0.0,0.0,1.0,0.9518,False,False,DRY,NORMAL,0.0,2021-01-16,SYNTHETIC
SYN_MINE_01,C,SYN_TRUCK_012,dumper,8.0,t/h,6.0,6.0,5.711,0.289,0.0,0.0,1.0,0.9518,False,False,DRY,NORMAL,0.0,2021-01-16,SYNTHETIC
SYN_MINE_01,C,SYN_TRUCK_013,dumper,8.0,t/h,6.0,6.0,5.711,0.289,0.0,0.0,1.0,0.9518,False,False,DRY,NORMAL,0.0,2021-01-16,SYNTHETIC
SYN_MINE_01,C,SYN_TRUCK_014,dumper,8.0,t/h,6.0,5.123,4.876,0.247,0.0,0.877,0.8538,0.9518,False,False,DRY,NORMAL,0.0,2021-01-16,SYNTHETIC
SYN_MINE_01,C,SYN_TRUCK_015,dumper,8.0,t/h,6.0,6.0,5.711,0.289,0.0,0.0,1.0,0.9518,False,False,DRY,NORMAL,0.0,2021-01-16,SYNTHETIC
SYN_MINE_01,C,SYN_TRUCK_016,dumper,8.0,t/h,6.0,6.0,5.711,0.289,0.0,0.0,1.0,0.9518,False,False,DRY,NORMAL,0.0,2021-01-16,SYNTHETIC
SYN_MINE_01,C,SYN_TRUCK_017,dumper,8.0,t/h,6.0,6.0,5.711,0.289,0.0,0.0,1.0,0.9518,False,False,DRY,NORMAL,0.0,2021-01-16,SYNTHETIC
SYN_MINE_01,C,SYN_TRUCK_018,dumper,8.0,t/h,6.0,6.0,5.711,0.289,0.0,0.0,1.0,0.9518,False,False,DRY,NORMAL,0.0,2021-01-16,SYNTHETIC
SYN_MINE_01,C,SYN_DRILL_001,drill,8.5,m/h,6.0,6.0,6.0,0.0,0.0,0.0,1.0,1.0,False,False,DRY,NORMAL,0.0,2021-01-16,SYNTHETIC
SYN_MINE_01,C,SYN_DRILL_002,drill,8.5,m/h,6.0,6.0,6.0,0.0,0.0,0.0,1.0,1.0,False,False,DRY,NORMAL,0.0,2021-01-16,SYNTHETIC
SYN_MINE_01,A,SYN_EXC_001,excavator,49.97,t ore/h,7.0,7.0,5.079,1.921,0.0,0.0,1.0,0.7255,False,False,DRY,NORMAL,251.25,2021-01-17,SYNTHETIC
SYN_MINE_01,A,SYN_EXC_002,excavator,49.97,t ore/h,7.0,7.0,5.079,1.921,0.0,0.0,1.0,0.7255,False,False,DRY,NORMAL,251.25,2021-01-17,SYNTHETIC
SYN_MINE_01,A,SYN_TRUCK_001,dumper,8.0,t/h,7.0,7.0,5.079,1.921,0.0,0.0,1.0,0.7255,False,False,DRY,NORMAL,0.0,2021-01-17,SYNTHETIC
SYN_MINE_01,A,SYN_TRUCK_002,dumper,8.0,t/h,7.0,3.232,2.345,0.887,0.0,3.768,0.4617,0.7255,True,False,DRY,NORMAL,0.0,2021-01-17,SYNTHETIC
SYN_MINE_01,A,SYN_TRUCK_003,dumper,8.0,t/h,7.0,7.0,5.079,1.921,0.0,0.0,1.0,0.7255,False,False,DRY,NORMAL,0.0,2021-01-17,SYNTHETIC
SYN_MINE_01,A,SYN_TRUCK_004,dumper,8.0,t/h,7.0,7.0,5.079,1.921,0.0,0.0,1.0,0.7255,False,False,DRY,NORMAL,0.0,2021-01-17,SYNTHETIC
SYN_MINE_01,A,SYN_TRUCK_005,dumper,8.0,t/h,7.0,7.0,5.079,1.921,0.0,0.0,1.0,0.7255,False,False,DRY,NORMAL,0.0,2021-01-17,SYNTHETIC
SYN_MINE_01,A,SYN_TRUCK_006,dumper,8.0,t/h,7.0,7.0,5.079,1.921,0.0,0.0,1.0,0.7255,False,False,DRY,NORMAL,0.0,2021-01-17,SYNTHETIC
SYN_MINE_01,A,SYN_TRUCK_007,dumper,8.0,t/h,7.0,7.0,5.079,1.921,0.0,0.0,1.0,0.7255,False,False,DRY,NORMAL,0.0,2021-01-17,SYNTHETIC
SYN_MINE_01,A,SYN_TRUCK_008,dumper,8.0,t/h,7.0,7.0,5.079,1.921,0.0,0.0,1.0,0.7255,False,False,DRY,NORMAL,0.0,2021-01-17,SYNTHETIC
SYN_MINE_01,A,SYN_TRUCK_009,dumper,8.0,t/h,7.0,1.081,0.784,0.297,0.0,5.919,0.1544,0.7255,False,False,DRY,NORMAL,0.0,2021-01-17,SYNTHETIC
SYN_MINE_01,A,SYN_TRUCK_010,dumper,8.0,t/h,7.0,7.0,5.079,1.921,0.0,0.0,1.0,0.7255,False,False,DRY,NORMAL,0.0,2021-01-17,SYNTHETIC
SYN_MINE_01,A,SYN_TRUCK_011,dumper,8.0,t/h,7.0,7.0,5.079,1.921,0.0,0.0,1.0,0.7255,False,False,DRY,NORMAL,0.0,2021-01-17,SYNTHETIC
SYN_MINE_01,A,SYN_TRUCK_012,dumper,8.0,t/h,7.0,7.0,5.079,1.921,0.0,0.0,1.0,0.7255,False,False,DRY,NORMAL,0.0,2021-01-17,SYNTHETIC
SYN_MINE_01,A,SYN_TRUCK_013,dumper,8.0,t/h,7.0,7.0,5.079,1.921,0.0,0.0,1.0,0.7255,False,False,DRY,NORMAL,0.0,2021-01-17,SYNTHETIC
SYN_MINE_01,A,SYN_TRUCK_014,dumper,8.0,t/h,7.0,7.0,5.079,1.921,0.0,0.0,1.0,0.7255,False,False,DRY,NORMAL,0.0,2021-01-17,SYNTHETIC
SYN_MINE_01,A,SYN_TRUCK_015,dumper,8.0,t/h,7.0,7.0,5.079,1.921,0.0,0.0,1.0,0.7255,False,False,DRY,NORMAL,0.0,2021-01-17,SYNTHETIC
SYN_MINE_01,A,SYN_TRUCK_016,dumper,8.0,t/h,7.0,7.0,5.079,1.921,0.0,0.0,1.0,0.7255,False,False,DRY,NORMAL,0.0,2021-01-17,SYNTHETIC
SYN_MINE_01,A,SYN_TRUCK_017,dumper,8.0,t/h,7.0,7.0,5.079,1.921,0.0,0.0,1.0,0.7255,False,False,DRY,NORMAL,0.0,2021-01-17,SYNTHETIC
SYN_MINE_01,A,SYN_TRUCK_018,dumper,8.0,t/h,7.0,3.742,2.715,1.027,0.0,2.913,0.5346,0.7255,True,False,DRY,NORMAL,0.0,2021-01-17,SYNTHETIC
SYN_MINE_01,A,SYN_DRILL_001,drill,8.5,m/h,7.0,7.0,7.0,0.0,0.0,0.0,1.0,1.0,False,False,DRY,NORMAL,0.0,2021-01-17,SYNTHETIC
SYN_MINE_01,A,SYN_DRILL_002,drill,8.5,m/h,7.0,4.941,4.941,0.0,0.0,2.059,0.7058,1.0,True,False,DRY,NORMAL,0.0,2021-01-17,SYNTHETIC
SYN_MINE_01,B,SYN_EXC_001,excavator,49.97,t ore/h,7.0,7.0,4.555,2.445,0.0,0.0,1.0,0.6507,False,False,DRY,NORMAL,227.42,2021-01-17,SYNTHETIC
SYN_MINE_01,B,SYN_EXC_002,excavator,49.97,t ore/h,7.0,7.0,4.555,2.445,0.0,0.0,1.0,0.6507,False,False,DRY,NORMAL,227.42,2021-01-17,SYNTHETIC
SYN_MINE_01,B,SYN_TRUCK_001,dumper,8.0,t/h,7.0,7.0,4.555,2.445,0.0,0.0,1.0,0.6507,False,False,DRY,NORMAL,0.0,2021-01-17,SYNTHETIC
SYN_MINE_01,B,SYN_TRUCK_002,dumper,8.0,t/h,7.0,3.402,2.214,1.188,0.0,3.598,0.4861,0.6507,False,False,DRY,NORMAL,0.0,2021-01-17,SYNTHETIC
SYN_MINE_01,B,SYN_TRUCK_003,dumper,8.0,t/h,7.0,7.0,4.555,2.445,0.0,0.0,1.0,0.6507,False,False,DRY,NORMAL,0.0,2021-01-17,SYNTHETIC
SYN_MINE_01,B,SYN_TRUCK_004,dumper,8.0,t/h,7.0,7.0,4.555,2.445,0.0,0.0,1.0,0.6507,False,False,DRY,NORMAL,0.0,2021-01-17,SYNTHETIC
SYN_MINE_01,B,SYN_TRUCK_005,dumper,8.0,t/h,7.0,7.0,4.555,2.445,0.0,0.0,1.0,0.6507,False,False,DRY,NORMAL,0.0,2021-01-17,SYNTHETIC
SYN_MINE_01,B,SYN_TRUCK_006,dumper,8.0,t/h,7.0,7.0,4.555,2.445,0.0,0.0,1.0,0.6507,False,False,DRY,NORMAL,0.0,2021-01-17,SYNTHETIC
SYN_MINE_01,B,SYN_TRUCK_007,dumper,8.0,t/h,7.0,7.0,4.555,2.445,0.0,0.0,1.0,0.6507,False,False,DRY,NORMAL,0.0,2021-01-17,SYNTHETIC
SYN_MINE_01,B,SYN_TRUCK_008,dumper,8.0,t/h,7.0,7.0,4.555,2.445,0.0,0.0,1.0,0.6507,False,False,DRY,NORMAL,0.0,2021-01-17,SYNTHETIC
SYN_MINE_01,B,SYN_TRUCK_009,dumper,8.0,t/h,7.0,7.0,4.555,2.445,0.0,0.0,1.0,0.6507,False,False,DRY,NORMAL,0.0,2021-01-17,SYNTHETIC
SYN_MINE_01,B,SYN_TRUCK_010,dumper,8.0,t/h,7.0,6.781,4.413,2.368,0.0,0.219,0.9688,0.6507,True,False,DRY,NORMAL,0.0,2021-01-17,SYNTHETIC
SYN_MINE_01,B,SYN_TRUCK_011,dumper,8.0,t/h,7.0,7.0,4.555,2.445,0.0,0.0,1.0,0.6507,False,False,DRY,NORMAL,0.0,2021-01-17,SYNTHETIC
SYN_MINE_01,B,SYN_TRUCK_012,dumper,8.0,t/h,7.0,7.0,4.555,2.445,0.0,0.0,1.0,0.6507,False,False,DRY,NORMAL,0.0,2021-01-17,SYNTHETIC
SYN_MINE_01,B,SYN_TRUCK_013,dumper,8.0,t/h,7.0,7.0,4.555,2.445,0.0,0.0,1.0,0.6507,False,False,DRY,NORMAL,0.0,2021-01-17,SYNTHETIC
SYN_MINE_01,B,SYN_TRUCK_014,dumper,8.0,t/h,7.0,7.0,4.555,2.445,0.0,0.0,1.0,0.6507,False,False,DRY,NORMAL,0.0,2021-01-17,SYNTHETIC
SYN_MINE_01,B,SYN_TRUCK_015,dumper,8.0,t/h,7.0,7.0,4.555,2.445,0.0,0.0,1.0,0.6507,False,False,DRY,NORMAL,0.0,2021-01-17,SYNTHETIC
SYN_MINE_01,B,SYN_TRUCK_016,dumper,8.0,t/h,7.0,7.0,4.555,2.445,0.0,0.0,1.0,0.6507,False,False,DRY,NORMAL,0.0,2021-01-17,SYNTHETIC
SYN_MINE_01,B,SYN_TRUCK_017,dumper,8.0,t/h,7.0,7.0,4.555,2.445,0.0,0.0,1.0,0.6507,False,False,DRY,NORMAL,0.0,2021-01-17,SYNTHETIC
SYN_MINE_01,B,SYN_TRUCK_018,dumper,8.0,t/h,7.0,7.0,4.555,2.445,0.0,0.0,1.0,0.6507,False,False,DRY,NORMAL,0.0,2021-01-17,SYNTHETIC
SYN_MINE_01,B,SYN_DRILL_001,drill,8.5,m/h,7.0,7.0,7.0,0.0,0.0,0.0,1.0,1.0,False,False,DRY,NORMAL,0.0,2021-01-17,SYNTHETIC
SYN_MINE_01,B,SYN_DRILL_002,drill,8.5,m/h,7.0,0.0,0.0,0.0,0.0,7.0,0.0,0.0,False,False,DRY,NORMAL,0.0,2021-01-17,SYNTHETIC
SYN_MINE_01,C,SYN_EXC_001,excavator,49.97,t ore/h,6.0,6.0,4.559,1.441,0.0,0.0,1.0,0.7598,False,False,DRY,NORMAL,215.32,2021-01-17,SYNTHETIC
SYN_MINE_01,C,SYN_EXC_002,excavator,49.97,t ore/h,6.0,6.0,4.559,1.441,0.0,0.0,1.0,0.7598,False,False,DRY,NORMAL,215.32,2021-01-17,SYNTHETIC
SYN_MINE_01,C,SYN_TRUCK_001,dumper,8.0,t/h,6.0,6.0,4.559,1.441,0.0,0.0,1.0,0.7598,False,False,DRY,NORMAL,0.0,2021-01-17,SYNTHETIC
SYN_MINE_01,C,SYN_TRUCK_002,dumper,8.0,t/h,6.0,6.0,4.559,1.441,0.0,0.0,1.0,0.7598,False,False,DRY,NORMAL,0.0,2021-01-17,SYNTHETIC
SYN_MINE_01,C,SYN_TRUCK_003,dumper,8.0,t/h,6.0,6.0,4.559,1.441,0.0,0.0,1.0,0.7598,False,False,DRY,NORMAL,0.0,2021-01-17,SYNTHETIC
SYN_MINE_01,C,SYN_TRUCK_004,dumper,8.0,t/h,6.0,6.0,4.559,1.441,0.0,0.0,1.0,0.7598,False,False,DRY,NORMAL,0.0,2021-01-17,SYNTHETIC
SYN_MINE_01,C,SYN_TRUCK_005,dumper,8.0,t/h,6.0,6.0,4.559,1.441,0.0,0.0,1.0,0.7598,False,False,DRY,NORMAL,0.0,2021-01-17,SYNTHETIC
SYN_MINE_01,C,SYN_TRUCK_006,dumper,8.0,t/h,6.0,6.0,4.559,1.441,0.0,0.0,1.0,0.7598,False,False,DRY,NORMAL,0.0,2021-01-17,SYNTHETIC
SYN_MINE_01,C,SYN_TRUCK_007,dumper,8.0,t/h,6.0,6.0,4.559,1.441,0.0,0.0,1.0,0.7598,False,False,DRY,NORMAL,0.0,2021-01-17,SYNTHETIC
SYN_MINE_01,C,SYN_TRUCK_008,dumper,8.0,t/h,6.0,6.0,4.559,1.441,0.0,0.0,1.0,0.7598,False,False,DRY,NORMAL,0.0,2021-01-17,SYNTHETIC
SYN_MINE_01,C,SYN_TRUCK_009,dumper,8.0,t/h,6.0,6.0,4.559,1.441,0.0,0.0,1.0,0.7598,False,False,DRY,NORMAL,0.0,2021-01-17,SYNTHETIC
SYN_MINE_01,C,SYN_TRUCK_010,dumper,8.0,t/h,6.0,0.0,0.0,0.0,0.0,6.0,0.0,0.0,False,False,DRY,NORMAL,0.0,2021-01-17,SYNTHETIC
SYN_MINE_01,C,SYN_TRUCK_011,dumper,8.0,t/h,6.0,6.0,4.559,1.441,0.0,0.0,1.0,0.7598,False,False,DRY,NORMAL,0.0,2021-01-17,SYNTHETIC
SYN_MINE_01,C,SYN_TRUCK_012,dumper,8.0,t/h,6.0,6.0,4.559,1.441,0.0,0.0,1.0,0.7598,False,False,DRY,NORMAL,0.0,2021-01-17,SYNTHETIC
SYN_MINE_01,C,SYN_TRUCK_013,dumper,8.0,t/h,6.0,6.0,4.559,1.441,0.0,0.0,1.0,0.7598,False,False,DRY,NORMAL,0.0,2021-01-17,SYNTHETIC
SYN_MINE_01,C,SYN_TRUCK_014,dumper,8.0,t/h,6.0,6.0,4.559,1.441,0.0,0.0,1.0,0.7598,False,False,DRY,NORMAL,0.0,2021-01-17,SYNTHETIC
SYN_MINE_01,C,SYN_TRUCK_015,dumper,8.0,t/h,6.0,6.0,4.559,1.441,0.0,0.0,1.0,0.7598,False,False,DRY,NORMAL,0.0,2021-01-17,SYNTHETIC
SYN_MINE_01,C,SYN_TRUCK_016,dumper,8.0,t/h,6.0,6.0,4.559,1.441,0.0,0.0,1.0,0.7598,False,False,DRY,NORMAL,0.0,2021-01-17,SYNTHETIC
SYN_MINE_01,C,SYN_TRUCK_017,dumper,8.0,t/h,6.0,0.945,0.718,0.227,0.0,1.619,0.1575,0.7598,True,False,DRY,NORMAL,0.0,2021-01-17,SYNTHETIC
SYN_MINE_01,C,SYN_TRUCK_018,dumper,8.0,t/h,6.0,6.0,4.559,1.441,0.0,0.0,1.0,0.7598,False,False,DRY,NORMAL,0.0,2021-01-17,SYNTHETIC
SYN_MINE_01,C,SYN_DRILL_001,drill,8.5,m/h,6.0,6.0,6.0,0.0,0.0,0.0,1.0,1.0,False,False,DRY,NORMAL,0.0,2021-01-17,SYNTHETIC
SYN_MINE_01,C,SYN_DRILL_002,drill,8.5,m/h,6.0,5.566,5.566,0.0,0.0,0.434,0.9277,1.0,False,False,DRY,NORMAL,0.0,2021-01-17,SYNTHETIC
SYN_MINE_01,A,SYN_EXC_001,excavator,49.97,t ore/h,7.0,7.0,6.309,0.691,0.0,0.0,1.0,0.9012,False,False,DRY,NORMAL,327.08,2021-01-18,SYNTHETIC
SYN_MINE_01,A,SYN_EXC_002,excavator,49.97,t ore/h,7.0,7.0,6.309,0.691,0.0,0.0,1.0,0.9012,False,False,DRY,NORMAL,327.08,2021-01-18,SYNTHETIC
SYN_MINE_01,A,SYN_TRUCK_001,dumper,8.0,t/h,7.0,7.0,6.309,0.691,0.0,0.0,1.0,0.9012,False,False,DRY,NORMAL,0.0,2021-01-18,SYNTHETIC
SYN_MINE_01,A,SYN_TRUCK_002,dumper,8.0,t/h,7.0,7.0,6.309,0.691,0.0,0.0,1.0,0.9012,False,False,DRY,NORMAL,0.0,2021-01-18,SYNTHETIC
SYN_MINE_01,A,SYN_TRUCK_003,dumper,8.0,t/h,7.0,7.0,6.309,0.691,0.0,0.0,1.0,0.9012,False,False,DRY,NORMAL,0.0,2021-01-18,SYNTHETIC
SYN_MINE_01,A,SYN_TRUCK_004,dumper,8.0,t/h,7.0,7.0,6.309,0.691,0.0,0.0,1.0,0.9012,False,False,DRY,NORMAL,0.0,2021-01-18,SYNTHETIC
SYN_MINE_01,A,SYN_TRUCK_005,dumper,8.0,t/h,7.0,7.0,6.309,0.691,0.0,0.0,1.0,0.9012,False,False,DRY,NORMAL,0.0,2021-01-18,SYNTHETIC
SYN_MINE_01,A,SYN_TRUCK_006,dumper,8.0,t/h,7.0,7.0,6.309,0.691,0.0,0.0,1.0,0.9012,False,False,DRY,NORMAL,0.0,2021-01-18,SYNTHETIC
SYN_MINE_01,A,SYN_TRUCK_007,dumper,8.0,t/h,7.0,7.0,6.309,0.691,0.0,0.0,1.0,0.9012,False,False,DRY,NORMAL,0.0,2021-01-18,SYNTHETIC
SYN_MINE_01,A,SYN_TRUCK_008,dumper,8.0,t/h,7.0,7.0,6.309,0.691,0.0,0.0,1.0,0.9012,False,False,DRY,NORMAL,0.0,2021-01-18,SYNTHETIC
SYN_MINE_01,A,SYN_TRUCK_009,dumper,8.0,t/h,7.0,7.0,6.309,0.691,0.0,0.0,1.0,0.9012,False,False,DRY,NORMAL,0.0,2021-01-18,SYNTHETIC
SYN_MINE_01,A,SYN_TRUCK_010,dumper,8.0,t/h,7.0,2.249,2.027,0.222,0.0,4.751,0.3213,0.9012,False,False,DRY,NORMAL,0.0,2021-01-18,SYNTHETIC
SYN_MINE_01,A,SYN_TRUCK_011,dumper,8.0,t/h,7.0,7.0,6.309,0.691,0.0,0.0,1.0,0.9012,False,False,DRY,NORMAL,0.0,2021-01-18,SYNTHETIC
SYN_MINE_01,A,SYN_TRUCK_012,dumper,8.0,t/h,7.0,7.0,6.309,0.691,0.0,0.0,1.0,0.9012,False,False,DRY,NORMAL,0.0,2021-01-18,SYNTHETIC
SYN_MINE_01,A,SYN_TRUCK_013,dumper,8.0,t/h,7.0,7.0,6.309,0.691,0.0,0.0,1.0,0.9012,False,False,DRY,NORMAL,0.0,2021-01-18,SYNTHETIC
SYN_MINE_01,A,SYN_TRUCK_014,dumper,8.0,t/h,7.0,7.0,6.309,0.691,0.0,0.0,1.0,0.9012,False,False,DRY,NORMAL,0.0,2021-01-18,SYNTHETIC
SYN_MINE_01,A,SYN_TRUCK_015,dumper,8.0,t/h,7.0,7.0,6.309,0.691,0.0,0.0,1.0,0.9012,False,False,DRY,NORMAL,0.0,2021-01-18,SYNTHETIC
SYN_MINE_01,A,SYN_TRUCK_016,dumper,8.0,t/h,7.0,7.0,6.309,0.691,0.0,0.0,1.0,0.9012,False,False,DRY,NORMAL,0.0,2021-01-18,SYNTHETIC
SYN_MINE_01,A,SYN_TRUCK_017,dumper,8.0,t/h,7.0,7.0,6.309,0.691,0.0,0.0,1.0,0.9012,False,False,DRY,NORMAL,0.0,2021-01-18,SYNTHETIC
SYN_MINE_01,A,SYN_TRUCK_018,dumper,8.0,t/h,7.0,7.0,6.309,0.691,0.0,0.0,1.0,0.9012,False,False,DRY,NORMAL,0.0,2021-01-18,SYNTHETIC
SYN_MINE_01,A,SYN_DRILL_001,drill,8.5,m/h,7.0,7.0,7.0,0.0,0.0,0.0,1.0,1.0,False,False,DRY,NORMAL,0.0,2021-01-18,SYNTHETIC
SYN_MINE_01,A,SYN_DRILL_002,drill,8.5,m/h,7.0,7.0,7.0,0.0,0.0,0.0,1.0,1.0,False,False,DRY,NORMAL,0.0,2021-01-18,SYNTHETIC
SYN_MINE_01,B,SYN_EXC_001,excavator,49.97,t ore/h,7.0,7.0,6.534,0.466,0.0,0.0,1.0,0.9334,False,False,DRY,NORMAL,325.0,2021-01-18,SYNTHETIC
SYN_MINE_01,B,SYN_EXC_002,excavator,49.97,t ore/h,7.0,7.0,6.534,0.466,0.0,0.0,1.0,0.9334,False,False,DRY,NORMAL,325.0,2021-01-18,SYNTHETIC
SYN_MINE_01,B,SYN_TRUCK_001,dumper,8.0,t/h,7.0,7.0,6.534,0.466,0.0,0.0,1.0,0.9334,False,False,DRY,NORMAL,0.0,2021-01-18,SYNTHETIC
SYN_MINE_01,B,SYN_TRUCK_002,dumper,8.0,t/h,7.0,7.0,6.534,0.466,0.0,0.0,1.0,0.9334,False,False,DRY,NORMAL,0.0,2021-01-18,SYNTHETIC
SYN_MINE_01,B,SYN_TRUCK_003,dumper,8.0,t/h,7.0,7.0,6.534,0.466,0.0,0.0,1.0,0.9334,False,False,DRY,NORMAL,0.0,2021-01-18,SYNTHETIC
SYN_MINE_01,B,SYN_TRUCK_004,dumper,8.0,t/h,7.0,7.0,6.534,0.466,0.0,0.0,1.0,0.9334,False,False,DRY,NORMAL,0.0,2021-01-18,SYNTHETIC
SYN_MINE_01,B,SYN_TRUCK_005,dumper,8.0,t/h,7.0,7.0,6.534,0.466,0.0,0.0,1.0,0.9334,False,False,DRY,NORMAL,0.0,2021-01-18,SYNTHETIC
SYN_MINE_01,B,SYN_TRUCK_006,dumper,8.0,t/h,7.0,7.0,6.534,0.466,0.0,0.0,1.0,0.9334,False,False,DRY,NORMAL,0.0,2021-01-18,SYNTHETIC
SYN_MINE_01,B,SYN_TRUCK_007,dumper,8.0,t/h,7.0,7.0,6.534,0.466,0.0,0.0,1.0,0.9334,False,False,DRY,NORMAL,0.0,2021-01-18,SYNTHETIC
SYN_MINE_01,B,SYN_TRUCK_008,dumper,8.0,t/h,7.0,7.0,6.534,0.466,0.0,0.0,1.0,0.9334,False,False,DRY,NORMAL,0.0,2021-01-18,SYNTHETIC
SYN_MINE_01,B,SYN_TRUCK_009,dumper,8.0,t/h,7.0,7.0,6.534,0.466,0.0,0.0,1.0,0.9334,False,False,DRY,NORMAL,0.0,2021-01-18,SYNTHETIC
SYN_MINE_01,B,SYN_TRUCK_010,dumper,8.0,t/h,7.0,7.0,6.534,0.466,0.0,0.0,1.0,0.9334,False,False,DRY,NORMAL,0.0,2021-01-18,SYNTHETIC
SYN_MINE_01,B,SYN_TRUCK_011,dumper,8.0,t/h,7.0,7.0,6.534,0.466,0.0,0.0,1.0,0.9334,False,False,DRY,NORMAL,0.0,2021-01-18,SYNTHETIC
SYN_MINE_01,B,SYN_TRUCK_012,dumper,8.0,t/h,7.0,7.0,6.534,0.466,0.0,0.0,1.0,0.9334,False,False,DRY,NORMAL,0.0,2021-01-18,SYNTHETIC
SYN_MINE_01,B,SYN_TRUCK_013,dumper,8.0,t/h,7.0,7.0,6.534,0.466,0.0,0.0,1.0,0.9334,False,False,DRY,NORMAL,0.0,2021-01-18,SYNTHETIC
SYN_MINE_01,B,SYN_TRUCK_014,dumper,8.0,t/h,7.0,7.0,6.534,0.466,0.0,0.0,1.0,0.9334,False,False,DRY,NORMAL,0.0,2021-01-18,SYNTHETIC
SYN_MINE_01,B,SYN_TRUCK_015,dumper,8.0,t/h,7.0,7.0,6.534,0.466,0.0,0.0,1.0,0.9334,False,False,DRY,NORMAL,0.0,2021-01-18,SYNTHETIC
SYN_MINE_01,B,SYN_TRUCK_016,dumper,8.0,t/h,7.0,6.87,6.412,0.458,0.0,0.13,0.9814,0.9334,True,False,DRY,NORMAL,0.0,2021-01-18,SYNTHETIC
SYN_MINE_01,B,SYN_TRUCK_017,dumper,8.0,t/h,7.0,7.0,6.534,0.466,0.0,0.0,1.0,0.9334,False,False,DRY,NORMAL,0.0,2021-01-18,SYNTHETIC
SYN_MINE_01,B,SYN_TRUCK_018,dumper,8.0,t/h,7.0,7.0,6.534,0.466,0.0,0.0,1.0,0.9334,False,False,DRY,NORMAL,0.0,2021-01-18,SYNTHETIC
SYN_MINE_01,B,SYN_DRILL_001,drill,8.5,m/h,7.0,5.755,5.755,0.0,0.0,1.245,0.8222,1.0,True,False,DRY,NORMAL,0.0,2021-01-18,SYNTHETIC
SYN_MINE_01,B,SYN_DRILL_002,drill,8.5,m/h,7.0,7.0,7.0,0.0,0.0,0.0,1.0,1.0,False,False,DRY,NORMAL,0.0,2021-01-18,SYNTHETIC
SYN_MINE_01,C,SYN_EXC_001,excavator,49.97,t ore/h,6.0,6.0,4.723,1.277,0.0,0.0,1.0,0.7871,False,False,DRY,NORMAL,232.35,2021-01-18,SYNTHETIC
SYN_MINE_01,C,SYN_EXC_002,excavator,49.97,t ore/h,6.0,6.0,4.723,1.277,0.0,0.0,1.0,0.7871,False,False,DRY,NORMAL,232.35,2021-01-18,SYNTHETIC
SYN_MINE_01,C,SYN_TRUCK_001,dumper,8.0,t/h,6.0,6.0,4.723,1.277,0.0,0.0,1.0,0.7871,False,False,DRY,NORMAL,0.0,2021-01-18,SYNTHETIC
SYN_MINE_01,C,SYN_TRUCK_002,dumper,8.0,t/h,6.0,6.0,4.723,1.277,0.0,0.0,1.0,0.7871,False,False,DRY,NORMAL,0.0,2021-01-18,SYNTHETIC
SYN_MINE_01,C,SYN_TRUCK_003,dumper,8.0,t/h,6.0,6.0,4.723,1.277,0.0,0.0,1.0,0.7871,False,False,DRY,NORMAL,0.0,2021-01-18,SYNTHETIC
SYN_MINE_01,C,SYN_TRUCK_004,dumper,8.0,t/h,6.0,6.0,4.723,1.277,0.0,0.0,1.0,0.7871,False,False,DRY,NORMAL,0.0,2021-01-18,SYNTHETIC
SYN_MINE_01,C,SYN_TRUCK_005,dumper,8.0,t/h,6.0,6.0,4.723,1.277,0.0,0.0,1.0,0.7871,False,False,DRY,NORMAL,0.0,2021-01-18,SYNTHETIC
SYN_MINE_01,C,SYN_TRUCK_006,dumper,8.0,t/h,6.0,6.0,4.723,1.277,0.0,0.0,1.0,0.7871,False,False,DRY,NORMAL,0.0,2021-01-18,SYNTHETIC
SYN_MINE_01,C,SYN_TRUCK_007,dumper,8.0,t/h,6.0,6.0,4.723,1.277,0.0,0.0,1.0,0.7871,False,False,DRY,NORMAL,0.0,2021-01-18,SYNTHETIC
SYN_MINE_01,C,SYN_TRUCK_008,dumper,8.0,t/h,6.0,6.0,4.723,1.277,0.0,0.0,1.0,0.7871,False,False,DRY,NORMAL,0.0,2021-01-18,SYNTHETIC
SYN_MINE_01,C,SYN_TRUCK_009,dumper,8.0,t/h,6.0,6.0,4.723,1.277,0.0,0.0,1.0,0.7871,False,False,DRY,NORMAL,0.0,2021-01-18,SYNTHETIC
SYN_MINE_01,C,SYN_TRUCK_010,dumper,8.0,t/h,6.0,6.0,4.723,1.277,0.0,0.0,1.0,0.7871,False,False,DRY,NORMAL,0.0,2021-01-18,SYNTHETIC
SYN_MINE_01,C,SYN_TRUCK_011,dumper,8.0,t/h,6.0,6.0,4.723,1.277,0.0,0.0,1.0,0.7871,False,False,DRY,NORMAL,0.0,2021-01-18,SYNTHETIC
SYN_MINE_01,C,SYN_TRUCK_012,dumper,8.0,t/h,6.0,6.0,4.723,1.277,0.0,0.0,1.0,0.7871,False,False,DRY,NORMAL,0.0,2021-01-18,SYNTHETIC
SYN_MINE_01,C,SYN_TRUCK_013,dumper,8.0,t/h,6.0,6.0,4.723,1.277,0.0,0.0,1.0,0.7871,False,False,DRY,NORMAL,0.0,2021-01-18,SYNTHETIC
SYN_MINE_01,C,SYN_TRUCK_014,dumper,8.0,t/h,6.0,6.0,4.723,1.277,0.0,0.0,1.0,0.7871,False,False,DRY,NORMAL,0.0,2021-01-18,SYNTHETIC
SYN_MINE_01,C,SYN_TRUCK_015,dumper,8.0,t/h,6.0,6.0,4.723,1.277,0.0,0.0,1.0,0.7871,False,False,DRY,NORMAL,0.0,2021-01-18,SYNTHETIC
SYN_MINE_01,C,SYN_TRUCK_016,dumper,8.0,t/h,6.0,0.0,0.0,0.0,0.0,6.0,0.0,0.0,False,False,DRY,NORMAL,0.0,2021-01-18,SYNTHETIC
SYN_MINE_01,C,SYN_TRUCK_017,dumper,8.0,t/h,6.0,6.0,4.723,1.277,0.0,0.0,1.0,0.7871,False,False,DRY,NORMAL,0.0,2021-01-18,SYNTHETIC
SYN_MINE_01,C,SYN_TRUCK_018,dumper,8.0,t/h,6.0,6.0,4.723,1.277,0.0,0.0,1.0,0.7871,False,False,DRY,NORMAL,0.0,2021-01-18,SYNTHETIC
SYN_MINE_01,C,SYN_DRILL_001,drill,8.5,m/h,6.0,2.6,2.6,0.0,0.0,3.4,0.4333,1.0,False,False,DRY,NORMAL,0.0,2021-01-18,SYNTHETIC
SYN_MINE_01,C,SYN_DRILL_002,drill,8.5,m/h,6.0,6.0,6.0,0.0,0.0,0.0,1.0,1.0,False,False,DRY,NORMAL,0.0,2021-01-18,SYNTHETIC
SYN_MINE_01,A,SYN_EXC_001,excavator,49.97,t ore/h,7.0,7.0,5.282,1.718,0.0,0.0,1.0,0.7546,False,False,DRY,NORMAL,263.51,2021-01-19,SYNTHETIC
SYN_MINE_01,A,SYN_EXC_002,excavator,49.97,t ore/h,7.0,7.0,5.282,1.718,0.0,0.0,1.0,0.7546,False,False,DRY,NORMAL,263.51,2021-01-19,SYNTHETIC
SYN_MINE_01,A,SYN_TRUCK_001,dumper,8.0,t/h,7.0,7.0,5.282,1.718,0.0,0.0,1.0,0.7546,False,False,DRY,NORMAL,0.0,2021-01-19,SYNTHETIC
SYN_MINE_01,A,SYN_TRUCK_002,dumper,8.0,t/h,7.0,7.0,5.282,1.718,0.0,0.0,1.0,0.7546,False,False,DRY,NORMAL,0.0,2021-01-19,SYNTHETIC
SYN_MINE_01,A,SYN_TRUCK_003,dumper,8.0,t/h,7.0,1.086,0.82,0.267,5.914,0.0,0.1552,0.7546,False,True,DRY,NORMAL,0.0,2021-01-19,SYNTHETIC
SYN_MINE_01,A,SYN_TRUCK_004,dumper,8.0,t/h,7.0,7.0,5.282,1.718,0.0,0.0,1.0,0.7546,False,False,DRY,NORMAL,0.0,2021-01-19,SYNTHETIC
SYN_MINE_01,A,SYN_TRUCK_005,dumper,8.0,t/h,7.0,7.0,5.282,1.718,0.0,0.0,1.0,0.7546,False,False,DRY,NORMAL,0.0,2021-01-19,SYNTHETIC
SYN_MINE_01,A,SYN_TRUCK_006,dumper,8.0,t/h,7.0,7.0,5.282,1.718,0.0,0.0,1.0,0.7546,False,False,DRY,NORMAL,0.0,2021-01-19,SYNTHETIC
SYN_MINE_01,A,SYN_TRUCK_007,dumper,8.0,t/h,7.0,0.799,0.603,0.196,6.201,0.0,0.1141,0.7546,False,True,DRY,NORMAL,0.0,2021-01-19,SYNTHETIC
SYN_MINE_01,A,SYN_TRUCK_008,dumper,8.0,t/h,7.0,7.0,5.282,1.718,0.0,0.0,1.0,0.7546,False,False,DRY,NORMAL,0.0,2021-01-19,SYNTHETIC
SYN_MINE_01,A,SYN_TRUCK_009,dumper,8.0,t/h,7.0,7.0,5.282,1.718,0.0,0.0,1.0,0.7546,False,False,DRY,NORMAL,0.0,2021-01-19,SYNTHETIC
SYN_MINE_01,A,SYN_TRUCK_010,dumper,8.0,t/h,7.0,7.0,5.282,1.718,0.0,0.0,1.0,0.7546,False,False,DRY,NORMAL,0.0,2021-01-19,SYNTHETIC
SYN_MINE_01,A,SYN_TRUCK_011,dumper,8.0,t/h,7.0,7.0,5.282,1.718,0.0,0.0,1.0,0.7546,False,False,DRY,NORMAL,0.0,2021-01-19,SYNTHETIC
SYN_MINE_01,A,SYN_TRUCK_012,dumper,8.0,t/h,7.0,7.0,5.282,1.718,0.0,0.0,1.0,0.7546,False,False,DRY,NORMAL,0.0,2021-01-19,SYNTHETIC
SYN_MINE_01,A,SYN_TRUCK_013,dumper,8.0,t/h,7.0,7.0,5.282,1.718,0.0,0.0,1.0,0.7546,False,False,DRY,NORMAL,0.0,2021-01-19,SYNTHETIC
SYN_MINE_01,A,SYN_TRUCK_014,dumper,8.0,t/h,7.0,7.0,5.282,1.718,0.0,0.0,1.0,0.7546,False,False,DRY,NORMAL,0.0,2021-01-19,SYNTHETIC
SYN_MINE_01,A,SYN_TRUCK_015,dumper,8.0,t/h,7.0,7.0,5.282,1.718,0.0,0.0,1.0,0.7546,False,False,DRY,NORMAL,0.0,2021-01-19,SYNTHETIC
SYN_MINE_01,A,SYN_TRUCK_016,dumper,8.0,t/h,7.0,0.0,0.0,0.0,0.0,7.0,0.0,0.0,False,False,DRY,NORMAL,0.0,2021-01-19,SYNTHETIC
SYN_MINE_01,A,SYN_TRUCK_017,dumper,8.0,t/h,7.0,7.0,5.282,1.718,0.0,0.0,1.0,0.7546,False,False,DRY,NORMAL,0.0,2021-01-19,SYNTHETIC
SYN_MINE_01,A,SYN_TRUCK_018,dumper,8.0,t/h,7.0,7.0,5.282,1.718,0.0,0.0,1.0,0.7546,False,False,DRY,NORMAL,0.0,2021-01-19,SYNTHETIC
SYN_MINE_01,A,SYN_DRILL_001,drill,8.5,m/h,7.0,7.0,7.0,0.0,0.0,0.0,1.0,1.0,False,False,DRY,NORMAL,0.0,2021-01-19,SYNTHETIC
SYN_MINE_01,A,SYN_DRILL_002,drill,8.5,m/h,7.0,7.0,7.0,0.0,0.0,0.0,1.0,1.0,False,False,DRY,NORMAL,0.0,2021-01-19,SYNTHETIC
SYN_MINE_01,B,SYN_EXC_001,excavator,49.97,t ore/h,7.0,7.0,6.364,0.636,0.0,0.0,1.0,0.9091,False,False,DRY,NORMAL,303.51,2021-01-19,SYNTHETIC
SYN_MINE_01,B,SYN_EXC_002,excavator,49.97,t ore/h,7.0,7.0,6.364,0.636,0.0,0.0,1.0,0.9091,False,False,DRY,NORMAL,303.51,2021-01-19,SYNTHETIC
SYN_MINE_01,B,SYN_TRUCK_001,dumper,8.0,t/h,7.0,7.0,6.364,0.636,0.0,0.0,1.0,0.9091,False,False,DRY,NORMAL,0.0,2021-01-19,SYNTHETIC
SYN_MINE_01,B,SYN_TRUCK_002,dumper,8.0,t/h,7.0,7.0,6.364,0.636,0.0,0.0,1.0,0.9091,False,False,DRY,NORMAL,0.0,2021-01-19,SYNTHETIC
SYN_MINE_01,B,SYN_TRUCK_003,dumper,8.0,t/h,7.0,7.0,6.364,0.636,0.0,0.0,1.0,0.9091,False,False,DRY,NORMAL,0.0,2021-01-19,SYNTHETIC
SYN_MINE_01,B,SYN_TRUCK_004,dumper,8.0,t/h,7.0,7.0,6.364,0.636,0.0,0.0,1.0,0.9091,False,False,DRY,NORMAL,0.0,2021-01-19,SYNTHETIC
SYN_MINE_01,B,SYN_TRUCK_005,dumper,8.0,t/h,7.0,7.0,6.364,0.636,0.0,0.0,1.0,0.9091,False,False,DRY,NORMAL,0.0,2021-01-19,SYNTHETIC
SYN_MINE_01,B,SYN_TRUCK_006,dumper,8.0,t/h,7.0,7.0,6.364,0.636,0.0,0.0,1.0,0.9091,False,False,DRY,NORMAL,0.0,2021-01-19,SYNTHETIC
SYN_MINE_01,B,SYN_TRUCK_007,dumper,8.0,t/h,7.0,7.0,6.364,0.636,0.0,0.0,1.0,0.9091,False,False,DRY,NORMAL,0.0,2021-01-19,SYNTHETIC
SYN_MINE_01,B,SYN_TRUCK_008,dumper,8.0,t/h,7.0,7.0,6.364,0.636,0.0,0.0,1.0,0.9091,False,False,DRY,NORMAL,0.0,2021-01-19,SYNTHETIC
SYN_MINE_01,B,SYN_TRUCK_009,dumper,8.0,t/h,7.0,7.0,6.364,0.636,0.0,0.0,1.0,0.9091,False,False,DRY,NORMAL,0.0,2021-01-19,SYNTHETIC
SYN_MINE_01,B,SYN_TRUCK_010,dumper,8.0,t/h,7.0,7.0,6.364,0.636,0.0,0.0,1.0,0.9091,False,False,DRY,NORMAL,0.0,2021-01-19,SYNTHETIC
SYN_MINE_01,B,SYN_TRUCK_011,dumper,8.0,t/h,7.0,7.0,6.364,0.636,0.0,0.0,1.0,0.9091,False,False,DRY,NORMAL,0.0,2021-01-19,SYNTHETIC
SYN_MINE_01,B,SYN_TRUCK_012,dumper,8.0,t/h,7.0,7.0,6.364,0.636,0.0,0.0,1.0,0.9091,False,False,DRY,NORMAL,0.0,2021-01-19,SYNTHETIC
SYN_MINE_01,B,SYN_TRUCK_013,dumper,8.0,t/h,7.0,7.0,6.364,0.636,0.0,0.0,1.0,0.9091,False,False,DRY,NORMAL,0.0,2021-01-19,SYNTHETIC
SYN_MINE_01,B,SYN_TRUCK_014,dumper,8.0,t/h,7.0,7.0,6.364,0.636,0.0,0.0,1.0,0.9091,False,False,DRY,NORMAL,0.0,2021-01-19,SYNTHETIC
SYN_MINE_01,B,SYN_TRUCK_015,dumper,8.0,t/h,7.0,7.0,6.364,0.636,0.0,0.0,1.0,0.9091,False,False,DRY,NORMAL,0.0,2021-01-19,SYNTHETIC
SYN_MINE_01,B,SYN_TRUCK_016,dumper,8.0,t/h,7.0,2.786,2.533,0.253,0.0,4.214,0.398,0.9091,False,False,DRY,NORMAL,0.0,2021-01-19,SYNTHETIC
SYN_MINE_01,B,SYN_TRUCK_017,dumper,8.0,t/h,7.0,7.0,6.364,0.636,0.0,0.0,1.0,0.9091,False,False,DRY,NORMAL,0.0,2021-01-19,SYNTHETIC
SYN_MINE_01,B,SYN_TRUCK_018,dumper,8.0,t/h,7.0,3.34,3.037,0.304,0.0,3.66,0.4772,0.9091,True,False,DRY,NORMAL,0.0,2021-01-19,SYNTHETIC
SYN_MINE_01,B,SYN_DRILL_001,drill,8.5,m/h,7.0,7.0,7.0,0.0,0.0,0.0,1.0,1.0,False,False,DRY,NORMAL,0.0,2021-01-19,SYNTHETIC
SYN_MINE_01,B,SYN_DRILL_002,drill,8.5,m/h,7.0,7.0,7.0,0.0,0.0,0.0,1.0,1.0,False,False,DRY,NORMAL,0.0,2021-01-19,SYNTHETIC
SYN_MINE_01,C,SYN_EXC_001,excavator,49.97,t ore/h,6.0,6.0,5.403,0.597,0.0,0.0,1.0,0.9005,False,False,DRY,NORMAL,268.41,2021-01-19,SYNTHETIC
SYN_MINE_01,C,SYN_EXC_002,excavator,49.97,t ore/h,6.0,6.0,5.403,0.597,0.0,0.0,1.0,0.9005,False,False,DRY,NORMAL,268.41,2021-01-19,SYNTHETIC
SYN_MINE_01,C,SYN_TRUCK_001,dumper,8.0,t/h,6.0,6.0,5.403,0.597,0.0,0.0,1.0,0.9005,False,False,DRY,NORMAL,0.0,2021-01-19,SYNTHETIC
SYN_MINE_01,C,SYN_TRUCK_002,dumper,8.0,t/h,6.0,6.0,5.403,0.597,0.0,0.0,1.0,0.9005,False,False,DRY,NORMAL,0.0,2021-01-19,SYNTHETIC
SYN_MINE_01,C,SYN_TRUCK_003,dumper,8.0,t/h,6.0,6.0,5.403,0.597,0.0,0.0,1.0,0.9005,False,False,DRY,NORMAL,0.0,2021-01-19,SYNTHETIC
SYN_MINE_01,C,SYN_TRUCK_004,dumper,8.0,t/h,6.0,6.0,5.403,0.597,0.0,0.0,1.0,0.9005,False,False,DRY,NORMAL,0.0,2021-01-19,SYNTHETIC
SYN_MINE_01,C,SYN_TRUCK_005,dumper,8.0,t/h,6.0,6.0,5.403,0.597,0.0,0.0,1.0,0.9005,False,False,DRY,NORMAL,0.0,2021-01-19,SYNTHETIC
SYN_MINE_01,C,SYN_TRUCK_006,dumper,8.0,t/h,6.0,6.0,5.403,0.597,0.0,0.0,1.0,0.9005,False,False,DRY,NORMAL,0.0,2021-01-19,SYNTHETIC
SYN_MINE_01,C,SYN_TRUCK_007,dumper,8.0,t/h,6.0,6.0,5.403,0.597,0.0,0.0,1.0,0.9005,False,False,DRY,NORMAL,0.0,2021-01-19,SYNTHETIC
SYN_MINE_01,C,SYN_TRUCK_008,dumper,8.0,t/h,6.0,6.0,5.403,0.597,0.0,0.0,1.0,0.9005,False,False,DRY,NORMAL,0.0,2021-01-19,SYNTHETIC
SYN_MINE_01,C,SYN_TRUCK_009,dumper,8.0,t/h,6.0,6.0,5.403,0.597,0.0,0.0,1.0,0.9005,False,False,DRY,NORMAL,0.0,2021-01-19,SYNTHETIC
SYN_MINE_01,C,SYN_TRUCK_010,dumper,8.0,t/h,6.0,6.0,5.403,0.597,0.0,0.0,1.0,0.9005,False,False,DRY,NORMAL,0.0,2021-01-19,SYNTHETIC
SYN_MINE_01,C,SYN_TRUCK_011,dumper,8.0,t/h,6.0,6.0,5.403,0.597,0.0,0.0,1.0,0.9005,False,False,DRY,NORMAL,0.0,2021-01-19,SYNTHETIC
SYN_MINE_01,C,SYN_TRUCK_012,dumper,8.0,t/h,6.0,6.0,5.403,0.597,0.0,0.0,1.0,0.9005,False,False,DRY,NORMAL,0.0,2021-01-19,SYNTHETIC
SYN_MINE_01,C,SYN_TRUCK_013,dumper,8.0,t/h,6.0,6.0,5.403,0.597,0.0,0.0,1.0,0.9005,False,False,DRY,NORMAL,0.0,2021-01-19,SYNTHETIC
SYN_MINE_01,C,SYN_TRUCK_014,dumper,8.0,t/h,6.0,6.0,5.403,0.597,0.0,0.0,1.0,0.9005,False,False,DRY,NORMAL,0.0,2021-01-19,SYNTHETIC
SYN_MINE_01,C,SYN_TRUCK_015,dumper,8.0,t/h,6.0,6.0,5.403,0.597,0.0,0.0,1.0,0.9005,False,False,DRY,NORMAL,0.0,2021-01-19,SYNTHETIC
SYN_MINE_01,C,SYN_TRUCK_016,dumper,8.0,t/h,6.0,5.696,5.129,0.567,0.0,0.304,0.9493,0.9005,True,False,DRY,NORMAL,0.0,2021-01-19,SYNTHETIC
SYN_MINE_01,C,SYN_TRUCK_017,dumper,8.0,t/h,6.0,6.0,5.403,0.597,0.0,0.0,1.0,0.9005,False,False,DRY,NORMAL,0.0,2021-01-19,SYNTHETIC
SYN_MINE_01,C,SYN_TRUCK_018,dumper,8.0,t/h,6.0,0.417,0.375,0.041,0.0,5.583,0.0694,0.9005,False,False,DRY,NORMAL,0.0,2021-01-19,SYNTHETIC
SYN_MINE_01,C,SYN_DRILL_001,drill,8.5,m/h,6.0,6.0,6.0,0.0,0.0,0.0,1.0,1.0,False,False,DRY,NORMAL,0.0,2021-01-19,SYNTHETIC
SYN_MINE_01,C,SYN_DRILL_002,drill,8.5,m/h,6.0,6.0,6.0,0.0,0.0,0.0,1.0,1.0,False,False,DRY,NORMAL,0.0,2021-01-19,SYNTHETIC
SYN_MINE_01,A,SYN_EXC_001,excavator,49.97,t ore/h,7.0,7.0,5.535,1.465,0.0,0.0,1.0,0.7907,False,False,DRY,NORMAL,261.4,2021-01-20,SYNTHETIC
SYN_MINE_01,A,SYN_EXC_002,excavator,49.97,t ore/h,7.0,7.0,5.535,1.465,0.0,0.0,1.0,0.7907,False,False,DRY,NORMAL,261.4,2021-01-20,SYNTHETIC
SYN_MINE_01,A,SYN_TRUCK_001,dumper,8.0,t/h,7.0,7.0,5.535,1.465,0.0,0.0,1.0,0.7907,False,False,DRY,NORMAL,0.0,2021-01-20,SYNTHETIC
SYN_MINE_01,A,SYN_TRUCK_002,dumper,8.0,t/h,7.0,7.0,5.535,1.465,0.0,0.0,1.0,0.7907,False,False,DRY,NORMAL,0.0,2021-01-20,SYNTHETIC
SYN_MINE_01,A,SYN_TRUCK_003,dumper,8.0,t/h,7.0,7.0,5.535,1.465,0.0,0.0,1.0,0.7907,False,False,DRY,NORMAL,0.0,2021-01-20,SYNTHETIC
SYN_MINE_01,A,SYN_TRUCK_004,dumper,8.0,t/h,7.0,7.0,5.535,1.465,0.0,0.0,1.0,0.7907,False,False,DRY,NORMAL,0.0,2021-01-20,SYNTHETIC
SYN_MINE_01,A,SYN_TRUCK_005,dumper,8.0,t/h,7.0,7.0,5.535,1.465,0.0,0.0,1.0,0.7907,False,False,DRY,NORMAL,0.0,2021-01-20,SYNTHETIC
SYN_MINE_01,A,SYN_TRUCK_006,dumper,8.0,t/h,7.0,7.0,5.535,1.465,0.0,0.0,1.0,0.7907,False,False,DRY,NORMAL,0.0,2021-01-20,SYNTHETIC
SYN_MINE_01,A,SYN_TRUCK_007,dumper,8.0,t/h,7.0,7.0,5.535,1.465,0.0,0.0,1.0,0.7907,False,False,DRY,NORMAL,0.0,2021-01-20,SYNTHETIC
SYN_MINE_01,A,SYN_TRUCK_008,dumper,8.0,t/h,7.0,7.0,5.535,1.465,0.0,0.0,1.0,0.7907,False,False,DRY,NORMAL,0.0,2021-01-20,SYNTHETIC
SYN_MINE_01,A,SYN_TRUCK_009,dumper,8.0,t/h,7.0,7.0,5.535,1.465,0.0,0.0,1.0,0.7907,False,False,DRY,NORMAL,0.0,2021-01-20,SYNTHETIC
SYN_MINE_01,A,SYN_TRUCK_010,dumper,8.0,t/h,7.0,7.0,5.535,1.465,0.0,0.0,1.0,0.7907,False,False,DRY,NORMAL,0.0,2021-01-20,SYNTHETIC
SYN_MINE_01,A,SYN_TRUCK_011,dumper,8.0,t/h,7.0,3.998,3.161,0.837,0.0,1.274,0.5712,0.7907,True,False,DRY,NORMAL,0.0,2021-01-20,SYNTHETIC
SYN_MINE_01,A,SYN_TRUCK_012,dumper,8.0,t/h,7.0,1.456,1.151,0.305,0.0,5.391,0.208,0.7907,True,False,DRY,NORMAL,0.0,2021-01-20,SYNTHETIC
SYN_MINE_01,A,SYN_TRUCK_013,dumper,8.0,t/h,7.0,7.0,5.535,1.465,0.0,0.0,1.0,0.7907,False,False,DRY,NORMAL,0.0,2021-01-20,SYNTHETIC
SYN_MINE_01,A,SYN_TRUCK_014,dumper,8.0,t/h,7.0,7.0,5.535,1.465,0.0,0.0,1.0,0.7907,False,False,DRY,NORMAL,0.0,2021-01-20,SYNTHETIC
SYN_MINE_01,A,SYN_TRUCK_015,dumper,8.0,t/h,7.0,7.0,5.535,1.465,0.0,0.0,1.0,0.7907,False,False,DRY,NORMAL,0.0,2021-01-20,SYNTHETIC
SYN_MINE_01,A,SYN_TRUCK_016,dumper,8.0,t/h,7.0,2.659,2.102,0.557,0.0,4.341,0.3798,0.7907,False,False,DRY,NORMAL,0.0,2021-01-20,SYNTHETIC
SYN_MINE_01,A,SYN_TRUCK_017,dumper,8.0,t/h,7.0,7.0,5.535,1.465,0.0,0.0,1.0,0.7907,False,False,DRY,NORMAL,0.0,2021-01-20,SYNTHETIC
SYN_MINE_01,A,SYN_TRUCK_018,dumper,8.0,t/h,7.0,7.0,5.535,1.465,0.0,0.0,1.0,0.7907,False,False,DRY,NORMAL,0.0,2021-01-20,SYNTHETIC
SYN_MINE_01,A,SYN_DRILL_001,drill,8.5,m/h,7.0,7.0,7.0,0.0,0.0,0.0,1.0,1.0,False,False,DRY,NORMAL,0.0,2021-01-20,SYNTHETIC
SYN_MINE_01,A,SYN_DRILL_002,drill,8.5,m/h,7.0,7.0,7.0,0.0,0.0,0.0,1.0,1.0,False,False,DRY,NORMAL,0.0,2021-01-20,SYNTHETIC
SYN_MINE_01,B,SYN_EXC_001,excavator,49.97,t ore/h,7.0,7.0,5.783,1.217,0.0,0.0,1.0,0.8261,False,False,DRY,NORMAL,295.17,2021-01-20,SYNTHETIC
SYN_MINE_01,B,SYN_EXC_002,excavator,49.97,t ore/h,7.0,7.0,5.783,1.217,0.0,0.0,1.0,0.8261,False,False,DRY,NORMAL,295.17,2021-01-20,SYNTHETIC
SYN_MINE_01,B,SYN_TRUCK_001,dumper,8.0,t/h,7.0,7.0,5.783,1.217,0.0,0.0,1.0,0.8261,False,False,DRY,NORMAL,0.0,2021-01-20,SYNTHETIC
SYN_MINE_01,B,SYN_TRUCK_002,dumper,8.0,t/h,7.0,7.0,5.783,1.217,0.0,0.0,1.0,0.8261,False,False,DRY,NORMAL,0.0,2021-01-20,SYNTHETIC
SYN_MINE_01,B,SYN_TRUCK_003,dumper,8.0,t/h,7.0,7.0,5.783,1.217,0.0,0.0,1.0,0.8261,False,False,DRY,NORMAL,0.0,2021-01-20,SYNTHETIC
SYN_MINE_01,B,SYN_TRUCK_004,dumper,8.0,t/h,7.0,7.0,5.783,1.217,0.0,0.0,1.0,0.8261,False,False,DRY,NORMAL,0.0,2021-01-20,SYNTHETIC
SYN_MINE_01,B,SYN_TRUCK_005,dumper,8.0,t/h,7.0,7.0,5.783,1.217,0.0,0.0,1.0,0.8261,False,False,DRY,NORMAL,0.0,2021-01-20,SYNTHETIC
SYN_MINE_01,B,SYN_TRUCK_006,dumper,8.0,t/h,7.0,7.0,5.783,1.217,0.0,0.0,1.0,0.8261,False,False,DRY,NORMAL,0.0,2021-01-20,SYNTHETIC
SYN_MINE_01,B,SYN_TRUCK_007,dumper,8.0,t/h,7.0,7.0,5.783,1.217,0.0,0.0,1.0,0.8261,False,False,DRY,NORMAL,0.0,2021-01-20,SYNTHETIC
SYN_MINE_01,B,SYN_TRUCK_008,dumper,8.0,t/h,7.0,7.0,5.783,1.217,0.0,0.0,1.0,0.8261,False,False,DRY,NORMAL,0.0,2021-01-20,SYNTHETIC
SYN_MINE_01,B,SYN_TRUCK_009,dumper,8.0,t/h,7.0,7.0,5.783,1.217,0.0,0.0,1.0,0.8261,False,False,DRY,NORMAL,0.0,2021-01-20,SYNTHETIC
SYN_MINE_01,B,SYN_TRUCK_010,dumper,8.0,t/h,7.0,7.0,5.783,1.217,0.0,0.0,1.0,0.8261,False,False,DRY,NORMAL,0.0,2021-01-20,SYNTHETIC
SYN_MINE_01,B,SYN_TRUCK_011,dumper,8.0,t/h,7.0,7.0,5.783,1.217,0.0,0.0,1.0,0.8261,False,False,DRY,NORMAL,0.0,2021-01-20,SYNTHETIC
SYN_MINE_01,B,SYN_TRUCK_012,dumper,8.0,t/h,7.0,7.0,5.783,1.217,0.0,0.0,1.0,0.8261,False,False,DRY,NORMAL,0.0,2021-01-20,SYNTHETIC
SYN_MINE_01,B,SYN_TRUCK_013,dumper,8.0,t/h,7.0,7.0,5.783,1.217,0.0,0.0,1.0,0.8261,False,False,DRY,NORMAL,0.0,2021-01-20,SYNTHETIC
SYN_MINE_01,B,SYN_TRUCK_014,dumper,8.0,t/h,7.0,7.0,5.783,1.217,0.0,0.0,1.0,0.8261,False,False,DRY,NORMAL,0.0,2021-01-20,SYNTHETIC
SYN_MINE_01,B,SYN_TRUCK_015,dumper,8.0,t/h,7.0,7.0,5.783,1.217,0.0,0.0,1.0,0.8261,False,False,DRY,NORMAL,0.0,2021-01-20,SYNTHETIC
SYN_MINE_01,B,SYN_TRUCK_016,dumper,8.0,t/h,7.0,7.0,5.783,1.217,0.0,0.0,1.0,0.8261,False,False,DRY,NORMAL,0.0,2021-01-20,SYNTHETIC
SYN_MINE_01,B,SYN_TRUCK_017,dumper,8.0,t/h,7.0,7.0,5.783,1.217,0.0,0.0,1.0,0.8261,False,False,DRY,NORMAL,0.0,2021-01-20,SYNTHETIC
SYN_MINE_01,B,SYN_TRUCK_018,dumper,8.0,t/h,7.0,7.0,5.783,1.217,0.0,0.0,1.0,0.8261,False,False,DRY,NORMAL,0.0,2021-01-20,SYNTHETIC
SYN_MINE_01,B,SYN_DRILL_001,drill,8.5,m/h,7.0,7.0,7.0,0.0,0.0,0.0,1.0,1.0,False,False,DRY,NORMAL,0.0,2021-01-20,SYNTHETIC
SYN_MINE_01,B,SYN_DRILL_002,drill,8.5,m/h,7.0,7.0,7.0,0.0,0.0,0.0,1.0,1.0,False,False,DRY,NORMAL,0.0,2021-01-20,SYNTHETIC
SYN_MINE_01,C,SYN_EXC_001,excavator,49.97,t ore/h,6.0,6.0,4.719,1.281,0.0,0.0,1.0,0.7864,False,False,DRY,NORMAL,240.58,2021-01-20,SYNTHETIC
SYN_MINE_01,C,SYN_EXC_002,excavator,49.97,t ore/h,6.0,6.0,4.719,1.281,0.0,0.0,1.0,0.7864,False,False,DRY,NORMAL,240.58,2021-01-20,SYNTHETIC
SYN_MINE_01,C,SYN_TRUCK_001,dumper,8.0,t/h,6.0,6.0,4.719,1.281,0.0,0.0,1.0,0.7864,False,False,DRY,NORMAL,0.0,2021-01-20,SYNTHETIC
SYN_MINE_01,C,SYN_TRUCK_002,dumper,8.0,t/h,6.0,0.972,0.764,0.208,0.0,5.028,0.1619,0.7864,True,False,DRY,NORMAL,0.0,2021-01-20,SYNTHETIC
SYN_MINE_01,C,SYN_TRUCK_003,dumper,8.0,t/h,6.0,6.0,4.719,1.281,0.0,0.0,1.0,0.7864,False,False,DRY,NORMAL,0.0,2021-01-20,SYNTHETIC
SYN_MINE_01,C,SYN_TRUCK_004,dumper,8.0,t/h,6.0,6.0,4.719,1.281,0.0,0.0,1.0,0.7864,False,False,DRY,NORMAL,0.0,2021-01-20,SYNTHETIC
SYN_MINE_01,C,SYN_TRUCK_005,dumper,8.0,t/h,6.0,6.0,4.719,1.281,0.0,0.0,1.0,0.7864,False,False,DRY,NORMAL,0.0,2021-01-20,SYNTHETIC
SYN_MINE_01,C,SYN_TRUCK_006,dumper,8.0,t/h,6.0,6.0,4.719,1.281,0.0,0.0,1.0,0.7864,False,False,DRY,NORMAL,0.0,2021-01-20,SYNTHETIC
SYN_MINE_01,C,SYN_TRUCK_007,dumper,8.0,t/h,6.0,6.0,4.719,1.281,0.0,0.0,1.0,0.7864,False,False,DRY,NORMAL,0.0,2021-01-20,SYNTHETIC
SYN_MINE_01,C,SYN_TRUCK_008,dumper,8.0,t/h,6.0,6.0,4.719,1.281,0.0,0.0,1.0,0.7864,False,False,DRY,NORMAL,0.0,2021-01-20,SYNTHETIC
SYN_MINE_01,C,SYN_TRUCK_009,dumper,8.0,t/h,6.0,6.0,4.719,1.281,0.0,0.0,1.0,0.7864,False,False,DRY,NORMAL,0.0,2021-01-20,SYNTHETIC
SYN_MINE_01,C,SYN_TRUCK_010,dumper,8.0,t/h,6.0,6.0,4.719,1.281,0.0,0.0,1.0,0.7864,False,False,DRY,NORMAL,0.0,2021-01-20,SYNTHETIC
SYN_MINE_01,C,SYN_TRUCK_011,dumper,8.0,t/h,6.0,6.0,4.719,1.281,0.0,0.0,1.0,0.7864,False,False,DRY,NORMAL,0.0,2021-01-20,SYNTHETIC
SYN_MINE_01,C,SYN_TRUCK_012,dumper,8.0,t/h,6.0,6.0,4.719,1.281,0.0,0.0,1.0,0.7864,False,False,DRY,NORMAL,0.0,2021-01-20,SYNTHETIC
SYN_MINE_01,C,SYN_TRUCK_013,dumper,8.0,t/h,6.0,6.0,4.719,1.281,0.0,0.0,1.0,0.7864,False,False,DRY,NORMAL,0.0,2021-01-20,SYNTHETIC
SYN_MINE_01,C,SYN_TRUCK_014,dumper,8.0,t/h,6.0,6.0,4.719,1.281,0.0,0.0,1.0,0.7864,False,False,DRY,NORMAL,0.0,2021-01-20,SYNTHETIC
SYN_MINE_01,C,SYN_TRUCK_015,dumper,8.0,t/h,6.0,6.0,4.719,1.281,0.0,0.0,1.0,0.7864,False,False,DRY,NORMAL,0.0,2021-01-20,SYNTHETIC
SYN_MINE_01,C,SYN_TRUCK_016,dumper,8.0,t/h,6.0,6.0,4.719,1.281,0.0,0.0,1.0,0.7864,False,False,DRY,NORMAL,0.0,2021-01-20,SYNTHETIC
SYN_MINE_01,C,SYN_TRUCK_017,dumper,8.0,t/h,6.0,6.0,4.719,1.281,0.0,0.0,1.0,0.7864,False,False,DRY,NORMAL,0.0,2021-01-20,SYNTHETIC
SYN_MINE_01,C,SYN_TRUCK_018,dumper,8.0,t/h,6.0,6.0,4.719,1.281,0.0,0.0,1.0,0.7864,False,False,DRY,NORMAL,0.0,2021-01-20,SYNTHETIC
SYN_MINE_01,C,SYN_DRILL_001,drill,8.5,m/h,6.0,6.0,6.0,0.0,0.0,0.0,1.0,1.0,False,False,DRY,NORMAL,0.0,2021-01-20,SYNTHETIC
SYN_MINE_01,C,SYN_DRILL_002,drill,8.5,m/h,6.0,6.0,6.0,0.0,0.0,0.0,1.0,1.0,False,False,DRY,NORMAL,0.0,2021-01-20,SYNTHETIC
SYN_MINE_01,A,SYN_EXC_001,excavator,49.97,t ore/h,7.0,0.0,0.0,0.0,7.0,0.0,0.0,0.0,False,True,DRY,NORMAL,0.0,2021-01-21,SYNTHETIC
SYN_MINE_01,A,SYN_EXC_002,excavator,49.97,t ore/h,7.0,7.0,6.119,0.881,0.0,0.0,1.0,0.8741,False,False,DRY,NORMAL,297.31,2021-01-21,SYNTHETIC
SYN_MINE_01,A,SYN_TRUCK_001,dumper,8.0,t/h,7.0,7.0,6.119,0.881,0.0,0.0,1.0,0.8741,False,False,DRY,NORMAL,0.0,2021-01-21,SYNTHETIC
SYN_MINE_01,A,SYN_TRUCK_002,dumper,8.0,t/h,7.0,5.83,5.096,0.734,0.0,1.17,0.8328,0.8741,False,False,DRY,NORMAL,0.0,2021-01-21,SYNTHETIC
SYN_MINE_01,A,SYN_TRUCK_003,dumper,8.0,t/h,7.0,7.0,6.119,0.881,0.0,0.0,1.0,0.8741,False,False,DRY,NORMAL,0.0,2021-01-21,SYNTHETIC
SYN_MINE_01,A,SYN_TRUCK_004,dumper,8.0,t/h,7.0,0.0,0.0,0.0,7.0,0.0,0.0,0.0,False,True,DRY,NORMAL,0.0,2021-01-21,SYNTHETIC
SYN_MINE_01,A,SYN_TRUCK_005,dumper,8.0,t/h,7.0,7.0,6.119,0.881,0.0,0.0,1.0,0.8741,False,False,DRY,NORMAL,0.0,2021-01-21,SYNTHETIC
SYN_MINE_01,A,SYN_TRUCK_006,dumper,8.0,t/h,7.0,7.0,6.119,0.881,0.0,0.0,1.0,0.8741,False,False,DRY,NORMAL,0.0,2021-01-21,SYNTHETIC
SYN_MINE_01,A,SYN_TRUCK_007,dumper,8.0,t/h,7.0,7.0,6.119,0.881,0.0,0.0,1.0,0.8741,False,False,DRY,NORMAL,0.0,2021-01-21,SYNTHETIC
SYN_MINE_01,A,SYN_TRUCK_008,dumper,8.0,t/h,7.0,7.0,6.119,0.881,0.0,0.0,1.0,0.8741,False,False,DRY,NORMAL,0.0,2021-01-21,SYNTHETIC
SYN_MINE_01,A,SYN_TRUCK_009,dumper,8.0,t/h,7.0,7.0,6.119,0.881,0.0,0.0,1.0,0.8741,False,False,DRY,NORMAL,0.0,2021-01-21,SYNTHETIC
SYN_MINE_01,A,SYN_TRUCK_010,dumper,8.0,t/h,7.0,7.0,6.119,0.881,0.0,0.0,1.0,0.8741,False,False,DRY,NORMAL,0.0,2021-01-21,SYNTHETIC
SYN_MINE_01,A,SYN_TRUCK_011,dumper,8.0,t/h,7.0,7.0,6.119,0.881,0.0,0.0,1.0,0.8741,False,False,DRY,NORMAL,0.0,2021-01-21,SYNTHETIC
SYN_MINE_01,A,SYN_TRUCK_012,dumper,8.0,t/h,7.0,7.0,6.119,0.881,0.0,0.0,1.0,0.8741,False,False,DRY,NORMAL,0.0,2021-01-21,SYNTHETIC
SYN_MINE_01,A,SYN_TRUCK_013,dumper,8.0,t/h,7.0,7.0,6.119,0.881,0.0,0.0,1.0,0.8741,False,False,DRY,NORMAL,0.0,2021-01-21,SYNTHETIC
SYN_MINE_01,A,SYN_TRUCK_014,dumper,8.0,t/h,7.0,7.0,6.119,0.881,0.0,0.0,1.0,0.8741,False,False,DRY,NORMAL,0.0,2021-01-21,SYNTHETIC
SYN_MINE_01,A,SYN_TRUCK_015,dumper,8.0,t/h,7.0,7.0,6.119,0.881,0.0,0.0,1.0,0.8741,False,False,DRY,NORMAL,0.0,2021-01-21,SYNTHETIC
SYN_MINE_01,A,SYN_TRUCK_016,dumper,8.0,t/h,7.0,0.447,0.391,0.056,6.553,0.0,0.0639,0.8741,False,True,DRY,NORMAL,0.0,2021-01-21,SYNTHETIC
SYN_MINE_01,A,SYN_TRUCK_017,dumper,8.0,t/h,7.0,7.0,6.119,0.881,0.0,0.0,1.0,0.8741,False,False,DRY,NORMAL,0.0,2021-01-21,SYNTHETIC
SYN_MINE_01,A,SYN_TRUCK_018,dumper,8.0,t/h,7.0,7.0,6.119,0.881,0.0,0.0,1.0,0.8741,False,False,DRY,NORMAL,0.0,2021-01-21,SYNTHETIC
SYN_MINE_01,A,SYN_DRILL_001,drill,8.5,m/h,7.0,7.0,7.0,0.0,0.0,0.0,1.0,1.0,False,False,DRY,NORMAL,0.0,2021-01-21,SYNTHETIC
SYN_MINE_01,A,SYN_DRILL_002,drill,8.5,m/h,7.0,7.0,7.0,0.0,0.0,0.0,1.0,1.0,False,False,DRY,NORMAL,0.0,2021-01-21,SYNTHETIC
SYN_MINE_01,B,SYN_EXC_001,excavator,49.97,t ore/h,7.0,7.0,5.412,1.588,0.0,0.0,1.0,0.7731,False,False,DRY,NORMAL,272.62,2021-01-21,SYNTHETIC
SYN_MINE_01,B,SYN_EXC_002,excavator,49.97,t ore/h,7.0,7.0,5.412,1.588,0.0,0.0,1.0,0.7731,False,False,DRY,NORMAL,272.62,2021-01-21,SYNTHETIC
SYN_MINE_01,B,SYN_TRUCK_001,dumper,8.0,t/h,7.0,7.0,5.412,1.588,0.0,0.0,1.0,0.7731,False,False,DRY,NORMAL,0.0,2021-01-21,SYNTHETIC
SYN_MINE_01,B,SYN_TRUCK_002,dumper,8.0,t/h,7.0,7.0,5.412,1.588,0.0,0.0,1.0,0.7731,False,False,DRY,NORMAL,0.0,2021-01-21,SYNTHETIC
SYN_MINE_01,B,SYN_TRUCK_003,dumper,8.0,t/h,7.0,7.0,5.412,1.588,0.0,0.0,1.0,0.7731,False,False,DRY,NORMAL,0.0,2021-01-21,SYNTHETIC
SYN_MINE_01,B,SYN_TRUCK_004,dumper,8.0,t/h,7.0,7.0,5.412,1.588,0.0,0.0,1.0,0.7731,False,False,DRY,NORMAL,0.0,2021-01-21,SYNTHETIC
SYN_MINE_01,B,SYN_TRUCK_005,dumper,8.0,t/h,7.0,7.0,5.412,1.588,0.0,0.0,1.0,0.7731,False,False,DRY,NORMAL,0.0,2021-01-21,SYNTHETIC
SYN_MINE_01,B,SYN_TRUCK_006,dumper,8.0,t/h,7.0,7.0,5.412,1.588,0.0,0.0,1.0,0.7731,False,False,DRY,NORMAL,0.0,2021-01-21,SYNTHETIC
SYN_MINE_01,B,SYN_TRUCK_007,dumper,8.0,t/h,7.0,7.0,5.412,1.588,0.0,0.0,1.0,0.7731,False,False,DRY,NORMAL,0.0,2021-01-21,SYNTHETIC
SYN_MINE_01,B,SYN_TRUCK_008,dumper,8.0,t/h,7.0,1.541,1.191,0.35,0.0,2.927,0.2202,0.7731,True,False,DRY,NORMAL,0.0,2021-01-21,SYNTHETIC
SYN_MINE_01,B,SYN_TRUCK_009,dumper,8.0,t/h,7.0,7.0,5.412,1.588,0.0,0.0,1.0,0.7731,False,False,DRY,NORMAL,0.0,2021-01-21,SYNTHETIC
SYN_MINE_01,B,SYN_TRUCK_010,dumper,8.0,t/h,7.0,7.0,5.412,1.588,0.0,0.0,1.0,0.7731,False,False,DRY,NORMAL,0.0,2021-01-21,SYNTHETIC
SYN_MINE_01,B,SYN_TRUCK_011,dumper,8.0,t/h,7.0,2.438,1.885,0.553,0.0,4.116,0.3483,0.7731,True,False,DRY,NORMAL,0.0,2021-01-21,SYNTHETIC
SYN_MINE_01,B,SYN_TRUCK_012,dumper,8.0,t/h,7.0,2.775,2.145,0.63,0.0,4.225,0.3964,0.7731,True,False,DRY,NORMAL,0.0,2021-01-21,SYNTHETIC
SYN_MINE_01,B,SYN_TRUCK_013,dumper,8.0,t/h,7.0,5.248,4.057,1.191,0.0,1.752,0.7497,0.7731,True,False,DRY,NORMAL,0.0,2021-01-21,SYNTHETIC
SYN_MINE_01,B,SYN_TRUCK_014,dumper,8.0,t/h,7.0,7.0,5.412,1.588,0.0,0.0,1.0,0.7731,False,False,DRY,NORMAL,0.0,2021-01-21,SYNTHETIC
SYN_MINE_01,B,SYN_TRUCK_015,dumper,8.0,t/h,7.0,7.0,5.412,1.588,0.0,0.0,1.0,0.7731,False,False,DRY,NORMAL,0.0,2021-01-21,SYNTHETIC
SYN_MINE_01,B,SYN_TRUCK_016,dumper,8.0,t/h,7.0,7.0,5.412,1.588,0.0,0.0,1.0,0.7731,False,False,DRY,NORMAL,0.0,2021-01-21,SYNTHETIC
SYN_MINE_01,B,SYN_TRUCK_017,dumper,8.0,t/h,7.0,7.0,5.412,1.588,0.0,0.0,1.0,0.7731,False,False,DRY,NORMAL,0.0,2021-01-21,SYNTHETIC
SYN_MINE_01,B,SYN_TRUCK_018,dumper,8.0,t/h,7.0,7.0,5.412,1.588,0.0,0.0,1.0,0.7731,False,False,DRY,NORMAL,0.0,2021-01-21,SYNTHETIC
SYN_MINE_01,B,SYN_DRILL_001,drill,8.5,m/h,7.0,7.0,7.0,0.0,0.0,0.0,1.0,1.0,False,False,DRY,NORMAL,0.0,2021-01-21,SYNTHETIC
SYN_MINE_01,B,SYN_DRILL_002,drill,8.5,m/h,7.0,7.0,7.0,0.0,0.0,0.0,1.0,1.0,False,False,DRY,NORMAL,0.0,2021-01-21,SYNTHETIC
SYN_MINE_01,C,SYN_EXC_001,excavator,49.97,t ore/h,6.0,6.0,5.737,0.263,0.0,0.0,1.0,0.9561,False,False,DRY,NORMAL,299.88,2021-01-21,SYNTHETIC
SYN_MINE_01,C,SYN_EXC_002,excavator,49.97,t ore/h,6.0,6.0,5.737,0.263,0.0,0.0,1.0,0.9561,False,False,DRY,NORMAL,299.88,2021-01-21,SYNTHETIC
SYN_MINE_01,C,SYN_TRUCK_001,dumper,8.0,t/h,6.0,6.0,5.737,0.263,0.0,0.0,1.0,0.9561,False,False,DRY,NORMAL,0.0,2021-01-21,SYNTHETIC
SYN_MINE_01,C,SYN_TRUCK_002,dumper,8.0,t/h,6.0,6.0,5.737,0.263,0.0,0.0,1.0,0.9561,False,False,DRY,NORMAL,0.0,2021-01-21,SYNTHETIC
SYN_MINE_01,C,SYN_TRUCK_003,dumper,8.0,t/h,6.0,6.0,5.737,0.263,0.0,0.0,1.0,0.9561,False,False,DRY,NORMAL,0.0,2021-01-21,SYNTHETIC
SYN_MINE_01,C,SYN_TRUCK_004,dumper,8.0,t/h,6.0,6.0,5.737,0.263,0.0,0.0,1.0,0.9561,False,False,DRY,NORMAL,0.0,2021-01-21,SYNTHETIC
SYN_MINE_01,C,SYN_TRUCK_005,dumper,8.0,t/h,6.0,6.0,5.737,0.263,0.0,0.0,1.0,0.9561,False,False,DRY,NORMAL,0.0,2021-01-21,SYNTHETIC
SYN_MINE_01,C,SYN_TRUCK_006,dumper,8.0,t/h,6.0,6.0,5.737,0.263,0.0,0.0,1.0,0.9561,False,False,DRY,NORMAL,0.0,2021-01-21,SYNTHETIC
SYN_MINE_01,C,SYN_TRUCK_007,dumper,8.0,t/h,6.0,6.0,5.737,0.263,0.0,0.0,1.0,0.9561,False,False,DRY,NORMAL,0.0,2021-01-21,SYNTHETIC
SYN_MINE_01,C,SYN_TRUCK_008,dumper,8.0,t/h,6.0,6.0,5.737,0.263,0.0,0.0,1.0,0.9561,False,False,DRY,NORMAL,0.0,2021-01-21,SYNTHETIC
SYN_MINE_01,C,SYN_TRUCK_009,dumper,8.0,t/h,6.0,6.0,5.737,0.263,0.0,0.0,1.0,0.9561,False,False,DRY,NORMAL,0.0,2021-01-21,SYNTHETIC
SYN_MINE_01,C,SYN_TRUCK_010,dumper,8.0,t/h,6.0,6.0,5.737,0.263,0.0,0.0,1.0,0.9561,False,False,DRY,NORMAL,0.0,2021-01-21,SYNTHETIC
SYN_MINE_01,C,SYN_TRUCK_011,dumper,8.0,t/h,6.0,6.0,5.737,0.263,0.0,0.0,1.0,0.9561,False,False,DRY,NORMAL,0.0,2021-01-21,SYNTHETIC
SYN_MINE_01,C,SYN_TRUCK_012,dumper,8.0,t/h,6.0,0.0,0.0,0.0,0.0,6.0,0.0,0.0,False,False,DRY,NORMAL,0.0,2021-01-21,SYNTHETIC
SYN_MINE_01,C,SYN_TRUCK_013,dumper,8.0,t/h,6.0,2.37,2.266,0.104,0.0,3.63,0.395,0.9561,False,False,DRY,NORMAL,0.0,2021-01-21,SYNTHETIC
SYN_MINE_01,C,SYN_TRUCK_014,dumper,8.0,t/h,6.0,6.0,5.737,0.263,0.0,0.0,1.0,0.9561,False,False,DRY,NORMAL,0.0,2021-01-21,SYNTHETIC
SYN_MINE_01,C,SYN_TRUCK_015,dumper,8.0,t/h,6.0,6.0,5.737,0.263,0.0,0.0,1.0,0.9561,False,False,DRY,NORMAL,0.0,2021-01-21,SYNTHETIC
SYN_MINE_01,C,SYN_TRUCK_016,dumper,8.0,t/h,6.0,6.0,5.737,0.263,0.0,0.0,1.0,0.9561,False,False,DRY,NORMAL,0.0,2021-01-21,SYNTHETIC
SYN_MINE_01,C,SYN_TRUCK_017,dumper,8.0,t/h,6.0,6.0,5.737,0.263,0.0,0.0,1.0,0.9561,False,False,DRY,NORMAL,0.0,2021-01-21,SYNTHETIC
SYN_MINE_01,C,SYN_TRUCK_018,dumper,8.0,t/h,6.0,6.0,5.737,0.263,0.0,0.0,1.0,0.9561,False,False,DRY,NORMAL,0.0,2021-01-21,SYNTHETIC
SYN_MINE_01,C,SYN_DRILL_001,drill,8.5,m/h,6.0,6.0,6.0,0.0,0.0,0.0,1.0,1.0,False,False,DRY,NORMAL,0.0,2021-01-21,SYNTHETIC
SYN_MINE_01,C,SYN_DRILL_002,drill,8.5,m/h,6.0,0.721,0.721,0.0,0.0,3.144,0.1201,1.0,True,False,DRY,NORMAL,0.0,2021-01-21,SYNTHETIC
SYN_MINE_01,A,SYN_EXC_001,excavator,49.97,t ore/h,7.0,7.0,5.79,1.21,0.0,0.0,1.0,0.8272,False,False,DRY,NORMAL,282.84,2021-01-22,SYNTHETIC
SYN_MINE_01,A,SYN_EXC_002,excavator,49.97,t ore/h,7.0,7.0,5.79,1.21,0.0,0.0,1.0,0.8272,False,False,DRY,NORMAL,282.84,2021-01-22,SYNTHETIC
SYN_MINE_01,A,SYN_TRUCK_001,dumper,8.0,t/h,7.0,7.0,5.79,1.21,0.0,0.0,1.0,0.8272,False,False,DRY,NORMAL,0.0,2021-01-22,SYNTHETIC
SYN_MINE_01,A,SYN_TRUCK_002,dumper,8.0,t/h,7.0,7.0,5.79,1.21,0.0,0.0,1.0,0.8272,False,False,DRY,NORMAL,0.0,2021-01-22,SYNTHETIC
SYN_MINE_01,A,SYN_TRUCK_003,dumper,8.0,t/h,7.0,7.0,5.79,1.21,0.0,0.0,1.0,0.8272,False,False,DRY,NORMAL,0.0,2021-01-22,SYNTHETIC
SYN_MINE_01,A,SYN_TRUCK_004,dumper,8.0,t/h,7.0,7.0,5.79,1.21,0.0,0.0,1.0,0.8272,False,False,DRY,NORMAL,0.0,2021-01-22,SYNTHETIC
SYN_MINE_01,A,SYN_TRUCK_005,dumper,8.0,t/h,7.0,7.0,5.79,1.21,0.0,0.0,1.0,0.8272,False,False,DRY,NORMAL,0.0,2021-01-22,SYNTHETIC
SYN_MINE_01,A,SYN_TRUCK_006,dumper,8.0,t/h,7.0,7.0,5.79,1.21,0.0,0.0,1.0,0.8272,False,False,DRY,NORMAL,0.0,2021-01-22,SYNTHETIC
SYN_MINE_01,A,SYN_TRUCK_007,dumper,8.0,t/h,7.0,7.0,5.79,1.21,0.0,0.0,1.0,0.8272,False,False,DRY,NORMAL,0.0,2021-01-22,SYNTHETIC
SYN_MINE_01,A,SYN_TRUCK_008,dumper,8.0,t/h,7.0,7.0,5.79,1.21,0.0,0.0,1.0,0.8272,False,False,DRY,NORMAL,0.0,2021-01-22,SYNTHETIC
SYN_MINE_01,A,SYN_TRUCK_009,dumper,8.0,t/h,7.0,7.0,5.79,1.21,0.0,0.0,1.0,0.8272,False,False,DRY,NORMAL,0.0,2021-01-22,SYNTHETIC
SYN_MINE_01,A,SYN_TRUCK_010,dumper,8.0,t/h,7.0,7.0,5.79,1.21,0.0,0.0,1.0,0.8272,False,False,DRY,NORMAL,0.0,2021-01-22,SYNTHETIC
SYN_MINE_01,A,SYN_TRUCK_011,dumper,8.0,t/h,7.0,7.0,5.79,1.21,0.0,0.0,1.0,0.8272,False,False,DRY,NORMAL,0.0,2021-01-22,SYNTHETIC
SYN_MINE_01,A,SYN_TRUCK_012,dumper,8.0,t/h,7.0,6.17,5.104,1.066,0.0,0.83,0.8814,0.8272,False,False,DRY,NORMAL,0.0,2021-01-22,SYNTHETIC
SYN_MINE_01,A,SYN_TRUCK_013,dumper,8.0,t/h,7.0,7.0,5.79,1.21,0.0,0.0,1.0,0.8272,False,False,DRY,NORMAL,0.0,2021-01-22,SYNTHETIC
SYN_MINE_01,A,SYN_TRUCK_014,dumper,8.0,t/h,7.0,7.0,5.79,1.21,0.0,0.0,1.0,0.8272,False,False,DRY,NORMAL,0.0,2021-01-22,SYNTHETIC
SYN_MINE_01,A,SYN_TRUCK_015,dumper,8.0,t/h,7.0,7.0,5.79,1.21,0.0,0.0,1.0,0.8272,False,False,DRY,NORMAL,0.0,2021-01-22,SYNTHETIC
SYN_MINE_01,A,SYN_TRUCK_016,dumper,8.0,t/h,7.0,7.0,5.79,1.21,0.0,0.0,1.0,0.8272,False,False,DRY,NORMAL,0.0,2021-01-22,SYNTHETIC
SYN_MINE_01,A,SYN_TRUCK_017,dumper,8.0,t/h,7.0,7.0,5.79,1.21,0.0,0.0,1.0,0.8272,False,False,DRY,NORMAL,0.0,2021-01-22,SYNTHETIC
SYN_MINE_01,A,SYN_TRUCK_018,dumper,8.0,t/h,7.0,7.0,5.79,1.21,0.0,0.0,1.0,0.8272,False,False,DRY,NORMAL,0.0,2021-01-22,SYNTHETIC
SYN_MINE_01,A,SYN_DRILL_001,drill,8.5,m/h,7.0,7.0,7.0,0.0,0.0,0.0,1.0,1.0,False,False,DRY,NORMAL,0.0,2021-01-22,SYNTHETIC
SYN_MINE_01,A,SYN_DRILL_002,drill,8.5,m/h,7.0,1.622,1.622,0.0,5.378,0.0,0.2317,1.0,False,True,DRY,NORMAL,0.0,2021-01-22,SYNTHETIC
SYN_MINE_01,B,SYN_EXC_001,excavator,49.97,t ore/h,7.0,7.0,6.412,0.588,0.0,0.0,1.0,0.916,False,False,DRY,NORMAL,324.2,2021-01-22,SYNTHETIC
SYN_MINE_01,B,SYN_EXC_002,excavator,49.97,t ore/h,7.0,7.0,6.412,0.588,0.0,0.0,1.0,0.916,False,False,DRY,NORMAL,324.2,2021-01-22,SYNTHETIC
SYN_MINE_01,B,SYN_TRUCK_001,dumper,8.0,t/h,7.0,7.0,6.412,0.588,0.0,0.0,1.0,0.916,False,False,DRY,NORMAL,0.0,2021-01-22,SYNTHETIC
SYN_MINE_01,B,SYN_TRUCK_002,dumper,8.0,t/h,7.0,7.0,6.412,0.588,0.0,0.0,1.0,0.916,False,False,DRY,NORMAL,0.0,2021-01-22,SYNTHETIC
SYN_MINE_01,B,SYN_TRUCK_003,dumper,8.0,t/h,7.0,7.0,6.412,0.588,0.0,0.0,1.0,0.916,False,False,DRY,NORMAL,0.0,2021-01-22,SYNTHETIC
SYN_MINE_01,B,SYN_TRUCK_004,dumper,8.0,t/h,7.0,7.0,6.412,0.588,0.0,0.0,1.0,0.916,False,False,DRY,NORMAL,0.0,2021-01-22,SYNTHETIC
SYN_MINE_01,B,SYN_TRUCK_005,dumper,8.0,t/h,7.0,7.0,6.412,0.588,0.0,0.0,1.0,0.916,False,False,DRY,NORMAL,0.0,2021-01-22,SYNTHETIC
SYN_MINE_01,B,SYN_TRUCK_006,dumper,8.0,t/h,7.0,7.0,6.412,0.588,0.0,0.0,1.0,0.916,False,False,DRY,NORMAL,0.0,2021-01-22,SYNTHETIC
SYN_MINE_01,B,SYN_TRUCK_007,dumper,8.0,t/h,7.0,7.0,6.412,0.588,0.0,0.0,1.0,0.916,False,False,DRY,NORMAL,0.0,2021-01-22,SYNTHETIC
SYN_MINE_01,B,SYN_TRUCK_008,dumper,8.0,t/h,7.0,7.0,6.412,0.588,0.0,0.0,1.0,0.916,False,False,DRY,NORMAL,0.0,2021-01-22,SYNTHETIC
SYN_MINE_01,B,SYN_TRUCK_009,dumper,8.0,t/h,7.0,7.0,6.412,0.588,0.0,0.0,1.0,0.916,False,False,DRY,NORMAL,0.0,2021-01-22,SYNTHETIC
SYN_MINE_01,B,SYN_TRUCK_010,dumper,8.0,t/h,7.0,7.0,6.412,0.588,0.0,0.0,1.0,0.916,False,False,DRY,NORMAL,0.0,2021-01-22,SYNTHETIC
SYN_MINE_01,B,SYN_TRUCK_011,dumper,8.0,t/h,7.0,7.0,6.412,0.588,0.0,0.0,1.0,0.916,False,False,DRY,NORMAL,0.0,2021-01-22,SYNTHETIC
SYN_MINE_01,B,SYN_TRUCK_012,dumper,8.0,t/h,7.0,7.0,6.412,0.588,0.0,0.0,1.0,0.916,False,False,DRY,NORMAL,0.0,2021-01-22,SYNTHETIC
SYN_MINE_01,B,SYN_TRUCK_013,dumper,8.0,t/h,7.0,7.0,6.412,0.588,0.0,0.0,1.0,0.916,False,False,DRY,NORMAL,0.0,2021-01-22,SYNTHETIC
SYN_MINE_01,B,SYN_TRUCK_014,dumper,8.0,t/h,7.0,7.0,6.412,0.588,0.0,0.0,1.0,0.916,False,False,DRY,NORMAL,0.0,2021-01-22,SYNTHETIC
SYN_MINE_01,B,SYN_TRUCK_015,dumper,8.0,t/h,7.0,7.0,6.412,0.588,0.0,0.0,1.0,0.916,False,False,DRY,NORMAL,0.0,2021-01-22,SYNTHETIC
SYN_MINE_01,B,SYN_TRUCK_016,dumper,8.0,t/h,7.0,7.0,6.412,0.588,0.0,0.0,1.0,0.916,False,False,DRY,NORMAL,0.0,2021-01-22,SYNTHETIC
SYN_MINE_01,B,SYN_TRUCK_017,dumper,8.0,t/h,7.0,7.0,6.412,0.588,0.0,0.0,1.0,0.916,False,False,DRY,NORMAL,0.0,2021-01-22,SYNTHETIC
SYN_MINE_01,B,SYN_TRUCK_018,dumper,8.0,t/h,7.0,7.0,6.412,0.588,0.0,0.0,1.0,0.916,False,False,DRY,NORMAL,0.0,2021-01-22,SYNTHETIC
SYN_MINE_01,B,SYN_DRILL_001,drill,8.5,m/h,7.0,7.0,7.0,0.0,0.0,0.0,1.0,1.0,False,False,DRY,NORMAL,0.0,2021-01-22,SYNTHETIC
SYN_MINE_01,B,SYN_DRILL_002,drill,8.5,m/h,7.0,7.0,7.0,0.0,0.0,0.0,1.0,1.0,False,False,DRY,NORMAL,0.0,2021-01-22,SYNTHETIC
SYN_MINE_01,C,SYN_EXC_001,excavator,49.97,t ore/h,6.0,6.0,5.069,0.931,0.0,0.0,1.0,0.8448,False,False,DRY,NORMAL,249.14,2021-01-22,SYNTHETIC
SYN_MINE_01,C,SYN_EXC_002,excavator,49.97,t ore/h,6.0,6.0,5.069,0.931,0.0,0.0,1.0,0.8448,False,False,DRY,NORMAL,249.14,2021-01-22,SYNTHETIC
SYN_MINE_01,C,SYN_TRUCK_001,dumper,8.0,t/h,6.0,6.0,5.069,0.931,0.0,0.0,1.0,0.8448,False,False,DRY,NORMAL,0.0,2021-01-22,SYNTHETIC
SYN_MINE_01,C,SYN_TRUCK_002,dumper,8.0,t/h,6.0,6.0,5.069,0.931,0.0,0.0,1.0,0.8448,False,False,DRY,NORMAL,0.0,2021-01-22,SYNTHETIC
SYN_MINE_01,C,SYN_TRUCK_003,dumper,8.0,t/h,6.0,6.0,5.069,0.931,0.0,0.0,1.0,0.8448,False,False,DRY,NORMAL,0.0,2021-01-22,SYNTHETIC
SYN_MINE_01,C,SYN_TRUCK_004,dumper,8.0,t/h,6.0,6.0,5.069,0.931,0.0,0.0,1.0,0.8448,False,False,DRY,NORMAL,0.0,2021-01-22,SYNTHETIC
SYN_MINE_01,C,SYN_TRUCK_005,dumper,8.0,t/h,6.0,6.0,5.069,0.931,0.0,0.0,1.0,0.8448,False,False,DRY,NORMAL,0.0,2021-01-22,SYNTHETIC
SYN_MINE_01,C,SYN_TRUCK_006,dumper,8.0,t/h,6.0,6.0,5.069,0.931,0.0,0.0,1.0,0.8448,False,False,DRY,NORMAL,0.0,2021-01-22,SYNTHETIC
SYN_MINE_01,C,SYN_TRUCK_007,dumper,8.0,t/h,6.0,6.0,5.069,0.931,0.0,0.0,1.0,0.8448,False,False,DRY,NORMAL,0.0,2021-01-22,SYNTHETIC
SYN_MINE_01,C,SYN_TRUCK_008,dumper,8.0,t/h,6.0,6.0,5.069,0.931,0.0,0.0,1.0,0.8448,False,False,DRY,NORMAL,0.0,2021-01-22,SYNTHETIC
SYN_MINE_01,C,SYN_TRUCK_009,dumper,8.0,t/h,6.0,6.0,5.069,0.931,0.0,0.0,1.0,0.8448,False,False,DRY,NORMAL,0.0,2021-01-22,SYNTHETIC
SYN_MINE_01,C,SYN_TRUCK_010,dumper,8.0,t/h,6.0,6.0,5.069,0.931,0.0,0.0,1.0,0.8448,False,False,DRY,NORMAL,0.0,2021-01-22,SYNTHETIC
SYN_MINE_01,C,SYN_TRUCK_011,dumper,8.0,t/h,6.0,6.0,5.069,0.931,0.0,0.0,1.0,0.8448,False,False,DRY,NORMAL,0.0,2021-01-22,SYNTHETIC
SYN_MINE_01,C,SYN_TRUCK_012,dumper,8.0,t/h,6.0,6.0,5.069,0.931,0.0,0.0,1.0,0.8448,False,False,DRY,NORMAL,0.0,2021-01-22,SYNTHETIC
SYN_MINE_01,C,SYN_TRUCK_013,dumper,8.0,t/h,6.0,6.0,5.069,0.931,0.0,0.0,1.0,0.8448,False,False,DRY,NORMAL,0.0,2021-01-22,SYNTHETIC
SYN_MINE_01,C,SYN_TRUCK_014,dumper,8.0,t/h,6.0,2.592,2.189,0.402,0.0,3.408,0.4319,0.8448,True,False,DRY,NORMAL,0.0,2021-01-22,SYNTHETIC
SYN_MINE_01,C,SYN_TRUCK_015,dumper,8.0,t/h,6.0,6.0,5.069,0.931,0.0,0.0,1.0,0.8448,False,False,DRY,NORMAL,0.0,2021-01-22,SYNTHETIC
SYN_MINE_01,C,SYN_TRUCK_016,dumper,8.0,t/h,6.0,3.42,2.889,0.531,0.0,2.58,0.57,0.8448,True,False,DRY,NORMAL,0.0,2021-01-22,SYNTHETIC
SYN_MINE_01,C,SYN_TRUCK_017,dumper,8.0,t/h,6.0,6.0,5.069,0.931,0.0,0.0,1.0,0.8448,False,False,DRY,NORMAL,0.0,2021-01-22,SYNTHETIC
SYN_MINE_01,C,SYN_TRUCK_018,dumper,8.0,t/h,6.0,6.0,5.069,0.931,0.0,0.0,1.0,0.8448,False,False,DRY,NORMAL,0.0,2021-01-22,SYNTHETIC
SYN_MINE_01,C,SYN_DRILL_001,drill,8.5,m/h,6.0,6.0,6.0,0.0,0.0,0.0,1.0,1.0,False,False,DRY,NORMAL,0.0,2021-01-22,SYNTHETIC
SYN_MINE_01,C,SYN_DRILL_002,drill,8.5,m/h,6.0,6.0,6.0,0.0,0.0,0.0,1.0,1.0,False,False,DRY,NORMAL,0.0,2021-01-22,SYNTHETIC
SYN_MINE_01,A,SYN_EXC_001,excavator,49.96,t ore/h,7.0,7.0,6.04,0.96,0.0,0.0,1.0,0.8629,False,False,DRY,NORMAL,288.59,2021-01-23,SYNTHETIC
SYN_MINE_01,A,SYN_EXC_002,excavator,49.96,t ore/h,7.0,7.0,6.04,0.96,0.0,0.0,1.0,0.8629,False,False,DRY,NORMAL,288.59,2021-01-23,SYNTHETIC
SYN_MINE_01,A,SYN_TRUCK_001,dumper,8.0,t/h,7.0,0.0,0.0,0.0,7.0,0.0,0.0,0.0,False,True,DRY,NORMAL,0.0,2021-01-23,SYNTHETIC
SYN_MINE_01,A,SYN_TRUCK_002,dumper,8.0,t/h,7.0,7.0,6.04,0.96,0.0,0.0,1.0,0.8629,False,False,DRY,NORMAL,0.0,2021-01-23,SYNTHETIC
SYN_MINE_01,A,SYN_TRUCK_003,dumper,8.0,t/h,7.0,7.0,6.04,0.96,0.0,0.0,1.0,0.8629,False,False,DRY,NORMAL,0.0,2021-01-23,SYNTHETIC
SYN_MINE_01,A,SYN_TRUCK_004,dumper,8.0,t/h,7.0,7.0,6.04,0.96,0.0,0.0,1.0,0.8629,False,False,DRY,NORMAL,0.0,2021-01-23,SYNTHETIC
SYN_MINE_01,A,SYN_TRUCK_005,dumper,8.0,t/h,7.0,7.0,6.04,0.96,0.0,0.0,1.0,0.8629,False,False,DRY,NORMAL,0.0,2021-01-23,SYNTHETIC
SYN_MINE_01,A,SYN_TRUCK_006,dumper,8.0,t/h,7.0,7.0,6.04,0.96,0.0,0.0,1.0,0.8629,False,False,DRY,NORMAL,0.0,2021-01-23,SYNTHETIC
SYN_MINE_01,A,SYN_TRUCK_007,dumper,8.0,t/h,7.0,7.0,6.04,0.96,0.0,0.0,1.0,0.8629,False,False,DRY,NORMAL,0.0,2021-01-23,SYNTHETIC
SYN_MINE_01,A,SYN_TRUCK_008,dumper,8.0,t/h,7.0,7.0,6.04,0.96,0.0,0.0,1.0,0.8629,False,False,DRY,NORMAL,0.0,2021-01-23,SYNTHETIC
SYN_MINE_01,A,SYN_TRUCK_009,dumper,8.0,t/h,7.0,7.0,6.04,0.96,0.0,0.0,1.0,0.8629,False,False,DRY,NORMAL,0.0,2021-01-23,SYNTHETIC
SYN_MINE_01,A,SYN_TRUCK_010,dumper,8.0,t/h,7.0,0.444,0.383,0.061,6.556,0.0,0.0634,0.8629,False,True,DRY,NORMAL,0.0,2021-01-23,SYNTHETIC
SYN_MINE_01,A,SYN_TRUCK_011,dumper,8.0,t/h,7.0,7.0,6.04,0.96,0.0,0.0,1.0,0.8629,False,False,DRY,NORMAL,0.0,2021-01-23,SYNTHETIC
SYN_MINE_01,A,SYN_TRUCK_012,dumper,8.0,t/h,7.0,7.0,6.04,0.96,0.0,0.0,1.0,0.8629,False,False,DRY,NORMAL,0.0,2021-01-23,SYNTHETIC
SYN_MINE_01,A,SYN_TRUCK_013,dumper,8.0,t/h,7.0,7.0,6.04,0.96,0.0,0.0,1.0,0.8629,False,False,DRY,NORMAL,0.0,2021-01-23,SYNTHETIC
SYN_MINE_01,A,SYN_TRUCK_014,dumper,8.0,t/h,7.0,5.547,4.787,0.761,0.0,1.453,0.7925,0.8629,False,False,DRY,NORMAL,0.0,2021-01-23,SYNTHETIC
SYN_MINE_01,A,SYN_TRUCK_015,dumper,8.0,t/h,7.0,7.0,6.04,0.96,0.0,0.0,1.0,0.8629,False,False,DRY,NORMAL,0.0,2021-01-23,SYNTHETIC
SYN_MINE_01,A,SYN_TRUCK_016,dumper,8.0,t/h,7.0,4.171,3.599,0.572,0.0,2.829,0.5958,0.8629,False,False,DRY,NORMAL,0.0,2021-01-23,SYNTHETIC
SYN_MINE_01,A,SYN_TRUCK_017,dumper,8.0,t/h,7.0,7.0,6.04,0.96,0.0,0.0,1.0,0.8629,False,False,DRY,NORMAL,0.0,2021-01-23,SYNTHETIC
SYN_MINE_01,A,SYN_TRUCK_018,dumper,8.0,t/h,7.0,7.0,6.04,0.96,0.0,0.0,1.0,0.8629,False,False,DRY,NORMAL,0.0,2021-01-23,SYNTHETIC
SYN_MINE_01,A,SYN_DRILL_001,drill,8.5,m/h,7.0,7.0,7.0,0.0,0.0,0.0,1.0,1.0,False,False,DRY,NORMAL,0.0,2021-01-23,SYNTHETIC
SYN_MINE_01,A,SYN_DRILL_002,drill,8.5,m/h,7.0,7.0,7.0,0.0,0.0,0.0,1.0,1.0,False,False,DRY,NORMAL,0.0,2021-01-23,SYNTHETIC
SYN_MINE_01,B,SYN_EXC_001,excavator,49.96,t ore/h,7.0,7.0,5.64,1.36,0.0,0.0,1.0,0.8058,False,False,DRY,NORMAL,298.2,2021-01-23,SYNTHETIC
SYN_MINE_01,B,SYN_EXC_002,excavator,49.96,t ore/h,7.0,7.0,5.64,1.36,0.0,0.0,1.0,0.8058,False,False,DRY,NORMAL,298.2,2021-01-23,SYNTHETIC
SYN_MINE_01,B,SYN_TRUCK_001,dumper,8.0,t/h,7.0,7.0,5.64,1.36,0.0,0.0,1.0,0.8058,False,False,DRY,NORMAL,0.0,2021-01-23,SYNTHETIC
SYN_MINE_01,B,SYN_TRUCK_002,dumper,8.0,t/h,7.0,7.0,5.64,1.36,0.0,0.0,1.0,0.8058,False,False,DRY,NORMAL,0.0,2021-01-23,SYNTHETIC
SYN_MINE_01,B,SYN_TRUCK_003,dumper,8.0,t/h,7.0,7.0,5.64,1.36,0.0,0.0,1.0,0.8058,False,False,DRY,NORMAL,0.0,2021-01-23,SYNTHETIC
SYN_MINE_01,B,SYN_TRUCK_004,dumper,8.0,t/h,7.0,7.0,5.64,1.36,0.0,0.0,1.0,0.8058,False,False,DRY,NORMAL,0.0,2021-01-23,SYNTHETIC
SYN_MINE_01,B,SYN_TRUCK_005,dumper,8.0,t/h,7.0,7.0,5.64,1.36,0.0,0.0,1.0,0.8058,False,False,DRY,NORMAL,0.0,2021-01-23,SYNTHETIC
SYN_MINE_01,B,SYN_TRUCK_006,dumper,8.0,t/h,7.0,7.0,5.64,1.36,0.0,0.0,1.0,0.8058,False,False,DRY,NORMAL,0.0,2021-01-23,SYNTHETIC
SYN_MINE_01,B,SYN_TRUCK_007,dumper,8.0,t/h,7.0,7.0,5.64,1.36,0.0,0.0,1.0,0.8058,False,False,DRY,NORMAL,0.0,2021-01-23,SYNTHETIC
SYN_MINE_01,B,SYN_TRUCK_008,dumper,8.0,t/h,7.0,7.0,5.64,1.36,0.0,0.0,1.0,0.8058,False,False,DRY,NORMAL,0.0,2021-01-23,SYNTHETIC
SYN_MINE_01,B,SYN_TRUCK_009,dumper,8.0,t/h,7.0,7.0,5.64,1.36,0.0,0.0,1.0,0.8058,False,False,DRY,NORMAL,0.0,2021-01-23,SYNTHETIC
SYN_MINE_01,B,SYN_TRUCK_010,dumper,8.0,t/h,7.0,7.0,5.64,1.36,0.0,0.0,1.0,0.8058,False,False,DRY,NORMAL,0.0,2021-01-23,SYNTHETIC
SYN_MINE_01,B,SYN_TRUCK_011,dumper,8.0,t/h,7.0,7.0,5.64,1.36,0.0,0.0,1.0,0.8058,False,False,DRY,NORMAL,0.0,2021-01-23,SYNTHETIC
SYN_MINE_01,B,SYN_TRUCK_012,dumper,8.0,t/h,7.0,7.0,5.64,1.36,0.0,0.0,1.0,0.8058,False,False,DRY,NORMAL,0.0,2021-01-23,SYNTHETIC
SYN_MINE_01,B,SYN_TRUCK_013,dumper,8.0,t/h,7.0,7.0,5.64,1.36,0.0,0.0,1.0,0.8058,False,False,DRY,NORMAL,0.0,2021-01-23,SYNTHETIC
SYN_MINE_01,B,SYN_TRUCK_014,dumper,8.0,t/h,7.0,2.215,1.784,0.43,0.0,3.829,0.3164,0.8058,True,False,DRY,NORMAL,0.0,2021-01-23,SYNTHETIC
SYN_MINE_01,B,SYN_TRUCK_015,dumper,8.0,t/h,7.0,7.0,5.64,1.36,0.0,0.0,1.0,0.8058,False,False,DRY,NORMAL,0.0,2021-01-23,SYNTHETIC
SYN_MINE_01,B,SYN_TRUCK_016,dumper,8.0,t/h,7.0,7.0,5.64,1.36,0.0,0.0,1.0,0.8058,False,False,DRY,NORMAL,0.0,2021-01-23,SYNTHETIC
SYN_MINE_01,B,SYN_TRUCK_017,dumper,8.0,t/h,7.0,0.385,0.31,0.075,0.0,3.697,0.0549,0.8058,True,False,DRY,NORMAL,0.0,2021-01-23,SYNTHETIC
SYN_MINE_01,B,SYN_TRUCK_018,dumper,8.0,t/h,7.0,5.942,4.788,1.154,0.0,1.058,0.8488,0.8058,True,False,DRY,NORMAL,0.0,2021-01-23,SYNTHETIC
SYN_MINE_01,B,SYN_DRILL_001,drill,8.5,m/h,7.0,7.0,7.0,0.0,0.0,0.0,1.0,1.0,False,False,DRY,NORMAL,0.0,2021-01-23,SYNTHETIC
SYN_MINE_01,B,SYN_DRILL_002,drill,8.5,m/h,7.0,7.0,7.0,0.0,0.0,0.0,1.0,1.0,False,False,DRY,NORMAL,0.0,2021-01-23,SYNTHETIC
SYN_MINE_01,C,SYN_EXC_001,excavator,49.96,t ore/h,6.0,6.0,4.692,1.308,0.0,0.0,1.0,0.7819,False,False,DRY,NORMAL,239.56,2021-01-23,SYNTHETIC
SYN_MINE_01,C,SYN_EXC_002,excavator,49.96,t ore/h,6.0,6.0,4.692,1.308,0.0,0.0,1.0,0.7819,False,False,DRY,NORMAL,239.56,2021-01-23,SYNTHETIC
SYN_MINE_01,C,SYN_TRUCK_001,dumper,8.0,t/h,6.0,1.072,0.838,0.234,0.0,4.928,0.1786,0.7819,True,False,DRY,NORMAL,0.0,2021-01-23,SYNTHETIC
SYN_MINE_01,C,SYN_TRUCK_002,dumper,8.0,t/h,6.0,6.0,4.692,1.308,0.0,0.0,1.0,0.7819,False,False,DRY,NORMAL,0.0,2021-01-23,SYNTHETIC
SYN_MINE_01,C,SYN_TRUCK_003,dumper,8.0,t/h,6.0,6.0,4.692,1.308,0.0,0.0,1.0,0.7819,False,False,DRY,NORMAL,0.0,2021-01-23,SYNTHETIC
SYN_MINE_01,C,SYN_TRUCK_004,dumper,8.0,t/h,6.0,6.0,4.692,1.308,0.0,0.0,1.0,0.7819,False,False,DRY,NORMAL,0.0,2021-01-23,SYNTHETIC
SYN_MINE_01,C,SYN_TRUCK_005,dumper,8.0,t/h,6.0,6.0,4.692,1.308,0.0,0.0,1.0,0.7819,False,False,DRY,NORMAL,0.0,2021-01-23,SYNTHETIC
SYN_MINE_01,C,SYN_TRUCK_006,dumper,8.0,t/h,6.0,6.0,4.692,1.308,0.0,0.0,1.0,0.7819,False,False,DRY,NORMAL,0.0,2021-01-23,SYNTHETIC
SYN_MINE_01,C,SYN_TRUCK_007,dumper,8.0,t/h,6.0,6.0,4.692,1.308,0.0,0.0,1.0,0.7819,False,False,DRY,NORMAL,0.0,2021-01-23,SYNTHETIC
SYN_MINE_01,C,SYN_TRUCK_008,dumper,8.0,t/h,6.0,6.0,4.692,1.308,0.0,0.0,1.0,0.7819,False,False,DRY,NORMAL,0.0,2021-01-23,SYNTHETIC
SYN_MINE_01,C,SYN_TRUCK_009,dumper,8.0,t/h,6.0,6.0,4.692,1.308,0.0,0.0,1.0,0.7819,False,False,DRY,NORMAL,0.0,2021-01-23,SYNTHETIC
SYN_MINE_01,C,SYN_TRUCK_010,dumper,8.0,t/h,6.0,6.0,4.692,1.308,0.0,0.0,1.0,0.7819,False,False,DRY,NORMAL,0.0,2021-01-23,SYNTHETIC
SYN_MINE_01,C,SYN_TRUCK_011,dumper,8.0,t/h,6.0,6.0,4.692,1.308,0.0,0.0,1.0,0.7819,False,False,DRY,NORMAL,0.0,2021-01-23,SYNTHETIC
SYN_MINE_01,C,SYN_TRUCK_012,dumper,8.0,t/h,6.0,6.0,4.692,1.308,0.0,0.0,1.0,0.7819,False,False,DRY,NORMAL,0.0,2021-01-23,SYNTHETIC
SYN_MINE_01,C,SYN_TRUCK_013,dumper,8.0,t/h,6.0,6.0,4.692,1.308,0.0,0.0,1.0,0.7819,False,False,DRY,NORMAL,0.0,2021-01-23,SYNTHETIC
SYN_MINE_01,C,SYN_TRUCK_014,dumper,8.0,t/h,6.0,6.0,4.692,1.308,0.0,0.0,1.0,0.7819,False,False,DRY,NORMAL,0.0,2021-01-23,SYNTHETIC
SYN_MINE_01,C,SYN_TRUCK_015,dumper,8.0,t/h,6.0,6.0,4.692,1.308,0.0,0.0,1.0,0.7819,False,False,DRY,NORMAL,0.0,2021-01-23,SYNTHETIC
SYN_MINE_01,C,SYN_TRUCK_016,dumper,8.0,t/h,6.0,6.0,4.692,1.308,0.0,0.0,1.0,0.7819,False,False,DRY,NORMAL,0.0,2021-01-23,SYNTHETIC
SYN_MINE_01,C,SYN_TRUCK_017,dumper,8.0,t/h,6.0,2.635,2.06,0.575,0.0,3.365,0.4392,0.7819,True,False,DRY,NORMAL,0.0,2021-01-23,SYNTHETIC
SYN_MINE_01,C,SYN_TRUCK_018,dumper,8.0,t/h,6.0,0.0,0.0,0.0,0.0,6.0,0.0,0.0,False,False,DRY,NORMAL,0.0,2021-01-23,SYNTHETIC
SYN_MINE_01,C,SYN_DRILL_001,drill,8.5,m/h,6.0,6.0,6.0,0.0,0.0,0.0,1.0,1.0,False,False,DRY,NORMAL,0.0,2021-01-23,SYNTHETIC
SYN_MINE_01,C,SYN_DRILL_002,drill,8.5,m/h,6.0,6.0,6.0,0.0,0.0,0.0,1.0,1.0,False,False,DRY,NORMAL,0.0,2021-01-23,SYNTHETIC
SYN_MINE_01,A,SYN_EXC_001,excavator,49.96,t ore/h,7.0,1.565,1.14,0.425,0.0,2.602,0.2236,0.7282,True,False,DRY,NORMAL,54.29,2021-01-24,SYNTHETIC
SYN_MINE_01,A,SYN_EXC_002,excavator,49.96,t ore/h,7.0,7.0,5.098,1.902,0.0,0.0,1.0,0.7282,False,False,DRY,NORMAL,242.83,2021-01-24,SYNTHETIC
SYN_MINE_01,A,SYN_TRUCK_001,dumper,8.0,t/h,7.0,2.281,1.661,0.62,0.0,4.719,0.3258,0.7282,False,False,DRY,NORMAL,0.0,2021-01-24,SYNTHETIC
SYN_MINE_01,A,SYN_TRUCK_002,dumper,8.0,t/h,7.0,7.0,5.098,1.902,0.0,0.0,1.0,0.7282,False,False,DRY,NORMAL,0.0,2021-01-24,SYNTHETIC
SYN_MINE_01,A,SYN_TRUCK_003,dumper,8.0,t/h,7.0,7.0,5.098,1.902,0.0,0.0,1.0,0.7282,False,False,DRY,NORMAL,0.0,2021-01-24,SYNTHETIC
SYN_MINE_01,A,SYN_TRUCK_004,dumper,8.0,t/h,7.0,7.0,5.098,1.902,0.0,0.0,1.0,0.7282,False,False,DRY,NORMAL,0.0,2021-01-24,SYNTHETIC
SYN_MINE_01,A,SYN_TRUCK_005,dumper,8.0,t/h,7.0,7.0,5.098,1.902,0.0,0.0,1.0,0.7282,False,False,DRY,NORMAL,0.0,2021-01-24,SYNTHETIC
SYN_MINE_01,A,SYN_TRUCK_006,dumper,8.0,t/h,7.0,6.475,4.715,1.76,0.0,0.525,0.925,0.7282,True,False,DRY,NORMAL,0.0,2021-01-24,SYNTHETIC
SYN_MINE_01,A,SYN_TRUCK_007,dumper,8.0,t/h,7.0,5.341,3.89,1.451,0.0,1.659,0.763,0.7282,True,False,DRY,NORMAL,0.0,2021-01-24,SYNTHETIC
SYN_MINE_01,A,SYN_TRUCK_008,dumper,8.0,t/h,7.0,7.0,5.098,1.902,0.0,0.0,1.0,0.7282,False,False,DRY,NORMAL,0.0,2021-01-24,SYNTHETIC
SYN_MINE_01,A,SYN_TRUCK_009,dumper,8.0,t/h,7.0,7.0,5.098,1.902,0.0,0.0,1.0,0.7282,False,False,DRY,NORMAL,0.0,2021-01-24,SYNTHETIC
SYN_MINE_01,A,SYN_TRUCK_010,dumper,8.0,t/h,7.0,7.0,5.098,1.902,0.0,0.0,1.0,0.7282,False,False,DRY,NORMAL,0.0,2021-01-24,SYNTHETIC
SYN_MINE_01,A,SYN_TRUCK_011,dumper,8.0,t/h,7.0,7.0,5.098,1.902,0.0,0.0,1.0,0.7282,False,False,DRY,NORMAL,0.0,2021-01-24,SYNTHETIC
SYN_MINE_01,A,SYN_TRUCK_012,dumper,8.0,t/h,7.0,7.0,5.098,1.902,0.0,0.0,1.0,0.7282,False,False,DRY,NORMAL,0.0,2021-01-24,SYNTHETIC
SYN_MINE_01,A,SYN_TRUCK_013,dumper,8.0,t/h,7.0,7.0,5.098,1.902,0.0,0.0,1.0,0.7282,False,False,DRY,NORMAL,0.0,2021-01-24,SYNTHETIC
SYN_MINE_01,A,SYN_TRUCK_014,dumper,8.0,t/h,7.0,7.0,5.098,1.902,0.0,0.0,1.0,0.7282,False,False,DRY,NORMAL,0.0,2021-01-24,SYNTHETIC
SYN_MINE_01,A,SYN_TRUCK_015,dumper,8.0,t/h,7.0,7.0,5.098,1.902,0.0,0.0,1.0,0.7282,False,False,DRY,NORMAL,0.0,2021-01-24,SYNTHETIC
SYN_MINE_01,A,SYN_TRUCK_016,dumper,8.0,t/h,7.0,7.0,5.098,1.902,0.0,0.0,1.0,0.7282,False,False,DRY,NORMAL,0.0,2021-01-24,SYNTHETIC
SYN_MINE_01,A,SYN_TRUCK_017,dumper,8.0,t/h,7.0,3.133,2.282,0.851,0.0,3.867,0.4476,0.7282,False,False,DRY,NORMAL,0.0,2021-01-24,SYNTHETIC
SYN_MINE_01,A,SYN_TRUCK_018,dumper,8.0,t/h,7.0,6.156,4.483,1.673,0.0,0.844,0.8795,0.7282,False,False,DRY,NORMAL,0.0,2021-01-24,SYNTHETIC
SYN_MINE_01,A,SYN_DRILL_001,drill,8.5,m/h,7.0,5.108,5.108,0.0,0.0,1.303,0.7298,1.0,True,False,DRY,NORMAL,0.0,2021-01-24,SYNTHETIC
SYN_MINE_01,A,SYN_DRILL_002,drill,8.5,m/h,7.0,7.0,7.0,0.0,0.0,0.0,1.0,1.0,False,False,DRY,NORMAL,0.0,2021-01-24,SYNTHETIC
SYN_MINE_01,B,SYN_EXC_001,excavator,49.96,t ore/h,7.0,7.0,4.812,2.188,0.0,0.0,1.0,0.6874,False,False,DRY,NORMAL,260.45,2021-01-24,SYNTHETIC
SYN_MINE_01,B,SYN_EXC_002,excavator,49.96,t ore/h,7.0,7.0,4.812,2.188,0.0,0.0,1.0,0.6874,False,False,DRY,NORMAL,260.45,2021-01-24,SYNTHETIC
SYN_MINE_01,B,SYN_TRUCK_001,dumper,8.0,t/h,7.0,7.0,4.812,2.188,0.0,0.0,1.0,0.6874,False,False,DRY,NORMAL,0.0,2021-01-24,SYNTHETIC
SYN_MINE_01,B,SYN_TRUCK_002,dumper,8.0,t/h,7.0,7.0,4.812,2.188,0.0,0.0,1.0,0.6874,False,False,DRY,NORMAL,0.0,2021-01-24,SYNTHETIC
SYN_MINE_01,B,SYN_TRUCK_003,dumper,8.0,t/h,7.0,7.0,4.812,2.188,0.0,0.0,1.0,0.6874,False,False,DRY,NORMAL,0.0,2021-01-24,SYNTHETIC
SYN_MINE_01,B,SYN_TRUCK_004,dumper,8.0,t/h,7.0,7.0,4.812,2.188,0.0,0.0,1.0,0.6874,False,False,DRY,NORMAL,0.0,2021-01-24,SYNTHETIC
SYN_MINE_01,B,SYN_TRUCK_005,dumper,8.0,t/h,7.0,7.0,4.812,2.188,0.0,0.0,1.0,0.6874,False,False,DRY,NORMAL,0.0,2021-01-24,SYNTHETIC
SYN_MINE_01,B,SYN_TRUCK_006,dumper,8.0,t/h,7.0,4.863,3.343,1.52,0.0,2.137,0.6947,0.6874,False,False,DRY,NORMAL,0.0,2021-01-24,SYNTHETIC
SYN_MINE_01,B,SYN_TRUCK_007,dumper,8.0,t/h,7.0,4.341,2.984,1.357,0.0,2.659,0.6201,0.6874,False,False,DRY,NORMAL,0.0,2021-01-24,SYNTHETIC
SYN_MINE_01,B,SYN_TRUCK_008,dumper,8.0,t/h,7.0,7.0,4.812,2.188,0.0,0.0,1.0,0.6874,False,False,DRY,NORMAL,0.0,2021-01-24,SYNTHETIC
SYN_MINE_01,B,SYN_TRUCK_009,dumper,8.0,t/h,7.0,7.0,4.812,2.188,0.0,0.0,1.0,0.6874,False,False,DRY,NORMAL,0.0,2021-01-24,SYNTHETIC
SYN_MINE_01,B,SYN_TRUCK_010,dumper,8.0,t/h,7.0,7.0,4.812,2.188,0.0,0.0,1.0,0.6874,False,False,DRY,NORMAL,0.0,2021-01-24,SYNTHETIC
SYN_MINE_01,B,SYN_TRUCK_011,dumper,8.0,t/h,7.0,7.0,4.812,2.188,0.0,0.0,1.0,0.6874,False,False,DRY,NORMAL,0.0,2021-01-24,SYNTHETIC
SYN_MINE_01,B,SYN_TRUCK_012,dumper,8.0,t/h,7.0,7.0,4.812,2.188,0.0,0.0,1.0,0.6874,False,False,DRY,NORMAL,0.0,2021-01-24,SYNTHETIC
SYN_MINE_01,B,SYN_TRUCK_013,dumper,8.0,t/h,7.0,7.0,4.812,2.188,0.0,0.0,1.0,0.6874,False,False,DRY,NORMAL,0.0,2021-01-24,SYNTHETIC
SYN_MINE_01,B,SYN_TRUCK_014,dumper,8.0,t/h,7.0,7.0,4.812,2.188,0.0,0.0,1.0,0.6874,False,False,DRY,NORMAL,0.0,2021-01-24,SYNTHETIC
SYN_MINE_01,B,SYN_TRUCK_015,dumper,8.0,t/h,7.0,7.0,4.812,2.188,0.0,0.0,1.0,0.6874,False,False,DRY,NORMAL,0.0,2021-01-24,SYNTHETIC
SYN_MINE_01,B,SYN_TRUCK_016,dumper,8.0,t/h,7.0,7.0,4.812,2.188,0.0,0.0,1.0,0.6874,False,False,DRY,NORMAL,0.0,2021-01-24,SYNTHETIC
SYN_MINE_01,B,SYN_TRUCK_017,dumper,8.0,t/h,7.0,7.0,4.812,2.188,0.0,0.0,1.0,0.6874,False,False,DRY,NORMAL,0.0,2021-01-24,SYNTHETIC
SYN_MINE_01,B,SYN_TRUCK_018,dumper,8.0,t/h,7.0,7.0,4.812,2.188,0.0,0.0,1.0,0.6874,False,False,DRY,NORMAL,0.0,2021-01-24,SYNTHETIC
SYN_MINE_01,B,SYN_DRILL_001,drill,8.5,m/h,7.0,7.0,7.0,0.0,0.0,0.0,1.0,1.0,False,False,DRY,NORMAL,0.0,2021-01-24,SYNTHETIC
SYN_MINE_01,B,SYN_DRILL_002,drill,8.5,m/h,7.0,7.0,7.0,0.0,0.0,0.0,1.0,1.0,False,False,DRY,NORMAL,0.0,2021-01-24,SYNTHETIC
SYN_MINE_01,C,SYN_EXC_001,excavator,49.96,t ore/h,6.0,6.0,4.417,1.583,0.0,0.0,1.0,0.7362,False,False,DRY,NORMAL,236.2,2021-01-24,SYNTHETIC
SYN_MINE_01,C,SYN_EXC_002,excavator,49.96,t ore/h,6.0,6.0,4.417,1.583,0.0,0.0,1.0,0.7362,False,False,DRY,NORMAL,236.2,2021-01-24,SYNTHETIC
SYN_MINE_01,C,SYN_TRUCK_001,dumper,8.0,t/h,6.0,6.0,4.417,1.583,0.0,0.0,1.0,0.7362,False,False,DRY,NORMAL,0.0,2021-01-24,SYNTHETIC
SYN_MINE_01,C,SYN_TRUCK_002,dumper,8.0,t/h,6.0,6.0,4.417,1.583,0.0,0.0,1.0,0.7362,False,False,DRY,NORMAL,0.0,2021-01-24,SYNTHETIC
SYN_MINE_01,C,SYN_TRUCK_003,dumper,8.0,t/h,6.0,6.0,4.417,1.583,0.0,0.0,1.0,0.7362,False,False,DRY,NORMAL,0.0,2021-01-24,SYNTHETIC
SYN_MINE_01,C,SYN_TRUCK_004,dumper,8.0,t/h,6.0,6.0,4.417,1.583,0.0,0.0,1.0,0.7362,False,False,DRY,NORMAL,0.0,2021-01-24,SYNTHETIC
SYN_MINE_01,C,SYN_TRUCK_005,dumper,8.0,t/h,6.0,6.0,4.417,1.583,0.0,0.0,1.0,0.7362,False,False,DRY,NORMAL,0.0,2021-01-24,SYNTHETIC
SYN_MINE_01,C,SYN_TRUCK_006,dumper,8.0,t/h,6.0,6.0,4.417,1.583,0.0,0.0,1.0,0.7362,False,False,DRY,NORMAL,0.0,2021-01-24,SYNTHETIC
SYN_MINE_01,C,SYN_TRUCK_007,dumper,8.0,t/h,6.0,6.0,4.417,1.583,0.0,0.0,1.0,0.7362,False,False,DRY,NORMAL,0.0,2021-01-24,SYNTHETIC
SYN_MINE_01,C,SYN_TRUCK_008,dumper,8.0,t/h,6.0,6.0,4.417,1.583,0.0,0.0,1.0,0.7362,False,False,DRY,NORMAL,0.0,2021-01-24,SYNTHETIC
SYN_MINE_01,C,SYN_TRUCK_009,dumper,8.0,t/h,6.0,6.0,4.417,1.583,0.0,0.0,1.0,0.7362,False,False,DRY,NORMAL,0.0,2021-01-24,SYNTHETIC
SYN_MINE_01,C,SYN_TRUCK_010,dumper,8.0,t/h,6.0,6.0,4.417,1.583,0.0,0.0,1.0,0.7362,False,False,DRY,NORMAL,0.0,2021-01-24,SYNTHETIC
SYN_MINE_01,C,SYN_TRUCK_011,dumper,8.0,t/h,6.0,6.0,4.417,1.583,0.0,0.0,1.0,0.7362,False,False,DRY,NORMAL,0.0,2021-01-24,SYNTHETIC
SYN_MINE_01,C,SYN_TRUCK_012,dumper,8.0,t/h,6.0,6.0,4.417,1.583,0.0,0.0,1.0,0.7362,False,False,DRY,NORMAL,0.0,2021-01-24,SYNTHETIC
SYN_MINE_01,C,SYN_TRUCK_013,dumper,8.0,t/h,6.0,6.0,4.417,1.583,0.0,0.0,1.0,0.7362,False,False,DRY,NORMAL,0.0,2021-01-24,SYNTHETIC
SYN_MINE_01,C,SYN_TRUCK_014,dumper,8.0,t/h,6.0,6.0,4.417,1.583,0.0,0.0,1.0,0.7362,False,False,DRY,NORMAL,0.0,2021-01-24,SYNTHETIC
SYN_MINE_01,C,SYN_TRUCK_015,dumper,8.0,t/h,6.0,6.0,4.417,1.583,0.0,0.0,1.0,0.7362,False,False,DRY,NORMAL,0.0,2021-01-24,SYNTHETIC
SYN_MINE_01,C,SYN_TRUCK_016,dumper,8.0,t/h,6.0,6.0,4.417,1.583,0.0,0.0,1.0,0.7362,False,False,DRY,NORMAL,0.0,2021-01-24,SYNTHETIC
SYN_MINE_01,C,SYN_TRUCK_017,dumper,8.0,t/h,6.0,6.0,4.417,1.583,0.0,0.0,1.0,0.7362,False,False,DRY,NORMAL,0.0,2021-01-24,SYNTHETIC
SYN_MINE_01,C,SYN_TRUCK_018,dumper,8.0,t/h,6.0,6.0,4.417,1.583,0.0,0.0,1.0,0.7362,False,False,DRY,NORMAL,0.0,2021-01-24,SYNTHETIC
SYN_MINE_01,C,SYN_DRILL_001,drill,8.5,m/h,6.0,6.0,6.0,0.0,0.0,0.0,1.0,1.0,False,False,DRY,NORMAL,0.0,2021-01-24,SYNTHETIC
SYN_MINE_01,C,SYN_DRILL_002,drill,8.5,m/h,6.0,6.0,6.0,0.0,0.0,0.0,1.0,1.0,False,False,DRY,NORMAL,0.0,2021-01-24,SYNTHETIC
SYN_MINE_01,A,SYN_EXC_001,excavator,49.96,t ore/h,7.0,7.0,5.305,1.695,0.0,0.0,1.0,0.7579,False,False,DRY,NORMAL,251.98,2021-01-25,SYNTHETIC
SYN_MINE_01,A,SYN_EXC_002,excavator,49.96,t ore/h,7.0,7.0,5.305,1.695,0.0,0.0,1.0,0.7579,False,False,DRY,NORMAL,251.98,2021-01-25,SYNTHETIC
SYN_MINE_01,A,SYN_TRUCK_001,dumper,8.0,t/h,7.0,7.0,5.305,1.695,0.0,0.0,1.0,0.7579,False,False,DRY,NORMAL,0.0,2021-01-25,SYNTHETIC
SYN_MINE_01,A,SYN_TRUCK_002,dumper,8.0,t/h,7.0,7.0,5.305,1.695,0.0,0.0,1.0,0.7579,False,False,DRY,NORMAL,0.0,2021-01-25,SYNTHETIC
SYN_MINE_01,A,SYN_TRUCK_003,dumper,8.0,t/h,7.0,7.0,5.305,1.695,0.0,0.0,1.0,0.7579,False,False,DRY,NORMAL,0.0,2021-01-25,SYNTHETIC
SYN_MINE_01,A,SYN_TRUCK_004,dumper,8.0,t/h,7.0,7.0,5.305,1.695,0.0,0.0,1.0,0.7579,False,False,DRY,NORMAL,0.0,2021-01-25,SYNTHETIC
SYN_MINE_01,A,SYN_TRUCK_005,dumper,8.0,t/h,7.0,3.606,2.733,0.873,0.0,3.394,0.5151,0.7579,True,False,DRY,NORMAL,0.0,2021-01-25,SYNTHETIC
SYN_MINE_01,A,SYN_TRUCK_006,dumper,8.0,t/h,7.0,7.0,5.305,1.695,0.0,0.0,1.0,0.7579,False,False,DRY,NORMAL,0.0,2021-01-25,SYNTHETIC
SYN_MINE_01,A,SYN_TRUCK_007,dumper,8.0,t/h,7.0,7.0,5.305,1.695,0.0,0.0,1.0,0.7579,False,False,DRY,NORMAL,0.0,2021-01-25,SYNTHETIC
SYN_MINE_01,A,SYN_TRUCK_008,dumper,8.0,t/h,7.0,7.0,5.305,1.695,0.0,0.0,1.0,0.7579,False,False,DRY,NORMAL,0.0,2021-01-25,SYNTHETIC
SYN_MINE_01,A,SYN_TRUCK_009,dumper,8.0,t/h,7.0,7.0,5.305,1.695,0.0,0.0,1.0,0.7579,False,False,DRY,NORMAL,0.0,2021-01-25,SYNTHETIC
SYN_MINE_01,A,SYN_TRUCK_010,dumper,8.0,t/h,7.0,4.21,3.19,1.019,0.0,2.79,0.6014,0.7579,True,False,DRY,NORMAL,0.0,2021-01-25,SYNTHETIC
SYN_MINE_01,A,SYN_TRUCK_011,dumper,8.0,t/h,7.0,7.0,5.305,1.695,0.0,0.0,1.0,0.7579,False,False,DRY,NORMAL,0.0,2021-01-25,SYNTHETIC
SYN_MINE_01,A,SYN_TRUCK_012,dumper,8.0,t/h,7.0,7.0,5.305,1.695,0.0,0.0,1.0,0.7579,False,False,DRY,NORMAL,0.0,2021-01-25,SYNTHETIC
SYN_MINE_01,A,SYN_TRUCK_013,dumper,8.0,t/h,7.0,7.0,5.305,1.695,0.0,0.0,1.0,0.7579,False,False,DRY,NORMAL,0.0,2021-01-25,SYNTHETIC
SYN_MINE_01,A,SYN_TRUCK_014,dumper,8.0,t/h,7.0,7.0,5.305,1.695,0.0,0.0,1.0,0.7579,False,False,DRY,NORMAL,0.0,2021-01-25,SYNTHETIC
SYN_MINE_01,A,SYN_TRUCK_015,dumper,8.0,t/h,7.0,7.0,5.305,1.695,0.0,0.0,1.0,0.7579,False,False,DRY,NORMAL,0.0,2021-01-25,SYNTHETIC
SYN_MINE_01,A,SYN_TRUCK_016,dumper,8.0,t/h,7.0,3.115,2.361,0.754,0.0,3.885,0.4449,0.7579,True,False,DRY,NORMAL,0.0,2021-01-25,SYNTHETIC
SYN_MINE_01,A,SYN_TRUCK_017,dumper,8.0,t/h,7.0,7.0,5.305,1.695,0.0,0.0,1.0,0.7579,False,False,DRY,NORMAL,0.0,2021-01-25,SYNTHETIC
SYN_MINE_01,A,SYN_TRUCK_018,dumper,8.0,t/h,7.0,7.0,5.305,1.695,0.0,0.0,1.0,0.7579,False,False,DRY,NORMAL,0.0,2021-01-25,SYNTHETIC
SYN_MINE_01,A,SYN_DRILL_001,drill,8.5,m/h,7.0,7.0,5.952,1.048,0.0,0.0,1.0,0.8503,False,False,DRY,NORMAL,0.0,2021-01-25,SYNTHETIC
SYN_MINE_01,A,SYN_DRILL_002,drill,8.5,m/h,7.0,3.168,2.694,0.474,0.0,3.832,0.4525,0.8503,True,False,DRY,NORMAL,0.0,2021-01-25,SYNTHETIC
SYN_MINE_01,B,SYN_EXC_001,excavator,49.96,t ore/h,7.0,7.0,5.001,1.999,0.0,0.0,1.0,0.7144,False,False,DRY,NORMAL,250.99,2021-01-25,SYNTHETIC
SYN_MINE_01,B,SYN_EXC_002,excavator,49.96,t ore/h,7.0,7.0,5.001,1.999,0.0,0.0,1.0,0.7144,False,False,DRY,NORMAL,250.99,2021-01-25,SYNTHETIC
SYN_MINE_01,B,SYN_TRUCK_001,dumper,8.0,t/h,7.0,7.0,5.001,1.999,0.0,0.0,1.0,0.7144,False,False,DRY,NORMAL,0.0,2021-01-25,SYNTHETIC
SYN_MINE_01,B,SYN_TRUCK_002,dumper,8.0,t/h,7.0,6.618,4.728,1.89,0.0,0.382,0.9454,0.7144,True,False,DRY,NORMAL,0.0,2021-01-25,SYNTHETIC
SYN_MINE_01,B,SYN_TRUCK_003,dumper,8.0,t/h,7.0,7.0,5.001,1.999,0.0,0.0,1.0,0.7144,False,False,DRY,NORMAL,0.0,2021-01-25,SYNTHETIC
SYN_MINE_01,B,SYN_TRUCK_004,dumper,8.0,t/h,7.0,7.0,5.001,1.999,0.0,0.0,1.0,0.7144,False,False,DRY,NORMAL,0.0,2021-01-25,SYNTHETIC
SYN_MINE_01,B,SYN_TRUCK_005,dumper,8.0,t/h,7.0,6.887,4.92,1.967,0.0,0.113,0.9839,0.7144,False,False,DRY,NORMAL,0.0,2021-01-25,SYNTHETIC
SYN_MINE_01,B,SYN_TRUCK_006,dumper,8.0,t/h,7.0,7.0,5.001,1.999,0.0,0.0,1.0,0.7144,False,False,DRY,NORMAL,0.0,2021-01-25,SYNTHETIC
SYN_MINE_01,B,SYN_TRUCK_007,dumper,8.0,t/h,7.0,7.0,5.001,1.999,0.0,0.0,1.0,0.7144,False,False,DRY,NORMAL,0.0,2021-01-25,SYNTHETIC
SYN_MINE_01,B,SYN_TRUCK_008,dumper,8.0,t/h,7.0,7.0,5.001,1.999,0.0,0.0,1.0,0.7144,False,False,DRY,NORMAL,0.0,2021-01-25,SYNTHETIC
SYN_MINE_01,B,SYN_TRUCK_009,dumper,8.0,t/h,7.0,7.0,5.001,1.999,0.0,0.0,1.0,0.7144,False,False,DRY,NORMAL,0.0,2021-01-25,SYNTHETIC
SYN_MINE_01,B,SYN_TRUCK_010,dumper,8.0,t/h,7.0,3.41,2.436,0.974,0.0,3.59,0.4871,0.7144,False,False,DRY,NORMAL,0.0,2021-01-25,SYNTHETIC
SYN_MINE_01,B,SYN_TRUCK_011,dumper,8.0,t/h,7.0,7.0,5.001,1.999,0.0,0.0,1.0,0.7144,False,False,DRY,NORMAL,0.0,2021-01-25,SYNTHETIC
SYN_MINE_01,B,SYN_TRUCK_012,dumper,8.0,t/h,7.0,7.0,5.001,1.999,0.0,0.0,1.0,0.7144,False,False,DRY,NORMAL,0.0,2021-01-25,SYNTHETIC
SYN_MINE_01,B,SYN_TRUCK_013,dumper,8.0,t/h,7.0,7.0,5.001,1.999,0.0,0.0,1.0,0.7144,False,False,DRY,NORMAL,0.0,2021-01-25,SYNTHETIC
SYN_MINE_01,B,SYN_TRUCK_014,dumper,8.0,t/h,7.0,7.0,5.001,1.999,0.0,0.0,1.0,0.7144,False,False,DRY,NORMAL,0.0,2021-01-25,SYNTHETIC
SYN_MINE_01,B,SYN_TRUCK_015,dumper,8.0,t/h,7.0,7.0,5.001,1.999,0.0,0.0,1.0,0.7144,False,False,DRY,NORMAL,0.0,2021-01-25,SYNTHETIC
SYN_MINE_01,B,SYN_TRUCK_016,dumper,8.0,t/h,7.0,2.755,1.969,0.787,0.0,4.245,0.3936,0.7144,False,False,DRY,NORMAL,0.0,2021-01-25,SYNTHETIC
SYN_MINE_01,B,SYN_TRUCK_017,dumper,8.0,t/h,7.0,7.0,5.001,1.999,0.0,0.0,1.0,0.7144,False,False,DRY,NORMAL,0.0,2021-01-25,SYNTHETIC
SYN_MINE_01,B,SYN_TRUCK_018,dumper,8.0,t/h,7.0,7.0,5.001,1.999,0.0,0.0,1.0,0.7144,False,False,DRY,NORMAL,0.0,2021-01-25,SYNTHETIC
SYN_MINE_01,B,SYN_DRILL_001,drill,8.5,m/h,7.0,7.0,5.952,1.048,0.0,0.0,1.0,0.8503,False,False,DRY,NORMAL,0.0,2021-01-25,SYNTHETIC
SYN_MINE_01,B,SYN_DRILL_002,drill,8.5,m/h,7.0,0.0,0.0,0.0,0.0,7.0,0.0,0.0,False,False,DRY,NORMAL,0.0,2021-01-25,SYNTHETIC
SYN_MINE_01,C,SYN_EXC_001,excavator,49.96,t ore/h,6.0,6.0,3.926,2.074,0.0,0.0,1.0,0.6543,False,False,DRY,NORMAL,191.47,2021-01-25,SYNTHETIC
SYN_MINE_01,C,SYN_EXC_002,excavator,49.96,t ore/h,6.0,6.0,3.926,2.074,0.0,0.0,1.0,0.6543,False,False,DRY,NORMAL,191.47,2021-01-25,SYNTHETIC
SYN_MINE_01,C,SYN_TRUCK_001,dumper,8.0,t/h,6.0,6.0,3.926,2.074,0.0,0.0,1.0,0.6543,False,False,DRY,NORMAL,0.0,2021-01-25,SYNTHETIC
SYN_MINE_01,C,SYN_TRUCK_002,dumper,8.0,t/h,6.0,0.0,0.0,0.0,0.0,6.0,0.0,0.0,False,False,DRY,NORMAL,0.0,2021-01-25,SYNTHETIC
SYN_MINE_01,C,SYN_TRUCK_003,dumper,8.0,t/h,6.0,6.0,3.926,2.074,0.0,0.0,1.0,0.6543,False,False,DRY,NORMAL,0.0,2021-01-25,SYNTHETIC
SYN_MINE_01,C,SYN_TRUCK_004,dumper,8.0,t/h,6.0,6.0,3.926,2.074,0.0,0.0,1.0,0.6543,False,False,DRY,NORMAL,0.0,2021-01-25,SYNTHETIC
SYN_MINE_01,C,SYN_TRUCK_005,dumper,8.0,t/h,6.0,6.0,3.926,2.074,0.0,0.0,1.0,0.6543,False,False,DRY,NORMAL,0.0,2021-01-25,SYNTHETIC
SYN_MINE_01,C,SYN_TRUCK_006,dumper,8.0,t/h,6.0,6.0,3.926,2.074,0.0,0.0,1.0,0.6543,False,False,DRY,NORMAL,0.0,2021-01-25,SYNTHETIC
SYN_MINE_01,C,SYN_TRUCK_007,dumper,8.0,t/h,6.0,6.0,3.926,2.074,0.0,0.0,1.0,0.6543,False,False,DRY,NORMAL,0.0,2021-01-25,SYNTHETIC
SYN_MINE_01,C,SYN_TRUCK_008,dumper,8.0,t/h,6.0,6.0,3.926,2.074,0.0,0.0,1.0,0.6543,False,False,DRY,NORMAL,0.0,2021-01-25,SYNTHETIC
SYN_MINE_01,C,SYN_TRUCK_009,dumper,8.0,t/h,6.0,6.0,3.926,2.074,0.0,0.0,1.0,0.6543,False,False,DRY,NORMAL,0.0,2021-01-25,SYNTHETIC
SYN_MINE_01,C,SYN_TRUCK_010,dumper,8.0,t/h,6.0,6.0,3.926,2.074,0.0,0.0,1.0,0.6543,False,False,DRY,NORMAL,0.0,2021-01-25,SYNTHETIC
SYN_MINE_01,C,SYN_TRUCK_011,dumper,8.0,t/h,6.0,6.0,3.926,2.074,0.0,0.0,1.0,0.6543,False,False,DRY,NORMAL,0.0,2021-01-25,SYNTHETIC
SYN_MINE_01,C,SYN_TRUCK_012,dumper,8.0,t/h,6.0,6.0,3.926,2.074,0.0,0.0,1.0,0.6543,False,False,DRY,NORMAL,0.0,2021-01-25,SYNTHETIC
SYN_MINE_01,C,SYN_TRUCK_013,dumper,8.0,t/h,6.0,6.0,3.926,2.074,0.0,0.0,1.0,0.6543,False,False,DRY,NORMAL,0.0,2021-01-25,SYNTHETIC
SYN_MINE_01,C,SYN_TRUCK_014,dumper,8.0,t/h,6.0,6.0,3.926,2.074,0.0,0.0,1.0,0.6543,False,False,DRY,NORMAL,0.0,2021-01-25,SYNTHETIC
SYN_MINE_01,C,SYN_TRUCK_015,dumper,8.0,t/h,6.0,2.968,1.942,1.026,0.0,3.032,0.4946,0.6543,True,False,DRY,NORMAL,0.0,2021-01-25,SYNTHETIC
SYN_MINE_01,C,SYN_TRUCK_016,dumper,8.0,t/h,6.0,6.0,3.926,2.074,0.0,0.0,1.0,0.6543,False,False,DRY,NORMAL,0.0,2021-01-25,SYNTHETIC
SYN_MINE_01,C,SYN_TRUCK_017,dumper,8.0,t/h,6.0,6.0,3.926,2.074,0.0,0.0,1.0,0.6543,False,False,DRY,NORMAL,0.0,2021-01-25,SYNTHETIC
SYN_MINE_01,C,SYN_TRUCK_018,dumper,8.0,t/h,6.0,6.0,3.926,2.074,0.0,0.0,1.0,0.6543,False,False,DRY,NORMAL,0.0,2021-01-25,SYNTHETIC
SYN_MINE_01,C,SYN_DRILL_001,drill,8.5,m/h,6.0,6.0,5.102,0.898,0.0,0.0,1.0,0.8503,False,False,DRY,NORMAL,0.0,2021-01-25,SYNTHETIC
SYN_MINE_01,C,SYN_DRILL_002,drill,8.5,m/h,6.0,5.341,4.542,0.799,0.0,0.659,0.8902,0.8503,False,False,DRY,NORMAL,0.0,2021-01-25,SYNTHETIC
SYN_MINE_01,A,SYN_EXC_001,excavator,49.96,t ore/h,7.0,7.0,6.24,0.76,0.0,0.0,1.0,0.8915,False,False,DRY,NORMAL,313.41,2021-01-26,SYNTHETIC
SYN_MINE_01,A,SYN_EXC_002,excavator,49.96,t ore/h,7.0,7.0,6.24,0.76,0.0,0.0,1.0,0.8915,False,False,DRY,NORMAL,313.41,2021-01-26,SYNTHETIC
SYN_MINE_01,A,SYN_TRUCK_001,dumper,8.0,t/h,7.0,7.0,6.24,0.76,0.0,0.0,1.0,0.8915,False,False,DRY,NORMAL,0.0,2021-01-26,SYNTHETIC
SYN_MINE_01,A,SYN_TRUCK_002,dumper,8.0,t/h,7.0,6.674,5.95,0.724,0.0,0.326,0.9535,0.8915,False,False,DRY,NORMAL,0.0,2021-01-26,SYNTHETIC
SYN_MINE_01,A,SYN_TRUCK_003,dumper,8.0,t/h,7.0,6.494,5.789,0.705,0.0,0.506,0.9277,0.8915,True,False,DRY,NORMAL,0.0,2021-01-26,SYNTHETIC
SYN_MINE_01,A,SYN_TRUCK_004,dumper,8.0,t/h,7.0,0.758,0.676,0.082,0.0,1.503,0.1082,0.8915,True,False,DRY,NORMAL,0.0,2021-01-26,SYNTHETIC
SYN_MINE_01,A,SYN_TRUCK_005,dumper,8.0,t/h,7.0,7.0,6.24,0.76,0.0,0.0,1.0,0.8915,False,False,DRY,NORMAL,0.0,2021-01-26,SYNTHETIC
SYN_MINE_01,A,SYN_TRUCK_006,dumper,8.0,t/h,7.0,1.955,1.743,0.212,0.0,2.439,0.2794,0.8915,True,False,DRY,NORMAL,0.0,2021-01-26,SYNTHETIC
SYN_MINE_01,A,SYN_TRUCK_007,dumper,8.0,t/h,7.0,7.0,6.24,0.76,0.0,0.0,1.0,0.8915,False,False,DRY,NORMAL,0.0,2021-01-26,SYNTHETIC
SYN_MINE_01,A,SYN_TRUCK_008,dumper,8.0,t/h,7.0,7.0,6.24,0.76,0.0,0.0,1.0,0.8915,False,False,DRY,NORMAL,0.0,2021-01-26,SYNTHETIC
SYN_MINE_01,A,SYN_TRUCK_009,dumper,8.0,t/h,7.0,7.0,6.24,0.76,0.0,0.0,1.0,0.8915,False,False,DRY,NORMAL,0.0,2021-01-26,SYNTHETIC
SYN_MINE_01,A,SYN_TRUCK_010,dumper,8.0,t/h,7.0,7.0,6.24,0.76,0.0,0.0,1.0,0.8915,False,False,DRY,NORMAL,0.0,2021-01-26,SYNTHETIC
SYN_MINE_01,A,SYN_TRUCK_011,dumper,8.0,t/h,7.0,7.0,6.24,0.76,0.0,0.0,1.0,0.8915,False,False,DRY,NORMAL,0.0,2021-01-26,SYNTHETIC
SYN_MINE_01,A,SYN_TRUCK_012,dumper,8.0,t/h,7.0,2.899,2.585,0.315,4.101,0.0,0.4142,0.8915,False,True,DRY,NORMAL,0.0,2021-01-26,SYNTHETIC
SYN_MINE_01,A,SYN_TRUCK_013,dumper,8.0,t/h,7.0,7.0,6.24,0.76,0.0,0.0,1.0,0.8915,False,False,DRY,NORMAL,0.0,2021-01-26,SYNTHETIC
SYN_MINE_01,A,SYN_TRUCK_014,dumper,8.0,t/h,7.0,7.0,6.24,0.76,0.0,0.0,1.0,0.8915,False,False,DRY,NORMAL,0.0,2021-01-26,SYNTHETIC
SYN_MINE_01,A,SYN_TRUCK_015,dumper,8.0,t/h,7.0,0.0,0.0,0.0,0.0,7.0,0.0,0.0,False,False,DRY,NORMAL,0.0,2021-01-26,SYNTHETIC
SYN_MINE_01,A,SYN_TRUCK_016,dumper,8.0,t/h,7.0,7.0,6.24,0.76,0.0,0.0,1.0,0.8915,False,False,DRY,NORMAL,0.0,2021-01-26,SYNTHETIC
SYN_MINE_01,A,SYN_TRUCK_017,dumper,8.0,t/h,7.0,0.983,0.876,0.107,6.017,0.0,0.1404,0.8915,False,True,DRY,NORMAL,0.0,2021-01-26,SYNTHETIC
SYN_MINE_01,A,SYN_TRUCK_018,dumper,8.0,t/h,7.0,7.0,6.24,0.76,0.0,0.0,1.0,0.8915,False,False,DRY,NORMAL,0.0,2021-01-26,SYNTHETIC
SYN_MINE_01,A,SYN_DRILL_001,drill,8.5,m/h,7.0,7.0,7.0,0.0,0.0,0.0,1.0,1.0,False,False,DRY,NORMAL,0.0,2021-01-26,SYNTHETIC
SYN_MINE_01,A,SYN_DRILL_002,drill,8.5,m/h,7.0,7.0,7.0,0.0,0.0,0.0,1.0,1.0,False,False,DRY,NORMAL,0.0,2021-01-26,SYNTHETIC
SYN_MINE_01,B,SYN_EXC_001,excavator,49.96,t ore/h,7.0,7.0,6.058,0.942,0.0,0.0,1.0,0.8654,False,False,DRY,NORMAL,305.25,2021-01-26,SYNTHETIC
SYN_MINE_01,B,SYN_EXC_002,excavator,49.96,t ore/h,7.0,7.0,6.058,0.942,0.0,0.0,1.0,0.8654,False,False,DRY,NORMAL,305.25,2021-01-26,SYNTHETIC
SYN_MINE_01,B,SYN_TRUCK_001,dumper,8.0,t/h,7.0,7.0,6.058,0.942,0.0,0.0,1.0,0.8654,False,False,DRY,NORMAL,0.0,2021-01-26,SYNTHETIC
SYN_MINE_01,B,SYN_TRUCK_002,dumper,8.0,t/h,7.0,7.0,6.058,0.942,0.0,0.0,1.0,0.8654,False,False,DRY,NORMAL,0.0,2021-01-26,SYNTHETIC
SYN_MINE_01,B,SYN_TRUCK_003,dumper,8.0,t/h,7.0,2.276,1.969,0.306,0.0,4.724,0.3251,0.8654,False,False,DRY,NORMAL,0.0,2021-01-26,SYNTHETIC
SYN_MINE_01,B,SYN_TRUCK_004,dumper,8.0,t/h,7.0,7.0,6.058,0.942,0.0,0.0,1.0,0.8654,False,False,DRY,NORMAL,0.0,2021-01-26,SYNTHETIC
SYN_MINE_01,B,SYN_TRUCK_005,dumper,8.0,t/h,7.0,7.0,6.058,0.942,0.0,0.0,1.0,0.8654,False,False,DRY,NORMAL,0.0,2021-01-26,SYNTHETIC
SYN_MINE_01,B,SYN_TRUCK_006,dumper,8.0,t/h,7.0,7.0,6.058,0.942,0.0,0.0,1.0,0.8654,False,False,DRY,NORMAL,0.0,2021-01-26,SYNTHETIC
SYN_MINE_01,B,SYN_TRUCK_007,dumper,8.0,t/h,7.0,7.0,6.058,0.942,0.0,0.0,1.0,0.8654,False,False,DRY,NORMAL,0.0,2021-01-26,SYNTHETIC
SYN_MINE_01,B,SYN_TRUCK_008,dumper,8.0,t/h,7.0,7.0,6.058,0.942,0.0,0.0,1.0,0.8654,False,False,DRY,NORMAL,0.0,2021-01-26,SYNTHETIC
SYN_MINE_01,B,SYN_TRUCK_009,dumper,8.0,t/h,7.0,5.391,4.666,0.726,0.0,1.609,0.7702,0.8654,True,False,DRY,NORMAL,0.0,2021-01-26,SYNTHETIC
SYN_MINE_01,B,SYN_TRUCK_010,dumper,8.0,t/h,7.0,7.0,6.058,0.942,0.0,0.0,1.0,0.8654,False,False,DRY,NORMAL,0.0,2021-01-26,SYNTHETIC
SYN_MINE_01,B,SYN_TRUCK_011,dumper,8.0,t/h,7.0,7.0,6.058,0.942,0.0,0.0,1.0,0.8654,False,False,DRY,NORMAL,0.0,2021-01-26,SYNTHETIC
SYN_MINE_01,B,SYN_TRUCK_012,dumper,8.0,t/h,7.0,7.0,6.058,0.942,0.0,0.0,1.0,0.8654,False,False,DRY,NORMAL,0.0,2021-01-26,SYNTHETIC
SYN_MINE_01,B,SYN_TRUCK_013,dumper,8.0,t/h,7.0,7.0,6.058,0.942,0.0,0.0,1.0,0.8654,False,False,DRY,NORMAL,0.0,2021-01-26,SYNTHETIC
SYN_MINE_01,B,SYN_TRUCK_014,dumper,8.0,t/h,7.0,7.0,6.058,0.942,0.0,0.0,1.0,0.8654,False,False,DRY,NORMAL,0.0,2021-01-26,SYNTHETIC
SYN_MINE_01,B,SYN_TRUCK_015,dumper,8.0,t/h,7.0,3.528,3.053,0.475,0.0,3.472,0.504,0.8654,False,False,DRY,NORMAL,0.0,2021-01-26,SYNTHETIC
SYN_MINE_01,B,SYN_TRUCK_016,dumper,8.0,t/h,7.0,7.0,6.058,0.942,0.0,0.0,1.0,0.8654,False,False,DRY,NORMAL,0.0,2021-01-26,SYNTHETIC
SYN_MINE_01,B,SYN_TRUCK_017,dumper,8.0,t/h,7.0,7.0,6.058,0.942,0.0,0.0,1.0,0.8654,False,False,DRY,NORMAL,0.0,2021-01-26,SYNTHETIC
SYN_MINE_01,B,SYN_TRUCK_018,dumper,8.0,t/h,7.0,7.0,6.058,0.942,0.0,0.0,1.0,0.8654,False,False,DRY,NORMAL,0.0,2021-01-26,SYNTHETIC
SYN_MINE_01,B,SYN_DRILL_001,drill,8.5,m/h,7.0,7.0,7.0,0.0,0.0,0.0,1.0,1.0,False,False,DRY,NORMAL,0.0,2021-01-26,SYNTHETIC
SYN_MINE_01,B,SYN_DRILL_002,drill,8.5,m/h,7.0,7.0,7.0,0.0,0.0,0.0,1.0,1.0,False,False,DRY,NORMAL,0.0,2021-01-26,SYNTHETIC
SYN_MINE_01,C,SYN_EXC_001,excavator,49.96,t ore/h,6.0,6.0,5.06,0.94,0.0,0.0,1.0,0.8434,False,False,DRY,NORMAL,281.69,2021-01-26,SYNTHETIC
SYN_MINE_01,C,SYN_EXC_002,excavator,49.96,t ore/h,6.0,6.0,5.06,0.94,0.0,0.0,1.0,0.8434,False,False,DRY,NORMAL,281.69,2021-01-26,SYNTHETIC
SYN_MINE_01,C,SYN_TRUCK_001,dumper,8.0,t/h,6.0,6.0,5.06,0.94,0.0,0.0,1.0,0.8434,False,False,DRY,NORMAL,0.0,2021-01-26,SYNTHETIC
SYN_MINE_01,C,SYN_TRUCK_002,dumper,8.0,t/h,6.0,6.0,5.06,0.94,0.0,0.0,1.0,0.8434,False,False,DRY,NORMAL,0.0,2021-01-26,SYNTHETIC
SYN_MINE_01,C,SYN_TRUCK_003,dumper,8.0,t/h,6.0,6.0,5.06,0.94,0.0,0.0,1.0,0.8434,False,False,DRY,NORMAL,0.0,2021-01-26,SYNTHETIC
SYN_MINE_01,C,SYN_TRUCK_004,dumper,8.0,t/h,6.0,6.0,5.06,0.94,0.0,0.0,1.0,0.8434,False,False,DRY,NORMAL,0.0,2021-01-26,SYNTHETIC
SYN_MINE_01,C,SYN_TRUCK_005,dumper,8.0,t/h,6.0,6.0,5.06,0.94,0.0,0.0,1.0,0.8434,False,False,DRY,NORMAL,0.0,2021-01-26,SYNTHETIC
SYN_MINE_01,C,SYN_TRUCK_006,dumper,8.0,t/h,6.0,6.0,5.06,0.94,0.0,0.0,1.0,0.8434,False,False,DRY,NORMAL,0.0,2021-01-26,SYNTHETIC
SYN_MINE_01,C,SYN_TRUCK_007,dumper,8.0,t/h,6.0,6.0,5.06,0.94,0.0,0.0,1.0,0.8434,False,False,DRY,NORMAL,0.0,2021-01-26,SYNTHETIC
SYN_MINE_01,C,SYN_TRUCK_008,dumper,8.0,t/h,6.0,6.0,5.06,0.94,0.0,0.0,1.0,0.8434,False,False,DRY,NORMAL,0.0,2021-01-26,SYNTHETIC
SYN_MINE_01,C,SYN_TRUCK_009,dumper,8.0,t/h,6.0,3.416,2.881,0.535,0.0,2.584,0.5694,0.8434,False,False,DRY,NORMAL,0.0,2021-01-26,SYNTHETIC
SYN_MINE_01,C,SYN_TRUCK_010,dumper,8.0,t/h,6.0,6.0,5.06,0.94,0.0,0.0,1.0,0.8434,False,False,DRY,NORMAL,0.0,2021-01-26,SYNTHETIC
SYN_MINE_01,C,SYN_TRUCK_011,dumper,8.0,t/h,6.0,6.0,5.06,0.94,0.0,0.0,1.0,0.8434,False,False,DRY,NORMAL,0.0,2021-01-26,SYNTHETIC
SYN_MINE_01,C,SYN_TRUCK_012,dumper,8.0,t/h,6.0,6.0,5.06,0.94,0.0,0.0,1.0,0.8434,False,False,DRY,NORMAL,0.0,2021-01-26,SYNTHETIC
SYN_MINE_01,C,SYN_TRUCK_013,dumper,8.0,t/h,6.0,6.0,5.06,0.94,0.0,0.0,1.0,0.8434,False,False,DRY,NORMAL,0.0,2021-01-26,SYNTHETIC
SYN_MINE_01,C,SYN_TRUCK_014,dumper,8.0,t/h,6.0,6.0,5.06,0.94,0.0,0.0,1.0,0.8434,False,False,DRY,NORMAL,0.0,2021-01-26,SYNTHETIC
SYN_MINE_01,C,SYN_TRUCK_015,dumper,8.0,t/h,6.0,6.0,5.06,0.94,0.0,0.0,1.0,0.8434,False,False,DRY,NORMAL,0.0,2021-01-26,SYNTHETIC
SYN_MINE_01,C,SYN_TRUCK_016,dumper,8.0,t/h,6.0,6.0,5.06,0.94,0.0,0.0,1.0,0.8434,False,False,DRY,NORMAL,0.0,2021-01-26,SYNTHETIC
SYN_MINE_01,C,SYN_TRUCK_017,dumper,8.0,t/h,6.0,6.0,5.06,0.94,0.0,0.0,1.0,0.8434,False,False,DRY,NORMAL,0.0,2021-01-26,SYNTHETIC
SYN_MINE_01,C,SYN_TRUCK_018,dumper,8.0,t/h,6.0,6.0,5.06,0.94,0.0,0.0,1.0,0.8434,False,False,DRY,NORMAL,0.0,2021-01-26,SYNTHETIC
SYN_MINE_01,C,SYN_DRILL_001,drill,8.5,m/h,6.0,6.0,6.0,0.0,0.0,0.0,1.0,1.0,False,False,DRY,NORMAL,0.0,2021-01-26,SYNTHETIC
SYN_MINE_01,C,SYN_DRILL_002,drill,8.5,m/h,6.0,6.0,6.0,0.0,0.0,0.0,1.0,1.0,False,False,DRY,NORMAL,0.0,2021-01-26,SYNTHETIC
SYN_MINE_01,A,SYN_EXC_001,excavator,49.96,t ore/h,7.0,7.0,5.915,1.085,0.0,0.0,1.0,0.845,False,False,DRY,NORMAL,281.47,2021-01-27,SYNTHETIC
SYN_MINE_01,A,SYN_EXC_002,excavator,49.96,t ore/h,7.0,0.73,0.617,0.113,6.27,0.0,0.1043,0.845,False,True,DRY,NORMAL,29.35,2021-01-27,SYNTHETIC
SYN_MINE_01,A,SYN_TRUCK_001,dumper,8.0,t/h,7.0,7.0,5.915,1.085,0.0,0.0,1.0,0.845,False,False,DRY,NORMAL,0.0,2021-01-27,SYNTHETIC
SYN_MINE_01,A,SYN_TRUCK_002,dumper,8.0,t/h,7.0,0.348,0.294,0.054,6.652,0.0,0.0498,0.845,False,True,DRY,NORMAL,0.0,2021-01-27,SYNTHETIC
SYN_MINE_01,A,SYN_TRUCK_003,dumper,8.0,t/h,7.0,7.0,5.915,1.085,0.0,0.0,1.0,0.845,False,False,DRY,NORMAL,0.0,2021-01-27,SYNTHETIC
SYN_MINE_01,A,SYN_TRUCK_004,dumper,8.0,t/h,7.0,7.0,5.915,1.085,0.0,0.0,1.0,0.845,False,False,DRY,NORMAL,0.0,2021-01-27,SYNTHETIC
SYN_MINE_01,A,SYN_TRUCK_005,dumper,8.0,t/h,7.0,2.256,1.906,0.35,4.744,0.0,0.3223,0.845,False,True,DRY,NORMAL,0.0,2021-01-27,SYNTHETIC
SYN_MINE_01,A,SYN_TRUCK_006,dumper,8.0,t/h,7.0,0.649,0.549,0.101,6.351,0.0,0.0928,0.845,False,True,DRY,NORMAL,0.0,2021-01-27,SYNTHETIC
SYN_MINE_01,A,SYN_TRUCK_007,dumper,8.0,t/h,7.0,7.0,5.915,1.085,0.0,0.0,1.0,0.845,False,False,DRY,NORMAL,0.0,2021-01-27,SYNTHETIC
SYN_MINE_01,A,SYN_TRUCK_008,dumper,8.0,t/h,7.0,7.0,5.915,1.085,0.0,0.0,1.0,0.845,False,False,DRY,NORMAL,0.0,2021-01-27,SYNTHETIC
SYN_MINE_01,A,SYN_TRUCK_009,dumper,8.0,t/h,7.0,7.0,5.915,1.085,0.0,0.0,1.0,0.845,False,False,DRY,NORMAL,0.0,2021-01-27,SYNTHETIC
SYN_MINE_01,A,SYN_TRUCK_010,dumper,8.0,t/h,7.0,7.0,5.915,1.085,0.0,0.0,1.0,0.845,False,False,DRY,NORMAL,0.0,2021-01-27,SYNTHETIC
SYN_MINE_01,A,SYN_TRUCK_011,dumper,8.0,t/h,7.0,7.0,5.915,1.085,0.0,0.0,1.0,0.845,False,False,DRY,NORMAL,0.0,2021-01-27,SYNTHETIC
SYN_MINE_01,A,SYN_TRUCK_012,dumper,8.0,t/h,7.0,7.0,5.915,1.085,0.0,0.0,1.0,0.845,False,False,DRY,NORMAL,0.0,2021-01-27,SYNTHETIC
SYN_MINE_01,A,SYN_TRUCK_013,dumper,8.0,t/h,7.0,7.0,5.915,1.085,0.0,0.0,1.0,0.845,False,False,DRY,NORMAL,0.0,2021-01-27,SYNTHETIC
SYN_MINE_01,A,SYN_TRUCK_014,dumper,8.0,t/h,7.0,7.0,5.915,1.085,0.0,0.0,1.0,0.845,False,False,DRY,NORMAL,0.0,2021-01-27,SYNTHETIC
SYN_MINE_01,A,SYN_TRUCK_015,dumper,8.0,t/h,7.0,7.0,5.915,1.085,0.0,0.0,1.0,0.845,False,False,DRY,NORMAL,0.0,2021-01-27,SYNTHETIC
SYN_MINE_01,A,SYN_TRUCK_016,dumper,8.0,t/h,7.0,7.0,5.915,1.085,0.0,0.0,1.0,0.845,False,False,DRY,NORMAL,0.0,2021-01-27,SYNTHETIC
SYN_MINE_01,A,SYN_TRUCK_017,dumper,8.0,t/h,7.0,7.0,5.915,1.085,0.0,0.0,1.0,0.845,False,False,DRY,NORMAL,0.0,2021-01-27,SYNTHETIC
SYN_MINE_01,A,SYN_TRUCK_018,dumper,8.0,t/h,7.0,7.0,5.915,1.085,0.0,0.0,1.0,0.845,False,False,DRY,NORMAL,0.0,2021-01-27,SYNTHETIC
SYN_MINE_01,A,SYN_DRILL_001,drill,8.5,m/h,7.0,2.371,2.371,0.0,4.629,0.0,0.3387,1.0,False,True,DRY,NORMAL,0.0,2021-01-27,SYNTHETIC
SYN_MINE_01,A,SYN_DRILL_002,drill,8.5,m/h,7.0,7.0,7.0,0.0,0.0,0.0,1.0,1.0,False,False,DRY,NORMAL,0.0,2021-01-27,SYNTHETIC
SYN_MINE_01,B,SYN_EXC_001,excavator,49.96,t ore/h,7.0,7.0,5.945,1.055,0.0,0.0,1.0,0.8492,False,False,DRY,NORMAL,287.47,2021-01-27,SYNTHETIC
SYN_MINE_01,B,SYN_EXC_002,excavator,49.96,t ore/h,7.0,7.0,5.945,1.055,0.0,0.0,1.0,0.8492,False,False,DRY,NORMAL,287.47,2021-01-27,SYNTHETIC
SYN_MINE_01,B,SYN_TRUCK_001,dumper,8.0,t/h,7.0,7.0,5.945,1.055,0.0,0.0,1.0,0.8492,False,False,DRY,NORMAL,0.0,2021-01-27,SYNTHETIC
SYN_MINE_01,B,SYN_TRUCK_002,dumper,8.0,t/h,7.0,7.0,5.945,1.055,0.0,0.0,1.0,0.8492,False,False,DRY,NORMAL,0.0,2021-01-27,SYNTHETIC
SYN_MINE_01,B,SYN_TRUCK_003,dumper,8.0,t/h,7.0,4.576,3.886,0.69,0.0,2.424,0.6537,0.8492,True,False,DRY,NORMAL,0.0,2021-01-27,SYNTHETIC
SYN_MINE_01,B,SYN_TRUCK_004,dumper,8.0,t/h,7.0,7.0,5.945,1.055,0.0,0.0,1.0,0.8492,False,False,DRY,NORMAL,0.0,2021-01-27,SYNTHETIC
SYN_MINE_01,B,SYN_TRUCK_005,dumper,8.0,t/h,7.0,7.0,5.945,1.055,0.0,0.0,1.0,0.8492,False,False,DRY,NORMAL,0.0,2021-01-27,SYNTHETIC
SYN_MINE_01,B,SYN_TRUCK_006,dumper,8.0,t/h,7.0,7.0,5.945,1.055,0.0,0.0,1.0,0.8492,False,False,DRY,NORMAL,0.0,2021-01-27,SYNTHETIC
SYN_MINE_01,B,SYN_TRUCK_007,dumper,8.0,t/h,7.0,7.0,5.945,1.055,0.0,0.0,1.0,0.8492,False,False,DRY,NORMAL,0.0,2021-01-27,SYNTHETIC
SYN_MINE_01,B,SYN_TRUCK_008,dumper,8.0,t/h,7.0,7.0,5.945,1.055,0.0,0.0,1.0,0.8492,False,False,DRY,NORMAL,0.0,2021-01-27,SYNTHETIC
SYN_MINE_01,B,SYN_TRUCK_009,dumper,8.0,t/h,7.0,7.0,5.945,1.055,0.0,0.0,1.0,0.8492,False,False,DRY,NORMAL,0.0,2021-01-27,SYNTHETIC
SYN_MINE_01,B,SYN_TRUCK_010,dumper,8.0,t/h,7.0,7.0,5.945,1.055,0.0,0.0,1.0,0.8492,False,False,DRY,NORMAL,0.0,2021-01-27,SYNTHETIC
SYN_MINE_01,B,SYN_TRUCK_011,dumper,8.0,t/h,7.0,7.0,5.945,1.055,0.0,0.0,1.0,0.8492,False,False,DRY,NORMAL,0.0,2021-01-27,SYNTHETIC
SYN_MINE_01,B,SYN_TRUCK_012,dumper,8.0,t/h,7.0,7.0,5.945,1.055,0.0,0.0,1.0,0.8492,False,False,DRY,NORMAL,0.0,2021-01-27,SYNTHETIC
SYN_MINE_01,B,SYN_TRUCK_013,dumper,8.0,t/h,7.0,7.0,5.945,1.055,0.0,0.0,1.0,0.8492,False,False,DRY,NORMAL,0.0,2021-01-27,SYNTHETIC
SYN_MINE_01,B,SYN_TRUCK_014,dumper,8.0,t/h,7.0,7.0,5.945,1.055,0.0,0.0,1.0,0.8492,False,False,DRY,NORMAL,0.0,2021-01-27,SYNTHETIC
SYN_MINE_01,B,SYN_TRUCK_015,dumper,8.0,t/h,7.0,7.0,5.945,1.055,0.0,0.0,1.0,0.8492,False,False,DRY,NORMAL,0.0,2021-01-27,SYNTHETIC
SYN_MINE_01,B,SYN_TRUCK_016,dumper,8.0,t/h,7.0,7.0,5.945,1.055,0.0,0.0,1.0,0.8492,False,False,DRY,NORMAL,0.0,2021-01-27,SYNTHETIC
SYN_MINE_01,B,SYN_TRUCK_017,dumper,8.0,t/h,7.0,7.0,5.945,1.055,0.0,0.0,1.0,0.8492,False,False,DRY,NORMAL,0.0,2021-01-27,SYNTHETIC
SYN_MINE_01,B,SYN_TRUCK_018,dumper,8.0,t/h,7.0,7.0,5.945,1.055,0.0,0.0,1.0,0.8492,False,False,DRY,NORMAL,0.0,2021-01-27,SYNTHETIC
SYN_MINE_01,B,SYN_DRILL_001,drill,8.5,m/h,7.0,7.0,7.0,0.0,0.0,0.0,1.0,1.0,False,False,DRY,NORMAL,0.0,2021-01-27,SYNTHETIC
SYN_MINE_01,B,SYN_DRILL_002,drill,8.5,m/h,7.0,7.0,7.0,0.0,0.0,0.0,1.0,1.0,False,False,DRY,NORMAL,0.0,2021-01-27,SYNTHETIC
SYN_MINE_01,C,SYN_EXC_001,excavator,49.96,t ore/h,6.0,6.0,4.922,1.078,0.0,0.0,1.0,0.8203,False,False,DRY,NORMAL,235.3,2021-01-27,SYNTHETIC
SYN_MINE_01,C,SYN_EXC_002,excavator,49.96,t ore/h,6.0,6.0,4.922,1.078,0.0,0.0,1.0,0.8203,False,False,DRY,NORMAL,235.3,2021-01-27,SYNTHETIC
SYN_MINE_01,C,SYN_TRUCK_001,dumper,8.0,t/h,6.0,6.0,4.922,1.078,0.0,0.0,1.0,0.8203,False,False,DRY,NORMAL,0.0,2021-01-27,SYNTHETIC
SYN_MINE_01,C,SYN_TRUCK_002,dumper,8.0,t/h,6.0,6.0,4.922,1.078,0.0,0.0,1.0,0.8203,False,False,DRY,NORMAL,0.0,2021-01-27,SYNTHETIC
SYN_MINE_01,C,SYN_TRUCK_003,dumper,8.0,t/h,6.0,0.0,0.0,0.0,0.0,6.0,0.0,0.0,False,False,DRY,NORMAL,0.0,2021-01-27,SYNTHETIC
SYN_MINE_01,C,SYN_TRUCK_004,dumper,8.0,t/h,6.0,6.0,4.922,1.078,0.0,0.0,1.0,0.8203,False,False,DRY,NORMAL,0.0,2021-01-27,SYNTHETIC
SYN_MINE_01,C,SYN_TRUCK_005,dumper,8.0,t/h,6.0,6.0,4.922,1.078,0.0,0.0,1.0,0.8203,False,False,DRY,NORMAL,0.0,2021-01-27,SYNTHETIC
SYN_MINE_01,C,SYN_TRUCK_006,dumper,8.0,t/h,6.0,6.0,4.922,1.078,0.0,0.0,1.0,0.8203,False,False,DRY,NORMAL,0.0,2021-01-27,SYNTHETIC
SYN_MINE_01,C,SYN_TRUCK_007,dumper,8.0,t/h,6.0,6.0,4.922,1.078,0.0,0.0,1.0,0.8203,False,False,DRY,NORMAL,0.0,2021-01-27,SYNTHETIC
SYN_MINE_01,C,SYN_TRUCK_008,dumper,8.0,t/h,6.0,2.575,2.112,0.463,0.0,3.425,0.4291,0.8203,True,False,DRY,NORMAL,0.0,2021-01-27,SYNTHETIC
SYN_MINE_01,C,SYN_TRUCK_009,dumper,8.0,t/h,6.0,6.0,4.922,1.078,0.0,0.0,1.0,0.8203,False,False,DRY,NORMAL,0.0,2021-01-27,SYNTHETIC
SYN_MINE_01,C,SYN_TRUCK_010,dumper,8.0,t/h,6.0,6.0,4.922,1.078,0.0,0.0,1.0,0.8203,False,False,DRY,NORMAL,0.0,2021-01-27,SYNTHETIC
SYN_MINE_01,C,SYN_TRUCK_011,dumper,8.0,t/h,6.0,6.0,4.922,1.078,0.0,0.0,1.0,0.8203,False,False,DRY,NORMAL,0.0,2021-01-27,SYNTHETIC
SYN_MINE_01,C,SYN_TRUCK_012,dumper,8.0,t/h,6.0,6.0,4.922,1.078,0.0,0.0,1.0,0.8203,False,False,DRY,NORMAL,0.0,2021-01-27,SYNTHETIC
SYN_MINE_01,C,SYN_TRUCK_013,dumper,8.0,t/h,6.0,6.0,4.922,1.078,0.0,0.0,1.0,0.8203,False,False,DRY,NORMAL,0.0,2021-01-27,SYNTHETIC
SYN_MINE_01,C,SYN_TRUCK_014,dumper,8.0,t/h,6.0,6.0,4.922,1.078,0.0,0.0,1.0,0.8203,False,False,DRY,NORMAL,0.0,2021-01-27,SYNTHETIC
SYN_MINE_01,C,SYN_TRUCK_015,dumper,8.0,t/h,6.0,6.0,4.922,1.078,0.0,0.0,1.0,0.8203,False,False,DRY,NORMAL,0.0,2021-01-27,SYNTHETIC
SYN_MINE_01,C,SYN_TRUCK_016,dumper,8.0,t/h,6.0,6.0,4.922,1.078,0.0,0.0,1.0,0.8203,False,False,DRY,NORMAL,0.0,2021-01-27,SYNTHETIC
SYN_MINE_01,C,SYN_TRUCK_017,dumper,8.0,t/h,6.0,6.0,4.922,1.078,0.0,0.0,1.0,0.8203,False,False,DRY,NORMAL,0.0,2021-01-27,SYNTHETIC
SYN_MINE_01,C,SYN_TRUCK_018,dumper,8.0,t/h,6.0,6.0,4.922,1.078,0.0,0.0,1.0,0.8203,False,False,DRY,NORMAL,0.0,2021-01-27,SYNTHETIC
SYN_MINE_01,C,SYN_DRILL_001,drill,8.5,m/h,6.0,6.0,6.0,0.0,0.0,0.0,1.0,1.0,False,False,DRY,NORMAL,0.0,2021-01-27,SYNTHETIC
SYN_MINE_01,C,SYN_DRILL_002,drill,8.5,m/h,6.0,6.0,6.0,0.0,0.0,0.0,1.0,1.0,False,False,DRY,NORMAL,0.0,2021-01-27,SYNTHETIC
SYN_MINE_01,A,SYN_EXC_001,excavator,49.96,t ore/h,7.0,7.0,5.187,1.813,0.0,0.0,1.0,0.7409,False,False,DRY,NORMAL,270.04,2021-01-28,SYNTHETIC
SYN_MINE_01,A,SYN_EXC_002,excavator,49.96,t ore/h,7.0,7.0,5.187,1.813,0.0,0.0,1.0,0.7409,False,False,DRY,NORMAL,270.04,2021-01-28,SYNTHETIC
SYN_MINE_01,A,SYN_TRUCK_001,dumper,8.0,t/h,7.0,7.0,5.187,1.813,0.0,0.0,1.0,0.7409,False,False,DRY,NORMAL,0.0,2021-01-28,SYNTHETIC
SYN_MINE_01,A,SYN_TRUCK_002,dumper,8.0,t/h,7.0,7.0,5.187,1.813,0.0,0.0,1.0,0.7409,False,False,DRY,NORMAL,0.0,2021-01-28,SYNTHETIC
SYN_MINE_01,A,SYN_TRUCK_003,dumper,8.0,t/h,7.0,0.0,0.0,0.0,0.0,7.0,0.0,0.0,False,False,DRY,NORMAL,0.0,2021-01-28,SYNTHETIC
SYN_MINE_01,A,SYN_TRUCK_004,dumper,8.0,t/h,7.0,7.0,5.187,1.813,0.0,0.0,1.0,0.7409,False,False,DRY,NORMAL,0.0,2021-01-28,SYNTHETIC
SYN_MINE_01,A,SYN_TRUCK_005,dumper,8.0,t/h,7.0,7.0,5.187,1.813,0.0,0.0,1.0,0.7409,False,False,DRY,NORMAL,0.0,2021-01-28,SYNTHETIC
SYN_MINE_01,A,SYN_TRUCK_006,dumper,8.0,t/h,7.0,7.0,5.187,1.813,0.0,0.0,1.0,0.7409,False,False,DRY,NORMAL,0.0,2021-01-28,SYNTHETIC
SYN_MINE_01,A,SYN_TRUCK_007,dumper,8.0,t/h,7.0,7.0,5.187,1.813,0.0,0.0,1.0,0.7409,False,False,DRY,NORMAL,0.0,2021-01-28,SYNTHETIC
SYN_MINE_01,A,SYN_TRUCK_008,dumper,8.0,t/h,7.0,0.0,0.0,0.0,0.0,7.0,0.0,0.0,False,False,DRY,NORMAL,0.0,2021-01-28,SYNTHETIC
SYN_MINE_01,A,SYN_TRUCK_009,dumper,8.0,t/h,7.0,7.0,5.187,1.813,0.0,0.0,1.0,0.7409,False,False,DRY,NORMAL,0.0,2021-01-28,SYNTHETIC
SYN_MINE_01,A,SYN_TRUCK_010,dumper,8.0,t/h,7.0,7.0,5.187,1.813,0.0,0.0,1.0,0.7409,False,False,DRY,NORMAL,0.0,2021-01-28,SYNTHETIC
SYN_MINE_01,A,SYN_TRUCK_011,dumper,8.0,t/h,7.0,7.0,5.187,1.813,0.0,0.0,1.0,0.7409,False,False,DRY,NORMAL,0.0,2021-01-28,SYNTHETIC
SYN_MINE_01,A,SYN_TRUCK_012,dumper,8.0,t/h,7.0,7.0,5.187,1.813,0.0,0.0,1.0,0.7409,False,False,DRY,NORMAL,0.0,2021-01-28,SYNTHETIC
SYN_MINE_01,A,SYN_TRUCK_013,dumper,8.0,t/h,7.0,7.0,5.187,1.813,0.0,0.0,1.0,0.7409,False,False,DRY,NORMAL,0.0,2021-01-28,SYNTHETIC
SYN_MINE_01,A,SYN_TRUCK_014,dumper,8.0,t/h,7.0,7.0,5.187,1.813,0.0,0.0,1.0,0.7409,False,False,DRY,NORMAL,0.0,2021-01-28,SYNTHETIC
SYN_MINE_01,A,SYN_TRUCK_015,dumper,8.0,t/h,7.0,7.0,5.187,1.813,0.0,0.0,1.0,0.7409,False,False,DRY,NORMAL,0.0,2021-01-28,SYNTHETIC
SYN_MINE_01,A,SYN_TRUCK_016,dumper,8.0,t/h,7.0,7.0,5.187,1.813,0.0,0.0,1.0,0.7409,False,False,DRY,NORMAL,0.0,2021-01-28,SYNTHETIC
SYN_MINE_01,A,SYN_TRUCK_017,dumper,8.0,t/h,7.0,5.099,3.778,1.321,0.0,1.901,0.7285,0.7409,True,False,DRY,NORMAL,0.0,2021-01-28,SYNTHETIC
SYN_MINE_01,A,SYN_TRUCK_018,dumper,8.0,t/h,7.0,5.106,3.784,1.323,0.0,1.894,0.7295,0.7409,True,False,DRY,NORMAL,0.0,2021-01-28,SYNTHETIC
SYN_MINE_01,A,SYN_DRILL_001,drill,8.5,m/h,7.0,7.0,7.0,0.0,0.0,0.0,1.0,1.0,False,False,DRY,NORMAL,0.0,2021-01-28,SYNTHETIC
SYN_MINE_01,A,SYN_DRILL_002,drill,8.5,m/h,7.0,7.0,7.0,0.0,0.0,0.0,1.0,1.0,False,False,DRY,NORMAL,0.0,2021-01-28,SYNTHETIC
SYN_MINE_01,B,SYN_EXC_001,excavator,49.96,t ore/h,7.0,7.0,5.829,1.171,0.0,0.0,1.0,0.8327,False,False,DRY,NORMAL,268.96,2021-01-28,SYNTHETIC
SYN_MINE_01,B,SYN_EXC_002,excavator,49.96,t ore/h,7.0,7.0,5.829,1.171,0.0,0.0,1.0,0.8327,False,False,DRY,NORMAL,268.96,2021-01-28,SYNTHETIC
SYN_MINE_01,B,SYN_TRUCK_001,dumper,8.0,t/h,7.0,7.0,5.829,1.171,0.0,0.0,1.0,0.8327,False,False,DRY,NORMAL,0.0,2021-01-28,SYNTHETIC
SYN_MINE_01,B,SYN_TRUCK_002,dumper,8.0,t/h,7.0,7.0,5.829,1.171,0.0,0.0,1.0,0.8327,False,False,DRY,NORMAL,0.0,2021-01-28,SYNTHETIC
SYN_MINE_01,B,SYN_TRUCK_003,dumper,8.0,t/h,7.0,0.0,0.0,0.0,0.0,7.0,0.0,0.0,False,False,DRY,NORMAL,0.0,2021-01-28,SYNTHETIC
SYN_MINE_01,B,SYN_TRUCK_004,dumper,8.0,t/h,7.0,7.0,5.829,1.171,0.0,0.0,1.0,0.8327,False,False,DRY,NORMAL,0.0,2021-01-28,SYNTHETIC
SYN_MINE_01,B,SYN_TRUCK_005,dumper,8.0,t/h,7.0,7.0,5.829,1.171,0.0,0.0,1.0,0.8327,False,False,DRY,NORMAL,0.0,2021-01-28,SYNTHETIC
SYN_MINE_01,B,SYN_TRUCK_006,dumper,8.0,t/h,7.0,7.0,5.829,1.171,0.0,0.0,1.0,0.8327,False,False,DRY,NORMAL,0.0,2021-01-28,SYNTHETIC
SYN_MINE_01,B,SYN_TRUCK_007,dumper,8.0,t/h,7.0,7.0,5.829,1.171,0.0,0.0,1.0,0.8327,False,False,DRY,NORMAL,0.0,2021-01-28,SYNTHETIC
SYN_MINE_01,B,SYN_TRUCK_008,dumper,8.0,t/h,7.0,6.992,5.822,1.17,0.0,0.008,0.9988,0.8327,False,False,DRY,NORMAL,0.0,2021-01-28,SYNTHETIC
SYN_MINE_01,B,SYN_TRUCK_009,dumper,8.0,t/h,7.0,7.0,5.829,1.171,0.0,0.0,1.0,0.8327,False,False,DRY,NORMAL,0.0,2021-01-28,SYNTHETIC
SYN_MINE_01,B,SYN_TRUCK_010,dumper,8.0,t/h,7.0,7.0,5.829,1.171,0.0,0.0,1.0,0.8327,False,False,DRY,NORMAL,0.0,2021-01-28,SYNTHETIC
SYN_MINE_01,B,SYN_TRUCK_011,dumper,8.0,t/h,7.0,7.0,5.829,1.171,0.0,0.0,1.0,0.8327,False,False,DRY,NORMAL,0.0,2021-01-28,SYNTHETIC
SYN_MINE_01,B,SYN_TRUCK_012,dumper,8.0,t/h,7.0,7.0,5.829,1.171,0.0,0.0,1.0,0.8327,False,False,DRY,NORMAL,0.0,2021-01-28,SYNTHETIC
SYN_MINE_01,B,SYN_TRUCK_013,dumper,8.0,t/h,7.0,7.0,5.829,1.171,0.0,0.0,1.0,0.8327,False,False,DRY,NORMAL,0.0,2021-01-28,SYNTHETIC
SYN_MINE_01,B,SYN_TRUCK_014,dumper,8.0,t/h,7.0,7.0,5.829,1.171,0.0,0.0,1.0,0.8327,False,False,DRY,NORMAL,0.0,2021-01-28,SYNTHETIC
SYN_MINE_01,B,SYN_TRUCK_015,dumper,8.0,t/h,7.0,0.469,0.39,0.078,0.0,6.531,0.067,0.8327,True,False,DRY,NORMAL,0.0,2021-01-28,SYNTHETIC
SYN_MINE_01,B,SYN_TRUCK_016,dumper,8.0,t/h,7.0,7.0,5.829,1.171,0.0,0.0,1.0,0.8327,False,False,DRY,NORMAL,0.0,2021-01-28,SYNTHETIC
SYN_MINE_01,B,SYN_TRUCK_017,dumper,8.0,t/h,7.0,5.338,4.445,0.893,0.0,1.662,0.7626,0.8327,False,False,DRY,NORMAL,0.0,2021-01-28,SYNTHETIC
SYN_MINE_01,B,SYN_TRUCK_018,dumper,8.0,t/h,7.0,5.989,4.987,1.002,0.0,1.011,0.8556,0.8327,False,False,DRY,NORMAL,0.0,2021-01-28,SYNTHETIC
SYN_MINE_01,B,SYN_DRILL_001,drill,8.5,m/h,7.0,7.0,7.0,0.0,0.0,0.0,1.0,1.0,False,False,DRY,NORMAL,0.0,2021-01-28,SYNTHETIC
SYN_MINE_01,B,SYN_DRILL_002,drill,8.5,m/h,7.0,7.0,7.0,0.0,0.0,0.0,1.0,1.0,False,False,DRY,NORMAL,0.0,2021-01-28,SYNTHETIC
SYN_MINE_01,C,SYN_EXC_001,excavator,49.96,t ore/h,6.0,6.0,5.271,0.729,0.0,0.0,1.0,0.8785,False,False,DRY,NORMAL,258.16,2021-01-28,SYNTHETIC
SYN_MINE_01,C,SYN_EXC_002,excavator,49.96,t ore/h,6.0,6.0,5.271,0.729,0.0,0.0,1.0,0.8785,False,False,DRY,NORMAL,258.16,2021-01-28,SYNTHETIC
SYN_MINE_01,C,SYN_TRUCK_001,dumper,8.0,t/h,6.0,6.0,5.271,0.729,0.0,0.0,1.0,0.8785,False,False,DRY,NORMAL,0.0,2021-01-28,SYNTHETIC
SYN_MINE_01,C,SYN_TRUCK_002,dumper,8.0,t/h,6.0,6.0,5.271,0.729,0.0,0.0,1.0,0.8785,False,False,DRY,NORMAL,0.0,2021-01-28,SYNTHETIC
SYN_MINE_01,C,SYN_TRUCK_003,dumper,8.0,t/h,6.0,1.939,1.704,0.236,0.0,4.061,0.3232,0.8785,False,False,DRY,NORMAL,0.0,2021-01-28,SYNTHETIC
SYN_MINE_01,C,SYN_TRUCK_004,dumper,8.0,t/h,6.0,6.0,5.271,0.729,0.0,0.0,1.0,0.8785,False,False,DRY,NORMAL,0.0,2021-01-28,SYNTHETIC
SYN_MINE_01,C,SYN_TRUCK_005,dumper,8.0,t/h,6.0,6.0,5.271,0.729,0.0,0.0,1.0,0.8785,False,False,DRY,NORMAL,0.0,2021-01-28,SYNTHETIC
SYN_MINE_01,C,SYN_TRUCK_006,dumper,8.0,t/h,6.0,6.0,5.271,0.729,0.0,0.0,1.0,0.8785,False,False,DRY,NORMAL,0.0,2021-01-28,SYNTHETIC
SYN_MINE_01,C,SYN_TRUCK_007,dumper,8.0,t/h,6.0,6.0,5.271,0.729,0.0,0.0,1.0,0.8785,False,False,DRY,NORMAL,0.0,2021-01-28,SYNTHETIC
SYN_MINE_01,C,SYN_TRUCK_008,dumper,8.0,t/h,6.0,6.0,5.271,0.729,0.0,0.0,1.0,0.8785,False,False,DRY,NORMAL,0.0,2021-01-28,SYNTHETIC
SYN_MINE_01,C,SYN_TRUCK_009,dumper,8.0,t/h,6.0,6.0,5.271,0.729,0.0,0.0,1.0,0.8785,False,False,DRY,NORMAL,0.0,2021-01-28,SYNTHETIC
SYN_MINE_01,C,SYN_TRUCK_010,dumper,8.0,t/h,6.0,6.0,5.271,0.729,0.0,0.0,1.0,0.8785,False,False,DRY,NORMAL,0.0,2021-01-28,SYNTHETIC
SYN_MINE_01,C,SYN_TRUCK_011,dumper,8.0,t/h,6.0,6.0,5.271,0.729,0.0,0.0,1.0,0.8785,False,False,DRY,NORMAL,0.0,2021-01-28,SYNTHETIC
SYN_MINE_01,C,SYN_TRUCK_012,dumper,8.0,t/h,6.0,6.0,5.271,0.729,0.0,0.0,1.0,0.8785,False,False,DRY,NORMAL,0.0,2021-01-28,SYNTHETIC
SYN_MINE_01,C,SYN_TRUCK_013,dumper,8.0,t/h,6.0,6.0,5.271,0.729,0.0,0.0,1.0,0.8785,False,False,DRY,NORMAL,0.0,2021-01-28,SYNTHETIC
SYN_MINE_01,C,SYN_TRUCK_014,dumper,8.0,t/h,6.0,6.0,5.271,0.729,0.0,0.0,1.0,0.8785,False,False,DRY,NORMAL,0.0,2021-01-28,SYNTHETIC
SYN_MINE_01,C,SYN_TRUCK_015,dumper,8.0,t/h,6.0,3.197,2.809,0.389,0.0,2.803,0.5329,0.8785,False,False,DRY,NORMAL,0.0,2021-01-28,SYNTHETIC
SYN_MINE_01,C,SYN_TRUCK_016,dumper,8.0,t/h,6.0,6.0,5.271,0.729,0.0,0.0,1.0,0.8785,False,False,DRY,NORMAL,0.0,2021-01-28,SYNTHETIC
SYN_MINE_01,C,SYN_TRUCK_017,dumper,8.0,t/h,6.0,6.0,5.271,0.729,0.0,0.0,1.0,0.8785,False,False,DRY,NORMAL,0.0,2021-01-28,SYNTHETIC
SYN_MINE_01,C,SYN_TRUCK_018,dumper,8.0,t/h,6.0,0.338,0.297,0.041,0.0,3.218,0.0563,0.8785,True,False,DRY,NORMAL,0.0,2021-01-28,SYNTHETIC
SYN_MINE_01,C,SYN_DRILL_001,drill,8.5,m/h,6.0,6.0,6.0,0.0,0.0,0.0,1.0,1.0,False,False,DRY,NORMAL,0.0,2021-01-28,SYNTHETIC
SYN_MINE_01,C,SYN_DRILL_002,drill,8.5,m/h,6.0,6.0,6.0,0.0,0.0,0.0,1.0,1.0,False,False,DRY,NORMAL,0.0,2021-01-28,SYNTHETIC
SYN_MINE_01,A,SYN_EXC_001,excavator,49.95,t ore/h,7.0,7.0,6.008,0.992,0.0,0.0,1.0,0.8583,False,False,DRY,NORMAL,294.29,2021-01-29,SYNTHETIC
SYN_MINE_01,A,SYN_EXC_002,excavator,49.95,t ore/h,7.0,7.0,6.008,0.992,0.0,0.0,1.0,0.8583,False,False,DRY,NORMAL,294.29,2021-01-29,SYNTHETIC
SYN_MINE_01,A,SYN_TRUCK_001,dumper,7.87,t/h,7.0,7.0,6.008,0.992,0.0,0.0,1.0,0.8583,False,False,DRY,NORMAL,0.0,2021-01-29,SYNTHETIC
SYN_MINE_01,A,SYN_TRUCK_002,dumper,7.87,t/h,7.0,7.0,6.008,0.992,0.0,0.0,1.0,0.8583,False,False,DRY,NORMAL,0.0,2021-01-29,SYNTHETIC
SYN_MINE_01,A,SYN_TRUCK_003,dumper,7.87,t/h,7.0,7.0,6.008,0.992,0.0,0.0,1.0,0.8583,False,False,DRY,NORMAL,0.0,2021-01-29,SYNTHETIC
SYN_MINE_01,A,SYN_TRUCK_004,dumper,7.87,t/h,7.0,7.0,6.008,0.992,0.0,0.0,1.0,0.8583,False,False,DRY,NORMAL,0.0,2021-01-29,SYNTHETIC
SYN_MINE_01,A,SYN_TRUCK_005,dumper,7.87,t/h,7.0,7.0,6.008,0.992,0.0,0.0,1.0,0.8583,False,False,DRY,NORMAL,0.0,2021-01-29,SYNTHETIC
SYN_MINE_01,A,SYN_TRUCK_006,dumper,7.87,t/h,7.0,7.0,6.008,0.992,0.0,0.0,1.0,0.8583,False,False,DRY,NORMAL,0.0,2021-01-29,SYNTHETIC
SYN_MINE_01,A,SYN_TRUCK_007,dumper,7.87,t/h,7.0,7.0,6.008,0.992,0.0,0.0,1.0,0.8583,False,False,DRY,NORMAL,0.0,2021-01-29,SYNTHETIC
SYN_MINE_01,A,SYN_TRUCK_008,dumper,7.87,t/h,7.0,7.0,6.008,0.992,0.0,0.0,1.0,0.8583,False,False,DRY,NORMAL,0.0,2021-01-29,SYNTHETIC
SYN_MINE_01,A,SYN_TRUCK_009,dumper,7.87,t/h,7.0,7.0,6.008,0.992,0.0,0.0,1.0,0.8583,False,False,DRY,NORMAL,0.0,2021-01-29,SYNTHETIC
SYN_MINE_01,A,SYN_TRUCK_010,dumper,7.87,t/h,7.0,7.0,6.008,0.992,0.0,0.0,1.0,0.8583,False,False,DRY,NORMAL,0.0,2021-01-29,SYNTHETIC
SYN_MINE_01,A,SYN_TRUCK_011,dumper,7.87,t/h,7.0,1.778,1.526,0.252,5.222,0.0,0.254,0.8583,False,True,DRY,NORMAL,0.0,2021-01-29,SYNTHETIC
SYN_MINE_01,A,SYN_TRUCK_012,dumper,7.87,t/h,7.0,7.0,6.008,0.992,0.0,0.0,1.0,0.8583,False,False,DRY,NORMAL,0.0,2021-01-29,SYNTHETIC
SYN_MINE_01,A,SYN_TRUCK_013,dumper,7.87,t/h,7.0,7.0,6.008,0.992,0.0,0.0,1.0,0.8583,False,False,DRY,NORMAL,0.0,2021-01-29,SYNTHETIC
SYN_MINE_01,A,SYN_TRUCK_014,dumper,7.87,t/h,7.0,7.0,6.008,0.992,0.0,0.0,1.0,0.8583,False,False,DRY,NORMAL,0.0,2021-01-29,SYNTHETIC
SYN_MINE_01,A,SYN_TRUCK_015,dumper,7.87,t/h,7.0,7.0,6.008,0.992,0.0,0.0,1.0,0.8583,False,False,DRY,NORMAL,0.0,2021-01-29,SYNTHETIC
SYN_MINE_01,A,SYN_TRUCK_016,dumper,7.87,t/h,7.0,7.0,6.008,0.992,0.0,0.0,1.0,0.8583,False,False,DRY,NORMAL,0.0,2021-01-29,SYNTHETIC
SYN_MINE_01,A,SYN_TRUCK_017,dumper,7.87,t/h,7.0,7.0,6.008,0.992,0.0,0.0,1.0,0.8583,False,False,DRY,NORMAL,0.0,2021-01-29,SYNTHETIC
SYN_MINE_01,A,SYN_TRUCK_018,dumper,7.87,t/h,7.0,7.0,6.008,0.992,0.0,0.0,1.0,0.8583,False,False,DRY,NORMAL,0.0,2021-01-29,SYNTHETIC
SYN_MINE_01,A,SYN_DRILL_001,drill,8.5,m/h,7.0,7.0,7.0,0.0,0.0,0.0,1.0,1.0,False,False,DRY,NORMAL,0.0,2021-01-29,SYNTHETIC
SYN_MINE_01,A,SYN_DRILL_002,drill,8.5,m/h,7.0,7.0,7.0,0.0,0.0,0.0,1.0,1.0,False,False,DRY,NORMAL,0.0,2021-01-29,SYNTHETIC
SYN_MINE_01,B,SYN_EXC_001,excavator,49.95,t ore/h,7.0,7.0,5.671,1.329,0.0,0.0,1.0,0.8101,False,False,DRY,NORMAL,279.31,2021-01-29,SYNTHETIC
SYN_MINE_01,B,SYN_EXC_002,excavator,49.95,t ore/h,7.0,7.0,5.671,1.329,0.0,0.0,1.0,0.8101,False,False,DRY,NORMAL,279.31,2021-01-29,SYNTHETIC
SYN_MINE_01,B,SYN_TRUCK_001,dumper,7.87,t/h,7.0,5.236,4.242,0.994,0.0,1.764,0.7481,0.8101,True,False,DRY,NORMAL,0.0,2021-01-29,SYNTHETIC
SYN_MINE_01,B,SYN_TRUCK_002,dumper,7.87,t/h,7.0,7.0,5.671,1.329,0.0,0.0,1.0,0.8101,False,False,DRY,NORMAL,0.0,2021-01-29,SYNTHETIC
SYN_MINE_01,B,SYN_TRUCK_003,dumper,7.87,t/h,7.0,7.0,5.671,1.329,0.0,0.0,1.0,0.8101,False,False,DRY,NORMAL,0.0,2021-01-29,SYNTHETIC
SYN_MINE_01,B,SYN_TRUCK_004,dumper,7.87,t/h,7.0,7.0,5.671,1.329,0.0,0.0,1.0,0.8101,False,False,DRY,NORMAL,0.0,2021-01-29,SYNTHETIC
SYN_MINE_01,B,SYN_TRUCK_005,dumper,7.87,t/h,7.0,4.166,3.375,0.791,0.0,2.834,0.5952,0.8101,True,False,DRY,NORMAL,0.0,2021-01-29,SYNTHETIC
SYN_MINE_01,B,SYN_TRUCK_006,dumper,7.87,t/h,7.0,7.0,5.671,1.329,0.0,0.0,1.0,0.8101,False,False,DRY,NORMAL,0.0,2021-01-29,SYNTHETIC
SYN_MINE_01,B,SYN_TRUCK_007,dumper,7.87,t/h,7.0,7.0,5.671,1.329,0.0,0.0,1.0,0.8101,False,False,DRY,NORMAL,0.0,2021-01-29,SYNTHETIC
SYN_MINE_01,B,SYN_TRUCK_008,dumper,7.87,t/h,7.0,7.0,5.671,1.329,0.0,0.0,1.0,0.8101,False,False,DRY,NORMAL,0.0,2021-01-29,SYNTHETIC
SYN_MINE_01,B,SYN_TRUCK_009,dumper,7.87,t/h,7.0,7.0,5.671,1.329,0.0,0.0,1.0,0.8101,False,False,DRY,NORMAL,0.0,2021-01-29,SYNTHETIC
SYN_MINE_01,B,SYN_TRUCK_010,dumper,7.87,t/h,7.0,7.0,5.671,1.329,0.0,0.0,1.0,0.8101,False,False,DRY,NORMAL,0.0,2021-01-29,SYNTHETIC
SYN_MINE_01,B,SYN_TRUCK_011,dumper,7.87,t/h,7.0,7.0,5.671,1.329,0.0,0.0,1.0,0.8101,False,False,DRY,NORMAL,0.0,2021-01-29,SYNTHETIC
SYN_MINE_01,B,SYN_TRUCK_012,dumper,7.87,t/h,7.0,7.0,5.671,1.329,0.0,0.0,1.0,0.8101,False,False,DRY,NORMAL,0.0,2021-01-29,SYNTHETIC
SYN_MINE_01,B,SYN_TRUCK_013,dumper,7.87,t/h,7.0,7.0,5.671,1.329,0.0,0.0,1.0,0.8101,False,False,DRY,NORMAL,0.0,2021-01-29,SYNTHETIC
SYN_MINE_01,B,SYN_TRUCK_014,dumper,7.87,t/h,7.0,7.0,5.671,1.329,0.0,0.0,1.0,0.8101,False,False,DRY,NORMAL,0.0,2021-01-29,SYNTHETIC
SYN_MINE_01,B,SYN_TRUCK_015,dumper,7.87,t/h,7.0,7.0,5.671,1.329,0.0,0.0,1.0,0.8101,False,False,DRY,NORMAL,0.0,2021-01-29,SYNTHETIC
SYN_MINE_01,B,SYN_TRUCK_016,dumper,7.87,t/h,7.0,7.0,5.671,1.329,0.0,0.0,1.0,0.8101,False,False,DRY,NORMAL,0.0,2021-01-29,SYNTHETIC
SYN_MINE_01,B,SYN_TRUCK_017,dumper,7.87,t/h,7.0,7.0,5.671,1.329,0.0,0.0,1.0,0.8101,False,False,DRY,NORMAL,0.0,2021-01-29,SYNTHETIC
SYN_MINE_01,B,SYN_TRUCK_018,dumper,7.87,t/h,7.0,7.0,5.671,1.329,0.0,0.0,1.0,0.8101,False,False,DRY,NORMAL,0.0,2021-01-29,SYNTHETIC
SYN_MINE_01,B,SYN_DRILL_001,drill,8.5,m/h,7.0,7.0,7.0,0.0,0.0,0.0,1.0,1.0,False,False,DRY,NORMAL,0.0,2021-01-29,SYNTHETIC
SYN_MINE_01,B,SYN_DRILL_002,drill,8.5,m/h,7.0,7.0,7.0,0.0,0.0,0.0,1.0,1.0,False,False,DRY,NORMAL,0.0,2021-01-29,SYNTHETIC
SYN_MINE_01,C,SYN_EXC_001,excavator,49.95,t ore/h,6.0,6.0,5.365,0.635,0.0,0.0,1.0,0.8942,False,False,DRY,NORMAL,261.51,2021-01-29,SYNTHETIC
SYN_MINE_01,C,SYN_EXC_002,excavator,49.95,t ore/h,6.0,6.0,5.365,0.635,0.0,0.0,1.0,0.8942,False,False,DRY,NORMAL,261.51,2021-01-29,SYNTHETIC
SYN_MINE_01,C,SYN_TRUCK_001,dumper,7.87,t/h,6.0,0.0,0.0,0.0,0.0,6.0,0.0,0.0,False,False,DRY,NORMAL,0.0,2021-01-29,SYNTHETIC
SYN_MINE_01,C,SYN_TRUCK_002,dumper,7.87,t/h,6.0,6.0,5.365,0.635,0.0,0.0,1.0,0.8942,False,False,DRY,NORMAL,0.0,2021-01-29,SYNTHETIC
SYN_MINE_01,C,SYN_TRUCK_003,dumper,7.87,t/h,6.0,6.0,5.365,0.635,0.0,0.0,1.0,0.8942,False,False,DRY,NORMAL,0.0,2021-01-29,SYNTHETIC
SYN_MINE_01,C,SYN_TRUCK_004,dumper,7.87,t/h,6.0,6.0,5.365,0.635,0.0,0.0,1.0,0.8942,False,False,DRY,NORMAL,0.0,2021-01-29,SYNTHETIC
SYN_MINE_01,C,SYN_TRUCK_005,dumper,7.87,t/h,6.0,5.791,5.178,0.613,0.0,0.209,0.9651,0.8942,False,False,DRY,NORMAL,0.0,2021-01-29,SYNTHETIC
SYN_MINE_01,C,SYN_TRUCK_006,dumper,7.87,t/h,6.0,6.0,5.365,0.635,0.0,0.0,1.0,0.8942,False,False,DRY,NORMAL,0.0,2021-01-29,SYNTHETIC
SYN_MINE_01,C,SYN_TRUCK_007,dumper,7.87,t/h,6.0,6.0,5.365,0.635,0.0,0.0,1.0,0.8942,False,False,DRY,NORMAL,0.0,2021-01-29,SYNTHETIC
SYN_MINE_01,C,SYN_TRUCK_008,dumper,7.87,t/h,6.0,6.0,5.365,0.635,0.0,0.0,1.0,0.8942,False,False,DRY,NORMAL,0.0,2021-01-29,SYNTHETIC
SYN_MINE_01,C,SYN_TRUCK_009,dumper,7.87,t/h,6.0,6.0,5.365,0.635,0.0,0.0,1.0,0.8942,False,False,DRY,NORMAL,0.0,2021-01-29,SYNTHETIC
SYN_MINE_01,C,SYN_TRUCK_010,dumper,7.87,t/h,6.0,6.0,5.365,0.635,0.0,0.0,1.0,0.8942,False,False,DRY,NORMAL,0.0,2021-01-29,SYNTHETIC
SYN_MINE_01,C,SYN_TRUCK_011,dumper,7.87,t/h,6.0,6.0,5.365,0.635,0.0,0.0,1.0,0.8942,False,False,DRY,NORMAL,0.0,2021-01-29,SYNTHETIC
SYN_MINE_01,C,SYN_TRUCK_012,dumper,7.87,t/h,6.0,6.0,5.365,0.635,0.0,0.0,1.0,0.8942,False,False,DRY,NORMAL,0.0,2021-01-29,SYNTHETIC
SYN_MINE_01,C,SYN_TRUCK_013,dumper,7.87,t/h,6.0,6.0,5.365,0.635,0.0,0.0,1.0,0.8942,False,False,DRY,NORMAL,0.0,2021-01-29,SYNTHETIC
SYN_MINE_01,C,SYN_TRUCK_014,dumper,7.87,t/h,6.0,6.0,5.365,0.635,0.0,0.0,1.0,0.8942,False,False,DRY,NORMAL,0.0,2021-01-29,SYNTHETIC
SYN_MINE_01,C,SYN_TRUCK_015,dumper,7.87,t/h,6.0,6.0,5.365,0.635,0.0,0.0,1.0,0.8942,False,False,DRY,NORMAL,0.0,2021-01-29,SYNTHETIC
SYN_MINE_01,C,SYN_TRUCK_016,dumper,7.87,t/h,6.0,6.0,5.365,0.635,0.0,0.0,1.0,0.8942,False,False,DRY,NORMAL,0.0,2021-01-29,SYNTHETIC
SYN_MINE_01,C,SYN_TRUCK_017,dumper,7.87,t/h,6.0,6.0,5.365,0.635,0.0,0.0,1.0,0.8942,False,False,DRY,NORMAL,0.0,2021-01-29,SYNTHETIC
SYN_MINE_01,C,SYN_TRUCK_018,dumper,7.87,t/h,6.0,6.0,5.365,0.635,0.0,0.0,1.0,0.8942,False,False,DRY,NORMAL,0.0,2021-01-29,SYNTHETIC
SYN_MINE_01,C,SYN_DRILL_001,drill,8.5,m/h,6.0,6.0,6.0,0.0,0.0,0.0,1.0,1.0,False,False,DRY,NORMAL,0.0,2021-01-29,SYNTHETIC
SYN_MINE_01,C,SYN_DRILL_002,drill,8.5,m/h,6.0,6.0,6.0,0.0,0.0,0.0,1.0,1.0,False,False,DRY,NORMAL,0.0,2021-01-29,SYNTHETIC
SYN_MINE_01,A,SYN_EXC_001,excavator,49.95,t ore/h,7.0,7.0,5.516,1.484,0.0,0.0,1.0,0.7879,False,False,DRY,NORMAL,288.02,2021-01-30,SYNTHETIC
SYN_MINE_01,A,SYN_EXC_002,excavator,49.95,t ore/h,7.0,7.0,5.516,1.484,0.0,0.0,1.0,0.7879,False,False,DRY,NORMAL,288.02,2021-01-30,SYNTHETIC
SYN_MINE_01,A,SYN_TRUCK_001,dumper,8.0,t/h,7.0,3.931,3.098,0.834,0.0,3.069,0.5616,0.7879,False,False,DRY,NORMAL,0.0,2021-01-30,SYNTHETIC
SYN_MINE_01,A,SYN_TRUCK_002,dumper,8.0,t/h,7.0,7.0,5.516,1.484,0.0,0.0,1.0,0.7879,False,False,DRY,NORMAL,0.0,2021-01-30,SYNTHETIC
SYN_MINE_01,A,SYN_TRUCK_003,dumper,8.0,t/h,7.0,7.0,5.516,1.484,0.0,0.0,1.0,0.7879,False,False,DRY,NORMAL,0.0,2021-01-30,SYNTHETIC
SYN_MINE_01,A,SYN_TRUCK_004,dumper,8.0,t/h,7.0,7.0,5.516,1.484,0.0,0.0,1.0,0.7879,False,False,DRY,NORMAL,0.0,2021-01-30,SYNTHETIC
SYN_MINE_01,A,SYN_TRUCK_005,dumper,8.0,t/h,7.0,7.0,5.516,1.484,0.0,0.0,1.0,0.7879,False,False,DRY,NORMAL,0.0,2021-01-30,SYNTHETIC
SYN_MINE_01,A,SYN_TRUCK_006,dumper,8.0,t/h,7.0,7.0,5.516,1.484,0.0,0.0,1.0,0.7879,False,False,DRY,NORMAL,0.0,2021-01-30,SYNTHETIC
SYN_MINE_01,A,SYN_TRUCK_007,dumper,8.0,t/h,7.0,7.0,5.516,1.484,0.0,0.0,1.0,0.7879,False,False,DRY,NORMAL,0.0,2021-01-30,SYNTHETIC
SYN_MINE_01,A,SYN_TRUCK_008,dumper,8.0,t/h,7.0,7.0,5.516,1.484,0.0,0.0,1.0,0.7879,False,False,DRY,NORMAL,0.0,2021-01-30,SYNTHETIC
SYN_MINE_01,A,SYN_TRUCK_009,dumper,8.0,t/h,7.0,7.0,5.516,1.484,0.0,0.0,1.0,0.7879,False,False,DRY,NORMAL,0.0,2021-01-30,SYNTHETIC
SYN_MINE_01,A,SYN_TRUCK_010,dumper,8.0,t/h,7.0,7.0,5.516,1.484,0.0,0.0,1.0,0.7879,False,False,DRY,NORMAL,0.0,2021-01-30,SYNTHETIC
SYN_MINE_01,A,SYN_TRUCK_011,dumper,8.0,t/h,7.0,7.0,5.516,1.484,0.0,0.0,1.0,0.7879,False,False,DRY,NORMAL,0.0,2021-01-30,SYNTHETIC
SYN_MINE_01,A,SYN_TRUCK_012,dumper,8.0,t/h,7.0,7.0,5.516,1.484,0.0,0.0,1.0,0.7879,False,False,DRY,NORMAL,0.0,2021-01-30,SYNTHETIC
SYN_MINE_01,A,SYN_TRUCK_013,dumper,8.0,t/h,7.0,0.501,0.395,0.106,6.499,0.0,0.0716,0.7879,False,True,DRY,NORMAL,0.0,2021-01-30,SYNTHETIC
SYN_MINE_01,A,SYN_TRUCK_014,dumper,8.0,t/h,7.0,7.0,5.516,1.484,0.0,0.0,1.0,0.7879,False,False,DRY,NORMAL,0.0,2021-01-30,SYNTHETIC
SYN_MINE_01,A,SYN_TRUCK_015,dumper,8.0,t/h,7.0,2.595,2.045,0.55,4.405,0.0,0.3707,0.7879,False,True,DRY,NORMAL,0.0,2021-01-30,SYNTHETIC
SYN_MINE_01,A,SYN_TRUCK_016,dumper,8.0,t/h,7.0,7.0,5.516,1.484,0.0,0.0,1.0,0.7879,False,False,DRY,NORMAL,0.0,2021-01-30,SYNTHETIC
SYN_MINE_01,A,SYN_TRUCK_017,dumper,8.0,t/h,7.0,7.0,5.516,1.484,0.0,0.0,1.0,0.7879,False,False,DRY,NORMAL,0.0,2021-01-30,SYNTHETIC
SYN_MINE_01,A,SYN_TRUCK_018,dumper,8.0,t/h,7.0,0.284,0.224,0.06,6.716,0.0,0.0405,0.7879,False,True,DRY,NORMAL,0.0,2021-01-30,SYNTHETIC
SYN_MINE_01,A,SYN_DRILL_001,drill,8.5,m/h,7.0,7.0,7.0,0.0,0.0,0.0,1.0,1.0,False,False,DRY,NORMAL,0.0,2021-01-30,SYNTHETIC
SYN_MINE_01,A,SYN_DRILL_002,drill,8.5,m/h,7.0,7.0,7.0,0.0,0.0,0.0,1.0,1.0,False,False,DRY,NORMAL,0.0,2021-01-30,SYNTHETIC
SYN_MINE_01,B,SYN_EXC_001,excavator,49.95,t ore/h,7.0,7.0,6.117,0.883,0.0,0.0,1.0,0.8738,False,False,DRY,NORMAL,317.96,2021-01-30,SYNTHETIC
SYN_MINE_01,B,SYN_EXC_002,excavator,49.95,t ore/h,7.0,7.0,6.117,0.883,0.0,0.0,1.0,0.8738,False,False,DRY,NORMAL,317.96,2021-01-30,SYNTHETIC
SYN_MINE_01,B,SYN_TRUCK_001,dumper,8.0,t/h,7.0,7.0,6.117,0.883,0.0,0.0,1.0,0.8738,False,False,DRY,NORMAL,0.0,2021-01-30,SYNTHETIC
SYN_MINE_01,B,SYN_TRUCK_002,dumper,8.0,t/h,7.0,7.0,6.117,0.883,0.0,0.0,1.0,0.8738,False,False,DRY,NORMAL,0.0,2021-01-30,SYNTHETIC
SYN_MINE_01,B,SYN_TRUCK_003,dumper,8.0,t/h,7.0,7.0,6.117,0.883,0.0,0.0,1.0,0.8738,False,False,DRY,NORMAL,0.0,2021-01-30,SYNTHETIC
SYN_MINE_01,B,SYN_TRUCK_004,dumper,8.0,t/h,7.0,7.0,6.117,0.883,0.0,0.0,1.0,0.8738,False,False,DRY,NORMAL,0.0,2021-01-30,SYNTHETIC
SYN_MINE_01,B,SYN_TRUCK_005,dumper,8.0,t/h,7.0,7.0,6.117,0.883,0.0,0.0,1.0,0.8738,False,False,DRY,NORMAL,0.0,2021-01-30,SYNTHETIC
SYN_MINE_01,B,SYN_TRUCK_006,dumper,8.0,t/h,7.0,7.0,6.117,0.883,0.0,0.0,1.0,0.8738,False,False,DRY,NORMAL,0.0,2021-01-30,SYNTHETIC
SYN_MINE_01,B,SYN_TRUCK_007,dumper,8.0,t/h,7.0,1.001,0.875,0.126,0.0,5.999,0.143,0.8738,True,False,DRY,NORMAL,0.0,2021-01-30,SYNTHETIC
SYN_MINE_01,B,SYN_TRUCK_008,dumper,8.0,t/h,7.0,7.0,6.117,0.883,0.0,0.0,1.0,0.8738,False,False,DRY,NORMAL,0.0,2021-01-30,SYNTHETIC
SYN_MINE_01,B,SYN_TRUCK_009,dumper,8.0,t/h,7.0,7.0,6.117,0.883,0.0,0.0,1.0,0.8738,False,False,DRY,NORMAL,0.0,2021-01-30,SYNTHETIC
SYN_MINE_01,B,SYN_TRUCK_010,dumper,8.0,t/h,7.0,7.0,6.117,0.883,0.0,0.0,1.0,0.8738,False,False,DRY,NORMAL,0.0,2021-01-30,SYNTHETIC
SYN_MINE_01,B,SYN_TRUCK_011,dumper,8.0,t/h,7.0,7.0,6.117,0.883,0.0,0.0,1.0,0.8738,False,False,DRY,NORMAL,0.0,2021-01-30,SYNTHETIC
SYN_MINE_01,B,SYN_TRUCK_012,dumper,8.0,t/h,7.0,7.0,6.117,0.883,0.0,0.0,1.0,0.8738,False,False,DRY,NORMAL,0.0,2021-01-30,SYNTHETIC
SYN_MINE_01,B,SYN_TRUCK_013,dumper,8.0,t/h,7.0,7.0,6.117,0.883,0.0,0.0,1.0,0.8738,False,False,DRY,NORMAL,0.0,2021-01-30,SYNTHETIC
SYN_MINE_01,B,SYN_TRUCK_014,dumper,8.0,t/h,7.0,7.0,6.117,0.883,0.0,0.0,1.0,0.8738,False,False,DRY,NORMAL,0.0,2021-01-30,SYNTHETIC
SYN_MINE_01,B,SYN_TRUCK_015,dumper,8.0,t/h,7.0,7.0,6.117,0.883,0.0,0.0,1.0,0.8738,False,False,DRY,NORMAL,0.0,2021-01-30,SYNTHETIC
SYN_MINE_01,B,SYN_TRUCK_016,dumper,8.0,t/h,7.0,7.0,6.117,0.883,0.0,0.0,1.0,0.8738,False,False,DRY,NORMAL,0.0,2021-01-30,SYNTHETIC
SYN_MINE_01,B,SYN_TRUCK_017,dumper,8.0,t/h,7.0,7.0,6.117,0.883,0.0,0.0,1.0,0.8738,False,False,DRY,NORMAL,0.0,2021-01-30,SYNTHETIC
SYN_MINE_01,B,SYN_TRUCK_018,dumper,8.0,t/h,7.0,7.0,6.117,0.883,0.0,0.0,1.0,0.8738,False,False,DRY,NORMAL,0.0,2021-01-30,SYNTHETIC
SYN_MINE_01,B,SYN_DRILL_001,drill,8.5,m/h,7.0,7.0,7.0,0.0,0.0,0.0,1.0,1.0,False,False,DRY,NORMAL,0.0,2021-01-30,SYNTHETIC
SYN_MINE_01,B,SYN_DRILL_002,drill,8.5,m/h,7.0,7.0,7.0,0.0,0.0,0.0,1.0,1.0,False,False,DRY,NORMAL,0.0,2021-01-30,SYNTHETIC
SYN_MINE_01,C,SYN_EXC_001,excavator,49.95,t ore/h,6.0,6.0,5.114,0.886,0.0,0.0,1.0,0.8523,False,False,DRY,NORMAL,243.57,2021-01-30,SYNTHETIC
SYN_MINE_01,C,SYN_EXC_002,excavator,49.95,t ore/h,6.0,6.0,5.114,0.886,0.0,0.0,1.0,0.8523,False,False,DRY,NORMAL,243.57,2021-01-30,SYNTHETIC
SYN_MINE_01,C,SYN_TRUCK_001,dumper,8.0,t/h,6.0,6.0,5.114,0.886,0.0,0.0,1.0,0.8523,False,False,DRY,NORMAL,0.0,2021-01-30,SYNTHETIC
SYN_MINE_01,C,SYN_TRUCK_002,dumper,8.0,t/h,6.0,6.0,5.114,0.886,0.0,0.0,1.0,0.8523,False,False,DRY,NORMAL,0.0,2021-01-30,SYNTHETIC
SYN_MINE_01,C,SYN_TRUCK_003,dumper,8.0,t/h,6.0,6.0,5.114,0.886,0.0,0.0,1.0,0.8523,False,False,DRY,NORMAL,0.0,2021-01-30,SYNTHETIC
SYN_MINE_01,C,SYN_TRUCK_004,dumper,8.0,t/h,6.0,6.0,5.114,0.886,0.0,0.0,1.0,0.8523,False,False,DRY,NORMAL,0.0,2021-01-30,SYNTHETIC
SYN_MINE_01,C,SYN_TRUCK_005,dumper,8.0,t/h,6.0,6.0,5.114,0.886,0.0,0.0,1.0,0.8523,False,False,DRY,NORMAL,0.0,2021-01-30,SYNTHETIC
SYN_MINE_01,C,SYN_TRUCK_006,dumper,8.0,t/h,6.0,4.098,3.493,0.605,0.0,1.902,0.683,0.8523,True,False,DRY,NORMAL,0.0,2021-01-30,SYNTHETIC
SYN_MINE_01,C,SYN_TRUCK_007,dumper,8.0,t/h,6.0,0.0,0.0,0.0,0.0,6.0,0.0,0.0,False,False,DRY,NORMAL,0.0,2021-01-30,SYNTHETIC
SYN_MINE_01,C,SYN_TRUCK_008,dumper,8.0,t/h,6.0,6.0,5.114,0.886,0.0,0.0,1.0,0.8523,False,False,DRY,NORMAL,0.0,2021-01-30,SYNTHETIC
SYN_MINE_01,C,SYN_TRUCK_009,dumper,8.0,t/h,6.0,6.0,5.114,0.886,0.0,0.0,1.0,0.8523,False,False,DRY,NORMAL,0.0,2021-01-30,SYNTHETIC
SYN_MINE_01,C,SYN_TRUCK_010,dumper,8.0,t/h,6.0,6.0,5.114,0.886,0.0,0.0,1.0,0.8523,False,False,DRY,NORMAL,0.0,2021-01-30,SYNTHETIC
SYN_MINE_01,C,SYN_TRUCK_011,dumper,8.0,t/h,6.0,6.0,5.114,0.886,0.0,0.0,1.0,0.8523,False,False,DRY,NORMAL,0.0,2021-01-30,SYNTHETIC
SYN_MINE_01,C,SYN_TRUCK_012,dumper,8.0,t/h,6.0,6.0,5.114,0.886,0.0,0.0,1.0,0.8523,False,False,DRY,NORMAL,0.0,2021-01-30,SYNTHETIC
SYN_MINE_01,C,SYN_TRUCK_013,dumper,8.0,t/h,6.0,6.0,5.114,0.886,0.0,0.0,1.0,0.8523,False,False,DRY,NORMAL,0.0,2021-01-30,SYNTHETIC
SYN_MINE_01,C,SYN_TRUCK_014,dumper,8.0,t/h,6.0,6.0,5.114,0.886,0.0,0.0,1.0,0.8523,False,False,DRY,NORMAL,0.0,2021-01-30,SYNTHETIC
SYN_MINE_01,C,SYN_TRUCK_015,dumper,8.0,t/h,6.0,6.0,5.114,0.886,0.0,0.0,1.0,0.8523,False,False,DRY,NORMAL,0.0,2021-01-30,SYNTHETIC
SYN_MINE_01,C,SYN_TRUCK_016,dumper,8.0,t/h,6.0,6.0,5.114,0.886,0.0,0.0,1.0,0.8523,False,False,DRY,NORMAL,0.0,2021-01-30,SYNTHETIC
SYN_MINE_01,C,SYN_TRUCK_017,dumper,8.0,t/h,6.0,6.0,5.114,0.886,0.0,0.0,1.0,0.8523,False,False,DRY,NORMAL,0.0,2021-01-30,SYNTHETIC
SYN_MINE_01,C,SYN_TRUCK_018,dumper,8.0,t/h,6.0,6.0,5.114,0.886,0.0,0.0,1.0,0.8523,False,False,DRY,NORMAL,0.0,2021-01-30,SYNTHETIC
SYN_MINE_01,C,SYN_DRILL_001,drill,8.5,m/h,6.0,6.0,6.0,0.0,0.0,0.0,1.0,1.0,False,False,DRY,NORMAL,0.0,2021-01-30,SYNTHETIC
SYN_MINE_01,C,SYN_DRILL_002,drill,8.5,m/h,6.0,6.0,6.0,0.0,0.0,0.0,1.0,1.0,False,False,DRY,NORMAL,0.0,2021-01-30,SYNTHETIC
SYN_MINE_01,A,SYN_EXC_001,excavator,49.95,t ore/h,7.0,7.0,5.385,1.615,0.0,0.0,1.0,0.7693,False,False,DRY,NORMAL,260.91,2021-01-31,SYNTHETIC
SYN_MINE_01,A,SYN_EXC_002,excavator,49.95,t ore/h,7.0,7.0,5.385,1.615,0.0,0.0,1.0,0.7693,False,False,DRY,NORMAL,260.91,2021-01-31,SYNTHETIC
SYN_MINE_01,A,SYN_TRUCK_001,dumper,8.0,t/h,7.0,7.0,5.385,1.615,0.0,0.0,1.0,0.7693,False,False,DRY,NORMAL,0.0,2021-01-31,SYNTHETIC
SYN_MINE_01,A,SYN_TRUCK_002,dumper,8.0,t/h,7.0,7.0,5.385,1.615,0.0,0.0,1.0,0.7693,False,False,DRY,NORMAL,0.0,2021-01-31,SYNTHETIC
SYN_MINE_01,A,SYN_TRUCK_003,dumper,8.0,t/h,7.0,7.0,5.385,1.615,0.0,0.0,1.0,0.7693,False,False,DRY,NORMAL,0.0,2021-01-31,SYNTHETIC
SYN_MINE_01,A,SYN_TRUCK_004,dumper,8.0,t/h,7.0,7.0,5.385,1.615,0.0,0.0,1.0,0.7693,False,False,DRY,NORMAL,0.0,2021-01-31,SYNTHETIC
SYN_MINE_01,A,SYN_TRUCK_005,dumper,8.0,t/h,7.0,7.0,5.385,1.615,0.0,0.0,1.0,0.7693,False,False,DRY,NORMAL,0.0,2021-01-31,SYNTHETIC
SYN_MINE_01,A,SYN_TRUCK_006,dumper,8.0,t/h,7.0,0.0,0.0,0.0,0.0,7.0,0.0,0.0,False,False,DRY,NORMAL,0.0,2021-01-31,SYNTHETIC
SYN_MINE_01,A,SYN_TRUCK_007,dumper,8.0,t/h,7.0,5.73,4.408,1.322,0.0,1.27,0.8186,0.7693,False,False,DRY,NORMAL,0.0,2021-01-31,SYNTHETIC
SYN_MINE_01,A,SYN_TRUCK_008,dumper,8.0,t/h,7.0,0.519,0.4,0.12,6.481,0.0,0.0742,0.7693,False,True,DRY,NORMAL,0.0,2021-01-31,SYNTHETIC
SYN_MINE_01,A,SYN_TRUCK_009,dumper,8.0,t/h,7.0,7.0,5.385,1.615,0.0,0.0,1.0,0.7693,False,False,DRY,NORMAL,0.0,2021-01-31,SYNTHETIC
SYN_MINE_01,A,SYN_TRUCK_010,dumper,8.0,t/h,7.0,6.707,5.159,1.547,0.0,0.293,0.9581,0.7693,True,False,DRY,NORMAL,0.0,2021-01-31,SYNTHETIC
SYN_MINE_01,A,SYN_TRUCK_011,dumper,8.0,t/h,7.0,7.0,5.385,1.615,0.0,0.0,1.0,0.7693,False,False,DRY,NORMAL,0.0,2021-01-31,SYNTHETIC
SYN_MINE_01,A,SYN_TRUCK_012,dumper,8.0,t/h,7.0,7.0,5.385,1.615,0.0,0.0,1.0,0.7693,False,False,DRY,NORMAL,0.0,2021-01-31,SYNTHETIC
SYN_MINE_01,A,SYN_TRUCK_013,dumper,8.0,t/h,7.0,3.568,2.745,0.823,0.0,3.432,0.5097,0.7693,True,False,DRY,NORMAL,0.0,2021-01-31,SYNTHETIC
SYN_MINE_01,A,SYN_TRUCK_014,dumper,8.0,t/h,7.0,7.0,5.385,1.615,0.0,0.0,1.0,0.7693,False,False,DRY,NORMAL,0.0,2021-01-31,SYNTHETIC
SYN_MINE_01,A,SYN_TRUCK_015,dumper,8.0,t/h,7.0,7.0,5.385,1.615,0.0,0.0,1.0,0.7693,False,False,DRY,NORMAL,0.0,2021-01-31,SYNTHETIC
SYN_MINE_01,A,SYN_TRUCK_016,dumper,8.0,t/h,7.0,7.0,5.385,1.615,0.0,0.0,1.0,0.7693,False,False,DRY,NORMAL,0.0,2021-01-31,SYNTHETIC
SYN_MINE_01,A,SYN_TRUCK_017,dumper,8.0,t/h,7.0,7.0,5.385,1.615,0.0,0.0,1.0,0.7693,False,False,DRY,NORMAL,0.0,2021-01-31,SYNTHETIC
SYN_MINE_01,A,SYN_TRUCK_018,dumper,8.0,t/h,7.0,7.0,5.385,1.615,0.0,0.0,1.0,0.7693,False,False,DRY,NORMAL,0.0,2021-01-31,SYNTHETIC
