date,shift,mine_id,equipment_id,equipment_type,event_type,hours_in_shift,provenance
2021-01-01,A,SYN_MINE_01,SYN_DRILL_002,drill,BREAKDOWN,1.492,SYNTHETIC
2021-01-01,C,SYN_MINE_01,SYN_EXC_001,excavator,BREAKDOWN,3.458,SYNTHETIC
2021-01-01,B,SYN_MINE_01,SYN_TRUCK_011,dumper,BREAKDOWN,3.943,SYNTHETIC
2021-01-01,B,SYN_MINE_01,SYN_TRUCK_015,dumper,BREAKDOWN,5.03,SYNTHETIC
2021-01-02,B,SYN_MINE_01,SYN_DRILL_001,drill,BREAKDOWN,3.116,SYNTHETIC
2021-01-02,A,SYN_MINE_01,SYN_TRUCK_004,dumper,PREVENTIVE_MAINTENANCE,5.728,SYNTHETIC
2021-01-02,C,SYN_MINE_01,SYN_TRUCK_005,dumper,BREAKDOWN,2.453,SYNTHETIC
2021-01-02,B,SYN_MINE_01,SYN_TRUCK_006,dumper,BREAKDOWN,1.216,SYNTHETIC
2021-01-02,A,SYN_MINE_01,SYN_TRUCK_009,dumper,BREAKDOWN,3.542,SYNTHETIC
2021-01-02,A,SYN_MINE_01,SYN_TRUCK_018,dumper,BREAKDOWN,0.29,SYNTHETIC
2021-01-03,B,SYN_MINE_01,SYN_TRUCK_001,dumper,BREAKDOWN,3.114,SYNTHETIC
2021-01-03,A,SYN_MINE_01,SYN_TRUCK_005,dumper,BREAKDOWN,5.392,SYNTHETIC
2021-01-03,A,SYN_MINE_01,SYN_TRUCK_010,dumper,PREVENTIVE_MAINTENANCE,6.324,SYNTHETIC
2021-01-03,B,SYN_MINE_01,SYN_TRUCK_011,dumper,BREAKDOWN,3.602,SYNTHETIC
2021-01-03,C,SYN_MINE_01,SYN_TRUCK_016,dumper,BREAKDOWN,5.668,SYNTHETIC
2021-01-03,C,SYN_MINE_01,SYN_TRUCK_017,dumper,BREAKDOWN,2.453,SYNTHETIC
2021-01-04,A,SYN_MINE_01,SYN_TRUCK_001,dumper,PREVENTIVE_MAINTENANCE,4.197,SYNTHETIC
2021-01-04,A,SYN_MINE_01,SYN_TRUCK_005,dumper,BREAKDOWN,0.526,SYNTHETIC
2021-01-05,A,SYN_MINE_01,SYN_DRILL_001,drill,PREVENTIVE_MAINTENANCE,5.436,SYNTHETIC
2021-01-05,B,SYN_MINE_01,SYN_DRILL_002,drill,BREAKDOWN,4.409,SYNTHETIC
2021-01-05,A,SYN_MINE_01,SYN_EXC_001,excavator,PREVENTIVE_MAINTENANCE,6.351,SYNTHETIC
2021-01-05,B,SYN_MINE_01,SYN_TRUCK_002,dumper,BREAKDOWN,1.955,SYNTHETIC
2021-01-05,C,SYN_MINE_01,SYN_TRUCK_002,dumper,BREAKDOWN,1.487,SYNTHETIC
2021-01-05,C,SYN_MINE_01,SYN_TRUCK_006,dumper,BREAKDOWN,1.194,SYNTHETIC
2021-01-05,A,SYN_MINE_01,SYN_TRUCK_012,dumper,PREVENTIVE_MAINTENANCE,5.752,SYNTHETIC
2021-01-05,A,SYN_MINE_01,SYN_TRUCK_017,dumper,PREVENTIVE_MAINTENANCE,5.917,SYNTHETIC
2021-01-06,A,SYN_MINE_01,SYN_TRUCK_005,dumper,PREVENTIVE_MAINTENANCE,5.834,SYNTHETIC
2021-01-06,B,SYN_MINE_01,SYN_TRUCK_007,dumper,BREAKDOWN,4.071,SYNTHETIC
2021-01-06,C,SYN_MINE_01,SYN_TRUCK_016,dumper,BREAKDOWN,1.037,SYNTHETIC
2021-01-07,A,SYN_MINE_01,SYN_TRUCK_002,dumper,PREVENTIVE_MAINTENANCE,4.043,SYNTHETIC
2021-01-07,C,SYN_MINE_01,SYN_TRUCK_005,dumper,BREAKDOWN,0.435,SYNTHETIC
2021-01-07,A,SYN_MINE_01,SYN_TRUCK_006,dumper,PREVENTIVE_MAINTENANCE,7.0,SYNTHETIC
2021-01-07,C,SYN_MINE_01,SYN_TRUCK_008,dumper,BREAKDOWN,3.196,SYNTHETIC
2021-01-07,B,SYN_MINE_01,SYN_TRUCK_011,dumper,BREAKDOWN,4.434,SYNTHETIC
2021-01-08,B,SYN_MINE_01,SYN_TRUCK_002,dumper,BREAKDOWN,3.398,SYNTHETIC
2021-01-08,A,SYN_MINE_01,SYN_TRUCK_003,dumper,BREAKDOWN,1.559,SYNTHETIC
2021-01-08,B,SYN_MINE_01,SYN_TRUCK_003,dumper,BREAKDOWN,5.238,SYNTHETIC
2021-01-08,C,SYN_MINE_01,SYN_TRUCK_010,dumper,BREAKDOWN,3.28,SYNTHETIC
2021-01-08,A,SYN_MINE_01,SYN_TRUCK_015,dumper,BREAKDOWN,4.391,SYNTHETIC
2021-01-08,A,SYN_MINE_01,SYN_TRUCK_018,dumper,PREVENTIVE_MAINTENANCE,6.853,SYNTHETIC
2021-01-09,A,SYN_MINE_01,SYN_DRILL_002,drill,BREAKDOWN,0.282,SYNTHETIC
2021-01-09,C,SYN_MINE_01,SYN_EXC_002,excavator,BREAKDOWN,3.235,SYNTHETIC
2021-01-09,B,SYN_MINE_01,SYN_TRUCK_003,dumper,BREAKDOWN,5.765,SYNTHETIC
2021-01-09,C,SYN_MINE_01,SYN_TRUCK_005,dumper,BREAKDOWN,4.87,SYNTHETIC
2021-01-09,B,SYN_MINE_01,SYN_TRUCK_010,dumper,BREAKDOWN,2.907,SYNTHETIC
2021-01-09,A,SYN_MINE_01,SYN_TRUCK_011,dumper,PREVENTIVE_MAINTENANCE,7.0,SYNTHETIC
2021-01-09,B,SYN_MINE_01,SYN_TRUCK_011,dumper,BREAKDOWN,2.562,SYNTHETIC
2021-01-09,C,SYN_MINE_01,SYN_TRUCK_012,dumper,BREAKDOWN,0.88,SYNTHETIC
2021-01-10,A,SYN_MINE_01,SYN_DRILL_002,drill,PREVENTIVE_MAINTENANCE,5.795,SYNTHETIC
2021-01-10,B,SYN_MINE_01,SYN_DRILL_002,drill,BREAKDOWN,1.428,SYNTHETIC
2021-01-10,A,SYN_MINE_01,SYN_TRUCK_003,dumper,BREAKDOWN,4.575,SYNTHETIC
2021-01-10,B,SYN_MINE_01,SYN_TRUCK_005,dumper,BREAKDOWN,2.83,SYNTHETIC
2021-01-10,A,SYN_MINE_01,SYN_TRUCK_015,dumper,PREVENTIVE_MAINTENANCE,4.692,SYNTHETIC
2021-01-10,A,SYN_MINE_01,SYN_TRUCK_017,dumper,BREAKDOWN,6.884,SYNTHETIC
2021-01-11,A,SYN_MINE_01,SYN_EXC_002,excavator,PREVENTIVE_MAINTENANCE,6.093,SYNTHETIC
2021-01-11,B,SYN_MINE_01,SYN_TRUCK_004,dumper,BREAKDOWN,3.63,SYNTHETIC
2021-01-11,A,SYN_MINE_01,SYN_TRUCK_008,dumper,PREVENTIVE_MAINTENANCE,5.637,SYNTHETIC
2021-01-11,A,SYN_MINE_01,SYN_TRUCK_013,dumper,PREVENTIVE_MAINTENANCE,5.576,SYNTHETIC
2021-01-12,B,SYN_MINE_01,SYN_DRILL_001,drill,BREAKDOWN,3.792,SYNTHETIC
2021-01-12,A,SYN_MINE_01,SYN_DRILL_002,drill,BREAKDOWN,5.798,SYNTHETIC
2021-01-12,B,SYN_MINE_01,SYN_TRUCK_010,dumper,BREAKDOWN,4.276,SYNTHETIC
2021-01-12,B,SYN_MINE_01,SYN_TRUCK_018,dumper,BREAKDOWN,0.046,SYNTHETIC
2021-01-13,B,SYN_MINE_01,SYN_TRUCK_008,dumper,BREAKDOWN,4.2,SYNTHETIC
2021-01-13,A,SYN_MINE_01,SYN_TRUCK_009,dumper,PREVENTIVE_MAINTENANCE,4.079,SYNTHETIC
2021-01-13,C,SYN_MINE_01,SYN_TRUCK_014,dumper,BREAKDOWN,3.983,SYNTHETIC
2021-01-14,B,SYN_MINE_01,SYN_TRUCK_016,dumper,BREAKDOWN,3.55,SYNTHETIC
2021-01-14,B,SYN_MINE_01,SYN_TRUCK_018,dumper,BREAKDOWN,2.434,SYNTHETIC
2021-01-15,B,SYN_MINE_01,SYN_DRILL_001,drill,BREAKDOWN,4.498,SYNTHETIC
2021-01-15,B,SYN_MINE_01,SYN_EXC_002,excavator,BREAKDOWN,5.514,SYNTHETIC
2021-01-15,B,SYN_MINE_01,SYN_TRUCK_007,dumper,BREAKDOWN,5.494,SYNTHETIC
2021-01-15,A,SYN_MINE_01,SYN_TRUCK_009,dumper,BREAKDOWN,2.684,SYNTHETIC
2021-01-16,A,SYN_MINE_01,SYN_DRILL_001,drill,PREVENTIVE_MAINTENANCE,4.189,SYNTHETIC
2021-01-16,B,SYN_MINE_01,SYN_TRUCK_006,dumper,BREAKDOWN,0.381,SYNTHETIC
2021-01-16,B,SYN_MINE_01,SYN_TRUCK_009,dumper,BREAKDOWN,6.73,SYNTHETIC
2021-01-16,B,SYN_MINE_01,SYN_TRUCK_011,dumper,BREAKDOWN,1.313,SYNTHETIC
2021-01-16,A,SYN_MINE_01,SYN_TRUCK_014,dumper,PREVENTIVE_MAINTENANCE,5.847,SYNTHETIC
2021-01-16,B,SYN_MINE_01,SYN_TRUCK_014,dumper,BREAKDOWN,1.493,SYNTHETIC
2021-01-17,A,SYN_MINE_01,SYN_DRILL_002,drill,BREAKDOWN,2.059,SYNTHETIC
2021-01-17,A,SYN_MINE_01,SYN_TRUCK_002,dumper,BREAKDOWN,3.768,SYNTHETIC
2021-01-17,B,SYN_MINE_01,SYN_TRUCK_010,dumper,BREAKDOWN,0.219,SYNTHETIC
2021-01-17,C,SYN_MINE_01,SYN_TRUCK_017,dumper,BREAKDOWN,1.619,SYNTHETIC
2021-01-17,A,SYN_MINE_01,SYN_TRUCK_018,dumper,BREAKDOWN,2.913,SYNTHETIC
2021-01-18,B,SYN_MINE_01,SYN_DRILL_001,drill,BREAKDOWN,1.245,SYNTHETIC
2021-01-18,B,SYN_MINE_01,SYN_TRUCK_016,dumper,BREAKDOWN,0.13,SYNTHETIC
2021-01-19,A,SYN_MINE_01,SYN_TRUCK_003,dumper,PREVENTIVE_MAINTENANCE,5.914,SYNTHETIC
2021-01-19,A,SYN_MINE_01,SYN_TRUCK_007,dumper,PREVENTIVE_MAINTENANCE,6.201,SYNTHETIC
2021-01-19,C,SYN_MINE_01,SYN_TRUCK_016,dumper,BREAKDOWN,0.304,SYNTHETIC
2021-01-19,B,SYN_MINE_01,SYN_TRUCK_018,dumper,BREAKDOWN,3.66,SYNTHETIC
2021-01-20,C,SYN_MINE_01,SYN_TRUCK_002,dumper,BREAKDOWN,5.028,SYNTHETIC
2021-01-20,A,SYN_MINE_01,SYN_TRUCK_011,dumper,BREAKDOWN,1.274,SYNTHETIC
2021-01-20,A,SYN_MINE_01,SYN_TRUCK_012,dumper,BREAKDOWN,5.391,SYNTHETIC
2021-01-21,C,SYN_MINE_01,SYN_DRILL_002,drill,BREAKDOWN,3.144,SYNTHETIC
2021-01-21,A,SYN_MINE_01,SYN_EXC_001,excavator,PREVENTIVE_MAINTENANCE,7.0,SYNTHETIC
2021-01-21,A,SYN_MINE_01,SYN_TRUCK_004,dumper,PREVENTIVE_MAINTENANCE,7.0,SYNTHETIC
2021-01-21,B,SYN_MINE_01,SYN_TRUCK_008,dumper,BREAKDOWN,2.927,SYNTHETIC
2021-01-21,B,SYN_MINE_01,SYN_TRUCK_011,dumper,BREAKDOWN,4.116,SYNTHETIC
2021-01-21,B,SYN_MINE_01,SYN_TRUCK_012,dumper,BREAKDOWN,4.225,SYNTHETIC
2021-01-21,B,SYN_MINE_01,SYN_TRUCK_013,dumper,BREAKDOWN,1.752,SYNTHETIC
2021-01-21,A,SYN_MINE_01,SYN_TRUCK_016,dumper,PREVENTIVE_MAINTENANCE,6.553,SYNTHETIC
2021-01-22,A,SYN_MINE_01,SYN_DRILL_002,drill,PREVENTIVE_MAINTENANCE,5.378,SYNTHETIC
2021-01-22,C,SYN_MINE_01,SYN_TRUCK_014,dumper,BREAKDOWN,3.408,SYNTHETIC
2021-01-22,C,SYN_MINE_01,SYN_TRUCK_016,dumper,BREAKDOWN,2.58,SYNTHETIC
2021-01-23,A,SYN_MINE_01,SYN_TRUCK_001,dumper,PREVENTIVE_MAINTENANCE,7.0,SYNTHETIC
2021-01-23,C,SYN_MINE_01,SYN_TRUCK_001,dumper,BREAKDOWN,4.928,SYNTHETIC
2021-01-23,A,SYN_MINE_01,SYN_TRUCK_010,dumper,PREVENTIVE_MAINTENANCE,6.556,SYNTHETIC
2021-01-23,B,SYN_MINE_01,SYN_TRUCK_014,dumper,BREAKDOWN,3.829,SYNTHETIC
2021-01-23,B,SYN_MINE_01,SYN_TRUCK_017,dumper,BREAKDOWN,3.697,SYNTHETIC
2021-01-23,C,SYN_MINE_01,SYN_TRUCK_017,dumper,BREAKDOWN,3.365,SYNTHETIC
2021-01-23,B,SYN_MINE_01,SYN_TRUCK_018,dumper,BREAKDOWN,1.058,SYNTHETIC
2021-01-24,A,SYN_MINE_01,SYN_DRILL_001,drill,BREAKDOWN,1.303,SYNTHETIC
2021-01-24,A,SYN_MINE_01,SYN_EXC_001,excavator,BREAKDOWN,2.602,SYNTHETIC
2021-01-24,A,SYN_MINE_01,SYN_TRUCK_006,dumper,BREAKDOWN,0.525,SYNTHETIC
2021-01-24,A,SYN_MINE_01,SYN_TRUCK_007,dumper,BREAKDOWN,1.659,SYNTHETIC
2021-01-25,ALL,SYN_MINE_01,SITE,site,POWER_OUTAGE,2.99,SYNTHETIC
2021-01-25,A,SYN_MINE_01,SYN_DRILL_002,drill,BREAKDOWN,3.832,SYNTHETIC
2021-01-25,B,SYN_MINE_01,SYN_TRUCK_002,dumper,BREAKDOWN,0.382,SYNTHETIC
2021-01-25,A,SYN_MINE_01,SYN_TRUCK_005,dumper,BREAKDOWN,3.394,SYNTHETIC
2021-01-25,A,SYN_MINE_01,SYN_TRUCK_010,dumper,BREAKDOWN,2.79,SYNTHETIC
2021-01-25,C,SYN_MINE_01,SYN_TRUCK_015,dumper,BREAKDOWN,3.032,SYNTHETIC
2021-01-25,A,SYN_MINE_01,SYN_TRUCK_016,dumper,BREAKDOWN,3.885,SYNTHETIC
2021-01-26,A,SYN_MINE_01,SYN_TRUCK_003,dumper,BREAKDOWN,0.506,SYNTHETIC
2021-01-26,A,SYN_MINE_01,SYN_TRUCK_004,dumper,BREAKDOWN,1.503,SYNTHETIC
2021-01-26,A,SYN_MINE_01,SYN_TRUCK_006,dumper,BREAKDOWN,2.439,SYNTHETIC
2021-01-26,B,SYN_MINE_01,SYN_TRUCK_009,dumper,BREAKDOWN,1.609,SYNTHETIC
2021-01-26,A,SYN_MINE_01,SYN_TRUCK_012,dumper,PREVENTIVE_MAINTENANCE,4.101,SYNTHETIC
2021-01-26,A,SYN_MINE_01,SYN_TRUCK_017,dumper,PREVENTIVE_MAINTENANCE,6.017,SYNTHETIC
2021-01-27,A,SYN_MINE_01,SYN_DRILL_001,drill,PREVENTIVE_MAINTENANCE,4.629,SYNTHETIC
2021-01-27,A,SYN_MINE_01,SYN_EXC_002,excavator,PREVENTIVE_MAINTENANCE,6.27,SYNTHETIC
2021-01-27,A,SYN_MINE_01,SYN_TRUCK_002,dumper,PREVENTIVE_MAINTENANCE,6.652,SYNTHETIC
2021-01-27,B,SYN_MINE_01,SYN_TRUCK_003,dumper,BREAKDOWN,2.424,SYNTHETIC
2021-01-27,A,SYN_MINE_01,SYN_TRUCK_005,dumper,PREVENTIVE_MAINTENANCE,4.744,SYNTHETIC
2021-01-27,A,SYN_MINE_01,SYN_TRUCK_006,dumper,PREVENTIVE_MAINTENANCE,6.351,SYNTHETIC
2021-01-27,C,SYN_MINE_01,SYN_TRUCK_008,dumper,BREAKDOWN,3.425,SYNTHETIC
2021-01-28,B,SYN_MINE_01,SYN_TRUCK_015,dumper,BREAKDOWN,6.531,SYNTHETIC
2021-01-28,A,SYN_MINE_01,SYN_TRUCK_017,dumper,BREAKDOWN,1.901,SYNTHETIC
2021-01-28,A,SYN_MINE_01,SYN_TRUCK_018,dumper,BREAKDOWN,1.894,SYNTHETIC
2021-01-28,C,SYN_MINE_01,SYN_TRUCK_018,dumper,BREAKDOWN,3.218,SYNTHETIC
2021-01-29,B,SYN_MINE_01,SYN_TRUCK_001,dumper,BREAKDOWN,1.764,SYNTHETIC
2021-01-29,B,SYN_MINE_01,SYN_TRUCK_005,dumper,BREAKDOWN,2.834,SYNTHETIC
2021-01-29,A,SYN_MINE_01,SYN_TRUCK_011,dumper,PREVENTIVE_MAINTENANCE,5.222,SYNTHETIC
2021-01-30,C,SYN_MINE_01,SYN_TRUCK_006,dumper,BREAKDOWN,1.902,SYNTHETIC
2021-01-30,B,SYN_MINE_01,SYN_TRUCK_007,dumper,BREAKDOWN,5.999,SYNTHETIC
2021-01-30,A,SYN_MINE_01,SYN_TRUCK_013,dumper,PREVENTIVE_MAINTENANCE,6.499,SYNTHETIC
2021-01-30,A,SYN_MINE_01,SYN_TRUCK_015,dumper,PREVENTIVE_MAINTENANCE,4.405,SYNTHETIC
2021-01-30,A,SYN_MINE_01,SYN_TRUCK_018,dumper,PREVENTIVE_MAINTENANCE,6.716,SYNTHETIC
2021-01-31,C,SYN_MINE_01,SYN_TRUCK_001,dumper,BREAKDOWN,3.328,SYNTHETIC
2021-01-31,B,SYN_MINE_01,SYN_TRUCK_005,dumper,BREAKDOWN,5.163,SYNTHETIC
2021-01-31,B,SYN_MINE_01,SYN_TRUCK_006,dumper,BREAKDOWN,3.526,SYNTHETIC
2021-01-31,A,SYN_MINE_01,SYN_TRUCK_008,dumper,PREVENTIVE_MAINTENANCE,6.481,SYNTHETIC
2021-01-31,A,SYN_MINE_01,SYN_TRUCK_010,dumper,BREAKDOWN,0.293,SYNTHETIC
2021-01-31,B,SYN_MINE_01,SYN_TRUCK_011,dumper,BREAKDOWN,6.3,SYNTHETIC
2021-01-31,A,SYN_MINE_01,SYN_TRUCK_013,dumper,BREAKDOWN,3.432,SYNTHETIC
2021-01-31,B,SYN_MINE_01,SYN_TRUCK_013,dumper,BREAKDOWN,4.789,SYNTHETIC
2021-02-01,A,SYN_MINE_01,SYN_DRILL_002,drill,BREAKDOWN,3.524,SYNTHETIC
2021-02-02,C,SYN_MINE_01,SYN_DRILL_001,drill,BREAKDOWN,0.331,SYNTHETIC
2021-02-02,B,SYN_MINE_01,SYN_TRUCK_003,dumper,BREAKDOWN,3.105,SYNTHETIC
2021-02-02,C,SYN_MINE_01,SYN_TRUCK_006,dumper,BREAKDOWN,1.576,SYNTHETIC
2021-02-02,A,SYN_MINE_01,SYN_TRUCK_009,dumper,BREAKDOWN,4.247,SYNTHETIC
2021-02-02,B,SYN_MINE_01,SYN_TRUCK_013,dumper,BREAKDOWN,4.909,SYNTHETIC
2021-02-03,B,SYN_MINE_01,SYN_DRILL_001,drill,BREAKDOWN,0.309,SYNTHETIC
2021-02-03,A,SYN_MINE_01,SYN_DRILL_002,drill,PREVENTIVE_MAINTENANCE,5.254,SYNTHETIC
2021-02-03,A,SYN_MINE_01,SYN_TRUCK_009,dumper,PREVENTIVE_MAINTENANCE,4.867,SYNTHETIC
2021-02-03,C,SYN_MINE_01,SYN_TRUCK_010,dumper,BREAKDOWN,1.278,SYNTHETIC
2021-02-03,B,SYN_MINE_01,SYN_TRUCK_012,dumper,BREAKDOWN,1.932,SYNTHETIC
2021-02-04,B,SYN_MINE_01,SYN_DRILL_001,drill,BREAKDOWN,0.54,SYNTHETIC
2021-02-04,C,SYN_MINE_01,SYN_TRUCK_004,dumper,BREAKDOWN,1.747,SYNTHETIC
2021-02-04,C,SYN_MINE_01,SYN_TRUCK_005,dumper,BREAKDOWN,4.731,SYNTHETIC
2021-02-04,A,SYN_MINE_01,SYN_TRUCK_011,dumper,BREAKDOWN,1.57,SYNTHETIC
2021-02-04,A,SYN_MINE_01,SYN_TRUCK_012,dumper,BREAKDOWN,4.027,SYNTHETIC
2021-02-04,A,SYN_MINE_01,SYN_TRUCK_017,dumper,BREAKDOWN,2.156,SYNTHETIC
2021-02-05,A,SYN_MINE_01,SYN_TRUCK_012,dumper,BREAKDOWN,3.838,SYNTHETIC
2021-02-05,A,SYN_MINE_01,SYN_TRUCK_014,dumper,PREVENTIVE_MAINTENANCE,7.0,SYNTHETIC
2021-02-05,B,SYN_MINE_01,SYN_TRUCK_016,dumper,BREAKDOWN,3.158,SYNTHETIC
2021-02-06,A,SYN_MINE_01,SYN_EXC_001,excavator,PREVENTIVE_MAINTENANCE,7.0,SYNTHETIC
2021-02-06,A,SYN_MINE_01,SYN_TRUCK_007,dumper,BREAKDOWN,1.958,SYNTHETIC
2021-02-06,A,SYN_MINE_01,SYN_TRUCK_011,dumper,BREAKDOWN,5.71,SYNTHETIC
2021-02-06,C,SYN_MINE_01,SYN_TRUCK_017,dumper,BREAKDOWN,5.325,SYNTHETIC
2021-02-06,B,SYN_MINE_01,SYN_TRUCK_018,dumper,BREAKDOWN,0.252,SYNTHETIC
2021-02-07,A,SYN_MINE_01,SYN_DRILL_001,drill,PREVENTIVE_MAINTENANCE,5.083,SYNTHETIC
2021-02-07,B,SYN_MINE_01,SYN_TRUCK_001,dumper,BREAKDOWN,1.95,SYNTHETIC
2021-02-07,B,SYN_MINE_01,SYN_TRUCK_003,dumper,BREAKDOWN,1.562,SYNTHETIC
2021-02-07,B,SYN_MINE_01,SYN_TRUCK_007,dumper,BREAKDOWN,1.211,SYNTHETIC
2021-02-07,C,SYN_MINE_01,SYN_TRUCK_009,dumper,BREAKDOWN,0.798,SYNTHETIC
2021-02-07,C,SYN_MINE_01,SYN_TRUCK_010,dumper,BREAKDOWN,2.957,SYNTHETIC
2021-02-07,B,SYN_MINE_01,SYN_TRUCK_012,dumper,BREAKDOWN,2.486,SYNTHETIC
2021-02-07,B,SYN_MINE_01,SYN_TRUCK_017,dumper,BREAKDOWN,0.588,SYNTHETIC
2021-02-08,A,SYN_MINE_01,SYN_DRILL_002,drill,BREAKDOWN,3.785,SYNTHETIC
2021-02-08,C,SYN_MINE_01,SYN_TRUCK_007,dumper,BREAKDOWN,1.176,SYNTHETIC
2021-02-08,C,SYN_MINE_01,SYN_TRUCK_010,dumper,BREAKDOWN,3.019,SYNTHETIC
2021-02-08,A,SYN_MINE_01,SYN_TRUCK_011,dumper,BREAKDOWN,4.15,SYNTHETIC
2021-02-09,B,SYN_MINE_01,SYN_EXC_001,excavator,BREAKDOWN,2.803,SYNTHETIC
2021-02-09,A,SYN_MINE_01,SYN_TRUCK_002,dumper,BREAKDOWN,5.071,SYNTHETIC
2021-02-09,A,SYN_MINE_01,SYN_TRUCK_003,dumper,PREVENTIVE_MAINTENANCE,4.763,SYNTHETIC
2021-02-09,B,SYN_MINE_01,SYN_TRUCK_011,dumper,BREAKDOWN,3.962,SYNTHETIC
2021-02-09,C,SYN_MINE_01,SYN_TRUCK_015,dumper,BREAKDOWN,2.717,SYNTHETIC
2021-02-09,A,SYN_MINE_01,SYN_TRUCK_017,dumper,BREAKDOWN,0.402,SYNTHETIC
2021-02-10,C,SYN_MINE_01,SYN_DRILL_002,drill,BREAKDOWN,3.814,SYNTHETIC
2021-02-10,B,SYN_MINE_01,SYN_EXC_001,excavator,BREAKDOWN,1.817,SYNTHETIC
2021-02-10,A,SYN_MINE_01,SYN_TRUCK_004,dumper,PREVENTIVE_MAINTENANCE,5.764,SYNTHETIC
2021-02-10,A,SYN_MINE_01,SYN_TRUCK_005,dumper,BREAKDOWN,1.014,SYNTHETIC
2021-02-10,A,SYN_MINE_01,SYN_TRUCK_007,dumper,PREVENTIVE_MAINTENANCE,5.697,SYNTHETIC
2021-02-10,A,SYN_MINE_01,SYN_TRUCK_016,dumper,PREVENTIVE_MAINTENANCE,6.741,SYNTHETIC
2021-02-10,B,SYN_MINE_01,SYN_TRUCK_018,dumper,BREAKDOWN,2.819,SYNTHETIC
2021-02-10,C,SYN_MINE_01,SYN_TRUCK_018,dumper,BREAKDOWN,2.423,SYNTHETIC
2021-02-11,A,SYN_MINE_01,SYN_TRUCK_001,dumper,BREAKDOWN,6.754,SYNTHETIC
2021-02-11,A,SYN_MINE_01,SYN_TRUCK_005,dumper,BREAKDOWN,1.457,SYNTHETIC
2021-02-11,A,SYN_MINE_01,SYN_TRUCK_007,dumper,BREAKDOWN,4.983,SYNTHETIC
2021-02-11,B,SYN_MINE_01,SYN_TRUCK_012,dumper,BREAKDOWN,1.008,SYNTHETIC
2021-02-12,A,SYN_MINE_01,SYN_EXC_001,excavator,BREAKDOWN,3.686,SYNTHETIC
2021-02-12,A,SYN_MINE_01,SYN_EXC_002,excavator,PREVENTIVE_MAINTENANCE,7.0,SYNTHETIC
2021-02-12,C,SYN_MINE_01,SYN_TRUCK_014,dumper,BREAKDOWN,0.014,SYNTHETIC
2021-02-13,B,SYN_MINE_01,SYN_DRILL_001,drill,BREAKDOWN,5.511,SYNTHETIC
2021-02-13,A,SYN_MINE_01,SYN_TRUCK_001,dumper,PREVENTIVE_MAINTENANCE,7.0,SYNTHETIC
2021-02-13,B,SYN_MINE_01,SYN_TRUCK_005,dumper,BREAKDOWN,1.289,SYNTHETIC
2021-02-13,B,SYN_MINE_01,SYN_TRUCK_006,dumper,BREAKDOWN,1.709,SYNTHETIC
2021-02-13,A,SYN_MINE_01,SYN_TRUCK_010,dumper,PREVENTIVE_MAINTENANCE,5.804,SYNTHETIC
2021-02-13,C,SYN_MINE_01,SYN_TRUCK_013,dumper,BREAKDOWN,1.573,SYNTHETIC
2021-02-14,B,SYN_MINE_01,SYN_DRILL_001,drill,BREAKDOWN,1.981,SYNTHETIC
2021-02-14,A,SYN_MINE_01,SYN_DRILL_002,drill,PREVENTIVE_MAINTENANCE,5.277,SYNTHETIC
2021-02-14,A,SYN_MINE_01,SYN_TRUCK_002,dumper,BREAKDOWN,3.99,SYNTHETIC
2021-02-14,A,SYN_MINE_01,SYN_TRUCK_006,dumper,BREAKDOWN,4.982,SYNTHETIC
2021-02-15,C,SYN_MINE_01,SYN_TRUCK_002,dumper,BREAKDOWN,1.23,SYNTHETIC
2021-02-15,A,SYN_MINE_01,SYN_TRUCK_011,dumper,BREAKDOWN,5.925,SYNTHETIC
2021-02-15,A,SYN_MINE_01,SYN_TRUCK_012,dumper,PREVENTIVE_MAINTENANCE,6.612,SYNTHETIC
2021-02-15,B,SYN_MINE_01,SYN_TRUCK_013,dumper,BREAKDOWN,1.939,SYNTHETIC
2021-02-15,A,SYN_MINE_01,SYN_TRUCK_016,dumper,BREAKDOWN,3.285,SYNTHETIC
2021-02-15,A,SYN_MINE_01,SYN_TRUCK_017,dumper,PREVENTIVE_MAINTENANCE,4.713,SYNTHETIC
2021-02-16,A,SYN_MINE_01,SYN_DRILL_001,drill,BREAKDOWN,0.092,SYNTHETIC
2021-02-16,C,SYN_MINE_01,SYN_DRILL_001,drill,BREAKDOWN,3.017,SYNTHETIC
2021-02-16,A,SYN_MINE_01,SYN_TRUCK_006,dumper,PREVENTIVE_MAINTENANCE,5.483,SYNTHETIC
2021-02-16,A,SYN_MINE_01,SYN_TRUCK_011,dumper,BREAKDOWN,0.329,SYNTHETIC
2021-02-17,C,SYN_MINE_01,SYN_TRUCK_001,dumper,BREAKDOWN,5.429,SYNTHETIC
2021-02-17,A,SYN_MINE_01,SYN_TRUCK_002,dumper,PREVENTIVE_MAINTENANCE,4.839,SYNTHETIC
2021-02-17,A,SYN_MINE_01,SYN_TRUCK_005,dumper,PREVENTIVE_MAINTENANCE,5.702,SYNTHETIC
2021-02-17,A,SYN_MINE_01,SYN_TRUCK_008,dumper,BREAKDOWN,2.793,SYNTHETIC
2021-02-18,C,SYN_MINE_01,SYN_TRUCK_008,dumper,BREAKDOWN,3.56,SYNTHETIC
2021-02-18,A,SYN_MINE_01,SYN_TRUCK_015,dumper,PREVENTIVE_MAINTENANCE,7.0,SYNTHETIC
2021-02-19,A,SYN_MINE_01,SYN_DRILL_001,drill,PREVENTIVE_MAINTENANCE,5.001,SYNTHETIC
2021-02-19,C,SYN_MINE_01,SYN_DRILL_001,drill,BREAKDOWN,3.575,SYNTHETIC
2021-02-19,C,SYN_MINE_01,SYN_TRUCK_002,dumper,BREAKDOWN,1.858,SYNTHETIC
2021-02-19,C,SYN_MINE_01,SYN_TRUCK_009,dumper,BREAKDOWN,0.554,SYNTHETIC
2021-02-19,A,SYN_MINE_01,SYN_TRUCK_011,dumper,PREVENTIVE_MAINTENANCE,4.382,SYNTHETIC
2021-02-19,A,SYN_MINE_01,SYN_TRUCK_013,dumper,PREVENTIVE_MAINTENANCE,7.0,SYNTHETIC
2021-02-19,B,SYN_MINE_01,SYN_TRUCK_016,dumper,BREAKDOWN,2.184,SYNTHETIC
2021-02-20,B,SYN_MINE_01,SYN_DRILL_002,drill,BREAKDOWN,0.169,SYNTHETIC
2021-02-20,A,SYN_MINE_01,SYN_TRUCK_008,dumper,PREVENTIVE_MAINTENANCE,7.0,SYNTHETIC
2021-02-20,C,SYN_MINE_01,SYN_TRUCK_008,dumper,BREAKDOWN,1.606,SYNTHETIC
2021-02-21,B,SYN_MINE_01,SYN_EXC_001,excavator,BREAKDOWN,1.677,SYNTHETIC
2021-02-21,C,SYN_MINE_01,SYN_TRUCK_001,dumper,BREAKDOWN,5.246,SYNTHETIC
2021-02-21,B,SYN_MINE_01,SYN_TRUCK_002,dumper,BREAKDOWN,4.512,SYNTHETIC
2021-02-21,A,SYN_MINE_01,SYN_TRUCK_005,dumper,BREAKDOWN,2.368,SYNTHETIC
2021-02-21,C,SYN_MINE_01,SYN_TRUCK_010,dumper,BREAKDOWN,2.282,SYNTHETIC
2021-02-22,A,SYN_MINE_01,SYN_DRILL_001,drill,BREAKDOWN,0.753,SYNTHETIC
2021-02-22,A,SYN_MINE_01,SYN_EXC_001,excavator,BREAKDOWN,3.682,SYNTHETIC
2021-02-22,A,SYN_MINE_01,SYN_TRUCK_003,dumper,BREAKDOWN,3.421,SYNTHETIC
2021-02-23,B,SYN_MINE_01,SYN_DRILL_001,drill,BREAKDOWN,1.031,SYNTHETIC
2021-02-23,A,SYN_MINE_01,SYN_TRUCK_009,dumper,PREVENTIVE_MAINTENANCE,5.028,SYNTHETIC
2021-02-23,A,SYN_MINE_01,SYN_TRUCK_011,dumper,BREAKDOWN,5.783,SYNTHETIC
2021-02-23,C,SYN_MINE_01,SYN_TRUCK_017,dumper,BREAKDOWN,3.026,SYNTHETIC
2021-02-24,C,SYN_MINE_01,SYN_TRUCK_007,dumper,BREAKDOWN,5.822,SYNTHETIC
2021-02-24,A,SYN_MINE_01,SYN_TRUCK_014,dumper,PREVENTIVE_MAINTENANCE,7.0,SYNTHETIC
2021-02-24,A,SYN_MINE_01,SYN_TRUCK_015,dumper,BREAKDOWN,2.95,SYNTHETIC
2021-02-24,C,SYN_MINE_01,SYN_TRUCK_017,dumper,BREAKDOWN,1.946,SYNTHETIC
2021-02-25,A,SYN_MINE_01,SYN_DRILL_002,drill,PREVENTIVE_MAINTENANCE,5.538,SYNTHETIC
2021-02-25,A,SYN_MINE_01,SYN_EXC_001,excavator,PREVENTIVE_MAINTENANCE,7.0,SYNTHETIC
2021-02-25,A,SYN_MINE_01,SYN_TRUCK_003,dumper,BREAKDOWN,3.124,SYNTHETIC
2021-02-26,A,SYN_MINE_01,SYN_TRUCK_002,dumper,BREAKDOWN,3.163,SYNTHETIC
2021-02-26,B,SYN_MINE_01,SYN_TRUCK_008,dumper,BREAKDOWN,5.031,SYNTHETIC
2021-02-26,B,SYN_MINE_01,SYN_TRUCK_015,dumper,BREAKDOWN,1.679,SYNTHETIC
2021-02-27,A,SYN_MINE_01,SYN_DRILL_002,drill,BREAKDOWN,5.242,SYNTHETIC
2021-02-27,B,SYN_MINE_01,SYN_TRUCK_002,dumper,BREAKDOWN,1.75,SYNTHETIC
2021-02-27,C,SYN_MINE_01,SYN_TRUCK_004,dumper,BREAKDOWN,3.321,SYNTHETIC
2021-02-27,A,SYN_MINE_01,SYN_TRUCK_007,dumper,BREAKDOWN,4.434,SYNTHETIC
2021-02-28,A,SYN_MINE_01,SYN_EXC_002,excavator,PREVENTIVE_MAINTENANCE,7.0,SYNTHETIC
2021-02-28,A,SYN_MINE_01,SYN_TRUCK_003,dumper,PREVENTIVE_MAINTENANCE,5.747,SYNTHETIC
2021-02-28,C,SYN_MINE_01,SYN_TRUCK_010,dumper,BREAKDOWN,4.328,SYNTHETIC
2021-02-28,B,SYN_MINE_01,SYN_TRUCK_014,dumper,BREAKDOWN,3.181,SYNTHETIC
2021-02-28,A,SYN_MINE_01,SYN_TRUCK_017,dumper,BREAKDOWN,5.345,SYNTHETIC
2021-03-01,A,SYN_MINE_01,SYN_TRUCK_004,dumper,PREVENTIVE_MAINTENANCE,6.387,SYNTHETIC
2021-03-01,A,SYN_MINE_01,SYN_TRUCK_016,dumper,PREVENTIVE_MAINTENANCE,6.768,SYNTHETIC
2021-03-02,A,SYN_MINE_01,SYN_DRILL_001,drill,PREVENTIVE_MAINTENANCE,4.824,SYNTHETIC
2021-03-02,A,SYN_MINE_01,SYN_TRUCK_007,dumper,PREVENTIVE_MAINTENANCE,6.859,SYNTHETIC
2021-03-02,B,SYN_MINE_01,SYN_TRUCK_009,dumper,BREAKDOWN,1.015,SYNTHETIC
2021-03-02,A,SYN_MINE_01,SYN_TRUCK_012,dumper,BREAKDOWN,4.407,SYNTHETIC
2021-03-02,A,SYN_MINE_01,SYN_TRUCK_013,dumper,BREAKDOWN,2.651,SYNTHETIC
2021-03-03,ALL,SYN_MINE_01,SITE,site,WEATHER_SITE_STOPPAGE,10.66,SYNTHETIC
2021-03-03,C,SYN_MINE_01,SYN_DRILL_001,drill,BREAKDOWN,2.314,SYNTHETIC
2021-03-03,C,SYN_MINE_01,SYN_TRUCK_001,dumper,BREAKDOWN,0.402,SYNTHETIC
2021-03-03,B,SYN_MINE_01,SYN_TRUCK_002,dumper,BREAKDOWN,5.82,SYNTHETIC
2021-03-04,A,SYN_MINE_01,SYN_TRUCK_005,dumper,BREAKDOWN,3.212,SYNTHETIC
2021-03-04,A,SYN_MINE_01,SYN_TRUCK_010,dumper,BREAKDOWN,1.888,SYNTHETIC
2021-03-04,C,SYN_MINE_01,SYN_TRUCK_010,dumper,BREAKDOWN,4.954,SYNTHETIC
2021-03-04,C,SYN_MINE_01,SYN_TRUCK_012,dumper,BREAKDOWN,2.975,SYNTHETIC
2021-03-04,B,SYN_MINE_01,SYN_TRUCK_015,dumper,BREAKDOWN,6.974,SYNTHETIC
2021-03-04,C,SYN_MINE_01,SYN_TRUCK_015,dumper,BREAKDOWN,5.479,SYNTHETIC
2021-03-04,C,SYN_MINE_01,SYN_TRUCK_017,dumper,BREAKDOWN,2.817,SYNTHETIC
2021-03-05,A,SYN_MINE_01,SYN_DRILL_002,drill,BREAKDOWN,4.95,SYNTHETIC
2021-03-05,B,SYN_MINE_01,SYN_TRUCK_004,dumper,BREAKDOWN,5.649,SYNTHETIC
2021-03-05,A,SYN_MINE_01,SYN_TRUCK_007,dumper,BREAKDOWN,6.635,SYNTHETIC
2021-03-05,C,SYN_MINE_01,SYN_TRUCK_017,dumper,BREAKDOWN,1.849,SYNTHETIC
2021-03-06,B,SYN_MINE_01,SYN_TRUCK_003,dumper,BREAKDOWN,2.574,SYNTHETIC
2021-03-06,A,SYN_MINE_01,SYN_TRUCK_010,dumper,PREVENTIVE_MAINTENANCE,6.219,SYNTHETIC
2021-03-06,C,SYN_MINE_01,SYN_TRUCK_011,dumper,BREAKDOWN,0.788,SYNTHETIC
2021-03-06,B,SYN_MINE_01,SYN_TRUCK_012,dumper,BREAKDOWN,0.574,SYNTHETIC
2021-03-06,B,SYN_MINE_01,SYN_TRUCK_017,dumper,BREAKDOWN,5.983,SYNTHETIC
2021-03-07,B,SYN_MINE_01,SYN_DRILL_002,drill,BREAKDOWN,1.373,SYNTHETIC
2021-03-07,A,SYN_MINE_01,SYN_TRUCK_001,dumper,PREVENTIVE_MAINTENANCE,7.0,SYNTHETIC
2021-03-07,A,SYN_MINE_01,SYN_TRUCK_006,dumper,PREVENTIVE_MAINTENANCE,7.0,SYNTHETIC
2021-03-07,C,SYN_MINE_01,SYN_TRUCK_012,dumper,BREAKDOWN,0.24,SYNTHETIC
2021-03-07,A,SYN_MINE_01,SYN_TRUCK_016,dumper,BREAKDOWN,2.819,SYNTHETIC
2021-03-07,C,SYN_MINE_01,SYN_TRUCK_017,dumper,BREAKDOWN,0.405,SYNTHETIC
2021-03-08,A,SYN_MINE_01,SYN_DRILL_001,drill,BREAKDOWN,2.979,SYNTHETIC
2021-03-08,B,SYN_MINE_01,SYN_TRUCK_002,dumper,BREAKDOWN,2.203,SYNTHETIC
2021-03-08,B,SYN_MINE_01,SYN_TRUCK_013,dumper,BREAKDOWN,0.389,SYNTHETIC
2021-03-08,C,SYN_MINE_01,SYN_TRUCK_017,dumper,BREAKDOWN,3.876,SYNTHETIC
2021-03-09,A,SYN_MINE_01,SYN_DRILL_002,drill,PREVENTIVE_MAINTENANCE,4.686,SYNTHETIC
2021-03-09,B,SYN_MINE_01,SYN_TRUCK_004,dumper,BREAKDOWN,0.267,SYNTHETIC
2021-03-09,A,SYN_MINE_01,SYN_TRUCK_005,dumper,PREVENTIVE_MAINTENANCE,4.441,SYNTHETIC
2021-03-09,A,SYN_MINE_01,SYN_TRUCK_012,dumper,PREVENTIVE_MAINTENANCE,5.718,SYNTHETIC
2021-03-09,C,SYN_MINE_01,SYN_TRUCK_012,dumper,BREAKDOWN,2.365,SYNTHETIC
2021-03-09,A,SYN_MINE_01,SYN_TRUCK_017,dumper,PREVENTIVE_MAINTENANCE,4.793,SYNTHETIC
2021-03-10,B,SYN_MINE_01,SYN_DRILL_001,drill,BREAKDOWN,3.061,SYNTHETIC
2021-03-10,A,SYN_MINE_01,SYN_TRUCK_005,dumper,BREAKDOWN,3.011,SYNTHETIC
2021-03-10,B,SYN_MINE_01,SYN_TRUCK_005,dumper,BREAKDOWN,4.222,SYNTHETIC
2021-03-10,A,SYN_MINE_01,SYN_TRUCK_011,dumper,BREAKDOWN,0.719,SYNTHETIC
2021-03-10,A,SYN_MINE_01,SYN_TRUCK_014,dumper,BREAKDOWN,2.814,SYNTHETIC
2021-03-10,A,SYN_MINE_01,SYN_TRUCK_016,dumper,BREAKDOWN,2.024,SYNTHETIC
2021-03-10,C,SYN_MINE_01,SYN_TRUCK_017,dumper,BREAKDOWN,2.83,SYNTHETIC
2021-03-11,A,SYN_MINE_01,SYN_TRUCK_002,dumper,PREVENTIVE_MAINTENANCE,7.0,SYNTHETIC
2021-03-11,A,SYN_MINE_01,SYN_TRUCK_011,dumper,PREVENTIVE_MAINTENANCE,5.682,SYNTHETIC
2021-03-11,A,SYN_MINE_01,SYN_TRUCK_013,dumper,PREVENTIVE_MAINTENANCE,4.781,SYNTHETIC
2021-03-12,B,SYN_MINE_01,SYN_EXC_002,excavator,BREAKDOWN,2.045,SYNTHETIC
2021-03-12,A,SYN_MINE_01,SYN_TRUCK_002,dumper,BREAKDOWN,4.323,SYNTHETIC
2021-03-12,A,SYN_MINE_01,SYN_TRUCK_008,dumper,PREVENTIVE_MAINTENANCE,4.959,SYNTHETIC
2021-03-12,A,SYN_MINE_01,SYN_TRUCK_015,dumper,PREVENTIVE_MAINTENANCE,5.434,SYNTHETIC
2021-03-13,A,SYN_MINE_01,SYN_EXC_001,excavator,PREVENTIVE_MAINTENANCE,7.0,SYNTHETIC
2021-03-13,B,SYN_MINE_01,SYN_TRUCK_002,dumper,BREAKDOWN,4.34,SYNTHETIC
2021-03-13,B,SYN_MINE_01,SYN_TRUCK_009,dumper,BREAKDOWN,1.812,SYNTHETIC
2021-03-13,C,SYN_MINE_01,SYN_TRUCK_017,dumper,BREAKDOWN,0.552,SYNTHETIC
2021-03-14,B,SYN_MINE_01,SYN_DRILL_002,drill,BREAKDOWN,3.988,SYNTHETIC
2021-03-14,C,SYN_MINE_01,SYN_TRUCK_001,dumper,BREAKDOWN,1.598,SYNTHETIC
2021-03-14,A,SYN_MINE_01,SYN_TRUCK_009,dumper,PREVENTIVE_MAINTENANCE,6.378,SYNTHETIC
2021-03-14,C,SYN_MINE_01,SYN_TRUCK_010,dumper,BREAKDOWN,1.502,SYNTHETIC
2021-03-14,B,SYN_MINE_01,SYN_TRUCK_012,dumper,BREAKDOWN,4.048,SYNTHETIC
2021-03-14,A,SYN_MINE_01,SYN_TRUCK_014,dumper,BREAKDOWN,1.772,SYNTHETIC
2021-03-15,A,SYN_MINE_01,SYN_DRILL_001,drill,PREVENTIVE_MAINTENANCE,5.52,SYNTHETIC
2021-03-15,A,SYN_MINE_01,SYN_DRILL_002,drill,BREAKDOWN,2.042,SYNTHETIC
2021-03-15,C,SYN_MINE_01,SYN_TRUCK_011,dumper,BREAKDOWN,5.389,SYNTHETIC
2021-03-15,A,SYN_MINE_01,SYN_TRUCK_014,dumper,BREAKDOWN,3.509,SYNTHETIC
2021-03-15,B,SYN_MINE_01,SYN_TRUCK_015,dumper,BREAKDOWN,0.041,SYNTHETIC
2021-03-16,A,SYN_MINE_01,SYN_EXC_002,excavator,BREAKDOWN,6.91,SYNTHETIC
2021-03-16,C,SYN_MINE_01,SYN_TRUCK_005,dumper,BREAKDOWN,1.058,SYNTHETIC
2021-03-16,A,SYN_MINE_01,SYN_TRUCK_008,dumper,BREAKDOWN,1.655,SYNTHETIC
2021-03-16,A,SYN_MINE_01,SYN_TRUCK_014,dumper,PREVENTIVE_MAINTENANCE,6.917,SYNTHETIC
2021-03-17,A,SYN_MINE_01,SYN_EXC_002,excavator,PREVENTIVE_MAINTENANCE,7.0,SYNTHETIC
2021-03-17,C,SYN_MINE_01,SYN_TRUCK_003,dumper,BREAKDOWN,0.924,SYNTHETIC
2021-03-17,B,SYN_MINE_01,SYN_TRUCK_004,dumper,BREAKDOWN,3.305,SYNTHETIC
2021-03-17,A,SYN_MINE_01,SYN_TRUCK_006,dumper,BREAKDOWN,3.269,SYNTHETIC
2021-03-17,B,SYN_MINE_01,SYN_TRUCK_016,dumper,BREAKDOWN,3.593,SYNTHETIC
2021-03-18,C,SYN_MINE_01,SYN_DRILL_002,drill,BREAKDOWN,1.841,SYNTHETIC
2021-03-18,B,SYN_MINE_01,SYN_TRUCK_003,dumper,BREAKDOWN,2.069,SYNTHETIC
2021-03-18,B,SYN_MINE_01,SYN_TRUCK_007,dumper,BREAKDOWN,6.804,SYNTHETIC
2021-03-18,A,SYN_MINE_01,SYN_TRUCK_008,dumper,BREAKDOWN,1.458,SYNTHETIC
2021-03-18,B,SYN_MINE_01,SYN_TRUCK_010,dumper,BREAKDOWN,2.172,SYNTHETIC
2021-03-20,B,SYN_MINE_01,SYN_DRILL_002,drill,BREAKDOWN,0.583,SYNTHETIC
2021-03-20,B,SYN_MINE_01,SYN_TRUCK_013,dumper,BREAKDOWN,6.199,SYNTHETIC
2021-03-20,A,SYN_MINE_01,SYN_TRUCK_015,dumper,BREAKDOWN,3.328,SYNTHETIC
2021-03-21,B,SYN_MINE_01,SYN_EXC_002,excavator,BREAKDOWN,0.062,SYNTHETIC
2021-03-21,A,SYN_MINE_01,SYN_TRUCK_004,dumper,PREVENTIVE_MAINTENANCE,7.0,SYNTHETIC
2021-03-21,B,SYN_MINE_01,SYN_TRUCK_005,dumper,BREAKDOWN,1.721,SYNTHETIC
2021-03-21,C,SYN_MINE_01,SYN_TRUCK_008,dumper,BREAKDOWN,4.682,SYNTHETIC
2021-03-21,A,SYN_MINE_01,SYN_TRUCK_011,dumper,BREAKDOWN,1.468,SYNTHETIC
2021-03-21,C,SYN_MINE_01,SYN_TRUCK_011,dumper,BREAKDOWN,3.103,SYNTHETIC
2021-03-21,B,SYN_MINE_01,SYN_TRUCK_014,dumper,BREAKDOWN,0.4,SYNTHETIC
2021-03-21,A,SYN_MINE_01,SYN_TRUCK_016,dumper,PREVENTIVE_MAINTENANCE,7.0,SYNTHETIC
2021-03-22,B,SYN_MINE_01,SYN_DRILL_001,drill,BREAKDOWN,0.233,SYNTHETIC
2021-03-22,A,SYN_MINE_01,SYN_TRUCK_002,dumper,BREAKDOWN,2.643,SYNTHETIC
2021-03-22,A,SYN_MINE_01,SYN_TRUCK_003,dumper,PREVENTIVE_MAINTENANCE,5.12,SYNTHETIC
2021-03-22,C,SYN_MINE_01,SYN_TRUCK_008,dumper,BREAKDOWN,5.314,SYNTHETIC
2021-03-22,C,SYN_MINE_01,SYN_TRUCK_015,dumper,BREAKDOWN,1.709,SYNTHETIC
2021-03-23,A,SYN_MINE_01,SYN_DRILL_001,drill,BREAKDOWN,0.584,SYNTHETIC
2021-03-23,A,SYN_MINE_01,SYN_DRILL_002,drill,PREVENTIVE_MAINTENANCE,5.321,SYNTHETIC
2021-03-23,A,SYN_MINE_01,SYN_EXC_001,excavator,BREAKDOWN,4.005,SYNTHETIC
2021-03-23,C,SYN_MINE_01,SYN_EXC_002,excavator,BREAKDOWN,3.256,SYNTHETIC
2021-03-23,A,SYN_MINE_01,SYN_TRUCK_006,dumper,BREAKDOWN,0.834,SYNTHETIC
2021-03-23,A,SYN_MINE_01,SYN_TRUCK_007,dumper,PREVENTIVE_MAINTENANCE,7.0,SYNTHETIC
2021-03-23,A,SYN_MINE_01,SYN_TRUCK_013,dumper,BREAKDOWN,1.272,SYNTHETIC
2021-03-24,C,SYN_MINE_01,SYN_TRUCK_002,dumper,BREAKDOWN,2.454,SYNTHETIC
2021-03-24,B,SYN_MINE_01,SYN_TRUCK_007,dumper,BREAKDOWN,2.822,SYNTHETIC
2021-03-24,B,SYN_MINE_01,SYN_TRUCK_011,dumper,BREAKDOWN,6.941,SYNTHETIC
2021-03-24,B,SYN_MINE_01,SYN_TRUCK_017,dumper,BREAKDOWN,5.103,SYNTHETIC
2021-03-25,A,SYN_MINE_01,SYN_TRUCK_010,dumper,PREVENTIVE_MAINTENANCE,4.76,SYNTHETIC
2021-03-25,B,SYN_MINE_01,SYN_TRUCK_012,dumper,BREAKDOWN,2.979,SYNTHETIC
2021-03-25,B,SYN_MINE_01,SYN_TRUCK_013,dumper,BREAKDOWN,0.971,SYNTHETIC
2021-03-26,A,SYN_MINE_01,SYN_DRILL_001,drill,PREVENTIVE_MAINTENANCE,5.256,SYNTHETIC
2021-03-26,A,SYN_MINE_01,SYN_TRUCK_001,dumper,PREVENTIVE_MAINTENANCE,6.07,SYNTHETIC
2021-03-26,B,SYN_MINE_01,SYN_TRUCK_002,dumper,BREAKDOWN,1.791,SYNTHETIC
2021-03-26,A,SYN_MINE_01,SYN_TRUCK_006,dumper,PREVENTIVE_MAINTENANCE,5.752,SYNTHETIC
2021-03-26,A,SYN_MINE_01,SYN_TRUCK_009,dumper,BREAKDOWN,4.702,SYNTHETIC
2021-03-26,A,SYN_MINE_01,SYN_TRUCK_011,dumper,BREAKDOWN,2.435,SYNTHETIC
2021-03-27,B,SYN_MINE_01,SYN_TRUCK_005,dumper,BREAKDOWN,1.255,SYNTHETIC
2021-03-27,C,SYN_MINE_01,SYN_TRUCK_011,dumper,BREAKDOWN,5.992,SYNTHETIC
2021-03-27,C,SYN_MINE_01,SYN_TRUCK_014,dumper,BREAKDOWN,1.691,SYNTHETIC
2021-03-27,B,SYN_MINE_01,SYN_TRUCK_015,dumper,BREAKDOWN,4.111,SYNTHETIC
2021-03-27,C,SYN_MINE_01,SYN_TRUCK_017,dumper,BREAKDOWN,4.866,SYNTHETIC
2021-03-28,A,SYN_MINE_01,SYN_TRUCK_001,dumper,BREAKDOWN,5.397,SYNTHETIC
2021-03-28,B,SYN_MINE_01,SYN_TRUCK_006,dumper,BREAKDOWN,2.917,SYNTHETIC
2021-03-28,A,SYN_MINE_01,SYN_TRUCK_012,dumper,PREVENTIVE_MAINTENANCE,4.928,SYNTHETIC
2021-03-28,A,SYN_MINE_01,SYN_TRUCK_017,dumper,PREVENTIVE_MAINTENANCE,5.167,SYNTHETIC
2021-03-29,C,SYN_MINE_01,SYN_DRILL_002,drill,BREAKDOWN,1.798,SYNTHETIC
2021-03-29,A,SYN_MINE_01,SYN_EXC_001,excavator,PREVENTIVE_MAINTENANCE,6.179,SYNTHETIC
2021-03-29,A,SYN_MINE_01,SYN_TRUCK_005,dumper,PREVENTIVE_MAINTENANCE,6.716,SYNTHETIC
2021-03-29,A,SYN_MINE_01,SYN_TRUCK_013,dumper,BREAKDOWN,0.311,SYNTHETIC
2021-03-29,C,SYN_MINE_01,SYN_TRUCK_015,dumper,BREAKDOWN,2.977,SYNTHETIC
2021-03-30,A,SYN_MINE_01,SYN_DRILL_001,drill,BREAKDOWN,0.125,SYNTHETIC
2021-03-30,B,SYN_MINE_01,SYN_TRUCK_017,dumper,BREAKDOWN,4.765,SYNTHETIC
2021-03-31,A,SYN_MINE_01,SYN_TRUCK_002,dumper,PREVENTIVE_MAINTENANCE,6.187,SYNTHETIC
2021-03-31,A,SYN_MINE_01,SYN_TRUCK_004,dumper,BREAKDOWN,4.757,SYNTHETIC
2021-03-31,C,SYN_MINE_01,SYN_TRUCK_008,dumper,BREAKDOWN,5.176,SYNTHETIC
2021-03-31,A,SYN_MINE_01,SYN_TRUCK_009,dumper,BREAKDOWN,2.4,SYNTHETIC
2021-03-31,A,SYN_MINE_01,SYN_TRUCK_013,dumper,PREVENTIVE_MAINTENANCE,6.449,SYNTHETIC
2021-04-01,C,SYN_MINE_01,SYN_EXC_001,excavator,BREAKDOWN,4.655,SYNTHETIC
2021-04-01,C,SYN_MINE_01,SYN_EXC_002,excavator,BREAKDOWN,2.756,SYNTHETIC
2021-04-01,A,SYN_MINE_01,SYN_TRUCK_009,dumper,BREAKDOWN,5.896,SYNTHETIC
2021-04-01,A,SYN_MINE_01,SYN_TRUCK_011,dumper,PREVENTIVE_MAINTENANCE,5.956,SYNTHETIC
2021-04-01,C,SYN_MINE_01,SYN_TRUCK_012,dumper,BREAKDOWN,0.244,SYNTHETIC
2021-04-02,A,SYN_MINE_01,SYN_TRUCK_008,dumper,PREVENTIVE_MAINTENANCE,7.0,SYNTHETIC
2021-04-02,A,SYN_MINE_01,SYN_TRUCK_013,dumper,BREAKDOWN,3.961,SYNTHETIC
2021-04-02,A,SYN_MINE_01,SYN_TRUCK_015,dumper,PREVENTIVE_MAINTENANCE,4.895,SYNTHETIC
2021-04-02,C,SYN_MINE_01,SYN_TRUCK_015,dumper,BREAKDOWN,5.036,SYNTHETIC
2021-04-02,B,SYN_MINE_01,SYN_TRUCK_016,dumper,BREAKDOWN,0.656,SYNTHETIC
2021-04-02,B,SYN_MINE_01,SYN_TRUCK_017,dumper,BREAKDOWN,5.51,SYNTHETIC
2021-04-03,A,SYN_MINE_01,SYN_DRILL_002,drill,PREVENTIVE_MAINTENANCE,4.379,SYNTHETIC
2021-04-03,B,SYN_MINE_01,SYN_DRILL_002,drill,BREAKDOWN,0.811,SYNTHETIC
2021-04-03,C,SYN_MINE_01,SYN_DRILL_002,drill,BREAKDOWN,2.921,SYNTHETIC
2021-04-03,A,SYN_MINE_01,SYN_EXC_001,excavator,BREAKDOWN,3.404,SYNTHETIC
2021-04-03,A,SYN_MINE_01,SYN_EXC_002,excavator,PREVENTIVE_MAINTENANCE,6.753,SYNTHETIC
2021-04-03,B,SYN_MINE_01,SYN_TRUCK_004,dumper,BREAKDOWN,4.665,SYNTHETIC
2021-04-03,A,SYN_MINE_01,SYN_TRUCK_009,dumper,PREVENTIVE_MAINTENANCE,4.237,SYNTHETIC
2021-04-03,C,SYN_MINE_01,SYN_TRUCK_012,dumper,BREAKDOWN,2.197,SYNTHETIC
2021-04-03,A,SYN_MINE_01,SYN_TRUCK_015,dumper,BREAKDOWN,6.733,SYNTHETIC
2021-04-04,C,SYN_MINE_01,SYN_DRILL_001,drill,BREAKDOWN,4.714,SYNTHETIC
2021-04-04,C,SYN_MINE_01,SYN_TRUCK_004,dumper,BREAKDOWN,2.767,SYNTHETIC
2021-04-04,C,SYN_MINE_01,SYN_TRUCK_007,dumper,BREAKDOWN,0.51,SYNTHETIC
2021-04-04,A,SYN_MINE_01,SYN_TRUCK_014,dumper,PREVENTIVE_MAINTENANCE,5.618,SYNTHETIC
2021-04-05,B,SYN_MINE_01,SYN_TRUCK_004,dumper,BREAKDOWN,4.033,SYNTHETIC
2021-04-05,C,SYN_MINE_01,SYN_TRUCK_005,dumper,BREAKDOWN,2.76,SYNTHETIC
2021-04-06,A,SYN_MINE_01,SYN_DRILL_002,drill,BREAKDOWN,4.565,SYNTHETIC
2021-04-06,B,SYN_MINE_01,SYN_TRUCK_002,dumper,BREAKDOWN,1.907,SYNTHETIC
2021-04-06,B,SYN_MINE_01,SYN_TRUCK_006,dumper,BREAKDOWN,6.352,SYNTHETIC
2021-04-07,A,SYN_MINE_01,SYN_DRILL_001,drill,PREVENTIVE_MAINTENANCE,5.386,SYNTHETIC
2021-04-07,C,SYN_MINE_01,SYN_TRUCK_002,dumper,BREAKDOWN,4.526,SYNTHETIC
2021-04-07,B,SYN_MINE_01,SYN_TRUCK_003,dumper,BREAKDOWN,2.762,SYNTHETIC
2021-04-07,C,SYN_MINE_01,SYN_TRUCK_004,dumper,BREAKDOWN,5.519,SYNTHETIC
2021-04-07,C,SYN_MINE_01,SYN_TRUCK_013,dumper,BREAKDOWN,4.024,SYNTHETIC
2021-04-08,B,SYN_MINE_01,SYN_TRUCK_008,dumper,BREAKDOWN,2.15,SYNTHETIC
2021-04-09,A,SYN_MINE_01,SYN_DRILL_002,drill,BREAKDOWN,4.514,SYNTHETIC
2021-04-09,A,SYN_MINE_01,SYN_TRUCK_001,dumper,BREAKDOWN,1.54,SYNTHETIC
2021-04-09,B,SYN_MINE_01,SYN_TRUCK_003,dumper,BREAKDOWN,1.57,SYNTHETIC
2021-04-09,C,SYN_MINE_01,SYN_TRUCK_007,dumper,BREAKDOWN,0.803,SYNTHETIC
2021-04-09,B,SYN_MINE_01,SYN_TRUCK_012,dumper,BREAKDOWN,5.313,SYNTHETIC
2021-04-09,A,SYN_MINE_01,SYN_TRUCK_016,dumper,PREVENTIVE_MAINTENANCE,6.245,SYNTHETIC
2021-04-10,A,SYN_MINE_01,SYN_DRILL_002,drill,BREAKDOWN,2.229,SYNTHETIC
2021-04-10,A,SYN_MINE_01,SYN_TRUCK_003,dumper,PREVENTIVE_MAINTENANCE,7.0,SYNTHETIC
2021-04-10,A,SYN_MINE_01,SYN_TRUCK_004,dumper,PREVENTIVE_MAINTENANCE,6.585,SYNTHETIC
2021-04-10,B,SYN_MINE_01,SYN_TRUCK_012,dumper,BREAKDOWN,0.987,SYNTHETIC
2021-04-11,B,SYN_MINE_01,SYN_DRILL_001,drill,BREAKDOWN,0.746,SYNTHETIC
2021-04-11,C,SYN_MINE_01,SYN_TRUCK_002,dumper,BREAKDOWN,3.605,SYNTHETIC
2021-04-11,C,SYN_MINE_01,SYN_TRUCK_017,dumper,BREAKDOWN,0.115,SYNTHETIC
2021-04-12,B,SYN_MINE_01,SYN_TRUCK_005,dumper,BREAKDOWN,0.294,SYNTHETIC
2021-04-12,A,SYN_MINE_01,SYN_TRUCK_007,dumper,PREVENTIVE_MAINTENANCE,7.0,SYNTHETIC
2021-04-12,B,SYN_MINE_01,SYN_TRUCK_010,dumper,BREAKDOWN,4.261,SYNTHETIC
2021-04-13,A,SYN_MINE_01,SYN_DRILL_001,drill,BREAKDOWN,4.842,SYNTHETIC
2021-04-13,B,SYN_MINE_01,SYN_TRUCK_001,dumper,BREAKDOWN,3.191,SYNTHETIC
2021-04-13,A,SYN_MINE_01,SYN_TRUCK_004,dumper,BREAKDOWN,2.183,SYNTHETIC
2021-04-13,C,SYN_MINE_01,SYN_TRUCK_005,dumper,BREAKDOWN,5.696,SYNTHETIC
2021-04-13,A,SYN_MINE_01,SYN_TRUCK_007,dumper,BREAKDOWN,4.589,SYNTHETIC
2021-04-13,A,SYN_MINE_01,SYN_TRUCK_010,dumper,PREVENTIVE_MAINTENANCE,5.856,SYNTHETIC
2021-04-14,B,SYN_MINE_01,SYN_DRILL_002,drill,BREAKDOWN,1.206,SYNTHETIC
2021-04-14,A,SYN_MINE_01,SYN_EXC_001,excavator,PREVENTIVE_MAINTENANCE,7.0,SYNTHETIC
2021-04-14,C,SYN_MINE_01,SYN_TRUCK_010,dumper,BREAKDOWN,5.604,SYNTHETIC
2021-04-15,A,SYN_MINE_01,SYN_DRILL_002,drill,PREVENTIVE_MAINTENANCE,4.722,SYNTHETIC
2021-04-15,B,SYN_MINE_01,SYN_EXC_001,excavator,BREAKDOWN,5.019,SYNTHETIC
2021-04-15,C,SYN_MINE_01,SYN_EXC_002,excavator,BREAKDOWN,1.334,SYNTHETIC
2021-04-15,A,SYN_MINE_01,SYN_TRUCK_001,dumper,PREVENTIVE_MAINTENANCE,7.0,SYNTHETIC
2021-04-15,B,SYN_MINE_01,SYN_TRUCK_004,dumper,BREAKDOWN,5.78,SYNTHETIC
2021-04-15,A,SYN_MINE_01,SYN_TRUCK_006,dumper,PREVENTIVE_MAINTENANCE,4.316,SYNTHETIC
2021-04-16,C,SYN_MINE_01,SYN_TRUCK_001,dumper,BREAKDOWN,4.44,SYNTHETIC
2021-04-16,A,SYN_MINE_01,SYN_TRUCK_003,dumper,BREAKDOWN,5.622,SYNTHETIC
2021-04-16,C,SYN_MINE_01,SYN_TRUCK_006,dumper,BREAKDOWN,0.909,SYNTHETIC
2021-04-16,A,SYN_MINE_01,SYN_TRUCK_011,dumper,BREAKDOWN,4.801,SYNTHETIC
2021-04-16,C,SYN_MINE_01,SYN_TRUCK_012,dumper,BREAKDOWN,0.771,SYNTHETIC
2021-04-17,A,SYN_MINE_01,SYN_DRILL_002,drill,BREAKDOWN,3.848,SYNTHETIC
2021-04-17,B,SYN_MINE_01,SYN_TRUCK_002,dumper,BREAKDOWN,2.54,SYNTHETIC
2021-04-17,B,SYN_MINE_01,SYN_TRUCK_007,dumper,BREAKDOWN,5.008,SYNTHETIC
2021-04-17,B,SYN_MINE_01,SYN_TRUCK_008,dumper,BREAKDOWN,4.764,SYNTHETIC
2021-04-17,A,SYN_MINE_01,SYN_TRUCK_017,dumper,PREVENTIVE_MAINTENANCE,4.785,SYNTHETIC
2021-04-18,A,SYN_MINE_01,SYN_DRILL_001,drill,PREVENTIVE_MAINTENANCE,4.956,SYNTHETIC
2021-04-18,A,SYN_MINE_01,SYN_TRUCK_005,dumper,PREVENTIVE_MAINTENANCE,7.0,SYNTHETIC
2021-04-18,B,SYN_MINE_01,SYN_TRUCK_005,dumper,BREAKDOWN,2.64,SYNTHETIC
2021-04-18,C,SYN_MINE_01,SYN_TRUCK_005,dumper,BREAKDOWN,2.04,SYNTHETIC
2021-04-18,A,SYN_MINE_01,SYN_TRUCK_007,dumper,BREAKDOWN,1.224,SYNTHETIC
2021-04-18,B,SYN_MINE_01,SYN_TRUCK_008,dumper,BREAKDOWN,1.381,SYNTHETIC
2021-04-18,A,SYN_MINE_01,SYN_TRUCK_009,dumper,BREAKDOWN,3.756,SYNTHETIC
2021-04-18,A,SYN_MINE_01,SYN_TRUCK_012,dumper,PREVENTIVE_MAINTENANCE,5.434,SYNTHETIC
2021-04-19,A,SYN_MINE_01,SYN_EXC_002,excavator,PREVENTIVE_MAINTENANCE,7.0,SYNTHETIC
2021-04-20,A,SYN_MINE_01,SYN_TRUCK_002,dumper,PREVENTIVE_MAINTENANCE,4.697,SYNTHETIC
2021-04-20,A,SYN_MINE_01,SYN_TRUCK_011,dumper,PREVENTIVE_MAINTENANCE,7.0,SYNTHETIC
2021-04-20,B,SYN_MINE_01,SYN_TRUCK_011,dumper,BREAKDOWN,1.582,SYNTHETIC
2021-04-20,A,SYN_MINE_01,SYN_TRUCK_013,dumper,PREVENTIVE_MAINTENANCE,5.564,SYNTHETIC
2021-04-21,B,SYN_MINE_01,SYN_DRILL_002,drill,BREAKDOWN,1.395,SYNTHETIC
2021-04-21,B,SYN_MINE_01,SYN_EXC_001,excavator,BREAKDOWN,3.939,SYNTHETIC
2021-04-21,A,SYN_MINE_01,SYN_TRUCK_009,dumper,BREAKDOWN,4.589,SYNTHETIC
2021-04-21,C,SYN_MINE_01,SYN_TRUCK_013,dumper,BREAKDOWN,0.487,SYNTHETIC
2021-04-22,A,SYN_MINE_01,SYN_TRUCK_008,dumper,PREVENTIVE_MAINTENANCE,7.0,SYNTHETIC
2021-04-22,B,SYN_MINE_01,SYN_TRUCK_010,dumper,BREAKDOWN,6.446,SYNTHETIC
2021-04-22,A,SYN_MINE_01,SYN_TRUCK_011,dumper,BREAKDOWN,6.938,SYNTHETIC
2021-04-22,A,SYN_MINE_01,SYN_TRUCK_015,dumper,PREVENTIVE_MAINTENANCE,4.129,SYNTHETIC
2021-04-22,C,SYN_MINE_01,SYN_TRUCK_016,dumper,BREAKDOWN,0.991,SYNTHETIC
2021-04-23,A,SYN_MINE_01,SYN_TRUCK_007,dumper,BREAKDOWN,4.651,SYNTHETIC
2021-04-23,A,SYN_MINE_01,SYN_TRUCK_009,dumper,PREVENTIVE_MAINTENANCE,4.47,SYNTHETIC
2021-04-23,A,SYN_MINE_01,SYN_TRUCK_010,dumper,BREAKDOWN,6.348,SYNTHETIC
2021-04-23,C,SYN_MINE_01,SYN_TRUCK_013,dumper,BREAKDOWN,1.827,SYNTHETIC
2021-04-23,A,SYN_MINE_01,SYN_TRUCK_014,dumper,PREVENTIVE_MAINTENANCE,6.649,SYNTHETIC
2021-04-24,B,SYN_MINE_01,SYN_EXC_002,excavator,BREAKDOWN,5.879,SYNTHETIC
2021-04-24,B,SYN_MINE_01,SYN_TRUCK_005,dumper,BREAKDOWN,2.721,SYNTHETIC
2021-04-24,C,SYN_MINE_01,SYN_TRUCK_005,dumper,BREAKDOWN,0.94,SYNTHETIC
2021-04-24,C,SYN_MINE_01,SYN_TRUCK_013,dumper,BREAKDOWN,1.536,SYNTHETIC
2021-04-25,C,SYN_MINE_01,SYN_DRILL_002,drill,BREAKDOWN,0.396,SYNTHETIC
2021-04-25,C,SYN_MINE_01,SYN_EXC_001,excavator,BREAKDOWN,0.864,SYNTHETIC
2021-04-25,A,SYN_MINE_01,SYN_TRUCK_012,dumper,BREAKDOWN,5.229,SYNTHETIC
2021-04-26,ALL,SYN_MINE_01,SITE,site,POWER_OUTAGE,3.86,SYNTHETIC
2021-04-26,B,SYN_MINE_01,SYN_EXC_001,excavator,BREAKDOWN,0.698,SYNTHETIC
2021-04-26,B,SYN_MINE_01,SYN_TRUCK_009,dumper,BREAKDOWN,1.147,SYNTHETIC
2021-04-26,B,SYN_MINE_01,SYN_TRUCK_016,dumper,BREAKDOWN,1.563,SYNTHETIC
2021-04-27,A,SYN_MINE_01,SYN_DRILL_002,drill,PREVENTIVE_MAINTENANCE,5.221,SYNTHETIC
2021-04-27,A,SYN_MINE_01,SYN_TRUCK_005,dumper,BREAKDOWN,2.594,SYNTHETIC
2021-04-27,B,SYN_MINE_01,SYN_TRUCK_012,dumper,BREAKDOWN,3.02,SYNTHETIC
2021-04-28,A,SYN_MINE_01,SYN_TRUCK_001,dumper,BREAKDOWN,5.084,SYNTHETIC
2021-04-28,A,SYN_MINE_01,SYN_TRUCK_010,dumper,BREAKDOWN,1.942,SYNTHETIC
2021-04-28,C,SYN_MINE_01,SYN_TRUCK_012,dumper,BREAKDOWN,2.934,SYNTHETIC
2021-04-29,A,SYN_MINE_01,SYN_DRILL_001,drill,PREVENTIVE_MAINTENANCE,4.115,SYNTHETIC
2021-04-29,A,SYN_MINE_01,SYN_TRUCK_003,dumper,PREVENTIVE_MAINTENANCE,5.769,SYNTHETIC
2021-04-29,A,SYN_MINE_01,SYN_TRUCK_004,dumper,PREVENTIVE_MAINTENANCE,6.391,SYNTHETIC
2021-04-29,B,SYN_MINE_01,SYN_TRUCK_006,dumper,BREAKDOWN,3.114,SYNTHETIC
2021-04-29,A,SYN_MINE_01,SYN_TRUCK_014,dumper,BREAKDOWN,4.456,SYNTHETIC
2021-04-29,A,SYN_MINE_01,SYN_TRUCK_016,dumper,PREVENTIVE_MAINTENANCE,6.698,SYNTHETIC
2021-04-30,C,SYN_MINE_01,SYN_DRILL_002,drill,BREAKDOWN,2.702,SYNTHETIC
2021-04-30,C,SYN_MINE_01,SYN_TRUCK_011,dumper,BREAKDOWN,0.253,SYNTHETIC
2021-04-30,B,SYN_MINE_01,SYN_TRUCK_012,dumper,BREAKDOWN,0.482,SYNTHETIC
2021-04-30,C,SYN_MINE_01,SYN_TRUCK_013,dumper,BREAKDOWN,0.859,SYNTHETIC
2021-04-30,A,SYN_MINE_01,SYN_TRUCK_015,dumper,BREAKDOWN,3.001,SYNTHETIC
2021-05-01,C,SYN_MINE_01,SYN_EXC_002,excavator,BREAKDOWN,2.376,SYNTHETIC
2021-05-01,C,SYN_MINE_01,SYN_TRUCK_006,dumper,BREAKDOWN,1.58,SYNTHETIC
2021-05-01,B,SYN_MINE_01,SYN_TRUCK_007,dumper,BREAKDOWN,0.828,SYNTHETIC
2021-05-01,A,SYN_MINE_01,SYN_TRUCK_012,dumper,BREAKDOWN,3.585,SYNTHETIC
2021-05-01,A,SYN_MINE_01,SYN_TRUCK_015,dumper,BREAKDOWN,1.889,SYNTHETIC
2021-05-02,B,SYN_MINE_01,SYN_DRILL_001,drill,BREAKDOWN,5.807,SYNTHETIC
2021-05-02,B,SYN_MINE_01,SYN_TRUCK_001,dumper,BREAKDOWN,4.512,SYNTHETIC
2021-05-02,C,SYN_MINE_01,SYN_TRUCK_007,dumper,BREAKDOWN,4.475,SYNTHETIC
2021-05-02,A,SYN_MINE_01,SYN_TRUCK_008,dumper,BREAKDOWN,6.685,SYNTHETIC
2021-05-02,A,SYN_MINE_01,SYN_TRUCK_010,dumper,BREAKDOWN,4.993,SYNTHETIC
2021-05-02,A,SYN_MINE_01,SYN_TRUCK_012,dumper,BREAKDOWN,2.747,SYNTHETIC
2021-05-02,A,SYN_MINE_01,SYN_TRUCK_017,dumper,BREAKDOWN,3.915,SYNTHETIC
2021-05-03,A,SYN_MINE_01,SYN_DRILL_001,drill,BREAKDOWN,0.716,SYNTHETIC
2021-05-03,A,SYN_MINE_01,SYN_EXC_001,excavator,BREAKDOWN,1.254,SYNTHETIC
2021-05-03,C,SYN_MINE_01,SYN_TRUCK_008,dumper,BREAKDOWN,1.235,SYNTHETIC
2021-05-03,A,SYN_MINE_01,SYN_TRUCK_016,dumper,BREAKDOWN,0.594,SYNTHETIC
2021-05-04,C,SYN_MINE_01,SYN_TRUCK_001,dumper,BREAKDOWN,4.177,SYNTHETIC
2021-05-04,A,SYN_MINE_01,SYN_TRUCK_003,dumper,BREAKDOWN,0.04,SYNTHETIC
2021-05-04,B,SYN_MINE_01,SYN_TRUCK_004,dumper,BREAKDOWN,0.098,SYNTHETIC
2021-05-04,A,SYN_MINE_01,SYN_TRUCK_006,dumper,PREVENTIVE_MAINTENANCE,5.906,SYNTHETIC
2021-05-04,A,SYN_MINE_01,SYN_TRUCK_007,dumper,PREVENTIVE_MAINTENANCE,4.537,SYNTHETIC
2021-05-04,C,SYN_MINE_01,SYN_TRUCK_009,dumper,BREAKDOWN,3.808,SYNTHETIC
2021-05-04,A,SYN_MINE_01,SYN_TRUCK_010,dumper,PREVENTIVE_MAINTENANCE,5.802,SYNTHETIC
2021-05-04,A,SYN_MINE_01,SYN_TRUCK_012,dumper,BREAKDOWN,2.115,SYNTHETIC
2021-05-05,A,SYN_MINE_01,SYN_DRILL_001,drill,BREAKDOWN,4.283,SYNTHETIC
2021-05-05,A,SYN_MINE_01,SYN_EXC_002,excavator,PREVENTIVE_MAINTENANCE,7.0,SYNTHETIC
2021-05-05,A,SYN_MINE_01,SYN_TRUCK_008,dumper,BREAKDOWN,2.098,SYNTHETIC
2021-05-05,C,SYN_MINE_01,SYN_TRUCK_011,dumper,BREAKDOWN,0.177,SYNTHETIC
2021-05-05,A,SYN_MINE_01,SYN_TRUCK_014,dumper,BREAKDOWN,2.831,SYNTHETIC
2021-05-06,A,SYN_MINE_01,SYN_EXC_001,excavator,PREVENTIVE_MAINTENANCE,7.0,SYNTHETIC
2021-05-06,A,SYN_MINE_01,SYN_TRUCK_001,dumper,PREVENTIVE_MAINTENANCE,4.042,SYNTHETIC
2021-05-06,B,SYN_MINE_01,SYN_TRUCK_002,dumper,BREAKDOWN,1.222,SYNTHETIC
2021-05-06,B,SYN_MINE_01,SYN_TRUCK_006,dumper,BREAKDOWN,6.607,SYNTHETIC
2021-05-06,A,SYN_MINE_01,SYN_TRUCK_012,dumper,BREAKDOWN,0.349,SYNTHETIC
2021-05-06,A,SYN_MINE_01,SYN_TRUCK_017,dumper,PREVENTIVE_MAINTENANCE,7.0,SYNTHETIC
2021-05-07,B,SYN_MINE_01,SYN_EXC_002,excavator,BREAKDOWN,3.045,SYNTHETIC
2021-05-07,C,SYN_MINE_01,SYN_TRUCK_001,dumper,BREAKDOWN,1.991,SYNTHETIC
2021-05-07,B,SYN_MINE_01,SYN_TRUCK_003,dumper,BREAKDOWN,6.584,SYNTHETIC
2021-05-07,A,SYN_MINE_01,SYN_TRUCK_006,dumper,BREAKDOWN,0.553,SYNTHETIC
2021-05-07,B,SYN_MINE_01,SYN_TRUCK_013,dumper,BREAKDOWN,4.472,SYNTHETIC
2021-05-08,A,SYN_MINE_01,SYN_DRILL_002,drill,PREVENTIVE_MAINTENANCE,5.508,SYNTHETIC
2021-05-08,C,SYN_MINE_01,SYN_TRUCK_004,dumper,BREAKDOWN,3.142,SYNTHETIC
2021-05-08,A,SYN_MINE_01,SYN_TRUCK_005,dumper,PREVENTIVE_MAINTENANCE,4.752,SYNTHETIC
2021-05-08,A,SYN_MINE_01,SYN_TRUCK_008,dumper,BREAKDOWN,0.113,SYNTHETIC
2021-05-08,C,SYN_MINE_01,SYN_TRUCK_010,dumper,BREAKDOWN,4.673,SYNTHETIC
2021-05-08,B,SYN_MINE_01,SYN_TRUCK_014,dumper,BREAKDOWN,2.735,SYNTHETIC
2021-05-08,C,SYN_MINE_01,SYN_TRUCK_017,dumper,BREAKDOWN,0.287,SYNTHETIC
2021-05-09,C,SYN_MINE_01,SYN_DRILL_002,drill,BREAKDOWN,2.242,SYNTHETIC
2021-05-09,B,SYN_MINE_01,SYN_EXC_001,excavator,BREAKDOWN,2.227,SYNTHETIC
2021-05-09,B,SYN_MINE_01,SYN_EXC_002,excavator,BREAKDOWN,1.281,SYNTHETIC
2021-05-09,A,SYN_MINE_01,SYN_TRUCK_002,dumper,PREVENTIVE_MAINTENANCE,5.941,SYNTHETIC
2021-05-09,C,SYN_MINE_01,SYN_TRUCK_004,dumper,BREAKDOWN,5.22,SYNTHETIC
2021-05-09,C,SYN_MINE_01,SYN_TRUCK_009,dumper,BREAKDOWN,1.648,SYNTHETIC
2021-05-09,B,SYN_MINE_01,SYN_TRUCK_012,dumper,BREAKDOWN,4.224,SYNTHETIC
2021-05-09,A,SYN_MINE_01,SYN_TRUCK_016,dumper,BREAKDOWN,2.693,SYNTHETIC
2021-05-10,A,SYN_MINE_01,SYN_DRILL_001,drill,BREAKDOWN,2.065,SYNTHETIC
2021-05-10,A,SYN_MINE_01,SYN_TRUCK_006,dumper,BREAKDOWN,1.065,SYNTHETIC
2021-05-10,A,SYN_MINE_01,SYN_TRUCK_007,dumper,BREAKDOWN,5.076,SYNTHETIC
2021-05-10,B,SYN_MINE_01,SYN_TRUCK_008,dumper,BREAKDOWN,3.612,SYNTHETIC
2021-05-10,C,SYN_MINE_01,SYN_TRUCK_009,dumper,BREAKDOWN,2.252,SYNTHETIC
2021-05-10,B,SYN_MINE_01,SYN_TRUCK_012,dumper,BREAKDOWN,1.43,SYNTHETIC
2021-05-10,A,SYN_MINE_01,SYN_TRUCK_013,dumper,PREVENTIVE_MAINTENANCE,6.108,SYNTHETIC
2021-05-10,C,SYN_MINE_01,SYN_TRUCK_014,dumper,BREAKDOWN,1.307,SYNTHETIC
2021-05-11,A,SYN_MINE_01,SYN_EXC_001,excavator,BREAKDOWN,3.637,SYNTHETIC
2021-05-11,B,SYN_MINE_01,SYN_TRUCK_004,dumper,BREAKDOWN,1.616,SYNTHETIC
2021-05-11,A,SYN_MINE_01,SYN_TRUCK_011,dumper,PREVENTIVE_MAINTENANCE,6.76,SYNTHETIC
2021-05-12,A,SYN_MINE_01,SYN_TRUCK_008,dumper,PREVENTIVE_MAINTENANCE,7.0,SYNTHETIC
2021-05-12,B,SYN_MINE_01,SYN_TRUCK_009,dumper,BREAKDOWN,0.217,SYNTHETIC
2021-05-12,A,SYN_MINE_01,SYN_TRUCK_012,dumper,PREVENTIVE_MAINTENANCE,4.568,SYNTHETIC
2021-05-12,A,SYN_MINE_01,SYN_TRUCK_015,dumper,PREVENTIVE_MAINTENANCE,6.71,SYNTHETIC
2021-05-12,C,SYN_MINE_01,SYN_TRUCK_016,dumper,BREAKDOWN,4.921,SYNTHETIC
2021-05-13,A,SYN_MINE_01,SYN_DRILL_001,drill,PREVENTIVE_MAINTENANCE,5.21,SYNTHETIC
2021-05-13,C,SYN_MINE_01,SYN_TRUCK_001,dumper,BREAKDOWN,1.744,SYNTHETIC
2021-05-13,A,SYN_MINE_01,SYN_TRUCK_009,dumper,PREVENTIVE_MAINTENANCE,7.0,SYNTHETIC
2021-05-13,C,SYN_MINE_01,SYN_TRUCK_010,dumper,BREAKDOWN,1.089,SYNTHETIC
2021-05-13,A,SYN_MINE_01,SYN_TRUCK_014,dumper,PREVENTIVE_MAINTENANCE,7.0,SYNTHETIC
2021-05-13,B,SYN_MINE_01,SYN_TRUCK_015,dumper,BREAKDOWN,3.053,SYNTHETIC
2021-05-13,B,SYN_MINE_01,SYN_TRUCK_017,dumper,BREAKDOWN,2.377,SYNTHETIC
2021-05-14,B,SYN_MINE_01,SYN_DRILL_001,drill,BREAKDOWN,3.149,SYNTHETIC
2021-05-14,B,SYN_MINE_01,SYN_TRUCK_005,dumper,BREAKDOWN,5.772,SYNTHETIC
2021-05-14,A,SYN_MINE_01,SYN_TRUCK_011,dumper,BREAKDOWN,4.884,SYNTHETIC
2021-05-15,C,SYN_MINE_01,SYN_DRILL_001,drill,BREAKDOWN,1.143,SYNTHETIC
2021-05-15,B,SYN_MINE_01,SYN_TRUCK_004,dumper,BREAKDOWN,2.509,SYNTHETIC
2021-05-15,A,SYN_MINE_01,SYN_TRUCK_010,dumper,BREAKDOWN,1.405,SYNTHETIC
2021-05-15,C,SYN_MINE_01,SYN_TRUCK_011,dumper,BREAKDOWN,5.375,SYNTHETIC
2021-05-16,A,SYN_MINE_01,SYN_TRUCK_001,dumper,BREAKDOWN,3.311,SYNTHETIC
2021-05-17,A,SYN_MINE_01,SYN_TRUCK_009,dumper,BREAKDOWN,0.845,SYNTHETIC
2021-05-17,B,SYN_MINE_01,SYN_TRUCK_009,dumper,BREAKDOWN,2.823,SYNTHETIC
2021-05-18,B,SYN_MINE_01,SYN_TRUCK_002,dumper,BREAKDOWN,1.288,SYNTHETIC
2021-05-18,A,SYN_MINE_01,SYN_TRUCK_003,dumper,PREVENTIVE_MAINTENANCE,4.469,SYNTHETIC
2021-05-19,A,SYN_MINE_01,SYN_DRILL_002,drill,PREVENTIVE_MAINTENANCE,5.609,SYNTHETIC
2021-05-19,A,SYN_MINE_01,SYN_EXC_001,excavator,BREAKDOWN,5.852,SYNTHETIC
2021-05-19,A,SYN_MINE_01,SYN_TRUCK_001,dumper,BREAKDOWN,4.595,SYNTHETIC
2021-05-19,A,SYN_MINE_01,SYN_TRUCK_004,dumper,PREVENTIVE_MAINTENANCE,4.921,SYNTHETIC
2021-05-19,B,SYN_MINE_01,SYN_TRUCK_004,dumper,BREAKDOWN,2.666,SYNTHETIC
2021-05-19,A,SYN_MINE_01,SYN_TRUCK_006,dumper,BREAKDOWN,0.659,SYNTHETIC
2021-05-19,A,SYN_MINE_01,SYN_TRUCK_015,dumper,BREAKDOWN,0.814,SYNTHETIC
2021-05-19,A,SYN_MINE_01,SYN_TRUCK_016,dumper,PREVENTIVE_MAINTENANCE,7.0,SYNTHETIC
2021-05-19,B,SYN_MINE_01,SYN_TRUCK_017,dumper,BREAKDOWN,5.779,SYNTHETIC
2021-05-20,A,SYN_MINE_01,SYN_EXC_002,excavator,BREAKDOWN,0.043,SYNTHETIC
2021-05-20,B,SYN_MINE_01,SYN_TRUCK_002,dumper,BREAKDOWN,5.395,SYNTHETIC
2021-05-20,B,SYN_MINE_01,SYN_TRUCK_013,dumper,BREAKDOWN,5.701,SYNTHETIC
2021-05-20,B,SYN_MINE_01,SYN_TRUCK_017,dumper,BREAKDOWN,4.529,SYNTHETIC
2021-05-21,A,SYN_MINE_01,SYN_DRILL_001,drill,BREAKDOWN,1.19,SYNTHETIC
2021-05-21,B,SYN_MINE_01,SYN_TRUCK_001,dumper,BREAKDOWN,5.288,SYNTHETIC
2021-05-21,A,SYN_MINE_01,SYN_TRUCK_003,dumper,BREAKDOWN,5.408,SYNTHETIC
2021-05-21,A,SYN_MINE_01,SYN_TRUCK_010,dumper,BREAKDOWN,2.153,SYNTHETIC
2021-05-21,B,SYN_MINE_01,SYN_TRUCK_014,dumper,BREAKDOWN,4.071,SYNTHETIC
2021-05-22,B,SYN_MINE_01,SYN_DRILL_002,drill,BREAKDOWN,1.71,SYNTHETIC
2021-05-22,A,SYN_MINE_01,SYN_EXC_002,excavator,PREVENTIVE_MAINTENANCE,7.0,SYNTHETIC
2021-05-22,C,SYN_MINE_01,SYN_TRUCK_002,dumper,BREAKDOWN,1.674,SYNTHETIC
2021-05-22,C,SYN_MINE_01,SYN_TRUCK_012,dumper,BREAKDOWN,4.314,SYNTHETIC
2021-05-23,ALL,SYN_MINE_01,SITE,site,POWER_OUTAGE,3.97,SYNTHETIC
2021-05-23,A,SYN_MINE_01,SYN_EXC_001,excavator,PREVENTIVE_MAINTENANCE,7.0,SYNTHETIC
2021-05-23,B,SYN_MINE_01,SYN_TRUCK_003,dumper,BREAKDOWN,6.803,SYNTHETIC
2021-05-23,B,SYN_MINE_01,SYN_TRUCK_006,dumper,BREAKDOWN,0.084,SYNTHETIC
2021-05-23,A,SYN_MINE_01,SYN_TRUCK_007,dumper,PREVENTIVE_MAINTENANCE,7.0,SYNTHETIC
2021-05-23,A,SYN_MINE_01,SYN_TRUCK_010,dumper,PREVENTIVE_MAINTENANCE,4.156,SYNTHETIC
2021-05-23,A,SYN_MINE_01,SYN_TRUCK_011,dumper,BREAKDOWN,6.829,SYNTHETIC
2021-05-23,C,SYN_MINE_01,SYN_TRUCK_014,dumper,BREAKDOWN,1.819,SYNTHETIC
2021-05-23,B,SYN_MINE_01,SYN_TRUCK_015,dumper,BREAKDOWN,0.981,SYNTHETIC
2021-05-24,C,SYN_MINE_01,SYN_DRILL_001,drill,BREAKDOWN,5.362,SYNTHETIC
2021-05-25,A,SYN_MINE_01,SYN_TRUCK_006,dumper,PREVENTIVE_MAINTENANCE,4.837,SYNTHETIC
2021-05-25,C,SYN_MINE_01,SYN_TRUCK_007,dumper,BREAKDOWN,2.854,SYNTHETIC
2021-05-26,A,SYN_MINE_01,SYN_DRILL_001,drill,PREVENTIVE_MAINTENANCE,4.619,SYNTHETIC
2021-05-26,C,SYN_MINE_01,SYN_DRILL_002,drill,BREAKDOWN,2.459,SYNTHETIC
2021-05-26,B,SYN_MINE_01,SYN_TRUCK_002,dumper,BREAKDOWN,6.635,SYNTHETIC
2021-05-26,A,SYN_MINE_01,SYN_TRUCK_015,dumper,BREAKDOWN,2.491,SYNTHETIC
2021-05-26,A,SYN_MINE_01,SYN_TRUCK_017,dumper,PREVENTIVE_MAINTENANCE,7.0,SYNTHETIC
2021-05-27,A,SYN_MINE_01,SYN_EXC_002,excavator,BREAKDOWN,6.989,SYNTHETIC
2021-05-27,A,SYN_MINE_01,SYN_TRUCK_003,dumper,BREAKDOWN,3.29,SYNTHETIC
2021-05-27,A,SYN_MINE_01,SYN_TRUCK_005,dumper,PREVENTIVE_MAINTENANCE,6.555,SYNTHETIC
2021-05-27,C,SYN_MINE_01,SYN_TRUCK_016,dumper,BREAKDOWN,0.519,SYNTHETIC
2021-05-28,A,SYN_MINE_01,SYN_DRILL_002,drill,BREAKDOWN,2.737,SYNTHETIC
2021-05-28,A,SYN_MINE_01,SYN_TRUCK_001,dumper,PREVENTIVE_MAINTENANCE,5.471,SYNTHETIC
2021-05-28,B,SYN_MINE_01,SYN_TRUCK_002,dumper,BREAKDOWN,2.244,SYNTHETIC
2021-05-28,B,SYN_MINE_01,SYN_TRUCK_012,dumper,BREAKDOWN,3.594,SYNTHETIC
2021-05-28,B,SYN_MINE_01,SYN_TRUCK_015,dumper,BREAKDOWN,2.015,SYNTHETIC
2021-05-29,C,SYN_MINE_01,SYN_DRILL_002,drill,BREAKDOWN,3.571,SYNTHETIC
2021-05-29,A,SYN_MINE_01,SYN_TRUCK_013,dumper,PREVENTIVE_MAINTENANCE,4.984,SYNTHETIC
2021-05-30,C,SYN_MINE_01,SYN_DRILL_001,drill,BREAKDOWN,1.978,SYNTHETIC
2021-05-30,A,SYN_MINE_01,SYN_TRUCK_002,dumper,PREVENTIVE_MAINTENANCE,7.0,SYNTHETIC
2021-05-30,A,SYN_MINE_01,SYN_TRUCK_008,dumper,PREVENTIVE_MAINTENANCE,5.565,SYNTHETIC
2021-05-30,B,SYN_MINE_01,SYN_TRUCK_009,dumper,BREAKDOWN,1.372,SYNTHETIC
2021-05-30,A,SYN_MINE_01,SYN_TRUCK_016,dumper,BREAKDOWN,1.677,SYNTHETIC
2021-05-31,B,SYN_MINE_01,SYN_EXC_002,excavator,BREAKDOWN,3.818,SYNTHETIC
2021-05-31,A,SYN_MINE_01,SYN_TRUCK_011,dumper,PREVENTIVE_MAINTENANCE,5.561,SYNTHETIC
2021-05-31,A,SYN_MINE_01,SYN_TRUCK_012,dumper,PREVENTIVE_MAINTENANCE,4.463,SYNTHETIC
2021-05-31,C,SYN_MINE_01,SYN_TRUCK_017,dumper,BREAKDOWN,0.614,SYNTHETIC
2021-06-01,A,SYN_MINE_01,SYN_DRILL_002,drill,PREVENTIVE_MAINTENANCE,5.861,SYNTHETIC
2021-06-01,B,SYN_MINE_01,SYN_EXC_001,excavator,BREAKDOWN,5.782,SYNTHETIC
2021-06-01,A,SYN_MINE_01,SYN_TRUCK_009,dumper,PREVENTIVE_MAINTENANCE,7.0,SYNTHETIC
2021-06-01,A,SYN_MINE_01,SYN_TRUCK_014,dumper,PREVENTIVE_MAINTENANCE,5.758,SYNTHETIC
2021-06-01,C,SYN_MINE_01,SYN_TRUCK_014,dumper,BREAKDOWN,2.941,SYNTHETIC
2021-06-01,A,SYN_MINE_01,SYN_TRUCK_015,dumper,PREVENTIVE_MAINTENANCE,5.33,SYNTHETIC
2021-06-02,B,SYN_MINE_01,SYN_EXC_002,excavator,BREAKDOWN,3.199,SYNTHETIC
2021-06-02,B,SYN_MINE_01,SYN_TRUCK_010,dumper,BREAKDOWN,0.345,SYNTHETIC
2021-06-02,A,SYN_MINE_01,SYN_TRUCK_012,dumper,BREAKDOWN,6.634,SYNTHETIC
2021-06-02,A,SYN_MINE_01,SYN_TRUCK_014,dumper,BREAKDOWN,5.755,SYNTHETIC
2021-06-03,C,SYN_MINE_01,SYN_TRUCK_005,dumper,BREAKDOWN,4.573,SYNTHETIC
2021-06-04,C,SYN_MINE_01,SYN_DRILL_001,drill,BREAKDOWN,4.517,SYNTHETIC
2021-06-04,B,SYN_MINE_01,SYN_TRUCK_003,dumper,BREAKDOWN,5.349,SYNTHETIC
2021-06-04,B,SYN_MINE_01,SYN_TRUCK_015,dumper,BREAKDOWN,3.188,SYNTHETIC
2021-06-04,C,SYN_MINE_01,SYN_TRUCK_016,dumper,BREAKDOWN,0.942,SYNTHETIC
2021-06-05,B,SYN_MINE_01,SYN_TRUCK_002,dumper,BREAKDOWN,2.07,SYNTHETIC
2021-06-05,B,SYN_MINE_01,SYN_TRUCK_005,dumper,BREAKDOWN,5.56,SYNTHETIC
2021-06-05,A,SYN_MINE_01,SYN_TRUCK_012,dumper,BREAKDOWN,5.197,SYNTHETIC
2021-06-06,A,SYN_MINE_01,SYN_DRILL_001,drill,PREVENTIVE_MAINTENANCE,4.499,SYNTHETIC
2021-06-06,B,SYN_MINE_01,SYN_TRUCK_007,dumper,BREAKDOWN,3.708,SYNTHETIC
2021-06-07,B,SYN_MINE_01,SYN_DRILL_002,drill,BREAKDOWN,2.411,SYNTHETIC
2021-06-07,C,SYN_MINE_01,SYN_EXC_002,excavator,BREAKDOWN,2.185,SYNTHETIC
2021-06-07,A,SYN_MINE_01,SYN_TRUCK_003,dumper,PREVENTIVE_MAINTENANCE,4.389,SYNTHETIC
2021-06-07,A,SYN_MINE_01,SYN_TRUCK_004,dumper,BREAKDOWN,1.491,SYNTHETIC
2021-06-08,A,SYN_MINE_01,SYN_EXC_001,excavator,PREVENTIVE_MAINTENANCE,7.0,SYNTHETIC
2021-06-08,A,SYN_MINE_01,SYN_TRUCK_004,dumper,PREVENTIVE_MAINTENANCE,4.61,SYNTHETIC
2021-06-08,A,SYN_MINE_01,SYN_TRUCK_011,dumper,BREAKDOWN,0.188,SYNTHETIC
2021-06-08,C,SYN_MINE_01,SYN_TRUCK_014,dumper,BREAKDOWN,2.812,SYNTHETIC
2021-06-08,A,SYN_MINE_01,SYN_TRUCK_016,dumper,PREVENTIVE_MAINTENANCE,6.596,SYNTHETIC
2021-06-08,C,SYN_MINE_01,SYN_TRUCK_016,dumper,BREAKDOWN,3.185,SYNTHETIC
2021-06-09,A,SYN_MINE_01,SYN_DRILL_001,drill,BREAKDOWN,5.141,SYNTHETIC
2021-06-09,A,SYN_MINE_01,SYN_TRUCK_003,dumper,BREAKDOWN,5.645,SYNTHETIC
2021-06-09,C,SYN_MINE_01,SYN_TRUCK_004,dumper,BREAKDOWN,2.294,SYNTHETIC
2021-06-09,A,SYN_MINE_01,SYN_TRUCK_005,dumper,BREAKDOWN,3.09,SYNTHETIC
2021-06-09,C,SYN_MINE_01,SYN_TRUCK_010,dumper,BREAKDOWN,4.454,SYNTHETIC
2021-06-09,B,SYN_MINE_01,SYN_TRUCK_013,dumper,BREAKDOWN,5.903,SYNTHETIC
2021-06-10,A,SYN_MINE_01,SYN_EXC_002,excavator,PREVENTIVE_MAINTENANCE,7.0,SYNTHETIC
2021-06-10,A,SYN_MINE_01,SYN_TRUCK_006,dumper,BREAKDOWN,2.188,SYNTHETIC
2021-06-10,B,SYN_MINE_01,SYN_TRUCK_010,dumper,BREAKDOWN,3.447,SYNTHETIC
2021-06-11,A,SYN_MINE_01,SYN_TRUCK_007,dumper,PREVENTIVE_MAINTENANCE,7.0,SYNTHETIC
2021-06-11,A,SYN_MINE_01,SYN_TRUCK_010,dumper,PREVENTIVE_MAINTENANCE,6.455,SYNTHETIC
2021-06-11,B,SYN_MINE_01,SYN_TRUCK_010,dumper,BREAKDOWN,2.606,SYNTHETIC
2021-06-11,A,SYN_MINE_01,SYN_TRUCK_016,dumper,BREAKDOWN,4.414,SYNTHETIC
2021-06-12,A,SYN_MINE_01,SYN_TRUCK_002,dumper,BREAKDOWN,4.542,SYNTHETIC
2021-06-12,A,SYN_MINE_01,SYN_TRUCK_004,dumper,BREAKDOWN,2.125,SYNTHETIC
2021-06-12,A,SYN_MINE_01,SYN_TRUCK_006,dumper,BREAKDOWN,0.072,SYNTHETIC
2021-06-12,B,SYN_MINE_01,SYN_TRUCK_008,dumper,BREAKDOWN,1.531,SYNTHETIC
2021-06-12,B,SYN_MINE_01,SYN_TRUCK_009,dumper,BREAKDOWN,2.622,SYNTHETIC
2021-06-12,C,SYN_MINE_01,SYN_TRUCK_011,dumper,BREAKDOWN,4.951,SYNTHETIC
2021-06-12,B,SYN_MINE_01,SYN_TRUCK_013,dumper,BREAKDOWN,0.932,SYNTHETIC
2021-06-12,C,SYN_MINE_01,SYN_TRUCK_014,dumper,BREAKDOWN,4.453,SYNTHETIC
2021-06-12,A,SYN_MINE_01,SYN_TRUCK_015,dumper,BREAKDOWN,3.183,SYNTHETIC
2021-06-13,A,SYN_MINE_01,SYN_DRILL_001,drill,BREAKDOWN,0.485,SYNTHETIC
2021-06-13,C,SYN_MINE_01,SYN_DRILL_001,drill,BREAKDOWN,5.185,SYNTHETIC
2021-06-13,A,SYN_MINE_01,SYN_DRILL_002,drill,PREVENTIVE_MAINTENANCE,4.417,SYNTHETIC
2021-06-13,B,SYN_MINE_01,SYN_EXC_001,excavator,BREAKDOWN,5.715,SYNTHETIC
2021-06-13,B,SYN_MINE_01,SYN_TRUCK_001,dumper,BREAKDOWN,0.253,SYNTHETIC
2021-06-13,A,SYN_MINE_01,SYN_TRUCK_006,dumper,PREVENTIVE_MAINTENANCE,6.162,SYNTHETIC
2021-06-13,B,SYN_MINE_01,SYN_TRUCK_013,dumper,BREAKDOWN,6.84,SYNTHETIC
2021-06-14,A,SYN_MINE_01,SYN_EXC_002,excavator,BREAKDOWN,4.135,SYNTHETIC
2021-06-14,A,SYN_MINE_01,SYN_TRUCK_001,dumper,BREAKDOWN,4.442,SYNTHETIC
2021-06-14,C,SYN_MINE_01,SYN_TRUCK_002,dumper,BREAKDOWN,0.726,SYNTHETIC
2021-06-14,C,SYN_MINE_01,SYN_TRUCK_004,dumper,BREAKDOWN,3.211,SYNTHETIC
2021-06-14,C,SYN_MINE_01,SYN_TRUCK_005,dumper,BREAKDOWN,0.616,SYNTHETIC
2021-06-14,A,SYN_MINE_01,SYN_TRUCK_017,dumper,PREVENTIVE_MAINTENANCE,6.067,SYNTHETIC
2021-06-15,A,SYN_MINE_01,SYN_EXC_001,excavator,BREAKDOWN,0.019,SYNTHETIC
2021-06-15,C,SYN_MINE_01,SYN_EXC_001,excavator,BREAKDOWN,5.305,SYNTHETIC
2021-06-15,C,SYN_MINE_01,SYN_TRUCK_001,dumper,BREAKDOWN,5.057,SYNTHETIC
2021-06-15,B,SYN_MINE_01,SYN_TRUCK_003,dumper,BREAKDOWN,1.554,SYNTHETIC
2021-06-15,B,SYN_MINE_01,SYN_TRUCK_008,dumper,BREAKDOWN,5.624,SYNTHETIC
2021-06-15,A,SYN_MINE_01,SYN_TRUCK_010,dumper,BREAKDOWN,2.27,SYNTHETIC
2021-06-15,C,SYN_MINE_01,SYN_TRUCK_013,dumper,BREAKDOWN,3.486,SYNTHETIC
2021-06-15,B,SYN_MINE_01,SYN_TRUCK_015,dumper,BREAKDOWN,3.43,SYNTHETIC
2021-06-15,C,SYN_MINE_01,SYN_TRUCK_015,dumper,BREAKDOWN,4.728,SYNTHETIC
2021-06-16,A,SYN_MINE_01,SYN_TRUCK_005,dumper,PREVENTIVE_MAINTENANCE,5.038,SYNTHETIC
2021-06-16,A,SYN_MINE_01,SYN_TRUCK_007,dumper,BREAKDOWN,2.387,SYNTHETIC
2021-06-16,A,SYN_MINE_01,SYN_TRUCK_017,dumper,BREAKDOWN,0.594,SYNTHETIC
2021-06-17,A,SYN_MINE_01,SYN_DRILL_001,drill,PREVENTIVE_MAINTENANCE,5.899,SYNTHETIC
2021-06-17,B,SYN_MINE_01,SYN_DRILL_002,drill,BREAKDOWN,2.355,SYNTHETIC
2021-06-17,A,SYN_MINE_01,SYN_TRUCK_001,dumper,PREVENTIVE_MAINTENANCE,6.276,SYNTHETIC
2021-06-17,A,SYN_MINE_01,SYN_TRUCK_005,dumper,BREAKDOWN,3.502,SYNTHETIC
2021-06-17,A,SYN_MINE_01,SYN_TRUCK_008,dumper,BREAKDOWN,5.539,SYNTHETIC
2021-06-17,A,SYN_MINE_01,SYN_TRUCK_013,dumper,BREAKDOWN,6.114,SYNTHETIC
2021-06-17,B,SYN_MINE_01,SYN_TRUCK_015,dumper,BREAKDOWN,2.051,SYNTHETIC
2021-06-18,C,SYN_MINE_01,SYN_TRUCK_004,dumper,BREAKDOWN,2.055,SYNTHETIC
2021-06-18,A,SYN_MINE_01,SYN_TRUCK_009,dumper,BREAKDOWN,1.374,SYNTHETIC
2021-06-18,B,SYN_MINE_01,SYN_TRUCK_009,dumper,BREAKDOWN,0.557,SYNTHETIC
2021-06-18,C,SYN_MINE_01,SYN_TRUCK_014,dumper,BREAKDOWN,2.202,SYNTHETIC
2021-06-18,A,SYN_MINE_01,SYN_TRUCK_015,dumper,BREAKDOWN,0.226,SYNTHETIC
2021-06-18,C,SYN_MINE_01,SYN_TRUCK_017,dumper,BREAKDOWN,0.186,SYNTHETIC
2021-06-19,A,SYN_MINE_01,SYN_EXC_002,excavator,BREAKDOWN,1.884,SYNTHETIC
2021-06-19,A,SYN_MINE_01,SYN_TRUCK_002,dumper,PREVENTIVE_MAINTENANCE,7.0,SYNTHETIC
2021-06-19,C,SYN_MINE_01,SYN_TRUCK_009,dumper,BREAKDOWN,4.937,SYNTHETIC
2021-06-19,C,SYN_MINE_01,SYN_TRUCK_010,dumper,BREAKDOWN,1.667,SYNTHETIC
2021-06-19,A,SYN_MINE_01,SYN_TRUCK_011,dumper,PREVENTIVE_MAINTENANCE,7.0,SYNTHETIC
2021-06-19,A,SYN_MINE_01,SYN_TRUCK_013,dumper,BREAKDOWN,1.738,SYNTHETIC
2021-06-19,A,SYN_MINE_01,SYN_TRUCK_014,dumper,BREAKDOWN,1.614,SYNTHETIC
2021-06-19,C,SYN_MINE_01,SYN_TRUCK_016,dumper,BREAKDOWN,1.307,SYNTHETIC
2021-06-20,A,SYN_MINE_01,SYN_TRUCK_003,dumper,BREAKDOWN,3.748,SYNTHETIC
2021-06-20,A,SYN_MINE_01,SYN_TRUCK_008,dumper,PREVENTIVE_MAINTENANCE,5.543,SYNTHETIC
2021-06-20,A,SYN_MINE_01,SYN_TRUCK_012,dumper,PREVENTIVE_MAINTENANCE,6.453,SYNTHETIC
2021-06-20,A,SYN_MINE_01,SYN_TRUCK_013,dumper,PREVENTIVE_MAINTENANCE,6.1,SYNTHETIC
2021-06-21,A,SYN_MINE_01,SYN_TRUCK_002,dumper,BREAKDOWN,1.124,SYNTHETIC
2021-06-21,A,SYN_MINE_01,SYN_TRUCK_009,dumper,PREVENTIVE_MAINTENANCE,5.049,SYNTHETIC
2021-06-21,A,SYN_MINE_01,SYN_TRUCK_012,dumper,BREAKDOWN,4.258,SYNTHETIC
2021-06-21,A,SYN_MINE_01,SYN_TRUCK_014,dumper,PREVENTIVE_MAINTENANCE,5.267,SYNTHETIC
2021-06-21,A,SYN_MINE_01,SYN_TRUCK_015,dumper,PREVENTIVE_MAINTENANCE,4.458,SYNTHETIC
2021-06-21,A,SYN_MINE_01,SYN_TRUCK_017,dumper,BREAKDOWN,6.748,SYNTHETIC
2021-06-21,B,SYN_MINE_01,SYN_TRUCK_017,dumper,BREAKDOWN,4.402,SYNTHETIC
2021-06-22,B,SYN_MINE_01,SYN_DRILL_001,drill,BREAKDOWN,0.444,SYNTHETIC
2021-06-22,C,SYN_MINE_01,SYN_EXC_002,excavator,BREAKDOWN,0.759,SYNTHETIC
2021-06-22,C,SYN_MINE_01,SYN_TRUCK_003,dumper,BREAKDOWN,2.625,SYNTHETIC
2021-06-23,B,SYN_MINE_01,SYN_DRILL_001,drill,BREAKDOWN,3.095,SYNTHETIC
2021-06-23,A,SYN_MINE_01,SYN_TRUCK_002,dumper,BREAKDOWN,1.46,SYNTHETIC
2021-06-23,A,SYN_MINE_01,SYN_TRUCK_003,dumper,BREAKDOWN,1.174,SYNTHETIC
2021-06-23,B,SYN_MINE_01,SYN_TRUCK_004,dumper,BREAKDOWN,3.982,SYNTHETIC
2021-06-23,C,SYN_MINE_01,SYN_TRUCK_007,dumper,BREAKDOWN,1.004,SYNTHETIC
2021-06-23,B,SYN_MINE_01,SYN_TRUCK_016,dumper,BREAKDOWN,0.011,SYNTHETIC
2021-06-24,A,SYN_MINE_01,SYN_DRILL_002,drill,PREVENTIVE_MAINTENANCE,5.446,SYNTHETIC
2021-06-24,C,SYN_MINE_01,SYN_DRILL_002,drill,BREAKDOWN,3.716,SYNTHETIC
2021-06-24,A,SYN_MINE_01,SYN_EXC_001,excavator,PREVENTIVE_MAINTENANCE,7.0,SYNTHETIC
2021-06-24,B,SYN_MINE_01,SYN_TRUCK_002,dumper,BREAKDOWN,4.876,SYNTHETIC
2021-06-24,B,SYN_MINE_01,SYN_TRUCK_006,dumper,BREAKDOWN,3.377,SYNTHETIC
2021-06-24,C,SYN_MINE_01,SYN_TRUCK_013,dumper,BREAKDOWN,5.494,SYNTHETIC
2021-06-25,C,SYN_MINE_01,SYN_TRUCK_002,dumper,BREAKDOWN,3.576,SYNTHETIC
2021-06-25,A,SYN_MINE_01,SYN_TRUCK_011,dumper,BREAKDOWN,0.99,SYNTHETIC
2021-06-26,A,SYN_MINE_01,SYN_EXC_002,excavator,PREVENTIVE_MAINTENANCE,7.0,SYNTHETIC
2021-06-26,B,SYN_MINE_01,SYN_TRUCK_001,dumper,BREAKDOWN,5.439,SYNTHETIC
2021-06-26,C,SYN_MINE_01,SYN_TRUCK_001,dumper,BREAKDOWN,5.766,SYNTHETIC
2021-06-26,B,SYN_MINE_01,SYN_TRUCK_003,dumper,BREAKDOWN,3.652,SYNTHETIC
2021-06-26,B,SYN_MINE_01,SYN_TRUCK_008,dumper,BREAKDOWN,4.007,SYNTHETIC
2021-06-26,C,SYN_MINE_01,SYN_TRUCK_009,dumper,BREAKDOWN,3.302,SYNTHETIC
2021-06-26,A,SYN_MINE_01,SYN_TRUCK_010,dumper,BREAKDOWN,1.456,SYNTHETIC
2021-06-26,C,SYN_MINE_01,SYN_TRUCK_010,dumper,BREAKDOWN,0.552,SYNTHETIC
2021-06-26,C,SYN_MINE_01,SYN_TRUCK_011,dumper,BREAKDOWN,3.107,SYNTHETIC
2021-06-26,B,SYN_MINE_01,SYN_TRUCK_013,dumper,BREAKDOWN,4.72,SYNTHETIC
2021-06-26,C,SYN_MINE_01,SYN_TRUCK_016,dumper,BREAKDOWN,1.846,SYNTHETIC
2021-06-27,C,SYN_MINE_01,SYN_TRUCK_010,dumper,BREAKDOWN,2.903,SYNTHETIC
2021-06-27,B,SYN_MINE_01,SYN_TRUCK_013,dumper,BREAKDOWN,4.842,SYNTHETIC
2021-06-28,A,SYN_MINE_01,SYN_DRILL_001,drill,BREAKDOWN,3.963,SYNTHETIC
2021-06-28,A,SYN_MINE_01,SYN_EXC_001,excavator,BREAKDOWN,1.744,SYNTHETIC
2021-06-28,A,SYN_MINE_01,SYN_TRUCK_003,dumper,PREVENTIVE_MAINTENANCE,4.581,SYNTHETIC
2021-06-28,A,SYN_MINE_01,SYN_TRUCK_004,dumper,PREVENTIVE_MAINTENANCE,4.505,SYNTHETIC
2021-06-28,B,SYN_MINE_01,SYN_TRUCK_004,dumper,BREAKDOWN,2.511,SYNTHETIC
2021-06-28,C,SYN_MINE_01,SYN_TRUCK_004,dumper,BREAKDOWN,5.547,SYNTHETIC
2021-06-28,C,SYN_MINE_01,SYN_TRUCK_005,dumper,BREAKDOWN,1.224,SYNTHETIC
2021-06-28,B,SYN_MINE_01,SYN_TRUCK_007,dumper,BREAKDOWN,2.236,SYNTHETIC
2021-06-28,A,SYN_MINE_01,SYN_TRUCK_016,dumper,PREVENTIVE_MAINTENANCE,5.37,SYNTHETIC
2021-06-29,A,SYN_MINE_01,SYN_DRILL_001,drill,PREVENTIVE_MAINTENANCE,5.145,SYNTHETIC
2021-06-29,B,SYN_MINE_01,SYN_TRUCK_007,dumper,BREAKDOWN,6.009,SYNTHETIC
2021-06-29,B,SYN_MINE_01,SYN_TRUCK_012,dumper,BREAKDOWN,3.712,SYNTHETIC
2021-06-29,A,SYN_MINE_01,SYN_TRUCK_014,dumper,BREAKDOWN,1.77,SYNTHETIC
2021-06-30,A,SYN_MINE_01,SYN_EXC_001,excavator,BREAKDOWN,3.894,SYNTHETIC
2021-06-30,B,SYN_MINE_01,SYN_TRUCK_001,dumper,BREAKDOWN,3.122,SYNTHETIC
2021-06-30,B,SYN_MINE_01,SYN_TRUCK_002,dumper,BREAKDOWN,6.391,SYNTHETIC
2021-06-30,B,SYN_MINE_01,SYN_TRUCK_004,dumper,BREAKDOWN,3.659,SYNTHETIC
2021-06-30,B,SYN_MINE_01,SYN_TRUCK_007,dumper,BREAKDOWN,1.123,SYNTHETIC
2021-07-01,C,SYN_MINE_01,SYN_DRILL_001,drill,BREAKDOWN,2.54,SYNTHETIC
2021-07-01,C,SYN_MINE_01,SYN_DRILL_002,drill,BREAKDOWN,2.181,SYNTHETIC
2021-07-01,C,SYN_MINE_01,SYN_TRUCK_001,dumper,BREAKDOWN,5.331,SYNTHETIC
2021-07-01,B,SYN_MINE_01,SYN_TRUCK_003,dumper,BREAKDOWN,1.132,SYNTHETIC
2021-07-01,A,SYN_MINE_01,SYN_TRUCK_009,dumper,BREAKDOWN,4.71,SYNTHETIC
2021-07-01,C,SYN_MINE_01,SYN_TRUCK_009,dumper,BREAKDOWN,3.104,SYNTHETIC
2021-07-01,A,SYN_MINE_01,SYN_TRUCK_012,dumper,BREAKDOWN,2.161,SYNTHETIC
2021-07-02,C,SYN_MINE_01,SYN_DRILL_002,drill,BREAKDOWN,3.463,SYNTHETIC
2021-07-02,A,SYN_MINE_01,SYN_TRUCK_002,dumper,BREAKDOWN,1.918,SYNTHETIC
2021-07-02,A,SYN_MINE_01,SYN_TRUCK_006,dumper,PREVENTIVE_MAINTENANCE,7.0,SYNTHETIC
2021-07-02,A,SYN_MINE_01,SYN_TRUCK_007,dumper,PREVENTIVE_MAINTENANCE,5.847,SYNTHETIC
2021-07-02,A,SYN_MINE_01,SYN_TRUCK_010,dumper,PREVENTIVE_MAINTENANCE,6.354,SYNTHETIC
2021-07-02,A,SYN_MINE_01,SYN_TRUCK_012,dumper,BREAKDOWN,4.667,SYNTHETIC
2021-07-03,B,SYN_MINE_01,SYN_DRILL_002,drill,BREAKDOWN,2.914,SYNTHETIC
2021-07-03,B,SYN_MINE_01,SYN_TRUCK_005,dumper,BREAKDOWN,2.262,SYNTHETIC
2021-07-03,A,SYN_MINE_01,SYN_TRUCK_010,dumper,BREAKDOWN,1.351,SYNTHETIC
2021-07-03,B,SYN_MINE_01,SYN_TRUCK_010,dumper,BREAKDOWN,2.962,SYNTHETIC
2021-07-03,C,SYN_MINE_01,SYN_TRUCK_013,dumper,BREAKDOWN,5.608,SYNTHETIC
2021-07-03,B,SYN_MINE_01,SYN_TRUCK_014,dumper,BREAKDOWN,2.306,SYNTHETIC
2021-07-03,C,SYN_MINE_01,SYN_TRUCK_016,dumper,BREAKDOWN,4.994,SYNTHETIC
2021-07-04,A,SYN_MINE_01,SYN_DRILL_002,drill,BREAKDOWN,1.637,SYNTHETIC
2021-07-04,C,SYN_MINE_01,SYN_TRUCK_005,dumper,BREAKDOWN,4.664,SYNTHETIC
2021-07-04,A,SYN_MINE_01,SYN_TRUCK_010,dumper,BREAKDOWN,3.203,SYNTHETIC
2021-07-04,B,SYN_MINE_01,SYN_TRUCK_012,dumper,BREAKDOWN,6.223,SYNTHETIC
2021-07-04,A,SYN_MINE_01,SYN_TRUCK_017,dumper,PREVENTIVE_MAINTENANCE,6.793,SYNTHETIC
2021-07-05,A,SYN_MINE_01,SYN_DRILL_002,drill,BREAKDOWN,3.145,SYNTHETIC
2021-07-05,A,SYN_MINE_01,SYN_EXC_001,excavator,BREAKDOWN,1.543,SYNTHETIC
2021-07-05,A,SYN_MINE_01,SYN_TRUCK_006,dumper,BREAKDOWN,3.593,SYNTHETIC
2021-07-05,B,SYN_MINE_01,SYN_TRUCK_009,dumper,BREAKDOWN,1.752,SYNTHETIC
2021-07-05,B,SYN_MINE_01,SYN_TRUCK_013,dumper,BREAKDOWN,1.942,SYNTHETIC
2021-07-06,A,SYN_MINE_01,SYN_TRUCK_002,dumper,BREAKDOWN,4.569,SYNTHETIC
2021-07-06,C,SYN_MINE_01,SYN_TRUCK_004,dumper,BREAKDOWN,0.671,SYNTHETIC
2021-07-06,A,SYN_MINE_01,SYN_TRUCK_005,dumper,PREVENTIVE_MAINTENANCE,6.679,SYNTHETIC
2021-07-06,C,SYN_MINE_01,SYN_TRUCK_011,dumper,BREAKDOWN,3.799,SYNTHETIC
2021-07-06,A,SYN_MINE_01,SYN_TRUCK_016,dumper,BREAKDOWN,0.916,SYNTHETIC
2021-07-07,B,SYN_MINE_01,SYN_DRILL_001,drill,BREAKDOWN,0.134,SYNTHETIC
2021-07-07,C,SYN_MINE_01,SYN_DRILL_001,drill,BREAKDOWN,4.198,SYNTHETIC
2021-07-07,A,SYN_MINE_01,SYN_DRILL_002,drill,PREVENTIVE_MAINTENANCE,4.837,SYNTHETIC
2021-07-07,A,SYN_MINE_01,SYN_TRUCK_006,dumper,BREAKDOWN,4.006,SYNTHETIC
2021-07-07,B,SYN_MINE_01,SYN_TRUCK_007,dumper,BREAKDOWN,1.434,SYNTHETIC
2021-07-07,B,SYN_MINE_01,SYN_TRUCK_010,dumper,BREAKDOWN,5.252,SYNTHETIC
2021-07-07,B,SYN_MINE_01,SYN_TRUCK_014,dumper,BREAKDOWN,3.852,SYNTHETIC
2021-07-07,B,SYN_MINE_01,SYN_TRUCK_015,dumper,BREAKDOWN,0.344,SYNTHETIC
2021-07-07,A,SYN_MINE_01,SYN_TRUCK_016,dumper,BREAKDOWN,3.288,SYNTHETIC
2021-07-07,C,SYN_MINE_01,SYN_TRUCK_017,dumper,BREAKDOWN,0.64,SYNTHETIC
2021-07-08,B,SYN_MINE_01,SYN_EXC_002,excavator,BREAKDOWN,3.493,SYNTHETIC
2021-07-08,A,SYN_MINE_01,SYN_TRUCK_001,dumper,PREVENTIVE_MAINTENANCE,4.705,SYNTHETIC
2021-07-08,A,SYN_MINE_01,SYN_TRUCK_008,dumper,BREAKDOWN,5.947,SYNTHETIC
2021-07-08,A,SYN_MINE_01,SYN_TRUCK_009,dumper,BREAKDOWN,4.405,SYNTHETIC
2021-07-08,C,SYN_MINE_01,SYN_TRUCK_014,dumper,BREAKDOWN,1.732,SYNTHETIC
2021-07-08,B,SYN_MINE_01,SYN_TRUCK_016,dumper,BREAKDOWN,0.612,SYNTHETIC
2021-07-09,A,SYN_MINE_01,SYN_EXC_001,excavator,BREAKDOWN,3.992,SYNTHETIC
2021-07-09,A,SYN_MINE_01,SYN_TRUCK_002,dumper,BREAKDOWN,2.249,SYNTHETIC
2021-07-09,C,SYN_MINE_01,SYN_TRUCK_003,dumper,BREAKDOWN,2.57,SYNTHETIC
2021-07-09,A,SYN_MINE_01,SYN_TRUCK_011,dumper,PREVENTIVE_MAINTENANCE,7.0,SYNTHETIC
2021-07-09,C,SYN_MINE_01,SYN_TRUCK_016,dumper,BREAKDOWN,2.543,SYNTHETIC
2021-07-09,C,SYN_MINE_01,SYN_TRUCK_017,dumper,BREAKDOWN,2.284,SYNTHETIC
2021-07-10,A,SYN_MINE_01,SYN_DRILL_001,drill,PREVENTIVE_MAINTENANCE,4.594,SYNTHETIC
2021-07-10,C,SYN_MINE_01,SYN_DRILL_002,drill,BREAKDOWN,2.04,SYNTHETIC
2021-07-10,B,SYN_MINE_01,SYN_TRUCK_003,dumper,BREAKDOWN,4.527,SYNTHETIC
2021-07-10,B,SYN_MINE_01,SYN_TRUCK_008,dumper,BREAKDOWN,2.92,SYNTHETIC
2021-07-10,A,SYN_MINE_01,SYN_TRUCK_009,dumper,BREAKDOWN,4.765,SYNTHETIC
2021-07-10,A,SYN_MINE_01,SYN_TRUCK_012,dumper,PREVENTIVE_MAINTENANCE,5.91,SYNTHETIC
2021-07-10,A,SYN_MINE_01,SYN_TRUCK_015,dumper,PREVENTIVE_MAINTENANCE,7.0,SYNTHETIC
2021-07-11,A,SYN_MINE_01,SYN_EXC_001,excavator,BREAKDOWN,1.473,SYNTHETIC
2021-07-11,C,SYN_MINE_01,SYN_TRUCK_002,dumper,BREAKDOWN,1.045,SYNTHETIC
2021-07-11,C,SYN_MINE_01,SYN_TRUCK_007,dumper,BREAKDOWN,0.627,SYNTHETIC
2021-07-11,A,SYN_MINE_01,SYN_TRUCK_008,dumper,PREVENTIVE_MAINTENANCE,7.0,SYNTHETIC
2021-07-11,B,SYN_MINE_01,SYN_TRUCK_008,dumper,BREAKDOWN,1.267,SYNTHETIC
2021-07-11,B,SYN_MINE_01,SYN_TRUCK_010,dumper,BREAKDOWN,3.671,SYNTHETIC
2021-07-11,A,SYN_MINE_01,SYN_TRUCK_013,dumper,PREVENTIVE_MAINTENANCE,5.064,SYNTHETIC
2021-07-11,A,SYN_MINE_01,SYN_TRUCK_014,dumper,PREVENTIVE_MAINTENANCE,5.377,SYNTHETIC
2021-07-12,A,SYN_MINE_01,SYN_EXC_001,excavator,PREVENTIVE_MAINTENANCE,7.0,SYNTHETIC
2021-07-12,C,SYN_MINE_01,SYN_EXC_002,excavator,BREAKDOWN,0.225,SYNTHETIC
2021-07-12,A,SYN_MINE_01,SYN_TRUCK_009,dumper,PREVENTIVE_MAINTENANCE,4.352,SYNTHETIC
2021-07-12,C,SYN_MINE_01,SYN_TRUCK_009,dumper,BREAKDOWN,4.495,SYNTHETIC
2021-07-12,C,SYN_MINE_01,SYN_TRUCK_015,dumper,BREAKDOWN,2.508,SYNTHETIC
2021-07-12,C,SYN_MINE_01,SYN_TRUCK_016,dumper,BREAKDOWN,1.575,SYNTHETIC
2021-07-13,ALL,SYN_MINE_01,SITE,site,POWER_OUTAGE,4.17,SYNTHETIC
2021-07-13,A,SYN_MINE_01,SYN_DRILL_002,drill,BREAKDOWN,2.725,SYNTHETIC
2021-07-13,C,SYN_MINE_01,SYN_TRUCK_001,dumper,BREAKDOWN,0.917,SYNTHETIC
2021-07-13,A,SYN_MINE_01,SYN_TRUCK_002,dumper,PREVENTIVE_MAINTENANCE,4.139,SYNTHETIC
2021-07-13,B,SYN_MINE_01,SYN_TRUCK_006,dumper,BREAKDOWN,3.158,SYNTHETIC
2021-07-13,A,SYN_MINE_01,SYN_TRUCK_010,dumper,BREAKDOWN,3.103,SYNTHETIC
2021-07-13,C,SYN_MINE_01,SYN_TRUCK_011,dumper,BREAKDOWN,1.146,SYNTHETIC
2021-07-14,C,SYN_MINE_01,SYN_DRILL_001,drill,BREAKDOWN,3.133,SYNTHETIC
2021-07-14,B,SYN_MINE_01,SYN_DRILL_002,drill,BREAKDOWN,0.984,SYNTHETIC
2021-07-14,A,SYN_MINE_01,SYN_TRUCK_007,dumper,BREAKDOWN,1.772,SYNTHETIC
2021-07-14,A,SYN_MINE_01,SYN_TRUCK_010,dumper,BREAKDOWN,1.388,SYNTHETIC
2021-07-14,B,SYN_MINE_01,SYN_TRUCK_011,dumper,BREAKDOWN,0.162,SYNTHETIC
2021-07-14,A,SYN_MINE_01,SYN_TRUCK_016,dumper,BREAKDOWN,3.634,SYNTHETIC
2021-07-14,B,SYN_MINE_01,SYN_TRUCK_016,dumper,BREAKDOWN,1.082,SYNTHETIC
2021-07-15,A,SYN_MINE_01,SYN_DRILL_001,drill,BREAKDOWN,1.243,SYNTHETIC
2021-07-15,A,SYN_MINE_01,SYN_EXC_002,excavator,PREVENTIVE_MAINTENANCE,7.0,SYNTHETIC
2021-07-15,A,SYN_MINE_01,SYN_TRUCK_001,dumper,BREAKDOWN,2.047,SYNTHETIC
2021-07-15,C,SYN_MINE_01,SYN_TRUCK_004,dumper,BREAKDOWN,1.34,SYNTHETIC
2021-07-15,C,SYN_MINE_01,SYN_TRUCK_006,dumper,BREAKDOWN,1.633,SYNTHETIC
2021-07-15,A,SYN_MINE_01,SYN_TRUCK_008,dumper,BREAKDOWN,1.016,SYNTHETIC
2021-07-15,B,SYN_MINE_01,SYN_TRUCK_010,dumper,BREAKDOWN,1.981,SYNTHETIC
2021-07-15,A,SYN_MINE_01,SYN_TRUCK_011,dumper,BREAKDOWN,3.016,SYNTHETIC
2021-07-16,B,SYN_MINE_01,SYN_DRILL_002,drill,BREAKDOWN,0.323,SYNTHETIC
2021-07-16,B,SYN_MINE_01,SYN_TRUCK_001,dumper,BREAKDOWN,4.234,SYNTHETIC
2021-07-16,A,SYN_MINE_01,SYN_TRUCK_003,dumper,BREAKDOWN,0.498,SYNTHETIC
2021-07-16,C,SYN_MINE_01,SYN_TRUCK_006,dumper,BREAKDOWN,3.055,SYNTHETIC
2021-07-16,C,SYN_MINE_01,SYN_TRUCK_011,dumper,BREAKDOWN,2.592,SYNTHETIC
2021-07-16,B,SYN_MINE_01,SYN_TRUCK_014,dumper,BREAKDOWN,4.009,SYNTHETIC
2021-07-16,A,SYN_MINE_01,SYN_TRUCK_016,dumper,BREAKDOWN,2.085,SYNTHETIC
2021-07-17,ALL,SYN_MINE_01,SITE,site,POWER_OUTAGE,4.96,SYNTHETIC
2021-07-17,C,SYN_MINE_01,SYN_DRILL_001,drill,BREAKDOWN,2.412,SYNTHETIC
2021-07-17,B,SYN_MINE_01,SYN_EXC_001,excavator,BREAKDOWN,2.823,SYNTHETIC
2021-07-17,C,SYN_MINE_01,SYN_TRUCK_010,dumper,BREAKDOWN,4.751,SYNTHETIC
2021-07-17,A,SYN_MINE_01,SYN_TRUCK_012,dumper,BREAKDOWN,0.688,SYNTHETIC
2021-07-17,C,SYN_MINE_01,SYN_TRUCK_016,dumper,BREAKDOWN,3.239,SYNTHETIC
2021-07-18,C,SYN_MINE_01,SYN_DRILL_002,drill,BREAKDOWN,1.097,SYNTHETIC
2021-07-18,A,SYN_MINE_01,SYN_TRUCK_001,dumper,BREAKDOWN,3.173,SYNTHETIC
2021-07-18,B,SYN_MINE_01,SYN_TRUCK_003,dumper,BREAKDOWN,4.881,SYNTHETIC
2021-07-18,B,SYN_MINE_01,SYN_TRUCK_008,dumper,BREAKDOWN,0.271,SYNTHETIC
2021-07-18,A,SYN_MINE_01,SYN_TRUCK_012,dumper,BREAKDOWN,2.168,SYNTHETIC
2021-07-18,C,SYN_MINE_01,SYN_TRUCK_014,dumper,BREAKDOWN,4.89,SYNTHETIC
2021-07-19,A,SYN_MINE_01,SYN_TRUCK_001,dumper,BREAKDOWN,2.47,SYNTHETIC
2021-07-19,B,SYN_MINE_01,SYN_TRUCK_002,dumper,BREAKDOWN,2.61,SYNTHETIC
2021-07-19,A,SYN_MINE_01,SYN_TRUCK_003,dumper,PREVENTIVE_MAINTENANCE,7.0,SYNTHETIC
2021-07-19,A,SYN_MINE_01,SYN_TRUCK_004,dumper,PREVENTIVE_MAINTENANCE,4.697,SYNTHETIC
2021-07-19,B,SYN_MINE_01,SYN_TRUCK_008,dumper,BREAKDOWN,3.162,SYNTHETIC
2021-07-19,B,SYN_MINE_01,SYN_TRUCK_014,dumper,BREAKDOWN,0.952,SYNTHETIC
2021-07-20,A,SYN_MINE_01,SYN_DRILL_002,drill,BREAKDOWN,0.077,SYNTHETIC
2021-07-20,A,SYN_MINE_01,SYN_TRUCK_005,dumper,BREAKDOWN,0.594,SYNTHETIC
2021-07-20,B,SYN_MINE_01,SYN_TRUCK_012,dumper,BREAKDOWN,1.842,SYNTHETIC
2021-07-20,A,SYN_MINE_01,SYN_TRUCK_013,dumper,BREAKDOWN,6.802,SYNTHETIC
2021-07-20,B,SYN_MINE_01,SYN_TRUCK_014,dumper,BREAKDOWN,2.051,SYNTHETIC
2021-07-20,A,SYN_MINE_01,SYN_TRUCK_016,dumper,PREVENTIVE_MAINTENANCE,7.0,SYNTHETIC
2021-07-21,C,SYN_MINE_01,SYN_DRILL_001,drill,BREAKDOWN,4.73,SYNTHETIC
2021-07-21,A,SYN_MINE_01,SYN_DRILL_002,drill,PREVENTIVE_MAINTENANCE,4.251,SYNTHETIC
2021-07-21,B,SYN_MINE_01,SYN_EXC_001,excavator,BREAKDOWN,0.11,SYNTHETIC
2021-07-21,B,SYN_MINE_01,SYN_TRUCK_006,dumper,BREAKDOWN,3.496,SYNTHETIC
2021-07-21,A,SYN_MINE_01,SYN_TRUCK_007,dumper,BREAKDOWN,1.239,SYNTHETIC
2021-07-21,C,SYN_MINE_01,SYN_TRUCK_007,dumper,BREAKDOWN,0.016,SYNTHETIC
2021-07-21,A,SYN_MINE_01,SYN_TRUCK_008,dumper,BREAKDOWN,0.783,SYNTHETIC
2021-07-21,A,SYN_MINE_01,SYN_TRUCK_009,dumper,BREAKDOWN,0.348,SYNTHETIC
2021-07-22,A,SYN_MINE_01,SYN_DRILL_001,drill,PREVENTIVE_MAINTENANCE,4.626,SYNTHETIC
2021-07-22,A,SYN_MINE_01,SYN_TRUCK_004,dumper,BREAKDOWN,2.649,SYNTHETIC
2021-07-22,A,SYN_MINE_01,SYN_TRUCK_009,dumper,BREAKDOWN,3.55,SYNTHETIC
2021-07-22,B,SYN_MINE_01,SYN_TRUCK_011,dumper,BREAKDOWN,2.209,SYNTHETIC
2021-07-22,B,SYN_MINE_01,SYN_TRUCK_014,dumper,BREAKDOWN,3.378,SYNTHETIC
2021-07-23,C,SYN_MINE_01,SYN_DRILL_002,drill,BREAKDOWN,2.705,SYNTHETIC
2021-07-23,A,SYN_MINE_01,SYN_TRUCK_007,dumper,BREAKDOWN,0.609,SYNTHETIC
2021-07-23,B,SYN_MINE_01,SYN_TRUCK_016,dumper,BREAKDOWN,4.8,SYNTHETIC
2021-07-24,C,SYN_MINE_01,SYN_DRILL_002,drill,BREAKDOWN,1.495,SYNTHETIC
2021-07-24,B,SYN_MINE_01,SYN_TRUCK_001,dumper,BREAKDOWN,3.413,SYNTHETIC
2021-07-24,C,SYN_MINE_01,SYN_TRUCK_008,dumper,BREAKDOWN,1.471,SYNTHETIC
2021-07-24,C,SYN_MINE_01,SYN_TRUCK_009,dumper,BREAKDOWN,2.59,SYNTHETIC
2021-07-24,A,SYN_MINE_01,SYN_TRUCK_010,dumper,PREVENTIVE_MAINTENANCE,4.665,SYNTHETIC
2021-07-24,C,SYN_MINE_01,SYN_TRUCK_014,dumper,BREAKDOWN,2.173,SYNTHETIC
2021-07-24,A,SYN_MINE_01,SYN_TRUCK_017,dumper,PREVENTIVE_MAINTENANCE,6.655,SYNTHETIC
2021-07-25,A,SYN_MINE_01,SYN_DRILL_001,drill,BREAKDOWN,1.013,SYNTHETIC
2021-07-25,A,SYN_MINE_01,SYN_EXC_001,excavator,BREAKDOWN,1.925,SYNTHETIC
2021-07-25,A,SYN_MINE_01,SYN_TRUCK_005,dumper,PREVENTIVE_MAINTENANCE,4.897,SYNTHETIC
2021-07-25,A,SYN_MINE_01,SYN_TRUCK_006,dumper,PREVENTIVE_MAINTENANCE,5.492,SYNTHETIC
2021-07-25,B,SYN_MINE_01,SYN_TRUCK_010,dumper,BREAKDOWN,2.11,SYNTHETIC
2021-07-25,B,SYN_MINE_01,SYN_TRUCK_013,dumper,BREAKDOWN,4.671,SYNTHETIC
2021-07-25,C,SYN_MINE_01,SYN_TRUCK_013,dumper,BREAKDOWN,1.283,SYNTHETIC
2021-07-25,B,SYN_MINE_01,SYN_TRUCK_014,dumper,BREAKDOWN,6.073,SYNTHETIC
2021-07-26,B,SYN_MINE_01,SYN_TRUCK_012,dumper,BREAKDOWN,4.846,SYNTHETIC
2021-07-27,B,SYN_MINE_01,SYN_TRUCK_002,dumper,BREAKDOWN,0.523,SYNTHETIC
2021-07-27,B,SYN_MINE_01,SYN_TRUCK_016,dumper,BREAKDOWN,2.719,SYNTHETIC
2021-07-27,B,SYN_MINE_01,SYN_TRUCK_017,dumper,BREAKDOWN,5.88,SYNTHETIC
2021-07-28,B,SYN_MINE_01,SYN_DRILL_001,drill,BREAKDOWN,1.291,SYNTHETIC
2021-07-28,C,SYN_MINE_01,SYN_TRUCK_004,dumper,BREAKDOWN,2.138,SYNTHETIC
2021-07-28,B,SYN_MINE_01,SYN_TRUCK_009,dumper,BREAKDOWN,4.346,SYNTHETIC
2021-07-28,C,SYN_MINE_01,SYN_TRUCK_009,dumper,BREAKDOWN,1.98,SYNTHETIC
2021-07-28,A,SYN_MINE_01,SYN_TRUCK_012,dumper,BREAKDOWN,3.134,SYNTHETIC
2021-07-28,A,SYN_MINE_01,SYN_TRUCK_013,dumper,BREAKDOWN,1.662,SYNTHETIC
2021-07-28,C,SYN_MINE_01,SYN_TRUCK_013,dumper,BREAKDOWN,2.292,SYNTHETIC
2021-07-29,A,SYN_MINE_01,SYN_DRILL_001,drill,BREAKDOWN,2.22,SYNTHETIC
2021-07-29,C,SYN_MINE_01,SYN_DRILL_002,drill,BREAKDOWN,2.773,SYNTHETIC
2021-07-29,A,SYN_MINE_01,SYN_TRUCK_001,dumper,PREVENTIVE_MAINTENANCE,7.0,SYNTHETIC
2021-07-29,A,SYN_MINE_01,SYN_TRUCK_004,dumper,BREAKDOWN,3.053,SYNTHETIC
2021-07-29,B,SYN_MINE_01,SYN_TRUCK_015,dumper,BREAKDOWN,0.987,SYNTHETIC
2021-07-30,C,SYN_MINE_01,SYN_DRILL_002,drill,BREAKDOWN,1.148,SYNTHETIC
2021-07-30,B,SYN_MINE_01,SYN_TRUCK_003,dumper,BREAKDOWN,5.845,SYNTHETIC
2021-07-30,C,SYN_MINE_01,SYN_TRUCK_004,dumper,BREAKDOWN,1.812,SYNTHETIC
2021-07-30,A,SYN_MINE_01,SYN_TRUCK_005,dumper,BREAKDOWN,2.926,SYNTHETIC
2021-07-30,B,SYN_MINE_01,SYN_TRUCK_007,dumper,BREAKDOWN,1.152,SYNTHETIC
2021-07-30,C,SYN_MINE_01,SYN_TRUCK_009,dumper,BREAKDOWN,2.94,SYNTHETIC
2021-07-30,A,SYN_MINE_01,SYN_TRUCK_011,dumper,PREVENTIVE_MAINTENANCE,5.273,SYNTHETIC
2021-07-30,B,SYN_MINE_01,SYN_TRUCK_011,dumper,BREAKDOWN,4.375,SYNTHETIC
2021-07-30,B,SYN_MINE_01,SYN_TRUCK_013,dumper,BREAKDOWN,0.613,SYNTHETIC
2021-07-30,A,SYN_MINE_01,SYN_TRUCK_014,dumper,BREAKDOWN,0.38,SYNTHETIC
2021-07-30,A,SYN_MINE_01,SYN_TRUCK_015,dumper,PREVENTIVE_MAINTENANCE,4.804,SYNTHETIC
2021-07-30,B,SYN_MINE_01,SYN_TRUCK_017,dumper,BREAKDOWN,3.073,SYNTHETIC
2021-07-31,ALL,SYN_MINE_01,SITE,site,WEATHER_SITE_STOPPAGE,4.53,SYNTHETIC
2021-07-31,C,SYN_MINE_01,SYN_DRILL_002,drill,BREAKDOWN,2.028,SYNTHETIC
2021-07-31,A,SYN_MINE_01,SYN_EXC_002,excavator,PREVENTIVE_MAINTENANCE,6.08,SYNTHETIC
2021-07-31,A,SYN_MINE_01,SYN_TRUCK_003,dumper,BREAKDOWN,1.467,SYNTHETIC
2021-07-31,B,SYN_MINE_01,SYN_TRUCK_003,dumper,BREAKDOWN,2.528,SYNTHETIC
2021-07-31,B,SYN_MINE_01,SYN_TRUCK_004,dumper,BREAKDOWN,3.939,SYNTHETIC
2021-07-31,B,SYN_MINE_01,SYN_TRUCK_007,dumper,BREAKDOWN,1.502,SYNTHETIC
2021-07-31,B,SYN_MINE_01,SYN_TRUCK_010,dumper,BREAKDOWN,0.253,SYNTHETIC
2021-07-31,C,SYN_MINE_01,SYN_TRUCK_011,dumper,BREAKDOWN,2.821,SYNTHETIC
2021-07-31,A,SYN_MINE_01,SYN_TRUCK_012,dumper,PREVENTIVE_MAINTENANCE,5.146,SYNTHETIC
2021-07-31,A,SYN_MINE_01,SYN_TRUCK_014,dumper,BREAKDOWN,0.561,SYNTHETIC
2021-08-01,C,SYN_MINE_01,SYN_DRILL_001,drill,BREAKDOWN,1.731,SYNTHETIC
2021-08-01,A,SYN_MINE_01,SYN_DRILL_002,drill,BREAKDOWN,5.51,SYNTHETIC
2021-08-01,A,SYN_MINE_01,SYN_EXC_001,excavator,PREVENTIVE_MAINTENANCE,7.0,SYNTHETIC
2021-08-01,A,SYN_MINE_01,SYN_TRUCK_002,dumper,BREAKDOWN,1.976,SYNTHETIC
2021-08-01,C,SYN_MINE_01,SYN_TRUCK_003,dumper,BREAKDOWN,3.398,SYNTHETIC
2021-08-01,A,SYN_MINE_01,SYN_TRUCK_008,dumper,PREVENTIVE_MAINTENANCE,6.872,SYNTHETIC
2021-08-01,A,SYN_MINE_01,SYN_TRUCK_013,dumper,PREVENTIVE_MAINTENANCE,6.975,SYNTHETIC
2021-08-01,A,SYN_MINE_01,SYN_TRUCK_014,dumper,BREAKDOWN,1.914,SYNTHETIC
2021-08-01,A,SYN_MINE_01,SYN_TRUCK_016,dumper,BREAKDOWN,3.142,SYNTHETIC
2021-08-02,B,SYN_MINE_01,SYN_DRILL_001,drill,BREAKDOWN,0.39,SYNTHETIC
2021-08-02,A,SYN_MINE_01,SYN_DRILL_002,drill,PREVENTIVE_MAINTENANCE,4.007,SYNTHETIC
2021-08-02,B,SYN_MINE_01,SYN_TRUCK_007,dumper,BREAKDOWN,3.36,SYNTHETIC
2021-08-02,B,SYN_MINE_01,SYN_TRUCK_009,dumper,BREAKDOWN,0.695,SYNTHETIC
2021-08-02,A,SYN_MINE_01,SYN_TRUCK_014,dumper,PREVENTIVE_MAINTENANCE,6.483,SYNTHETIC
2021-08-03,A,SYN_MINE_01,SYN_DRILL_001,drill,BREAKDOWN,5.38,SYNTHETIC
2021-08-03,C,SYN_MINE_01,SYN_TRUCK_001,dumper,BREAKDOWN,1.555,SYNTHETIC
2021-08-03,A,SYN_MINE_01,SYN_TRUCK_002,dumper,PREVENTIVE_MAINTENANCE,4.238,SYNTHETIC
2021-08-03,B,SYN_MINE_01,SYN_TRUCK_003,dumper,BREAKDOWN,3.665,SYNTHETIC
2021-08-03,B,SYN_MINE_01,SYN_TRUCK_005,dumper,BREAKDOWN,0.682,SYNTHETIC
2021-08-03,A,SYN_MINE_01,SYN_TRUCK_007,dumper,BREAKDOWN,1.195,SYNTHETIC
2021-08-03,C,SYN_MINE_01,SYN_TRUCK_007,dumper,BREAKDOWN,3.785,SYNTHETIC
2021-08-03,C,SYN_MINE_01,SYN_TRUCK_008,dumper,BREAKDOWN,0.928,SYNTHETIC
2021-08-03,A,SYN_MINE_01,SYN_TRUCK_015,dumper,BREAKDOWN,5.065,SYNTHETIC
2021-08-04,A,SYN_MINE_01,SYN_DRILL_001,drill,PREVENTIVE_MAINTENANCE,5.405,SYNTHETIC
2021-08-04,C,SYN_MINE_01,SYN_DRILL_001,drill,BREAKDOWN,2.943,SYNTHETIC
2021-08-04,A,SYN_MINE_01,SYN_TRUCK_002,dumper,BREAKDOWN,3.193,SYNTHETIC
2021-08-04,B,SYN_MINE_01,SYN_TRUCK_004,dumper,BREAKDOWN,3.026,SYNTHETIC
2021-08-04,A,SYN_MINE_01,SYN_TRUCK_005,dumper,BREAKDOWN,0.777,SYNTHETIC
2021-08-04,A,SYN_MINE_01,SYN_TRUCK_007,dumper,BREAKDOWN,6.119,SYNTHETIC
2021-08-04,A,SYN_MINE_01,SYN_TRUCK_009,dumper,PREVENTIVE_MAINTENANCE,4.676,SYNTHETIC
2021-08-04,C,SYN_MINE_01,SYN_TRUCK_010,dumper,BREAKDOWN,1.153,SYNTHETIC
2021-08-04,C,SYN_MINE_01,SYN_TRUCK_012,dumper,BREAKDOWN,2.736,SYNTHETIC
2021-08-04,A,SYN_MINE_01,SYN_TRUCK_017,dumper,BREAKDOWN,5.323,SYNTHETIC
2021-08-05,C,SYN_MINE_01,SYN_TRUCK_003,dumper,BREAKDOWN,0.71,SYNTHETIC
2021-08-05,C,SYN_MINE_01,SYN_TRUCK_004,dumper,BREAKDOWN,2.153,SYNTHETIC
2021-08-05,A,SYN_MINE_01,SYN_TRUCK_013,dumper,BREAKDOWN,4.379,SYNTHETIC
2021-08-06,A,SYN_MINE_01,SYN_TRUCK_004,dumper,BREAKDOWN,4.073,SYNTHETIC
2021-08-06,B,SYN_MINE_01,SYN_TRUCK_008,dumper,BREAKDOWN,5.651,SYNTHETIC
2021-08-06,A,SYN_MINE_01,SYN_TRUCK_011,dumper,BREAKDOWN,0.384,SYNTHETIC
2021-08-06,C,SYN_MINE_01,SYN_TRUCK_013,dumper,BREAKDOWN,1.675,SYNTHETIC
2021-08-06,A,SYN_MINE_01,SYN_TRUCK_017,dumper,BREAKDOWN,3.443,SYNTHETIC
2021-08-07,B,SYN_MINE_01,SYN_EXC_001,excavator,BREAKDOWN,6.864,SYNTHETIC
2021-08-07,C,SYN_MINE_01,SYN_TRUCK_004,dumper,BREAKDOWN,1.798,SYNTHETIC
2021-08-07,B,SYN_MINE_01,SYN_TRUCK_010,dumper,BREAKDOWN,1.25,SYNTHETIC
2021-08-08,B,SYN_MINE_01,SYN_DRILL_001,drill,BREAKDOWN,4.517,SYNTHETIC
2021-08-08,C,SYN_MINE_01,SYN_EXC_002,excavator,BREAKDOWN,1.43,SYNTHETIC
2021-08-08,A,SYN_MINE_01,SYN_TRUCK_003,dumper,PREVENTIVE_MAINTENANCE,6.163,SYNTHETIC
2021-08-08,B,SYN_MINE_01,SYN_TRUCK_007,dumper,BREAKDOWN,4.762,SYNTHETIC
2021-08-08,A,SYN_MINE_01,SYN_TRUCK_013,dumper,BREAKDOWN,2.599,SYNTHETIC
2021-08-09,B,SYN_MINE_01,SYN_DRILL_002,drill,BREAKDOWN,3.624,SYNTHETIC
2021-08-09,C,SYN_MINE_01,SYN_DRILL_002,drill,BREAKDOWN,2.262,SYNTHETIC
2021-08-09,C,SYN_MINE_01,SYN_EXC_001,excavator,BREAKDOWN,3.676,SYNTHETIC
2021-08-09,A,SYN_MINE_01,SYN_TRUCK_004,dumper,PREVENTIVE_MAINTENANCE,6.738,SYNTHETIC
2021-08-09,B,SYN_MINE_01,SYN_TRUCK_007,dumper,BREAKDOWN,3.222,SYNTHETIC
2021-08-09,A,SYN_MINE_01,SYN_TRUCK_009,dumper,BREAKDOWN,3.002,SYNTHETIC
2021-08-09,A,SYN_MINE_01,SYN_TRUCK_011,dumper,BREAKDOWN,4.158,SYNTHETIC
2021-08-09,A,SYN_MINE_01,SYN_TRUCK_016,dumper,PREVENTIVE_MAINTENANCE,4.309,SYNTHETIC
2021-08-09,B,SYN_MINE_01,SYN_TRUCK_017,dumper,BREAKDOWN,6.339,SYNTHETIC
2021-08-10,B,SYN_MINE_01,SYN_TRUCK_002,dumper,BREAKDOWN,4.154,SYNTHETIC
2021-08-10,C,SYN_MINE_01,SYN_TRUCK_003,dumper,BREAKDOWN,1.144,SYNTHETIC
2021-08-10,B,SYN_MINE_01,SYN_TRUCK_010,dumper,BREAKDOWN,3.94,SYNTHETIC
2021-08-10,A,SYN_MINE_01,SYN_TRUCK_017,dumper,BREAKDOWN,0.233,SYNTHETIC
2021-08-11,ALL,SYN_MINE_01,SITE,site,WEATHER_SITE_STOPPAGE,4.87,SYNTHETIC
2021-08-11,A,SYN_MINE_01,SYN_DRILL_001,drill,BREAKDOWN,2.81,SYNTHETIC
2021-08-11,B,SYN_MINE_01,SYN_DRILL_001,drill,BREAKDOWN,0.568,SYNTHETIC
2021-08-11,A,SYN_MINE_01,SYN_TRUCK_001,dumper,BREAKDOWN,2.535,SYNTHETIC
2021-08-11,C,SYN_MINE_01,SYN_TRUCK_007,dumper,BREAKDOWN,5.289,SYNTHETIC
2021-08-11,C,SYN_MINE_01,SYN_TRUCK_013,dumper,BREAKDOWN,0.806,SYNTHETIC
2021-08-11,B,SYN_MINE_01,SYN_TRUCK_015,dumper,BREAKDOWN,3.197,SYNTHETIC
2021-08-12,A,SYN_MINE_01,SYN_DRILL_002,drill,BREAKDOWN,4.13,SYNTHETIC
2021-08-12,C,SYN_MINE_01,SYN_TRUCK_005,dumper,BREAKDOWN,4.909,SYNTHETIC
2021-08-12,B,SYN_MINE_01,SYN_TRUCK_014,dumper,BREAKDOWN,5.057,SYNTHETIC
2021-08-12,C,SYN_MINE_01,SYN_TRUCK_015,dumper,BREAKDOWN,1.257,SYNTHETIC
2021-08-13,B,SYN_MINE_01,SYN_DRILL_001,drill,BREAKDOWN,3.801,SYNTHETIC
2021-08-13,A,SYN_MINE_01,SYN_TRUCK_006,dumper,PREVENTIVE_MAINTENANCE,7.0,SYNTHETIC
2021-08-13,B,SYN_MINE_01,SYN_TRUCK_007,dumper,BREAKDOWN,5.429,SYNTHETIC
2021-08-13,A,SYN_MINE_01,SYN_TRUCK_008,dumper,BREAKDOWN,0.223,SYNTHETIC
2021-08-13,B,SYN_MINE_01,SYN_TRUCK_010,dumper,BREAKDOWN,6.538,SYNTHETIC
2021-08-13,C,SYN_MINE_01,SYN_TRUCK_012,dumper,BREAKDOWN,3.837,SYNTHETIC
2021-08-13,C,SYN_MINE_01,SYN_TRUCK_014,dumper,BREAKDOWN,3.97,SYNTHETIC
2021-08-13,A,SYN_MINE_01,SYN_TRUCK_016,dumper,BREAKDOWN,1.849,SYNTHETIC
2021-08-13,B,SYN_MINE_01,SYN_TRUCK_016,dumper,BREAKDOWN,2.797,SYNTHETIC
2021-08-14,A,SYN_MINE_01,SYN_DRILL_002,drill,PREVENTIVE_MAINTENANCE,5.433,SYNTHETIC
2021-08-14,A,SYN_MINE_01,SYN_TRUCK_007,dumper,PREVENTIVE_MAINTENANCE,6.178,SYNTHETIC
2021-08-14,B,SYN_MINE_01,SYN_TRUCK_010,dumper,BREAKDOWN,2.869,SYNTHETIC
2021-08-14,B,SYN_MINE_01,SYN_TRUCK_016,dumper,BREAKDOWN,0.946,SYNTHETIC
2021-08-14,C,SYN_MINE_01,SYN_TRUCK_017,dumper,BREAKDOWN,1.845,SYNTHETIC
2021-08-15,B,SYN_MINE_01,SYN_TRUCK_003,dumper,BREAKDOWN,1.725,SYNTHETIC
2021-08-15,A,SYN_MINE_01,SYN_TRUCK_005,dumper,PREVENTIVE_MAINTENANCE,7.0,SYNTHETIC
2021-08-15,B,SYN_MINE_01,SYN_TRUCK_008,dumper,BREAKDOWN,2.842,SYNTHETIC
2021-08-15,A,SYN_MINE_01,SYN_TRUCK_010,dumper,PREVENTIVE_MAINTENANCE,5.222,SYNTHETIC
2021-08-15,B,SYN_MINE_01,SYN_TRUCK_012,dumper,BREAKDOWN,3.852,SYNTHETIC
2021-08-15,B,SYN_MINE_01,SYN_TRUCK_016,dumper,BREAKDOWN,3.216,SYNTHETIC
2021-08-16,A,SYN_MINE_01,SYN_DRILL_001,drill,PREVENTIVE_MAINTENANCE,5.222,SYNTHETIC
2021-08-16,B,SYN_MINE_01,SYN_TRUCK_001,dumper,BREAKDOWN,3.066,SYNTHETIC
2021-08-16,B,SYN_MINE_01,SYN_TRUCK_002,dumper,BREAKDOWN,3.569,SYNTHETIC
2021-08-16,A,SYN_MINE_01,SYN_TRUCK_003,dumper,BREAKDOWN,6.0,SYNTHETIC
2021-08-16,A,SYN_MINE_01,SYN_TRUCK_009,dumper,BREAKDOWN,2.181,SYNTHETIC
2021-08-16,A,SYN_MINE_01,SYN_TRUCK_011,dumper,BREAKDOWN,0.44,SYNTHETIC
2021-08-16,A,SYN_MINE_01,SYN_TRUCK_017,dumper,PREVENTIVE_MAINTENANCE,6.357,SYNTHETIC
2021-08-17,A,SYN_MINE_01,SYN_EXC_002,excavator,PREVENTIVE_MAINTENANCE,7.0,SYNTHETIC
2021-08-17,A,SYN_MINE_01,SYN_TRUCK_001,dumper,BREAKDOWN,2.865,SYNTHETIC
2021-08-17,B,SYN_MINE_01,SYN_TRUCK_013,dumper,BREAKDOWN,0.238,SYNTHETIC
2021-08-17,B,SYN_MINE_01,SYN_TRUCK_014,dumper,BREAKDOWN,0.922,SYNTHETIC
2021-08-17,B,SYN_MINE_01,SYN_TRUCK_015,dumper,BREAKDOWN,4.857,SYNTHETIC
2021-08-18,A,SYN_MINE_01,SYN_EXC_001,excavator,PREVENTIVE_MAINTENANCE,7.0,SYNTHETIC
2021-08-18,B,SYN_MINE_01,SYN_TRUCK_008,dumper,BREAKDOWN,1.485,SYNTHETIC
2021-08-18,C,SYN_MINE_01,SYN_TRUCK_010,dumper,BREAKDOWN,0.714,SYNTHETIC
2021-08-18,A,SYN_MINE_01,SYN_TRUCK_016,dumper,BREAKDOWN,2.784,SYNTHETIC
2021-08-18,C,SYN_MINE_01,SYN_TRUCK_016,dumper,BREAKDOWN,1.775,SYNTHETIC
2021-08-18,A,SYN_MINE_01,SYN_TRUCK_017,dumper,BREAKDOWN,3.246,SYNTHETIC
2021-08-18,B,SYN_MINE_01,SYN_TRUCK_017,dumper,BREAKDOWN,2.895,SYNTHETIC
2021-08-19,A,SYN_MINE_01,SYN_DRILL_002,drill,BREAKDOWN,2.614,SYNTHETIC
2021-08-19,A,SYN_MINE_01,SYN_TRUCK_001,dumper,PREVENTIVE_MAINTENANCE,6.438,SYNTHETIC
2021-08-19,B,SYN_MINE_01,SYN_TRUCK_001,dumper,BREAKDOWN,3.428,SYNTHETIC
2021-08-19,A,SYN_MINE_01,SYN_TRUCK_002,dumper,BREAKDOWN,4.502,SYNTHETIC
2021-08-19,C,SYN_MINE_01,SYN_TRUCK_002,dumper,BREAKDOWN,2.779,SYNTHETIC
2021-08-19,B,SYN_MINE_01,SYN_TRUCK_003,dumper,BREAKDOWN,1.961,SYNTHETIC
2021-08-19,B,SYN_MINE_01,SYN_TRUCK_004,dumper,BREAKDOWN,2.601,SYNTHETIC
2021-08-19,C,SYN_MINE_01,SYN_TRUCK_012,dumper,BREAKDOWN,1.787,SYNTHETIC
2021-08-20,A,SYN_MINE_01,SYN_EXC_002,excavator,BREAKDOWN,3.878,SYNTHETIC
2021-08-20,C,SYN_MINE_01,SYN_TRUCK_004,dumper,BREAKDOWN,5.106,SYNTHETIC
2021-08-20,C,SYN_MINE_01,SYN_TRUCK_008,dumper,BREAKDOWN,0.953,SYNTHETIC
2021-08-20,B,SYN_MINE_01,SYN_TRUCK_009,dumper,BREAKDOWN,1.592,SYNTHETIC
2021-08-20,A,SYN_MINE_01,SYN_TRUCK_011,dumper,PREVENTIVE_MAINTENANCE,4.088,SYNTHETIC
2021-08-20,B,SYN_MINE_01,SYN_TRUCK_012,dumper,BREAKDOWN,4.926,SYNTHETIC
2021-08-20,B,SYN_MINE_01,SYN_TRUCK_014,dumper,BREAKDOWN,0.134,SYNTHETIC
2021-08-20,A,SYN_MINE_01,SYN_TRUCK_015,dumper,PREVENTIVE_MAINTENANCE,5.04,SYNTHETIC
2021-08-20,A,SYN_MINE_01,SYN_TRUCK_017,dumper,BREAKDOWN,1.828,SYNTHETIC
2021-08-21,A,SYN_MINE_01,SYN_DRILL_001,drill,BREAKDOWN,4.927,SYNTHETIC
2021-08-21,C,SYN_MINE_01,SYN_TRUCK_004,dumper,BREAKDOWN,2.34,SYNTHETIC
2021-08-21,A,SYN_MINE_01,SYN_TRUCK_009,dumper,BREAKDOWN,2.999,SYNTHETIC
2021-08-21,A,SYN_MINE_01,SYN_TRUCK_012,dumper,PREVENTIVE_MAINTENANCE,5.677,SYNTHETIC
2021-08-21,A,SYN_MINE_01,SYN_TRUCK_013,dumper,PREVENTIVE_MAINTENANCE,4.491,SYNTHETIC
2021-08-21,B,SYN_MINE_01,SYN_TRUCK_015,dumper,BREAKDOWN,1.95,SYNTHETIC
2021-08-21,B,SYN_MINE_01,SYN_TRUCK_016,dumper,BREAKDOWN,3.195,SYNTHETIC
2021-08-21,B,SYN_MINE_01,SYN_TRUCK_017,dumper,BREAKDOWN,3.602,SYNTHETIC
2021-08-22,B,SYN_MINE_01,SYN_DRILL_001,drill,BREAKDOWN,2.191,SYNTHETIC
2021-08-22,B,SYN_MINE_01,SYN_DRILL_002,drill,BREAKDOWN,5.807,SYNTHETIC
2021-08-22,C,SYN_MINE_01,SYN_DRILL_002,drill,BREAKDOWN,3.939,SYNTHETIC
2021-08-22,A,SYN_MINE_01,SYN_TRUCK_006,dumper,BREAKDOWN,3.962,SYNTHETIC
2021-08-22,A,SYN_MINE_01,SYN_TRUCK_007,dumper,BREAKDOWN,0.656,SYNTHETIC
2021-08-22,A,SYN_MINE_01,SYN_TRUCK_008,dumper,PREVENTIVE_MAINTENANCE,4.756,SYNTHETIC
2021-08-22,B,SYN_MINE_01,SYN_TRUCK_015,dumper,BREAKDOWN,2.263,SYNTHETIC
2021-08-22,C,SYN_MINE_01,SYN_TRUCK_016,dumper,BREAKDOWN,6.0,SYNTHETIC
2021-08-23,B,SYN_MINE_01,SYN_TRUCK_002,dumper,BREAKDOWN,5.614,SYNTHETIC
2021-08-23,A,SYN_MINE_01,SYN_TRUCK_004,dumper,BREAKDOWN,0.123,SYNTHETIC
2021-08-23,C,SYN_MINE_01,SYN_TRUCK_008,dumper,BREAKDOWN,2.779,SYNTHETIC
2021-08-23,A,SYN_MINE_01,SYN_TRUCK_010,dumper,BREAKDOWN,2.235,SYNTHETIC
2021-08-23,A,SYN_MINE_01,SYN_TRUCK_014,dumper,PREVENTIVE_MAINTENANCE,4.757,SYNTHETIC
2021-08-24,C,SYN_MINE_01,SYN_DRILL_002,drill,BREAKDOWN,2.172,SYNTHETIC
2021-08-24,A,SYN_MINE_01,SYN_EXC_002,excavator,BREAKDOWN,3.939,SYNTHETIC
2021-08-24,A,SYN_MINE_01,SYN_TRUCK_001,dumper,BREAKDOWN,3.532,SYNTHETIC
2021-08-24,C,SYN_MINE_01,SYN_TRUCK_007,dumper,BREAKDOWN,1.812,SYNTHETIC
2021-08-24,A,SYN_MINE_01,SYN_TRUCK_009,dumper,PREVENTIVE_MAINTENANCE,6.177,SYNTHETIC
2021-08-24,B,SYN_MINE_01,SYN_TRUCK_010,dumper,BREAKDOWN,2.256,SYNTHETIC
2021-08-24,A,SYN_MINE_01,SYN_TRUCK_013,dumper,BREAKDOWN,2.009,SYNTHETIC
2021-08-24,B,SYN_MINE_01,SYN_TRUCK_016,dumper,BREAKDOWN,2.727,SYNTHETIC
2021-08-24,A,SYN_MINE_01,SYN_TRUCK_017,dumper,BREAKDOWN,5.093,SYNTHETIC
2021-08-25,C,SYN_MINE_01,SYN_EXC_002,excavator,BREAKDOWN,1.091,SYNTHETIC
2021-08-25,A,SYN_MINE_01,SYN_TRUCK_002,dumper,PREVENTIVE_MAINTENANCE,4.426,SYNTHETIC
2021-08-25,C,SYN_MINE_01,SYN_TRUCK_013,dumper,BREAKDOWN,2.551,SYNTHETIC
2021-08-25,C,SYN_MINE_01,SYN_TRUCK_016,dumper,BREAKDOWN,2.835,SYNTHETIC
2021-08-26,A,SYN_MINE_01,SYN_DRILL_002,drill,PREVENTIVE_MAINTENANCE,5.133,SYNTHETIC
2021-08-26,C,SYN_MINE_01,SYN_EXC_002,excavator,BREAKDOWN,5.048,SYNTHETIC
2021-08-26,B,SYN_MINE_01,SYN_TRUCK_003,dumper,BREAKDOWN,2.298,SYNTHETIC
2021-08-26,B,SYN_MINE_01,SYN_TRUCK_007,dumper,BREAKDOWN,4.992,SYNTHETIC
2021-08-26,A,SYN_MINE_01,SYN_TRUCK_008,dumper,BREAKDOWN,1.56,SYNTHETIC
2021-08-26,A,SYN_MINE_01,SYN_TRUCK_015,dumper,BREAKDOWN,4.749,SYNTHETIC
2021-08-27,C,SYN_MINE_01,SYN_DRILL_002,drill,BREAKDOWN,0.888,SYNTHETIC
2021-08-27,B,SYN_MINE_01,SYN_EXC_002,excavator,BREAKDOWN,1.308,SYNTHETIC
2021-08-27,B,SYN_MINE_01,SYN_TRUCK_002,dumper,BREAKDOWN,2.004,SYNTHETIC
2021-08-27,A,SYN_MINE_01,SYN_TRUCK_003,dumper,BREAKDOWN,0.61,SYNTHETIC
2021-08-27,B,SYN_MINE_01,SYN_TRUCK_004,dumper,BREAKDOWN,5.391,SYNTHETIC
2021-08-27,C,SYN_MINE_01,SYN_TRUCK_006,dumper,BREAKDOWN,0.885,SYNTHETIC
2021-08-27,C,SYN_MINE_01,SYN_TRUCK_008,dumper,BREAKDOWN,0.637,SYNTHETIC
2021-08-28,A,SYN_MINE_01,SYN_DRILL_001,drill,PREVENTIVE_MAINTENANCE,5.905,SYNTHETIC
2021-08-28,B,SYN_MINE_01,SYN_DRILL_001,drill,BREAKDOWN,1.9,SYNTHETIC
2021-08-28,B,SYN_MINE_01,SYN_TRUCK_004,dumper,BREAKDOWN,0.978,SYNTHETIC
2021-08-28,C,SYN_MINE_01,SYN_TRUCK_006,dumper,BREAKDOWN,1.352,SYNTHETIC
2021-08-28,B,SYN_MINE_01,SYN_TRUCK_009,dumper,BREAKDOWN,3.466,SYNTHETIC
2021-08-29,C,SYN_MINE_01,SYN_DRILL_001,drill,BREAKDOWN,1.185,SYNTHETIC
2021-08-29,C,SYN_MINE_01,SYN_TRUCK_002,dumper,BREAKDOWN,1.715,SYNTHETIC
2021-08-29,A,SYN_MINE_01,SYN_TRUCK_003,dumper,PREVENTIVE_MAINTENANCE,7.0,SYNTHETIC
2021-08-29,B,SYN_MINE_01,SYN_TRUCK_003,dumper,BREAKDOWN,4.411,SYNTHETIC
2021-08-29,B,SYN_MINE_01,SYN_TRUCK_007,dumper,BREAKDOWN,3.611,SYNTHETIC
2021-08-29,A,SYN_MINE_01,SYN_TRUCK_010,dumper,BREAKDOWN,1.15,SYNTHETIC
2021-08-29,C,SYN_MINE_01,SYN_TRUCK_012,dumper,BREAKDOWN,2.53,SYNTHETIC
2021-08-29,A,SYN_MINE_01,SYN_TRUCK_013,dumper,BREAKDOWN,2.923,SYNTHETIC
2021-08-29,C,SYN_MINE_01,SYN_TRUCK_016,dumper,BREAKDOWN,0.649,SYNTHETIC
2021-08-29,C,SYN_MINE_01,SYN_TRUCK_017,dumper,BREAKDOWN,4.111,SYNTHETIC
2021-08-30,C,SYN_MINE_01,SYN_DRILL_002,drill,BREAKDOWN,1.971,SYNTHETIC
2021-08-30,C,SYN_MINE_01,SYN_EXC_002,excavator,BREAKDOWN,2.895,SYNTHETIC
2021-08-30,A,SYN_MINE_01,SYN_TRUCK_004,dumper,BREAKDOWN,2.694,SYNTHETIC
2021-08-30,B,SYN_MINE_01,SYN_TRUCK_005,dumper,BREAKDOWN,3.032,SYNTHETIC
2021-08-30,A,SYN_MINE_01,SYN_TRUCK_016,dumper,BREAKDOWN,2.852,SYNTHETIC
2021-08-31,A,SYN_MINE_01,SYN_TRUCK_004,dumper,PREVENTIVE_MAINTENANCE,5.386,SYNTHETIC
2021-08-31,C,SYN_MINE_01,SYN_TRUCK_005,dumper,BREAKDOWN,2.34,SYNTHETIC
2021-08-31,B,SYN_MINE_01,SYN_TRUCK_006,dumper,BREAKDOWN,2.817,SYNTHETIC
2021-08-31,A,SYN_MINE_01,SYN_TRUCK_015,dumper,BREAKDOWN,2.075,SYNTHETIC
2021-08-31,A,SYN_MINE_01,SYN_TRUCK_016,dumper,PREVENTIVE_MAINTENANCE,7.0,SYNTHETIC
2021-08-31,B,SYN_MINE_01,SYN_TRUCK_016,dumper,BREAKDOWN,6.492,SYNTHETIC
2021-09-01,B,SYN_MINE_01,SYN_TRUCK_011,dumper,BREAKDOWN,5.795,SYNTHETIC
2021-09-01,B,SYN_MINE_01,SYN_TRUCK_014,dumper,BREAKDOWN,2.685,SYNTHETIC
2021-09-01,A,SYN_MINE_01,SYN_TRUCK_017,dumper,BREAKDOWN,1.829,SYNTHETIC
2021-09-02,C,SYN_MINE_01,SYN_TRUCK_002,dumper,BREAKDOWN,2.955,SYNTHETIC
2021-09-02,A,SYN_MINE_01,SYN_TRUCK_006,dumper,PREVENTIVE_MAINTENANCE,5.145,SYNTHETIC
2021-09-02,A,SYN_MINE_01,SYN_TRUCK_011,dumper,BREAKDOWN,1.2,SYNTHETIC
2021-09-03,A,SYN_MINE_01,SYN_EXC_001,excavator,PREVENTIVE_MAINTENANCE,7.0,SYNTHETIC
2021-09-03,C,SYN_MINE_01,SYN_TRUCK_002,dumper,BREAKDOWN,3.987,SYNTHETIC
2021-09-03,B,SYN_MINE_01,SYN_TRUCK_003,dumper,BREAKDOWN,0.496,SYNTHETIC
2021-09-03,B,SYN_MINE_01,SYN_TRUCK_005,dumper,BREAKDOWN,0.892,SYNTHETIC
2021-09-03,A,SYN_MINE_01,SYN_TRUCK_007,dumper,PREVENTIVE_MAINTENANCE,6.844,SYNTHETIC
2021-09-03,B,SYN_MINE_01,SYN_TRUCK_007,dumper,BREAKDOWN,2.308,SYNTHETIC
2021-09-03,A,SYN_MINE_01,SYN_TRUCK_010,dumper,BREAKDOWN,4.97,SYNTHETIC
2021-09-03,C,SYN_MINE_01,SYN_TRUCK_011,dumper,BREAKDOWN,4.727,SYNTHETIC
2021-09-03,B,SYN_MINE_01,SYN_TRUCK_014,dumper,BREAKDOWN,6.062,SYNTHETIC
2021-09-03,B,SYN_MINE_01,SYN_TRUCK_017,dumper,BREAKDOWN,4.529,SYNTHETIC
2021-09-04,C,SYN_MINE_01,SYN_DRILL_001,drill,BREAKDOWN,0.25,SYNTHETIC
2021-09-04,A,SYN_MINE_01,SYN_DRILL_002,drill,BREAKDOWN,2.333,SYNTHETIC
2021-09-04,B,SYN_MINE_01,SYN_TRUCK_005,dumper,BREAKDOWN,6.043,SYNTHETIC
2021-09-04,B,SYN_MINE_01,SYN_TRUCK_010,dumper,BREAKDOWN,3.916,SYNTHETIC
2021-09-04,B,SYN_MINE_01,SYN_TRUCK_013,dumper,BREAKDOWN,2.512,SYNTHETIC
2021-09-05,A,SYN_MINE_01,SYN_TRUCK_001,dumper,BREAKDOWN,1.089,SYNTHETIC
2021-09-05,C,SYN_MINE_01,SYN_TRUCK_006,dumper,BREAKDOWN,0.553,SYNTHETIC
2021-09-05,A,SYN_MINE_01,SYN_TRUCK_008,dumper,BREAKDOWN,4.427,SYNTHETIC
2021-09-05,C,SYN_MINE_01,SYN_TRUCK_012,dumper,BREAKDOWN,3.5,SYNTHETIC
2021-09-05,A,SYN_MINE_01,SYN_TRUCK_014,dumper,BREAKDOWN,3.146,SYNTHETIC
2021-09-05,B,SYN_MINE_01,SYN_TRUCK_014,dumper,BREAKDOWN,5.774,SYNTHETIC
2021-09-06,A,SYN_MINE_01,SYN_EXC_002,excavator,PREVENTIVE_MAINTENANCE,7.0,SYNTHETIC
2021-09-06,A,SYN_MINE_01,SYN_TRUCK_002,dumper,BREAKDOWN,6.619,SYNTHETIC
2021-09-06,B,SYN_MINE_01,SYN_TRUCK_004,dumper,BREAKDOWN,5.76,SYNTHETIC
2021-09-06,A,SYN_MINE_01,SYN_TRUCK_005,dumper,BREAKDOWN,2.757,SYNTHETIC
2021-09-06,A,SYN_MINE_01,SYN_TRUCK_010,dumper,PREVENTIVE_MAINTENANCE,4.193,SYNTHETIC
2021-09-07,A,SYN_MINE_01,SYN_DRILL_002,drill,PREVENTIVE_MAINTENANCE,5.23,SYNTHETIC
2021-09-07,C,SYN_MINE_01,SYN_TRUCK_003,dumper,BREAKDOWN,4.454,SYNTHETIC
2021-09-07,A,SYN_MINE_01,SYN_TRUCK_005,dumper,PREVENTIVE_MAINTENANCE,7.0,SYNTHETIC
2021-09-07,B,SYN_MINE_01,SYN_TRUCK_005,dumper,BREAKDOWN,5.593,SYNTHETIC
2021-09-07,A,SYN_MINE_01,SYN_TRUCK_006,dumper,BREAKDOWN,1.579,SYNTHETIC
2021-09-07,C,SYN_MINE_01,SYN_TRUCK_009,dumper,BREAKDOWN,2.784,SYNTHETIC
2021-09-07,B,SYN_MINE_01,SYN_TRUCK_012,dumper,BREAKDOWN,6.065,SYNTHETIC
2021-09-07,B,SYN_MINE_01,SYN_TRUCK_017,dumper,BREAKDOWN,5.117,SYNTHETIC
2021-09-08,B,SYN_MINE_01,SYN_DRILL_002,drill,BREAKDOWN,1.096,SYNTHETIC
2021-09-08,A,SYN_MINE_01,SYN_TRUCK_001,dumper,PREVENTIVE_MAINTENANCE,6.826,SYNTHETIC
2021-09-08,C,SYN_MINE_01,SYN_TRUCK_005,dumper,BREAKDOWN,4.069,SYNTHETIC
2021-09-08,B,SYN_MINE_01,SYN_TRUCK_008,dumper,BREAKDOWN,2.598,SYNTHETIC
2021-09-08,A,SYN_MINE_01,SYN_TRUCK_009,dumper,BREAKDOWN,1.853,SYNTHETIC
2021-09-08,C,SYN_MINE_01,SYN_TRUCK_010,dumper,BREAKDOWN,0.204,SYNTHETIC
2021-09-08,B,SYN_MINE_01,SYN_TRUCK_011,dumper,BREAKDOWN,3.15,SYNTHETIC
2021-09-09,A,SYN_MINE_01,SYN_DRILL_001,drill,PREVENTIVE_MAINTENANCE,4.214,SYNTHETIC
2021-09-09,A,SYN_MINE_01,SYN_TRUCK_002,dumper,BREAKDOWN,4.309,SYNTHETIC
2021-09-09,A,SYN_MINE_01,SYN_TRUCK_009,dumper,BREAKDOWN,0.192,SYNTHETIC
2021-09-09,A,SYN_MINE_01,SYN_TRUCK_011,dumper,PREVENTIVE_MAINTENANCE,6.426,SYNTHETIC
2021-09-09,B,SYN_MINE_01,SYN_TRUCK_013,dumper,BREAKDOWN,4.916,SYNTHETIC
2021-09-09,A,SYN_MINE_01,SYN_TRUCK_015,dumper,PREVENTIVE_MAINTENANCE,6.335,SYNTHETIC
2021-09-09,A,SYN_MINE_01,SYN_TRUCK_017,dumper,PREVENTIVE_MAINTENANCE,5.569,SYNTHETIC
2021-09-10,A,SYN_MINE_01,SYN_TRUCK_001,dumper,BREAKDOWN,1.848,SYNTHETIC
2021-09-10,C,SYN_MINE_01,SYN_TRUCK_007,dumper,BREAKDOWN,3.663,SYNTHETIC
2021-09-10,B,SYN_MINE_01,SYN_TRUCK_008,dumper,BREAKDOWN,2.453,SYNTHETIC
2021-09-10,A,SYN_MINE_01,SYN_TRUCK_012,dumper,PREVENTIVE_MAINTENANCE,5.3,SYNTHETIC
2021-09-10,B,SYN_MINE_01,SYN_TRUCK_016,dumper,BREAKDOWN,2.642,SYNTHETIC
2021-09-10,C,SYN_MINE_01,SYN_TRUCK_017,dumper,BREAKDOWN,5.673,SYNTHETIC
2021-09-11,A,SYN_MINE_01,SYN_DRILL_002,drill,BREAKDOWN,3.645,SYNTHETIC
2021-09-11,C,SYN_MINE_01,SYN_TRUCK_001,dumper,BREAKDOWN,0.594,SYNTHETIC
2021-09-11,A,SYN_MINE_01,SYN_TRUCK_005,dumper,BREAKDOWN,1.812,SYNTHETIC
2021-09-11,B,SYN_MINE_01,SYN_TRUCK_011,dumper,BREAKDOWN,6.769,SYNTHETIC
2021-09-11,A,SYN_MINE_01,SYN_TRUCK_013,dumper,PREVENTIVE_MAINTENANCE,4.552,SYNTHETIC
2021-09-12,B,SYN_MINE_01,SYN_TRUCK_002,dumper,BREAKDOWN,2.261,SYNTHETIC
2021-09-12,A,SYN_MINE_01,SYN_TRUCK_008,dumper,PREVENTIVE_MAINTENANCE,4.421,SYNTHETIC
2021-09-12,B,SYN_MINE_01,SYN_TRUCK_013,dumper,BREAKDOWN,0.043,SYNTHETIC
2021-09-12,A,SYN_MINE_01,SYN_TRUCK_014,dumper,PREVENTIVE_MAINTENANCE,7.0,SYNTHETIC
2021-09-12,A,SYN_MINE_01,SYN_TRUCK_015,dumper,BREAKDOWN,1.334,SYNTHETIC
2021-09-12,A,SYN_MINE_01,SYN_TRUCK_017,dumper,BREAKDOWN,0.759,SYNTHETIC
2021-09-13,B,SYN_MINE_01,SYN_DRILL_002,drill,BREAKDOWN,0.112,SYNTHETIC
2021-09-13,A,SYN_MINE_01,SYN_TRUCK_004,dumper,BREAKDOWN,4.149,SYNTHETIC
2021-09-13,A,SYN_MINE_01,SYN_TRUCK_006,dumper,BREAKDOWN,1.876,SYNTHETIC
2021-09-13,A,SYN_MINE_01,SYN_TRUCK_008,dumper,BREAKDOWN,3.223,SYNTHETIC
2021-09-13,A,SYN_MINE_01,SYN_TRUCK_009,dumper,PREVENTIVE_MAINTENANCE,5.664,SYNTHETIC
2021-09-13,B,SYN_MINE_01,SYN_TRUCK_011,dumper,BREAKDOWN,2.654,SYNTHETIC
2021-09-13,B,SYN_MINE_01,SYN_TRUCK_016,dumper,BREAKDOWN,4.777,SYNTHETIC
2021-09-14,C,SYN_MINE_01,SYN_DRILL_001,drill,BREAKDOWN,4.155,SYNTHETIC
2021-09-14,A,SYN_MINE_01,SYN_TRUCK_005,dumper,BREAKDOWN,0.02,SYNTHETIC
2021-09-14,C,SYN_MINE_01,SYN_TRUCK_013,dumper,BREAKDOWN,4.793,SYNTHETIC
2021-09-15,ALL,SYN_MINE_01,SITE,site,WEATHER_SITE_STOPPAGE,7.46,SYNTHETIC
2021-09-15,C,SYN_MINE_01,SYN_DRILL_001,drill,BREAKDOWN,1.82,SYNTHETIC
2021-09-15,B,SYN_MINE_01,SYN_TRUCK_003,dumper,BREAKDOWN,1.378,SYNTHETIC
2021-09-15,B,SYN_MINE_01,SYN_TRUCK_006,dumper,BREAKDOWN,1.614,SYNTHETIC
2021-09-15,A,SYN_MINE_01,SYN_TRUCK_008,dumper,BREAKDOWN,2.363,SYNTHETIC
2021-09-15,B,SYN_MINE_01,SYN_TRUCK_012,dumper,BREAKDOWN,4.762,SYNTHETIC
2021-09-15,B,SYN_MINE_01,SYN_TRUCK_014,dumper,BREAKDOWN,2.974,SYNTHETIC
2021-09-15,A,SYN_MINE_01,SYN_TRUCK_015,dumper,BREAKDOWN,1.008,SYNTHETIC
2021-09-16,A,SYN_MINE_01,SYN_TRUCK_002,dumper,PREVENTIVE_MAINTENANCE,5.161,SYNTHETIC
2021-09-16,A,SYN_MINE_01,SYN_TRUCK_009,dumper,BREAKDOWN,0.371,SYNTHETIC
2021-09-17,A,SYN_MINE_01,SYN_DRILL_002,drill,BREAKDOWN,4.495,SYNTHETIC
2021-09-17,B,SYN_MINE_01,SYN_TRUCK_006,dumper,BREAKDOWN,5.865,SYNTHETIC
2021-09-17,B,SYN_MINE_01,SYN_TRUCK_009,dumper,BREAKDOWN,1.033,SYNTHETIC
2021-09-17,B,SYN_MINE_01,SYN_TRUCK_010,dumper,BREAKDOWN,1.703,SYNTHETIC
2021-09-17,C,SYN_MINE_01,SYN_TRUCK_017,dumper,BREAKDOWN,0.203,SYNTHETIC
2021-09-18,B,SYN_MINE_01,SYN_DRILL_001,drill,BREAKDOWN,5.966,SYNTHETIC
2021-09-18,A,SYN_MINE_01,SYN_TRUCK_003,dumper,PREVENTIVE_MAINTENANCE,7.0,SYNTHETIC
2021-09-18,A,SYN_MINE_01,SYN_TRUCK_004,dumper,BREAKDOWN,4.908,SYNTHETIC
2021-09-18,B,SYN_MINE_01,SYN_TRUCK_004,dumper,BREAKDOWN,4.508,SYNTHETIC
2021-09-18,B,SYN_MINE_01,SYN_TRUCK_005,dumper,BREAKDOWN,3.394,SYNTHETIC
2021-09-18,C,SYN_MINE_01,SYN_TRUCK_009,dumper,BREAKDOWN,1.11,SYNTHETIC
2021-09-18,C,SYN_MINE_01,SYN_TRUCK_010,dumper,BREAKDOWN,1.355,SYNTHETIC
2021-09-18,A,SYN_MINE_01,SYN_TRUCK_011,dumper,BREAKDOWN,1.248,SYNTHETIC
2021-09-19,A,SYN_MINE_01,SYN_DRILL_001,drill,BREAKDOWN,4.744,SYNTHETIC
2021-09-19,B,SYN_MINE_01,SYN_DRILL_002,drill,BREAKDOWN,0.969,SYNTHETIC
2021-09-19,A,SYN_MINE_01,SYN_EXC_001,excavator,PREVENTIVE_MAINTENANCE,7.0,SYNTHETIC
2021-09-19,A,SYN_MINE_01,SYN_TRUCK_001,dumper,BREAKDOWN,1.476,SYNTHETIC
2021-09-19,B,SYN_MINE_01,SYN_TRUCK_005,dumper,BREAKDOWN,2.898,SYNTHETIC
2021-09-19,A,SYN_MINE_01,SYN_TRUCK_007,dumper,BREAKDOWN,2.144,SYNTHETIC
2021-09-19,A,SYN_MINE_01,SYN_TRUCK_009,dumper,BREAKDOWN,3.173,SYNTHETIC
2021-09-19,A,SYN_MINE_01,SYN_TRUCK_014,dumper,BREAKDOWN,4.772,SYNTHETIC
2021-09-19,C,SYN_MINE_01,SYN_TRUCK_016,dumper,BREAKDOWN,4.232,SYNTHETIC
2021-09-19,A,SYN_MINE_01,SYN_TRUCK_017,dumper,BREAKDOWN,3.406,SYNTHETIC
2021-09-20,C,SYN_MINE_01,SYN_DRILL_001,drill,BREAKDOWN,5.029,SYNTHETIC
2021-09-20,A,SYN_MINE_01,SYN_TRUCK_003,dumper,BREAKDOWN,6.604,SYNTHETIC
2021-09-20,A,SYN_MINE_01,SYN_TRUCK_009,dumper,BREAKDOWN,3.982,SYNTHETIC
2021-09-20,C,SYN_MINE_01,SYN_TRUCK_015,dumper,BREAKDOWN,5.555,SYNTHETIC
2021-09-21,A,SYN_MINE_01,SYN_DRILL_002,drill,PREVENTIVE_MAINTENANCE,5.537,SYNTHETIC
2021-09-21,B,SYN_MINE_01,SYN_TRUCK_003,dumper,BREAKDOWN,3.037,SYNTHETIC
2021-09-21,A,SYN_MINE_01,SYN_TRUCK_004,dumper,PREVENTIVE_MAINTENANCE,5.622,SYNTHETIC
2021-09-21,B,SYN_MINE_01,SYN_TRUCK_006,dumper,BREAKDOWN,6.668,SYNTHETIC
2021-09-21,C,SYN_MINE_01,SYN_TRUCK_007,dumper,BREAKDOWN,1.61,SYNTHETIC
2021-09-21,A,SYN_MINE_01,SYN_TRUCK_016,dumper,PREVENTIVE_MAINTENANCE,6.883,SYNTHETIC
2021-09-21,C,SYN_MINE_01,SYN_TRUCK_016,dumper,BREAKDOWN,2.214,SYNTHETIC
2021-09-22,A,SYN_MINE_01,SYN_DRILL_001,drill,PREVENTIVE_MAINTENANCE,4.478,SYNTHETIC
2021-09-22,A,SYN_MINE_01,SYN_EXC_002,excavator,PREVENTIVE_MAINTENANCE,7.0,SYNTHETIC
2021-09-22,A,SYN_MINE_01,SYN_TRUCK_006,dumper,BREAKDOWN,6.457,SYNTHETIC
2021-09-23,A,SYN_MINE_01,SYN_TRUCK_006,dumper,PREVENTIVE_MAINTENANCE,5.356,SYNTHETIC
2021-09-23,A,SYN_MINE_01,SYN_TRUCK_008,dumper,BREAKDOWN,1.951,SYNTHETIC
2021-09-23,A,SYN_MINE_01,SYN_TRUCK_010,dumper,BREAKDOWN,2.866,SYNTHETIC
2021-09-23,A,SYN_MINE_01,SYN_TRUCK_011,dumper,BREAKDOWN,0.377,SYNTHETIC
2021-09-23,C,SYN_MINE_01,SYN_TRUCK_011,dumper,BREAKDOWN,4.167,SYNTHETIC
2021-09-24,A,SYN_MINE_01,SYN_TRUCK_006,dumper,BREAKDOWN,3.674,SYNTHETIC
2021-09-24,A,SYN_MINE_01,SYN_TRUCK_007,dumper,PREVENTIVE_MAINTENANCE,5.353,SYNTHETIC
2021-09-24,B,SYN_MINE_01,SYN_TRUCK_008,dumper,BREAKDOWN,3.588,SYNTHETIC
2021-09-24,B,SYN_MINE_01,SYN_TRUCK_009,dumper,BREAKDOWN,3.088,SYNTHETIC
2021-09-25,B,SYN_MINE_01,SYN_DRILL_002,drill,BREAKDOWN,0.924,SYNTHETIC
2021-09-25,C,SYN_MINE_01,SYN_EXC_001,excavator,BREAKDOWN,0.309,SYNTHETIC
2021-09-25,C,SYN_MINE_01,SYN_TRUCK_001,dumper,BREAKDOWN,1.241,SYNTHETIC
2021-09-25,C,SYN_MINE_01,SYN_TRUCK_010,dumper,BREAKDOWN,2.055,SYNTHETIC
2021-09-25,B,SYN_MINE_01,SYN_TRUCK_013,dumper,BREAKDOWN,1.051,SYNTHETIC
2021-09-26,C,SYN_MINE_01,SYN_EXC_002,excavator,BREAKDOWN,2.681,SYNTHETIC
2021-09-26,C,SYN_MINE_01,SYN_TRUCK_004,dumper,BREAKDOWN,5.952,SYNTHETIC
2021-09-26,A,SYN_MINE_01,SYN_TRUCK_005,dumper,BREAKDOWN,6.996,SYNTHETIC
2021-09-26,C,SYN_MINE_01,SYN_TRUCK_006,dumper,BREAKDOWN,0.366,SYNTHETIC
2021-09-26,B,SYN_MINE_01,SYN_TRUCK_016,dumper,BREAKDOWN,1.558,SYNTHETIC
2021-09-27,B,SYN_MINE_01,SYN_DRILL_002,drill,BREAKDOWN,0.192,SYNTHETIC
2021-09-27,A,SYN_MINE_01,SYN_TRUCK_010,dumper,PREVENTIVE_MAINTENANCE,6.628,SYNTHETIC
2021-09-27,C,SYN_MINE_01,SYN_TRUCK_010,dumper,BREAKDOWN,2.142,SYNTHETIC
2021-09-27,C,SYN_MINE_01,SYN_TRUCK_014,dumper,BREAKDOWN,3.025,SYNTHETIC
2021-09-28,C,SYN_MINE_01,SYN_EXC_001,excavator,BREAKDOWN,4.64,SYNTHETIC
2021-09-28,C,SYN_MINE_01,SYN_TRUCK_005,dumper,BREAKDOWN,5.171,SYNTHETIC
2021-09-28,A,SYN_MINE_01,SYN_TRUCK_007,dumper,BREAKDOWN,5.946,SYNTHETIC
2021-09-28,C,SYN_MINE_01,SYN_TRUCK_007,dumper,BREAKDOWN,3.556,SYNTHETIC
2021-09-28,C,SYN_MINE_01,SYN_TRUCK_008,dumper,BREAKDOWN,0.182,SYNTHETIC
2021-09-28,B,SYN_MINE_01,SYN_TRUCK_009,dumper,BREAKDOWN,3.025,SYNTHETIC
2021-09-28,C,SYN_MINE_01,SYN_TRUCK_016,dumper,BREAKDOWN,1.969,SYNTHETIC
2021-09-29,C,SYN_MINE_01,SYN_DRILL_001,drill,BREAKDOWN,1.004,SYNTHETIC
2021-09-29,A,SYN_MINE_01,SYN_TRUCK_001,dumper,PREVENTIVE_MAINTENANCE,4.274,SYNTHETIC
2021-09-29,A,SYN_MINE_01,SYN_TRUCK_004,dumper,BREAKDOWN,4.557,SYNTHETIC
2021-09-29,B,SYN_MINE_01,SYN_TRUCK_004,dumper,BREAKDOWN,1.056,SYNTHETIC
2021-09-29,A,SYN_MINE_01,SYN_TRUCK_012,dumper,PREVENTIVE_MAINTENANCE,7.0,SYNTHETIC
2021-09-30,C,SYN_MINE_01,SYN_TRUCK_001,dumper,BREAKDOWN,2.789,SYNTHETIC
2021-09-30,B,SYN_MINE_01,SYN_TRUCK_003,dumper,BREAKDOWN,2.938,SYNTHETIC
2021-09-30,A,SYN_MINE_01,SYN_TRUCK_005,dumper,PREVENTIVE_MAINTENANCE,7.0,SYNTHETIC
2021-09-30,C,SYN_MINE_01,SYN_TRUCK_008,dumper,BREAKDOWN,4.586,SYNTHETIC
2021-09-30,A,SYN_MINE_01,SYN_TRUCK_009,dumper,BREAKDOWN,0.498,SYNTHETIC
2021-09-30,A,SYN_MINE_01,SYN_TRUCK_013,dumper,BREAKDOWN,1.411,SYNTHETIC
2021-09-30,B,SYN_MINE_01,SYN_TRUCK_014,dumper,BREAKDOWN,0.169,SYNTHETIC
2021-09-30,A,SYN_MINE_01,SYN_TRUCK_015,dumper,PREVENTIVE_MAINTENANCE,6.924,SYNTHETIC
2021-10-01,B,SYN_MINE_01,SYN_DRILL_001,drill,BREAKDOWN,6.71,SYNTHETIC
2021-10-01,A,SYN_MINE_01,SYN_DRILL_002,drill,BREAKDOWN,6.352,SYNTHETIC
2021-10-01,C,SYN_MINE_01,SYN_EXC_002,excavator,BREAKDOWN,0.455,SYNTHETIC
2021-10-01,B,SYN_MINE_01,SYN_TRUCK_005,dumper,BREAKDOWN,1.554,SYNTHETIC
2021-10-01,A,SYN_MINE_01,SYN_TRUCK_011,dumper,PREVENTIVE_MAINTENANCE,7.0,SYNTHETIC
2021-10-01,A,SYN_MINE_01,SYN_TRUCK_012,dumper,BREAKDOWN,1.498,SYNTHETIC
2021-10-01,A,SYN_MINE_01,SYN_TRUCK_013,dumper,PREVENTIVE_MAINTENANCE,4.905,SYNTHETIC
2021-10-01,A,SYN_MINE_01,SYN_TRUCK_016,dumper,BREAKDOWN,6.026,SYNTHETIC
2021-10-01,A,SYN_MINE_01,SYN_TRUCK_017,dumper,PREVENTIVE_MAINTENANCE,7.0,SYNTHETIC
2021-10-02,B,SYN_MINE_01,SYN_DRILL_002,drill,BREAKDOWN,0.225,SYNTHETIC
2021-10-02,A,SYN_MINE_01,SYN_TRUCK_003,dumper,BREAKDOWN,5.661,SYNTHETIC
2021-10-02,B,SYN_MINE_01,SYN_TRUCK_006,dumper,BREAKDOWN,6.744,SYNTHETIC
2021-10-02,A,SYN_MINE_01,SYN_TRUCK_014,dumper,PREVENTIVE_MAINTENANCE,4.89,SYNTHETIC
2021-10-02,B,SYN_MINE_01,SYN_TRUCK_016,dumper,BREAKDOWN,4.074,SYNTHETIC
2021-10-03,A,SYN_MINE_01,SYN_DRILL_001,drill,PREVENTIVE_MAINTENANCE,5.228,SYNTHETIC
2021-10-03,B,SYN_MINE_01,SYN_DRILL_001,drill,BREAKDOWN,3.277,SYNTHETIC
2021-10-03,B,SYN_MINE_01,SYN_DRILL_002,drill,BREAKDOWN,1.196,SYNTHETIC
2021-10-03,B,SYN_MINE_01,SYN_TRUCK_002,dumper,BREAKDOWN,2.817,SYNTHETIC
2021-10-03,A,SYN_MINE_01,SYN_TRUCK_004,dumper,BREAKDOWN,1.138,SYNTHETIC
2021-10-04,A,SYN_MINE_01,SYN_DRILL_002,drill,PREVENTIVE_MAINTENANCE,4.889,SYNTHETIC
2021-10-04,B,SYN_MINE_01,SYN_TRUCK_003,dumper,BREAKDOWN,3.646,SYNTHETIC
2021-10-04,B,SYN_MINE_01,SYN_TRUCK_007,dumper,BREAKDOWN,0.05,SYNTHETIC
2021-10-04,C,SYN_MINE_01,SYN_TRUCK_012,dumper,BREAKDOWN,1.357,SYNTHETIC
2021-10-04,B,SYN_MINE_01,SYN_TRUCK_014,dumper,BREAKDOWN,5.669,SYNTHETIC
2021-10-04,A,SYN_MINE_01,SYN_TRUCK_015,dumper,BREAKDOWN,4.036,SYNTHETIC
2021-10-05,B,SYN_MINE_01,SYN_DRILL_001,drill,BREAKDOWN,4.817,SYNTHETIC
2021-10-05,C,SYN_MINE_01,SYN_DRILL_002,drill,BREAKDOWN,2.843,SYNTHETIC
2021-10-05,B,SYN_MINE_01,SYN_EXC_001,excavator,BREAKDOWN,1.364,SYNTHETIC
2021-10-05,A,SYN_MINE_01,SYN_TRUCK_002,dumper,PREVENTIVE_MAINTENANCE,5.717,SYNTHETIC
2021-10-05,C,SYN_MINE_01,SYN_TRUCK_004,dumper,BREAKDOWN,3.426,SYNTHETIC
2021-10-05,A,SYN_MINE_01,SYN_TRUCK_008,dumper,PREVENTIVE_MAINTENANCE,5.876,SYNTHETIC
2021-10-05,A,SYN_MINE_01,SYN_TRUCK_009,dumper,PREVENTIVE_MAINTENANCE,5.53,SYNTHETIC
2021-10-05,C,SYN_MINE_01,SYN_TRUCK_015,dumper,BREAKDOWN,1.04,SYNTHETIC
2021-10-06,C,SYN_MINE_01,SYN_DRILL_002,drill,BREAKDOWN,0.777,SYNTHETIC
2021-10-06,B,SYN_MINE_01,SYN_EXC_002,excavator,BREAKDOWN,2.8,SYNTHETIC
2021-10-06,B,SYN_MINE_01,SYN_TRUCK_001,dumper,BREAKDOWN,5.452,SYNTHETIC
2021-10-06,A,SYN_MINE_01,SYN_TRUCK_002,dumper,BREAKDOWN,0.545,SYNTHETIC
2021-10-06,B,SYN_MINE_01,SYN_TRUCK_003,dumper,BREAKDOWN,4.078,SYNTHETIC
2021-10-07,C,SYN_MINE_01,SYN_DRILL_002,drill,BREAKDOWN,3.825,SYNTHETIC
2021-10-07,A,SYN_MINE_01,SYN_EXC_001,excavator,PREVENTIVE_MAINTENANCE,7.0,SYNTHETIC
2021-10-08,B,SYN_MINE_01,SYN_DRILL_002,drill,BREAKDOWN,0.147,SYNTHETIC
2021-10-08,B,SYN_MINE_01,SYN_TRUCK_001,dumper,BREAKDOWN,3.434,SYNTHETIC
2021-10-08,B,SYN_MINE_01,SYN_TRUCK_007,dumper,BREAKDOWN,0.209,SYNTHETIC
2021-10-09,A,SYN_MINE_01,SYN_TRUCK_003,dumper,BREAKDOWN,1.471,SYNTHETIC
2021-10-09,A,SYN_MINE_01,SYN_TRUCK_004,dumper,BREAKDOWN,3.502,SYNTHETIC
2021-10-09,A,SYN_MINE_01,SYN_TRUCK_008,dumper,BREAKDOWN,2.634,SYNTHETIC
2021-10-09,B,SYN_MINE_01,SYN_TRUCK_008,dumper,BREAKDOWN,3.571,SYNTHETIC
2021-10-10,A,SYN_MINE_01,SYN_EXC_002,excavator,PREVENTIVE_MAINTENANCE,7.0,SYNTHETIC
2021-10-10,A,SYN_MINE_01,SYN_TRUCK_003,dumper,PREVENTIVE_MAINTENANCE,6.139,SYNTHETIC
2021-10-10,B,SYN_MINE_01,SYN_TRUCK_004,dumper,BREAKDOWN,2.193,SYNTHETIC
2021-10-10,B,SYN_MINE_01,SYN_TRUCK_005,dumper,BREAKDOWN,6.783,SYNTHETIC
2021-10-10,A,SYN_MINE_01,SYN_TRUCK_007,dumper,BREAKDOWN,0.66,SYNTHETIC
2021-10-10,C,SYN_MINE_01,SYN_TRUCK_008,dumper,BREAKDOWN,3.329,SYNTHETIC
2021-10-10,C,SYN_MINE_01,SYN_TRUCK_017,dumper,BREAKDOWN,0.505,SYNTHETIC
2021-10-11,A,SYN_MINE_01,SYN_TRUCK_002,dumper,BREAKDOWN,1.459,SYNTHETIC
2021-10-11,A,SYN_MINE_01,SYN_TRUCK_003,dumper,BREAKDOWN,1.071,SYNTHETIC
2021-10-11,A,SYN_MINE_01,SYN_TRUCK_006,dumper,BREAKDOWN,1.792,SYNTHETIC
2021-10-11,A,SYN_MINE_01,SYN_TRUCK_014,dumper,BREAKDOWN,1.231,SYNTHETIC
2021-10-11,B,SYN_MINE_01,SYN_TRUCK_016,dumper,BREAKDOWN,3.896,SYNTHETIC
2021-10-12,A,SYN_MINE_01,SYN_DRILL_002,drill,BREAKDOWN,4.236,SYNTHETIC
2021-10-12,B,SYN_MINE_01,SYN_TRUCK_008,dumper,BREAKDOWN,3.907,SYNTHETIC
2021-10-13,B,SYN_MINE_01,SYN_EXC_001,excavator,BREAKDOWN,4.553,SYNTHETIC
2021-10-13,A,SYN_MINE_01,SYN_TRUCK_004,dumper,PREVENTIVE_MAINTENANCE,7.0,SYNTHETIC
2021-10-13,A,SYN_MINE_01,SYN_TRUCK_006,dumper,PREVENTIVE_MAINTENANCE,4.068,SYNTHETIC
2021-10-13,A,SYN_MINE_01,SYN_TRUCK_016,dumper,BREAKDOWN,0.064,SYNTHETIC
2021-10-14,A,SYN_MINE_01,SYN_DRILL_001,drill,PREVENTIVE_MAINTENANCE,5.733,SYNTHETIC
2021-10-14,B,SYN_MINE_01,SYN_EXC_001,excavator,BREAKDOWN,2.666,SYNTHETIC
2021-10-14,A,SYN_MINE_01,SYN_TRUCK_007,dumper,PREVENTIVE_MAINTENANCE,7.0,SYNTHETIC
2021-10-14,A,SYN_MINE_01,SYN_TRUCK_008,dumper,BREAKDOWN,1.232,SYNTHETIC
2021-10-14,B,SYN_MINE_01,SYN_TRUCK_010,dumper,BREAKDOWN,3.378,SYNTHETIC
2021-10-14,B,SYN_MINE_01,SYN_TRUCK_013,dumper,BREAKDOWN,1.048,SYNTHETIC
2021-10-15,B,SYN_MINE_01,SYN_TRUCK_005,dumper,BREAKDOWN,1.62,SYNTHETIC
2021-10-15,C,SYN_MINE_01,SYN_TRUCK_009,dumper,BREAKDOWN,5.353,SYNTHETIC
2021-10-15,B,SYN_MINE_01,SYN_TRUCK_010,dumper,BREAKDOWN,0.754,SYNTHETIC
2021-10-15,A,SYN_MINE_01,SYN_TRUCK_015,dumper,BREAKDOWN,2.904,SYNTHETIC
2021-10-15,B,SYN_MINE_01,SYN_TRUCK_017,dumper,BREAKDOWN,1.215,SYNTHETIC
2021-10-16,A,SYN_MINE_01,SYN_DRILL_002,drill,PREVENTIVE_MAINTENANCE,5.433,SYNTHETIC
2021-10-16,B,SYN_MINE_01,SYN_EXC_001,excavator,BREAKDOWN,3.215,SYNTHETIC
2021-10-16,B,SYN_MINE_01,SYN_TRUCK_002,dumper,BREAKDOWN,2.27,SYNTHETIC
2021-10-16,A,SYN_MINE_01,SYN_TRUCK_004,dumper,BREAKDOWN,5.077,SYNTHETIC
2021-10-16,B,SYN_MINE_01,SYN_TRUCK_006,dumper,BREAKDOWN,1.407,SYNTHETIC
2021-10-16,A,SYN_MINE_01,SYN_TRUCK_010,dumper,PREVENTIVE_MAINTENANCE,5.395,SYNTHETIC
2021-10-16,A,SYN_MINE_01,SYN_TRUCK_011,dumper,BREAKDOWN,0.423,SYNTHETIC
2021-10-17,B,SYN_MINE_01,SYN_EXC_001,excavator,BREAKDOWN,3.712,SYNTHETIC
2021-10-17,B,SYN_MINE_01,SYN_TRUCK_004,dumper,BREAKDOWN,4.306,SYNTHETIC
2021-10-17,A,SYN_MINE_01,SYN_TRUCK_005,dumper,BREAKDOWN,5.591,SYNTHETIC
2021-10-17,C,SYN_MINE_01,SYN_TRUCK_010,dumper,BREAKDOWN,5.72,SYNTHETIC
2021-10-17,B,SYN_MINE_01,SYN_TRUCK_013,dumper,BREAKDOWN,6.011,SYNTHETIC
2021-10-17,B,SYN_MINE_01,SYN_TRUCK_015,dumper,BREAKDOWN,3.955,SYNTHETIC
2021-10-18,A,SYN_MINE_01,SYN_DRILL_001,drill,BREAKDOWN,1.149,SYNTHETIC
2021-10-18,A,SYN_MINE_01,SYN_DRILL_002,drill,BREAKDOWN,4.852,SYNTHETIC
2021-10-18,B,SYN_MINE_01,SYN_TRUCK_001,dumper,BREAKDOWN,3.042,SYNTHETIC
2021-10-18,B,SYN_MINE_01,SYN_TRUCK_007,dumper,BREAKDOWN,3.254,SYNTHETIC
2021-10-18,A,SYN_MINE_01,SYN_TRUCK_011,dumper,BREAKDOWN,6.979,SYNTHETIC
2021-10-18,A,SYN_MINE_01,SYN_TRUCK_012,dumper,PREVENTIVE_MAINTENANCE,4.277,SYNTHETIC
2021-10-19,A,SYN_MINE_01,SYN_DRILL_001,drill,BREAKDOWN,1.996,SYNTHETIC
2021-10-19,B,SYN_MINE_01,SYN_DRILL_001,drill,BREAKDOWN,3.74,SYNTHETIC
2021-10-19,B,SYN_MINE_01,SYN_TRUCK_002,dumper,BREAKDOWN,3.229,SYNTHETIC
2021-10-19,A,SYN_MINE_01,SYN_TRUCK_008,dumper,BREAKDOWN,0.142,SYNTHETIC
2021-10-19,A,SYN_MINE_01,SYN_TRUCK_009,dumper,BREAKDOWN,3.503,SYNTHETIC
2021-10-19,A,SYN_MINE_01,SYN_TRUCK_015,dumper,BREAKDOWN,2.938,SYNTHETIC
2021-10-20,A,SYN_MINE_01,SYN_DRILL_002,drill,BREAKDOWN,6.232,SYNTHETIC
2021-10-20,A,SYN_MINE_01,SYN_TRUCK_001,dumper,PREVENTIVE_MAINTENANCE,4.684,SYNTHETIC
2021-10-20,C,SYN_MINE_01,SYN_TRUCK_002,dumper,BREAKDOWN,5.394,SYNTHETIC
2021-10-20,B,SYN_MINE_01,SYN_TRUCK_003,dumper,BREAKDOWN,4.746,SYNTHETIC
2021-10-20,A,SYN_MINE_01,SYN_TRUCK_005,dumper,PREVENTIVE_MAINTENANCE,7.0,SYNTHETIC
2021-10-20,C,SYN_MINE_01,SYN_TRUCK_009,dumper,BREAKDOWN,4.746,SYNTHETIC
2021-10-20,A,SYN_MINE_01,SYN_TRUCK_011,dumper,BREAKDOWN,3.814,SYNTHETIC
2021-10-20,B,SYN_MINE_01,SYN_TRUCK_011,dumper,BREAKDOWN,5.14,SYNTHETIC
2021-10-20,C,SYN_MINE_01,SYN_TRUCK_015,dumper,BREAKDOWN,1.103,SYNTHETIC
2021-10-20,A,SYN_MINE_01,SYN_TRUCK_017,dumper,PREVENTIVE_MAINTENANCE,6.769,SYNTHETIC
2021-10-20,C,SYN_MINE_01,SYN_TRUCK_017,dumper,BREAKDOWN,3.911,SYNTHETIC
2021-10-21,A,SYN_MINE_01,SYN_DRILL_002,drill,BREAKDOWN,5.817,SYNTHETIC
2021-10-21,B,SYN_MINE_01,SYN_TRUCK_004,dumper,BREAKDOWN,1.667,SYNTHETIC
2021-10-21,A,SYN_MINE_01,SYN_TRUCK_007,dumper,BREAKDOWN,4.449,SYNTHETIC
2021-10-21,A,SYN_MINE_01,SYN_TRUCK_008,dumper,BREAKDOWN,1.861,SYNTHETIC
2021-10-21,B,SYN_MINE_01,SYN_TRUCK_010,dumper,BREAKDOWN,3.938,SYNTHETIC
2021-10-21,B,SYN_MINE_01,SYN_TRUCK_011,dumper,BREAKDOWN,3.549,SYNTHETIC
2021-10-21,A,SYN_MINE_01,SYN_TRUCK_013,dumper,PREVENTIVE_MAINTENANCE,5.822,SYNTHETIC
2021-10-21,B,SYN_MINE_01,SYN_TRUCK_013,dumper,BREAKDOWN,4.188,SYNTHETIC
2021-10-21,A,SYN_MINE_01,SYN_TRUCK_014,dumper,PREVENTIVE_MAINTENANCE,4.18,SYNTHETIC
2021-10-21,B,SYN_MINE_01,SYN_TRUCK_017,dumper,BREAKDOWN,2.587,SYNTHETIC
2021-10-22,C,SYN_MINE_01,SYN_TRUCK_002,dumper,BREAKDOWN,3.817,SYNTHETIC
2021-10-22,C,SYN_MINE_01,SYN_TRUCK_006,dumper,BREAKDOWN,2.34,SYNTHETIC
2021-10-22,A,SYN_MINE_01,SYN_TRUCK_015,dumper,PREVENTIVE_MAINTENANCE,7.0,SYNTHETIC
2021-10-23,A,SYN_MINE_01,SYN_TRUCK_011,dumper,PREVENTIVE_MAINTENANCE,5.854,SYNTHETIC
2021-10-23,C,SYN_MINE_01,SYN_TRUCK_016,dumper,BREAKDOWN,1.144,SYNTHETIC
2021-10-24,A,SYN_MINE_01,SYN_EXC_001,excavator,PREVENTIVE_MAINTENANCE,7.0,SYNTHETIC
2021-10-24,A,SYN_MINE_01,SYN_TRUCK_008,dumper,BREAKDOWN,3.757,SYNTHETIC
2021-10-24,A,SYN_MINE_01,SYN_TRUCK_009,dumper,BREAKDOWN,1.924,SYNTHETIC
2021-10-24,C,SYN_MINE_01,SYN_TRUCK_012,dumper,BREAKDOWN,1.075,SYNTHETIC
2021-10-24,A,SYN_MINE_01,SYN_TRUCK_015,dumper,BREAKDOWN,1.839,SYNTHETIC
2021-10-25,B,SYN_MINE_01,SYN_EXC_002,excavator,BREAKDOWN,0.226,SYNTHETIC
2021-10-25,A,SYN_MINE_01,SYN_TRUCK_002,dumper,PREVENTIVE_MAINTENANCE,4.82,SYNTHETIC
2021-10-25,A,SYN_MINE_01,SYN_TRUCK_003,dumper,BREAKDOWN,0.839,SYNTHETIC
2021-10-25,B,SYN_MINE_01,SYN_TRUCK_009,dumper,BREAKDOWN,4.659,SYNTHETIC
2021-10-26,A,SYN_MINE_01,SYN_DRILL_001,drill,PREVENTIVE_MAINTENANCE,4.849,SYNTHETIC
2021-10-26,A,SYN_MINE_01,SYN_EXC_002,excavator,PREVENTIVE_MAINTENANCE,6.1,SYNTHETIC
2021-10-26,C,SYN_MINE_01,SYN_TRUCK_004,dumper,BREAKDOWN,1.551,SYNTHETIC
2021-10-26,A,SYN_MINE_01,SYN_TRUCK_008,dumper,PREVENTIVE_MAINTENANCE,5.315,SYNTHETIC
2021-10-26,A,SYN_MINE_01,SYN_TRUCK_009,dumper,PREVENTIVE_MAINTENANCE,4.16,SYNTHETIC
2021-10-26,A,SYN_MINE_01,SYN_TRUCK_011,dumper,BREAKDOWN,2.534,SYNTHETIC
2021-10-27,A,SYN_MINE_01,SYN_DRILL_002,drill,BREAKDOWN,6.354,SYNTHETIC
2021-10-28,A,SYN_MINE_01,SYN_DRILL_002,drill,PREVENTIVE_MAINTENANCE,5.031,SYNTHETIC
2021-10-28,B,SYN_MINE_01,SYN_TRUCK_003,dumper,BREAKDOWN,6.189,SYNTHETIC
2021-10-28,A,SYN_MINE_01,SYN_TRUCK_004,dumper,BREAKDOWN,3.835,SYNTHETIC
2021-10-28,B,SYN_MINE_01,SYN_TRUCK_006,dumper,BREAKDOWN,0.088,SYNTHETIC
2021-10-28,B,SYN_MINE_01,SYN_TRUCK_009,dumper,BREAKDOWN,1.745,SYNTHETIC
2021-10-28,B,SYN_MINE_01,SYN_TRUCK_011,dumper,BREAKDOWN,1.792,SYNTHETIC
2021-10-29,B,SYN_MINE_01,SYN_EXC_001,excavator,BREAKDOWN,3.777,SYNTHETIC
2021-10-30,A,SYN_MINE_01,SYN_TRUCK_003,dumper,PREVENTIVE_MAINTENANCE,5.284,SYNTHETIC
2021-10-30,C,SYN_MINE_01,SYN_TRUCK_006,dumper,BREAKDOWN,2.429,SYNTHETIC
2021-10-30,C,SYN_MINE_01,SYN_TRUCK_010,dumper,BREAKDOWN,0.297,SYNTHETIC
2021-10-30,B,SYN_MINE_01,SYN_TRUCK_015,dumper,BREAKDOWN,3.097,SYNTHETIC
2021-10-31,B,SYN_MINE_01,SYN_DRILL_001,drill,BREAKDOWN,2.066,SYNTHETIC
2021-10-31,A,SYN_MINE_01,SYN_EXC_001,excavator,BREAKDOWN,4.756,SYNTHETIC
2021-11-01,B,SYN_MINE_01,SYN_DRILL_002,drill,BREAKDOWN,5.11,SYNTHETIC
2021-11-01,A,SYN_MINE_01,SYN_TRUCK_001,dumper,BREAKDOWN,1.803,SYNTHETIC
2021-11-01,B,SYN_MINE_01,SYN_TRUCK_013,dumper,BREAKDOWN,1.925,SYNTHETIC
2021-11-02,A,SYN_MINE_01,SYN_DRILL_001,drill,BREAKDOWN,0.366,SYNTHETIC
2021-11-02,A,SYN_MINE_01,SYN_TRUCK_001,dumper,BREAKDOWN,3.405,SYNTHETIC
2021-11-02,B,SYN_MINE_01,SYN_TRUCK_005,dumper,BREAKDOWN,6.682,SYNTHETIC
2021-11-02,A,SYN_MINE_01,SYN_TRUCK_006,dumper,PREVENTIVE_MAINTENANCE,4.844,SYNTHETIC
2021-11-02,A,SYN_MINE_01,SYN_TRUCK_007,dumper,PREVENTIVE_MAINTENANCE,4.151,SYNTHETIC
2021-11-02,A,SYN_MINE_01,SYN_TRUCK_009,dumper,BREAKDOWN,5.252,SYNTHETIC
2021-11-02,C,SYN_MINE_01,SYN_TRUCK_014,dumper,BREAKDOWN,0.498,SYNTHETIC
2021-11-02,A,SYN_MINE_01,SYN_TRUCK_016,dumper,PREVENTIVE_MAINTENANCE,5.215,SYNTHETIC
2021-11-03,A,SYN_MINE_01,SYN_DRILL_002,drill,BREAKDOWN,1.173,SYNTHETIC
2021-11-03,A,SYN_MINE_01,SYN_TRUCK_004,dumper,PREVENTIVE_MAINTENANCE,7.0,SYNTHETIC
2021-11-04,A,SYN_MINE_01,SYN_EXC_002,excavator,BREAKDOWN,5.752,SYNTHETIC
2021-11-04,C,SYN_MINE_01,SYN_TRUCK_003,dumper,BREAKDOWN,1.544,SYNTHETIC
2021-11-04,A,SYN_MINE_01,SYN_TRUCK_005,dumper,BREAKDOWN,0.454,SYNTHETIC
2021-11-04,B,SYN_MINE_01,SYN_TRUCK_007,dumper,BREAKDOWN,6.641,SYNTHETIC
2021-11-04,A,SYN_MINE_01,SYN_TRUCK_010,dumper,PREVENTIVE_MAINTENANCE,7.0,SYNTHETIC
2021-11-04,B,SYN_MINE_01,SYN_TRUCK_011,dumper,BREAKDOWN,2.987,SYNTHETIC
2021-11-04,B,SYN_MINE_01,SYN_TRUCK_015,dumper,BREAKDOWN,1.048,SYNTHETIC
2021-11-05,A,SYN_MINE_01,SYN_TRUCK_001,dumper,BREAKDOWN,0.688,SYNTHETIC
2021-11-05,B,SYN_MINE_01,SYN_TRUCK_005,dumper,BREAKDOWN,5.835,SYNTHETIC
2021-11-06,A,SYN_MINE_01,SYN_DRILL_001,drill,PREVENTIVE_MAINTENANCE,4.104,SYNTHETIC
2021-11-06,A,SYN_MINE_01,SYN_TRUCK_001,dumper,BREAKDOWN,4.783,SYNTHETIC
2021-11-06,C,SYN_MINE_01,SYN_TRUCK_001,dumper,BREAKDOWN,3.345,SYNTHETIC
2021-11-06,A,SYN_MINE_01,SYN_TRUCK_012,dumper,PREVENTIVE_MAINTENANCE,6.004,SYNTHETIC
2021-11-06,A,SYN_MINE_01,SYN_TRUCK_013,dumper,BREAKDOWN,0.413,SYNTHETIC
2021-11-06,B,SYN_MINE_01,SYN_TRUCK_014,dumper,BREAKDOWN,2.815,SYNTHETIC
2021-11-06,A,SYN_MINE_01,SYN_TRUCK_015,dumper,BREAKDOWN,5.972,SYNTHETIC
2021-11-07,C,SYN_MINE_01,SYN_DRILL_002,drill,BREAKDOWN,1.976,SYNTHETIC
2021-11-07,C,SYN_MINE_01,SYN_EXC_001,excavator,BREAKDOWN,1.115,SYNTHETIC
2021-11-07,C,SYN_MINE_01,SYN_TRUCK_013,dumper,BREAKDOWN,2.459,SYNTHETIC
2021-11-07,C,SYN_MINE_01,SYN_TRUCK_014,dumper,BREAKDOWN,4.022,SYNTHETIC
2021-11-08,C,SYN_MINE_01,SYN_DRILL_001,drill,BREAKDOWN,3.167,SYNTHETIC
2021-11-08,A,SYN_MINE_01,SYN_EXC_002,excavator,BREAKDOWN,5.793,SYNTHETIC
2021-11-08,B,SYN_MINE_01,SYN_TRUCK_001,dumper,BREAKDOWN,1.389,SYNTHETIC
2021-11-08,B,SYN_MINE_01,SYN_TRUCK_013,dumper,BREAKDOWN,0.644,SYNTHETIC
2021-11-09,A,SYN_MINE_01,SYN_DRILL_002,drill,PREVENTIVE_MAINTENANCE,4.863,SYNTHETIC
2021-11-09,B,SYN_MINE_01,SYN_EXC_001,excavator,BREAKDOWN,1.386,SYNTHETIC
2021-11-09,A,SYN_MINE_01,SYN_TRUCK_005,dumper,PREVENTIVE_MAINTENANCE,7.0,SYNTHETIC
2021-11-09,B,SYN_MINE_01,SYN_TRUCK_006,dumper,BREAKDOWN,6.22,SYNTHETIC
2021-11-09,B,SYN_MINE_01,SYN_TRUCK_010,dumper,BREAKDOWN,6.046,SYNTHETIC
2021-11-10,A,SYN_MINE_01,SYN_TRUCK_001,dumper,PREVENTIVE_MAINTENANCE,7.0,SYNTHETIC
2021-11-10,A,SYN_MINE_01,SYN_TRUCK_003,dumper,BREAKDOWN,3.353,SYNTHETIC
2021-11-10,B,SYN_MINE_01,SYN_TRUCK_009,dumper,BREAKDOWN,6.184,SYNTHETIC
2021-11-10,A,SYN_MINE_01,SYN_TRUCK_014,dumper,PREVENTIVE_MAINTENANCE,7.0,SYNTHETIC
2021-11-11,C,SYN_MINE_01,SYN_TRUCK_002,dumper,BREAKDOWN,1.924,SYNTHETIC
2021-11-11,C,SYN_MINE_01,SYN_TRUCK_010,dumper,BREAKDOWN,2.992,SYNTHETIC
2021-11-11,B,SYN_MINE_01,SYN_TRUCK_011,dumper,BREAKDOWN,2.636,SYNTHETIC
2021-11-12,A,SYN_MINE_01,SYN_EXC_002,excavator,BREAKDOWN,5.984,SYNTHETIC
2021-11-12,A,SYN_MINE_01,SYN_TRUCK_001,dumper,BREAKDOWN,1.483,SYNTHETIC
2021-11-12,A,SYN_MINE_01,SYN_TRUCK_003,dumper,BREAKDOWN,4.869,SYNTHETIC
2021-11-12,A,SYN_MINE_01,SYN_TRUCK_008,dumper,BREAKDOWN,6.732,SYNTHETIC
2021-11-12,A,SYN_MINE_01,SYN_TRUCK_011,dumper,PREVENTIVE_MAINTENANCE,7.0,SYNTHETIC
2021-11-12,A,SYN_MINE_01,SYN_TRUCK_013,dumper,PREVENTIVE_MAINTENANCE,7.0,SYNTHETIC
2021-11-12,B,SYN_MINE_01,SYN_TRUCK_016,dumper,BREAKDOWN,4.697,SYNTHETIC
2021-11-13,B,SYN_MINE_01,SYN_DRILL_001,drill,BREAKDOWN,1.603,SYNTHETIC
2021-11-13,C,SYN_MINE_01,SYN_DRILL_001,drill,BREAKDOWN,4.867,SYNTHETIC
2021-11-13,A,SYN_MINE_01,SYN_EXC_002,excavator,PREVENTIVE_MAINTENANCE,7.0,SYNTHETIC
2021-11-13,A,SYN_MINE_01,SYN_TRUCK_002,dumper,PREVENTIVE_MAINTENANCE,4.301,SYNTHETIC
2021-11-13,B,SYN_MINE_01,SYN_TRUCK_004,dumper,BREAKDOWN,0.868,SYNTHETIC
2021-11-13,A,SYN_MINE_01,SYN_TRUCK_008,dumper,BREAKDOWN,4.914,SYNTHETIC
2021-11-13,C,SYN_MINE_01,SYN_TRUCK_013,dumper,BREAKDOWN,1.638,SYNTHETIC
2021-11-13,C,SYN_MINE_01,SYN_TRUCK_016,dumper,BREAKDOWN,3.487,SYNTHETIC
2021-11-14,B,SYN_MINE_01,SYN_DRILL_001,drill,BREAKDOWN,2.896,SYNTHETIC
2021-11-14,C,SYN_MINE_01,SYN_DRILL_002,drill,BREAKDOWN,2.797,SYNTHETIC
2021-11-14,A,SYN_MINE_01,SYN_EXC_001,excavator,PREVENTIVE_MAINTENANCE,6.15,SYNTHETIC
2021-11-14,A,SYN_MINE_01,SYN_TRUCK_008,dumper,PREVENTIVE_MAINTENANCE,6.016,SYNTHETIC
2021-11-14,A,SYN_MINE_01,SYN_TRUCK_015,dumper,PREVENTIVE_MAINTENANCE,4.043,SYNTHETIC
2021-11-15,B,SYN_MINE_01,SYN_DRILL_001,drill,BREAKDOWN,4.245,SYNTHETIC
2021-11-15,C,SYN_MINE_01,SYN_DRILL_002,drill,BREAKDOWN,1.456,SYNTHETIC
2021-11-15,B,SYN_MINE_01,SYN_EXC_001,excavator,BREAKDOWN,6.172,SYNTHETIC
2021-11-15,A,SYN_MINE_01,SYN_TRUCK_002,dumper,BREAKDOWN,1.692,SYNTHETIC
2021-11-15,C,SYN_MINE_01,SYN_TRUCK_014,dumper,BREAKDOWN,5.477,SYNTHETIC
2021-11-15,B,SYN_MINE_01,SYN_TRUCK_016,dumper,BREAKDOWN,0.128,SYNTHETIC
2021-11-16,A,SYN_MINE_01,SYN_TRUCK_009,dumper,PREVENTIVE_MAINTENANCE,5.068,SYNTHETIC
2021-11-16,A,SYN_MINE_01,SYN_TRUCK_013,dumper,BREAKDOWN,6.679,SYNTHETIC
2021-11-16,C,SYN_MINE_01,SYN_TRUCK_014,dumper,BREAKDOWN,2.989,SYNTHETIC
2021-11-18,A,SYN_MINE_01,SYN_DRILL_001,drill,PREVENTIVE_MAINTENANCE,4.635,SYNTHETIC
2021-11-18,C,SYN_MINE_01,SYN_TRUCK_014,dumper,BREAKDOWN,1.841,SYNTHETIC
2021-11-19,A,SYN_MINE_01,SYN_TRUCK_003,dumper,PREVENTIVE_MAINTENANCE,7.0,SYNTHETIC
2021-11-19,B,SYN_MINE_01,SYN_TRUCK_003,dumper,BREAKDOWN,4.759,SYNTHETIC
2021-11-19,B,SYN_MINE_01,SYN_TRUCK_012,dumper,BREAKDOWN,1.344,SYNTHETIC
2021-11-19,A,SYN_MINE_01,SYN_TRUCK_013,dumper,BREAKDOWN,3.906,SYNTHETIC
2021-11-19,C,SYN_MINE_01,SYN_TRUCK_015,dumper,BREAKDOWN,2.634,SYNTHETIC
2021-11-20,A,SYN_MINE_01,SYN_DRILL_002,drill,PREVENTIVE_MAINTENANCE,5.754,SYNTHETIC
2021-11-20,C,SYN_MINE_01,SYN_TRUCK_010,dumper,BREAKDOWN,5.246,SYNTHETIC
2021-11-20,C,SYN_MINE_01,SYN_TRUCK_011,dumper,BREAKDOWN,3.58,SYNTHETIC
2021-11-20,A,SYN_MINE_01,SYN_TRUCK_015,dumper,BREAKDOWN,2.023,SYNTHETIC
2021-11-21,A,SYN_MINE_01,SYN_TRUCK_006,dumper,PREVENTIVE_MAINTENANCE,6.05,SYNTHETIC
2021-11-21,A,SYN_MINE_01,SYN_TRUCK_007,dumper,PREVENTIVE_MAINTENANCE,6.947,SYNTHETIC
2021-11-22,A,SYN_MINE_01,SYN_EXC_001,excavator,BREAKDOWN,1.095,SYNTHETIC
2021-11-22,A,SYN_MINE_01,SYN_EXC_002,excavator,BREAKDOWN,3.163,SYNTHETIC
2021-11-22,B,SYN_MINE_01,SYN_TRUCK_002,dumper,BREAKDOWN,0.021,SYNTHETIC
2021-11-22,A,SYN_MINE_01,SYN_TRUCK_004,dumper,PREVENTIVE_MAINTENANCE,6.232,SYNTHETIC
2021-11-22,C,SYN_MINE_01,SYN_TRUCK_005,dumper,BREAKDOWN,1.091,SYNTHETIC
2021-11-22,A,SYN_MINE_01,SYN_TRUCK_016,dumper,PREVENTIVE_MAINTENANCE,5.489,SYNTHETIC
2021-11-23,ALL,SYN_MINE_01,SITE,site,POWER_OUTAGE,4.42,SYNTHETIC
2021-11-23,A,SYN_MINE_01,SYN_DRILL_002,drill,BREAKDOWN,1.475,SYNTHETIC
2021-11-23,A,SYN_MINE_01,SYN_TRUCK_010,dumper,BREAKDOWN,3.763,SYNTHETIC
2021-11-24,C,SYN_MINE_01,SYN_EXC_002,excavator,BREAKDOWN,2.096,SYNTHETIC
2021-11-24,C,SYN_MINE_01,SYN_TRUCK_015,dumper,BREAKDOWN,2.374,SYNTHETIC
2021-11-25,ALL,SYN_MINE_01,SITE,site,EXPLOSIVE_SUPPLY_EPISODE_START,0.0,SYNTHETIC
2021-11-25,A,SYN_MINE_01,SYN_DRILL_001,drill,BREAKDOWN,1.62,SYNTHETIC
2021-11-25,C,SYN_MINE_01,SYN_TRUCK_002,dumper,BREAKDOWN,2.142,SYNTHETIC
2021-11-25,A,SYN_MINE_01,SYN_TRUCK_005,dumper,BREAKDOWN,3.999,SYNTHETIC
2021-11-25,A,SYN_MINE_01,SYN_TRUCK_010,dumper,PREVENTIVE_MAINTENANCE,6.108,SYNTHETIC
2021-11-25,B,SYN_MINE_01,SYN_TRUCK_010,dumper,BREAKDOWN,1.831,SYNTHETIC
2021-11-25,A,SYN_MINE_01,SYN_TRUCK_012,dumper,PREVENTIVE_MAINTENANCE,7.0,SYNTHETIC
2021-11-25,B,SYN_MINE_01,SYN_TRUCK_013,dumper,BREAKDOWN,3.295,SYNTHETIC
2021-11-26,C,SYN_MINE_01,SYN_EXC_001,excavator,BREAKDOWN,4.168,SYNTHETIC
2021-11-26,A,SYN_MINE_01,SYN_TRUCK_008,dumper,BREAKDOWN,0.655,SYNTHETIC
2021-11-26,C,SYN_MINE_01,SYN_TRUCK_008,dumper,BREAKDOWN,4.879,SYNTHETIC
2021-11-27,A,SYN_MINE_01,SYN_TRUCK_002,dumper,BREAKDOWN,5.055,SYNTHETIC
2021-11-28,C,SYN_MINE_01,SYN_TRUCK_001,dumper,BREAKDOWN,0.672,SYNTHETIC
2021-11-28,C,SYN_MINE_01,SYN_TRUCK_003,dumper,BREAKDOWN,3.374,SYNTHETIC
2021-11-28,B,SYN_MINE_01,SYN_TRUCK_008,dumper,BREAKDOWN,5.769,SYNTHETIC
2021-11-29,ALL,SYN_MINE_01,SITE,site,WEATHER_SITE_STOPPAGE,7.91,SYNTHETIC
2021-11-29,A,SYN_MINE_01,SYN_DRILL_001,drill,PREVENTIVE_MAINTENANCE,5.227,SYNTHETIC
2021-11-29,B,SYN_MINE_01,SYN_DRILL_001,drill,BREAKDOWN,2.654,SYNTHETIC
2021-11-29,C,SYN_MINE_01,SYN_TRUCK_004,dumper,BREAKDOWN,1.284,SYNTHETIC
2021-11-29,A,SYN_MINE_01,SYN_TRUCK_005,dumper,PREVENTIVE_MAINTENANCE,7.0,SYNTHETIC
2021-11-29,C,SYN_MINE_01,SYN_TRUCK_007,dumper,BREAKDOWN,1.397,SYNTHETIC
2021-11-29,C,SYN_MINE_01,SYN_TRUCK_008,dumper,BREAKDOWN,3.26,SYNTHETIC
2021-11-29,C,SYN_MINE_01,SYN_TRUCK_013,dumper,BREAKDOWN,5.866,SYNTHETIC
2021-11-30,C,SYN_MINE_01,SYN_DRILL_002,drill,BREAKDOWN,3.203,SYNTHETIC
2021-11-30,A,SYN_MINE_01,SYN_TRUCK_001,dumper,PREVENTIVE_MAINTENANCE,7.0,SYNTHETIC
2021-11-30,A,SYN_MINE_01,SYN_TRUCK_006,dumper,BREAKDOWN,3.393,SYNTHETIC
2021-11-30,C,SYN_MINE_01,SYN_TRUCK_008,dumper,BREAKDOWN,5.32,SYNTHETIC
2021-12-01,A,SYN_MINE_01,SYN_EXC_002,excavator,PREVENTIVE_MAINTENANCE,7.0,SYNTHETIC
2021-12-01,A,SYN_MINE_01,SYN_TRUCK_002,dumper,BREAKDOWN,5.778,SYNTHETIC
2021-12-01,B,SYN_MINE_01,SYN_TRUCK_003,dumper,BREAKDOWN,0.416,SYNTHETIC
2021-12-01,A,SYN_MINE_01,SYN_TRUCK_014,dumper,PREVENTIVE_MAINTENANCE,4.619,SYNTHETIC
2021-12-02,A,SYN_MINE_01,SYN_DRILL_002,drill,PREVENTIVE_MAINTENANCE,5.805,SYNTHETIC
2021-12-02,B,SYN_MINE_01,SYN_TRUCK_005,dumper,BREAKDOWN,1.481,SYNTHETIC
2021-12-02,A,SYN_MINE_01,SYN_TRUCK_007,dumper,BREAKDOWN,4.698,SYNTHETIC
2021-12-02,A,SYN_MINE_01,SYN_TRUCK_011,dumper,BREAKDOWN,1.562,SYNTHETIC
2021-12-03,A,SYN_MINE_01,SYN_TRUCK_007,dumper,BREAKDOWN,4.151,SYNTHETIC
2021-12-03,B,SYN_MINE_01,SYN_TRUCK_009,dumper,BREAKDOWN,4.833,SYNTHETIC
2021-12-03,A,SYN_MINE_01,SYN_TRUCK_011,dumper,PREVENTIVE_MAINTENANCE,5.524,SYNTHETIC
2021-12-03,B,SYN_MINE_01,SYN_TRUCK_012,dumper,BREAKDOWN,2.853,SYNTHETIC
2021-12-04,A,SYN_MINE_01,SYN_EXC_001,excavator,PREVENTIVE_MAINTENANCE,7.0,SYNTHETIC
2021-12-04,C,SYN_MINE_01,SYN_TRUCK_004,dumper,BREAKDOWN,3.826,SYNTHETIC
2021-12-04,C,SYN_MINE_01,SYN_TRUCK_008,dumper,BREAKDOWN,2.137,SYNTHETIC
2021-12-04,A,SYN_MINE_01,SYN_TRUCK_013,dumper,PREVENTIVE_MAINTENANCE,4.597,SYNTHETIC
2021-12-04,A,SYN_MINE_01,SYN_TRUCK_016,dumper,BREAKDOWN,1.544,SYNTHETIC
2021-12-05,B,SYN_MINE_01,SYN_EXC_001,excavator,BREAKDOWN,2.409,SYNTHETIC
2021-12-05,A,SYN_MINE_01,SYN_TRUCK_002,dumper,PREVENTIVE_MAINTENANCE,7.0,SYNTHETIC
2021-12-05,B,SYN_MINE_01,SYN_TRUCK_014,dumper,BREAKDOWN,3.168,SYNTHETIC
2021-12-05,A,SYN_MINE_01,SYN_TRUCK_015,dumper,PREVENTIVE_MAINTENANCE,7.0,SYNTHETIC
2021-12-06,C,SYN_MINE_01,SYN_DRILL_001,drill,BREAKDOWN,1.724,SYNTHETIC
2021-12-06,A,SYN_MINE_01,SYN_TRUCK_008,dumper,PREVENTIVE_MAINTENANCE,6.567,SYNTHETIC
2021-12-06,A,SYN_MINE_01,SYN_TRUCK_009,dumper,PREVENTIVE_MAINTENANCE,6.787,SYNTHETIC
2021-12-06,B,SYN_MINE_01,SYN_TRUCK_010,dumper,BREAKDOWN,5.552,SYNTHETIC
2021-12-06,B,SYN_MINE_01,SYN_TRUCK_012,dumper,BREAKDOWN,1.103,SYNTHETIC
2021-12-06,A,SYN_MINE_01,SYN_TRUCK_016,dumper,BREAKDOWN,4.245,SYNTHETIC
2021-12-07,B,SYN_MINE_01,SYN_TRUCK_001,dumper,BREAKDOWN,3.061,SYNTHETIC
2021-12-08,C,SYN_MINE_01,SYN_TRUCK_004,dumper,BREAKDOWN,1.008,SYNTHETIC
2021-12-08,C,SYN_MINE_01,SYN_TRUCK_007,dumper,BREAKDOWN,1.623,SYNTHETIC
2021-12-08,C,SYN_MINE_01,SYN_TRUCK_016,dumper,BREAKDOWN,4.427,SYNTHETIC
2021-12-09,A,SYN_MINE_01,SYN_TRUCK_003,dumper,PREVENTIVE_MAINTENANCE,6.668,SYNTHETIC
2021-12-09,B,SYN_MINE_01,SYN_TRUCK_003,dumper,BREAKDOWN,1.428,SYNTHETIC
2021-12-09,C,SYN_MINE_01,SYN_TRUCK_003,dumper,BREAKDOWN,4.199,SYNTHETIC
2021-12-09,A,SYN_MINE_01,SYN_TRUCK_006,dumper,BREAKDOWN,3.807,SYNTHETIC
2021-12-09,B,SYN_MINE_01,SYN_TRUCK_007,dumper,BREAKDOWN,0.297,SYNTHETIC
2021-12-09,B,SYN_MINE_01,SYN_TRUCK_008,dumper,BREAKDOWN,2.061,SYNTHETIC
2021-12-10,B,SYN_MINE_01,SYN_DRILL_001,drill,BREAKDOWN,1.926,SYNTHETIC
2021-12-10,B,SYN_MINE_01,SYN_DRILL_002,drill,BREAKDOWN,3.904,SYNTHETIC
2021-12-10,B,SYN_MINE_01,SYN_TRUCK_011,dumper,BREAKDOWN,5.384,SYNTHETIC
2021-12-10,B,SYN_MINE_01,SYN_TRUCK_013,dumper,BREAKDOWN,4.529,SYNTHETIC
2021-12-11,A,SYN_MINE_01,SYN_DRILL_001,drill,PREVENTIVE_MAINTENANCE,5.921,SYNTHETIC
2021-12-11,A,SYN_MINE_01,SYN_TRUCK_006,dumper,PREVENTIVE_MAINTENANCE,6.729,SYNTHETIC
2021-12-11,B,SYN_MINE_01,SYN_TRUCK_009,dumper,BREAKDOWN,2.863,SYNTHETIC
2021-12-12,A,SYN_MINE_01,SYN_TRUCK_001,dumper,BREAKDOWN,4.017,SYNTHETIC
2021-12-12,C,SYN_MINE_01,SYN_TRUCK_001,dumper,BREAKDOWN,4.607,SYNTHETIC
2021-12-12,A,SYN_MINE_01,SYN_TRUCK_004,dumper,PREVENTIVE_MAINTENANCE,5.66,SYNTHETIC
2021-12-12,A,SYN_MINE_01,SYN_TRUCK_005,dumper,BREAKDOWN,1.113,SYNTHETIC
2021-12-12,A,SYN_MINE_01,SYN_TRUCK_007,dumper,PREVENTIVE_MAINTENANCE,5.238,SYNTHETIC
2021-12-12,A,SYN_MINE_01,SYN_TRUCK_016,dumper,PREVENTIVE_MAINTENANCE,7.0,SYNTHETIC
2021-12-13,A,SYN_MINE_01,SYN_DRILL_002,drill,PREVENTIVE_MAINTENANCE,4.125,SYNTHETIC
2021-12-13,C,SYN_MINE_01,SYN_TRUCK_011,dumper,BREAKDOWN,1.957,SYNTHETIC
2021-12-15,C,SYN_MINE_01,SYN_EXC_002,excavator,BREAKDOWN,0.403,SYNTHETIC
2021-12-15,A,SYN_MINE_01,SYN_TRUCK_002,dumper,BREAKDOWN,0.692,SYNTHETIC
2021-12-15,B,SYN_MINE_01,SYN_TRUCK_005,dumper,BREAKDOWN,2.061,SYNTHETIC
2021-12-15,A,SYN_MINE_01,SYN_TRUCK_010,dumper,PREVENTIVE_MAINTENANCE,5.136,SYNTHETIC
2021-12-15,A,SYN_MINE_01,SYN_TRUCK_012,dumper,PREVENTIVE_MAINTENANCE,4.81,SYNTHETIC
2021-12-16,A,SYN_MINE_01,SYN_EXC_001,excavator,BREAKDOWN,2.521,SYNTHETIC
2021-12-16,A,SYN_MINE_01,SYN_TRUCK_001,dumper,BREAKDOWN,2.235,SYNTHETIC
2021-12-16,B,SYN_MINE_01,SYN_TRUCK_002,dumper,BREAKDOWN,3.661,SYNTHETIC
2021-12-16,B,SYN_MINE_01,SYN_TRUCK_004,dumper,BREAKDOWN,6.29,SYNTHETIC
2021-12-16,B,SYN_MINE_01,SYN_TRUCK_013,dumper,BREAKDOWN,5.434,SYNTHETIC
2021-12-17,B,SYN_MINE_01,SYN_DRILL_002,drill,BREAKDOWN,4.283,SYNTHETIC
2021-12-17,A,SYN_MINE_01,SYN_EXC_002,excavator,PREVENTIVE_MAINTENANCE,7.0,SYNTHETIC
2021-12-17,A,SYN_MINE_01,SYN_TRUCK_013,dumper,BREAKDOWN,3.238,SYNTHETIC
2021-12-18,A,SYN_MINE_01,SYN_EXC_001,excavator,BREAKDOWN,3.532,SYNTHETIC
2021-12-18,B,SYN_MINE_01,SYN_TRUCK_004,dumper,BREAKDOWN,4.411,SYNTHETIC
2021-12-19,A,SYN_MINE_01,SYN_TRUCK_001,dumper,PREVENTIVE_MAINTENANCE,5.06,SYNTHETIC
2021-12-19,C,SYN_MINE_01,SYN_TRUCK_003,dumper,BREAKDOWN,2.566,SYNTHETIC
2021-12-19,A,SYN_MINE_01,SYN_TRUCK_005,dumper,PREVENTIVE_MAINTENANCE,7.0,SYNTHETIC
2021-12-19,B,SYN_MINE_01,SYN_TRUCK_005,dumper,BREAKDOWN,5.396,SYNTHETIC
2021-12-19,C,SYN_MINE_01,SYN_TRUCK_006,dumper,BREAKDOWN,1.001,SYNTHETIC
2021-12-19,B,SYN_MINE_01,SYN_TRUCK_013,dumper,BREAKDOWN,2.341,SYNTHETIC
2021-12-19,A,SYN_MINE_01,SYN_TRUCK_014,dumper,BREAKDOWN,3.193,SYNTHETIC
2021-12-19,A,SYN_MINE_01,SYN_TRUCK_015,dumper,BREAKDOWN,5.388,SYNTHETIC
2021-12-20,A,SYN_MINE_01,SYN_EXC_001,excavator,PREVENTIVE_MAINTENANCE,7.0,SYNTHETIC
2021-12-20,B,SYN_MINE_01,SYN_TRUCK_001,dumper,BREAKDOWN,6.802,SYNTHETIC
2021-12-20,A,SYN_MINE_01,SYN_TRUCK_010,dumper,BREAKDOWN,3.33,SYNTHETIC
2021-12-20,A,SYN_MINE_01,SYN_TRUCK_014,dumper,PREVENTIVE_MAINTENANCE,4.383,SYNTHETIC
2021-12-21,C,SYN_MINE_01,SYN_TRUCK_009,dumper,BREAKDOWN,2.247,SYNTHETIC
2021-12-21,B,SYN_MINE_01,SYN_TRUCK_018,dumper,BREAKDOWN,5.062,SYNTHETIC
2021-12-22,A,SYN_MINE_01,SYN_DRILL_001,drill,PREVENTIVE_MAINTENANCE,5.514,SYNTHETIC
2021-12-22,A,SYN_MINE_01,SYN_TRUCK_011,dumper,PREVENTIVE_MAINTENANCE,4.271,SYNTHETIC
2021-12-22,B,SYN_MINE_01,SYN_TRUCK_016,dumper,BREAKDOWN,1.156,SYNTHETIC
2021-12-23,A,SYN_MINE_01,SYN_TRUCK_009,dumper,BREAKDOWN,1.084,SYNTHETIC
2021-12-23,A,SYN_MINE_01,SYN_TRUCK_010,dumper,BREAKDOWN,4.328,SYNTHETIC
2021-12-23,C,SYN_MINE_01,SYN_TRUCK_010,dumper,BREAKDOWN,2.415,SYNTHETIC
2021-12-23,B,SYN_MINE_01,SYN_TRUCK_013,dumper,BREAKDOWN,1.806,SYNTHETIC
2021-12-24,A,SYN_MINE_01,SYN_DRILL_002,drill,PREVENTIVE_MAINTENANCE,4.909,SYNTHETIC
2021-12-24,A,SYN_MINE_01,SYN_TRUCK_002,dumper,PREVENTIVE_MAINTENANCE,4.592,SYNTHETIC
2021-12-24,B,SYN_MINE_01,SYN_TRUCK_006,dumper,BREAKDOWN,2.78,SYNTHETIC
2021-12-24,A,SYN_MINE_01,SYN_TRUCK_010,dumper,BREAKDOWN,1.661,SYNTHETIC
2021-12-24,A,SYN_MINE_01,SYN_TRUCK_015,dumper,PREVENTIVE_MAINTENANCE,7.0,SYNTHETIC
2021-12-24,B,SYN_MINE_01,SYN_TRUCK_015,dumper,BREAKDOWN,2.127,SYNTHETIC
2021-12-24,A,SYN_MINE_01,SYN_TRUCK_018,dumper,PREVENTIVE_MAINTENANCE,4.692,SYNTHETIC
2021-12-25,C,SYN_MINE_01,SYN_EXC_001,excavator,BREAKDOWN,1.449,SYNTHETIC
2021-12-25,A,SYN_MINE_01,SYN_EXC_002,excavator,BREAKDOWN,4.722,SYNTHETIC
2021-12-25,C,SYN_MINE_01,SYN_TRUCK_008,dumper,BREAKDOWN,1.126,SYNTHETIC
2021-12-25,A,SYN_MINE_01,SYN_TRUCK_009,dumper,PREVENTIVE_MAINTENANCE,6.001,SYNTHETIC
2021-12-25,A,SYN_MINE_01,SYN_TRUCK_012,dumper,BREAKDOWN,6.347,SYNTHETIC
2021-12-25,A,SYN_MINE_01,SYN_TRUCK_013,dumper,PREVENTIVE_MAINTENANCE,6.879,SYNTHETIC
2021-12-26,B,SYN_MINE_01,SYN_EXC_002,excavator,BREAKDOWN,6.213,SYNTHETIC
2021-12-26,C,SYN_MINE_01,SYN_TRUCK_007,dumper,BREAKDOWN,0.999,SYNTHETIC
2021-12-26,B,SYN_MINE_01,SYN_TRUCK_008,dumper,BREAKDOWN,4.238,SYNTHETIC
2021-12-26,C,SYN_MINE_01,SYN_TRUCK_010,dumper,BREAKDOWN,2.828,SYNTHETIC
2021-12-26,B,SYN_MINE_01,SYN_TRUCK_014,dumper,BREAKDOWN,0.189,SYNTHETIC
2021-12-27,A,SYN_MINE_01,SYN_DRILL_002,drill,BREAKDOWN,4.376,SYNTHETIC
2021-12-27,A,SYN_MINE_01,SYN_EXC_001,excavator,BREAKDOWN,5.565,SYNTHETIC
2021-12-27,A,SYN_MINE_01,SYN_TRUCK_002,dumper,BREAKDOWN,4.385,SYNTHETIC
2021-12-27,C,SYN_MINE_01,SYN_TRUCK_005,dumper,BREAKDOWN,0.839,SYNTHETIC
2021-12-27,C,SYN_MINE_01,SYN_TRUCK_006,dumper,BREAKDOWN,2.825,SYNTHETIC
2021-12-27,A,SYN_MINE_01,SYN_TRUCK_008,dumper,PREVENTIVE_MAINTENANCE,7.0,SYNTHETIC
2021-12-27,A,SYN_MINE_01,SYN_TRUCK_013,dumper,BREAKDOWN,3.769,SYNTHETIC
2021-12-27,B,SYN_MINE_01,SYN_TRUCK_016,dumper,BREAKDOWN,6.611,SYNTHETIC
2021-12-27,A,SYN_MINE_01,SYN_TRUCK_018,dumper,BREAKDOWN,2.376,SYNTHETIC
2021-12-28,A,SYN_MINE_01,SYN_TRUCK_006,dumper,BREAKDOWN,4.322,SYNTHETIC
2021-12-29,B,SYN_MINE_01,SYN_DRILL_001,drill,BREAKDOWN,0.868,SYNTHETIC
2021-12-29,A,SYN_MINE_01,SYN_DRILL_002,drill,BREAKDOWN,3.204,SYNTHETIC
2021-12-29,A,SYN_MINE_01,SYN_EXC_002,excavator,BREAKDOWN,6.053,SYNTHETIC
2021-12-29,A,SYN_MINE_01,SYN_TRUCK_002,dumper,BREAKDOWN,4.835,SYNTHETIC
2021-12-29,B,SYN_MINE_01,SYN_TRUCK_003,dumper,BREAKDOWN,4.268,SYNTHETIC
2021-12-29,A,SYN_MINE_01,SYN_TRUCK_012,dumper,BREAKDOWN,1.162,SYNTHETIC
2021-12-29,A,SYN_MINE_01,SYN_TRUCK_013,dumper,BREAKDOWN,1.724,SYNTHETIC
2021-12-29,B,SYN_MINE_01,SYN_TRUCK_013,dumper,BREAKDOWN,5.328,SYNTHETIC
2021-12-29,B,SYN_MINE_01,SYN_TRUCK_016,dumper,BREAKDOWN,0.84,SYNTHETIC
2021-12-29,A,SYN_MINE_01,SYN_TRUCK_017,dumper,BREAKDOWN,0.772,SYNTHETIC
2021-12-30,B,SYN_MINE_01,SYN_EXC_001,excavator,BREAKDOWN,1.799,SYNTHETIC
2021-12-30,C,SYN_MINE_01,SYN_TRUCK_003,dumper,BREAKDOWN,1.139,SYNTHETIC
2021-12-30,B,SYN_MINE_01,SYN_TRUCK_004,dumper,BREAKDOWN,2.634,SYNTHETIC
2021-12-30,A,SYN_MINE_01,SYN_TRUCK_005,dumper,BREAKDOWN,0.454,SYNTHETIC
2021-12-30,B,SYN_MINE_01,SYN_TRUCK_006,dumper,BREAKDOWN,1.137,SYNTHETIC
2021-12-30,C,SYN_MINE_01,SYN_TRUCK_007,dumper,BREAKDOWN,0.015,SYNTHETIC
2021-12-30,A,SYN_MINE_01,SYN_TRUCK_011,dumper,BREAKDOWN,2.286,SYNTHETIC
2021-12-30,A,SYN_MINE_01,SYN_TRUCK_016,dumper,BREAKDOWN,2.465,SYNTHETIC
2021-12-30,A,SYN_MINE_01,SYN_TRUCK_017,dumper,PREVENTIVE_MAINTENANCE,7.0,SYNTHETIC
2021-12-30,C,SYN_MINE_01,SYN_TRUCK_018,dumper,BREAKDOWN,3.362,SYNTHETIC
2021-12-31,B,SYN_MINE_01,SYN_DRILL_001,drill,BREAKDOWN,0.165,SYNTHETIC
2021-12-31,C,SYN_MINE_01,SYN_EXC_002,excavator,BREAKDOWN,5.817,SYNTHETIC
2021-12-31,C,SYN_MINE_01,SYN_TRUCK_002,dumper,BREAKDOWN,0.193,SYNTHETIC
2021-12-31,C,SYN_MINE_01,SYN_TRUCK_003,dumper,BREAKDOWN,3.057,SYNTHETIC
2021-12-31,A,SYN_MINE_01,SYN_TRUCK_005,dumper,BREAKDOWN,2.84,SYNTHETIC
2021-12-31,C,SYN_MINE_01,SYN_TRUCK_005,dumper,BREAKDOWN,3.775,SYNTHETIC
2021-12-31,A,SYN_MINE_01,SYN_TRUCK_011,dumper,BREAKDOWN,4.795,SYNTHETIC
2022-01-01,A,SYN_MINE_01,SYN_TRUCK_001,dumper,BREAKDOWN,4.856,SYNTHETIC
2022-01-01,B,SYN_MINE_01,SYN_TRUCK_003,dumper,BREAKDOWN,2.609,SYNTHETIC
2022-01-01,A,SYN_MINE_01,SYN_TRUCK_004,dumper,PREVENTIVE_MAINTENANCE,5.094,SYNTHETIC
2022-01-01,A,SYN_MINE_01,SYN_TRUCK_006,dumper,PREVENTIVE_MAINTENANCE,6.814,SYNTHETIC
2022-01-01,A,SYN_MINE_01,SYN_TRUCK_007,dumper,PREVENTIVE_MAINTENANCE,5.154,SYNTHETIC
2022-01-01,C,SYN_MINE_01,SYN_TRUCK_010,dumper,BREAKDOWN,2.044,SYNTHETIC
2022-01-01,A,SYN_MINE_01,SYN_TRUCK_016,dumper,PREVENTIVE_MAINTENANCE,6.272,SYNTHETIC
2022-01-01,C,SYN_MINE_01,SYN_TRUCK_017,dumper,BREAKDOWN,1.234,SYNTHETIC
2022-01-02,A,SYN_MINE_01,SYN_DRILL_001,drill,PREVENTIVE_MAINTENANCE,4.329,SYNTHETIC
2022-01-02,C,SYN_MINE_01,SYN_TRUCK_001,dumper,BREAKDOWN,4.838,SYNTHETIC
2022-01-02,A,SYN_MINE_01,SYN_TRUCK_002,dumper,BREAKDOWN,1.839,SYNTHETIC
2022-01-02,B,SYN_MINE_01,SYN_TRUCK_003,dumper,BREAKDOWN,3.861,SYNTHETIC
2022-01-03,C,SYN_MINE_01,SYN_DRILL_001,drill,BREAKDOWN,2.905,SYNTHETIC
2022-01-03,A,SYN_MINE_01,SYN_EXC_002,excavator,PREVENTIVE_MAINTENANCE,7.0,SYNTHETIC
2022-01-03,A,SYN_MINE_01,SYN_TRUCK_003,dumper,PREVENTIVE_MAINTENANCE,5.514,SYNTHETIC
2022-01-03,A,SYN_MINE_01,SYN_TRUCK_010,dumper,BREAKDOWN,3.602,SYNTHETIC
2022-01-03,B,SYN_MINE_01,SYN_TRUCK_018,dumper,BREAKDOWN,2.987,SYNTHETIC
2022-01-04,C,SYN_MINE_01,SYN_DRILL_001,drill,BREAKDOWN,2.756,SYNTHETIC
2022-01-04,B,SYN_MINE_01,SYN_TRUCK_005,dumper,BREAKDOWN,1.581,SYNTHETIC
2022-01-04,B,SYN_MINE_01,SYN_TRUCK_007,dumper,BREAKDOWN,1.501,SYNTHETIC
2022-01-04,A,SYN_MINE_01,SYN_TRUCK_012,dumper,PREVENTIVE_MAINTENANCE,5.142,SYNTHETIC
2022-01-04,A,SYN_MINE_01,SYN_TRUCK_017,dumper,BREAKDOWN,1.629,SYNTHETIC
2022-01-05,A,SYN_MINE_01,SYN_DRILL_001,drill,BREAKDOWN,5.084,SYNTHETIC
2022-01-05,A,SYN_MINE_01,SYN_DRILL_002,drill,PREVENTIVE_MAINTENANCE,4.007,SYNTHETIC
2022-01-05,A,SYN_MINE_01,SYN_TRUCK_010,dumper,PREVENTIVE_MAINTENANCE,4.742,SYNTHETIC
2022-01-05,C,SYN_MINE_01,SYN_TRUCK_013,dumper,BREAKDOWN,4.363,SYNTHETIC
2022-01-06,A,SYN_MINE_01,SYN_EXC_001,excavator,PREVENTIVE_MAINTENANCE,6.268,SYNTHETIC
2022-01-06,B,SYN_MINE_01,SYN_TRUCK_002,dumper,BREAKDOWN,2.041,SYNTHETIC
2022-01-07,B,SYN_MINE_01,SYN_TRUCK_003,dumper,BREAKDOWN,0.68,SYNTHETIC
2022-01-07,B,SYN_MINE_01,SYN_TRUCK_008,dumper,BREAKDOWN,0.867,SYNTHETIC
2022-01-07,A,SYN_MINE_01,SYN_TRUCK_017,dumper,BREAKDOWN,5.249,SYNTHETIC
2022-01-07,C,SYN_MINE_01,SYN_TRUCK_017,dumper,BREAKDOWN,0.526,SYNTHETIC
2022-01-07,B,SYN_MINE_01,SYN_TRUCK_018,dumper,BREAKDOWN,2.377,SYNTHETIC
2022-01-08,C,SYN_MINE_01,SYN_EXC_001,excavator,BREAKDOWN,2.324,SYNTHETIC
2022-01-08,B,SYN_MINE_01,SYN_TRUCK_001,dumper,BREAKDOWN,6.812,SYNTHETIC
2022-01-08,A,SYN_MINE_01,SYN_TRUCK_002,dumper,BREAKDOWN,1.913,SYNTHETIC
2022-01-08,A,SYN_MINE_01,SYN_TRUCK_006,dumper,BREAKDOWN,1.737,SYNTHETIC
2022-01-08,B,SYN_MINE_01,SYN_TRUCK_006,dumper,BREAKDOWN,4.012,SYNTHETIC
2022-01-08,A,SYN_MINE_01,SYN_TRUCK_010,dumper,BREAKDOWN,1.296,SYNTHETIC
2022-01-08,B,SYN_MINE_01,SYN_TRUCK_011,dumper,BREAKDOWN,4.273,SYNTHETIC
2022-01-08,A,SYN_MINE_01,SYN_TRUCK_014,dumper,PREVENTIVE_MAINTENANCE,6.36,SYNTHETIC
2022-01-08,A,SYN_MINE_01,SYN_TRUCK_016,dumper,BREAKDOWN,4.952,SYNTHETIC
2022-01-09,B,SYN_MINE_01,SYN_EXC_002,excavator,BREAKDOWN,2.121,SYNTHETIC
2022-01-09,C,SYN_MINE_01,SYN_TRUCK_001,dumper,BREAKDOWN,4.004,SYNTHETIC
2022-01-09,B,SYN_MINE_01,SYN_TRUCK_004,dumper,BREAKDOWN,5.342,SYNTHETIC
2022-01-09,A,SYN_MINE_01,SYN_TRUCK_005,dumper,BREAKDOWN,1.831,SYNTHETIC
2022-01-09,C,SYN_MINE_01,SYN_TRUCK_005,dumper,BREAKDOWN,5.861,SYNTHETIC
2022-01-09,A,SYN_MINE_01,SYN_TRUCK_007,dumper,BREAKDOWN,3.254,SYNTHETIC
2022-01-09,C,SYN_MINE_01,SYN_TRUCK_009,dumper,BREAKDOWN,0.781,SYNTHETIC
2022-01-09,C,SYN_MINE_01,SYN_TRUCK_016,dumper,BREAKDOWN,4.988,SYNTHETIC
2022-01-10,C,SYN_MINE_01,SYN_TRUCK_001,dumper,BREAKDOWN,1.527,SYNTHETIC
2022-01-10,C,SYN_MINE_01,SYN_TRUCK_002,dumper,BREAKDOWN,2.798,SYNTHETIC
2022-01-10,C,SYN_MINE_01,SYN_TRUCK_004,dumper,BREAKDOWN,3.206,SYNTHETIC
2022-01-10,C,SYN_MINE_01,SYN_TRUCK_006,dumper,BREAKDOWN,5.788,SYNTHETIC
2022-01-10,A,SYN_MINE_01,SYN_TRUCK_016,dumper,BREAKDOWN,5.894,SYNTHETIC
2022-01-10,A,SYN_MINE_01,SYN_TRUCK_017,dumper,BREAKDOWN,0.363,SYNTHETIC
2022-01-11,C,SYN_MINE_01,SYN_DRILL_001,drill,BREAKDOWN,1.817,SYNTHETIC
2022-01-11,B,SYN_MINE_01,SYN_DRILL_002,drill,BREAKDOWN,0.202,SYNTHETIC
2022-01-11,C,SYN_MINE_01,SYN_EXC_001,excavator,BREAKDOWN,5.907,SYNTHETIC
2022-01-11,B,SYN_MINE_01,SYN_TRUCK_004,dumper,BREAKDOWN,5.831,SYNTHETIC
2022-01-11,A,SYN_MINE_01,SYN_TRUCK_005,dumper,PREVENTIVE_MAINTENANCE,7.0,SYNTHETIC
2022-01-11,A,SYN_MINE_01,SYN_TRUCK_011,dumper,PREVENTIVE_MAINTENANCE,7.0,SYNTHETIC
2022-01-11,C,SYN_MINE_01,SYN_TRUCK_012,dumper,BREAKDOWN,0.359,SYNTHETIC
2022-01-11,C,SYN_MINE_01,SYN_TRUCK_013,dumper,BREAKDOWN,2.695,SYNTHETIC
2022-01-12,B,SYN_MINE_01,SYN_DRILL_002,drill,BREAKDOWN,4.223,SYNTHETIC
2022-01-12,B,SYN_MINE_01,SYN_EXC_002,excavator,BREAKDOWN,0.594,SYNTHETIC
2022-01-12,A,SYN_MINE_01,SYN_TRUCK_001,dumper,PREVENTIVE_MAINTENANCE,6.249,SYNTHETIC
2022-01-12,A,SYN_MINE_01,SYN_TRUCK_007,dumper,BREAKDOWN,4.062,SYNTHETIC
2022-01-12,B,SYN_MINE_01,SYN_TRUCK_007,dumper,BREAKDOWN,0.534,SYNTHETIC
2022-01-12,A,SYN_MINE_01,SYN_TRUCK_011,dumper,BREAKDOWN,5.022,SYNTHETIC
2022-01-12,B,SYN_MINE_01,SYN_TRUCK_013,dumper,BREAKDOWN,6.466,SYNTHETIC
2022-01-12,A,SYN_MINE_01,SYN_TRUCK_015,dumper,PREVENTIVE_MAINTENANCE,4.798,SYNTHETIC
2022-01-13,B,SYN_MINE_01,SYN_DRILL_001,drill,BREAKDOWN,4.825,SYNTHETIC
2022-01-13,B,SYN_MINE_01,SYN_TRUCK_007,dumper,BREAKDOWN,2.328,SYNTHETIC
2022-01-13,A,SYN_MINE_01,SYN_TRUCK_009,dumper,PREVENTIVE_MAINTENANCE,7.0,SYNTHETIC
2022-01-13,A,SYN_MINE_01,SYN_TRUCK_014,dumper,BREAKDOWN,0.907,SYNTHETIC
2022-01-13,B,SYN_MINE_01,SYN_TRUCK_015,dumper,BREAKDOWN,1.106,SYNTHETIC
2022-01-13,A,SYN_MINE_01,SYN_TRUCK_018,dumper,PREVENTIVE_MAINTENANCE,7.0,SYNTHETIC
2022-01-14,A,SYN_MINE_01,SYN_DRILL_001,drill,PREVENTIVE_MAINTENANCE,5.661,SYNTHETIC
2022-01-14,A,SYN_MINE_01,SYN_DRILL_002,drill,BREAKDOWN,3.106,SYNTHETIC
2022-01-14,A,SYN_MINE_01,SYN_TRUCK_002,dumper,PREVENTIVE_MAINTENANCE,5.481,SYNTHETIC
2022-01-14,B,SYN_MINE_01,SYN_TRUCK_002,dumper,BREAKDOWN,1.52,SYNTHETIC
2022-01-14,A,SYN_MINE_01,SYN_TRUCK_016,dumper,BREAKDOWN,1.504,SYNTHETIC
2022-01-15,C,SYN_MINE_01,SYN_DRILL_001,drill,BREAKDOWN,1.334,SYNTHETIC
2022-01-15,B,SYN_MINE_01,SYN_TRUCK_001,dumper,BREAKDOWN,3.667,SYNTHETIC
2022-01-15,A,SYN_MINE_01,SYN_TRUCK_007,dumper,BREAKDOWN,5.212,SYNTHETIC
2022-01-15,A,SYN_MINE_01,SYN_TRUCK_013,dumper,PREVENTIVE_MAINTENANCE,6.201,SYNTHETIC
2022-01-15,C,SYN_MINE_01,SYN_TRUCK_016,dumper,BREAKDOWN,3.023,SYNTHETIC
2022-01-16,B,SYN_MINE_01,SYN_EXC_001,excavator,BREAKDOWN,5.269,SYNTHETIC
2022-01-16,B,SYN_MINE_01,SYN_TRUCK_001,dumper,BREAKDOWN,0.143,SYNTHETIC
2022-01-16,B,SYN_MINE_01,SYN_TRUCK_002,dumper,BREAKDOWN,0.606,SYNTHETIC
2022-01-16,C,SYN_MINE_01,SYN_TRUCK_006,dumper,BREAKDOWN,3.88,SYNTHETIC
2022-01-16,A,SYN_MINE_01,SYN_TRUCK_008,dumper,BREAKDOWN,1.757,SYNTHETIC
2022-01-16,C,SYN_MINE_01,SYN_TRUCK_011,dumper,BREAKDOWN,4.346,SYNTHETIC
2022-01-16,B,SYN_MINE_01,SYN_TRUCK_015,dumper,BREAKDOWN,2.571,SYNTHETIC
2022-01-17,A,SYN_MINE_01,SYN_DRILL_001,drill,BREAKDOWN,6.509,SYNTHETIC
2022-01-17,A,SYN_MINE_01,SYN_DRILL_002,drill,PREVENTIVE_MAINTENANCE,5.473,SYNTHETIC
2022-01-17,B,SYN_MINE_01,SYN_EXC_002,excavator,BREAKDOWN,2.038,SYNTHETIC
2022-01-17,C,SYN_MINE_01,SYN_TRUCK_005,dumper,BREAKDOWN,5.23,SYNTHETIC
2022-01-17,C,SYN_MINE_01,SYN_TRUCK_012,dumper,BREAKDOWN,2.101,SYNTHETIC
2022-01-17,B,SYN_MINE_01,SYN_TRUCK_016,dumper,BREAKDOWN,4.586,SYNTHETIC
2022-01-17,B,SYN_MINE_01,SYN_TRUCK_017,dumper,BREAKDOWN,1.586,SYNTHETIC
2022-01-18,A,SYN_MINE_01,SYN_TRUCK_001,dumper,BREAKDOWN,5.34,SYNTHETIC
2022-01-18,C,SYN_MINE_01,SYN_TRUCK_003,dumper,BREAKDOWN,0.394,SYNTHETIC
2022-01-18,A,SYN_MINE_01,SYN_TRUCK_014,dumper,BREAKDOWN,4.693,SYNTHETIC
2022-01-18,C,SYN_MINE_01,SYN_TRUCK_015,dumper,BREAKDOWN,1.466,SYNTHETIC
2022-01-18,C,SYN_MINE_01,SYN_TRUCK_017,dumper,BREAKDOWN,4.215,SYNTHETIC
2022-01-19,C,SYN_MINE_01,SYN_EXC_001,excavator,BREAKDOWN,0.032,SYNTHETIC
2022-01-19,A,SYN_MINE_01,SYN_EXC_002,excavator,PREVENTIVE_MAINTENANCE,7.0,SYNTHETIC
2022-01-19,A,SYN_MINE_01,SYN_TRUCK_002,dumper,BREAKDOWN,3.562,SYNTHETIC
2022-01-19,B,SYN_MINE_01,SYN_TRUCK_003,dumper,BREAKDOWN,0.85,SYNTHETIC
2022-01-19,C,SYN_MINE_01,SYN_TRUCK_006,dumper,BREAKDOWN,0.072,SYNTHETIC
2022-01-19,B,SYN_MINE_01,SYN_TRUCK_007,dumper,BREAKDOWN,1.488,SYNTHETIC
2022-01-19,B,SYN_MINE_01,SYN_TRUCK_017,dumper,BREAKDOWN,5.834,SYNTHETIC
2022-01-20,C,SYN_MINE_01,SYN_DRILL_001,drill,BREAKDOWN,5.056,SYNTHETIC
2022-01-20,A,SYN_MINE_01,SYN_DRILL_002,drill,BREAKDOWN,4.263,SYNTHETIC
2022-01-20,A,SYN_MINE_01,SYN_TRUCK_001,dumper,BREAKDOWN,2.75,SYNTHETIC
2022-01-20,B,SYN_MINE_01,SYN_TRUCK_008,dumper,BREAKDOWN,1.951,SYNTHETIC
2022-01-20,A,SYN_MINE_01,SYN_TRUCK_017,dumper,PREVENTIVE_MAINTENANCE,6.501,SYNTHETIC
2022-01-21,A,SYN_MINE_01,SYN_TRUCK_003,dumper,BREAKDOWN,3.299,SYNTHETIC
2022-01-21,A,SYN_MINE_01,SYN_TRUCK_004,dumper,PREVENTIVE_MAINTENANCE,7.0,SYNTHETIC
2022-01-21,B,SYN_MINE_01,SYN_TRUCK_005,dumper,BREAKDOWN,4.256,SYNTHETIC
2022-01-21,A,SYN_MINE_01,SYN_TRUCK_009,dumper,BREAKDOWN,4.279,SYNTHETIC
2022-01-21,A,SYN_MINE_01,SYN_TRUCK_010,dumper,BREAKDOWN,3.826,SYNTHETIC
2022-01-21,A,SYN_MINE_01,SYN_TRUCK_011,dumper,BREAKDOWN,1.375,SYNTHETIC
2022-01-21,A,SYN_MINE_01,SYN_TRUCK_013,dumper,BREAKDOWN,3.644,SYNTHETIC
2022-01-21,A,SYN_MINE_01,SYN_TRUCK_015,dumper,BREAKDOWN,2.287,SYNTHETIC
2022-01-22,C,SYN_MINE_01,SYN_DRILL_001,drill,BREAKDOWN,2.731,SYNTHETIC
2022-01-22,C,SYN_MINE_01,SYN_EXC_001,excavator,BREAKDOWN,2.85,SYNTHETIC
2022-01-22,B,SYN_MINE_01,SYN_TRUCK_002,dumper,BREAKDOWN,6.32,SYNTHETIC
2022-01-22,C,SYN_MINE_01,SYN_TRUCK_005,dumper,BREAKDOWN,4.435,SYNTHETIC
2022-01-22,A,SYN_MINE_01,SYN_TRUCK_006,dumper,PREVENTIVE_MAINTENANCE,6.655,SYNTHETIC
2022-01-22,A,SYN_MINE_01,SYN_TRUCK_007,dumper,PREVENTIVE_MAINTENANCE,5.635,SYNTHETIC
2022-01-22,A,SYN_MINE_01,SYN_TRUCK_008,dumper,BREAKDOWN,3.739,SYNTHETIC
2022-01-22,A,SYN_MINE_01,SYN_TRUCK_011,dumper,BREAKDOWN,5.128,SYNTHETIC
2022-01-22,B,SYN_MINE_01,SYN_TRUCK_014,dumper,BREAKDOWN,6.868,SYNTHETIC
2022-01-22,A,SYN_MINE_01,SYN_TRUCK_016,dumper,PREVENTIVE_MAINTENANCE,6.273,SYNTHETIC
2022-01-23,A,SYN_MINE_01,SYN_TRUCK_003,dumper,PREVENTIVE_MAINTENANCE,7.0,SYNTHETIC
2022-01-23,B,SYN_MINE_01,SYN_TRUCK_005,dumper,BREAKDOWN,2.161,SYNTHETIC
2022-01-23,A,SYN_MINE_01,SYN_TRUCK_008,dumper,BREAKDOWN,6.618,SYNTHETIC
2022-01-24,A,SYN_MINE_01,SYN_TRUCK_004,dumper,BREAKDOWN,1.651,SYNTHETIC
2022-01-24,C,SYN_MINE_01,SYN_TRUCK_011,dumper,BREAKDOWN,2.078,SYNTHETIC
2022-01-24,A,SYN_MINE_01,SYN_TRUCK_012,dumper,PREVENTIVE_MAINTENANCE,7.0,SYNTHETIC
2022-01-24,A,SYN_MINE_01,SYN_TRUCK_018,dumper,BREAKDOWN,1.306,SYNTHETIC
2022-01-25,A,SYN_MINE_01,SYN_TRUCK_004,dumper,BREAKDOWN,1.933,SYNTHETIC
2022-01-25,C,SYN_MINE_01,SYN_TRUCK_008,dumper,BREAKDOWN,0.042,SYNTHETIC
2022-01-25,A,SYN_MINE_01,SYN_TRUCK_010,dumper,PREVENTIVE_MAINTENANCE,5.772,SYNTHETIC
2022-01-26,B,SYN_MINE_01,SYN_TRUCK_011,dumper,BREAKDOWN,1.093,SYNTHETIC
2022-01-27,B,SYN_MINE_01,SYN_DRILL_001,drill,BREAKDOWN,3.53,SYNTHETIC
2022-01-27,A,SYN_MINE_01,SYN_DRILL_002,drill,BREAKDOWN,5.17,SYNTHETIC
2022-01-27,A,SYN_MINE_01,SYN_EXC_001,excavator,PREVENTIVE_MAINTENANCE,7.0,SYNTHETIC
2022-01-27,C,SYN_MINE_01,SYN_TRUCK_011,dumper,BREAKDOWN,0.242,SYNTHETIC
2022-01-27,C,SYN_MINE_01,SYN_TRUCK_012,dumper,BREAKDOWN,3.436,SYNTHETIC
2022-01-28,A,SYN_MINE_01,SYN_DRILL_001,drill,PREVENTIVE_MAINTENANCE,5.433,SYNTHETIC
2022-01-28,A,SYN_MINE_01,SYN_DRILL_002,drill,BREAKDOWN,5.007,SYNTHETIC
2022-01-28,B,SYN_MINE_01,SYN_TRUCK_001,dumper,BREAKDOWN,0.971,SYNTHETIC
2022-01-28,C,SYN_MINE_01,SYN_TRUCK_002,dumper,BREAKDOWN,0.998,SYNTHETIC
2022-01-28,C,SYN_MINE_01,SYN_TRUCK_004,dumper,BREAKDOWN,0.718,SYNTHETIC
2022-01-28,A,SYN_MINE_01,SYN_TRUCK_014,dumper,PREVENTIVE_MAINTENANCE,6.915,SYNTHETIC
2022-01-28,B,SYN_MINE_01,SYN_TRUCK_014,dumper,BREAKDOWN,1.459,SYNTHETIC
2022-01-28,A,SYN_MINE_01,SYN_TRUCK_018,dumper,BREAKDOWN,2.939,SYNTHETIC
2022-01-28,C,SYN_MINE_01,SYN_TRUCK_018,dumper,BREAKDOWN,1.722,SYNTHETIC
2022-01-29,A,SYN_MINE_01,SYN_DRILL_002,drill,PREVENTIVE_MAINTENANCE,4.491,SYNTHETIC
2022-01-29,B,SYN_MINE_01,SYN_TRUCK_001,dumper,BREAKDOWN,5.178,SYNTHETIC
2022-01-29,B,SYN_MINE_01,SYN_TRUCK_004,dumper,BREAKDOWN,1.71,SYNTHETIC
2022-01-29,B,SYN_MINE_01,SYN_TRUCK_010,dumper,BREAKDOWN,2.853,SYNTHETIC
2022-01-29,B,SYN_MINE_01,SYN_TRUCK_012,dumper,BREAKDOWN,2.794,SYNTHETIC
2022-01-29,A,SYN_MINE_01,SYN_TRUCK_016,dumper,BREAKDOWN,2.617,SYNTHETIC
2022-01-30,ALL,SYN_MINE_01,SITE,site,POWER_OUTAGE,4.47,SYNTHETIC
2022-01-30,B,SYN_MINE_01,SYN_DRILL_002,drill,BREAKDOWN,3.299,SYNTHETIC
2022-01-30,B,SYN_MINE_01,SYN_EXC_001,excavator,BREAKDOWN,5.825,SYNTHETIC
2022-01-30,C,SYN_MINE_01,SYN_TRUCK_001,dumper,BREAKDOWN,0.301,SYNTHETIC
2022-01-30,B,SYN_MINE_01,SYN_TRUCK_006,dumper,BREAKDOWN,0.378,SYNTHETIC
2022-01-31,ALL,SYN_MINE_01,SITE,site,POWER_OUTAGE,2.57,SYNTHETIC
2022-01-31,A,SYN_MINE_01,SYN_TRUCK_005,dumper,PREVENTIVE_MAINTENANCE,6.024,SYNTHETIC
2022-01-31,B,SYN_MINE_01,SYN_TRUCK_012,dumper,BREAKDOWN,2.676,SYNTHETIC
2022-01-31,A,SYN_MINE_01,SYN_TRUCK_016,dumper,BREAKDOWN,4.193,SYNTHETIC
2022-02-01,A,SYN_MINE_01,SYN_TRUCK_009,dumper,PREVENTIVE_MAINTENANCE,6.023,SYNTHETIC
2022-02-01,A,SYN_MINE_01,SYN_TRUCK_017,dumper,BREAKDOWN,4.164,SYNTHETIC
2022-02-02,B,SYN_MINE_01,SYN_TRUCK_002,dumper,BREAKDOWN,4.164,SYNTHETIC
2022-02-02,C,SYN_MINE_01,SYN_TRUCK_003,dumper,BREAKDOWN,2.733,SYNTHETIC
2022-02-02,B,SYN_MINE_01,SYN_TRUCK_008,dumper,BREAKDOWN,6.671,SYNTHETIC
2022-02-02,A,SYN_MINE_01,SYN_TRUCK_011,dumper,PREVENTIVE_MAINTENANCE,5.778,SYNTHETIC
2022-02-02,A,SYN_MINE_01,SYN_TRUCK_013,dumper,BREAKDOWN,3.135,SYNTHETIC
2022-02-02,B,SYN_MINE_01,SYN_TRUCK_017,dumper,BREAKDOWN,1.415,SYNTHETIC
2022-02-02,A,SYN_MINE_01,SYN_TRUCK_018,dumper,PREVENTIVE_MAINTENANCE,4.986,SYNTHETIC
2022-02-03,A,SYN_MINE_01,SYN_TRUCK_015,dumper,PREVENTIVE_MAINTENANCE,7.0,SYNTHETIC
2022-02-04,A,SYN_MINE_01,SYN_EXC_002,excavator,PREVENTIVE_MAINTENANCE,7.0,SYNTHETIC
2022-02-04,A,SYN_MINE_01,SYN_TRUCK_001,dumper,PREVENTIVE_MAINTENANCE,6.652,SYNTHETIC
2022-02-04,A,SYN_MINE_01,SYN_TRUCK_002,dumper,PREVENTIVE_MAINTENANCE,5.971,SYNTHETIC
2022-02-04,C,SYN_MINE_01,SYN_TRUCK_004,dumper,BREAKDOWN,5.165,SYNTHETIC
2022-02-04,C,SYN_MINE_01,SYN_TRUCK_006,dumper,BREAKDOWN,1.846,SYNTHETIC
2022-02-04,C,SYN_MINE_01,SYN_TRUCK_008,dumper,BREAKDOWN,1.481,SYNTHETIC
2022-02-04,A,SYN_MINE_01,SYN_TRUCK_012,dumper,BREAKDOWN,2.824,SYNTHETIC
2022-02-04,A,SYN_MINE_01,SYN_TRUCK_013,dumper,PREVENTIVE_MAINTENANCE,5.706,SYNTHETIC
2022-02-04,B,SYN_MINE_01,SYN_TRUCK_016,dumper,BREAKDOWN,1.658,SYNTHETIC
2022-02-05,A,SYN_MINE_01,SYN_DRILL_001,drill,BREAKDOWN,5.592,SYNTHETIC
2022-02-05,C,SYN_MINE_01,SYN_DRILL_001,drill,BREAKDOWN,3.915,SYNTHETIC
2022-02-05,B,SYN_MINE_01,SYN_EXC_001,excavator,BREAKDOWN,3.447,SYNTHETIC
2022-02-05,B,SYN_MINE_01,SYN_TRUCK_006,dumper,BREAKDOWN,3.817,SYNTHETIC
2022-02-05,C,SYN_MINE_01,SYN_TRUCK_006,dumper,BREAKDOWN,3.227,SYNTHETIC
2022-02-05,C,SYN_MINE_01,SYN_TRUCK_017,dumper,BREAKDOWN,2.936,SYNTHETIC
2022-02-06,C,SYN_MINE_01,SYN_DRILL_001,drill,BREAKDOWN,2.356,SYNTHETIC
2022-02-06,A,SYN_MINE_01,SYN_DRILL_002,drill,BREAKDOWN,1.903,SYNTHETIC
2022-02-06,A,SYN_MINE_01,SYN_TRUCK_012,dumper,BREAKDOWN,1.368,SYNTHETIC
2022-02-06,B,SYN_MINE_01,SYN_TRUCK_012,dumper,BREAKDOWN,3.921,SYNTHETIC
2022-02-06,C,SYN_MINE_01,SYN_TRUCK_014,dumper,BREAKDOWN,5.149,SYNTHETIC
2022-02-06,A,SYN_MINE_01,SYN_TRUCK_018,dumper,BREAKDOWN,1.577,SYNTHETIC
2022-02-07,A,SYN_MINE_01,SYN_DRILL_001,drill,BREAKDOWN,3.375,SYNTHETIC
2022-02-07,A,SYN_MINE_01,SYN_TRUCK_002,dumper,BREAKDOWN,6.082,SYNTHETIC
2022-02-07,A,SYN_MINE_01,SYN_TRUCK_003,dumper,BREAKDOWN,3.065,SYNTHETIC
2022-02-07,A,SYN_MINE_01,SYN_TRUCK_006,dumper,BREAKDOWN,2.528,SYNTHETIC
2022-02-07,B,SYN_MINE_01,SYN_TRUCK_006,dumper,BREAKDOWN,4.137,SYNTHETIC
2022-02-07,A,SYN_MINE_01,SYN_TRUCK_008,dumper,PREVENTIVE_MAINTENANCE,5.902,SYNTHETIC
2022-02-08,C,SYN_MINE_01,SYN_TRUCK_008,dumper,BREAKDOWN,5.854,SYNTHETIC
2022-02-08,B,SYN_MINE_01,SYN_TRUCK_009,dumper,BREAKDOWN,0.895,SYNTHETIC
2022-02-08,B,SYN_MINE_01,SYN_TRUCK_011,dumper,BREAKDOWN,2.444,SYNTHETIC
2022-02-09,A,SYN_MINE_01,SYN_DRILL_001,drill,PREVENTIVE_MAINTENANCE,5.622,SYNTHETIC
2022-02-09,A,SYN_MINE_01,SYN_DRILL_002,drill,PREVENTIVE_MAINTENANCE,5.608,SYNTHETIC
2022-02-09,B,SYN_MINE_01,SYN_EXC_001,excavator,BREAKDOWN,0.604,SYNTHETIC
2022-02-09,C,SYN_MINE_01,SYN_TRUCK_001,dumper,BREAKDOWN,4.109,SYNTHETIC
2022-02-09,B,SYN_MINE_01,SYN_TRUCK_003,dumper,BREAKDOWN,0.82,SYNTHETIC
2022-02-09,B,SYN_MINE_01,SYN_TRUCK_007,dumper,BREAKDOWN,0.184,SYNTHETIC
2022-02-09,B,SYN_MINE_01,SYN_TRUCK_014,dumper,BREAKDOWN,1.228,SYNTHETIC
2022-02-09,A,SYN_MINE_01,SYN_TRUCK_017,dumper,PREVENTIVE_MAINTENANCE,4.695,SYNTHETIC
2022-02-10,A,SYN_MINE_01,SYN_TRUCK_007,dumper,PREVENTIVE_MAINTENANCE,6.222,SYNTHETIC
2022-02-10,B,SYN_MINE_01,SYN_TRUCK_011,dumper,BREAKDOWN,1.632,SYNTHETIC
2022-02-11,A,SYN_MINE_01,SYN_TRUCK_004,dumper,PREVENTIVE_MAINTENANCE,6.523,SYNTHETIC
2022-02-11,A,SYN_MINE_01,SYN_TRUCK_014,dumper,BREAKDOWN,4.385,SYNTHETIC
2022-02-11,A,SYN_MINE_01,SYN_TRUCK_016,dumper,PREVENTIVE_MAINTENANCE,4.034,SYNTHETIC
2022-02-12,B,SYN_MINE_01,SYN_DRILL_002,drill,BREAKDOWN,3.091,SYNTHETIC
2022-02-12,A,SYN_MINE_01,SYN_TRUCK_002,dumper,BREAKDOWN,0.615,SYNTHETIC
2022-02-12,A,SYN_MINE_01,SYN_TRUCK_003,dumper,PREVENTIVE_MAINTENANCE,5.809,SYNTHETIC
2022-02-12,A,SYN_MINE_01,SYN_TRUCK_006,dumper,PREVENTIVE_MAINTENANCE,7.0,SYNTHETIC
2022-02-12,A,SYN_MINE_01,SYN_TRUCK_008,dumper,BREAKDOWN,2.077,SYNTHETIC
2022-02-13,A,SYN_MINE_01,SYN_EXC_001,excavator,PREVENTIVE_MAINTENANCE,7.0,SYNTHETIC
2022-02-13,A,SYN_MINE_01,SYN_TRUCK_010,dumper,PREVENTIVE_MAINTENANCE,7.0,SYNTHETIC
2022-02-13,C,SYN_MINE_01,SYN_TRUCK_011,dumper,BREAKDOWN,5.427,SYNTHETIC
2022-02-13,C,SYN_MINE_01,SYN_TRUCK_012,dumper,BREAKDOWN,3.906,SYNTHETIC
2022-02-13,B,SYN_MINE_01,SYN_TRUCK_013,dumper,BREAKDOWN,3.103,SYNTHETIC
2022-02-13,C,SYN_MINE_01,SYN_TRUCK_015,dumper,BREAKDOWN,0.753,SYNTHETIC
2022-02-13,B,SYN_MINE_01,SYN_TRUCK_017,dumper,BREAKDOWN,3.198,SYNTHETIC
2022-02-14,A,SYN_MINE_01,SYN_DRILL_002,drill,BREAKDOWN,2.44,SYNTHETIC
2022-02-14,A,SYN_MINE_01,SYN_TRUCK_002,dumper,BREAKDOWN,4.239,SYNTHETIC
2022-02-14,B,SYN_MINE_01,SYN_TRUCK_005,dumper,BREAKDOWN,1.924,SYNTHETIC
2022-02-14,B,SYN_MINE_01,SYN_TRUCK_008,dumper,BREAKDOWN,0.386,SYNTHETIC
2022-02-14,A,SYN_MINE_01,SYN_TRUCK_009,dumper,BREAKDOWN,3.938,SYNTHETIC
2022-02-14,C,SYN_MINE_01,SYN_TRUCK_012,dumper,BREAKDOWN,3.378,SYNTHETIC
2022-02-14,C,SYN_MINE_01,SYN_TRUCK_013,dumper,BREAKDOWN,2.873,SYNTHETIC
2022-02-14,B,SYN_MINE_01,SYN_TRUCK_014,dumper,BREAKDOWN,2.24,SYNTHETIC
2022-02-14,B,SYN_MINE_01,SYN_TRUCK_017,dumper,BREAKDOWN,5.912,SYNTHETIC
2022-02-15,ALL,SYN_MINE_01,SITE,site,POWER_OUTAGE,5.82,SYNTHETIC
2022-02-15,C,SYN_MINE_01,SYN_TRUCK_011,dumper,BREAKDOWN,4.621,SYNTHETIC
2022-02-15,C,SYN_MINE_01,SYN_TRUCK_016,dumper,BREAKDOWN,4.319,SYNTHETIC
2022-02-16,B,SYN_MINE_01,SYN_DRILL_001,drill,BREAKDOWN,2.833,SYNTHETIC
2022-02-16,A,SYN_MINE_01,SYN_TRUCK_012,dumper,PREVENTIVE_MAINTENANCE,4.439,SYNTHETIC
2022-02-16,C,SYN_MINE_01,SYN_TRUCK_014,dumper,BREAKDOWN,4.033,SYNTHETIC
2022-02-16,C,SYN_MINE_01,SYN_TRUCK_018,dumper,BREAKDOWN,5.206,SYNTHETIC
2022-02-17,ALL,SYN_MINE_01,SITE,site,POWER_OUTAGE,4.11,SYNTHETIC
2022-02-17,A,SYN_MINE_01,SYN_DRILL_001,drill,BREAKDOWN,5.361,SYNTHETIC
2022-02-17,C,SYN_MINE_01,SYN_DRILL_002,drill,BREAKDOWN,3.47,SYNTHETIC
2022-02-17,A,SYN_MINE_01,SYN_TRUCK_004,dumper,BREAKDOWN,2.62,SYNTHETIC
2022-02-17,C,SYN_MINE_01,SYN_TRUCK_014,dumper,BREAKDOWN,5.747,SYNTHETIC
2022-02-18,A,SYN_MINE_01,SYN_EXC_002,excavator,BREAKDOWN,4.224,SYNTHETIC
2022-02-18,A,SYN_MINE_01,SYN_TRUCK_001,dumper,BREAKDOWN,6.74,SYNTHETIC
2022-02-18,B,SYN_MINE_01,SYN_TRUCK_003,dumper,BREAKDOWN,2.634,SYNTHETIC
2022-02-18,A,SYN_MINE_01,SYN_TRUCK_006,dumper,BREAKDOWN,2.181,SYNTHETIC
2022-02-18,B,SYN_MINE_01,SYN_TRUCK_006,dumper,BREAKDOWN,5.326,SYNTHETIC
2022-02-18,B,SYN_MINE_01,SYN_TRUCK_009,dumper,BREAKDOWN,1.99,SYNTHETIC
2022-02-18,B,SYN_MINE_01,SYN_TRUCK_010,dumper,BREAKDOWN,0.928,SYNTHETIC
2022-02-18,A,SYN_MINE_01,SYN_TRUCK_015,dumper,BREAKDOWN,1.716,SYNTHETIC
2022-02-19,A,SYN_MINE_01,SYN_EXC_002,excavator,BREAKDOWN,4.106,SYNTHETIC
2022-02-19,A,SYN_MINE_01,SYN_TRUCK_003,dumper,BREAKDOWN,4.025,SYNTHETIC
2022-02-19,A,SYN_MINE_01,SYN_TRUCK_009,dumper,BREAKDOWN,1.856,SYNTHETIC
2022-02-20,A,SYN_MINE_01,SYN_TRUCK_001,dumper,BREAKDOWN,1.453,SYNTHETIC
2022-02-20,B,SYN_MINE_01,SYN_TRUCK_003,dumper,BREAKDOWN,2.035,SYNTHETIC
2022-02-20,A,SYN_MINE_01,SYN_TRUCK_005,dumper,PREVENTIVE_MAINTENANCE,4.133,SYNTHETIC
2022-02-20,B,SYN_MINE_01,SYN_TRUCK_007,dumper,BREAKDOWN,2.162,SYNTHETIC
2022-02-20,C,SYN_MINE_01,SYN_TRUCK_007,dumper,BREAKDOWN,3.63,SYNTHETIC
2022-02-20,A,SYN_MINE_01,SYN_TRUCK_014,dumper,PREVENTIVE_MAINTENANCE,7.0,SYNTHETIC
2022-02-21,A,SYN_MINE_01,SYN_DRILL_001,drill,BREAKDOWN,0.997,SYNTHETIC
2022-02-21,A,SYN_MINE_01,SYN_EXC_002,excavator,PREVENTIVE_MAINTENANCE,7.0,SYNTHETIC
2022-02-21,B,SYN_MINE_01,SYN_TRUCK_009,dumper,BREAKDOWN,6.618,SYNTHETIC
2022-02-21,A,SYN_MINE_01,SYN_TRUCK_010,dumper,BREAKDOWN,4.348,SYNTHETIC
2022-02-21,C,SYN_MINE_01,SYN_TRUCK_015,dumper,BREAKDOWN,1.866,SYNTHETIC
2022-02-22,A,SYN_MINE_01,SYN_DRILL_002,drill,PREVENTIVE_MAINTENANCE,4.186,SYNTHETIC
2022-02-22,A,SYN_MINE_01,SYN_TRUCK_004,dumper,BREAKDOWN,4.261,SYNTHETIC
2022-02-22,B,SYN_MINE_01,SYN_TRUCK_012,dumper,BREAKDOWN,4.446,SYNTHETIC
2022-02-22,A,SYN_MINE_01,SYN_TRUCK_018,dumper,PREVENTIVE_MAINTENANCE,6.022,SYNTHETIC
2022-02-23,C,SYN_MINE_01,SYN_EXC_001,excavator,BREAKDOWN,5.035,SYNTHETIC
2022-02-23,B,SYN_MINE_01,SYN_TRUCK_001,dumper,BREAKDOWN,0.194,SYNTHETIC
2022-02-23,A,SYN_MINE_01,SYN_TRUCK_005,dumper,BREAKDOWN,4.521,SYNTHETIC
2022-02-23,A,SYN_MINE_01,SYN_TRUCK_009,dumper,PREVENTIVE_MAINTENANCE,4.473,SYNTHETIC
2022-02-23,A,SYN_MINE_01,SYN_TRUCK_011,dumper,PREVENTIVE_MAINTENANCE,6.394,SYNTHETIC
2022-02-23,A,SYN_MINE_01,SYN_TRUCK_012,dumper,BREAKDOWN,0.854,SYNTHETIC
2022-02-24,B,SYN_MINE_01,SYN_TRUCK_004,dumper,BREAKDOWN,0.489,SYNTHETIC
2022-02-24,B,SYN_MINE_01,SYN_TRUCK_007,dumper,BREAKDOWN,3.055,SYNTHETIC
2022-02-24,B,SYN_MINE_01,SYN_TRUCK_008,dumper,BREAKDOWN,2.325,SYNTHETIC
2022-02-24,A,SYN_MINE_01,SYN_TRUCK_013,dumper,PREVENTIVE_MAINTENANCE,6.385,SYNTHETIC
2022-02-24,A,SYN_MINE_01,SYN_TRUCK_015,dumper,PREVENTIVE_MAINTENANCE,6.287,SYNTHETIC
2022-02-25,A,SYN_MINE_01,SYN_DRILL_001,drill,BREAKDOWN,2.126,SYNTHETIC
2022-02-25,B,SYN_MINE_01,SYN_TRUCK_001,dumper,BREAKDOWN,3.685,SYNTHETIC
2022-02-25,A,SYN_MINE_01,SYN_TRUCK_002,dumper,PREVENTIVE_MAINTENANCE,4.192,SYNTHETIC
2022-02-25,C,SYN_MINE_01,SYN_TRUCK_002,dumper,BREAKDOWN,4.122,SYNTHETIC
2022-02-25,C,SYN_MINE_01,SYN_TRUCK_007,dumper,BREAKDOWN,4.195,SYNTHETIC
2022-02-25,A,SYN_MINE_01,SYN_TRUCK_011,dumper,BREAKDOWN,5.252,SYNTHETIC
2022-02-25,A,SYN_MINE_01,SYN_TRUCK_015,dumper,BREAKDOWN,4.74,SYNTHETIC
2022-02-26,B,SYN_MINE_01,SYN_EXC_001,excavator,BREAKDOWN,4.216,SYNTHETIC
2022-02-26,A,SYN_MINE_01,SYN_TRUCK_001,dumper,PREVENTIVE_MAINTENANCE,4.835,SYNTHETIC
2022-02-26,A,SYN_MINE_01,SYN_TRUCK_003,dumper,BREAKDOWN,0.703,SYNTHETIC
2022-02-26,C,SYN_MINE_01,SYN_TRUCK_007,dumper,BREAKDOWN,2.323,SYNTHETIC
2022-02-26,A,SYN_MINE_01,SYN_TRUCK_008,dumper,BREAKDOWN,2.693,SYNTHETIC
2022-02-26,A,SYN_MINE_01,SYN_TRUCK_009,dumper,BREAKDOWN,0.498,SYNTHETIC
2022-02-26,C,SYN_MINE_01,SYN_TRUCK_013,dumper,BREAKDOWN,2.126,SYNTHETIC
2022-02-26,B,SYN_MINE_01,SYN_TRUCK_017,dumper,BREAKDOWN,4.331,SYNTHETIC
2022-02-27,B,SYN_MINE_01,SYN_DRILL_001,drill,BREAKDOWN,2.339,SYNTHETIC
2022-02-27,A,SYN_MINE_01,SYN_TRUCK_007,dumper,BREAKDOWN,2.167,SYNTHETIC
2022-02-27,A,SYN_MINE_01,SYN_TRUCK_008,dumper,PREVENTIVE_MAINTENANCE,6.054,SYNTHETIC
2022-02-28,B,SYN_MINE_01,SYN_EXC_002,excavator,BREAKDOWN,3.089,SYNTHETIC
2022-02-28,A,SYN_MINE_01,SYN_TRUCK_010,dumper,BREAKDOWN,2.224,SYNTHETIC
2022-03-01,A,SYN_MINE_01,SYN_TRUCK_012,dumper,BREAKDOWN,2.616,SYNTHETIC
2022-03-01,A,SYN_MINE_01,SYN_TRUCK_017,dumper,BREAKDOWN,1.34,SYNTHETIC
2022-03-02,A,SYN_MINE_01,SYN_DRILL_002,drill,BREAKDOWN,6.431,SYNTHETIC
2022-03-02,B,SYN_MINE_01,SYN_TRUCK_003,dumper,BREAKDOWN,5.488,SYNTHETIC
2022-03-02,B,SYN_MINE_01,SYN_TRUCK_006,dumper,BREAKDOWN,0.932,SYNTHETIC
2022-03-02,B,SYN_MINE_01,SYN_TRUCK_010,dumper,BREAKDOWN,2.019,SYNTHETIC
2022-03-02,A,SYN_MINE_01,SYN_TRUCK_016,dumper,PREVENTIVE_MAINTENANCE,7.0,SYNTHETIC
2022-03-03,A,SYN_MINE_01,SYN_EXC_001,excavator,PREVENTIVE_MAINTENANCE,7.0,SYNTHETIC
2022-03-03,A,SYN_MINE_01,SYN_TRUCK_004,dumper,PREVENTIVE_MAINTENANCE,6.967,SYNTHETIC
2022-03-03,B,SYN_MINE_01,SYN_TRUCK_006,dumper,BREAKDOWN,2.615,SYNTHETIC
2022-03-03,C,SYN_MINE_01,SYN_TRUCK_006,dumper,BREAKDOWN,2.213,SYNTHETIC
2022-03-03,A,SYN_MINE_01,SYN_TRUCK_013,dumper,BREAKDOWN,5.185,SYNTHETIC
2022-03-04,B,SYN_MINE_01,SYN_TRUCK_004,dumper,BREAKDOWN,3.812,SYNTHETIC
2022-03-04,B,SYN_MINE_01,SYN_TRUCK_006,dumper,BREAKDOWN,4.851,SYNTHETIC
2022-03-04,A,SYN_MINE_01,SYN_TRUCK_014,dumper,BREAKDOWN,2.186,SYNTHETIC
2022-03-04,A,SYN_MINE_01,SYN_TRUCK_017,dumper,BREAKDOWN,2.564,SYNTHETIC
2022-03-04,B,SYN_MINE_01,SYN_TRUCK_018,dumper,BREAKDOWN,4.265,SYNTHETIC
2022-03-05,A,SYN_MINE_01,SYN_DRILL_001,drill,PREVENTIVE_MAINTENANCE,5.428,SYNTHETIC
2022-03-05,A,SYN_MINE_01,SYN_DRILL_002,drill,PREVENTIVE_MAINTENANCE,4.479,SYNTHETIC
2022-03-05,C,SYN_MINE_01,SYN_DRILL_002,drill,BREAKDOWN,2.378,SYNTHETIC
2022-03-05,B,SYN_MINE_01,SYN_TRUCK_003,dumper,BREAKDOWN,0.272,SYNTHETIC
2022-03-05,A,SYN_MINE_01,SYN_TRUCK_007,dumper,PREVENTIVE_MAINTENANCE,6.984,SYNTHETIC
2022-03-05,A,SYN_MINE_01,SYN_TRUCK_013,dumper,BREAKDOWN,3.133,SYNTHETIC
2022-03-06,C,SYN_MINE_01,SYN_DRILL_001,drill,BREAKDOWN,2.86,SYNTHETIC
2022-03-06,A,SYN_MINE_01,SYN_TRUCK_003,dumper,PREVENTIVE_MAINTENANCE,7.0,SYNTHETIC
2022-03-06,B,SYN_MINE_01,SYN_TRUCK_009,dumper,BREAKDOWN,4.252,SYNTHETIC
2022-03-06,A,SYN_MINE_01,SYN_TRUCK_010,dumper,PREVENTIVE_MAINTENANCE,7.0,SYNTHETIC
2022-03-06,B,SYN_MINE_01,SYN_TRUCK_010,dumper,BREAKDOWN,5.484,SYNTHETIC
2022-03-06,A,SYN_MINE_01,SYN_TRUCK_012,dumper,BREAKDOWN,0.133,SYNTHETIC
2022-03-06,A,SYN_MINE_01,SYN_TRUCK_013,dumper,BREAKDOWN,4.807,SYNTHETIC
2022-03-06,A,SYN_MINE_01,SYN_TRUCK_015,dumper,BREAKDOWN,3.907,SYNTHETIC
2022-03-07,B,SYN_MINE_01,SYN_TRUCK_004,dumper,BREAKDOWN,1.907,SYNTHETIC
2022-03-07,A,SYN_MINE_01,SYN_TRUCK_007,dumper,BREAKDOWN,2.077,SYNTHETIC
2022-03-07,B,SYN_MINE_01,SYN_TRUCK_011,dumper,BREAKDOWN,6.459,SYNTHETIC
2022-03-07,B,SYN_MINE_01,SYN_TRUCK_018,dumper,BREAKDOWN,3.361,SYNTHETIC
2022-03-08,B,SYN_MINE_01,SYN_DRILL_001,drill,BREAKDOWN,1.568,SYNTHETIC
2022-03-08,A,SYN_MINE_01,SYN_TRUCK_004,dumper,BREAKDOWN,6.35,SYNTHETIC
2022-03-08,A,SYN_MINE_01,SYN_TRUCK_005,dumper,BREAKDOWN,4.306,SYNTHETIC
2022-03-08,A,SYN_MINE_01,SYN_TRUCK_007,dumper,BREAKDOWN,1.326,SYNTHETIC
2022-03-08,B,SYN_MINE_01,SYN_TRUCK_011,dumper,BREAKDOWN,1.926,SYNTHETIC
2022-03-08,A,SYN_MINE_01,SYN_TRUCK_012,dumper,PREVENTIVE_MAINTENANCE,6.095,SYNTHETIC
2022-03-09,C,SYN_MINE_01,SYN_TRUCK_009,dumper,BREAKDOWN,2.387,SYNTHETIC
2022-03-10,A,SYN_MINE_01,SYN_TRUCK_006,dumper,PREVENTIVE_MAINTENANCE,7.0,SYNTHETIC
2022-03-11,C,SYN_MINE_01,SYN_DRILL_002,drill,BREAKDOWN,2.098,SYNTHETIC
2022-03-11,A,SYN_MINE_01,SYN_EXC_002,excavator,PREVENTIVE_MAINTENANCE,7.0,SYNTHETIC
2022-03-11,C,SYN_MINE_01,SYN_TRUCK_012,dumper,BREAKDOWN,1.882,SYNTHETIC
2022-03-11,A,SYN_MINE_01,SYN_TRUCK_014,dumper,PREVENTIVE_MAINTENANCE,6.618,SYNTHETIC
2022-03-11,A,SYN_MINE_01,SYN_TRUCK_015,dumper,BREAKDOWN,2.954,SYNTHETIC
2022-03-11,C,SYN_MINE_01,SYN_TRUCK_015,dumper,BREAKDOWN,0.754,SYNTHETIC
2022-03-12,B,SYN_MINE_01,SYN_DRILL_002,drill,BREAKDOWN,4.238,SYNTHETIC
2022-03-12,C,SYN_MINE_01,SYN_EXC_002,excavator,BREAKDOWN,2.331,SYNTHETIC
2022-03-12,A,SYN_MINE_01,SYN_TRUCK_001,dumper,BREAKDOWN,6.116,SYNTHETIC
2022-03-12,A,SYN_MINE_01,SYN_TRUCK_005,dumper,PREVENTIVE_MAINTENANCE,7.0,SYNTHETIC
2022-03-12,C,SYN_MINE_01,SYN_TRUCK_012,dumper,BREAKDOWN,4.615,SYNTHETIC
2022-03-12,B,SYN_MINE_01,SYN_TRUCK_014,dumper,BREAKDOWN,4.543,SYNTHETIC
2022-03-12,B,SYN_MINE_01,SYN_TRUCK_015,dumper,BREAKDOWN,3.296,SYNTHETIC
2022-03-13,A,SYN_MINE_01,SYN_DRILL_001,drill,BREAKDOWN,1.089,SYNTHETIC
2022-03-13,A,SYN_MINE_01,SYN_DRILL_002,drill,BREAKDOWN,2.954,SYNTHETIC
2022-03-13,C,SYN_MINE_01,SYN_TRUCK_001,dumper,BREAKDOWN,1.744,SYNTHETIC
2022-03-13,A,SYN_MINE_01,SYN_TRUCK_009,dumper,BREAKDOWN,4.929,SYNTHETIC
2022-03-14,B,SYN_MINE_01,SYN_DRILL_002,drill,BREAKDOWN,3.404,SYNTHETIC
2022-03-14,C,SYN_MINE_01,SYN_EXC_001,excavator,BREAKDOWN,3.526,SYNTHETIC
2022-03-14,C,SYN_MINE_01,SYN_TRUCK_009,dumper,BREAKDOWN,0.903,SYNTHETIC
2022-03-15,A,SYN_MINE_01,SYN_TRUCK_001,dumper,BREAKDOWN,2.301,SYNTHETIC
2022-03-15,A,SYN_MINE_01,SYN_TRUCK_002,dumper,BREAKDOWN,4.136,SYNTHETIC
2022-03-15,B,SYN_MINE_01,SYN_TRUCK_007,dumper,BREAKDOWN,2.788,SYNTHETIC
2022-03-15,C,SYN_MINE_01,SYN_TRUCK_009,dumper,BREAKDOWN,2.378,SYNTHETIC
2022-03-15,A,SYN_MINE_01,SYN_TRUCK_010,dumper,BREAKDOWN,4.632,SYNTHETIC
2022-03-15,A,SYN_MINE_01,SYN_TRUCK_011,dumper,PREVENTIVE_MAINTENANCE,6.077,SYNTHETIC
2022-03-16,A,SYN_MINE_01,SYN_DRILL_001,drill,BREAKDOWN,6.552,SYNTHETIC
2022-03-16,B,SYN_MINE_01,SYN_EXC_001,excavator,BREAKDOWN,0.173,SYNTHETIC
2022-03-16,A,SYN_MINE_01,SYN_TRUCK_009,dumper,PREVENTIVE_MAINTENANCE,7.0,SYNTHETIC
2022-03-16,A,SYN_MINE_01,SYN_TRUCK_013,dumper,PREVENTIVE_MAINTENANCE,4.584,SYNTHETIC
2022-03-17,A,SYN_MINE_01,SYN_DRILL_001,drill,PREVENTIVE_MAINTENANCE,5.655,SYNTHETIC
2022-03-17,A,SYN_MINE_01,SYN_DRILL_002,drill,PREVENTIVE_MAINTENANCE,4.904,SYNTHETIC
2022-03-17,A,SYN_MINE_01,SYN_TRUCK_002,dumper,PREVENTIVE_MAINTENANCE,6.728,SYNTHETIC
2022-03-17,B,SYN_MINE_01,SYN_TRUCK_011,dumper,BREAKDOWN,2.09,SYNTHETIC
2022-03-17,A,SYN_MINE_01,SYN_TRUCK_015,dumper,PREVENTIVE_MAINTENANCE,7.0,SYNTHETIC
2022-03-17,A,SYN_MINE_01,SYN_TRUCK_016,dumper,BREAKDOWN,2.118,SYNTHETIC
2022-03-17,C,SYN_MINE_01,SYN_TRUCK_017,dumper,BREAKDOWN,0.48,SYNTHETIC
2022-03-18,A,SYN_MINE_01,SYN_EXC_001,excavator,BREAKDOWN,4.116,SYNTHETIC
2022-03-18,A,SYN_MINE_01,SYN_TRUCK_001,dumper,PREVENTIVE_MAINTENANCE,7.0,SYNTHETIC
2022-03-18,C,SYN_MINE_01,SYN_TRUCK_002,dumper,BREAKDOWN,0.446,SYNTHETIC
2022-03-18,C,SYN_MINE_01,SYN_TRUCK_005,dumper,BREAKDOWN,3.872,SYNTHETIC
2022-03-18,C,SYN_MINE_01,SYN_TRUCK_006,dumper,BREAKDOWN,4.424,SYNTHETIC
2022-03-18,A,SYN_MINE_01,SYN_TRUCK_008,dumper,PREVENTIVE_MAINTENANCE,6.999,SYNTHETIC
2022-03-18,A,SYN_MINE_01,SYN_TRUCK_014,dumper,BREAKDOWN,4.593,SYNTHETIC
2022-03-20,A,SYN_MINE_01,SYN_TRUCK_006,dumper,BREAKDOWN,5.683,SYNTHETIC
2022-03-20,B,SYN_MINE_01,SYN_TRUCK_011,dumper,BREAKDOWN,3.009,SYNTHETIC
2022-03-20,A,SYN_MINE_01,SYN_TRUCK_017,dumper,PREVENTIVE_MAINTENANCE,6.403,SYNTHETIC
2022-03-21,B,SYN_MINE_01,SYN_DRILL_001,drill,BREAKDOWN,4.552,SYNTHETIC
2022-03-21,A,SYN_MINE_01,SYN_EXC_001,excavator,PREVENTIVE_MAINTENANCE,7.0,SYNTHETIC
2022-03-21,B,SYN_MINE_01,SYN_TRUCK_014,dumper,BREAKDOWN,4.159,SYNTHETIC
2022-03-21,C,SYN_MINE_01,SYN_TRUCK_015,dumper,BREAKDOWN,2.702,SYNTHETIC
2022-03-21,A,SYN_MINE_01,SYN_TRUCK_016,dumper,PREVENTIVE_MAINTENANCE,4.299,SYNTHETIC
2022-03-22,ALL,SYN_MINE_01,SITE,site,EXPLOSIVE_SUPPLY_EPISODE_START,0.0,SYNTHETIC
2022-03-22,A,SYN_MINE_01,SYN_TRUCK_003,dumper,BREAKDOWN,2.063,SYNTHETIC
2022-03-22,B,SYN_MINE_01,SYN_TRUCK_006,dumper,BREAKDOWN,2.269,SYNTHETIC
2022-03-22,C,SYN_MINE_01,SYN_TRUCK_007,dumper,BREAKDOWN,2.579,SYNTHETIC
2022-03-23,A,SYN_MINE_01,SYN_TRUCK_004,dumper,PREVENTIVE_MAINTENANCE,5.217,SYNTHETIC
2022-03-23,C,SYN_MINE_01,SYN_TRUCK_005,dumper,BREAKDOWN,2.937,SYNTHETIC
2022-03-23,B,SYN_MINE_01,SYN_TRUCK_006,dumper,BREAKDOWN,0.076,SYNTHETIC
2022-03-24,A,SYN_MINE_01,SYN_TRUCK_004,dumper,BREAKDOWN,4.268,SYNTHETIC
2022-03-24,C,SYN_MINE_01,SYN_TRUCK_007,dumper,BREAKDOWN,3.889,SYNTHETIC
2022-03-24,A,SYN_MINE_01,SYN_TRUCK_012,dumper,BREAKDOWN,2.139,SYNTHETIC
2022-03-24,C,SYN_MINE_01,SYN_TRUCK_015,dumper,BREAKDOWN,4.425,SYNTHETIC
2022-03-25,A,SYN_MINE_01,SYN_TRUCK_003,dumper,PREVENTIVE_MAINTENANCE,5.138,SYNTHETIC
2022-03-25,A,SYN_MINE_01,SYN_TRUCK_007,dumper,PREVENTIVE_MAINTENANCE,7.0,SYNTHETIC
2022-03-25,A,SYN_MINE_01,SYN_TRUCK_010,dumper,PREVENTIVE_MAINTENANCE,6.425,SYNTHETIC
2022-03-25,C,SYN_MINE_01,SYN_TRUCK_014,dumper,BREAKDOWN,1.244,SYNTHETIC
2022-03-26,B,SYN_MINE_01,SYN_EXC_002,excavator,BREAKDOWN,2.855,SYNTHETIC
2022-03-26,C,SYN_MINE_01,SYN_TRUCK_012,dumper,BREAKDOWN,1.948,SYNTHETIC
2022-03-26,C,SYN_MINE_01,SYN_TRUCK_016,dumper,BREAKDOWN,0.907,SYNTHETIC
2022-03-27,C,SYN_MINE_01,SYN_EXC_001,excavator,BREAKDOWN,2.868,SYNTHETIC
2022-03-27,A,SYN_MINE_01,SYN_EXC_002,excavator,PREVENTIVE_MAINTENANCE,6.909,SYNTHETIC
2022-03-27,C,SYN_MINE_01,SYN_TRUCK_005,dumper,BREAKDOWN,2.171,SYNTHETIC
2022-03-27,C,SYN_MINE_01,SYN_TRUCK_006,dumper,BREAKDOWN,1.57,SYNTHETIC
2022-03-27,A,SYN_MINE_01,SYN_TRUCK_008,dumper,BREAKDOWN,4.034,SYNTHETIC
2022-03-27,B,SYN_MINE_01,SYN_TRUCK_011,dumper,BREAKDOWN,4.373,SYNTHETIC
2022-03-28,A,SYN_MINE_01,SYN_DRILL_001,drill,PREVENTIVE_MAINTENANCE,4.264,SYNTHETIC
2022-03-28,A,SYN_MINE_01,SYN_DRILL_002,drill,PREVENTIVE_MAINTENANCE,4.838,SYNTHETIC
2022-03-28,B,SYN_MINE_01,SYN_TRUCK_005,dumper,BREAKDOWN,0.696,SYNTHETIC
2022-03-28,C,SYN_MINE_01,SYN_TRUCK_006,dumper,BREAKDOWN,0.595,SYNTHETIC
2022-03-28,A,SYN_MINE_01,SYN_TRUCK_010,dumper,BREAKDOWN,4.761,SYNTHETIC
2022-03-28,A,SYN_MINE_01,SYN_TRUCK_012,dumper,PREVENTIVE_MAINTENANCE,4.864,SYNTHETIC
2022-03-29,C,SYN_MINE_01,SYN_EXC_001,excavator,BREAKDOWN,1.863,SYNTHETIC
2022-03-29,A,SYN_MINE_01,SYN_TRUCK_001,dumper,BREAKDOWN,4.815,SYNTHETIC
2022-03-29,C,SYN_MINE_01,SYN_TRUCK_009,dumper,BREAKDOWN,3.325,SYNTHETIC
2022-03-29,A,SYN_MINE_01,SYN_TRUCK_012,dumper,BREAKDOWN,2.388,SYNTHETIC
2022-03-30,B,SYN_MINE_01,SYN_DRILL_002,drill,BREAKDOWN,2.25,SYNTHETIC
2022-03-30,C,SYN_MINE_01,SYN_TRUCK_004,dumper,BREAKDOWN,1.355,SYNTHETIC
2022-03-30,C,SYN_MINE_01,SYN_TRUCK_013,dumper,BREAKDOWN,4.402,SYNTHETIC
2022-03-31,A,SYN_MINE_01,SYN_EXC_001,excavator,BREAKDOWN,0.976,SYNTHETIC
2022-03-31,C,SYN_MINE_01,SYN_EXC_001,excavator,BREAKDOWN,5.172,SYNTHETIC
2022-03-31,A,SYN_MINE_01,SYN_TRUCK_006,dumper,PREVENTIVE_MAINTENANCE,6.193,SYNTHETIC
2022-03-31,A,SYN_MINE_01,SYN_TRUCK_014,dumper,PREVENTIVE_MAINTENANCE,6.94,SYNTHETIC
2022-04-01,A,SYN_MINE_01,SYN_TRUCK_001,dumper,BREAKDOWN,1.796,SYNTHETIC
2022-04-01,C,SYN_MINE_01,SYN_TRUCK_011,dumper,BREAKDOWN,2.457,SYNTHETIC
2022-04-01,A,SYN_MINE_01,SYN_TRUCK_014,dumper,BREAKDOWN,2.967,SYNTHETIC
2022-04-02,C,SYN_MINE_01,SYN_EXC_001,excavator,BREAKDOWN,1.35,SYNTHETIC
2022-04-02,B,SYN_MINE_01,SYN_TRUCK_004,dumper,BREAKDOWN,4.36,SYNTHETIC
2022-04-02,C,SYN_MINE_01,SYN_TRUCK_010,dumper,BREAKDOWN,0.149,SYNTHETIC
2022-04-02,C,SYN_MINE_01,SYN_TRUCK_011,dumper,BREAKDOWN,0.66,SYNTHETIC
2022-04-02,B,SYN_MINE_01,SYN_TRUCK_015,dumper,BREAKDOWN,1.731,SYNTHETIC
2022-04-03,B,SYN_MINE_01,SYN_EXC_002,excavator,BREAKDOWN,1.042,SYNTHETIC
2022-04-03,A,SYN_MINE_01,SYN_TRUCK_005,dumper,PREVENTIVE_MAINTENANCE,4.818,SYNTHETIC
2022-04-03,C,SYN_MINE_01,SYN_TRUCK_005,dumper,BREAKDOWN,3.221,SYNTHETIC
2022-04-04,C,SYN_MINE_01,SYN_TRUCK_002,dumper,BREAKDOWN,4.221,SYNTHETIC
2022-04-04,A,SYN_MINE_01,SYN_TRUCK_008,dumper,BREAKDOWN,4.173,SYNTHETIC
2022-04-04,A,SYN_MINE_01,SYN_TRUCK_009,dumper,PREVENTIVE_MAINTENANCE,4.472,SYNTHETIC
2022-04-04,C,SYN_MINE_01,SYN_TRUCK_010,dumper,BREAKDOWN,0.073,SYNTHETIC
2022-04-04,A,SYN_MINE_01,SYN_TRUCK_013,dumper,PREVENTIVE_MAINTENANCE,7.0,SYNTHETIC
2022-04-04,C,SYN_MINE_01,SYN_TRUCK_013,dumper,BREAKDOWN,4.91,SYNTHETIC
2022-04-05,A,SYN_MINE_01,SYN_EXC_001,excavator,BREAKDOWN,3.313,SYNTHETIC
2022-04-05,B,SYN_MINE_01,SYN_TRUCK_003,dumper,BREAKDOWN,2.874,SYNTHETIC
2022-04-05,A,SYN_MINE_01,SYN_TRUCK_004,dumper,BREAKDOWN,0.131,SYNTHETIC
2022-04-05,C,SYN_MINE_01,SYN_TRUCK_008,dumper,BREAKDOWN,3.701,SYNTHETIC
2022-04-05,A,SYN_MINE_01,SYN_TRUCK_011,dumper,PREVENTIVE_MAINTENANCE,6.257,SYNTHETIC
2022-04-05,B,SYN_MINE_01,SYN_TRUCK_011,dumper,BREAKDOWN,1.153,SYNTHETIC
2022-04-05,B,SYN_MINE_01,SYN_TRUCK_015,dumper,BREAKDOWN,5.881,SYNTHETIC
2022-04-06,A,SYN_MINE_01,SYN_TRUCK_002,dumper,PREVENTIVE_MAINTENANCE,4.2,SYNTHETIC
2022-04-06,B,SYN_MINE_01,SYN_TRUCK_004,dumper,BREAKDOWN,2.327,SYNTHETIC
2022-04-06,A,SYN_MINE_01,SYN_TRUCK_005,dumper,BREAKDOWN,6.84,SYNTHETIC
2022-04-06,A,SYN_MINE_01,SYN_TRUCK_006,dumper,BREAKDOWN,0.502,SYNTHETIC
2022-04-07,B,SYN_MINE_01,SYN_EXC_002,excavator,BREAKDOWN,2.335,SYNTHETIC
2022-04-07,A,SYN_MINE_01,SYN_TRUCK_001,dumper,PREVENTIVE_MAINTENANCE,5.282,SYNTHETIC
2022-04-07,B,SYN_MINE_01,SYN_TRUCK_007,dumper,BREAKDOWN,5.602,SYNTHETIC
2022-04-07,A,SYN_MINE_01,SYN_TRUCK_008,dumper,PREVENTIVE_MAINTENANCE,5.476,SYNTHETIC
2022-04-07,A,SYN_MINE_01,SYN_TRUCK_015,dumper,PREVENTIVE_MAINTENANCE,7.0,SYNTHETIC
2022-04-08,A,SYN_MINE_01,SYN_DRILL_001,drill,PREVENTIVE_MAINTENANCE,5.799,SYNTHETIC
2022-04-08,A,SYN_MINE_01,SYN_DRILL_002,drill,PREVENTIVE_MAINTENANCE,4.046,SYNTHETIC
2022-04-08,A,SYN_MINE_01,SYN_EXC_001,excavator,PREVENTIVE_MAINTENANCE,7.0,SYNTHETIC
2022-04-08,A,SYN_MINE_01,SYN_TRUCK_008,dumper,BREAKDOWN,1.974,SYNTHETIC
2022-04-08,A,SYN_MINE_01,SYN_TRUCK_017,dumper,PREVENTIVE_MAINTENANCE,5.374,SYNTHETIC
2022-04-09,A,SYN_MINE_01,SYN_DRILL_001,drill,BREAKDOWN,2.558,SYNTHETIC
2022-04-09,B,SYN_MINE_01,SYN_TRUCK_005,dumper,BREAKDOWN,1.672,SYNTHETIC
2022-04-09,C,SYN_MINE_01,SYN_TRUCK_006,dumper,BREAKDOWN,4.397,SYNTHETIC
2022-04-09,A,SYN_MINE_01,SYN_TRUCK_016,dumper,PREVENTIVE_MAINTENANCE,5.394,SYNTHETIC
2022-04-10,A,SYN_MINE_01,SYN_DRILL_001,drill,BREAKDOWN,2.953,SYNTHETIC
2022-04-10,A,SYN_MINE_01,SYN_DRILL_002,drill,BREAKDOWN,1.354,SYNTHETIC
2022-04-10,C,SYN_MINE_01,SYN_DRILL_002,drill,BREAKDOWN,3.634,SYNTHETIC
2022-04-10,C,SYN_MINE_01,SYN_TRUCK_015,dumper,BREAKDOWN,1.169,SYNTHETIC
2022-04-11,C,SYN_MINE_01,SYN_TRUCK_001,dumper,BREAKDOWN,2.889,SYNTHETIC
2022-04-11,A,SYN_MINE_01,SYN_TRUCK_003,dumper,BREAKDOWN,3.374,SYNTHETIC
2022-04-11,A,SYN_MINE_01,SYN_TRUCK_007,dumper,BREAKDOWN,4.725,SYNTHETIC
2022-04-12,ALL,SYN_MINE_01,SITE,site,POWER_OUTAGE,3.21,SYNTHETIC
2022-04-12,A,SYN_MINE_01,SYN_EXC_002,excavator,PREVENTIVE_MAINTENANCE,6.699,SYNTHETIC
2022-04-12,A,SYN_MINE_01,SYN_TRUCK_001,dumper,BREAKDOWN,2.047,SYNTHETIC
2022-04-12,C,SYN_MINE_01,SYN_TRUCK_003,dumper,BREAKDOWN,4.218,SYNTHETIC
2022-04-12,A,SYN_MINE_01,SYN_TRUCK_004,dumper,PREVENTIVE_MAINTENANCE,4.508,SYNTHETIC
2022-04-12,C,SYN_MINE_01,SYN_TRUCK_006,dumper,BREAKDOWN,2.45,SYNTHETIC
2022-04-12,A,SYN_MINE_01,SYN_TRUCK_012,dumper,BREAKDOWN,4.11,SYNTHETIC
2022-04-12,C,SYN_MINE_01,SYN_TRUCK_013,dumper,BREAKDOWN,4.874,SYNTHETIC
2022-04-12,B,SYN_MINE_01,SYN_TRUCK_017,dumper,BREAKDOWN,4.563,SYNTHETIC
2022-04-13,A,SYN_MINE_01,SYN_TRUCK_005,dumper,BREAKDOWN,1.194,SYNTHETIC
2022-04-13,A,SYN_MINE_01,SYN_TRUCK_007,dumper,PREVENTIVE_MAINTENANCE,7.0,SYNTHETIC
2022-04-13,A,SYN_MINE_01,SYN_TRUCK_015,dumper,BREAKDOWN,2.608,SYNTHETIC
2022-04-13,C,SYN_MINE_01,SYN_TRUCK_017,dumper,BREAKDOWN,4.977,SYNTHETIC
2022-04-14,A,SYN_MINE_01,SYN_TRUCK_003,dumper,PREVENTIVE_MAINTENANCE,5.222,SYNTHETIC
2022-04-14,B,SYN_MINE_01,SYN_TRUCK_007,dumper,BREAKDOWN,1.555,SYNTHETIC
2022-04-14,C,SYN_MINE_01,SYN_TRUCK_009,dumper,BREAKDOWN,0.837,SYNTHETIC
2022-04-14,A,SYN_MINE_01,SYN_TRUCK_010,dumper,PREVENTIVE_MAINTENANCE,6.573,SYNTHETIC
2022-04-14,A,SYN_MINE_01,SYN_TRUCK_014,dumper,BREAKDOWN,1.937,SYNTHETIC
2022-04-15,B,SYN_MINE_01,SYN_DRILL_001,drill,BREAKDOWN,0.545,SYNTHETIC
2022-04-15,C,SYN_MINE_01,SYN_TRUCK_006,dumper,BREAKDOWN,0.025,SYNTHETIC
2022-04-15,C,SYN_MINE_01,SYN_TRUCK_012,dumper,BREAKDOWN,0.214,SYNTHETIC
2022-04-16,A,SYN_MINE_01,SYN_TRUCK_009,dumper,BREAKDOWN,5.494,SYNTHETIC
2022-04-16,B,SYN_MINE_01,SYN_TRUCK_009,dumper,BREAKDOWN,6.848,SYNTHETIC
2022-04-16,C,SYN_MINE_01,SYN_TRUCK_013,dumper,BREAKDOWN,2.638,SYNTHETIC
2022-04-17,B,SYN_MINE_01,SYN_TRUCK_004,dumper,BREAKDOWN,6.217,SYNTHETIC
2022-04-17,A,SYN_MINE_01,SYN_TRUCK_011,dumper,BREAKDOWN,1.985,SYNTHETIC
2022-04-17,A,SYN_MINE_01,SYN_TRUCK_012,dumper,PREVENTIVE_MAINTENANCE,7.0,SYNTHETIC
2022-04-18,B,SYN_MINE_01,SYN_TRUCK_004,dumper,BREAKDOWN,0.703,SYNTHETIC
2022-04-18,C,SYN_MINE_01,SYN_TRUCK_008,dumper,BREAKDOWN,1.101,SYNTHETIC
2022-04-19,A,SYN_MINE_01,SYN_DRILL_002,drill,PREVENTIVE_MAINTENANCE,5.675,SYNTHETIC
2022-04-19,B,SYN_MINE_01,SYN_TRUCK_001,dumper,BREAKDOWN,0.703,SYNTHETIC
2022-04-19,A,SYN_MINE_01,SYN_TRUCK_006,dumper,PREVENTIVE_MAINTENANCE,4.89,SYNTHETIC
2022-04-19,B,SYN_MINE_01,SYN_TRUCK_009,dumper,BREAKDOWN,3.639,SYNTHETIC
2022-04-19,A,SYN_MINE_01,SYN_TRUCK_014,dumper,PREVENTIVE_MAINTENANCE,4.567,SYNTHETIC
2022-04-19,B,SYN_MINE_01,SYN_TRUCK_015,dumper,BREAKDOWN,2.783,SYNTHETIC
2022-04-20,A,SYN_MINE_01,SYN_DRILL_001,drill,PREVENTIVE_MAINTENANCE,5.123,SYNTHETIC
2022-04-20,C,SYN_MINE_01,SYN_DRILL_002,drill,BREAKDOWN,4.097,SYNTHETIC
2022-04-20,B,SYN_MINE_01,SYN_TRUCK_002,dumper,BREAKDOWN,1.989,SYNTHETIC
2022-04-20,C,SYN_MINE_01,SYN_TRUCK_002,dumper,BREAKDOWN,4.252,SYNTHETIC
2022-04-20,A,SYN_MINE_01,SYN_TRUCK_003,dumper,BREAKDOWN,1.026,SYNTHETIC
2022-04-20,B,SYN_MINE_01,SYN_TRUCK_005,dumper,BREAKDOWN,1.56,SYNTHETIC
2022-04-20,A,SYN_MINE_01,SYN_TRUCK_016,dumper,BREAKDOWN,2.106,SYNTHETIC
2022-04-21,A,SYN_MINE_01,SYN_DRILL_002,drill,BREAKDOWN,2.999,SYNTHETIC
2022-04-21,B,SYN_MINE_01,SYN_EXC_001,excavator,BREAKDOWN,0.345,SYNTHETIC
2022-04-21,B,SYN_MINE_01,SYN_TRUCK_005,dumper,BREAKDOWN,1.748,SYNTHETIC
2022-04-22,B,SYN_MINE_01,SYN_DRILL_001,drill,BREAKDOWN,3.381,SYNTHETIC
2022-04-22,B,SYN_MINE_01,SYN_TRUCK_002,dumper,BREAKDOWN,3.134,SYNTHETIC
2022-04-22,A,SYN_MINE_01,SYN_TRUCK_005,dumper,BREAKDOWN,2.637,SYNTHETIC
2022-04-22,A,SYN_MINE_01,SYN_TRUCK_012,dumper,BREAKDOWN,0.716,SYNTHETIC
2022-04-22,B,SYN_MINE_01,SYN_TRUCK_015,dumper,BREAKDOWN,1.294,SYNTHETIC
2022-04-23,B,SYN_MINE_01,SYN_TRUCK_003,dumper,BREAKDOWN,0.672,SYNTHETIC
2022-04-23,B,SYN_MINE_01,SYN_TRUCK_010,dumper,BREAKDOWN,1.235,SYNTHETIC
2022-04-23,B,SYN_MINE_01,SYN_TRUCK_013,dumper,BREAKDOWN,2.125,SYNTHETIC
2022-04-24,A,SYN_MINE_01,SYN_EXC_001,excavator,PREVENTIVE_MAINTENANCE,7.0,SYNTHETIC
2022-04-24,B,SYN_MINE_01,SYN_EXC_001,excavator,BREAKDOWN,3.483,SYNTHETIC
2022-04-24,A,SYN_MINE_01,SYN_TRUCK_005,dumper,PREVENTIVE_MAINTENANCE,7.0,SYNTHETIC
2022-04-24,A,SYN_MINE_01,SYN_TRUCK_007,dumper,BREAKDOWN,4.627,SYNTHETIC
2022-04-24,A,SYN_MINE_01,SYN_TRUCK_009,dumper,PREVENTIVE_MAINTENANCE,7.0,SYNTHETIC
2022-04-24,A,SYN_MINE_01,SYN_TRUCK_010,dumper,BREAKDOWN,5.341,SYNTHETIC
2022-04-24,A,SYN_MINE_01,SYN_TRUCK_011,dumper,PREVENTIVE_MAINTENANCE,7.0,SYNTHETIC
2022-04-24,C,SYN_MINE_01,SYN_TRUCK_011,dumper,BREAKDOWN,5.061,SYNTHETIC
2022-04-25,A,SYN_MINE_01,SYN_TRUCK_013,dumper,PREVENTIVE_MAINTENANCE,4.696,SYNTHETIC
2022-04-25,A,SYN_MINE_01,SYN_TRUCK_014,dumper,BREAKDOWN,2.658,SYNTHETIC
2022-04-25,B,SYN_MINE_01,SYN_TRUCK_017,dumper,BREAKDOWN,4.894,SYNTHETIC
2022-04-26,ALL,SYN_MINE_01,SITE,site,POWER_OUTAGE,5.32,SYNTHETIC
2022-04-26,B,SYN_MINE_01,SYN_EXC_001,excavator,BREAKDOWN,3.527,SYNTHETIC
2022-04-26,A,SYN_MINE_01,SYN_TRUCK_002,dumper,PREVENTIVE_MAINTENANCE,4.634,SYNTHETIC
2022-04-26,A,SYN_MINE_01,SYN_TRUCK_003,dumper,BREAKDOWN,1.558,SYNTHETIC
2022-04-26,A,SYN_MINE_01,SYN_TRUCK_006,dumper,BREAKDOWN,0.723,SYNTHETIC
2022-04-26,A,SYN_MINE_01,SYN_TRUCK_008,dumper,PREVENTIVE_MAINTENANCE,4.962,SYNTHETIC
2022-04-26,A,SYN_MINE_01,SYN_TRUCK_009,dumper,BREAKDOWN,4.05,SYNTHETIC
2022-04-26,B,SYN_MINE_01,SYN_TRUCK_015,dumper,BREAKDOWN,1.989,SYNTHETIC
2022-04-27,A,SYN_MINE_01,SYN_TRUCK_001,dumper,PREVENTIVE_MAINTENANCE,7.0,SYNTHETIC
2022-04-27,A,SYN_MINE_01,SYN_TRUCK_004,dumper,BREAKDOWN,1.856,SYNTHETIC
2022-04-27,A,SYN_MINE_01,SYN_TRUCK_015,dumper,BREAKDOWN,0.61,SYNTHETIC
2022-04-28,A,SYN_MINE_01,SYN_EXC_002,excavator,PREVENTIVE_MAINTENANCE,6.053,SYNTHETIC
2022-04-28,A,SYN_MINE_01,SYN_TRUCK_003,dumper,BREAKDOWN,0.449,SYNTHETIC
2022-04-28,A,SYN_MINE_01,SYN_TRUCK_005,dumper,BREAKDOWN,2.914,SYNTHETIC
2022-04-29,A,SYN_MINE_01,SYN_TRUCK_010,dumper,BREAKDOWN,3.191,SYNTHETIC
2022-04-29,B,SYN_MINE_01,SYN_TRUCK_012,dumper,BREAKDOWN,3.391,SYNTHETIC
2022-04-30,A,SYN_MINE_01,SYN_DRILL_001,drill,BREAKDOWN,1.019,SYNTHETIC
2022-04-30,B,SYN_MINE_01,SYN_DRILL_002,drill,BREAKDOWN,1.578,SYNTHETIC
2022-04-30,B,SYN_MINE_01,SYN_TRUCK_014,dumper,BREAKDOWN,2.657,SYNTHETIC
2022-04-30,B,SYN_MINE_01,SYN_TRUCK_015,dumper,BREAKDOWN,1.59,SYNTHETIC
2022-05-01,A,SYN_MINE_01,SYN_DRILL_001,drill,PREVENTIVE_MAINTENANCE,5.537,SYNTHETIC
2022-05-01,B,SYN_MINE_01,SYN_DRILL_001,drill,BREAKDOWN,5.146,SYNTHETIC
2022-05-02,A,SYN_MINE_01,SYN_DRILL_002,drill,PREVENTIVE_MAINTENANCE,4.722,SYNTHETIC
2022-05-02,A,SYN_MINE_01,SYN_TRUCK_004,dumper,PREVENTIVE_MAINTENANCE,6.603,SYNTHETIC
2022-05-02,A,SYN_MINE_01,SYN_TRUCK_008,dumper,BREAKDOWN,0.939,SYNTHETIC
2022-05-03,C,SYN_MINE_01,SYN_EXC_001,excavator,BREAKDOWN,1.224,SYNTHETIC
2022-05-03,A,SYN_MINE_01,SYN_TRUCK_001,dumper,BREAKDOWN,3.287,SYNTHETIC
2022-05-03,C,SYN_MINE_01,SYN_TRUCK_001,dumper,BREAKDOWN,2.09,SYNTHETIC
2022-05-03,A,SYN_MINE_01,SYN_TRUCK_007,dumper,PREVENTIVE_MAINTENANCE,5.363,SYNTHETIC
2022-05-04,B,SYN_MINE_01,SYN_TRUCK_005,dumper,BREAKDOWN,1.796,SYNTHETIC
2022-05-04,A,SYN_MINE_01,SYN_TRUCK_010,dumper,PREVENTIVE_MAINTENANCE,6.852,SYNTHETIC
2022-05-04,B,SYN_MINE_01,SYN_TRUCK_013,dumper,BREAKDOWN,2.507,SYNTHETIC
2022-05-05,A,SYN_MINE_01,SYN_TRUCK_003,dumper,PREVENTIVE_MAINTENANCE,6.043,SYNTHETIC
2022-05-05,C,SYN_MINE_01,SYN_TRUCK_006,dumper,BREAKDOWN,1.481,SYNTHETIC
2022-05-05,B,SYN_MINE_01,SYN_TRUCK_009,dumper,BREAKDOWN,5.398,SYNTHETIC
2022-05-05,C,SYN_MINE_01,SYN_TRUCK_011,dumper,BREAKDOWN,1.32,SYNTHETIC
2022-05-05,B,SYN_MINE_01,SYN_TRUCK_012,dumper,BREAKDOWN,1.302,SYNTHETIC
2022-05-06,C,SYN_MINE_01,SYN_EXC_001,excavator,BREAKDOWN,5.962,SYNTHETIC
2022-05-06,A,SYN_MINE_01,SYN_TRUCK_007,dumper,BREAKDOWN,0.151,SYNTHETIC
2022-05-07,A,SYN_MINE_01,SYN_DRILL_002,drill,BREAKDOWN,0.868,SYNTHETIC
2022-05-07,B,SYN_MINE_01,SYN_TRUCK_009,dumper,BREAKDOWN,1.442,SYNTHETIC
2022-05-07,C,SYN_MINE_01,SYN_TRUCK_011,dumper,BREAKDOWN,1.282,SYNTHETIC
2022-05-07,A,SYN_MINE_01,SYN_TRUCK_012,dumper,PREVENTIVE_MAINTENANCE,6.19,SYNTHETIC
2022-05-07,A,SYN_MINE_01,SYN_TRUCK_014,dumper,BREAKDOWN,1.537,SYNTHETIC
2022-05-07,A,SYN_MINE_01,SYN_TRUCK_015,dumper,BREAKDOWN,0.955,SYNTHETIC
2022-05-08,A,SYN_MINE_01,SYN_DRILL_002,drill,BREAKDOWN,1.995,SYNTHETIC
2022-05-08,A,SYN_MINE_01,SYN_TRUCK_012,dumper,BREAKDOWN,0.324,SYNTHETIC
2022-05-08,A,SYN_MINE_01,SYN_TRUCK_014,dumper,BREAKDOWN,1.762,SYNTHETIC
2022-05-09,A,SYN_MINE_01,SYN_TRUCK_006,dumper,PREVENTIVE_MAINTENANCE,7.0,SYNTHETIC
2022-05-09,B,SYN_MINE_01,SYN_TRUCK_007,dumper,BREAKDOWN,3.36,SYNTHETIC
2022-05-10,B,SYN_MINE_01,SYN_TRUCK_002,dumper,BREAKDOWN,3.316,SYNTHETIC
2022-05-11,B,SYN_MINE_01,SYN_DRILL_002,drill,BREAKDOWN,0.062,SYNTHETIC
2022-05-11,C,SYN_MINE_01,SYN_TRUCK_002,dumper,BREAKDOWN,1.194,SYNTHETIC
2022-05-11,A,SYN_MINE_01,SYN_TRUCK_013,dumper,BREAKDOWN,5.966,SYNTHETIC
2022-05-11,A,SYN_MINE_01,SYN_TRUCK_014,dumper,PREVENTIVE_MAINTENANCE,6.83,SYNTHETIC
2022-05-11,A,SYN_MINE_01,SYN_TRUCK_015,dumper,BREAKDOWN,2.285,SYNTHETIC
2022-05-12,A,SYN_MINE_01,SYN_DRILL_001,drill,PREVENTIVE_MAINTENANCE,5.418,SYNTHETIC
2022-05-12,A,SYN_MINE_01,SYN_TRUCK_014,dumper,BREAKDOWN,0.23,SYNTHETIC
2022-05-12,C,SYN_MINE_01,SYN_TRUCK_015,dumper,BREAKDOWN,5.098,SYNTHETIC
2022-05-13,A,SYN_MINE_01,SYN_DRILL_002,drill,PREVENTIVE_MAINTENANCE,5.765,SYNTHETIC
2022-05-13,B,SYN_MINE_01,SYN_EXC_002,excavator,BREAKDOWN,3.59,SYNTHETIC
2022-05-13,A,SYN_MINE_01,SYN_TRUCK_005,dumper,PREVENTIVE_MAINTENANCE,6.988,SYNTHETIC
2022-05-13,C,SYN_MINE_01,SYN_TRUCK_006,dumper,BREAKDOWN,0.13,SYNTHETIC
2022-05-14,A,SYN_MINE_01,SYN_EXC_001,excavator,PREVENTIVE_MAINTENANCE,6.319,SYNTHETIC
2022-05-14,A,SYN_MINE_01,SYN_TRUCK_009,dumper,PREVENTIVE_MAINTENANCE,6.616,SYNTHETIC
2022-05-14,B,SYN_MINE_01,SYN_TRUCK_010,dumper,BREAKDOWN,3.619,SYNTHETIC
2022-05-14,A,SYN_MINE_01,SYN_TRUCK_014,dumper,BREAKDOWN,4.885,SYNTHETIC
2022-05-15,B,SYN_MINE_01,SYN_DRILL_002,drill,BREAKDOWN,1.957,SYNTHETIC
2022-05-15,A,SYN_MINE_01,SYN_EXC_002,excavator,PREVENTIVE_MAINTENANCE,7.0,SYNTHETIC
2022-05-15,C,SYN_MINE_01,SYN_EXC_002,excavator,BREAKDOWN,4.296,SYNTHETIC
2022-05-15,A,SYN_MINE_01,SYN_TRUCK_002,dumper,PREVENTIVE_MAINTENANCE,6.975,SYNTHETIC
2022-05-15,A,SYN_MINE_01,SYN_TRUCK_007,dumper,BREAKDOWN,3.586,SYNTHETIC
2022-05-15,A,SYN_MINE_01,SYN_TRUCK_008,dumper,PREVENTIVE_MAINTENANCE,4.719,SYNTHETIC
2022-05-15,A,SYN_MINE_01,SYN_TRUCK_011,dumper,PREVENTIVE_MAINTENANCE,6.404,SYNTHETIC
2022-05-15,A,SYN_MINE_01,SYN_TRUCK_013,dumper,PREVENTIVE_MAINTENANCE,5.774,SYNTHETIC
2022-05-16,B,SYN_MINE_01,SYN_EXC_001,excavator,BREAKDOWN,1.16,SYNTHETIC
2022-05-16,A,SYN_MINE_01,SYN_TRUCK_001,dumper,PREVENTIVE_MAINTENANCE,5.611,SYNTHETIC
2022-05-16,C,SYN_MINE_01,SYN_TRUCK_008,dumper,BREAKDOWN,0.192,SYNTHETIC
2022-05-16,A,SYN_MINE_01,SYN_TRUCK_012,dumper,BREAKDOWN,4.829,SYNTHETIC
2022-05-17,B,SYN_MINE_01,SYN_TRUCK_004,dumper,BREAKDOWN,2.618,SYNTHETIC
2022-05-17,B,SYN_MINE_01,SYN_TRUCK_012,dumper,BREAKDOWN,1.729,SYNTHETIC
2022-05-17,A,SYN_MINE_01,SYN_TRUCK_015,dumper,PREVENTIVE_MAINTENANCE,7.0,SYNTHETIC
2022-05-18,B,SYN_MINE_01,SYN_TRUCK_013,dumper,BREAKDOWN,2.65,SYNTHETIC
2022-05-19,B,SYN_MINE_01,SYN_DRILL_001,drill,BREAKDOWN,0.151,SYNTHETIC
2022-05-19,C,SYN_MINE_01,SYN_EXC_001,excavator,BREAKDOWN,0.564,SYNTHETIC
2022-05-19,A,SYN_MINE_01,SYN_TRUCK_006,dumper,BREAKDOWN,3.662,SYNTHETIC
2022-05-19,C,SYN_MINE_01,SYN_TRUCK_007,dumper,BREAKDOWN,2.764,SYNTHETIC
2022-05-19,A,SYN_MINE_01,SYN_TRUCK_016,dumper,PREVENTIVE_MAINTENANCE,7.0,SYNTHETIC
2022-05-19,A,SYN_MINE_01,SYN_TRUCK_017,dumper,PREVENTIVE_MAINTENANCE,7.0,SYNTHETIC
2022-05-20,B,SYN_MINE_01,SYN_TRUCK_009,dumper,BREAKDOWN,2.213,SYNTHETIC
2022-05-20,C,SYN_MINE_01,SYN_TRUCK_013,dumper,BREAKDOWN,1.679,SYNTHETIC
2022-05-20,A,SYN_MINE_01,SYN_TRUCK_017,dumper,BREAKDOWN,2.501,SYNTHETIC
2022-05-21,A,SYN_MINE_01,SYN_TRUCK_002,dumper,BREAKDOWN,3.983,SYNTHETIC
2022-05-21,A,SYN_MINE_01,SYN_TRUCK_004,dumper,PREVENTIVE_MAINTENANCE,7.0,SYNTHETIC
2022-05-21,C,SYN_MINE_01,SYN_TRUCK_005,dumper,BREAKDOWN,1.043,SYNTHETIC
2022-05-21,B,SYN_MINE_01,SYN_TRUCK_014,dumper,BREAKDOWN,0.206,SYNTHETIC
2022-05-21,B,SYN_MINE_01,SYN_TRUCK_015,dumper,BREAKDOWN,3.368,SYNTHETIC
2022-05-22,A,SYN_MINE_01,SYN_DRILL_001,drill,BREAKDOWN,2.185,SYNTHETIC
2022-05-22,C,SYN_MINE_01,SYN_TRUCK_001,dumper,BREAKDOWN,1.829,SYNTHETIC
2022-05-22,B,SYN_MINE_01,SYN_TRUCK_007,dumper,BREAKDOWN,0.923,SYNTHETIC
2022-05-23,A,SYN_MINE_01,SYN_DRILL_001,drill,PREVENTIVE_MAINTENANCE,5.195,SYNTHETIC
2022-05-23,A,SYN_MINE_01,SYN_DRILL_002,drill,BREAKDOWN,4.57,SYNTHETIC
2022-05-23,C,SYN_MINE_01,SYN_TRUCK_001,dumper,BREAKDOWN,4.28,SYNTHETIC
2022-05-23,A,SYN_MINE_01,SYN_TRUCK_010,dumper,PREVENTIVE_MAINTENANCE,4.932,SYNTHETIC
2022-05-23,A,SYN_MINE_01,SYN_TRUCK_018,dumper,PREVENTIVE_MAINTENANCE,4.225,SYNTHETIC
2022-05-24,A,SYN_MINE_01,SYN_DRILL_002,drill,PREVENTIVE_MAINTENANCE,5.166,SYNTHETIC
2022-05-24,B,SYN_MINE_01,SYN_EXC_001,excavator,BREAKDOWN,0.918,SYNTHETIC
2022-05-24,A,SYN_MINE_01,SYN_TRUCK_003,dumper,PREVENTIVE_MAINTENANCE,6.118,SYNTHETIC
2022-05-24,B,SYN_MINE_01,SYN_TRUCK_006,dumper,BREAKDOWN,2.92,SYNTHETIC
2022-05-24,A,SYN_MINE_01,SYN_TRUCK_007,dumper,PREVENTIVE_MAINTENANCE,5.182,SYNTHETIC
2022-05-24,A,SYN_MINE_01,SYN_TRUCK_009,dumper,BREAKDOWN,5.547,SYNTHETIC
2022-05-24,A,SYN_MINE_01,SYN_TRUCK_011,dumper,BREAKDOWN,2.816,SYNTHETIC
2022-05-24,A,SYN_MINE_01,SYN_TRUCK_013,dumper,BREAKDOWN,4.243,SYNTHETIC
2022-05-24,C,SYN_MINE_01,SYN_TRUCK_018,dumper,BREAKDOWN,2.138,SYNTHETIC
2022-05-25,A,SYN_MINE_01,SYN_TRUCK_002,dumper,BREAKDOWN,1.264,SYNTHETIC
2022-05-25,A,SYN_MINE_01,SYN_TRUCK_004,dumper,BREAKDOWN,0.819,SYNTHETIC
2022-05-25,B,SYN_MINE_01,SYN_TRUCK_014,dumper,BREAKDOWN,3.435,SYNTHETIC
2022-05-25,A,SYN_MINE_01,SYN_TRUCK_016,dumper,BREAKDOWN,4.32,SYNTHETIC
2022-05-26,B,SYN_MINE_01,SYN_EXC_001,excavator,BREAKDOWN,1.171,SYNTHETIC
2022-05-26,B,SYN_MINE_01,SYN_TRUCK_003,dumper,BREAKDOWN,5.601,SYNTHETIC
2022-05-26,C,SYN_MINE_01,SYN_TRUCK_013,dumper,BREAKDOWN,1.621,SYNTHETIC
2022-05-27,B,SYN_MINE_01,SYN_EXC_001,excavator,BREAKDOWN,6.826,SYNTHETIC
2022-05-27,A,SYN_MINE_01,SYN_TRUCK_003,dumper,BREAKDOWN,4.559,SYNTHETIC
2022-05-27,A,SYN_MINE_01,SYN_TRUCK_010,dumper,BREAKDOWN,6.749,SYNTHETIC
2022-05-27,A,SYN_MINE_01,SYN_TRUCK_012,dumper,PREVENTIVE_MAINTENANCE,5.82,SYNTHETIC
2022-05-27,B,SYN_MINE_01,SYN_TRUCK_013,dumper,BREAKDOWN,2.207,SYNTHETIC
2022-05-28,ALL,SYN_MINE_01,SITE,site,POWER_OUTAGE,4.26,SYNTHETIC
2022-05-28,C,SYN_MINE_01,SYN_EXC_002,excavator,BREAKDOWN,1.911,SYNTHETIC
2022-05-28,A,SYN_MINE_01,SYN_TRUCK_006,dumper,PREVENTIVE_MAINTENANCE,4.253,SYNTHETIC
2022-05-28,C,SYN_MINE_01,SYN_TRUCK_009,dumper,BREAKDOWN,1.968,SYNTHETIC
2022-05-28,A,SYN_MINE_01,SYN_TRUCK_013,dumper,BREAKDOWN,3.99,SYNTHETIC
2022-05-28,B,SYN_MINE_01,SYN_TRUCK_013,dumper,BREAKDOWN,6.786,SYNTHETIC
2022-05-28,C,SYN_MINE_01,SYN_TRUCK_015,dumper,BREAKDOWN,2.315,SYNTHETIC
2022-05-28,A,SYN_MINE_01,SYN_TRUCK_018,dumper,BREAKDOWN,6.444,SYNTHETIC
2022-05-29,C,SYN_MINE_01,SYN_DRILL_001,drill,BREAKDOWN,1.317,SYNTHETIC
2022-05-29,C,SYN_MINE_01,SYN_EXC_001,excavator,BREAKDOWN,0.165,SYNTHETIC
2022-05-29,B,SYN_MINE_01,SYN_TRUCK_001,dumper,BREAKDOWN,0.121,SYNTHETIC
2022-05-29,C,SYN_MINE_01,SYN_TRUCK_004,dumper,BREAKDOWN,1.472,SYNTHETIC
2022-05-29,C,SYN_MINE_01,SYN_TRUCK_006,dumper,BREAKDOWN,1.853,SYNTHETIC
2022-05-29,C,SYN_MINE_01,SYN_TRUCK_007,dumper,BREAKDOWN,1.458,SYNTHETIC
2022-05-29,A,SYN_MINE_01,SYN_TRUCK_009,dumper,BREAKDOWN,2.433,SYNTHETIC
2022-05-29,B,SYN_MINE_01,SYN_TRUCK_009,dumper,BREAKDOWN,0.287,SYNTHETIC
2022-05-29,C,SYN_MINE_01,SYN_TRUCK_014,dumper,BREAKDOWN,2.089,SYNTHETIC
2022-05-30,B,SYN_MINE_01,SYN_EXC_001,excavator,BREAKDOWN,2.826,SYNTHETIC
2022-05-30,A,SYN_MINE_01,SYN_TRUCK_001,dumper,BREAKDOWN,5.018,SYNTHETIC
2022-05-30,B,SYN_MINE_01,SYN_TRUCK_006,dumper,BREAKDOWN,1.321,SYNTHETIC
2022-05-30,C,SYN_MINE_01,SYN_TRUCK_011,dumper,BREAKDOWN,5.618,SYNTHETIC
2022-05-31,A,SYN_MINE_01,SYN_TRUCK_011,dumper,BREAKDOWN,6.331,SYNTHETIC
2022-05-31,A,SYN_MINE_01,SYN_TRUCK_015,dumper,BREAKDOWN,1.976,SYNTHETIC
2022-06-01,B,SYN_MINE_01,SYN_DRILL_001,drill,BREAKDOWN,3.347,SYNTHETIC
2022-06-01,C,SYN_MINE_01,SYN_EXC_002,excavator,BREAKDOWN,0.727,SYNTHETIC
2022-06-01,C,SYN_MINE_01,SYN_TRUCK_005,dumper,BREAKDOWN,1.91,SYNTHETIC
2022-06-01,C,SYN_MINE_01,SYN_TRUCK_006,dumper,BREAKDOWN,4.83,SYNTHETIC
2022-06-01,A,SYN_MINE_01,SYN_TRUCK_010,dumper,BREAKDOWN,3.481,SYNTHETIC
2022-06-01,A,SYN_MINE_01,SYN_TRUCK_013,dumper,BREAKDOWN,5.062,SYNTHETIC
2022-06-01,C,SYN_MINE_01,SYN_TRUCK_013,dumper,BREAKDOWN,0.165,SYNTHETIC
2022-06-01,A,SYN_MINE_01,SYN_TRUCK_014,dumper,PREVENTIVE_MAINTENANCE,7.0,SYNTHETIC
2022-06-02,A,SYN_MINE_01,SYN_EXC_001,excavator,PREVENTIVE_MAINTENANCE,7.0,SYNTHETIC
2022-06-02,C,SYN_MINE_01,SYN_TRUCK_012,dumper,BREAKDOWN,3.061,SYNTHETIC
2022-06-02,B,SYN_MINE_01,SYN_TRUCK_016,dumper,BREAKDOWN,4.505,SYNTHETIC
2022-06-03,B,SYN_MINE_01,SYN_DRILL_002,drill,BREAKDOWN,2.68,SYNTHETIC
2022-06-03,A,SYN_MINE_01,SYN_TRUCK_002,dumper,PREVENTIVE_MAINTENANCE,6.251,SYNTHETIC
2022-06-03,A,SYN_MINE_01,SYN_TRUCK_005,dumper,PREVENTIVE_MAINTENANCE,6.884,SYNTHETIC
2022-06-03,A,SYN_MINE_01,SYN_TRUCK_008,dumper,PREVENTIVE_MAINTENANCE,4.899,SYNTHETIC
2022-06-03,B,SYN_MINE_01,SYN_TRUCK_014,dumper,BREAKDOWN,3.376,SYNTHETIC
2022-06-03,C,SYN_MINE_01,SYN_TRUCK_016,dumper,BREAKDOWN,1.831,SYNTHETIC
2022-06-03,B,SYN_MINE_01,SYN_TRUCK_018,dumper,BREAKDOWN,2.229,SYNTHETIC
2022-06-04,A,SYN_MINE_01,SYN_DRILL_001,drill,PREVENTIVE_MAINTENANCE,5.417,SYNTHETIC
2022-06-04,C,SYN_MINE_01,SYN_DRILL_002,drill,BREAKDOWN,1.069,SYNTHETIC
2022-06-04,B,SYN_MINE_01,SYN_EXC_002,excavator,BREAKDOWN,0.695,SYNTHETIC
2022-06-04,C,SYN_MINE_01,SYN_TRUCK_001,dumper,BREAKDOWN,3.16,SYNTHETIC
2022-06-04,A,SYN_MINE_01,SYN_TRUCK_009,dumper,PREVENTIVE_MAINTENANCE,5.928,SYNTHETIC
2022-06-04,A,SYN_MINE_01,SYN_TRUCK_010,dumper,BREAKDOWN,4.649,SYNTHETIC
2022-06-04,A,SYN_MINE_01,SYN_TRUCK_011,dumper,PREVENTIVE_MAINTENANCE,7.0,SYNTHETIC
2022-06-04,B,SYN_MINE_01,SYN_TRUCK_015,dumper,BREAKDOWN,3.857,SYNTHETIC
2022-06-04,B,SYN_MINE_01,SYN_TRUCK_017,dumper,BREAKDOWN,4.184,SYNTHETIC
2022-06-05,A,SYN_MINE_01,SYN_TRUCK_001,dumper,PREVENTIVE_MAINTENANCE,4.393,SYNTHETIC
2022-06-05,B,SYN_MINE_01,SYN_TRUCK_003,dumper,BREAKDOWN,0.389,SYNTHETIC
2022-06-05,C,SYN_MINE_01,SYN_TRUCK_015,dumper,BREAKDOWN,2.17,SYNTHETIC
2022-06-05,A,SYN_MINE_01,SYN_TRUCK_018,dumper,BREAKDOWN,0.21,SYNTHETIC
2022-06-06,A,SYN_MINE_01,SYN_DRILL_002,drill,PREVENTIVE_MAINTENANCE,5.724,SYNTHETIC
2022-06-06,A,SYN_MINE_01,SYN_EXC_001,excavator,BREAKDOWN,2.585,SYNTHETIC
2022-06-06,A,SYN_MINE_01,SYN_EXC_002,excavator,PREVENTIVE_MAINTENANCE,6.409,SYNTHETIC
2022-06-06,C,SYN_MINE_01,SYN_TRUCK_002,dumper,BREAKDOWN,2.978,SYNTHETIC
2022-06-06,A,SYN_MINE_01,SYN_TRUCK_004,dumper,BREAKDOWN,2.625,SYNTHETIC
2022-06-06,C,SYN_MINE_01,SYN_TRUCK_005,dumper,BREAKDOWN,0.56,SYNTHETIC
2022-06-06,C,SYN_MINE_01,SYN_TRUCK_010,dumper,BREAKDOWN,5.081,SYNTHETIC
2022-06-06,A,SYN_MINE_01,SYN_TRUCK_013,dumper,PREVENTIVE_MAINTENANCE,7.0,SYNTHETIC
2022-06-06,A,SYN_MINE_01,SYN_TRUCK_015,dumper,PREVENTIVE_MAINTENANCE,4.115,SYNTHETIC
2022-06-07,B,SYN_MINE_01,SYN_DRILL_001,drill,BREAKDOWN,3.395,SYNTHETIC
2022-06-07,B,SYN_MINE_01,SYN_TRUCK_002,dumper,BREAKDOWN,0.321,SYNTHETIC
2022-06-07,A,SYN_MINE_01,SYN_TRUCK_014,dumper,BREAKDOWN,2.19,SYNTHETIC
2022-06-07,B,SYN_MINE_01,SYN_TRUCK_016,dumper,BREAKDOWN,3.91,SYNTHETIC
2022-06-08,C,SYN_MINE_01,SYN_EXC_002,excavator,BREAKDOWN,1.444,SYNTHETIC
2022-06-08,C,SYN_MINE_01,SYN_TRUCK_006,dumper,BREAKDOWN,1.351,SYNTHETIC
2022-06-08,B,SYN_MINE_01,SYN_TRUCK_007,dumper,BREAKDOWN,4.504,SYNTHETIC
2022-06-08,A,SYN_MINE_01,SYN_TRUCK_017,dumper,PREVENTIVE_MAINTENANCE,5.392,SYNTHETIC
2022-06-09,A,SYN_MINE_01,SYN_TRUCK_002,dumper,BREAKDOWN,2.74,SYNTHETIC
2022-06-09,C,SYN_MINE_01,SYN_TRUCK_007,dumper,BREAKDOWN,5.25,SYNTHETIC
2022-06-09,C,SYN_MINE_01,SYN_TRUCK_008,dumper,BREAKDOWN,3.209,SYNTHETIC
2022-06-09,A,SYN_MINE_01,SYN_TRUCK_016,dumper,PREVENTIVE_MAINTENANCE,6.404,SYNTHETIC
2022-06-10,B,SYN_MINE_01,SYN_DRILL_001,drill,BREAKDOWN,0.754,SYNTHETIC
2022-06-10,A,SYN_MINE_01,SYN_TRUCK_004,dumper,PREVENTIVE_MAINTENANCE,6.306,SYNTHETIC
2022-06-10,B,SYN_MINE_01,SYN_TRUCK_008,dumper,BREAKDOWN,1.892,SYNTHETIC
2022-06-10,B,SYN_MINE_01,SYN_TRUCK_012,dumper,BREAKDOWN,5.075,SYNTHETIC
2022-06-11,C,SYN_MINE_01,SYN_EXC_002,excavator,BREAKDOWN,2.696,SYNTHETIC
2022-06-11,B,SYN_MINE_01,SYN_TRUCK_004,dumper,BREAKDOWN,6.301,SYNTHETIC
2022-06-11,A,SYN_MINE_01,SYN_TRUCK_010,dumper,BREAKDOWN,3.587,SYNTHETIC
2022-06-12,C,SYN_MINE_01,SYN_TRUCK_003,dumper,BREAKDOWN,4.036,SYNTHETIC
2022-06-12,A,SYN_MINE_01,SYN_TRUCK_012,dumper,BREAKDOWN,4.372,SYNTHETIC
2022-06-13,ALL,SYN_MINE_01,SITE,site,POWER_OUTAGE,4.7,SYNTHETIC
2022-06-13,B,SYN_MINE_01,SYN_DRILL_001,drill,BREAKDOWN,3.316,SYNTHETIC
2022-06-13,A,SYN_MINE_01,SYN_TRUCK_001,dumper,BREAKDOWN,6.392,SYNTHETIC
2022-06-13,B,SYN_MINE_01,SYN_TRUCK_003,dumper,BREAKDOWN,1.932,SYNTHETIC
2022-06-13,C,SYN_MINE_01,SYN_TRUCK_004,dumper,BREAKDOWN,2.78,SYNTHETIC
2022-06-13,A,SYN_MINE_01,SYN_TRUCK_006,dumper,BREAKDOWN,1.066,SYNTHETIC
2022-06-13,A,SYN_MINE_01,SYN_TRUCK_010,dumper,PREVENTIVE_MAINTENANCE,6.169,SYNTHETIC
2022-06-13,A,SYN_MINE_01,SYN_TRUCK_013,dumper,BREAKDOWN,3.14,SYNTHETIC
2022-06-13,C,SYN_MINE_01,SYN_TRUCK_013,dumper,BREAKDOWN,0.432,SYNTHETIC
2022-06-14,C,SYN_MINE_01,SYN_DRILL_002,drill,BREAKDOWN,4.051,SYNTHETIC
2022-06-14,A,SYN_MINE_01,SYN_TRUCK_003,dumper,PREVENTIVE_MAINTENANCE,7.0,SYNTHETIC
2022-06-14,A,SYN_MINE_01,SYN_TRUCK_007,dumper,PREVENTIVE_MAINTENANCE,7.0,SYNTHETIC
2022-06-14,C,SYN_MINE_01,SYN_TRUCK_008,dumper,BREAKDOWN,4.776,SYNTHETIC
2022-06-14,C,SYN_MINE_01,SYN_TRUCK_014,dumper,BREAKDOWN,4.811,SYNTHETIC
2022-06-15,B,SYN_MINE_01,SYN_EXC_002,excavator,BREAKDOWN,2.328,SYNTHETIC
2022-06-15,A,SYN_MINE_01,SYN_TRUCK_007,dumper,BREAKDOWN,4.528,SYNTHETIC
2022-06-16,A,SYN_MINE_01,SYN_DRILL_001,drill,PREVENTIVE_MAINTENANCE,4.609,SYNTHETIC
2022-06-16,C,SYN_MINE_01,SYN_DRILL_002,drill,BREAKDOWN,2.972,SYNTHETIC
2022-06-16,A,SYN_MINE_01,SYN_TRUCK_002,dumper,BREAKDOWN,4.81,SYNTHETIC
2022-06-16,A,SYN_MINE_01,SYN_TRUCK_008,dumper,BREAKDOWN,0.051,SYNTHETIC
2022-06-16,A,SYN_MINE_01,SYN_TRUCK_012,dumper,PREVENTIVE_MAINTENANCE,5.982,SYNTHETIC
2022-06-16,B,SYN_MINE_01,SYN_TRUCK_015,dumper,BREAKDOWN,1.862,SYNTHETIC
2022-06-17,B,SYN_MINE_01,SYN_TRUCK_004,dumper,BREAKDOWN,6.453,SYNTHETIC
2022-06-17,A,SYN_MINE_01,SYN_TRUCK_006,dumper,PREVENTIVE_MAINTENANCE,5.574,SYNTHETIC
2022-06-17,C,SYN_MINE_01,SYN_TRUCK_008,dumper,BREAKDOWN,1.253,SYNTHETIC
2022-06-17,C,SYN_MINE_01,SYN_TRUCK_009,dumper,BREAKDOWN,0.829,SYNTHETIC
2022-06-18,A,SYN_MINE_01,SYN_DRILL_002,drill,PREVENTIVE_MAINTENANCE,5.461,SYNTHETIC
2022-06-18,B,SYN_MINE_01,SYN_EXC_002,excavator,BREAKDOWN,3.235,SYNTHETIC
2022-06-18,A,SYN_MINE_01,SYN_TRUCK_001,dumper,BREAKDOWN,2.291,SYNTHETIC
2022-06-18,C,SYN_MINE_01,SYN_TRUCK_002,dumper,BREAKDOWN,3.816,SYNTHETIC
2022-06-18,B,SYN_MINE_01,SYN_TRUCK_005,dumper,BREAKDOWN,3.612,SYNTHETIC
2022-06-18,B,SYN_MINE_01,SYN_TRUCK_007,dumper,BREAKDOWN,2.039,SYNTHETIC
2022-06-18,A,SYN_MINE_01,SYN_TRUCK_011,dumper,BREAKDOWN,4.011,SYNTHETIC
2022-06-19,B,SYN_MINE_01,SYN_DRILL_002,drill,BREAKDOWN,4.127,SYNTHETIC
2022-06-19,A,SYN_MINE_01,SYN_EXC_001,excavator,PREVENTIVE_MAINTENANCE,7.0,SYNTHETIC
2022-06-19,C,SYN_MINE_01,SYN_EXC_001,excavator,BREAKDOWN,5.617,SYNTHETIC
2022-06-19,A,SYN_MINE_01,SYN_TRUCK_012,dumper,BREAKDOWN,1.344,SYNTHETIC
2022-06-20,A,SYN_MINE_01,SYN_TRUCK_002,dumper,BREAKDOWN,3.031,SYNTHETIC
2022-06-20,A,SYN_MINE_01,SYN_TRUCK_006,dumper,BREAKDOWN,3.659,SYNTHETIC
2022-06-20,B,SYN_MINE_01,SYN_TRUCK_010,dumper,BREAKDOWN,0.161,SYNTHETIC
2022-06-20,C,SYN_MINE_01,SYN_TRUCK_013,dumper,BREAKDOWN,0.095,SYNTHETIC
2022-06-20,B,SYN_MINE_01,SYN_TRUCK_014,dumper,BREAKDOWN,2.846,SYNTHETIC
2022-06-20,C,SYN_MINE_01,SYN_TRUCK_015,dumper,BREAKDOWN,5.929,SYNTHETIC
2022-06-21,B,SYN_MINE_01,SYN_DRILL_001,drill,BREAKDOWN,1.738,SYNTHETIC
2022-06-21,B,SYN_MINE_01,SYN_TRUCK_002,dumper,BREAKDOWN,2.215,SYNTHETIC
2022-06-21,B,SYN_MINE_01,SYN_TRUCK_004,dumper,BREAKDOWN,2.1,SYNTHETIC
2022-06-21,C,SYN_MINE_01,SYN_TRUCK_009,dumper,BREAKDOWN,1.292,SYNTHETIC
2022-06-21,B,SYN_MINE_01,SYN_TRUCK_011,dumper,BREAKDOWN,3.803,SYNTHETIC
2022-06-21,C,SYN_MINE_01,SYN_TRUCK_013,dumper,BREAKDOWN,2.868,SYNTHETIC
2022-06-21,B,SYN_MINE_01,SYN_TRUCK_015,dumper,BREAKDOWN,0.627,SYNTHETIC
2022-06-22,B,SYN_MINE_01,SYN_DRILL_001,drill,BREAKDOWN,3.143,SYNTHETIC
2022-06-22,A,SYN_MINE_01,SYN_EXC_001,excavator,BREAKDOWN,2.871,SYNTHETIC
2022-06-22,B,SYN_MINE_01,SYN_EXC_002,excavator,BREAKDOWN,5.283,SYNTHETIC
2022-06-22,B,SYN_MINE_01,SYN_TRUCK_001,dumper,BREAKDOWN,3.374,SYNTHETIC
2022-06-22,B,SYN_MINE_01,SYN_TRUCK_004,dumper,BREAKDOWN,2.242,SYNTHETIC
2022-06-22,B,SYN_MINE_01,SYN_TRUCK_005,dumper,BREAKDOWN,3.602,SYNTHETIC
2022-06-22,C,SYN_MINE_01,SYN_TRUCK_006,dumper,BREAKDOWN,3.985,SYNTHETIC
2022-06-22,B,SYN_MINE_01,SYN_TRUCK_008,dumper,BREAKDOWN,1.418,SYNTHETIC
2022-06-22,B,SYN_MINE_01,SYN_TRUCK_011,dumper,BREAKDOWN,3.982,SYNTHETIC
2022-06-22,A,SYN_MINE_01,SYN_TRUCK_014,dumper,PREVENTIVE_MAINTENANCE,7.0,SYNTHETIC
2022-06-23,C,SYN_MINE_01,SYN_EXC_001,excavator,BREAKDOWN,1.221,SYNTHETIC
2022-06-23,A,SYN_MINE_01,SYN_EXC_002,excavator,BREAKDOWN,2.886,SYNTHETIC
2022-06-23,B,SYN_MINE_01,SYN_TRUCK_002,dumper,BREAKDOWN,3.354,SYNTHETIC
2022-06-23,A,SYN_MINE_01,SYN_TRUCK_004,dumper,BREAKDOWN,3.766,SYNTHETIC
2022-06-23,A,SYN_MINE_01,SYN_TRUCK_005,dumper,PREVENTIVE_MAINTENANCE,7.0,SYNTHETIC
2022-06-23,C,SYN_MINE_01,SYN_TRUCK_014,dumper,BREAKDOWN,1.543,SYNTHETIC
2022-06-24,B,SYN_MINE_01,SYN_EXC_001,excavator,BREAKDOWN,2.633,SYNTHETIC
2022-06-24,B,SYN_MINE_01,SYN_EXC_002,excavator,BREAKDOWN,1.647,SYNTHETIC
2022-06-24,B,SYN_MINE_01,SYN_TRUCK_003,dumper,BREAKDOWN,5.792,SYNTHETIC
2022-06-24,A,SYN_MINE_01,SYN_TRUCK_008,dumper,PREVENTIVE_MAINTENANCE,6.633,SYNTHETIC
2022-06-24,A,SYN_MINE_01,SYN_TRUCK_009,dumper,PREVENTIVE_MAINTENANCE,6.702,SYNTHETIC
2022-06-24,C,SYN_MINE_01,SYN_TRUCK_009,dumper,BREAKDOWN,2.41,SYNTHETIC
2022-06-24,A,SYN_MINE_01,SYN_TRUCK_011,dumper,PREVENTIVE_MAINTENANCE,4.303,SYNTHETIC
2022-06-24,B,SYN_MINE_01,SYN_TRUCK_015,dumper,BREAKDOWN,2.192,SYNTHETIC
2022-06-25,C,SYN_MINE_01,SYN_DRILL_001,drill,BREAKDOWN,3.453,SYNTHETIC
2022-06-25,B,SYN_MINE_01,SYN_DRILL_002,drill,BREAKDOWN,3.411,SYNTHETIC
2022-06-25,A,SYN_MINE_01,SYN_TRUCK_001,dumper,PREVENTIVE_MAINTENANCE,7.0,SYNTHETIC
2022-06-25,A,SYN_MINE_01,SYN_TRUCK_002,dumper,PREVENTIVE_MAINTENANCE,6.304,SYNTHETIC
2022-06-25,B,SYN_MINE_01,SYN_TRUCK_014,dumper,BREAKDOWN,4.021,SYNTHETIC
2022-06-25,A,SYN_MINE_01,SYN_TRUCK_015,dumper,BREAKDOWN,4.523,SYNTHETIC
2022-06-26,C,SYN_MINE_01,SYN_DRILL_001,drill,BREAKDOWN,0.254,SYNTHETIC
2022-06-26,A,SYN_MINE_01,SYN_TRUCK_013,dumper,PREVENTIVE_MAINTENANCE,4.135,SYNTHETIC
2022-06-26,B,SYN_MINE_01,SYN_TRUCK_013,dumper,BREAKDOWN,1.473,SYNTHETIC
2022-06-27,A,SYN_MINE_01,SYN_DRILL_002,drill,BREAKDOWN,2.975,SYNTHETIC
2022-06-27,A,SYN_MINE_01,SYN_EXC_002,excavator,PREVENTIVE_MAINTENANCE,6.557,SYNTHETIC
2022-06-27,A,SYN_MINE_01,SYN_TRUCK_007,dumper,BREAKDOWN,5.101,SYNTHETIC
2022-06-27,B,SYN_MINE_01,SYN_TRUCK_010,dumper,BREAKDOWN,3.918,SYNTHETIC
2022-06-27,A,SYN_MINE_01,SYN_TRUCK_015,dumper,PREVENTIVE_MAINTENANCE,4.784,SYNTHETIC
2022-06-28,A,SYN_MINE_01,SYN_DRILL_001,drill,PREVENTIVE_MAINTENANCE,5.607,SYNTHETIC
2022-06-28,C,SYN_MINE_01,SYN_DRILL_002,drill,BREAKDOWN,4.582,SYNTHETIC
2022-06-28,B,SYN_MINE_01,SYN_TRUCK_004,dumper,BREAKDOWN,3.429,SYNTHETIC
2022-06-28,B,SYN_MINE_01,SYN_TRUCK_006,dumper,BREAKDOWN,0.774,SYNTHETIC
2022-06-28,C,SYN_MINE_01,SYN_TRUCK_013,dumper,BREAKDOWN,1.671,SYNTHETIC
2022-06-29,A,SYN_MINE_01,SYN_TRUCK_005,dumper,BREAKDOWN,0.644,SYNTHETIC
2022-06-29,A,SYN_MINE_01,SYN_TRUCK_006,dumper,BREAKDOWN,5.531,SYNTHETIC
2022-06-29,A,SYN_MINE_01,SYN_TRUCK_008,dumper,BREAKDOWN,4.918,SYNTHETIC
2022-06-29,C,SYN_MINE_01,SYN_TRUCK_010,dumper,BREAKDOWN,2.877,SYNTHETIC
2022-06-29,B,SYN_MINE_01,SYN_TRUCK_012,dumper,BREAKDOWN,5.182,SYNTHETIC
2022-06-29,A,SYN_MINE_01,SYN_TRUCK_014,dumper,BREAKDOWN,0.046,SYNTHETIC
2022-06-30,A,SYN_MINE_01,SYN_TRUCK_002,dumper,BREAKDOWN,0.21,SYNTHETIC
2022-06-30,A,SYN_MINE_01,SYN_TRUCK_009,dumper,BREAKDOWN,0.092,SYNTHETIC
2022-06-30,A,SYN_MINE_01,SYN_TRUCK_010,dumper,BREAKDOWN,3.89,SYNTHETIC
2022-06-30,C,SYN_MINE_01,SYN_TRUCK_015,dumper,BREAKDOWN,1.606,SYNTHETIC
2022-07-01,A,SYN_MINE_01,SYN_DRILL_002,drill,PREVENTIVE_MAINTENANCE,4.855,SYNTHETIC
2022-07-01,B,SYN_MINE_01,SYN_TRUCK_003,dumper,BREAKDOWN,3.365,SYNTHETIC
2022-07-01,C,SYN_MINE_01,SYN_TRUCK_003,dumper,BREAKDOWN,4.682,SYNTHETIC
2022-07-02,C,SYN_MINE_01,SYN_TRUCK_001,dumper,BREAKDOWN,2.583,SYNTHETIC
2022-07-02,C,SYN_MINE_01,SYN_TRUCK_003,dumper,BREAKDOWN,0.343,SYNTHETIC
2022-07-02,B,SYN_MINE_01,SYN_TRUCK_009,dumper,BREAKDOWN,3.467,SYNTHETIC
2022-07-02,C,SYN_MINE_01,SYN_TRUCK_011,dumper,BREAKDOWN,4.333,SYNTHETIC
2022-07-03,B,SYN_MINE_01,SYN_DRILL_001,drill,BREAKDOWN,1.331,SYNTHETIC
2022-07-03,B,SYN_MINE_01,SYN_TRUCK_002,dumper,BREAKDOWN,3.519,SYNTHETIC
2022-07-03,C,SYN_MINE_01,SYN_TRUCK_003,dumper,BREAKDOWN,4.638,SYNTHETIC
2022-07-03,A,SYN_MINE_01,SYN_TRUCK_004,dumper,PREVENTIVE_MAINTENANCE,4.853,SYNTHETIC
2022-07-03,C,SYN_MINE_01,SYN_TRUCK_004,dumper,BREAKDOWN,0.733,SYNTHETIC
2022-07-04,C,SYN_MINE_01,SYN_DRILL_001,drill,BREAKDOWN,2.086,SYNTHETIC
2022-07-04,B,SYN_MINE_01,SYN_TRUCK_001,dumper,BREAKDOWN,2.835,SYNTHETIC
2022-07-04,B,SYN_MINE_01,SYN_TRUCK_006,dumper,BREAKDOWN,4.916,SYNTHETIC
2022-07-04,C,SYN_MINE_01,SYN_TRUCK_006,dumper,BREAKDOWN,3.239,SYNTHETIC
2022-07-04,A,SYN_MINE_01,SYN_TRUCK_007,dumper,PREVENTIVE_MAINTENANCE,5.922,SYNTHETIC
2022-07-04,A,SYN_MINE_01,SYN_TRUCK_010,dumper,PREVENTIVE_MAINTENANCE,7.0,SYNTHETIC
2022-07-04,A,SYN_MINE_01,SYN_TRUCK_012,dumper,BREAKDOWN,4.234,SYNTHETIC
2022-07-04,C,SYN_MINE_01,SYN_TRUCK_013,dumper,BREAKDOWN,0.305,SYNTHETIC
2022-07-05,B,SYN_MINE_01,SYN_DRILL_001,drill,BREAKDOWN,3.542,SYNTHETIC
2022-07-05,A,SYN_MINE_01,SYN_TRUCK_003,dumper,PREVENTIVE_MAINTENANCE,6.868,SYNTHETIC
2022-07-05,B,SYN_MINE_01,SYN_TRUCK_006,dumper,BREAKDOWN,1.757,SYNTHETIC
2022-07-05,A,SYN_MINE_01,SYN_TRUCK_011,dumper,BREAKDOWN,0.712,SYNTHETIC
2022-07-06,C,SYN_MINE_01,SYN_TRUCK_003,dumper,BREAKDOWN,2.454,SYNTHETIC
2022-07-06,A,SYN_MINE_01,SYN_TRUCK_005,dumper,BREAKDOWN,2.037,SYNTHETIC
2022-07-06,A,SYN_MINE_01,SYN_TRUCK_006,dumper,BREAKDOWN,5.948,SYNTHETIC
2022-07-07,B,SYN_MINE_01,SYN_DRILL_002,drill,BREAKDOWN,2.177,SYNTHETIC
2022-07-07,A,SYN_MINE_01,SYN_EXC_001,excavator,PREVENTIVE_MAINTENANCE,6.1,SYNTHETIC
2022-07-07,A,SYN_MINE_01,SYN_TRUCK_001,dumper,BREAKDOWN,4.597,SYNTHETIC
2022-07-07,B,SYN_MINE_01,SYN_TRUCK_005,dumper,BREAKDOWN,3.501,SYNTHETIC
2022-07-07,A,SYN_MINE_01,SYN_TRUCK_008,dumper,BREAKDOWN,3.305,SYNTHETIC
2022-07-07,A,SYN_MINE_01,SYN_TRUCK_012,dumper,PREVENTIVE_MAINTENANCE,6.425,SYNTHETIC
2022-07-07,B,SYN_MINE_01,SYN_TRUCK_014,dumper,BREAKDOWN,6.568,SYNTHETIC
2022-07-08,A,SYN_MINE_01,SYN_DRILL_001,drill,BREAKDOWN,5.254,SYNTHETIC
2022-07-08,C,SYN_MINE_01,SYN_DRILL_001,drill,BREAKDOWN,5.007,SYNTHETIC
2022-07-08,B,SYN_MINE_01,SYN_DRILL_002,drill,BREAKDOWN,0.529,SYNTHETIC
2022-07-08,B,SYN_MINE_01,SYN_TRUCK_005,dumper,BREAKDOWN,5.402,SYNTHETIC
2022-07-08,A,SYN_MINE_01,SYN_TRUCK_006,dumper,PREVENTIVE_MAINTENANCE,7.0,SYNTHETIC
2022-07-08,A,SYN_MINE_01,SYN_TRUCK_011,dumper,BREAKDOWN,0.818,SYNTHETIC
2022-07-09,B,SYN_MINE_01,SYN_DRILL_001,drill,BREAKDOWN,4.081,SYNTHETIC
2022-07-09,A,SYN_MINE_01,SYN_EXC_002,excavator,BREAKDOWN,2.788,SYNTHETIC
2022-07-09,A,SYN_MINE_01,SYN_TRUCK_002,dumper,BREAKDOWN,6.363,SYNTHETIC
2022-07-09,B,SYN_MINE_01,SYN_TRUCK_005,dumper,BREAKDOWN,0.205,SYNTHETIC
2022-07-09,A,SYN_MINE_01,SYN_TRUCK_008,dumper,BREAKDOWN,1.12,SYNTHETIC
2022-07-09,A,SYN_MINE_01,SYN_TRUCK_013,dumper,BREAKDOWN,5.515,SYNTHETIC
2022-07-09,B,SYN_MINE_01,SYN_TRUCK_013,dumper,BREAKDOWN,0.839,SYNTHETIC
2022-07-09,B,SYN_MINE_01,SYN_TRUCK_014,dumper,BREAKDOWN,3.086,SYNTHETIC
2022-07-10,C,SYN_MINE_01,SYN_DRILL_002,drill,BREAKDOWN,2.28,SYNTHETIC
2022-07-10,B,SYN_MINE_01,SYN_EXC_002,excavator,BREAKDOWN,1.675,SYNTHETIC
2022-07-10,A,SYN_MINE_01,SYN_TRUCK_002,dumper,BREAKDOWN,3.356,SYNTHETIC
2022-07-10,B,SYN_MINE_01,SYN_TRUCK_012,dumper,BREAKDOWN,5.909,SYNTHETIC
2022-07-11,A,SYN_MINE_01,SYN_DRILL_001,drill,PREVENTIVE_MAINTENANCE,5.344,SYNTHETIC
2022-07-11,C,SYN_MINE_01,SYN_TRUCK_001,dumper,BREAKDOWN,1.745,SYNTHETIC
2022-07-11,A,SYN_MINE_01,SYN_TRUCK_007,dumper,BREAKDOWN,0.636,SYNTHETIC
2022-07-11,C,SYN_MINE_01,SYN_TRUCK_009,dumper,BREAKDOWN,3.201,SYNTHETIC
2022-07-11,C,SYN_MINE_01,SYN_TRUCK_012,dumper,BREAKDOWN,2.21,SYNTHETIC
2022-07-12,A,SYN_MINE_01,SYN_DRILL_002,drill,BREAKDOWN,4.523,SYNTHETIC
2022-07-13,ALL,SYN_MINE_01,SITE,site,WEATHER_SITE_STOPPAGE,6.24,SYNTHETIC
2022-07-13,A,SYN_MINE_01,SYN_DRILL_002,drill,PREVENTIVE_MAINTENANCE,4.269,SYNTHETIC
2022-07-13,A,SYN_MINE_01,SYN_EXC_002,excavator,PREVENTIVE_MAINTENANCE,7.0,SYNTHETIC
2022-07-13,B,SYN_MINE_01,SYN_TRUCK_002,dumper,BREAKDOWN,0.704,SYNTHETIC
2022-07-13,C,SYN_MINE_01,SYN_TRUCK_003,dumper,BREAKDOWN,2.656,SYNTHETIC
2022-07-13,A,SYN_MINE_01,SYN_TRUCK_004,dumper,BREAKDOWN,1.135,SYNTHETIC
2022-07-13,C,SYN_MINE_01,SYN_TRUCK_005,dumper,BREAKDOWN,5.282,SYNTHETIC
2022-07-13,C,SYN_MINE_01,SYN_TRUCK_009,dumper,BREAKDOWN,5.421,SYNTHETIC
2022-07-14,C,SYN_MINE_01,SYN_DRILL_001,drill,BREAKDOWN,1.373,SYNTHETIC
2022-07-14,A,SYN_MINE_01,SYN_TRUCK_008,dumper,PREVENTIVE_MAINTENANCE,5.06,SYNTHETIC
2022-07-14,A,SYN_MINE_01,SYN_TRUCK_011,dumper,PREVENTIVE_MAINTENANCE,4.674,SYNTHETIC
2022-07-14,A,SYN_MINE_01,SYN_TRUCK_013,dumper,BREAKDOWN,4.547,SYNTHETIC
2022-07-14,A,SYN_MINE_01,SYN_TRUCK_014,dumper,PREVENTIVE_MAINTENANCE,4.362,SYNTHETIC
2022-07-15,C,SYN_MINE_01,SYN_DRILL_001,drill,BREAKDOWN,0.846,SYNTHETIC
2022-07-15,A,SYN_MINE_01,SYN_DRILL_002,drill,BREAKDOWN,2.749,SYNTHETIC
2022-07-15,A,SYN_MINE_01,SYN_TRUCK_002,dumper,BREAKDOWN,0.458,SYNTHETIC
2022-07-15,B,SYN_MINE_01,SYN_TRUCK_004,dumper,BREAKDOWN,2.197,SYNTHETIC
2022-07-15,A,SYN_MINE_01,SYN_TRUCK_005,dumper,PREVENTIVE_MAINTENANCE,6.416,SYNTHETIC
2022-07-15,A,SYN_MINE_01,SYN_TRUCK_009,dumper,PREVENTIVE_MAINTENANCE,5.482,SYNTHETIC
2022-07-16,A,SYN_MINE_01,SYN_TRUCK_001,dumper,PREVENTIVE_MAINTENANCE,5.722,SYNTHETIC
2022-07-16,C,SYN_MINE_01,SYN_TRUCK_004,dumper,BREAKDOWN,5.116,SYNTHETIC
2022-07-16,A,SYN_MINE_01,SYN_TRUCK_012,dumper,BREAKDOWN,3.256,SYNTHETIC
2022-07-17,B,SYN_MINE_01,SYN_DRILL_002,drill,BREAKDOWN,1.654,SYNTHETIC
2022-07-17,A,SYN_MINE_01,SYN_TRUCK_002,dumper,PREVENTIVE_MAINTENANCE,6.821,SYNTHETIC
2022-07-17,C,SYN_MINE_01,SYN_TRUCK_003,dumper,BREAKDOWN,1.064,SYNTHETIC
2022-07-17,A,SYN_MINE_01,SYN_TRUCK_006,dumper,BREAKDOWN,2.197,SYNTHETIC
2022-07-17,A,SYN_MINE_01,SYN_TRUCK_013,dumper,PREVENTIVE_MAINTENANCE,7.0,SYNTHETIC
2022-07-17,A,SYN_MINE_01,SYN_TRUCK_015,dumper,PREVENTIVE_MAINTENANCE,7.0,SYNTHETIC
2022-07-18,ALL,SYN_MINE_01,SITE,site,WEATHER_SITE_STOPPAGE,7.79,SYNTHETIC
2022-07-18,A,SYN_MINE_01,SYN_EXC_001,excavator,BREAKDOWN,3.476,SYNTHETIC
2022-07-18,B,SYN_MINE_01,SYN_EXC_001,excavator,BREAKDOWN,4.496,SYNTHETIC
2022-07-18,C,SYN_MINE_01,SYN_TRUCK_004,dumper,BREAKDOWN,0.261,SYNTHETIC
2022-07-18,A,SYN_MINE_01,SYN_TRUCK_006,dumper,BREAKDOWN,1.175,SYNTHETIC
2022-07-19,A,SYN_MINE_01,SYN_DRILL_002,drill,BREAKDOWN,2.064,SYNTHETIC
2022-07-19,B,SYN_MINE_01,SYN_TRUCK_006,dumper,BREAKDOWN,4.627,SYNTHETIC
2022-07-19,C,SYN_MINE_01,SYN_TRUCK_010,dumper,BREAKDOWN,5.865,SYNTHETIC
2022-07-20,A,SYN_MINE_01,SYN_DRILL_001,drill,BREAKDOWN,5.805,SYNTHETIC
2022-07-20,C,SYN_MINE_01,SYN_EXC_002,excavator,BREAKDOWN,2.094,SYNTHETIC
2022-07-20,A,SYN_MINE_01,SYN_TRUCK_009,dumper,BREAKDOWN,2.72,SYNTHETIC
2022-07-20,B,SYN_MINE_01,SYN_TRUCK_013,dumper,BREAKDOWN,4.986,SYNTHETIC
2022-07-21,C,SYN_MINE_01,SYN_TRUCK_013,dumper,BREAKDOWN,1.303,SYNTHETIC
2022-07-22,C,SYN_MINE_01,SYN_DRILL_002,drill,BREAKDOWN,2.228,SYNTHETIC
2022-07-22,B,SYN_MINE_01,SYN_EXC_001,excavator,BREAKDOWN,1.115,SYNTHETIC
2022-07-22,B,SYN_MINE_01,SYN_TRUCK_005,dumper,BREAKDOWN,3.539,SYNTHETIC
2022-07-22,C,SYN_MINE_01,SYN_TRUCK_006,dumper,BREAKDOWN,3.033,SYNTHETIC
2022-07-22,B,SYN_MINE_01,SYN_TRUCK_010,dumper,BREAKDOWN,3.172,SYNTHETIC
2022-07-22,A,SYN_MINE_01,SYN_TRUCK_012,dumper,BREAKDOWN,5.373,SYNTHETIC
2022-07-22,A,SYN_MINE_01,SYN_TRUCK_013,dumper,BREAKDOWN,5.396,SYNTHETIC
2022-07-23,A,SYN_MINE_01,SYN_DRILL_001,drill,PREVENTIVE_MAINTENANCE,5.198,SYNTHETIC
2022-07-23,A,SYN_MINE_01,SYN_TRUCK_002,dumper,BREAKDOWN,2.317,SYNTHETIC
2022-07-23,A,SYN_MINE_01,SYN_TRUCK_004,dumper,BREAKDOWN,2.699,SYNTHETIC
2022-07-23,C,SYN_MINE_01,SYN_TRUCK_005,dumper,BREAKDOWN,4.43,SYNTHETIC
2022-07-23,A,SYN_MINE_01,SYN_TRUCK_007,dumper,PREVENTIVE_MAINTENANCE,6.858,SYNTHETIC
2022-07-23,B,SYN_MINE_01,SYN_TRUCK_011,dumper,BREAKDOWN,0.553,SYNTHETIC
2022-07-24,A,SYN_MINE_01,SYN_DRILL_002,drill,BREAKDOWN,3.494,SYNTHETIC
2022-07-24,A,SYN_MINE_01,SYN_TRUCK_003,dumper,BREAKDOWN,0.323,SYNTHETIC
2022-07-24,C,SYN_MINE_01,SYN_TRUCK_003,dumper,BREAKDOWN,5.97,SYNTHETIC
2022-07-24,A,SYN_MINE_01,SYN_TRUCK_004,dumper,PREVENTIVE_MAINTENANCE,5.084,SYNTHETIC
2022-07-24,B,SYN_MINE_01,SYN_TRUCK_009,dumper,BREAKDOWN,1.46,SYNTHETIC
2022-07-24,A,SYN_MINE_01,SYN_TRUCK_010,dumper,PREVENTIVE_MAINTENANCE,6.063,SYNTHETIC
2022-07-24,B,SYN_MINE_01,SYN_TRUCK_012,dumper,BREAKDOWN,1.04,SYNTHETIC
2022-07-25,A,SYN_MINE_01,SYN_DRILL_001,drill,BREAKDOWN,1.783,SYNTHETIC
2022-07-25,A,SYN_MINE_01,SYN_TRUCK_002,dumper,BREAKDOWN,4.429,SYNTHETIC
2022-07-25,A,SYN_MINE_01,SYN_TRUCK_008,dumper,BREAKDOWN,4.667,SYNTHETIC
2022-07-25,B,SYN_MINE_01,SYN_TRUCK_014,dumper,BREAKDOWN,0.086,SYNTHETIC
2022-07-26,A,SYN_MINE_01,SYN_DRILL_002,drill,PREVENTIVE_MAINTENANCE,4.593,SYNTHETIC
2022-07-26,C,SYN_MINE_01,SYN_TRUCK_001,dumper,BREAKDOWN,5.204,SYNTHETIC
2022-07-26,A,SYN_MINE_01,SYN_TRUCK_004,dumper,BREAKDOWN,3.923,SYNTHETIC
2022-07-26,A,SYN_MINE_01,SYN_TRUCK_011,dumper,BREAKDOWN,3.638,SYNTHETIC
2022-07-27,B,SYN_MINE_01,SYN_DRILL_001,drill,BREAKDOWN,3.403,SYNTHETIC
2022-07-27,A,SYN_MINE_01,SYN_TRUCK_003,dumper,PREVENTIVE_MAINTENANCE,5.921,SYNTHETIC
2022-07-27,C,SYN_MINE_01,SYN_TRUCK_004,dumper,BREAKDOWN,1.77,SYNTHETIC
2022-07-27,B,SYN_MINE_01,SYN_TRUCK_008,dumper,BREAKDOWN,4.213,SYNTHETIC
2022-07-27,A,SYN_MINE_01,SYN_TRUCK_009,dumper,BREAKDOWN,3.185,SYNTHETIC
2022-07-27,B,SYN_MINE_01,SYN_TRUCK_012,dumper,BREAKDOWN,1.143,SYNTHETIC
2022-07-27,C,SYN_MINE_01,SYN_TRUCK_014,dumper,BREAKDOWN,2.457,SYNTHETIC
2022-07-28,A,SYN_MINE_01,SYN_DRILL_001,drill,BREAKDOWN,1.517,SYNTHETIC
2022-07-28,B,SYN_MINE_01,SYN_TRUCK_009,dumper,BREAKDOWN,1.352,SYNTHETIC
2022-07-28,B,SYN_MINE_01,SYN_TRUCK_012,dumper,BREAKDOWN,3.949,SYNTHETIC
2022-07-28,B,SYN_MINE_01,SYN_TRUCK_015,dumper,BREAKDOWN,5.185,SYNTHETIC
2022-07-29,B,SYN_MINE_01,SYN_DRILL_001,drill,BREAKDOWN,4.103,SYNTHETIC
2022-07-29,A,SYN_MINE_01,SYN_EXC_002,excavator,PREVENTIVE_MAINTENANCE,7.0,SYNTHETIC
2022-07-29,A,SYN_MINE_01,SYN_TRUCK_006,dumper,PREVENTIVE_MAINTENANCE,5.044,SYNTHETIC
2022-07-29,A,SYN_MINE_01,SYN_TRUCK_008,dumper,BREAKDOWN,2.318,SYNTHETIC
2022-07-30,A,SYN_MINE_01,SYN_TRUCK_010,dumper,BREAKDOWN,2.605,SYNTHETIC
2022-07-30,A,SYN_MINE_01,SYN_TRUCK_012,dumper,PREVENTIVE_MAINTENANCE,4.997,SYNTHETIC
2022-07-31,C,SYN_MINE_01,SYN_EXC_002,excavator,BREAKDOWN,4.558,SYNTHETIC
2022-07-31,A,SYN_MINE_01,SYN_TRUCK_002,dumper,BREAKDOWN,1.186,SYNTHETIC
2022-07-31,A,SYN_MINE_01,SYN_TRUCK_004,dumper,BREAKDOWN,4.311,SYNTHETIC
2022-07-31,C,SYN_MINE_01,SYN_TRUCK_005,dumper,BREAKDOWN,4.472,SYNTHETIC
2022-07-31,C,SYN_MINE_01,SYN_TRUCK_008,dumper,BREAKDOWN,2.827,SYNTHETIC
2022-07-31,C,SYN_MINE_01,SYN_TRUCK_012,dumper,BREAKDOWN,3.262,SYNTHETIC
2022-07-31,A,SYN_MINE_01,SYN_TRUCK_014,dumper,BREAKDOWN,2.884,SYNTHETIC
2022-07-31,C,SYN_MINE_01,SYN_TRUCK_014,dumper,BREAKDOWN,0.46,SYNTHETIC
2022-08-01,A,SYN_MINE_01,SYN_TRUCK_011,dumper,BREAKDOWN,2.029,SYNTHETIC
2022-08-01,B,SYN_MINE_01,SYN_TRUCK_014,dumper,BREAKDOWN,1.105,SYNTHETIC
2022-08-02,C,SYN_MINE_01,SYN_DRILL_001,drill,BREAKDOWN,2.601,SYNTHETIC
2022-08-02,B,SYN_MINE_01,SYN_TRUCK_001,dumper,BREAKDOWN,3.224,SYNTHETIC
2022-08-02,C,SYN_MINE_01,SYN_TRUCK_004,dumper,BREAKDOWN,5.12,SYNTHETIC
2022-08-02,B,SYN_MINE_01,SYN_TRUCK_005,dumper,BREAKDOWN,5.322,SYNTHETIC
2022-08-02,A,SYN_MINE_01,SYN_TRUCK_007,dumper,BREAKDOWN,3.488,SYNTHETIC
2022-08-02,A,SYN_MINE_01,SYN_TRUCK_011,dumper,BREAKDOWN,4.573,SYNTHETIC
2022-08-02,B,SYN_MINE_01,SYN_TRUCK_011,dumper,BREAKDOWN,1.776,SYNTHETIC
2022-08-02,C,SYN_MINE_01,SYN_TRUCK_011,dumper,BREAKDOWN,4.1,SYNTHETIC
2022-08-03,C,SYN_MINE_01,SYN_DRILL_001,drill,BREAKDOWN,1.917,SYNTHETIC
2022-08-03,C,SYN_MINE_01,SYN_TRUCK_001,dumper,BREAKDOWN,0.415,SYNTHETIC
2022-08-03,A,SYN_MINE_01,SYN_TRUCK_008,dumper,PREVENTIVE_MAINTENANCE,6.493,SYNTHETIC
2022-08-03,C,SYN_MINE_01,SYN_TRUCK_010,dumper,BREAKDOWN,3.33,SYNTHETIC
2022-08-03,A,SYN_MINE_01,SYN_TRUCK_014,dumper,PREVENTIVE_MAINTENANCE,6.096,SYNTHETIC
2022-08-04,A,SYN_MINE_01,SYN_EXC_001,excavator,PREVENTIVE_MAINTENANCE,7.0,SYNTHETIC
2022-08-04,C,SYN_MINE_01,SYN_TRUCK_004,dumper,BREAKDOWN,0.514,SYNTHETIC
2022-08-04,A,SYN_MINE_01,SYN_TRUCK_009,dumper,PREVENTIVE_MAINTENANCE,5.405,SYNTHETIC
2022-08-04,C,SYN_MINE_01,SYN_TRUCK_014,dumper,BREAKDOWN,5.975,SYNTHETIC
2022-08-04,C,SYN_MINE_01,SYN_TRUCK_015,dumper,BREAKDOWN,1.44,SYNTHETIC
2022-08-05,A,SYN_MINE_01,SYN_DRILL_001,drill,PREVENTIVE_MAINTENANCE,4.474,SYNTHETIC
2022-08-05,A,SYN_MINE_01,SYN_TRUCK_001,dumper,PREVENTIVE_MAINTENANCE,7.0,SYNTHETIC
2022-08-05,C,SYN_MINE_01,SYN_TRUCK_001,dumper,BREAKDOWN,1.789,SYNTHETIC
2022-08-05,B,SYN_MINE_01,SYN_TRUCK_005,dumper,BREAKDOWN,6.003,SYNTHETIC
2022-08-05,A,SYN_MINE_01,SYN_TRUCK_011,dumper,PREVENTIVE_MAINTENANCE,7.0,SYNTHETIC
2022-08-05,A,SYN_MINE_01,SYN_TRUCK_013,dumper,BREAKDOWN,0.655,SYNTHETIC
2022-08-06,A,SYN_MINE_01,SYN_DRILL_002,drill,PREVENTIVE_MAINTENANCE,5.046,SYNTHETIC
2022-08-06,A,SYN_MINE_01,SYN_TRUCK_002,dumper,PREVENTIVE_MAINTENANCE,5.725,SYNTHETIC
2022-08-06,A,SYN_MINE_01,SYN_TRUCK_004,dumper,BREAKDOWN,2.298,SYNTHETIC
2022-08-06,A,SYN_MINE_01,SYN_TRUCK_005,dumper,PREVENTIVE_MAINTENANCE,7.0,SYNTHETIC
2022-08-06,C,SYN_MINE_01,SYN_TRUCK_011,dumper,BREAKDOWN,3.517,SYNTHETIC
2022-08-06,A,SYN_MINE_01,SYN_TRUCK_013,dumper,PREVENTIVE_MAINTENANCE,5.929,SYNTHETIC
2022-08-07,B,SYN_MINE_01,SYN_EXC_002,excavator,BREAKDOWN,2.649,SYNTHETIC
2022-08-07,A,SYN_MINE_01,SYN_TRUCK_006,dumper,BREAKDOWN,0.025,SYNTHETIC
2022-08-07,C,SYN_MINE_01,SYN_TRUCK_008,dumper,BREAKDOWN,1.984,SYNTHETIC
2022-08-07,A,SYN_MINE_01,SYN_TRUCK_015,dumper,PREVENTIVE_MAINTENANCE,5.053,SYNTHETIC
2022-08-08,A,SYN_MINE_01,SYN_DRILL_002,drill,BREAKDOWN,0.188,SYNTHETIC
2022-08-08,C,SYN_MINE_01,SYN_DRILL_002,drill,BREAKDOWN,2.148,SYNTHETIC
2022-08-08,A,SYN_MINE_01,SYN_TRUCK_002,dumper,BREAKDOWN,4.212,SYNTHETIC
2022-08-08,C,SYN_MINE_01,SYN_TRUCK_004,dumper,BREAKDOWN,2.245,SYNTHETIC
2022-08-08,A,SYN_MINE_01,SYN_TRUCK_007,dumper,BREAKDOWN,2.542,SYNTHETIC
2022-08-08,B,SYN_MINE_01,SYN_TRUCK_009,dumper,BREAKDOWN,2.969,SYNTHETIC
2022-08-08,A,SYN_MINE_01,SYN_TRUCK_014,dumper,BREAKDOWN,0.599,SYNTHETIC
2022-08-09,C,SYN_MINE_01,SYN_EXC_001,excavator,BREAKDOWN,3.208,SYNTHETIC
2022-08-09,A,SYN_MINE_01,SYN_TRUCK_004,dumper,BREAKDOWN,6.252,SYNTHETIC
2022-08-10,A,SYN_MINE_01,SYN_DRILL_001,drill,BREAKDOWN,2.749,SYNTHETIC
2022-08-10,C,SYN_MINE_01,SYN_TRUCK_002,dumper,BREAKDOWN,4.202,SYNTHETIC
2022-08-10,A,SYN_MINE_01,SYN_TRUCK_007,dumper,BREAKDOWN,2.294,SYNTHETIC
2022-08-11,A,SYN_MINE_01,SYN_DRILL_001,drill,BREAKDOWN,6.274,SYNTHETIC
2022-08-11,B,SYN_MINE_01,SYN_DRILL_002,drill,BREAKDOWN,4.73,SYNTHETIC
2022-08-11,B,SYN_MINE_01,SYN_TRUCK_004,dumper,BREAKDOWN,0.957,SYNTHETIC
2022-08-11,B,SYN_MINE_01,SYN_TRUCK_009,dumper,BREAKDOWN,2.364,SYNTHETIC
2022-08-11,B,SYN_MINE_01,SYN_TRUCK_013,dumper,BREAKDOWN,3.729,SYNTHETIC
2022-08-12,C,SYN_MINE_01,SYN_DRILL_001,drill,BREAKDOWN,5.787,SYNTHETIC
2022-08-12,A,SYN_MINE_01,SYN_TRUCK_007,dumper,PREVENTIVE_MAINTENANCE,4.368,SYNTHETIC
2022-08-12,C,SYN_MINE_01,SYN_TRUCK_009,dumper,BREAKDOWN,0.417,SYNTHETIC
2022-08-12,A,SYN_MINE_01,SYN_TRUCK_010,dumper,PREVENTIVE_MAINTENANCE,6.258,SYNTHETIC
2022-08-12,A,SYN_MINE_01,SYN_TRUCK_011,dumper,BREAKDOWN,0.956,SYNTHETIC
2022-08-12,C,SYN_MINE_01,SYN_TRUCK_012,dumper,BREAKDOWN,3.39,SYNTHETIC
2022-08-13,A,SYN_MINE_01,SYN_TRUCK_003,dumper,BREAKDOWN,2.301,SYNTHETIC
2022-08-13,B,SYN_MINE_01,SYN_TRUCK_003,dumper,BREAKDOWN,3.936,SYNTHETIC
2022-08-13,B,SYN_MINE_01,SYN_TRUCK_013,dumper,BREAKDOWN,6.302,SYNTHETIC
2022-08-14,A,SYN_MINE_01,SYN_DRILL_001,drill,BREAKDOWN,4.551,SYNTHETIC
2022-08-14,C,SYN_MINE_01,SYN_EXC_001,excavator,BREAKDOWN,5.496,SYNTHETIC
2022-08-14,A,SYN_MINE_01,SYN_EXC_002,excavator,BREAKDOWN,4.895,SYNTHETIC
2022-08-14,C,SYN_MINE_01,SYN_EXC_002,excavator,BREAKDOWN,1.522,SYNTHETIC
2022-08-14,A,SYN_MINE_01,SYN_TRUCK_001,dumper,BREAKDOWN,4.206,SYNTHETIC
2022-08-14,B,SYN_MINE_01,SYN_TRUCK_010,dumper,BREAKDOWN,1.622,SYNTHETIC
2022-08-14,B,SYN_MINE_01,SYN_TRUCK_012,dumper,BREAKDOWN,3.297,SYNTHETIC
2022-08-14,A,SYN_MINE_01,SYN_TRUCK_013,dumper,BREAKDOWN,4.283,SYNTHETIC
2022-08-14,B,SYN_MINE_01,SYN_TRUCK_015,dumper,BREAKDOWN,5.284,SYNTHETIC
2022-08-15,ALL,SYN_MINE_01,SITE,site,WEATHER_SITE_STOPPAGE,6.57,SYNTHETIC
2022-08-15,B,SYN_MINE_01,SYN_TRUCK_001,dumper,BREAKDOWN,2.919,SYNTHETIC
2022-08-15,A,SYN_MINE_01,SYN_TRUCK_003,dumper,PREVENTIVE_MAINTENANCE,5.8,SYNTHETIC
2022-08-15,C,SYN_MINE_01,SYN_TRUCK_008,dumper,BREAKDOWN,2.192,SYNTHETIC
2022-08-15,B,SYN_MINE_01,SYN_TRUCK_012,dumper,BREAKDOWN,0.482,SYNTHETIC
2022-08-15,A,SYN_MINE_01,SYN_TRUCK_014,dumper,BREAKDOWN,1.838,SYNTHETIC
2022-08-16,B,SYN_MINE_01,SYN_TRUCK_002,dumper,BREAKDOWN,4.063,SYNTHETIC
2022-08-16,A,SYN_MINE_01,SYN_TRUCK_004,dumper,PREVENTIVE_MAINTENANCE,5.658,SYNTHETIC
2022-08-16,B,SYN_MINE_01,SYN_TRUCK_006,dumper,BREAKDOWN,1.683,SYNTHETIC
2022-08-16,B,SYN_MINE_01,SYN_TRUCK_009,dumper,BREAKDOWN,3.002,SYNTHETIC
2022-08-16,A,SYN_MINE_01,SYN_TRUCK_010,dumper,BREAKDOWN,2.809,SYNTHETIC
2022-08-16,A,SYN_MINE_01,SYN_TRUCK_012,dumper,BREAKDOWN,3.345,SYNTHETIC
2022-08-17,A,SYN_MINE_01,SYN_DRILL_001,drill,PREVENTIVE_MAINTENANCE,4.898,SYNTHETIC
2022-08-17,A,SYN_MINE_01,SYN_DRILL_002,drill,BREAKDOWN,0.079,SYNTHETIC
2022-08-17,A,SYN_MINE_01,SYN_EXC_002,excavator,PREVENTIVE_MAINTENANCE,7.0,SYNTHETIC
2022-08-17,C,SYN_MINE_01,SYN_TRUCK_002,dumper,BREAKDOWN,4.836,SYNTHETIC
2022-08-17,A,SYN_MINE_01,SYN_TRUCK_003,dumper,BREAKDOWN,0.071,SYNTHETIC
2022-08-17,A,SYN_MINE_01,SYN_TRUCK_007,dumper,BREAKDOWN,1.604,SYNTHETIC
2022-08-18,A,SYN_MINE_01,SYN_DRILL_001,drill,BREAKDOWN,4.607,SYNTHETIC
2022-08-18,B,SYN_MINE_01,SYN_DRILL_002,drill,BREAKDOWN,5.479,SYNTHETIC
2022-08-18,C,SYN_MINE_01,SYN_DRILL_002,drill,BREAKDOWN,3.75,SYNTHETIC
2022-08-18,B,SYN_MINE_01,SYN_TRUCK_003,dumper,BREAKDOWN,0.568,SYNTHETIC
2022-08-18,A,SYN_MINE_01,SYN_TRUCK_006,dumper,PREVENTIVE_MAINTENANCE,5.308,SYNTHETIC
2022-08-18,B,SYN_MINE_01,SYN_TRUCK_008,dumper,BREAKDOWN,6.641,SYNTHETIC
2022-08-19,ALL,SYN_MINE_01,SITE,site,WEATHER_SITE_STOPPAGE,9.2,SYNTHETIC
2022-08-19,C,SYN_MINE_01,SYN_DRILL_001,drill,BREAKDOWN,1.064,SYNTHETIC
2022-08-19,C,SYN_MINE_01,SYN_TRUCK_007,dumper,BREAKDOWN,3.014,SYNTHETIC
2022-08-19,A,SYN_MINE_01,SYN_TRUCK_009,dumper,BREAKDOWN,5.873,SYNTHETIC
2022-08-19,B,SYN_MINE_01,SYN_TRUCK_010,dumper,BREAKDOWN,6.596,SYNTHETIC
2022-08-19,A,SYN_MINE_01,SYN_TRUCK_011,dumper,BREAKDOWN,3.076,SYNTHETIC
2022-08-19,B,SYN_MINE_01,SYN_TRUCK_014,dumper,BREAKDOWN,6.896,SYNTHETIC
2022-08-19,A,SYN_MINE_01,SYN_TRUCK_015,dumper,BREAKDOWN,4.461,SYNTHETIC
2022-08-20,A,SYN_MINE_01,SYN_DRILL_002,drill,PREVENTIVE_MAINTENANCE,4.573,SYNTHETIC
2022-08-20,C,SYN_MINE_01,SYN_EXC_001,excavator,BREAKDOWN,0.77,SYNTHETIC
2022-08-20,A,SYN_MINE_01,SYN_EXC_002,excavator,BREAKDOWN,1.356,SYNTHETIC
2022-08-20,C,SYN_MINE_01,SYN_TRUCK_001,dumper,BREAKDOWN,1.754,SYNTHETIC
2022-08-20,C,SYN_MINE_01,SYN_TRUCK_003,dumper,BREAKDOWN,5.501,SYNTHETIC
2022-08-20,C,SYN_MINE_01,SYN_TRUCK_008,dumper,BREAKDOWN,1.479,SYNTHETIC
2022-08-20,A,SYN_MINE_01,SYN_TRUCK_012,dumper,PREVENTIVE_MAINTENANCE,4.523,SYNTHETIC
2022-08-21,B,SYN_MINE_01,SYN_DRILL_002,drill,BREAKDOWN,3.212,SYNTHETIC
2022-08-21,C,SYN_MINE_01,SYN_TRUCK_004,dumper,BREAKDOWN,2.121,SYNTHETIC
2022-08-21,A,SYN_MINE_01,SYN_TRUCK_006,dumper,BREAKDOWN,3.854,SYNTHETIC
2022-08-21,A,SYN_MINE_01,SYN_TRUCK_013,dumper,BREAKDOWN,2.653,SYNTHETIC
2022-08-21,B,SYN_MINE_01,SYN_TRUCK_014,dumper,BREAKDOWN,1.239,SYNTHETIC
2022-08-21,B,SYN_MINE_01,SYN_TRUCK_015,dumper,BREAKDOWN,5.203,SYNTHETIC
2022-08-21,C,SYN_MINE_01,SYN_TRUCK_015,dumper,BREAKDOWN,5.878,SYNTHETIC
2022-08-22,B,SYN_MINE_01,SYN_DRILL_002,drill,BREAKDOWN,0.506,SYNTHETIC
2022-08-22,A,SYN_MINE_01,SYN_EXC_001,excavator,PREVENTIVE_MAINTENANCE,6.541,SYNTHETIC
2022-08-22,C,SYN_MINE_01,SYN_EXC_001,excavator,BREAKDOWN,2.611,SYNTHETIC
2022-08-22,C,SYN_MINE_01,SYN_TRUCK_001,dumper,BREAKDOWN,2.172,SYNTHETIC
2022-08-22,A,SYN_MINE_01,SYN_TRUCK_004,dumper,BREAKDOWN,3.324,SYNTHETIC
2022-08-22,B,SYN_MINE_01,SYN_TRUCK_010,dumper,BREAKDOWN,5.451,SYNTHETIC
2022-08-22,A,SYN_MINE_01,SYN_TRUCK_011,dumper,BREAKDOWN,5.654,SYNTHETIC
2022-08-23,A,SYN_MINE_01,SYN_DRILL_002,drill,BREAKDOWN,2.151,SYNTHETIC
2022-08-23,A,SYN_MINE_01,SYN_TRUCK_001,dumper,BREAKDOWN,1.19,SYNTHETIC
2022-08-23,C,SYN_MINE_01,SYN_TRUCK_001,dumper,BREAKDOWN,2.239,SYNTHETIC
2022-08-23,C,SYN_MINE_01,SYN_TRUCK_003,dumper,BREAKDOWN,2.21,SYNTHETIC
2022-08-23,A,SYN_MINE_01,SYN_TRUCK_004,dumper,BREAKDOWN,3.206,SYNTHETIC
2022-08-23,B,SYN_MINE_01,SYN_TRUCK_008,dumper,BREAKDOWN,4.345,SYNTHETIC
2022-08-23,C,SYN_MINE_01,SYN_TRUCK_009,dumper,BREAKDOWN,4.865,SYNTHETIC
2022-08-23,B,SYN_MINE_01,SYN_TRUCK_011,dumper,BREAKDOWN,4.203,SYNTHETIC
2022-08-24,B,SYN_MINE_01,SYN_DRILL_001,drill,BREAKDOWN,6.405,SYNTHETIC
2022-08-24,C,SYN_MINE_01,SYN_DRILL_002,drill,BREAKDOWN,4.778,SYNTHETIC
2022-08-24,A,SYN_MINE_01,SYN_TRUCK_002,dumper,BREAKDOWN,6.839,SYNTHETIC
2022-08-24,A,SYN_MINE_01,SYN_TRUCK_004,dumper,BREAKDOWN,5.963,SYNTHETIC
2022-08-24,A,SYN_MINE_01,SYN_TRUCK_008,dumper,PREVENTIVE_MAINTENANCE,5.434,SYNTHETIC
2022-08-24,B,SYN_MINE_01,SYN_TRUCK_011,dumper,BREAKDOWN,4.836,SYNTHETIC
2022-08-24,A,SYN_MINE_01,SYN_TRUCK_012,dumper,BREAKDOWN,4.873,SYNTHETIC
2022-08-24,C,SYN_MINE_01,SYN_TRUCK_014,dumper,BREAKDOWN,1.232,SYNTHETIC
2022-08-25,A,SYN_MINE_01,SYN_TRUCK_004,dumper,BREAKDOWN,3.31,SYNTHETIC
2022-08-25,A,SYN_MINE_01,SYN_TRUCK_011,dumper,BREAKDOWN,2.429,SYNTHETIC
2022-08-26,C,SYN_MINE_01,SYN_DRILL_001,drill,BREAKDOWN,5.111,SYNTHETIC
2022-08-26,B,SYN_MINE_01,SYN_DRILL_002,drill,BREAKDOWN,4.2,SYNTHETIC
2022-08-26,C,SYN_MINE_01,SYN_DRILL_002,drill,BREAKDOWN,5.295,SYNTHETIC
2022-08-26,A,SYN_MINE_01,SYN_TRUCK_005,dumper,PREVENTIVE_MAINTENANCE,5.886,SYNTHETIC
2022-08-26,B,SYN_MINE_01,SYN_TRUCK_007,dumper,BREAKDOWN,1.049,SYNTHETIC
2022-08-26,A,SYN_MINE_01,SYN_TRUCK_009,dumper,PREVENTIVE_MAINTENANCE,4.539,SYNTHETIC
2022-08-26,C,SYN_MINE_01,SYN_TRUCK_009,dumper,BREAKDOWN,3.911,SYNTHETIC
2022-08-26,B,SYN_MINE_01,SYN_TRUCK_010,dumper,BREAKDOWN,3.222,SYNTHETIC
2022-08-26,A,SYN_MINE_01,SYN_TRUCK_014,dumper,PREVENTIVE_MAINTENANCE,6.702,SYNTHETIC
2022-08-27,B,SYN_MINE_01,SYN_EXC_001,excavator,BREAKDOWN,3.844,SYNTHETIC
2022-08-27,A,SYN_MINE_01,SYN_TRUCK_001,dumper,PREVENTIVE_MAINTENANCE,5.873,SYNTHETIC
2022-08-27,A,SYN_MINE_01,SYN_TRUCK_002,dumper,BREAKDOWN,4.326,SYNTHETIC
2022-08-27,B,SYN_MINE_01,SYN_TRUCK_004,dumper,BREAKDOWN,4.207,SYNTHETIC
2022-08-27,A,SYN_MINE_01,SYN_TRUCK_012,dumper,BREAKDOWN,2.363,SYNTHETIC
2022-08-27,A,SYN_MINE_01,SYN_TRUCK_013,dumper,PREVENTIVE_MAINTENANCE,6.511,SYNTHETIC
2022-08-28,C,SYN_MINE_01,SYN_DRILL_001,drill,BREAKDOWN,5.293,SYNTHETIC
2022-08-28,C,SYN_MINE_01,SYN_DRILL_002,drill,BREAKDOWN,1.347,SYNTHETIC
2022-08-28,A,SYN_MINE_01,SYN_TRUCK_011,dumper,PREVENTIVE_MAINTENANCE,7.0,SYNTHETIC
2022-08-29,A,SYN_MINE_01,SYN_EXC_001,excavator,BREAKDOWN,0.62,SYNTHETIC
2022-08-29,A,SYN_MINE_01,SYN_EXC_002,excavator,BREAKDOWN,3.777,SYNTHETIC
2022-08-29,A,SYN_MINE_01,SYN_TRUCK_002,dumper,PREVENTIVE_MAINTENANCE,4.951,SYNTHETIC
2022-08-29,B,SYN_MINE_01,SYN_TRUCK_009,dumper,BREAKDOWN,3.074,SYNTHETIC
2022-08-29,A,SYN_MINE_01,SYN_TRUCK_010,dumper,BREAKDOWN,6.048,SYNTHETIC
2022-08-30,A,SYN_MINE_01,SYN_TRUCK_004,dumper,BREAKDOWN,3.47,SYNTHETIC
2022-08-30,C,SYN_MINE_01,SYN_TRUCK_010,dumper,BREAKDOWN,0.44,SYNTHETIC
2022-08-31,A,SYN_MINE_01,SYN_DRILL_002,drill,BREAKDOWN,3.541,SYNTHETIC
2022-08-31,C,SYN_MINE_01,SYN_TRUCK_001,dumper,BREAKDOWN,3.586,SYNTHETIC
2022-08-31,C,SYN_MINE_01,SYN_TRUCK_002,dumper,BREAKDOWN,2.418,SYNTHETIC
2022-08-31,A,SYN_MINE_01,SYN_TRUCK_006,dumper,BREAKDOWN,0.191,SYNTHETIC
2022-08-31,C,SYN_MINE_01,SYN_TRUCK_009,dumper,BREAKDOWN,4.252,SYNTHETIC
2022-09-01,ALL,SYN_MINE_01,SITE,site,WEATHER_SITE_STOPPAGE,9.07,SYNTHETIC
2022-09-01,A,SYN_MINE_01,SYN_DRILL_001,drill,PREVENTIVE_MAINTENANCE,5.133,SYNTHETIC
2022-09-01,C,SYN_MINE_01,SYN_TRUCK_002,dumper,BREAKDOWN,2.072,SYNTHETIC
2022-09-01,A,SYN_MINE_01,SYN_TRUCK_007,dumper,PREVENTIVE_MAINTENANCE,5.866,SYNTHETIC
2022-09-01,C,SYN_MINE_01,SYN_TRUCK_009,dumper,BREAKDOWN,2.137,SYNTHETIC
2022-09-01,C,SYN_MINE_01,SYN_TRUCK_012,dumper,BREAKDOWN,3.851,SYNTHETIC
2022-09-02,C,SYN_MINE_01,SYN_DRILL_001,drill,BREAKDOWN,2.939,SYNTHETIC
2022-09-02,A,SYN_MINE_01,SYN_DRILL_002,drill,PREVENTIVE_MAINTENANCE,5.138,SYNTHETIC
2022-09-02,C,SYN_MINE_01,SYN_EXC_002,excavator,BREAKDOWN,2.119,SYNTHETIC
2022-09-02,A,SYN_MINE_01,SYN_TRUCK_010,dumper,BREAKDOWN,4.508,SYNTHETIC
2022-09-03,B,SYN_MINE_01,SYN_TRUCK_002,dumper,BREAKDOWN,2.871,SYNTHETIC
2022-09-03,B,SYN_MINE_01,SYN_TRUCK_007,dumper,BREAKDOWN,1.817,SYNTHETIC
2022-09-03,C,SYN_MINE_01,SYN_TRUCK_009,dumper,BREAKDOWN,2.902,SYNTHETIC
2022-09-04,B,SYN_MINE_01,SYN_EXC_001,excavator,BREAKDOWN,2.853,SYNTHETIC
2022-09-04,A,SYN_MINE_01,SYN_EXC_002,excavator,PREVENTIVE_MAINTENANCE,6.744,SYNTHETIC
2022-09-04,B,SYN_MINE_01,SYN_EXC_002,excavator,BREAKDOWN,5.415,SYNTHETIC
2022-09-04,B,SYN_MINE_01,SYN_TRUCK_009,dumper,BREAKDOWN,1.069,SYNTHETIC
2022-09-05,A,SYN_MINE_01,SYN_TRUCK_005,dumper,BREAKDOWN,0.614,SYNTHETIC
2022-09-05,A,SYN_MINE_01,SYN_TRUCK_010,dumper,PREVENTIVE_MAINTENANCE,7.0,SYNTHETIC
2022-09-05,B,SYN_MINE_01,SYN_TRUCK_012,dumper,BREAKDOWN,5.78,SYNTHETIC
2022-09-06,B,SYN_MINE_01,SYN_DRILL_001,drill,BREAKDOWN,4.092,SYNTHETIC
2022-09-06,C,SYN_MINE_01,SYN_TRUCK_001,dumper,BREAKDOWN,0.213,SYNTHETIC
2022-09-06,A,SYN_MINE_01,SYN_TRUCK_003,dumper,PREVENTIVE_MAINTENANCE,5.675,SYNTHETIC
2022-09-06,B,SYN_MINE_01,SYN_TRUCK_005,dumper,BREAKDOWN,4.767,SYNTHETIC
2022-09-07,A,SYN_MINE_01,SYN_EXC_001,excavator,BREAKDOWN,2.675,SYNTHETIC
2022-09-07,B,SYN_MINE_01,SYN_EXC_002,excavator,BREAKDOWN,3.39,SYNTHETIC
2022-09-07,B,SYN_MINE_01,SYN_TRUCK_001,dumper,BREAKDOWN,1.238,SYNTHETIC
2022-09-07,A,SYN_MINE_01,SYN_TRUCK_006,dumper,PREVENTIVE_MAINTENANCE,4.333,SYNTHETIC
2022-09-07,B,SYN_MINE_01,SYN_TRUCK_006,dumper,BREAKDOWN,5.112,SYNTHETIC
2022-09-07,A,SYN_MINE_01,SYN_TRUCK_009,dumper,BREAKDOWN,4.754,SYNTHETIC
2022-09-08,A,SYN_MINE_01,SYN_TRUCK_004,dumper,PREVENTIVE_MAINTENANCE,6.091,SYNTHETIC
2022-09-08,C,SYN_MINE_01,SYN_TRUCK_007,dumper,BREAKDOWN,4.669,SYNTHETIC
2022-09-08,B,SYN_MINE_01,SYN_TRUCK_011,dumper,BREAKDOWN,2.75,SYNTHETIC
2022-09-08,C,SYN_MINE_01,SYN_TRUCK_012,dumper,BREAKDOWN,2.234,SYNTHETIC
2022-09-09,B,SYN_MINE_01,SYN_DRILL_002,drill,BREAKDOWN,4.473,SYNTHETIC
2022-09-09,B,SYN_MINE_01,SYN_EXC_002,excavator,BREAKDOWN,3.77,SYNTHETIC
2022-09-09,B,SYN_MINE_01,SYN_TRUCK_003,dumper,BREAKDOWN,1.282,SYNTHETIC
2022-09-09,B,SYN_MINE_01,SYN_TRUCK_004,dumper,BREAKDOWN,3.171,SYNTHETIC
2022-09-09,A,SYN_MINE_01,SYN_TRUCK_009,dumper,BREAKDOWN,2.394,SYNTHETIC
2022-09-10,C,SYN_MINE_01,SYN_DRILL_001,drill,BREAKDOWN,1.117,SYNTHETIC
2022-09-10,B,SYN_MINE_01,SYN_DRILL_002,drill,BREAKDOWN,6.66,SYNTHETIC
2022-09-10,A,SYN_MINE_01,SYN_EXC_001,excavator,PREVENTIVE_MAINTENANCE,7.0,SYNTHETIC
2022-09-10,B,SYN_MINE_01,SYN_TRUCK_001,dumper,BREAKDOWN,4.014,SYNTHETIC
2022-09-10,C,SYN_MINE_01,SYN_TRUCK_005,dumper,BREAKDOWN,4.495,SYNTHETIC
2022-09-10,C,SYN_MINE_01,SYN_TRUCK_006,dumper,BREAKDOWN,0.911,SYNTHETIC
2022-09-10,A,SYN_MINE_01,SYN_TRUCK_008,dumper,BREAKDOWN,3.292,SYNTHETIC
2022-09-10,A,SYN_MINE_01,SYN_TRUCK_012,dumper,BREAKDOWN,1.791,SYNTHETIC
2022-09-10,A,SYN_MINE_01,SYN_TRUCK_013,dumper,BREAKDOWN,2.648,SYNTHETIC
2022-09-10,B,SYN_MINE_01,SYN_TRUCK_013,dumper,BREAKDOWN,3.426,SYNTHETIC
2022-09-11,A,SYN_MINE_01,SYN_DRILL_001,drill,BREAKDOWN,6.301,SYNTHETIC
2022-09-11,C,SYN_MINE_01,SYN_DRILL_001,drill,BREAKDOWN,5.664,SYNTHETIC
2022-09-11,B,SYN_MINE_01,SYN_DRILL_002,drill,BREAKDOWN,3.986,SYNTHETIC
2022-09-11,C,SYN_MINE_01,SYN_EXC_001,excavator,BREAKDOWN,2.946,SYNTHETIC
2022-09-11,A,SYN_MINE_01,SYN_TRUCK_008,dumper,BREAKDOWN,3.699,SYNTHETIC
2022-09-11,C,SYN_MINE_01,SYN_TRUCK_008,dumper,BREAKDOWN,2.005,SYNTHETIC
2022-09-11,A,SYN_MINE_01,SYN_TRUCK_011,dumper,BREAKDOWN,4.12,SYNTHETIC
2022-09-11,B,SYN_MINE_01,SYN_TRUCK_012,dumper,BREAKDOWN,4.353,SYNTHETIC
2022-09-12,C,SYN_MINE_01,SYN_DRILL_002,drill,BREAKDOWN,0.251,SYNTHETIC
2022-09-12,C,SYN_MINE_01,SYN_EXC_001,excavator,BREAKDOWN,5.989,SYNTHETIC
2022-09-12,B,SYN_MINE_01,SYN_TRUCK_010,dumper,BREAKDOWN,1.615,SYNTHETIC
2022-09-13,B,SYN_MINE_01,SYN_DRILL_002,drill,BREAKDOWN,1.774,SYNTHETIC
2022-09-13,B,SYN_MINE_01,SYN_TRUCK_001,dumper,BREAKDOWN,5.909,SYNTHETIC
2022-09-13,C,SYN_MINE_01,SYN_TRUCK_011,dumper,BREAKDOWN,2.989,SYNTHETIC
2022-09-14,A,SYN_MINE_01,SYN_DRILL_001,drill,PREVENTIVE_MAINTENANCE,4.302,SYNTHETIC
2022-09-14,A,SYN_MINE_01,SYN_TRUCK_002,dumper,BREAKDOWN,2.666,SYNTHETIC
2022-09-14,A,SYN_MINE_01,SYN_TRUCK_008,dumper,BREAKDOWN,4.74,SYNTHETIC
2022-09-14,B,SYN_MINE_01,SYN_TRUCK_012,dumper,BREAKDOWN,5.399,SYNTHETIC
2022-09-15,B,SYN_MINE_01,SYN_DRILL_001,drill,BREAKDOWN,5.503,SYNTHETIC
2022-09-15,A,SYN_MINE_01,SYN_DRILL_002,drill,PREVENTIVE_MAINTENANCE,4.526,SYNTHETIC
2022-09-15,B,SYN_MINE_01,SYN_TRUCK_003,dumper,BREAKDOWN,1.018,SYNTHETIC
2022-09-15,A,SYN_MINE_01,SYN_TRUCK_004,dumper,BREAKDOWN,2.358,SYNTHETIC
2022-09-15,A,SYN_MINE_01,SYN_TRUCK_005,dumper,PREVENTIVE_MAINTENANCE,4.962,SYNTHETIC
2022-09-15,A,SYN_MINE_01,SYN_TRUCK_008,dumper,PREVENTIVE_MAINTENANCE,4.125,SYNTHETIC
2022-09-15,B,SYN_MINE_01,SYN_TRUCK_009,dumper,BREAKDOWN,4.864,SYNTHETIC
2022-09-16,C,SYN_MINE_01,SYN_EXC_002,excavator,BREAKDOWN,4.38,SYNTHETIC
2022-09-16,A,SYN_MINE_01,SYN_TRUCK_001,dumper,PREVENTIVE_MAINTENANCE,5.022,SYNTHETIC
2022-09-16,B,SYN_MINE_01,SYN_TRUCK_011,dumper,BREAKDOWN,0.501,SYNTHETIC
2022-09-16,C,SYN_MINE_01,SYN_TRUCK_013,dumper,BREAKDOWN,4.073,SYNTHETIC
2022-09-17,C,SYN_MINE_01,SYN_EXC_001,excavator,BREAKDOWN,3.115,SYNTHETIC
2022-09-17,B,SYN_MINE_01,SYN_TRUCK_001,dumper,BREAKDOWN,0.69,SYNTHETIC
2022-09-17,B,SYN_MINE_01,SYN_TRUCK_007,dumper,BREAKDOWN,5.268,SYNTHETIC
2022-09-17,B,SYN_MINE_01,SYN_TRUCK_008,dumper,BREAKDOWN,2.356,SYNTHETIC
2022-09-17,C,SYN_MINE_01,SYN_TRUCK_009,dumper,BREAKDOWN,3.083,SYNTHETIC
2022-09-17,A,SYN_MINE_01,SYN_TRUCK_010,dumper,BREAKDOWN,0.935,SYNTHETIC
2022-09-18,A,SYN_MINE_01,SYN_DRILL_001,drill,BREAKDOWN,1.664,SYNTHETIC
2022-09-18,A,SYN_MINE_01,SYN_TRUCK_002,dumper,PREVENTIVE_MAINTENANCE,4.128,SYNTHETIC
2022-09-18,B,SYN_MINE_01,SYN_TRUCK_007,dumper,BREAKDOWN,1.255,SYNTHETIC
2022-09-18,A,SYN_MINE_01,SYN_TRUCK_011,dumper,PREVENTIVE_MAINTENANCE,6.583,SYNTHETIC
2022-09-18,A,SYN_MINE_01,SYN_TRUCK_013,dumper,PREVENTIVE_MAINTENANCE,7.0,SYNTHETIC
2022-09-19,A,SYN_MINE_01,SYN_TRUCK_005,dumper,BREAKDOWN,2.675,SYNTHETIC
2022-09-19,B,SYN_MINE_01,SYN_TRUCK_005,dumper,BREAKDOWN,2.637,SYNTHETIC
2022-09-19,A,SYN_MINE_01,SYN_TRUCK_009,dumper,PREVENTIVE_MAINTENANCE,6.335,SYNTHETIC
2022-09-20,C,SYN_MINE_01,SYN_EXC_002,excavator,BREAKDOWN,5.301,SYNTHETIC
2022-09-20,C,SYN_MINE_01,SYN_TRUCK_008,dumper,BREAKDOWN,0.967,SYNTHETIC
2022-09-20,A,SYN_MINE_01,SYN_TRUCK_011,dumper,BREAKDOWN,0.125,SYNTHETIC
2022-09-20,B,SYN_MINE_01,SYN_TRUCK_013,dumper,BREAKDOWN,2.197,SYNTHETIC
2022-09-21,C,SYN_MINE_01,SYN_DRILL_002,drill,BREAKDOWN,1.593,SYNTHETIC
2022-09-21,C,SYN_MINE_01,SYN_EXC_002,excavator,BREAKDOWN,1.061,SYNTHETIC
2022-09-21,B,SYN_MINE_01,SYN_TRUCK_003,dumper,BREAKDOWN,2.653,SYNTHETIC
2022-09-21,C,SYN_MINE_01,SYN_TRUCK_005,dumper,BREAKDOWN,2.019,SYNTHETIC
2022-09-22,ALL,SYN_MINE_01,SITE,site,WEATHER_SITE_STOPPAGE,7.67,SYNTHETIC
2022-09-22,B,SYN_MINE_01,SYN_DRILL_001,drill,BREAKDOWN,2.026,SYNTHETIC
2022-09-22,C,SYN_MINE_01,SYN_DRILL_001,drill,BREAKDOWN,1.523,SYNTHETIC
2022-09-22,A,SYN_MINE_01,SYN_DRILL_002,drill,BREAKDOWN,4.716,SYNTHETIC
2022-09-22,B,SYN_MINE_01,SYN_DRILL_002,drill,BREAKDOWN,1.756,SYNTHETIC
2022-09-22,B,SYN_MINE_01,SYN_TRUCK_006,dumper,BREAKDOWN,0.985,SYNTHETIC
2022-09-22,A,SYN_MINE_01,SYN_TRUCK_008,dumper,BREAKDOWN,3.35,SYNTHETIC
2022-09-22,C,SYN_MINE_01,SYN_TRUCK_012,dumper,BREAKDOWN,1.788,SYNTHETIC
2022-09-23,A,SYN_MINE_01,SYN_TRUCK_007,dumper,PREVENTIVE_MAINTENANCE,4.077,SYNTHETIC
2022-09-23,A,SYN_MINE_01,SYN_TRUCK_011,dumper,BREAKDOWN,1.607,SYNTHETIC
2022-09-24,B,SYN_MINE_01,SYN_DRILL_002,drill,BREAKDOWN,0.811,SYNTHETIC
2022-09-24,A,SYN_MINE_01,SYN_EXC_002,excavator,PREVENTIVE_MAINTENANCE,7.0,SYNTHETIC
2022-09-24,B,SYN_MINE_01,SYN_TRUCK_003,dumper,BREAKDOWN,5.916,SYNTHETIC
2022-09-24,A,SYN_MINE_01,SYN_TRUCK_004,dumper,BREAKDOWN,2.784,SYNTHETIC
2022-09-24,C,SYN_MINE_01,SYN_TRUCK_006,dumper,BREAKDOWN,4.422,SYNTHETIC
2022-09-24,A,SYN_MINE_01,SYN_TRUCK_010,dumper,BREAKDOWN,2.046,SYNTHETIC
2022-09-24,A,SYN_MINE_01,SYN_TRUCK_011,dumper,BREAKDOWN,2.53,SYNTHETIC
2022-09-24,A,SYN_MINE_01,SYN_TRUCK_012,dumper,BREAKDOWN,2.557,SYNTHETIC
2022-09-25,B,SYN_MINE_01,SYN_DRILL_002,drill,BREAKDOWN,2.935,SYNTHETIC
2022-09-25,C,SYN_MINE_01,SYN_DRILL_002,drill,BREAKDOWN,5.97,SYNTHETIC
2022-09-25,A,SYN_MINE_01,SYN_TRUCK_003,dumper,BREAKDOWN,1.532,SYNTHETIC
2022-09-25,A,SYN_MINE_01,SYN_TRUCK_004,dumper,BREAKDOWN,3.441,SYNTHETIC
2022-09-25,B,SYN_MINE_01,SYN_TRUCK_004,dumper,BREAKDOWN,2.169,SYNTHETIC
2022-09-25,B,SYN_MINE_01,SYN_TRUCK_006,dumper,BREAKDOWN,1.811,SYNTHETIC
2022-09-25,C,SYN_MINE_01,SYN_TRUCK_011,dumper,BREAKDOWN,5.835,SYNTHETIC
2022-09-26,A,SYN_MINE_01,SYN_DRILL_002,drill,BREAKDOWN,3.913,SYNTHETIC
2022-09-26,A,SYN_MINE_01,SYN_TRUCK_001,dumper,BREAKDOWN,2.027,SYNTHETIC
2022-09-26,A,SYN_MINE_01,SYN_TRUCK_003,dumper,PREVENTIVE_MAINTENANCE,5.074,SYNTHETIC
2022-09-26,A,SYN_MINE_01,SYN_TRUCK_010,dumper,PREVENTIVE_MAINTENANCE,6.225,SYNTHETIC
2022-09-26,B,SYN_MINE_01,SYN_TRUCK_012,dumper,BREAKDOWN,1.649,SYNTHETIC
2022-09-27,B,SYN_MINE_01,SYN_DRILL_001,drill,BREAKDOWN,2.79,SYNTHETIC
2022-09-27,A,SYN_MINE_01,SYN_DRILL_002,drill,BREAKDOWN,3.016,SYNTHETIC
2022-09-27,B,SYN_MINE_01,SYN_DRILL_002,drill,BREAKDOWN,4.355,SYNTHETIC
2022-09-27,B,SYN_MINE_01,SYN_EXC_002,excavator,BREAKDOWN,6.533,SYNTHETIC
2022-09-27,B,SYN_MINE_01,SYN_TRUCK_007,dumper,BREAKDOWN,3.54,SYNTHETIC
2022-09-27,A,SYN_MINE_01,SYN_TRUCK_008,dumper,BREAKDOWN,1.281,SYNTHETIC
2022-09-28,A,SYN_MINE_01,SYN_DRILL_001,drill,PREVENTIVE_MAINTENANCE,4.982,SYNTHETIC
2022-09-28,A,SYN_MINE_01,SYN_DRILL_002,drill,PREVENTIVE_MAINTENANCE,5.872,SYNTHETIC
2022-09-28,A,SYN_MINE_01,SYN_TRUCK_004,dumper,PREVENTIVE_MAINTENANCE,7.0,SYNTHETIC
2022-09-28,A,SYN_MINE_01,SYN_TRUCK_006,dumper,PREVENTIVE_MAINTENANCE,6.125,SYNTHETIC
2022-09-28,C,SYN_MINE_01,SYN_TRUCK_006,dumper,BREAKDOWN,1.326,SYNTHETIC
2022-09-29,A,SYN_MINE_01,SYN_DRILL_002,drill,BREAKDOWN,5.867,SYNTHETIC
2022-09-29,C,SYN_MINE_01,SYN_DRILL_002,drill,BREAKDOWN,0.341,SYNTHETIC
2022-09-29,A,SYN_MINE_01,SYN_EXC_001,excavator,PREVENTIVE_MAINTENANCE,7.0,SYNTHETIC
2022-09-29,A,SYN_MINE_01,SYN_EXC_002,excavator,BREAKDOWN,3.717,SYNTHETIC
2022-09-29,C,SYN_MINE_01,SYN_TRUCK_002,dumper,BREAKDOWN,1.931,SYNTHETIC
2022-09-30,A,SYN_MINE_01,SYN_TRUCK_005,dumper,BREAKDOWN,0.205,SYNTHETIC
2022-09-30,A,SYN_MINE_01,SYN_TRUCK_007,dumper,BREAKDOWN,2.658,SYNTHETIC
2022-09-30,A,SYN_MINE_01,SYN_TRUCK_008,dumper,BREAKDOWN,3.335,SYNTHETIC
2022-10-01,A,SYN_MINE_01,SYN_TRUCK_002,dumper,BREAKDOWN,2.304,SYNTHETIC
2022-10-01,A,SYN_MINE_01,SYN_TRUCK_009,dumper,BREAKDOWN,3.186,SYNTHETIC
2022-10-01,A,SYN_MINE_01,SYN_TRUCK_012,dumper,PREVENTIVE_MAINTENANCE,5.135,SYNTHETIC
2022-10-02,C,SYN_MINE_01,SYN_EXC_001,excavator,BREAKDOWN,1.252,SYNTHETIC
2022-10-02,A,SYN_MINE_01,SYN_TRUCK_002,dumper,BREAKDOWN,4.451,SYNTHETIC
2022-10-02,C,SYN_MINE_01,SYN_TRUCK_007,dumper,BREAKDOWN,4.397,SYNTHETIC
2022-10-03,B,SYN_MINE_01,SYN_TRUCK_001,dumper,BREAKDOWN,2.523,SYNTHETIC
2022-10-03,C,SYN_MINE_01,SYN_TRUCK_002,dumper,BREAKDOWN,5.721,SYNTHETIC
2022-10-03,B,SYN_MINE_01,SYN_TRUCK_003,dumper,BREAKDOWN,2.04,SYNTHETIC
2022-10-04,A,SYN_MINE_01,SYN_EXC_002,excavator,BREAKDOWN,5.638,SYNTHETIC
2022-10-04,A,SYN_MINE_01,SYN_TRUCK_001,dumper,BREAKDOWN,6.333,SYNTHETIC
2022-10-04,A,SYN_MINE_01,SYN_TRUCK_006,dumper,BREAKDOWN,0.923,SYNTHETIC
2022-10-04,B,SYN_MINE_01,SYN_TRUCK_009,dumper,BREAKDOWN,2.943,SYNTHETIC
2022-10-05,C,SYN_MINE_01,SYN_TRUCK_001,dumper,BREAKDOWN,1.666,SYNTHETIC
2022-10-05,A,SYN_MINE_01,SYN_TRUCK_005,dumper,PREVENTIVE_MAINTENANCE,4.565,SYNTHETIC
2022-10-05,C,SYN_MINE_01,SYN_TRUCK_005,dumper,BREAKDOWN,3.477,SYNTHETIC
2022-10-05,A,SYN_MINE_01,SYN_TRUCK_008,dumper,PREVENTIVE_MAINTENANCE,7.0,SYNTHETIC
2022-10-06,C,SYN_MINE_01,SYN_DRILL_001,drill,BREAKDOWN,2.802,SYNTHETIC
2022-10-06,C,SYN_MINE_01,SYN_EXC_001,excavator,BREAKDOWN,4.681,SYNTHETIC
2022-10-06,C,SYN_MINE_01,SYN_TRUCK_002,dumper,BREAKDOWN,2.916,SYNTHETIC
2022-10-06,A,SYN_MINE_01,SYN_TRUCK_005,dumper,BREAKDOWN,1.891,SYNTHETIC
2022-10-07,A,SYN_MINE_01,SYN_EXC_002,excavator,BREAKDOWN,3.706,SYNTHETIC
2022-10-07,A,SYN_MINE_01,SYN_TRUCK_001,dumper,PREVENTIVE_MAINTENANCE,6.028,SYNTHETIC
2022-10-07,C,SYN_MINE_01,SYN_TRUCK_003,dumper,BREAKDOWN,0.857,SYNTHETIC
2022-10-07,B,SYN_MINE_01,SYN_TRUCK_011,dumper,BREAKDOWN,4.162,SYNTHETIC
2022-10-07,B,SYN_MINE_01,SYN_TRUCK_012,dumper,BREAKDOWN,2.635,SYNTHETIC
2022-10-07,A,SYN_MINE_01,SYN_TRUCK_013,dumper,PREVENTIVE_MAINTENANCE,5.949,SYNTHETIC
2022-10-08,B,SYN_MINE_01,SYN_DRILL_001,drill,BREAKDOWN,2.882,SYNTHETIC
2022-10-08,A,SYN_MINE_01,SYN_DRILL_002,drill,BREAKDOWN,3.237,SYNTHETIC
2022-10-08,B,SYN_MINE_01,SYN_EXC_002,excavator,BREAKDOWN,2.416,SYNTHETIC
2022-10-08,B,SYN_MINE_01,SYN_TRUCK_002,dumper,BREAKDOWN,1.16,SYNTHETIC
2022-10-08,A,SYN_MINE_01,SYN_TRUCK_009,dumper,PREVENTIVE_MAINTENANCE,7.0,SYNTHETIC
2022-10-08,A,SYN_MINE_01,SYN_TRUCK_012,dumper,BREAKDOWN,2.535,SYNTHETIC
2022-10-09,A,SYN_MINE_01,SYN_DRILL_001,drill,PREVENTIVE_MAINTENANCE,5.529,SYNTHETIC
2022-10-09,A,SYN_MINE_01,SYN_DRILL_002,drill,PREVENTIVE_MAINTENANCE,5.699,SYNTHETIC
2022-10-09,C,SYN_MINE_01,SYN_EXC_001,excavator,BREAKDOWN,4.576,SYNTHETIC
2022-10-09,B,SYN_MINE_01,SYN_EXC_002,excavator,BREAKDOWN,6.226,SYNTHETIC
2022-10-09,B,SYN_MINE_01,SYN_TRUCK_002,dumper,BREAKDOWN,2.998,SYNTHETIC
2022-10-09,C,SYN_MINE_01,SYN_TRUCK_002,dumper,BREAKDOWN,0.589,SYNTHETIC
2022-10-09,B,SYN_MINE_01,SYN_TRUCK_006,dumper,BREAKDOWN,4.523,SYNTHETIC
2022-10-09,C,SYN_MINE_01,SYN_TRUCK_010,dumper,BREAKDOWN,2.716,SYNTHETIC
2022-10-09,A,SYN_MINE_01,SYN_TRUCK_011,dumper,PREVENTIVE_MAINTENANCE,4.67,SYNTHETIC
2022-10-09,C,SYN_MINE_01,SYN_TRUCK_011,dumper,BREAKDOWN,2.678,SYNTHETIC
2022-10-09,A,SYN_MINE_01,SYN_TRUCK_013,dumper,BREAKDOWN,6.11,SYNTHETIC
2022-10-10,A,SYN_MINE_01,SYN_EXC_002,excavator,BREAKDOWN,3.762,SYNTHETIC
2022-10-10,B,SYN_MINE_01,SYN_TRUCK_001,dumper,BREAKDOWN,2.752,SYNTHETIC
2022-10-10,C,SYN_MINE_01,SYN_TRUCK_002,dumper,BREAKDOWN,5.797,SYNTHETIC
2022-10-10,C,SYN_MINE_01,SYN_TRUCK_004,dumper,BREAKDOWN,5.36,SYNTHETIC
2022-10-10,B,SYN_MINE_01,SYN_TRUCK_005,dumper,BREAKDOWN,2.058,SYNTHETIC
2022-10-10,B,SYN_MINE_01,SYN_TRUCK_012,dumper,BREAKDOWN,1.752,SYNTHETIC
2022-10-11,C,SYN_MINE_01,SYN_DRILL_001,drill,BREAKDOWN,0.909,SYNTHETIC
2022-10-12,B,SYN_MINE_01,SYN_EXC_001,excavator,BREAKDOWN,0.831,SYNTHETIC
2022-10-12,A,SYN_MINE_01,SYN_TRUCK_002,dumper,PREVENTIVE_MAINTENANCE,6.777,SYNTHETIC
2022-10-12,A,SYN_MINE_01,SYN_TRUCK_003,dumper,BREAKDOWN,5.858,SYNTHETIC
2022-10-12,B,SYN_MINE_01,SYN_TRUCK_003,dumper,BREAKDOWN,2.193,SYNTHETIC
2022-10-12,A,SYN_MINE_01,SYN_TRUCK_007,dumper,PREVENTIVE_MAINTENANCE,7.0,SYNTHETIC
2022-10-12,C,SYN_MINE_01,SYN_TRUCK_007,dumper,BREAKDOWN,0.461,SYNTHETIC
2022-10-12,C,SYN_MINE_01,SYN_TRUCK_013,dumper,BREAKDOWN,3.883,SYNTHETIC
2022-10-13,A,SYN_MINE_01,SYN_EXC_002,excavator,PREVENTIVE_MAINTENANCE,7.0,SYNTHETIC
2022-10-13,A,SYN_MINE_01,SYN_TRUCK_005,dumper,BREAKDOWN,2.484,SYNTHETIC
2022-10-13,C,SYN_MINE_01,SYN_TRUCK_005,dumper,BREAKDOWN,1.831,SYNTHETIC
2022-10-13,A,SYN_MINE_01,SYN_TRUCK_012,dumper,BREAKDOWN,3.332,SYNTHETIC
2022-10-14,C,SYN_MINE_01,SYN_TRUCK_004,dumper,BREAKDOWN,0.474,SYNTHETIC
2022-10-14,A,SYN_MINE_01,SYN_TRUCK_005,dumper,BREAKDOWN,4.458,SYNTHETIC
2022-10-14,A,SYN_MINE_01,SYN_TRUCK_008,dumper,BREAKDOWN,0.896,SYNTHETIC
2022-10-14,B,SYN_MINE_01,SYN_TRUCK_008,dumper,BREAKDOWN,4.687,SYNTHETIC
2022-10-15,B,SYN_MINE_01,SYN_DRILL_002,drill,BREAKDOWN,1.321,SYNTHETIC
2022-10-15,C,SYN_MINE_01,SYN_TRUCK_001,dumper,BREAKDOWN,1.514,SYNTHETIC
2022-10-15,A,SYN_MINE_01,SYN_TRUCK_010,dumper,PREVENTIVE_MAINTENANCE,6.727,SYNTHETIC
2022-10-15,A,SYN_MINE_01,SYN_TRUCK_011,dumper,BREAKDOWN,1.83,SYNTHETIC
2022-10-15,C,SYN_MINE_01,SYN_TRUCK_012,dumper,BREAKDOWN,4.139,SYNTHETIC
2022-10-16,A,SYN_MINE_01,SYN_EXC_001,excavator,PREVENTIVE_MAINTENANCE,7.0,SYNTHETIC
2022-10-16,A,SYN_MINE_01,SYN_EXC_002,excavator,BREAKDOWN,5.607,SYNTHETIC
2022-10-16,A,SYN_MINE_01,SYN_TRUCK_002,dumper,BREAKDOWN,0.229,SYNTHETIC
2022-10-16,A,SYN_MINE_01,SYN_TRUCK_007,dumper,BREAKDOWN,5.338,SYNTHETIC
2022-10-16,B,SYN_MINE_01,SYN_TRUCK_008,dumper,BREAKDOWN,3.081,SYNTHETIC
2022-10-16,B,SYN_MINE_01,SYN_TRUCK_012,dumper,BREAKDOWN,3.872,SYNTHETIC
2022-10-16,B,SYN_MINE_01,SYN_TRUCK_013,dumper,BREAKDOWN,6.189,SYNTHETIC
2022-10-17,B,SYN_MINE_01,SYN_TRUCK_001,dumper,BREAKDOWN,4.24,SYNTHETIC
2022-10-17,A,SYN_MINE_01,SYN_TRUCK_003,dumper,PREVENTIVE_MAINTENANCE,7.0,SYNTHETIC
2022-10-17,A,SYN_MINE_01,SYN_TRUCK_006,dumper,BREAKDOWN,0.445,SYNTHETIC
2022-10-17,C,SYN_MINE_01,SYN_TRUCK_006,dumper,BREAKDOWN,5.494,SYNTHETIC
2022-10-17,C,SYN_MINE_01,SYN_TRUCK_008,dumper,BREAKDOWN,3.331,SYNTHETIC
2022-10-18,B,SYN_MINE_01,SYN_DRILL_001,drill,BREAKDOWN,2.483,SYNTHETIC
2022-10-18,A,SYN_MINE_01,SYN_TRUCK_001,dumper,BREAKDOWN,5.798,SYNTHETIC
2022-10-18,C,SYN_MINE_01,SYN_TRUCK_002,dumper,BREAKDOWN,2.779,SYNTHETIC
2022-10-18,A,SYN_MINE_01,SYN_TRUCK_004,dumper,PREVENTIVE_MAINTENANCE,4.887,SYNTHETIC
2022-10-18,B,SYN_MINE_01,SYN_TRUCK_007,dumper,BREAKDOWN,4.286,SYNTHETIC
2022-10-18,C,SYN_MINE_01,SYN_TRUCK_008,dumper,BREAKDOWN,1.861,SYNTHETIC
2022-10-18,A,SYN_MINE_01,SYN_TRUCK_009,dumper,BREAKDOWN,0.966,SYNTHETIC
2022-10-19,A,SYN_MINE_01,SYN_DRILL_002,drill,BREAKDOWN,2.392,SYNTHETIC
2022-10-19,B,SYN_MINE_01,SYN_DRILL_002,drill,BREAKDOWN,4.479,SYNTHETIC
2022-10-19,A,SYN_MINE_01,SYN_TRUCK_005,dumper,BREAKDOWN,5.626,SYNTHETIC
2022-10-19,A,SYN_MINE_01,SYN_TRUCK_006,dumper,PREVENTIVE_MAINTENANCE,4.511,SYNTHETIC
2022-10-19,A,SYN_MINE_01,SYN_TRUCK_008,dumper,BREAKDOWN,5.467,SYNTHETIC
2022-10-19,A,SYN_MINE_01,SYN_TRUCK_009,dumper,BREAKDOWN,2.943,SYNTHETIC
2022-10-19,B,SYN_MINE_01,SYN_TRUCK_013,dumper,BREAKDOWN,2.449,SYNTHETIC
2022-10-20,A,SYN_MINE_01,SYN_DRILL_001,drill,PREVENTIVE_MAINTENANCE,4.053,SYNTHETIC
2022-10-20,B,SYN_MINE_01,SYN_TRUCK_001,dumper,BREAKDOWN,4.104,SYNTHETIC
2022-10-20,B,SYN_MINE_01,SYN_TRUCK_005,dumper,BREAKDOWN,3.39,SYNTHETIC
2022-10-20,B,SYN_MINE_01,SYN_TRUCK_006,dumper,BREAKDOWN,6.23,SYNTHETIC
2022-10-21,A,SYN_MINE_01,SYN_DRILL_002,drill,PREVENTIVE_MAINTENANCE,5.266,SYNTHETIC
2022-10-21,A,SYN_MINE_01,SYN_TRUCK_012,dumper,PREVENTIVE_MAINTENANCE,4.74,SYNTHETIC
2022-10-22,B,SYN_MINE_01,SYN_TRUCK_001,dumper,BREAKDOWN,3.426,SYNTHETIC
2022-10-22,C,SYN_MINE_01,SYN_TRUCK_001,dumper,BREAKDOWN,4.2,SYNTHETIC
2022-10-22,B,SYN_MINE_01,SYN_TRUCK_004,dumper,BREAKDOWN,3.207,SYNTHETIC
2022-10-22,B,SYN_MINE_01,SYN_TRUCK_012,dumper,BREAKDOWN,3.824,SYNTHETIC
2022-10-23,B,SYN_MINE_01,SYN_TRUCK_002,dumper,BREAKDOWN,2.994,SYNTHETIC
2022-10-23,A,SYN_MINE_01,SYN_TRUCK_013,dumper,BREAKDOWN,5.869,SYNTHETIC
2022-10-24,C,SYN_MINE_01,SYN_EXC_002,excavator,BREAKDOWN,2.417,SYNTHETIC
2022-10-25,B,SYN_MINE_01,SYN_TRUCK_008,dumper,BREAKDOWN,0.682,SYNTHETIC
2022-10-26,A,SYN_MINE_01,SYN_DRILL_001,drill,BREAKDOWN,4.359,SYNTHETIC
2022-10-26,A,SYN_MINE_01,SYN_EXC_002,excavator,BREAKDOWN,6.064,SYNTHETIC
2022-10-26,A,SYN_MINE_01,SYN_TRUCK_005,dumper,BREAKDOWN,5.277,SYNTHETIC
2022-10-26,A,SYN_MINE_01,SYN_TRUCK_008,dumper,PREVENTIVE_MAINTENANCE,6.566,SYNTHETIC
2022-10-26,C,SYN_MINE_01,SYN_TRUCK_009,dumper,BREAKDOWN,0.647,SYNTHETIC
2022-10-26,C,SYN_MINE_01,SYN_TRUCK_011,dumper,BREAKDOWN,1.374,SYNTHETIC
2022-10-27,B,SYN_MINE_01,SYN_TRUCK_003,dumper,BREAKDOWN,2.192,SYNTHETIC
2022-10-27,A,SYN_MINE_01,SYN_TRUCK_005,dumper,PREVENTIVE_MAINTENANCE,7.0,SYNTHETIC
2022-10-28,B,SYN_MINE_01,SYN_DRILL_001,drill,BREAKDOWN,3.004,SYNTHETIC
2022-10-28,B,SYN_MINE_01,SYN_DRILL_002,drill,BREAKDOWN,3.989,SYNTHETIC
2022-10-28,C,SYN_MINE_01,SYN_EXC_002,excavator,BREAKDOWN,3.039,SYNTHETIC
2022-10-28,A,SYN_MINE_01,SYN_TRUCK_001,dumper,PREVENTIVE_MAINTENANCE,7.0,SYNTHETIC
2022-10-28,C,SYN_MINE_01,SYN_TRUCK_003,dumper,BREAKDOWN,3.926,SYNTHETIC
2022-10-28,C,SYN_MINE_01,SYN_TRUCK_004,dumper,BREAKDOWN,3.66,SYNTHETIC
2022-10-28,B,SYN_MINE_01,SYN_TRUCK_005,dumper,BREAKDOWN,1.279,SYNTHETIC
2022-10-28,A,SYN_MINE_01,SYN_TRUCK_009,dumper,BREAKDOWN,5.076,SYNTHETIC
2022-10-28,C,SYN_MINE_01,SYN_TRUCK_009,dumper,BREAKDOWN,2.935,SYNTHETIC
2022-10-28,A,SYN_MINE_01,SYN_TRUCK_011,dumper,PREVENTIVE_MAINTENANCE,7.0,SYNTHETIC
2022-10-28,A,SYN_MINE_01,SYN_TRUCK_013,dumper,PREVENTIVE_MAINTENANCE,7.0,SYNTHETIC
2022-10-30,A,SYN_MINE_01,SYN_EXC_002,excavator,PREVENTIVE_MAINTENANCE,7.0,SYNTHETIC
2022-10-30,A,SYN_MINE_01,SYN_TRUCK_009,dumper,PREVENTIVE_MAINTENANCE,5.169,SYNTHETIC
2022-10-30,B,SYN_MINE_01,SYN_TRUCK_011,dumper,BREAKDOWN,1.843,SYNTHETIC
2022-10-30,B,SYN_MINE_01,SYN_TRUCK_012,dumper,BREAKDOWN,1.315,SYNTHETIC
2022-10-30,A,SYN_MINE_01,SYN_TRUCK_013,dumper,BREAKDOWN,1.889,SYNTHETIC
2022-10-31,A,SYN_MINE_01,SYN_DRILL_001,drill,PREVENTIVE_MAINTENANCE,4.315,SYNTHETIC
2022-10-31,C,SYN_MINE_01,SYN_EXC_001,excavator,BREAKDOWN,4.134,SYNTHETIC
2022-10-31,B,SYN_MINE_01,SYN_EXC_002,excavator,BREAKDOWN,2.291,SYNTHETIC
2022-10-31,A,SYN_MINE_01,SYN_TRUCK_002,dumper,PREVENTIVE_MAINTENANCE,5.723,SYNTHETIC
2022-11-01,A,SYN_MINE_01,SYN_DRILL_002,drill,PREVENTIVE_MAINTENANCE,4.835,SYNTHETIC
2022-11-01,A,SYN_MINE_01,SYN_TRUCK_007,dumper,PREVENTIVE_MAINTENANCE,7.0,SYNTHETIC
2022-11-02,A,SYN_MINE_01,SYN_DRILL_002,drill,BREAKDOWN,3.368,SYNTHETIC
2022-11-02,A,SYN_MINE_01,SYN_EXC_001,excavator,PREVENTIVE_MAINTENANCE,7.0,SYNTHETIC
2022-11-02,B,SYN_MINE_01,SYN_TRUCK_006,dumper,BREAKDOWN,4.383,SYNTHETIC
2022-11-02,A,SYN_MINE_01,SYN_TRUCK_011,dumper,BREAKDOWN,4.183,SYNTHETIC
2022-11-03,A,SYN_MINE_01,SYN_TRUCK_002,dumper,BREAKDOWN,0.548,SYNTHETIC
2022-11-03,A,SYN_MINE_01,SYN_TRUCK_010,dumper,PREVENTIVE_MAINTENANCE,7.0,SYNTHETIC
2022-11-04,B,SYN_MINE_01,SYN_TRUCK_009,dumper,BREAKDOWN,1.758,SYNTHETIC
2022-11-04,A,SYN_MINE_01,SYN_TRUCK_010,dumper,BREAKDOWN,1.81,SYNTHETIC
2022-11-04,B,SYN_MINE_01,SYN_TRUCK_013,dumper,BREAKDOWN,4.869,SYNTHETIC
2022-11-05,ALL,SYN_MINE_01,SITE,site,POWER_OUTAGE,4.63,SYNTHETIC
2022-11-05,B,SYN_MINE_01,SYN_EXC_001,excavator,BREAKDOWN,0.034,SYNTHETIC
2022-11-06,A,SYN_MINE_01,SYN_EXC_002,excavator,BREAKDOWN,3.928,SYNTHETIC
2022-11-06,B,SYN_MINE_01,SYN_TRUCK_001,dumper,BREAKDOWN,1.558,SYNTHETIC
2022-11-06,A,SYN_MINE_01,SYN_TRUCK_003,dumper,PREVENTIVE_MAINTENANCE,7.0,SYNTHETIC
2022-11-06,A,SYN_MINE_01,SYN_TRUCK_012,dumper,BREAKDOWN,3.482,SYNTHETIC
2022-11-06,B,SYN_MINE_01,SYN_TRUCK_012,dumper,BREAKDOWN,4.93,SYNTHETIC
2022-11-07,C,SYN_MINE_01,SYN_DRILL_001,drill,BREAKDOWN,2.877,SYNTHETIC
2022-11-07,B,SYN_MINE_01,SYN_DRILL_002,drill,BREAKDOWN,0.112,SYNTHETIC
2022-11-07,A,SYN_MINE_01,SYN_TRUCK_003,dumper,BREAKDOWN,1.411,SYNTHETIC
2022-11-07,A,SYN_MINE_01,SYN_TRUCK_004,dumper,PREVENTIVE_MAINTENANCE,5.033,SYNTHETIC
2022-11-07,A,SYN_MINE_01,SYN_TRUCK_005,dumper,BREAKDOWN,1.246,SYNTHETIC
2022-11-07,A,SYN_MINE_01,SYN_TRUCK_006,dumper,PREVENTIVE_MAINTENANCE,4.063,SYNTHETIC
2022-11-07,C,SYN_MINE_01,SYN_TRUCK_011,dumper,BREAKDOWN,5.876,SYNTHETIC
2022-11-08,C,SYN_MINE_01,SYN_EXC_001,excavator,BREAKDOWN,1.048,SYNTHETIC
2022-11-08,A,SYN_MINE_01,SYN_TRUCK_010,dumper,BREAKDOWN,5.434,SYNTHETIC
2022-11-09,ALL,SYN_MINE_01,SITE,site,EXPLOSIVE_SUPPLY_EPISODE_START,0.0,SYNTHETIC
2022-11-09,A,SYN_MINE_01,SYN_DRILL_001,drill,BREAKDOWN,0.439,SYNTHETIC
2022-11-09,A,SYN_MINE_01,SYN_TRUCK_007,dumper,BREAKDOWN,3.158,SYNTHETIC
2022-11-09,A,SYN_MINE_01,SYN_TRUCK_008,dumper,BREAKDOWN,4.208,SYNTHETIC
2022-11-09,C,SYN_MINE_01,SYN_TRUCK_012,dumper,BREAKDOWN,4.28,SYNTHETIC
2022-11-09,C,SYN_MINE_01,SYN_TRUCK_013,dumper,BREAKDOWN,2.211,SYNTHETIC
2022-11-10,B,SYN_MINE_01,SYN_TRUCK_008,dumper,BREAKDOWN,2.187,SYNTHETIC
2022-11-10,A,SYN_MINE_01,SYN_TRUCK_012,dumper,PREVENTIVE_MAINTENANCE,6.482,SYNTHETIC
2022-11-11,A,SYN_MINE_01,SYN_DRILL_001,drill,PREVENTIVE_MAINTENANCE,4.491,SYNTHETIC
2022-11-11,B,SYN_MINE_01,SYN_DRILL_002,drill,BREAKDOWN,2.655,SYNTHETIC
2022-11-11,C,SYN_MINE_01,SYN_TRUCK_003,dumper,BREAKDOWN,3.477,SYNTHETIC
2022-11-11,B,SYN_MINE_01,SYN_TRUCK_006,dumper,BREAKDOWN,2.439,SYNTHETIC
2022-11-11,C,SYN_MINE_01,SYN_TRUCK_007,dumper,BREAKDOWN,3.261,SYNTHETIC
2022-11-11,A,SYN_MINE_01,SYN_TRUCK_009,dumper,BREAKDOWN,3.643,SYNTHETIC
2022-11-12,B,SYN_MINE_01,SYN_DRILL_002,drill,BREAKDOWN,6.245,SYNTHETIC
2022-11-12,C,SYN_MINE_01,SYN_TRUCK_012,dumper,BREAKDOWN,4.024,SYNTHETIC
2022-11-12,A,SYN_MINE_01,SYN_TRUCK_013,dumper,BREAKDOWN,3.587,SYNTHETIC
2022-11-13,B,SYN_MINE_01,SYN_DRILL_001,drill,BREAKDOWN,1.429,SYNTHETIC
2022-11-13,A,SYN_MINE_01,SYN_DRILL_002,drill,PREVENTIVE_MAINTENANCE,5.342,SYNTHETIC
2022-11-13,B,SYN_MINE_01,SYN_TRUCK_002,dumper,BREAKDOWN,4.78,SYNTHETIC
2022-11-13,A,SYN_MINE_01,SYN_TRUCK_003,dumper,BREAKDOWN,1.848,SYNTHETIC
2022-11-14,C,SYN_MINE_01,SYN_DRILL_002,drill,BREAKDOWN,1.646,SYNTHETIC
2022-11-14,B,SYN_MINE_01,SYN_EXC_001,excavator,BREAKDOWN,4.89,SYNTHETIC
2022-11-14,B,SYN_MINE_01,SYN_TRUCK_005,dumper,BREAKDOWN,2.783,SYNTHETIC
2022-11-14,B,SYN_MINE_01,SYN_TRUCK_007,dumper,BREAKDOWN,4.158,SYNTHETIC
2022-11-14,A,SYN_MINE_01,SYN_TRUCK_008,dumper,BREAKDOWN,5.701,SYNTHETIC
2022-11-14,C,SYN_MINE_01,SYN_TRUCK_008,dumper,BREAKDOWN,4.716,SYNTHETIC
2022-11-14,A,SYN_MINE_01,SYN_TRUCK_011,dumper,BREAKDOWN,2.676,SYNTHETIC
2022-11-14,A,SYN_MINE_01,SYN_TRUCK_012,dumper,BREAKDOWN,1.776,SYNTHETIC
2022-11-14,A,SYN_MINE_01,SYN_TRUCK_013,dumper,BREAKDOWN,3.992,SYNTHETIC
2022-11-15,A,SYN_MINE_01,SYN_DRILL_001,drill,BREAKDOWN,6.401,SYNTHETIC
2022-11-15,B,SYN_MINE_01,SYN_EXC_002,excavator,BREAKDOWN,2.194,SYNTHETIC
2022-11-15,B,SYN_MINE_01,SYN_TRUCK_003,dumper,BREAKDOWN,5.387,SYNTHETIC
2022-11-15,C,SYN_MINE_01,SYN_TRUCK_012,dumper,BREAKDOWN,1.319,SYNTHETIC
2022-11-16,B,SYN_MINE_01,SYN_EXC_002,excavator,BREAKDOWN,5.047,SYNTHETIC
2022-11-16,B,SYN_MINE_01,SYN_TRUCK_001,dumper,BREAKDOWN,3.812,SYNTHETIC
2022-11-16,A,SYN_MINE_01,SYN_TRUCK_008,dumper,PREVENTIVE_MAINTENANCE,5.077,SYNTHETIC
2022-11-16,B,SYN_MINE_01,SYN_TRUCK_011,dumper,BREAKDOWN,0.465,SYNTHETIC
2022-11-17,A,SYN_MINE_01,SYN_DRILL_002,drill,BREAKDOWN,1.357,SYNTHETIC
2022-11-17,A,SYN_MINE_01,SYN_TRUCK_001,dumper,PREVENTIVE_MAINTENANCE,6.993,SYNTHETIC
2022-11-17,A,SYN_MINE_01,SYN_TRUCK_005,dumper,PREVENTIVE_MAINTENANCE,4.137,SYNTHETIC
2022-11-18,A,SYN_MINE_01,SYN_EXC_002,excavator,PREVENTIVE_MAINTENANCE,7.0,SYNTHETIC
2022-11-18,B,SYN_MINE_01,SYN_TRUCK_004,dumper,BREAKDOWN,3.759,SYNTHETIC
2022-11-18,A,SYN_MINE_01,SYN_TRUCK_009,dumper,PREVENTIVE_MAINTENANCE,6.863,SYNTHETIC
2022-11-18,A,SYN_MINE_01,SYN_TRUCK_011,dumper,PREVENTIVE_MAINTENANCE,4.079,SYNTHETIC
2022-11-18,A,SYN_MINE_01,SYN_TRUCK_013,dumper,PREVENTIVE_MAINTENANCE,7.0,SYNTHETIC
2022-11-19,B,SYN_MINE_01,SYN_DRILL_002,drill,BREAKDOWN,2.617,SYNTHETIC
2022-11-19,A,SYN_MINE_01,SYN_TRUCK_002,dumper,PREVENTIVE_MAINTENANCE,5.951,SYNTHETIC
2022-11-19,B,SYN_MINE_01,SYN_TRUCK_013,dumper,BREAKDOWN,0.212,SYNTHETIC
2022-11-20,ALL,SYN_MINE_01,SITE,site,EXPLOSIVE_SUPPLY_EPISODE_START,0.0,SYNTHETIC
2022-11-20,A,SYN_MINE_01,SYN_DRILL_001,drill,BREAKDOWN,1.392,SYNTHETIC
2022-11-20,A,SYN_MINE_01,SYN_EXC_001,excavator,PREVENTIVE_MAINTENANCE,7.0,SYNTHETIC
2022-11-20,B,SYN_MINE_01,SYN_EXC_002,excavator,BREAKDOWN,6.952,SYNTHETIC
2022-11-20,B,SYN_MINE_01,SYN_TRUCK_001,dumper,BREAKDOWN,6.14,SYNTHETIC
2022-11-20,A,SYN_MINE_01,SYN_TRUCK_010,dumper,BREAKDOWN,0.325,SYNTHETIC
2022-11-21,A,SYN_MINE_01,SYN_DRILL_001,drill,BREAKDOWN,2.797,SYNTHETIC
2022-11-21,C,SYN_MINE_01,SYN_DRILL_001,drill,BREAKDOWN,0.361,SYNTHETIC
2022-11-21,A,SYN_MINE_01,SYN_TRUCK_007,dumper,PREVENTIVE_MAINTENANCE,4.788,SYNTHETIC
2022-11-22,C,SYN_MINE_01,SYN_DRILL_002,drill,BREAKDOWN,1.309,SYNTHETIC
2022-11-22,A,SYN_MINE_01,SYN_EXC_002,excavator,BREAKDOWN,3.413,SYNTHETIC
2022-11-22,A,SYN_MINE_01,SYN_TRUCK_002,dumper,BREAKDOWN,2.694,SYNTHETIC
2022-11-22,B,SYN_MINE_01,SYN_TRUCK_010,dumper,BREAKDOWN,3.664,SYNTHETIC
2022-11-22,A,SYN_MINE_01,SYN_TRUCK_012,dumper,BREAKDOWN,4.104,SYNTHETIC
2022-11-23,A,SYN_MINE_01,SYN_TRUCK_002,dumper,BREAKDOWN,3.11,SYNTHETIC
2022-11-23,A,SYN_MINE_01,SYN_TRUCK_004,dumper,BREAKDOWN,3.588,SYNTHETIC
2022-11-23,B,SYN_MINE_01,SYN_TRUCK_006,dumper,BREAKDOWN,6.322,SYNTHETIC
2022-11-23,A,SYN_MINE_01,SYN_TRUCK_010,dumper,PREVENTIVE_MAINTENANCE,6.085,SYNTHETIC
2022-11-24,A,SYN_MINE_01,SYN_DRILL_001,drill,PREVENTIVE_MAINTENANCE,4.712,SYNTHETIC
2022-11-24,C,SYN_MINE_01,SYN_DRILL_001,drill,BREAKDOWN,0.626,SYNTHETIC
2022-11-24,B,SYN_MINE_01,SYN_TRUCK_001,dumper,BREAKDOWN,4.48,SYNTHETIC
2022-11-24,B,SYN_MINE_01,SYN_TRUCK_006,dumper,BREAKDOWN,4.782,SYNTHETIC
2022-11-25,A,SYN_MINE_01,SYN_DRILL_001,drill,BREAKDOWN,6.262,SYNTHETIC
2022-11-25,A,SYN_MINE_01,SYN_DRILL_002,drill,PREVENTIVE_MAINTENANCE,4.626,SYNTHETIC
2022-11-25,C,SYN_MINE_01,SYN_TRUCK_001,dumper,BREAKDOWN,4.564,SYNTHETIC
2022-11-25,B,SYN_MINE_01,SYN_TRUCK_004,dumper,BREAKDOWN,1.679,SYNTHETIC
2022-11-25,A,SYN_MINE_01,SYN_TRUCK_006,dumper,BREAKDOWN,0.275,SYNTHETIC
2022-11-25,B,SYN_MINE_01,SYN_TRUCK_009,dumper,BREAKDOWN,1.549,SYNTHETIC
2022-11-25,A,SYN_MINE_01,SYN_TRUCK_011,dumper,BREAKDOWN,1.413,SYNTHETIC
2022-11-26,C,SYN_MINE_01,SYN_DRILL_001,drill,BREAKDOWN,4.617,SYNTHETIC
2022-11-26,B,SYN_MINE_01,SYN_EXC_001,excavator,BREAKDOWN,3.91,SYNTHETIC
2022-11-26,A,SYN_MINE_01,SYN_TRUCK_003,dumper,PREVENTIVE_MAINTENANCE,4.235,SYNTHETIC
2022-11-26,A,SYN_MINE_01,SYN_TRUCK_005,dumper,BREAKDOWN,2.443,SYNTHETIC
2022-11-26,C,SYN_MINE_01,SYN_TRUCK_009,dumper,BREAKDOWN,3.87,SYNTHETIC
2022-11-26,B,SYN_MINE_01,SYN_TRUCK_012,dumper,BREAKDOWN,1.447,SYNTHETIC
2022-11-27,C,SYN_MINE_01,SYN_DRILL_002,drill,BREAKDOWN,5.237,SYNTHETIC
2022-11-27,A,SYN_MINE_01,SYN_EXC_002,excavator,BREAKDOWN,5.239,SYNTHETIC
2022-11-27,C,SYN_MINE_01,SYN_TRUCK_004,dumper,BREAKDOWN,1.576,SYNTHETIC
2022-11-27,A,SYN_MINE_01,SYN_TRUCK_005,dumper,BREAKDOWN,6.949,SYNTHETIC
2022-11-27,A,SYN_MINE_01,SYN_TRUCK_006,dumper,PREVENTIVE_MAINTENANCE,6.173,SYNTHETIC
2022-11-27,C,SYN_MINE_01,SYN_TRUCK_008,dumper,BREAKDOWN,2.495,SYNTHETIC
2022-11-28,C,SYN_MINE_01,SYN_EXC_001,excavator,BREAKDOWN,2.536,SYNTHETIC
2022-11-29,A,SYN_MINE_01,SYN_TRUCK_004,dumper,PREVENTIVE_MAINTENANCE,4.636,SYNTHETIC
2022-11-29,C,SYN_MINE_01,SYN_TRUCK_012,dumper,BREAKDOWN,1.011,SYNTHETIC
2022-11-29,C,SYN_MINE_01,SYN_TRUCK_013,dumper,BREAKDOWN,3.664,SYNTHETIC
2022-11-30,A,SYN_MINE_01,SYN_EXC_001,excavator,BREAKDOWN,6.093,SYNTHETIC
2022-11-30,B,SYN_MINE_01,SYN_TRUCK_006,dumper,BREAKDOWN,2.46,SYNTHETIC
2022-11-30,B,SYN_MINE_01,SYN_TRUCK_012,dumper,BREAKDOWN,0.9,SYNTHETIC
2022-11-30,B,SYN_MINE_01,SYN_TRUCK_013,dumper,BREAKDOWN,4.233,SYNTHETIC
2022-12-01,A,SYN_MINE_01,SYN_TRUCK_008,dumper,BREAKDOWN,1.442,SYNTHETIC
2022-12-01,A,SYN_MINE_01,SYN_TRUCK_012,dumper,PREVENTIVE_MAINTENANCE,7.0,SYNTHETIC
2022-12-02,A,SYN_MINE_01,SYN_DRILL_001,drill,BREAKDOWN,2.958,SYNTHETIC
2022-12-03,C,SYN_MINE_01,SYN_TRUCK_001,dumper,BREAKDOWN,1.995,SYNTHETIC
2022-12-03,A,SYN_MINE_01,SYN_TRUCK_003,dumper,BREAKDOWN,2.1,SYNTHETIC
2022-12-03,B,SYN_MINE_01,SYN_TRUCK_007,dumper,BREAKDOWN,6.186,SYNTHETIC
2022-12-04,B,SYN_MINE_01,SYN_DRILL_001,drill,BREAKDOWN,3.841,SYNTHETIC
2022-12-04,A,SYN_MINE_01,SYN_DRILL_002,drill,BREAKDOWN,2.492,SYNTHETIC
2022-12-04,B,SYN_MINE_01,SYN_TRUCK_009,dumper,BREAKDOWN,2.269,SYNTHETIC
2022-12-05,ALL,SYN_MINE_01,SITE,site,POWER_OUTAGE,3.11,SYNTHETIC
2022-12-05,A,SYN_MINE_01,SYN_EXC_002,excavator,PREVENTIVE_MAINTENANCE,7.0,SYNTHETIC
2022-12-05,A,SYN_MINE_01,SYN_TRUCK_001,dumper,BREAKDOWN,0.872,SYNTHETIC
2022-12-05,A,SYN_MINE_01,SYN_TRUCK_005,dumper,BREAKDOWN,6.152,SYNTHETIC
2022-12-06,A,SYN_MINE_01,SYN_TRUCK_001,dumper,BREAKDOWN,2.563,SYNTHETIC
2022-12-06,B,SYN_MINE_01,SYN_TRUCK_006,dumper,BREAKDOWN,1.627,SYNTHETIC
2022-12-06,A,SYN_MINE_01,SYN_TRUCK_008,dumper,PREVENTIVE_MAINTENANCE,6.766,SYNTHETIC
2022-12-07,ALL,SYN_MINE_01,SITE,site,WEATHER_SITE_STOPPAGE,10.3,SYNTHETIC
2022-12-07,A,SYN_MINE_01,SYN_DRILL_001,drill,PREVENTIVE_MAINTENANCE,4.883,SYNTHETIC
2022-12-07,A,SYN_MINE_01,SYN_DRILL_002,drill,PREVENTIVE_MAINTENANCE,5.79,SYNTHETIC
2022-12-07,B,SYN_MINE_01,SYN_DRILL_002,drill,BREAKDOWN,0.349,SYNTHETIC
2022-12-07,A,SYN_MINE_01,SYN_TRUCK_005,dumper,PREVENTIVE_MAINTENANCE,5.756,SYNTHETIC
2022-12-07,A,SYN_MINE_01,SYN_TRUCK_006,dumper,BREAKDOWN,2.754,SYNTHETIC
2022-12-07,A,SYN_MINE_01,SYN_TRUCK_011,dumper,PREVENTIVE_MAINTENANCE,4.133,SYNTHETIC
2022-12-08,A,SYN_MINE_01,SYN_EXC_001,excavator,PREVENTIVE_MAINTENANCE,7.0,SYNTHETIC
2022-12-08,B,SYN_MINE_01,SYN_TRUCK_003,dumper,BREAKDOWN,0.789,SYNTHETIC
2022-12-08,B,SYN_MINE_01,SYN_TRUCK_004,dumper,BREAKDOWN,2.966,SYNTHETIC
2022-12-08,C,SYN_MINE_01,SYN_TRUCK_005,dumper,BREAKDOWN,2.936,SYNTHETIC
2022-12-08,C,SYN_MINE_01,SYN_TRUCK_007,dumper,BREAKDOWN,3.053,SYNTHETIC
2022-12-08,A,SYN_MINE_01,SYN_TRUCK_009,dumper,PREVENTIVE_MAINTENANCE,7.0,SYNTHETIC
2022-12-08,C,SYN_MINE_01,SYN_TRUCK_010,dumper,BREAKDOWN,1.645,SYNTHETIC
2022-12-08,A,SYN_MINE_01,SYN_TRUCK_013,dumper,PREVENTIVE_MAINTENANCE,7.0,SYNTHETIC
2022-12-09,A,SYN_MINE_01,SYN_TRUCK_001,dumper,PREVENTIVE_MAINTENANCE,7.0,SYNTHETIC
2022-12-09,A,SYN_MINE_01,SYN_TRUCK_002,dumper,BREAKDOWN,2.288,SYNTHETIC
2022-12-09,C,SYN_MINE_01,SYN_TRUCK_002,dumper,BREAKDOWN,0.858,SYNTHETIC
2022-12-09,B,SYN_MINE_01,SYN_TRUCK_007,dumper,BREAKDOWN,5.87,SYNTHETIC
2022-12-09,C,SYN_MINE_01,SYN_TRUCK_008,dumper,BREAKDOWN,4.147,SYNTHETIC
2022-12-10,C,SYN_MINE_01,SYN_EXC_002,excavator,BREAKDOWN,2.373,SYNTHETIC
2022-12-11,C,SYN_MINE_01,SYN_DRILL_001,drill,BREAKDOWN,1.954,SYNTHETIC
2022-12-11,C,SYN_MINE_01,SYN_EXC_001,excavator,BREAKDOWN,5.107,SYNTHETIC
2022-12-11,A,SYN_MINE_01,SYN_TRUCK_002,dumper,PREVENTIVE_MAINTENANCE,7.0,SYNTHETIC
2022-12-11,B,SYN_MINE_01,SYN_TRUCK_003,dumper,BREAKDOWN,4.897,SYNTHETIC
2022-12-11,A,SYN_MINE_01,SYN_TRUCK_004,dumper,BREAKDOWN,1.885,SYNTHETIC
2022-12-11,B,SYN_MINE_01,SYN_TRUCK_011,dumper,BREAKDOWN,6.085,SYNTHETIC
2022-12-12,B,SYN_MINE_01,SYN_DRILL_002,drill,BREAKDOWN,1.123,SYNTHETIC
2022-12-12,A,SYN_MINE_01,SYN_TRUCK_004,dumper,BREAKDOWN,5.377,SYNTHETIC
2022-12-13,A,SYN_MINE_01,SYN_TRUCK_002,dumper,BREAKDOWN,1.434,SYNTHETIC
2022-12-13,A,SYN_MINE_01,SYN_TRUCK_006,dumper,BREAKDOWN,1.876,SYNTHETIC
2022-12-13,A,SYN_MINE_01,SYN_TRUCK_007,dumper,PREVENTIVE_MAINTENANCE,6.082,SYNTHETIC
2022-12-13,C,SYN_MINE_01,SYN_TRUCK_008,dumper,BREAKDOWN,4.899,SYNTHETIC
2022-12-13,A,SYN_MINE_01,SYN_TRUCK_010,dumper,PREVENTIVE_MAINTENANCE,5.699,SYNTHETIC
2022-12-14,B,SYN_MINE_01,SYN_DRILL_001,drill,BREAKDOWN,1.384,SYNTHETIC
2022-12-14,A,SYN_MINE_01,SYN_DRILL_002,drill,BREAKDOWN,2.499,SYNTHETIC
2022-12-14,A,SYN_MINE_01,SYN_TRUCK_002,dumper,BREAKDOWN,2.626,SYNTHETIC
2022-12-14,B,SYN_MINE_01,SYN_TRUCK_005,dumper,BREAKDOWN,2.485,SYNTHETIC
2022-12-14,A,SYN_MINE_01,SYN_TRUCK_007,dumper,BREAKDOWN,2.044,SYNTHETIC
2022-12-15,B,SYN_MINE_01,SYN_DRILL_001,drill,BREAKDOWN,3.279,SYNTHETIC
2022-12-15,A,SYN_MINE_01,SYN_TRUCK_003,dumper,BREAKDOWN,0.279,SYNTHETIC
2022-12-15,B,SYN_MINE_01,SYN_TRUCK_004,dumper,BREAKDOWN,1.364,SYNTHETIC
2022-12-15,C,SYN_MINE_01,SYN_TRUCK_011,dumper,BREAKDOWN,0.101,SYNTHETIC
2022-12-16,B,SYN_MINE_01,SYN_EXC_002,excavator,BREAKDOWN,2.708,SYNTHETIC
2022-12-16,A,SYN_MINE_01,SYN_TRUCK_003,dumper,PREVENTIVE_MAINTENANCE,5.743,SYNTHETIC
2022-12-16,C,SYN_MINE_01,SYN_TRUCK_005,dumper,BREAKDOWN,1.459,SYNTHETIC
2022-12-17,C,SYN_MINE_01,SYN_DRILL_002,drill,BREAKDOWN,2.724,SYNTHETIC
2022-12-17,C,SYN_MINE_01,SYN_TRUCK_005,dumper,BREAKDOWN,0.081,SYNTHETIC
2022-12-17,C,SYN_MINE_01,SYN_TRUCK_011,dumper,BREAKDOWN,5.075,SYNTHETIC
2022-12-18,A,SYN_MINE_01,SYN_TRUCK_003,dumper,BREAKDOWN,1.96,SYNTHETIC
2022-12-18,A,SYN_MINE_01,SYN_TRUCK_006,dumper,PREVENTIVE_MAINTENANCE,5.638,SYNTHETIC
2022-12-18,B,SYN_MINE_01,SYN_TRUCK_009,dumper,BREAKDOWN,4.307,SYNTHETIC
2022-12-19,A,SYN_MINE_01,SYN_DRILL_001,drill,PREVENTIVE_MAINTENANCE,5.477,SYNTHETIC
2022-12-19,A,SYN_MINE_01,SYN_EXC_002,excavator,BREAKDOWN,3.923,SYNTHETIC
2022-12-19,C,SYN_MINE_01,SYN_TRUCK_004,dumper,BREAKDOWN,5.436,SYNTHETIC
2022-12-20,A,SYN_MINE_01,SYN_DRILL_002,drill,PREVENTIVE_MAINTENANCE,5.705,SYNTHETIC
2022-12-20,B,SYN_MINE_01,SYN_EXC_002,excavator,BREAKDOWN,2.574,SYNTHETIC
2022-12-20,B,SYN_MINE_01,SYN_TRUCK_001,dumper,BREAKDOWN,5.05,SYNTHETIC
2022-12-20,A,SYN_MINE_01,SYN_TRUCK_003,dumper,BREAKDOWN,3.014,SYNTHETIC
2022-12-20,A,SYN_MINE_01,SYN_TRUCK_005,dumper,BREAKDOWN,1.607,SYNTHETIC
2022-12-20,B,SYN_MINE_01,SYN_TRUCK_006,dumper,BREAKDOWN,2.717,SYNTHETIC
2022-12-20,A,SYN_MINE_01,SYN_TRUCK_011,dumper,BREAKDOWN,2.603,SYNTHETIC
2022-12-20,C,SYN_MINE_01,SYN_TRUCK_011,dumper,BREAKDOWN,3.732,SYNTHETIC
2022-12-20,A,SYN_MINE_01,SYN_TRUCK_012,dumper,PREVENTIVE_MAINTENANCE,7.0,SYNTHETIC
2022-12-20,A,SYN_MINE_01,SYN_TRUCK_013,dumper,BREAKDOWN,0.671,SYNTHETIC
2022-12-21,A,SYN_MINE_01,SYN_EXC_001,excavator,BREAKDOWN,0.57,SYNTHETIC
2022-12-21,A,SYN_MINE_01,SYN_TRUCK_004,dumper,PREVENTIVE_MAINTENANCE,5.273,SYNTHETIC
2022-12-21,B,SYN_MINE_01,SYN_TRUCK_007,dumper,BREAKDOWN,0.1,SYNTHETIC
2022-12-22,A,SYN_MINE_01,SYN_DRILL_002,drill,BREAKDOWN,4.689,SYNTHETIC
2022-12-22,B,SYN_MINE_01,SYN_EXC_001,excavator,BREAKDOWN,6.862,SYNTHETIC
2022-12-22,A,SYN_MINE_01,SYN_EXC_002,excavator,PREVENTIVE_MAINTENANCE,6.876,SYNTHETIC
2022-12-22,C,SYN_MINE_01,SYN_TRUCK_011,dumper,BREAKDOWN,2.931,SYNTHETIC
2022-12-23,C,SYN_MINE_01,SYN_TRUCK_003,dumper,BREAKDOWN,1.129,SYNTHETIC
2022-12-24,ALL,SYN_MINE_01,SITE,site,WEATHER_SITE_STOPPAGE,9.43,SYNTHETIC
2022-12-24,C,SYN_MINE_01,SYN_TRUCK_004,dumper,BREAKDOWN,1.703,SYNTHETIC
2022-12-24,B,SYN_MINE_01,SYN_TRUCK_005,dumper,BREAKDOWN,3.715,SYNTHETIC
2022-12-24,B,SYN_MINE_01,SYN_TRUCK_011,dumper,BREAKDOWN,2.056,SYNTHETIC
2022-12-24,B,SYN_MINE_01,SYN_TRUCK_013,dumper,BREAKDOWN,2.926,SYNTHETIC
2022-12-25,C,SYN_MINE_01,SYN_DRILL_002,drill,BREAKDOWN,1.631,SYNTHETIC
2022-12-25,C,SYN_MINE_01,SYN_EXC_001,excavator,BREAKDOWN,1.377,SYNTHETIC
2022-12-25,B,SYN_MINE_01,SYN_TRUCK_012,dumper,BREAKDOWN,1.123,SYNTHETIC
2022-12-25,C,SYN_MINE_01,SYN_TRUCK_012,dumper,BREAKDOWN,3.008,SYNTHETIC
2022-12-26,A,SYN_MINE_01,SYN_EXC_001,excavator,PREVENTIVE_MAINTENANCE,7.0,SYNTHETIC
2022-12-26,B,SYN_MINE_01,SYN_TRUCK_001,dumper,BREAKDOWN,3.85,SYNTHETIC
2022-12-26,A,SYN_MINE_01,SYN_TRUCK_010,dumper,BREAKDOWN,0.408,SYNTHETIC
2022-12-26,A,SYN_MINE_01,SYN_TRUCK_011,dumper,BREAKDOWN,6.626,SYNTHETIC
2022-12-26,B,SYN_MINE_01,SYN_TRUCK_013,dumper,BREAKDOWN,3.073,SYNTHETIC
2022-12-27,A,SYN_MINE_01,SYN_TRUCK_005,dumper,BREAKDOWN,3.859,SYNTHETIC
2022-12-27,A,SYN_MINE_01,SYN_TRUCK_008,dumper,PREVENTIVE_MAINTENANCE,5.457,SYNTHETIC
2022-12-27,A,SYN_MINE_01,SYN_TRUCK_009,dumper,PREVENTIVE_MAINTENANCE,5.744,SYNTHETIC
2022-12-27,C,SYN_MINE_01,SYN_TRUCK_010,dumper,BREAKDOWN,5.408,SYNTHETIC
2022-12-28,B,SYN_MINE_01,SYN_DRILL_001,drill,BREAKDOWN,1.239,SYNTHETIC
2022-12-28,A,SYN_MINE_01,SYN_TRUCK_003,dumper,BREAKDOWN,1.418,SYNTHETIC
2022-12-28,A,SYN_MINE_01,SYN_TRUCK_005,dumper,PREVENTIVE_MAINTENANCE,6.356,SYNTHETIC
2022-12-28,C,SYN_MINE_01,SYN_TRUCK_005,dumper,BREAKDOWN,2.531,SYNTHETIC
2022-12-28,A,SYN_MINE_01,SYN_TRUCK_011,dumper,BREAKDOWN,5.447,SYNTHETIC
2022-12-28,A,SYN_MINE_01,SYN_TRUCK_013,dumper,PREVENTIVE_MAINTENANCE,5.677,SYNTHETIC
2022-12-29,A,SYN_MINE_01,SYN_DRILL_001,drill,BREAKDOWN,4.966,SYNTHETIC
2022-12-29,B,SYN_MINE_01,SYN_EXC_001,excavator,BREAKDOWN,6.827,SYNTHETIC
2022-12-29,A,SYN_MINE_01,SYN_TRUCK_001,dumper,PREVENTIVE_MAINTENANCE,7.0,SYNTHETIC
2022-12-29,C,SYN_MINE_01,SYN_TRUCK_008,dumper,BREAKDOWN,0.712,SYNTHETIC
2022-12-30,A,SYN_MINE_01,SYN_DRILL_002,drill,BREAKDOWN,0.087,SYNTHETIC
2022-12-30,A,SYN_MINE_01,SYN_TRUCK_003,dumper,BREAKDOWN,0.428,SYNTHETIC
2022-12-30,A,SYN_MINE_01,SYN_TRUCK_011,dumper,PREVENTIVE_MAINTENANCE,7.0,SYNTHETIC
2022-12-30,C,SYN_MINE_01,SYN_TRUCK_012,dumper,BREAKDOWN,2.93,SYNTHETIC
2022-12-31,A,SYN_MINE_01,SYN_DRILL_001,drill,PREVENTIVE_MAINTENANCE,4.163,SYNTHETIC
2022-12-31,A,SYN_MINE_01,SYN_TRUCK_002,dumper,PREVENTIVE_MAINTENANCE,7.0,SYNTHETIC
2022-12-31,C,SYN_MINE_01,SYN_TRUCK_005,dumper,BREAKDOWN,2.182,SYNTHETIC
2022-12-31,C,SYN_MINE_01,SYN_TRUCK_010,dumper,BREAKDOWN,2.541,SYNTHETIC
2022-12-31,C,SYN_MINE_01,SYN_TRUCK_011,dumper,BREAKDOWN,4.168,SYNTHETIC
2022-12-31,A,SYN_MINE_01,SYN_TRUCK_013,dumper,BREAKDOWN,3.884,SYNTHETIC
2023-01-01,A,SYN_MINE_01,SYN_DRILL_002,drill,PREVENTIVE_MAINTENANCE,4.135,SYNTHETIC
2023-01-01,B,SYN_MINE_01,SYN_TRUCK_006,dumper,BREAKDOWN,1.131,SYNTHETIC
2023-01-01,A,SYN_MINE_01,SYN_TRUCK_007,dumper,PREVENTIVE_MAINTENANCE,7.0,SYNTHETIC
2023-01-02,B,SYN_MINE_01,SYN_TRUCK_003,dumper,BREAKDOWN,4.412,SYNTHETIC
2023-01-02,B,SYN_MINE_01,SYN_TRUCK_005,dumper,BREAKDOWN,3.407,SYNTHETIC
2023-01-02,C,SYN_MINE_01,SYN_TRUCK_010,dumper,BREAKDOWN,0.971,SYNTHETIC
2023-01-03,A,SYN_MINE_01,SYN_DRILL_001,drill,BREAKDOWN,0.758,SYNTHETIC
2023-01-03,B,SYN_MINE_01,SYN_DRILL_002,drill,BREAKDOWN,2.878,SYNTHETIC
2023-01-03,B,SYN_MINE_01,SYN_EXC_001,excavator,BREAKDOWN,2.266,SYNTHETIC
2023-01-03,A,SYN_MINE_01,SYN_TRUCK_004,dumper,BREAKDOWN,3.427,SYNTHETIC
2023-01-04,A,SYN_MINE_01,SYN_TRUCK_010,dumper,PREVENTIVE_MAINTENANCE,4.214,SYNTHETIC
2023-01-05,C,SYN_MINE_01,SYN_DRILL_002,drill,BREAKDOWN,3.031,SYNTHETIC
2023-01-05,B,SYN_MINE_01,SYN_TRUCK_005,dumper,BREAKDOWN,2.654,SYNTHETIC
2023-01-05,C,SYN_MINE_01,SYN_TRUCK_007,dumper,BREAKDOWN,0.658,SYNTHETIC
2023-01-06,A,SYN_MINE_01,SYN_TRUCK_003,dumper,PREVENTIVE_MAINTENANCE,5.565,SYNTHETIC
2023-01-06,A,SYN_MINE_01,SYN_TRUCK_008,dumper,BREAKDOWN,4.549,SYNTHETIC
2023-01-07,A,SYN_MINE_01,SYN_EXC_002,excavator,PREVENTIVE_MAINTENANCE,7.0,SYNTHETIC
2023-01-07,A,SYN_MINE_01,SYN_TRUCK_006,dumper,PREVENTIVE_MAINTENANCE,4.206,SYNTHETIC
2023-01-07,A,SYN_MINE_01,SYN_TRUCK_009,dumper,BREAKDOWN,4.74,SYNTHETIC
2023-01-07,B,SYN_MINE_01,SYN_TRUCK_013,dumper,BREAKDOWN,6.81,SYNTHETIC
2023-01-08,B,SYN_MINE_01,SYN_TRUCK_007,dumper,BREAKDOWN,2.467,SYNTHETIC
2023-01-08,A,SYN_MINE_01,SYN_TRUCK_009,dumper,BREAKDOWN,2.02,SYNTHETIC
2023-01-09,C,SYN_MINE_01,SYN_DRILL_001,drill,BREAKDOWN,1.67,SYNTHETIC
2023-01-09,A,SYN_MINE_01,SYN_DRILL_002,drill,BREAKDOWN,0.625,SYNTHETIC
2023-01-09,B,SYN_MINE_01,SYN_TRUCK_002,dumper,BREAKDOWN,6.035,SYNTHETIC
2023-01-09,A,SYN_MINE_01,SYN_TRUCK_008,dumper,BREAKDOWN,3.848,SYNTHETIC
2023-01-09,B,SYN_MINE_01,SYN_TRUCK_008,dumper,BREAKDOWN,6.314,SYNTHETIC
2023-01-09,A,SYN_MINE_01,SYN_TRUCK_009,dumper,BREAKDOWN,5.012,SYNTHETIC
2023-01-09,A,SYN_MINE_01,SYN_TRUCK_012,dumper,PREVENTIVE_MAINTENANCE,5.023,SYNTHETIC
2023-01-10,A,SYN_MINE_01,SYN_TRUCK_004,dumper,PREVENTIVE_MAINTENANCE,5.136,SYNTHETIC
2023-01-11,A,SYN_MINE_01,SYN_DRILL_001,drill,PREVENTIVE_MAINTENANCE,4.165,SYNTHETIC
2023-01-11,A,SYN_MINE_01,SYN_DRILL_002,drill,BREAKDOWN,5.429,SYNTHETIC
2023-01-12,A,SYN_MINE_01,SYN_DRILL_001,drill,BREAKDOWN,6.245,SYNTHETIC
2023-01-12,A,SYN_MINE_01,SYN_EXC_001,excavator,PREVENTIVE_MAINTENANCE,7.0,SYNTHETIC
2023-01-12,A,SYN_MINE_01,SYN_EXC_002,excavator,BREAKDOWN,4.565,SYNTHETIC
2023-01-12,C,SYN_MINE_01,SYN_TRUCK_006,dumper,BREAKDOWN,5.941,SYNTHETIC
2023-01-12,B,SYN_MINE_01,SYN_TRUCK_008,dumper,BREAKDOWN,0.26,SYNTHETIC
2023-01-12,A,SYN_MINE_01,SYN_TRUCK_010,dumper,BREAKDOWN,0.096,SYNTHETIC
2023-01-12,A,SYN_MINE_01,SYN_TRUCK_012,dumper,BREAKDOWN,1.653,SYNTHETIC
2023-01-13,A,SYN_MINE_01,SYN_DRILL_002,drill,PREVENTIVE_MAINTENANCE,4.484,SYNTHETIC
2023-01-13,B,SYN_MINE_01,SYN_EXC_001,excavator,BREAKDOWN,6.084,SYNTHETIC
2023-01-13,B,SYN_MINE_01,SYN_TRUCK_013,dumper,BREAKDOWN,4.015,SYNTHETIC
2023-01-14,A,SYN_MINE_01,SYN_TRUCK_003,dumper,BREAKDOWN,2.878,SYNTHETIC
2023-01-14,B,SYN_MINE_01,SYN_TRUCK_003,dumper,BREAKDOWN,5.944,SYNTHETIC
2023-01-14,B,SYN_MINE_01,SYN_TRUCK_013,dumper,BREAKDOWN,0.296,SYNTHETIC
2023-01-15,B,SYN_MINE_01,SYN_DRILL_001,drill,BREAKDOWN,0.177,SYNTHETIC
2023-01-15,B,SYN_MINE_01,SYN_TRUCK_003,dumper,BREAKDOWN,1.976,SYNTHETIC
2023-01-15,B,SYN_MINE_01,SYN_TRUCK_004,dumper,BREAKDOWN,5.732,SYNTHETIC
2023-01-16,C,SYN_MINE_01,SYN_DRILL_001,drill,BREAKDOWN,2.542,SYNTHETIC
2023-01-16,B,SYN_MINE_01,SYN_DRILL_002,drill,BREAKDOWN,1.245,SYNTHETIC
2023-01-16,A,SYN_MINE_01,SYN_TRUCK_008,dumper,PREVENTIVE_MAINTENANCE,4.429,SYNTHETIC
2023-01-16,A,SYN_MINE_01,SYN_TRUCK_009,dumper,PREVENTIVE_MAINTENANCE,7.0,SYNTHETIC
2023-01-17,A,SYN_MINE_01,SYN_DRILL_001,drill,BREAKDOWN,3.534,SYNTHETIC
2023-01-17,A,SYN_MINE_01,SYN_EXC_001,excavator,BREAKDOWN,5.383,SYNTHETIC
2023-01-17,A,SYN_MINE_01,SYN_TRUCK_001,dumper,PREVENTIVE_MAINTENANCE,5.141,SYNTHETIC
2023-01-17,A,SYN_MINE_01,SYN_TRUCK_005,dumper,PREVENTIVE_MAINTENANCE,5.453,SYNTHETIC
2023-01-17,A,SYN_MINE_01,SYN_TRUCK_013,dumper,PREVENTIVE_MAINTENANCE,6.348,SYNTHETIC
2023-01-18,B,SYN_MINE_01,SYN_TRUCK_006,dumper,BREAKDOWN,5.449,SYNTHETIC
2023-01-18,B,SYN_MINE_01,SYN_TRUCK_008,dumper,BREAKDOWN,6.988,SYNTHETIC
2023-01-18,A,SYN_MINE_01,SYN_TRUCK_011,dumper,PREVENTIVE_MAINTENANCE,4.111,SYNTHETIC
2023-01-19,A,SYN_MINE_01,SYN_DRILL_002,drill,BREAKDOWN,4.423,SYNTHETIC
2023-01-19,A,SYN_MINE_01,SYN_TRUCK_002,dumper,PREVENTIVE_MAINTENANCE,7.0,SYNTHETIC
2023-01-20,A,SYN_MINE_01,SYN_TRUCK_001,dumper,BREAKDOWN,6.407,SYNTHETIC
2023-01-20,B,SYN_MINE_01,SYN_TRUCK_004,dumper,BREAKDOWN,2.67,SYNTHETIC
2023-01-20,A,SYN_MINE_01,SYN_TRUCK_007,dumper,PREVENTIVE_MAINTENANCE,6.118,SYNTHETIC
2023-01-20,A,SYN_MINE_01,SYN_TRUCK_010,dumper,BREAKDOWN,1.717,SYNTHETIC
2023-01-20,A,SYN_MINE_01,SYN_TRUCK_013,dumper,BREAKDOWN,4.307,SYNTHETIC
2023-01-20,B,SYN_MINE_01,SYN_TRUCK_013,dumper,BREAKDOWN,2.536,SYNTHETIC
2023-01-21,B,SYN_MINE_01,SYN_EXC_002,excavator,BREAKDOWN,4.917,SYNTHETIC
2023-01-21,B,SYN_MINE_01,SYN_TRUCK_007,dumper,BREAKDOWN,5.376,SYNTHETIC
2023-01-21,A,SYN_MINE_01,SYN_TRUCK_010,dumper,BREAKDOWN,0.698,SYNTHETIC
2023-01-21,C,SYN_MINE_01,SYN_TRUCK_010,dumper,BREAKDOWN,3.806,SYNTHETIC
2023-01-22,C,SYN_MINE_01,SYN_DRILL_001,drill,BREAKDOWN,0.968,SYNTHETIC
2023-01-22,A,SYN_MINE_01,SYN_DRILL_002,drill,BREAKDOWN,3.519,SYNTHETIC
2023-01-22,B,SYN_MINE_01,SYN_TRUCK_012,dumper,BREAKDOWN,6.897,SYNTHETIC
2023-01-23,A,SYN_MINE_01,SYN_DRILL_001,drill,PREVENTIVE_MAINTENANCE,4.072,SYNTHETIC
2023-01-23,B,SYN_MINE_01,SYN_TRUCK_007,dumper,BREAKDOWN,2.48,SYNTHETIC
2023-01-24,A,SYN_MINE_01,SYN_EXC_002,excavator,PREVENTIVE_MAINTENANCE,7.0,SYNTHETIC
2023-01-24,A,SYN_MINE_01,SYN_TRUCK_010,dumper,PREVENTIVE_MAINTENANCE,6.563,SYNTHETIC
2023-01-24,B,SYN_MINE_01,SYN_TRUCK_010,dumper,BREAKDOWN,3.977,SYNTHETIC
2023-01-24,C,SYN_MINE_01,SYN_TRUCK_012,dumper,BREAKDOWN,0.725,SYNTHETIC
2023-01-25,A,SYN_MINE_01,SYN_DRILL_002,drill,PREVENTIVE_MAINTENANCE,5.498,SYNTHETIC
2023-01-25,A,SYN_MINE_01,SYN_EXC_001,excavator,BREAKDOWN,1.745,SYNTHETIC
2023-01-25,A,SYN_MINE_01,SYN_TRUCK_001,dumper,BREAKDOWN,2.11,SYNTHETIC
2023-01-25,A,SYN_MINE_01,SYN_TRUCK_006,dumper,BREAKDOWN,2.13,SYNTHETIC
2023-01-25,B,SYN_MINE_01,SYN_TRUCK_008,dumper,BREAKDOWN,5.416,SYNTHETIC
2023-01-26,A,SYN_MINE_01,SYN_EXC_002,excavator,BREAKDOWN,1.551,SYNTHETIC
2023-01-26,A,SYN_MINE_01,SYN_TRUCK_002,dumper,BREAKDOWN,2.376,SYNTHETIC
2023-01-26,B,SYN_MINE_01,SYN_TRUCK_010,dumper,BREAKDOWN,3.756,SYNTHETIC
2023-01-27,C,SYN_MINE_01,SYN_DRILL_002,drill,BREAKDOWN,2.261,SYNTHETIC
2023-01-27,A,SYN_MINE_01,SYN_TRUCK_003,dumper,PREVENTIVE_MAINTENANCE,4.322,SYNTHETIC
2023-01-27,A,SYN_MINE_01,SYN_TRUCK_006,dumper,PREVENTIVE_MAINTENANCE,5.927,SYNTHETIC
2023-01-27,A,SYN_MINE_01,SYN_TRUCK_008,dumper,BREAKDOWN,2.608,SYNTHETIC
2023-01-28,B,SYN_MINE_01,SYN_TRUCK_004,dumper,BREAKDOWN,1.904,SYNTHETIC
2023-01-28,A,SYN_MINE_01,SYN_TRUCK_009,dumper,BREAKDOWN,2.343,SYNTHETIC
2023-01-28,C,SYN_MINE_01,SYN_TRUCK_010,dumper,BREAKDOWN,3.731,SYNTHETIC
2023-01-28,A,SYN_MINE_01,SYN_TRUCK_012,dumper,PREVENTIVE_MAINTENANCE,5.779,SYNTHETIC
2023-01-28,C,SYN_MINE_01,SYN_TRUCK_012,dumper,BREAKDOWN,1.0,SYNTHETIC
2023-01-28,B,SYN_MINE_01,SYN_TRUCK_013,dumper,BREAKDOWN,4.684,SYNTHETIC
2023-01-29,A,SYN_MINE_01,SYN_DRILL_002,drill,BREAKDOWN,0.85,SYNTHETIC
2023-01-29,B,SYN_MINE_01,SYN_TRUCK_005,dumper,BREAKDOWN,2.756,SYNTHETIC
2023-01-29,A,SYN_MINE_01,SYN_TRUCK_006,dumper,BREAKDOWN,4.325,SYNTHETIC
2023-01-30,A,SYN_MINE_01,SYN_EXC_001,excavator,PREVENTIVE_MAINTENANCE,7.0,SYNTHETIC
2023-01-30,A,SYN_MINE_01,SYN_TRUCK_002,dumper,BREAKDOWN,4.421,SYNTHETIC
2023-01-30,B,SYN_MINE_01,SYN_TRUCK_004,dumper,BREAKDOWN,1.278,SYNTHETIC
2023-01-30,A,SYN_MINE_01,SYN_TRUCK_005,dumper,BREAKDOWN,2.789,SYNTHETIC
2023-01-31,A,SYN_MINE_01,SYN_TRUCK_004,dumper,PREVENTIVE_MAINTENANCE,6.195,SYNTHETIC
2023-01-31,A,SYN_MINE_01,SYN_TRUCK_007,dumper,BREAKDOWN,0.796,SYNTHETIC
2023-02-01,A,SYN_MINE_01,SYN_EXC_002,excavator,BREAKDOWN,6.485,SYNTHETIC
2023-02-01,C,SYN_MINE_01,SYN_TRUCK_001,dumper,BREAKDOWN,4.098,SYNTHETIC
2023-02-01,C,SYN_MINE_01,SYN_TRUCK_003,dumper,BREAKDOWN,0.901,SYNTHETIC
2023-02-01,A,SYN_MINE_01,SYN_TRUCK_007,dumper,BREAKDOWN,6.525,SYNTHETIC
2023-02-02,B,SYN_MINE_01,SYN_DRILL_002,drill,BREAKDOWN,0.838,SYNTHETIC
2023-02-02,B,SYN_MINE_01,SYN_TRUCK_007,dumper,BREAKDOWN,3.15,SYNTHETIC
2023-02-03,A,SYN_MINE_01,SYN_DRILL_001,drill,PREVENTIVE_MAINTENANCE,5.336,SYNTHETIC
2023-02-03,C,SYN_MINE_01,SYN_TRUCK_002,dumper,BREAKDOWN,5.054,SYNTHETIC
2023-02-03,C,SYN_MINE_01,SYN_TRUCK_005,dumper,BREAKDOWN,2.911,SYNTHETIC
2023-02-03,B,SYN_MINE_01,SYN_TRUCK_011,dumper,BREAKDOWN,6.484,SYNTHETIC
2023-02-03,A,SYN_MINE_01,SYN_TRUCK_012,dumper,BREAKDOWN,4.026,SYNTHETIC
2023-02-04,A,SYN_MINE_01,SYN_TRUCK_009,dumper,PREVENTIVE_MAINTENANCE,7.0,SYNTHETIC
2023-02-04,A,SYN_MINE_01,SYN_TRUCK_013,dumper,BREAKDOWN,2.679,SYNTHETIC
2023-02-04,B,SYN_MINE_01,SYN_TRUCK_013,dumper,BREAKDOWN,6.007,SYNTHETIC
2023-02-05,C,SYN_MINE_01,SYN_DRILL_001,drill,BREAKDOWN,1.01,SYNTHETIC
2023-02-05,A,SYN_MINE_01,SYN_DRILL_002,drill,PREVENTIVE_MAINTENANCE,5.31,SYNTHETIC
2023-02-05,B,SYN_MINE_01,SYN_TRUCK_003,dumper,BREAKDOWN,5.723,SYNTHETIC
2023-02-05,A,SYN_MINE_01,SYN_TRUCK_008,dumper,PREVENTIVE_MAINTENANCE,6.809,SYNTHETIC
2023-02-05,A,SYN_MINE_01,SYN_TRUCK_009,dumper,BREAKDOWN,6.205,SYNTHETIC
2023-02-05,B,SYN_MINE_01,SYN_TRUCK_011,dumper,BREAKDOWN,4.565,SYNTHETIC
2023-02-06,A,SYN_MINE_01,SYN_DRILL_002,drill,BREAKDOWN,1.354,SYNTHETIC
2023-02-06,B,SYN_MINE_01,SYN_DRILL_002,drill,BREAKDOWN,2.257,SYNTHETIC
2023-02-06,A,SYN_MINE_01,SYN_TRUCK_001,dumper,PREVENTIVE_MAINTENANCE,7.0,SYNTHETIC
2023-02-06,C,SYN_MINE_01,SYN_TRUCK_004,dumper,BREAKDOWN,2.444,SYNTHETIC
2023-02-06,A,SYN_MINE_01,SYN_TRUCK_005,dumper,PREVENTIVE_MAINTENANCE,6.088,SYNTHETIC
2023-02-06,A,SYN_MINE_01,SYN_TRUCK_012,dumper,BREAKDOWN,4.82,SYNTHETIC
2023-02-06,A,SYN_MINE_01,SYN_TRUCK_013,dumper,PREVENTIVE_MAINTENANCE,5.859,SYNTHETIC
2023-02-07,B,SYN_MINE_01,SYN_DRILL_001,drill,BREAKDOWN,4.299,SYNTHETIC
2023-02-07,C,SYN_MINE_01,SYN_DRILL_001,drill,BREAKDOWN,2.773,SYNTHETIC
2023-02-07,A,SYN_MINE_01,SYN_DRILL_002,drill,BREAKDOWN,0.596,SYNTHETIC
2023-02-07,A,SYN_MINE_01,SYN_TRUCK_011,dumper,PREVENTIVE_MAINTENANCE,7.0,SYNTHETIC
2023-02-07,B,SYN_MINE_01,SYN_TRUCK_012,dumper,BREAKDOWN,2.591,SYNTHETIC
2023-02-08,A,SYN_MINE_01,SYN_TRUCK_002,dumper,PREVENTIVE_MAINTENANCE,7.0,SYNTHETIC
2023-02-09,A,SYN_MINE_01,SYN_TRUCK_007,dumper,PREVENTIVE_MAINTENANCE,5.241,SYNTHETIC
2023-02-10,A,SYN_MINE_01,SYN_EXC_002,excavator,PREVENTIVE_MAINTENANCE,7.0,SYNTHETIC
2023-02-10,C,SYN_MINE_01,SYN_TRUCK_003,dumper,BREAKDOWN,4.975,SYNTHETIC
2023-02-10,C,SYN_MINE_01,SYN_TRUCK_005,dumper,BREAKDOWN,1.558,SYNTHETIC
2023-02-10,A,SYN_MINE_01,SYN_TRUCK_009,dumper,BREAKDOWN,6.54,SYNTHETIC
2023-02-10,A,SYN_MINE_01,SYN_TRUCK_012,dumper,BREAKDOWN,0.712,SYNTHETIC
2023-02-11,C,SYN_MINE_01,SYN_TRUCK_002,dumper,BREAKDOWN,5.909,SYNTHETIC
2023-02-11,A,SYN_MINE_01,SYN_TRUCK_007,dumper,BREAKDOWN,5.432,SYNTHETIC
2023-02-12,A,SYN_MINE_01,SYN_DRILL_001,drill,BREAKDOWN,4.143,SYNTHETIC
2023-02-12,A,SYN_MINE_01,SYN_TRUCK_009,dumper,BREAKDOWN,4.073,SYNTHETIC
2023-02-13,C,SYN_MINE_01,SYN_DRILL_001,drill,BREAKDOWN,3.495,SYNTHETIC
2023-02-14,A,SYN_MINE_01,SYN_TRUCK_010,dumper,PREVENTIVE_MAINTENANCE,6.333,SYNTHETIC
2023-02-15,A,SYN_MINE_01,SYN_DRILL_001,drill,PREVENTIVE_MAINTENANCE,4.845,SYNTHETIC
2023-02-15,A,SYN_MINE_01,SYN_EXC_001,excavator,PREVENTIVE_MAINTENANCE,7.0,SYNTHETIC
2023-02-15,C,SYN_MINE_01,SYN_TRUCK_001,dumper,BREAKDOWN,1.81,SYNTHETIC
2023-02-15,A,SYN_MINE_01,SYN_TRUCK_006,dumper,PREVENTIVE_MAINTENANCE,4.507,SYNTHETIC
2023-02-15,A,SYN_MINE_01,SYN_TRUCK_007,dumper,BREAKDOWN,1.246,SYNTHETIC
2023-02-16,A,SYN_MINE_01,SYN_DRILL_002,drill,PREVENTIVE_MAINTENANCE,5.943,SYNTHETIC
2023-02-16,B,SYN_MINE_01,SYN_EXC_002,excavator,BREAKDOWN,3.437,SYNTHETIC
2023-02-16,A,SYN_MINE_01,SYN_TRUCK_003,dumper,PREVENTIVE_MAINTENANCE,4.738,SYNTHETIC
2023-02-16,C,SYN_MINE_01,SYN_TRUCK_004,dumper,BREAKDOWN,1.938,SYNTHETIC
2023-02-16,B,SYN_MINE_01,SYN_TRUCK_005,dumper,BREAKDOWN,5.773,SYNTHETIC
2023-02-16,C,SYN_MINE_01,SYN_TRUCK_005,dumper,BREAKDOWN,4.473,SYNTHETIC
2023-02-17,B,SYN_MINE_01,SYN_EXC_002,excavator,BREAKDOWN,1.375,SYNTHETIC
2023-02-17,B,SYN_MINE_01,SYN_TRUCK_003,dumper,BREAKDOWN,3.426,SYNTHETIC
2023-02-17,C,SYN_MINE_01,SYN_TRUCK_009,dumper,BREAKDOWN,1.617,SYNTHETIC
2023-02-17,A,SYN_MINE_01,SYN_TRUCK_013,dumper,BREAKDOWN,4.953,SYNTHETIC
2023-02-18,B,SYN_MINE_01,SYN_EXC_002,excavator,BREAKDOWN,1.339,SYNTHETIC
2023-02-18,A,SYN_MINE_01,SYN_TRUCK_006,dumper,BREAKDOWN,2.655,SYNTHETIC
2023-02-19,ALL,SYN_MINE_01,SITE,site,WEATHER_SITE_STOPPAGE,11.13,SYNTHETIC
2023-02-19,B,SYN_MINE_01,SYN_DRILL_001,drill,BREAKDOWN,1.178,SYNTHETIC
2023-02-19,A,SYN_MINE_01,SYN_TRUCK_003,dumper,BREAKDOWN,4.488,SYNTHETIC
2023-02-19,A,SYN_MINE_01,SYN_TRUCK_004,dumper,PREVENTIVE_MAINTENANCE,5.622,SYNTHETIC
2023-02-19,A,SYN_MINE_01,SYN_TRUCK_006,dumper,BREAKDOWN,0.623,SYNTHETIC
2023-02-19,A,SYN_MINE_01,SYN_TRUCK_012,dumper,PREVENTIVE_MAINTENANCE,5.393,SYNTHETIC
2023-02-20,A,SYN_MINE_01,SYN_TRUCK_001,dumper,BREAKDOWN,1.773,SYNTHETIC
2023-02-20,B,SYN_MINE_01,SYN_TRUCK_005,dumper,BREAKDOWN,1.823,SYNTHETIC
2023-02-20,C,SYN_MINE_01,SYN_TRUCK_006,dumper,BREAKDOWN,2.416,SYNTHETIC
2023-02-21,B,SYN_MINE_01,SYN_EXC_001,excavator,BREAKDOWN,4.304,SYNTHETIC
2023-02-21,A,SYN_MINE_01,SYN_TRUCK_004,dumper,BREAKDOWN,3.11,SYNTHETIC
2023-02-21,A,SYN_MINE_01,SYN_TRUCK_007,dumper,BREAKDOWN,0.311,SYNTHETIC
2023-02-21,A,SYN_MINE_01,SYN_TRUCK_010,dumper,BREAKDOWN,0.528,SYNTHETIC
2023-02-21,A,SYN_MINE_01,SYN_TRUCK_012,dumper,BREAKDOWN,4.128,SYNTHETIC
2023-02-21,A,SYN_MINE_01,SYN_TRUCK_013,dumper,BREAKDOWN,1.331,SYNTHETIC
2023-02-22,B,SYN_MINE_01,SYN_DRILL_001,drill,BREAKDOWN,4.337,SYNTHETIC
2023-02-22,B,SYN_MINE_01,SYN_EXC_002,excavator,BREAKDOWN,2.156,SYNTHETIC
2023-02-22,B,SYN_MINE_01,SYN_TRUCK_003,dumper,BREAKDOWN,1.657,SYNTHETIC
2023-02-22,A,SYN_MINE_01,SYN_TRUCK_011,dumper,BREAKDOWN,2.092,SYNTHETIC
2023-02-23,A,SYN_MINE_01,SYN_DRILL_001,drill,BREAKDOWN,2.95,SYNTHETIC
2023-02-23,C,SYN_MINE_01,SYN_TRUCK_002,dumper,BREAKDOWN,3.536,SYNTHETIC
2023-02-23,A,SYN_MINE_01,SYN_TRUCK_005,dumper,BREAKDOWN,0.479,SYNTHETIC
2023-02-23,B,SYN_MINE_01,SYN_TRUCK_006,dumper,BREAKDOWN,4.433,SYNTHETIC
2023-02-23,A,SYN_MINE_01,SYN_TRUCK_008,dumper,BREAKDOWN,3.824,SYNTHETIC
2023-02-23,C,SYN_MINE_01,SYN_TRUCK_009,dumper,BREAKDOWN,0.629,SYNTHETIC
2023-02-24,B,SYN_MINE_01,SYN_TRUCK_001,dumper,BREAKDOWN,2.686,SYNTHETIC
2023-02-24,A,SYN_MINE_01,SYN_TRUCK_003,dumper,BREAKDOWN,2.215,SYNTHETIC
2023-02-24,C,SYN_MINE_01,SYN_TRUCK_004,dumper,BREAKDOWN,1.73,SYNTHETIC
2023-02-24,C,SYN_MINE_01,SYN_TRUCK_013,dumper,BREAKDOWN,5.581,SYNTHETIC
2023-02-25,B,SYN_MINE_01,SYN_DRILL_001,drill,BREAKDOWN,5.055,SYNTHETIC
2023-02-25,A,SYN_MINE_01,SYN_TRUCK_008,dumper,PREVENTIVE_MAINTENANCE,5.353,SYNTHETIC
2023-02-25,B,SYN_MINE_01,SYN_TRUCK_010,dumper,BREAKDOWN,0.309,SYNTHETIC
2023-02-25,A,SYN_MINE_01,SYN_TRUCK_012,dumper,BREAKDOWN,4.271,SYNTHETIC
2023-02-26,A,SYN_MINE_01,SYN_DRILL_002,drill,BREAKDOWN,0.513,SYNTHETIC
2023-02-26,A,SYN_MINE_01,SYN_TRUCK_001,dumper,PREVENTIVE_MAINTENANCE,7.0,SYNTHETIC
2023-02-26,A,SYN_MINE_01,SYN_TRUCK_005,dumper,PREVENTIVE_MAINTENANCE,4.173,SYNTHETIC
2023-02-26,A,SYN_MINE_01,SYN_TRUCK_009,dumper,PREVENTIVE_MAINTENANCE,5.185,SYNTHETIC
2023-02-26,A,SYN_MINE_01,SYN_TRUCK_010,dumper,BREAKDOWN,0.706,SYNTHETIC
2023-02-27,A,SYN_MINE_01,SYN_DRILL_001,drill,PREVENTIVE_MAINTENANCE,5.51,SYNTHETIC
2023-02-27,B,SYN_MINE_01,SYN_EXC_002,excavator,BREAKDOWN,0.998,SYNTHETIC
2023-02-27,B,SYN_MINE_01,SYN_TRUCK_003,dumper,BREAKDOWN,1.362,SYNTHETIC
2023-02-27,C,SYN_MINE_01,SYN_TRUCK_004,dumper,BREAKDOWN,3.693,SYNTHETIC
2023-02-27,A,SYN_MINE_01,SYN_TRUCK_011,dumper,PREVENTIVE_MAINTENANCE,5.576,SYNTHETIC
2023-02-27,B,SYN_MINE_01,SYN_TRUCK_011,dumper,BREAKDOWN,2.625,SYNTHETIC
2023-02-27,A,SYN_MINE_01,SYN_TRUCK_013,dumper,PREVENTIVE_MAINTENANCE,5.211,SYNTHETIC
2023-02-28,A,SYN_MINE_01,SYN_DRILL_002,drill,PREVENTIVE_MAINTENANCE,4.722,SYNTHETIC
2023-02-28,C,SYN_MINE_01,SYN_EXC_002,excavator,BREAKDOWN,4.975,SYNTHETIC
2023-02-28,A,SYN_MINE_01,SYN_TRUCK_002,dumper,PREVENTIVE_MAINTENANCE,7.0,SYNTHETIC
2023-02-28,C,SYN_MINE_01,SYN_TRUCK_003,dumper,BREAKDOWN,5.57,SYNTHETIC
2023-02-28,C,SYN_MINE_01,SYN_TRUCK_004,dumper,BREAKDOWN,1.466,SYNTHETIC
2023-02-28,C,SYN_MINE_01,SYN_TRUCK_011,dumper,BREAKDOWN,0.814,SYNTHETIC
2023-03-01,A,SYN_MINE_01,SYN_DRILL_002,drill,BREAKDOWN,1.149,SYNTHETIC
2023-03-01,C,SYN_MINE_01,SYN_TRUCK_006,dumper,BREAKDOWN,4.016,SYNTHETIC
2023-03-01,B,SYN_MINE_01,SYN_TRUCK_009,dumper,BREAKDOWN,1.676,SYNTHETIC
2023-03-02,A,SYN_MINE_01,SYN_EXC_002,excavator,PREVENTIVE_MAINTENANCE,7.0,SYNTHETIC
2023-03-02,A,SYN_MINE_01,SYN_TRUCK_005,dumper,BREAKDOWN,2.235,SYNTHETIC
2023-03-02,A,SYN_MINE_01,SYN_TRUCK_007,dumper,PREVENTIVE_MAINTENANCE,5.175,SYNTHETIC
2023-03-03,A,SYN_MINE_01,SYN_EXC_001,excavator,PREVENTIVE_MAINTENANCE,7.0,SYNTHETIC
2023-03-03,C,SYN_MINE_01,SYN_EXC_002,excavator,BREAKDOWN,5.067,SYNTHETIC
2023-03-04,A,SYN_MINE_01,SYN_DRILL_001,drill,BREAKDOWN,4.969,SYNTHETIC
2023-03-04,C,SYN_MINE_01,SYN_EXC_001,excavator,BREAKDOWN,3.659,SYNTHETIC
2023-03-04,A,SYN_MINE_01,SYN_TRUCK_002,dumper,BREAKDOWN,2.674,SYNTHETIC
2023-03-04,A,SYN_MINE_01,SYN_TRUCK_007,dumper,BREAKDOWN,4.851,SYNTHETIC
2023-03-04,C,SYN_MINE_01,SYN_TRUCK_007,dumper,BREAKDOWN,1.974,SYNTHETIC
2023-03-04,B,SYN_MINE_01,SYN_TRUCK_009,dumper,BREAKDOWN,4.643,SYNTHETIC
2023-03-05,A,SYN_MINE_01,SYN_TRUCK_001,dumper,BREAKDOWN,1.612,SYNTHETIC
2023-03-05,B,SYN_MINE_01,SYN_TRUCK_012,dumper,BREAKDOWN,2.355,SYNTHETIC
2023-03-06,A,SYN_MINE_01,SYN_TRUCK_008,dumper,BREAKDOWN,3.932,SYNTHETIC
2023-03-06,C,SYN_MINE_01,SYN_TRUCK_009,dumper,BREAKDOWN,5.959,SYNTHETIC
2023-03-06,A,SYN_MINE_01,SYN_TRUCK_010,dumper,PREVENTIVE_MAINTENANCE,4.542,SYNTHETIC
2023-03-06,A,SYN_MINE_01,SYN_TRUCK_013,dumper,BREAKDOWN,3.195,SYNTHETIC
2023-03-07,ALL,SYN_MINE_01,SITE,site,WEATHER_SITE_STOPPAGE,8.26,SYNTHETIC
2023-03-07,B,SYN_MINE_01,SYN_TRUCK_010,dumper,BREAKDOWN,4.384,SYNTHETIC
2023-03-07,A,SYN_MINE_01,SYN_TRUCK_012,dumper,BREAKDOWN,1.545,SYNTHETIC
2023-03-08,A,SYN_MINE_01,SYN_TRUCK_002,dumper,BREAKDOWN,3.965,SYNTHETIC
2023-03-08,C,SYN_MINE_01,SYN_TRUCK_003,dumper,BREAKDOWN,1.861,SYNTHETIC
2023-03-08,B,SYN_MINE_01,SYN_TRUCK_006,dumper,BREAKDOWN,4.034,SYNTHETIC
2023-03-08,B,SYN_MINE_01,SYN_TRUCK_009,dumper,BREAKDOWN,2.33,SYNTHETIC
2023-03-09,B,SYN_MINE_01,SYN_DRILL_001,drill,BREAKDOWN,0.626,SYNTHETIC
2023-03-09,A,SYN_MINE_01,SYN_TRUCK_006,dumper,PREVENTIVE_MAINTENANCE,5.918,SYNTHETIC
2023-03-09,A,SYN_MINE_01,SYN_TRUCK_008,dumper,BREAKDOWN,4.597,SYNTHETIC
2023-03-09,B,SYN_MINE_01,SYN_TRUCK_012,dumper,BREAKDOWN,0.773,SYNTHETIC
2023-03-10,C,SYN_MINE_01,SYN_DRILL_001,drill,BREAKDOWN,4.905,SYNTHETIC
2023-03-10,A,SYN_MINE_01,SYN_TRUCK_008,dumper,BREAKDOWN,3.076,SYNTHETIC
2023-03-11,A,SYN_MINE_01,SYN_DRILL_002,drill,PREVENTIVE_MAINTENANCE,5.862,SYNTHETIC
2023-03-11,A,SYN_MINE_01,SYN_TRUCK_003,dumper,PREVENTIVE_MAINTENANCE,4.701,SYNTHETIC
2023-03-11,B,SYN_MINE_01,SYN_TRUCK_004,dumper,BREAKDOWN,5.209,SYNTHETIC
2023-03-11,C,SYN_MINE_01,SYN_TRUCK_009,dumper,BREAKDOWN,2.921,SYNTHETIC
2023-03-12,A,SYN_MINE_01,SYN_DRILL_001,drill,PREVENTIVE_MAINTENANCE,4.155,SYNTHETIC
2023-03-12,B,SYN_MINE_01,SYN_TRUCK_002,dumper,BREAKDOWN,3.071,SYNTHETIC
2023-03-12,A,SYN_MINE_01,SYN_TRUCK_004,dumper,PREVENTIVE_MAINTENANCE,6.31,SYNTHETIC
2023-03-12,B,SYN_MINE_01,SYN_TRUCK_009,dumper,BREAKDOWN,3.747,SYNTHETIC
2023-03-13,B,SYN_MINE_01,SYN_EXC_001,excavator,BREAKDOWN,1.604,SYNTHETIC
2023-03-13,A,SYN_MINE_01,SYN_TRUCK_007,dumper,BREAKDOWN,1.223,SYNTHETIC
2023-03-13,B,SYN_MINE_01,SYN_TRUCK_007,dumper,BREAKDOWN,5.18,SYNTHETIC
2023-03-13,A,SYN_MINE_01,SYN_TRUCK_012,dumper,PREVENTIVE_MAINTENANCE,7.0,SYNTHETIC
2023-03-13,A,SYN_MINE_01,SYN_TRUCK_013,dumper,BREAKDOWN,2.341,SYNTHETIC
2023-03-14,C,SYN_MINE_01,SYN_DRILL_002,drill,BREAKDOWN,5.49,SYNTHETIC
2023-03-14,B,SYN_MINE_01,SYN_EXC_001,excavator,BREAKDOWN,6.926,SYNTHETIC
2023-03-14,A,SYN_MINE_01,SYN_EXC_002,excavator,BREAKDOWN,1.284,SYNTHETIC
2023-03-14,C,SYN_MINE_01,SYN_EXC_002,excavator,BREAKDOWN,3.262,SYNTHETIC
2023-03-14,B,SYN_MINE_01,SYN_TRUCK_001,dumper,BREAKDOWN,2.931,SYNTHETIC
2023-03-14,C,SYN_MINE_01,SYN_TRUCK_004,dumper,BREAKDOWN,2.135,SYNTHETIC
2023-03-15,C,SYN_MINE_01,SYN_TRUCK_006,dumper,BREAKDOWN,1.205,SYNTHETIC
2023-03-15,A,SYN_MINE_01,SYN_TRUCK_012,dumper,BREAKDOWN,3.639,SYNTHETIC
2023-03-17,C,SYN_MINE_01,SYN_DRILL_002,drill,BREAKDOWN,3.163,SYNTHETIC
2023-03-17,A,SYN_MINE_01,SYN_TRUCK_005,dumper,PREVENTIVE_MAINTENANCE,6.256,SYNTHETIC
2023-03-17,A,SYN_MINE_01,SYN_TRUCK_008,dumper,PREVENTIVE_MAINTENANCE,4.047,SYNTHETIC
2023-03-17,A,SYN_MINE_01,SYN_TRUCK_012,dumper,BREAKDOWN,2.98,SYNTHETIC
2023-03-18,C,SYN_MINE_01,SYN_DRILL_001,drill,BREAKDOWN,1.004,SYNTHETIC
2023-03-18,A,SYN_MINE_01,SYN_TRUCK_001,dumper,PREVENTIVE_MAINTENANCE,4.24,SYNTHETIC
2023-03-18,A,SYN_MINE_01,SYN_TRUCK_013,dumper,BREAKDOWN,1.756,SYNTHETIC
2023-03-19,A,SYN_MINE_01,SYN_EXC_002,excavator,PREVENTIVE_MAINTENANCE,7.0,SYNTHETIC
2023-03-19,B,SYN_MINE_01,SYN_TRUCK_003,dumper,BREAKDOWN,6.983,SYNTHETIC
2023-03-19,A,SYN_MINE_01,SYN_TRUCK_006,dumper,BREAKDOWN,1.133,SYNTHETIC
2023-03-19,A,SYN_MINE_01,SYN_TRUCK_009,dumper,PREVENTIVE_MAINTENANCE,6.722,SYNTHETIC
2023-03-19,A,SYN_MINE_01,SYN_TRUCK_011,dumper,PREVENTIVE_MAINTENANCE,5.757,SYNTHETIC
2023-03-19,A,SYN_MINE_01,SYN_TRUCK_013,dumper,PREVENTIVE_MAINTENANCE,7.0,SYNTHETIC
2023-03-20,A,SYN_MINE_01,SYN_TRUCK_002,dumper,PREVENTIVE_MAINTENANCE,6.665,SYNTHETIC
2023-03-20,B,SYN_MINE_01,SYN_TRUCK_005,dumper,BREAKDOWN,5.663,SYNTHETIC
2023-03-21,B,SYN_MINE_01,SYN_DRILL_001,drill,BREAKDOWN,2.074,SYNTHETIC
2023-03-21,C,SYN_MINE_01,SYN_DRILL_001,drill,BREAKDOWN,5.181,SYNTHETIC
2023-03-21,B,SYN_MINE_01,SYN_EXC_002,excavator,BREAKDOWN,4.429,SYNTHETIC
2023-03-21,A,SYN_MINE_01,SYN_TRUCK_007,dumper,BREAKDOWN,2.445,SYNTHETIC
2023-03-22,ALL,SYN_MINE_01,SITE,site,POWER_OUTAGE,3.51,SYNTHETIC
2023-03-22,A,SYN_MINE_01,SYN_EXC_001,excavator,PREVENTIVE_MAINTENANCE,6.759,SYNTHETIC
2023-03-22,B,SYN_MINE_01,SYN_TRUCK_002,dumper,BREAKDOWN,4.294,SYNTHETIC
2023-03-22,B,SYN_MINE_01,SYN_TRUCK_010,dumper,BREAKDOWN,1.937,SYNTHETIC
2023-03-23,B,SYN_MINE_01,SYN_DRILL_001,drill,BREAKDOWN,3.646,SYNTHETIC
2023-03-23,A,SYN_MINE_01,SYN_DRILL_002,drill,PREVENTIVE_MAINTENANCE,5.43,SYNTHETIC
2023-03-23,A,SYN_MINE_01,SYN_TRUCK_007,dumper,PREVENTIVE_MAINTENANCE,6.272,SYNTHETIC
2023-03-23,C,SYN_MINE_01,SYN_TRUCK_010,dumper,BREAKDOWN,1.647,SYNTHETIC
2023-03-24,A,SYN_MINE_01,SYN_TRUCK_003,dumper,BREAKDOWN,6.069,SYNTHETIC
2023-03-24,A,SYN_MINE_01,SYN_TRUCK_004,dumper,BREAKDOWN,0.394,SYNTHETIC
2023-03-25,A,SYN_MINE_01,SYN_DRILL_001,drill,PREVENTIVE_MAINTENANCE,5.784,SYNTHETIC
2023-03-25,C,SYN_MINE_01,SYN_EXC_002,excavator,BREAKDOWN,0.802,SYNTHETIC
2023-03-25,A,SYN_MINE_01,SYN_TRUCK_011,dumper,BREAKDOWN,5.968,SYNTHETIC
2023-03-25,B,SYN_MINE_01,SYN_TRUCK_013,dumper,BREAKDOWN,3.271,SYNTHETIC
2023-03-26,C,SYN_MINE_01,SYN_TRUCK_001,dumper,BREAKDOWN,5.844,SYNTHETIC
2023-03-26,A,SYN_MINE_01,SYN_TRUCK_007,dumper,BREAKDOWN,2.275,SYNTHETIC
2023-03-26,A,SYN_MINE_01,SYN_TRUCK_010,dumper,PREVENTIVE_MAINTENANCE,5.52,SYNTHETIC
2023-03-26,A,SYN_MINE_01,SYN_TRUCK_012,dumper,BREAKDOWN,5.973,SYNTHETIC
2023-03-26,A,SYN_MINE_01,SYN_TRUCK_013,dumper,BREAKDOWN,3.869,SYNTHETIC
2023-03-27,C,SYN_MINE_01,SYN_EXC_002,excavator,BREAKDOWN,1.741,SYNTHETIC
2023-03-27,C,SYN_MINE_01,SYN_TRUCK_011,dumper,BREAKDOWN,3.09,SYNTHETIC
2023-03-27,A,SYN_MINE_01,SYN_TRUCK_013,dumper,BREAKDOWN,3.822,SYNTHETIC
2023-03-28,A,SYN_MINE_01,SYN_TRUCK_006,dumper,PREVENTIVE_MAINTENANCE,6.11,SYNTHETIC
2023-03-28,A,SYN_MINE_01,SYN_TRUCK_008,dumper,BREAKDOWN,1.886,SYNTHETIC
2023-03-28,B,SYN_MINE_01,SYN_TRUCK_011,dumper,BREAKDOWN,2.712,SYNTHETIC
2023-03-29,B,SYN_MINE_01,SYN_DRILL_001,drill,BREAKDOWN,3.428,SYNTHETIC
2023-03-29,B,SYN_MINE_01,SYN_DRILL_002,drill,BREAKDOWN,3.382,SYNTHETIC
2023-03-29,A,SYN_MINE_01,SYN_EXC_002,excavator,BREAKDOWN,1.598,SYNTHETIC
2023-03-30,C,SYN_MINE_01,SYN_TRUCK_005,dumper,BREAKDOWN,1.631,SYNTHETIC
2023-03-30,B,SYN_MINE_01,SYN_TRUCK_011,dumper,BREAKDOWN,5.933,SYNTHETIC
2023-03-31,C,SYN_MINE_01,SYN_EXC_002,excavator,BREAKDOWN,4.8,SYNTHETIC
2023-03-31,A,SYN_MINE_01,SYN_TRUCK_003,dumper,PREVENTIVE_MAINTENANCE,4.898,SYNTHETIC
2023-03-31,A,SYN_MINE_01,SYN_TRUCK_004,dumper,PREVENTIVE_MAINTENANCE,5.692,SYNTHETIC
2023-03-31,B,SYN_MINE_01,SYN_TRUCK_005,dumper,BREAKDOWN,2.918,SYNTHETIC
2023-04-01,B,SYN_MINE_01,SYN_TRUCK_002,dumper,BREAKDOWN,1.395,SYNTHETIC
2023-04-01,C,SYN_MINE_01,SYN_TRUCK_009,dumper,BREAKDOWN,2.907,SYNTHETIC
2023-04-02,A,SYN_MINE_01,SYN_TRUCK_006,dumper,BREAKDOWN,0.958,SYNTHETIC
2023-04-02,B,SYN_MINE_01,SYN_TRUCK_008,dumper,BREAKDOWN,4.367,SYNTHETIC
2023-04-02,A,SYN_MINE_01,SYN_TRUCK_011,dumper,BREAKDOWN,0.409,SYNTHETIC
2023-04-02,A,SYN_MINE_01,SYN_TRUCK_012,dumper,PREVENTIVE_MAINTENANCE,5.257,SYNTHETIC
2023-04-02,A,SYN_MINE_01,SYN_TRUCK_013,dumper,BREAKDOWN,1.933,SYNTHETIC
2023-04-03,A,SYN_MINE_01,SYN_DRILL_001,drill,BREAKDOWN,3.849,SYNTHETIC
2023-04-03,A,SYN_MINE_01,SYN_DRILL_002,drill,PREVENTIVE_MAINTENANCE,4.384,SYNTHETIC
2023-04-03,A,SYN_MINE_01,SYN_EXC_001,excavator,BREAKDOWN,3.653,SYNTHETIC
2023-04-03,B,SYN_MINE_01,SYN_TRUCK_006,dumper,BREAKDOWN,5.277,SYNTHETIC
2023-04-03,C,SYN_MINE_01,SYN_TRUCK_013,dumper,BREAKDOWN,5.406,SYNTHETIC
2023-04-04,B,SYN_MINE_01,SYN_TRUCK_001,dumper,BREAKDOWN,3.505,SYNTHETIC
2023-04-04,B,SYN_MINE_01,SYN_TRUCK_005,dumper,BREAKDOWN,4.105,SYNTHETIC
2023-04-05,A,SYN_MINE_01,SYN_DRILL_001,drill,PREVENTIVE_MAINTENANCE,4.879,SYNTHETIC
2023-04-05,A,SYN_MINE_01,SYN_TRUCK_001,dumper,BREAKDOWN,2.485,SYNTHETIC
2023-04-05,A,SYN_MINE_01,SYN_TRUCK_008,dumper,PREVENTIVE_MAINTENANCE,7.0,SYNTHETIC
2023-04-05,B,SYN_MINE_01,SYN_TRUCK_011,dumper,BREAKDOWN,1.939,SYNTHETIC
2023-04-06,A,SYN_MINE_01,SYN_EXC_002,excavator,PREVENTIVE_MAINTENANCE,7.0,SYNTHETIC
2023-04-06,A,SYN_MINE_01,SYN_TRUCK_003,dumper,BREAKDOWN,2.756,SYNTHETIC
2023-04-06,A,SYN_MINE_01,SYN_TRUCK_010,dumper,BREAKDOWN,0.912,SYNTHETIC
2023-04-07,A,SYN_MINE_01,SYN_EXC_001,excavator,PREVENTIVE_MAINTENANCE,6.847,SYNTHETIC
2023-04-07,A,SYN_MINE_01,SYN_TRUCK_001,dumper,PREVENTIVE_MAINTENANCE,7.0,SYNTHETIC
2023-04-07,A,SYN_MINE_01,SYN_TRUCK_002,dumper,BREAKDOWN,1.562,SYNTHETIC
2023-04-07,C,SYN_MINE_01,SYN_TRUCK_005,dumper,BREAKDOWN,2.847,SYNTHETIC
2023-04-07,A,SYN_MINE_01,SYN_TRUCK_009,dumper,PREVENTIVE_MAINTENANCE,6.426,SYNTHETIC
2023-04-08,A,SYN_MINE_01,SYN_TRUCK_002,dumper,PREVENTIVE_MAINTENANCE,7.0,SYNTHETIC
2023-04-08,A,SYN_MINE_01,SYN_TRUCK_003,dumper,BREAKDOWN,5.766,SYNTHETIC
2023-04-08,B,SYN_MINE_01,SYN_TRUCK_010,dumper,BREAKDOWN,1.953,SYNTHETIC
2023-04-08,A,SYN_MINE_01,SYN_TRUCK_013,dumper,PREVENTIVE_MAINTENANCE,6.193,SYNTHETIC
2023-04-09,A,SYN_MINE_01,SYN_DRILL_002,drill,BREAKDOWN,1.854,SYNTHETIC
2023-04-09,A,SYN_MINE_01,SYN_TRUCK_005,dumper,PREVENTIVE_MAINTENANCE,7.0,SYNTHETIC
2023-04-09,C,SYN_MINE_01,SYN_TRUCK_007,dumper,BREAKDOWN,3.71,SYNTHETIC
2023-04-10,A,SYN_MINE_01,SYN_DRILL_001,drill,BREAKDOWN,6.204,SYNTHETIC
2023-04-10,B,SYN_MINE_01,SYN_TRUCK_001,dumper,BREAKDOWN,0.618,SYNTHETIC
2023-04-10,C,SYN_MINE_01,SYN_TRUCK_004,dumper,BREAKDOWN,1.055,SYNTHETIC
2023-04-10,A,SYN_MINE_01,SYN_TRUCK_010,dumper,BREAKDOWN,1.611,SYNTHETIC
2023-04-10,C,SYN_MINE_01,SYN_TRUCK_011,dumper,BREAKDOWN,0.475,SYNTHETIC
2023-04-11,A,SYN_MINE_01,SYN_TRUCK_007,dumper,PREVENTIVE_MAINTENANCE,7.0,SYNTHETIC
2023-04-11,B,SYN_MINE_01,SYN_TRUCK_008,dumper,BREAKDOWN,1.579,SYNTHETIC
2023-04-12,C,SYN_MINE_01,SYN_DRILL_001,drill,BREAKDOWN,3.418,SYNTHETIC
2023-04-12,C,SYN_MINE_01,SYN_TRUCK_013,dumper,BREAKDOWN,2.777,SYNTHETIC
2023-04-13,B,SYN_MINE_01,SYN_DRILL_001,drill,BREAKDOWN,1.523,SYNTHETIC
2023-04-13,A,SYN_MINE_01,SYN_DRILL_002,drill,BREAKDOWN,3.78,SYNTHETIC
2023-04-13,A,SYN_MINE_01,SYN_TRUCK_003,dumper,BREAKDOWN,6.156,SYNTHETIC
2023-04-13,C,SYN_MINE_01,SYN_TRUCK_006,dumper,BREAKDOWN,5.456,SYNTHETIC
2023-04-13,A,SYN_MINE_01,SYN_TRUCK_011,dumper,PREVENTIVE_MAINTENANCE,6.044,SYNTHETIC
2023-04-14,C,SYN_MINE_01,SYN_DRILL_001,drill,BREAKDOWN,2.788,SYNTHETIC
2023-04-14,A,SYN_MINE_01,SYN_DRILL_002,drill,PREVENTIVE_MAINTENANCE,5.082,SYNTHETIC
2023-04-14,B,SYN_MINE_01,SYN_TRUCK_005,dumper,BREAKDOWN,3.291,SYNTHETIC
2023-04-14,A,SYN_MINE_01,SYN_TRUCK_009,dumper,BREAKDOWN,2.304,SYNTHETIC
2023-04-15,C,SYN_MINE_01,SYN_TRUCK_007,dumper,BREAKDOWN,0.686,SYNTHETIC
2023-04-15,A,SYN_MINE_01,SYN_TRUCK_010,dumper,PREVENTIVE_MAINTENANCE,5.302,SYNTHETIC
2023-04-16,A,SYN_MINE_01,SYN_DRILL_001,drill,BREAKDOWN,2.841,SYNTHETIC
2023-04-16,B,SYN_MINE_01,SYN_DRILL_001,drill,BREAKDOWN,4.223,SYNTHETIC
2023-04-16,A,SYN_MINE_01,SYN_TRUCK_004,dumper,BREAKDOWN,3.93,SYNTHETIC
2023-04-16,A,SYN_MINE_01,SYN_TRUCK_006,dumper,PREVENTIVE_MAINTENANCE,5.923,SYNTHETIC
2023-04-17,ALL,SYN_MINE_01,SITE,site,WEATHER_SITE_STOPPAGE,4.25,SYNTHETIC
2023-04-17,C,SYN_MINE_01,SYN_EXC_001,excavator,BREAKDOWN,5.383,SYNTHETIC
2023-04-17,A,SYN_MINE_01,SYN_EXC_002,excavator,BREAKDOWN,0.621,SYNTHETIC
2023-04-18,A,SYN_MINE_01,SYN_DRILL_001,drill,PREVENTIVE_MAINTENANCE,4.136,SYNTHETIC
2023-04-18,B,SYN_MINE_01,SYN_EXC_002,excavator,BREAKDOWN,1.141,SYNTHETIC
2023-04-18,C,SYN_MINE_01,SYN_TRUCK_008,dumper,BREAKDOWN,0.796,SYNTHETIC
2023-04-18,C,SYN_MINE_01,SYN_TRUCK_011,dumper,BREAKDOWN,2.079,SYNTHETIC
2023-04-18,C,SYN_MINE_01,SYN_TRUCK_013,dumper,BREAKDOWN,0.932,SYNTHETIC
2023-04-19,B,SYN_MINE_01,SYN_EXC_002,excavator,BREAKDOWN,5.518,SYNTHETIC
2023-04-19,A,SYN_MINE_01,SYN_TRUCK_004,dumper,PREVENTIVE_MAINTENANCE,6.234,SYNTHETIC
2023-04-20,B,SYN_MINE_01,SYN_EXC_002,excavator,BREAKDOWN,1.512,SYNTHETIC
2023-04-20,C,SYN_MINE_01,SYN_TRUCK_001,dumper,BREAKDOWN,5.831,SYNTHETIC
2023-04-20,A,SYN_MINE_01,SYN_TRUCK_002,dumper,BREAKDOWN,4.401,SYNTHETIC
2023-04-20,A,SYN_MINE_01,SYN_TRUCK_003,dumper,PREVENTIVE_MAINTENANCE,6.333,SYNTHETIC
2023-04-20,B,SYN_MINE_01,SYN_TRUCK_008,dumper,BREAKDOWN,2.739,SYNTHETIC
2023-04-20,B,SYN_MINE_01,SYN_TRUCK_010,dumper,BREAKDOWN,1.235,SYNTHETIC
2023-04-21,B,SYN_MINE_01,SYN_EXC_001,excavator,BREAKDOWN,0.655,SYNTHETIC
2023-04-21,B,SYN_MINE_01,SYN_TRUCK_001,dumper,BREAKDOWN,6.13,SYNTHETIC
2023-04-21,A,SYN_MINE_01,SYN_TRUCK_012,dumper,PREVENTIVE_MAINTENANCE,7.0,SYNTHETIC
2023-04-22,A,SYN_MINE_01,SYN_DRILL_001,drill,BREAKDOWN,0.212,SYNTHETIC
2023-04-22,B,SYN_MINE_01,SYN_TRUCK_013,dumper,BREAKDOWN,3.395,SYNTHETIC
2023-04-23,A,SYN_MINE_01,SYN_DRILL_001,drill,BREAKDOWN,0.305,SYNTHETIC
2023-04-23,B,SYN_MINE_01,SYN_DRILL_001,drill,BREAKDOWN,3.775,SYNTHETIC
2023-04-23,C,SYN_MINE_01,SYN_DRILL_002,drill,BREAKDOWN,4.227,SYNTHETIC
2023-04-23,A,SYN_MINE_01,SYN_EXC_002,excavator,PREVENTIVE_MAINTENANCE,7.0,SYNTHETIC
2023-04-23,C,SYN_MINE_01,SYN_TRUCK_002,dumper,BREAKDOWN,2.548,SYNTHETIC
2023-04-23,C,SYN_MINE_01,SYN_TRUCK_004,dumper,BREAKDOWN,3.896,SYNTHETIC
2023-04-23,C,SYN_MINE_01,SYN_TRUCK_007,dumper,BREAKDOWN,2.225,SYNTHETIC
2023-04-23,A,SYN_MINE_01,SYN_TRUCK_013,dumper,BREAKDOWN,6.301,SYNTHETIC
2023-04-24,A,SYN_MINE_01,SYN_DRILL_002,drill,BREAKDOWN,3.446,SYNTHETIC
2023-04-24,A,SYN_MINE_01,SYN_EXC_001,excavator,PREVENTIVE_MAINTENANCE,7.0,SYNTHETIC
2023-04-24,B,SYN_MINE_01,SYN_TRUCK_011,dumper,BREAKDOWN,1.494,SYNTHETIC
2023-04-25,B,SYN_MINE_01,SYN_TRUCK_011,dumper,BREAKDOWN,1.049,SYNTHETIC
2023-04-25,C,SYN_MINE_01,SYN_TRUCK_012,dumper,BREAKDOWN,5.213,SYNTHETIC
2023-04-26,B,SYN_MINE_01,SYN_DRILL_001,drill,BREAKDOWN,3.897,SYNTHETIC
2023-04-26,A,SYN_MINE_01,SYN_DRILL_002,drill,PREVENTIVE_MAINTENANCE,5.667,SYNTHETIC
2023-04-26,B,SYN_MINE_01,SYN_EXC_002,excavator,BREAKDOWN,1.235,SYNTHETIC
2023-04-26,A,SYN_MINE_01,SYN_TRUCK_008,dumper,PREVENTIVE_MAINTENANCE,5.704,SYNTHETIC
2023-04-26,A,SYN_MINE_01,SYN_TRUCK_009,dumper,PREVENTIVE_MAINTENANCE,4.926,SYNTHETIC
2023-04-26,B,SYN_MINE_01,SYN_TRUCK_011,dumper,BREAKDOWN,2.53,SYNTHETIC
2023-04-27,A,SYN_MINE_01,SYN_TRUCK_001,dumper,PREVENTIVE_MAINTENANCE,4.699,SYNTHETIC
2023-04-27,A,SYN_MINE_01,SYN_TRUCK_002,dumper,BREAKDOWN,5.217,SYNTHETIC
2023-04-27,C,SYN_MINE_01,SYN_TRUCK_003,dumper,BREAKDOWN,4.014,SYNTHETIC
2023-04-27,A,SYN_MINE_01,SYN_TRUCK_012,dumper,BREAKDOWN,0.482,SYNTHETIC
2023-04-27,A,SYN_MINE_01,SYN_TRUCK_013,dumper,BREAKDOWN,5.353,SYNTHETIC
2023-04-28,B,SYN_MINE_01,SYN_DRILL_002,drill,BREAKDOWN,1.878,SYNTHETIC
2023-04-28,A,SYN_MINE_01,SYN_TRUCK_002,dumper,PREVENTIVE_MAINTENANCE,5.368,SYNTHETIC
2023-04-28,A,SYN_MINE_01,SYN_TRUCK_005,dumper,PREVENTIVE_MAINTENANCE,4.046,SYNTHETIC
2023-04-29,A,SYN_MINE_01,SYN_TRUCK_009,dumper,BREAKDOWN,5.476,SYNTHETIC
2023-04-29,A,SYN_MINE_01,SYN_TRUCK_013,dumper,PREVENTIVE_MAINTENANCE,6.488,SYNTHETIC
2023-04-30,A,SYN_MINE_01,SYN_DRILL_001,drill,PREVENTIVE_MAINTENANCE,4.614,SYNTHETIC
2023-04-30,B,SYN_MINE_01,SYN_DRILL_001,drill,BREAKDOWN,2.775,SYNTHETIC
2023-04-30,A,SYN_MINE_01,SYN_DRILL_002,drill,BREAKDOWN,0.208,SYNTHETIC
2023-04-30,C,SYN_MINE_01,SYN_EXC_002,excavator,BREAKDOWN,1.583,SYNTHETIC
2023-04-30,C,SYN_MINE_01,SYN_TRUCK_004,dumper,BREAKDOWN,3.574,SYNTHETIC
2023-04-30,A,SYN_MINE_01,SYN_TRUCK_007,dumper,PREVENTIVE_MAINTENANCE,7.0,SYNTHETIC
2023-04-30,B,SYN_MINE_01,SYN_TRUCK_010,dumper,BREAKDOWN,3.61,SYNTHETIC
2023-04-30,A,SYN_MINE_01,SYN_TRUCK_011,dumper,BREAKDOWN,2.814,SYNTHETIC
2023-04-30,B,SYN_MINE_01,SYN_TRUCK_011,dumper,BREAKDOWN,0.742,SYNTHETIC
2023-05-01,A,SYN_MINE_01,SYN_DRILL_002,drill,BREAKDOWN,2.27,SYNTHETIC
2023-05-01,A,SYN_MINE_01,SYN_TRUCK_003,dumper,BREAKDOWN,0.712,SYNTHETIC
2023-05-02,A,SYN_MINE_01,SYN_DRILL_002,drill,BREAKDOWN,0.558,SYNTHETIC
2023-05-02,C,SYN_MINE_01,SYN_TRUCK_008,dumper,BREAKDOWN,2.91,SYNTHETIC
2023-05-02,C,SYN_MINE_01,SYN_TRUCK_009,dumper,BREAKDOWN,0.557,SYNTHETIC
2023-05-02,B,SYN_MINE_01,SYN_TRUCK_011,dumper,BREAKDOWN,3.501,SYNTHETIC
2023-05-03,A,SYN_MINE_01,SYN_TRUCK_001,dumper,BREAKDOWN,1.787,SYNTHETIC
2023-05-03,B,SYN_MINE_01,SYN_TRUCK_006,dumper,BREAKDOWN,3.816,SYNTHETIC
2023-05-03,B,SYN_MINE_01,SYN_TRUCK_012,dumper,BREAKDOWN,3.878,SYNTHETIC
2023-05-03,C,SYN_MINE_01,SYN_TRUCK_013,dumper,BREAKDOWN,0.773,SYNTHETIC
2023-05-04,B,SYN_MINE_01,SYN_EXC_001,excavator,BREAKDOWN,6.113,SYNTHETIC
2023-05-04,B,SYN_MINE_01,SYN_TRUCK_001,dumper,BREAKDOWN,3.159,SYNTHETIC
2023-05-04,A,SYN_MINE_01,SYN_TRUCK_010,dumper,PREVENTIVE_MAINTENANCE,6.262,SYNTHETIC
2023-05-04,A,SYN_MINE_01,SYN_TRUCK_011,dumper,PREVENTIVE_MAINTENANCE,4.339,SYNTHETIC
2023-05-05,A,SYN_MINE_01,SYN_DRILL_001,drill,BREAKDOWN,5.476,SYNTHETIC
2023-05-05,B,SYN_MINE_01,SYN_DRILL_001,drill,BREAKDOWN,5.032,SYNTHETIC
2023-05-05,B,SYN_MINE_01,SYN_TRUCK_002,dumper,BREAKDOWN,4.554,SYNTHETIC
2023-05-05,B,SYN_MINE_01,SYN_TRUCK_003,dumper,BREAKDOWN,0.867,SYNTHETIC
2023-05-05,A,SYN_MINE_01,SYN_TRUCK_004,dumper,BREAKDOWN,2.728,SYNTHETIC
2023-05-06,C,SYN_MINE_01,SYN_TRUCK_005,dumper,BREAKDOWN,4.717,SYNTHETIC
2023-05-06,A,SYN_MINE_01,SYN_TRUCK_006,dumper,PREVENTIVE_MAINTENANCE,7.0,SYNTHETIC
2023-05-06,A,SYN_MINE_01,SYN_TRUCK_008,dumper,BREAKDOWN,2.894,SYNTHETIC
2023-05-06,A,SYN_MINE_01,SYN_TRUCK_009,dumper,BREAKDOWN,1.267,SYNTHETIC
2023-05-06,B,SYN_MINE_01,SYN_TRUCK_011,dumper,BREAKDOWN,5.756,SYNTHETIC
2023-05-06,B,SYN_MINE_01,SYN_TRUCK_013,dumper,BREAKDOWN,1.706,SYNTHETIC
2023-05-07,A,SYN_MINE_01,SYN_DRILL_002,drill,PREVENTIVE_MAINTENANCE,5.698,SYNTHETIC
2023-05-07,A,SYN_MINE_01,SYN_EXC_001,excavator,BREAKDOWN,3.637,SYNTHETIC
2023-05-08,C,SYN_MINE_01,SYN_DRILL_001,drill,BREAKDOWN,2.722,SYNTHETIC
2023-05-08,B,SYN_MINE_01,SYN_EXC_001,excavator,BREAKDOWN,5.449,SYNTHETIC
2023-05-08,A,SYN_MINE_01,SYN_TRUCK_005,dumper,BREAKDOWN,4.266,SYNTHETIC
2023-05-09,C,SYN_MINE_01,SYN_EXC_002,excavator,BREAKDOWN,5.089,SYNTHETIC
2023-05-09,B,SYN_MINE_01,SYN_TRUCK_002,dumper,BREAKDOWN,6.287,SYNTHETIC
2023-05-09,A,SYN_MINE_01,SYN_TRUCK_004,dumper,PREVENTIVE_MAINTENANCE,4.897,SYNTHETIC
2023-05-09,B,SYN_MINE_01,SYN_TRUCK_009,dumper,BREAKDOWN,4.444,SYNTHETIC
2023-05-10,A,SYN_MINE_01,SYN_TRUCK_003,dumper,PREVENTIVE_MAINTENANCE,6.97,SYNTHETIC
2023-05-11,A,SYN_MINE_01,SYN_EXC_002,excavator,PREVENTIVE_MAINTENANCE,6.092,SYNTHETIC
2023-05-11,B,SYN_MINE_01,SYN_EXC_002,excavator,BREAKDOWN,2.386,SYNTHETIC
2023-05-11,A,SYN_MINE_01,SYN_TRUCK_005,dumper,BREAKDOWN,0.015,SYNTHETIC
2023-05-11,A,SYN_MINE_01,SYN_TRUCK_011,dumper,BREAKDOWN,4.058,SYNTHETIC
2023-05-12,A,SYN_MINE_01,SYN_DRILL_001,drill,PREVENTIVE_MAINTENANCE,5.134,SYNTHETIC
2023-05-12,B,SYN_MINE_01,SYN_TRUCK_006,dumper,BREAKDOWN,3.567,SYNTHETIC
2023-05-12,B,SYN_MINE_01,SYN_TRUCK_007,dumper,BREAKDOWN,1.085,SYNTHETIC
2023-05-12,A,SYN_MINE_01,SYN_TRUCK_012,dumper,PREVENTIVE_MAINTENANCE,5.176,SYNTHETIC
2023-05-13,B,SYN_MINE_01,SYN_TRUCK_002,dumper,BREAKDOWN,3.371,SYNTHETIC
2023-05-13,A,SYN_MINE_01,SYN_TRUCK_004,dumper,BREAKDOWN,0.903,SYNTHETIC
2023-05-13,B,SYN_MINE_01,SYN_TRUCK_009,dumper,BREAKDOWN,1.924,SYNTHETIC
2023-05-14,C,SYN_MINE_01,SYN_DRILL_001,drill,BREAKDOWN,4.626,SYNTHETIC
2023-05-14,A,SYN_MINE_01,SYN_EXC_001,excavator,PREVENTIVE_MAINTENANCE,7.0,SYNTHETIC
2023-05-14,B,SYN_MINE_01,SYN_TRUCK_008,dumper,BREAKDOWN,0.611,SYNTHETIC
2023-05-15,C,SYN_MINE_01,SYN_TRUCK_005,dumper,BREAKDOWN,2.195,SYNTHETIC
2023-05-15,C,SYN_MINE_01,SYN_TRUCK_008,dumper,BREAKDOWN,4.177,SYNTHETIC
2023-05-16,A,SYN_MINE_01,SYN_DRILL_002,drill,BREAKDOWN,5.589,SYNTHETIC
2023-05-16,A,SYN_MINE_01,SYN_TRUCK_001,dumper,PREVENTIVE_MAINTENANCE,7.0,SYNTHETIC
2023-05-16,B,SYN_MINE_01,SYN_TRUCK_002,dumper,BREAKDOWN,0.777,SYNTHETIC
2023-05-17,B,SYN_MINE_01,SYN_TRUCK_006,dumper,BREAKDOWN,5.992,SYNTHETIC
2023-05-17,A,SYN_MINE_01,SYN_TRUCK_008,dumper,PREVENTIVE_MAINTENANCE,4.59,SYNTHETIC
2023-05-17,A,SYN_MINE_01,SYN_TRUCK_009,dumper,PREVENTIVE_MAINTENANCE,5.243,SYNTHETIC
2023-05-17,A,SYN_MINE_01,SYN_TRUCK_010,dumper,BREAKDOWN,2.916,SYNTHETIC
2023-05-18,A,SYN_MINE_01,SYN_DRILL_002,drill,PREVENTIVE_MAINTENANCE,5.218,SYNTHETIC
2023-05-18,C,SYN_MINE_01,SYN_TRUCK_006,dumper,BREAKDOWN,3.007,SYNTHETIC
2023-05-18,A,SYN_MINE_01,SYN_TRUCK_013,dumper,PREVENTIVE_MAINTENANCE,4.837,SYNTHETIC
2023-05-19,A,SYN_MINE_01,SYN_TRUCK_002,dumper,PREVENTIVE_MAINTENANCE,6.091,SYNTHETIC
2023-05-19,A,SYN_MINE_01,SYN_TRUCK_005,dumper,PREVENTIVE_MAINTENANCE,4.958,SYNTHETIC
2023-05-19,A,SYN_MINE_01,SYN_TRUCK_007,dumper,PREVENTIVE_MAINTENANCE,4.766,SYNTHETIC
2023-05-20,B,SYN_MINE_01,SYN_TRUCK_011,dumper,BREAKDOWN,3.522,SYNTHETIC
2023-05-20,C,SYN_MINE_01,SYN_TRUCK_012,dumper,BREAKDOWN,3.704,SYNTHETIC
2023-05-22,B,SYN_MINE_01,SYN_DRILL_001,drill,BREAKDOWN,1.747,SYNTHETIC
2023-05-22,B,SYN_MINE_01,SYN_EXC_002,excavator,BREAKDOWN,2.751,SYNTHETIC
2023-05-22,B,SYN_MINE_01,SYN_TRUCK_013,dumper,BREAKDOWN,0.683,SYNTHETIC
2023-05-23,A,SYN_MINE_01,SYN_DRILL_001,drill,PREVENTIVE_MAINTENANCE,4.479,SYNTHETIC
2023-05-23,B,SYN_MINE_01,SYN_EXC_002,excavator,BREAKDOWN,5.646,SYNTHETIC
2023-05-23,C,SYN_MINE_01,SYN_TRUCK_002,dumper,BREAKDOWN,2.54,SYNTHETIC
2023-05-23,B,SYN_MINE_01,SYN_TRUCK_004,dumper,BREAKDOWN,1.857,SYNTHETIC
2023-05-23,A,SYN_MINE_01,SYN_TRUCK_010,dumper,PREVENTIVE_MAINTENANCE,4.78,SYNTHETIC
2023-05-24,B,SYN_MINE_01,SYN_DRILL_002,drill,BREAKDOWN,2.634,SYNTHETIC
2023-05-24,A,SYN_MINE_01,SYN_TRUCK_006,dumper,BREAKDOWN,0.936,SYNTHETIC
2023-05-25,A,SYN_MINE_01,SYN_DRILL_002,drill,BREAKDOWN,3.724,SYNTHETIC
2023-05-25,B,SYN_MINE_01,SYN_EXC_001,excavator,BREAKDOWN,6.797,SYNTHETIC
2023-05-25,A,SYN_MINE_01,SYN_EXC_002,excavator,BREAKDOWN,0.209,SYNTHETIC
2023-05-25,C,SYN_MINE_01,SYN_TRUCK_001,dumper,BREAKDOWN,0.587,SYNTHETIC
2023-05-25,A,SYN_MINE_01,SYN_TRUCK_011,dumper,PREVENTIVE_MAINTENANCE,4.578,SYNTHETIC
2023-05-25,B,SYN_MINE_01,SYN_TRUCK_011,dumper,BREAKDOWN,0.667,SYNTHETIC
2023-05-26,B,SYN_MINE_01,SYN_TRUCK_002,dumper,BREAKDOWN,5.458,SYNTHETIC
2023-05-26,A,SYN_MINE_01,SYN_TRUCK_006,dumper,BREAKDOWN,0.183,SYNTHETIC
2023-05-26,B,SYN_MINE_01,SYN_TRUCK_009,dumper,BREAKDOWN,6.578,SYNTHETIC
2023-05-26,B,SYN_MINE_01,SYN_TRUCK_010,dumper,BREAKDOWN,4.63,SYNTHETIC
2023-05-27,C,SYN_MINE_01,SYN_DRILL_002,drill,BREAKDOWN,0.054,SYNTHETIC
2023-05-27,A,SYN_MINE_01,SYN_TRUCK_001,dumper,BREAKDOWN,3.314,SYNTHETIC
2023-05-27,A,SYN_MINE_01,SYN_TRUCK_011,dumper,BREAKDOWN,3.631,SYNTHETIC
2023-05-28,B,SYN_MINE_01,SYN_DRILL_001,drill,BREAKDOWN,5.692,SYNTHETIC
2023-05-28,C,SYN_MINE_01,SYN_DRILL_001,drill,BREAKDOWN,2.49,SYNTHETIC
2023-05-28,A,SYN_MINE_01,SYN_EXC_002,excavator,PREVENTIVE_MAINTENANCE,7.0,SYNTHETIC
2023-05-28,A,SYN_MINE_01,SYN_TRUCK_003,dumper,PREVENTIVE_MAINTENANCE,7.0,SYNTHETIC
2023-05-28,A,SYN_MINE_01,SYN_TRUCK_004,dumper,PREVENTIVE_MAINTENANCE,4.196,SYNTHETIC
2023-05-28,A,SYN_MINE_01,SYN_TRUCK_005,dumper,BREAKDOWN,2.542,SYNTHETIC
2023-05-28,C,SYN_MINE_01,SYN_TRUCK_008,dumper,BREAKDOWN,3.733,SYNTHETIC
2023-05-29,A,SYN_MINE_01,SYN_DRILL_002,drill,PREVENTIVE_MAINTENANCE,4.709,SYNTHETIC
2023-05-29,B,SYN_MINE_01,SYN_TRUCK_005,dumper,BREAKDOWN,6.815,SYNTHETIC
2023-05-29,C,SYN_MINE_01,SYN_TRUCK_013,dumper,BREAKDOWN,1.274,SYNTHETIC
2023-05-30,A,SYN_MINE_01,SYN_EXC_001,excavator,PREVENTIVE_MAINTENANCE,7.0,SYNTHETIC
2023-05-30,A,SYN_MINE_01,SYN_EXC_002,excavator,BREAKDOWN,2.175,SYNTHETIC
2023-05-30,A,SYN_MINE_01,SYN_TRUCK_002,dumper,BREAKDOWN,0.633,SYNTHETIC
2023-05-31,A,SYN_MINE_01,SYN_TRUCK_004,dumper,BREAKDOWN,3.487,SYNTHETIC
2023-05-31,A,SYN_MINE_01,SYN_TRUCK_012,dumper,PREVENTIVE_MAINTENANCE,6.706,SYNTHETIC
2023-06-01,A,SYN_MINE_01,SYN_DRILL_001,drill,BREAKDOWN,6.408,SYNTHETIC
2023-06-01,C,SYN_MINE_01,SYN_DRILL_001,drill,BREAKDOWN,0.527,SYNTHETIC
2023-06-01,B,SYN_MINE_01,SYN_TRUCK_001,dumper,BREAKDOWN,3.935,SYNTHETIC
2023-06-01,B,SYN_MINE_01,SYN_TRUCK_002,dumper,BREAKDOWN,0.51,SYNTHETIC
2023-06-01,A,SYN_MINE_01,SYN_TRUCK_005,dumper,BREAKDOWN,0.639,SYNTHETIC
2023-06-02,B,SYN_MINE_01,SYN_DRILL_002,drill,BREAKDOWN,5.63,SYNTHETIC
2023-06-02,C,SYN_MINE_01,SYN_EXC_002,excavator,BREAKDOWN,2.611,SYNTHETIC
2023-06-02,A,SYN_MINE_01,SYN_TRUCK_011,dumper,BREAKDOWN,3.672,SYNTHETIC
2023-06-02,B,SYN_MINE_01,SYN_TRUCK_013,dumper,BREAKDOWN,4.777,SYNTHETIC
2023-06-03,A,SYN_MINE_01,SYN_TRUCK_001,dumper,BREAKDOWN,3.06,SYNTHETIC
2023-06-03,A,SYN_MINE_01,SYN_TRUCK_011,dumper,BREAKDOWN,6.847,SYNTHETIC
2023-06-03,A,SYN_MINE_01,SYN_TRUCK_013,dumper,BREAKDOWN,4.431,SYNTHETIC
2023-06-03,C,SYN_MINE_01,SYN_TRUCK_013,dumper,BREAKDOWN,1.266,SYNTHETIC
2023-06-04,A,SYN_MINE_01,SYN_DRILL_001,drill,PREVENTIVE_MAINTENANCE,4.764,SYNTHETIC
2023-06-04,B,SYN_MINE_01,SYN_DRILL_002,drill,BREAKDOWN,0.059,SYNTHETIC
2023-06-04,B,SYN_MINE_01,SYN_TRUCK_006,dumper,BREAKDOWN,0.942,SYNTHETIC
2023-06-05,C,SYN_MINE_01,SYN_DRILL_001,drill,BREAKDOWN,3.205,SYNTHETIC
2023-06-05,C,SYN_MINE_01,SYN_DRILL_002,drill,BREAKDOWN,2.021,SYNTHETIC
2023-06-05,A,SYN_MINE_01,SYN_TRUCK_008,dumper,PREVENTIVE_MAINTENANCE,4.504,SYNTHETIC
2023-06-05,A,SYN_MINE_01,SYN_TRUCK_009,dumper,PREVENTIVE_MAINTENANCE,7.0,SYNTHETIC
2023-06-06,B,SYN_MINE_01,SYN_EXC_001,excavator,BREAKDOWN,1.88,SYNTHETIC
2023-06-06,A,SYN_MINE_01,SYN_TRUCK_001,dumper,PREVENTIVE_MAINTENANCE,4.966,SYNTHETIC
2023-06-06,A,SYN_MINE_01,SYN_TRUCK_007,dumper,PREVENTIVE_MAINTENANCE,7.0,SYNTHETIC
2023-06-07,C,SYN_MINE_01,SYN_DRILL_001,drill,BREAKDOWN,3.281,SYNTHETIC
2023-06-07,B,SYN_MINE_01,SYN_TRUCK_005,dumper,BREAKDOWN,3.913,SYNTHETIC
2023-06-07,A,SYN_MINE_01,SYN_TRUCK_010,dumper,BREAKDOWN,0.958,SYNTHETIC
2023-06-07,A,SYN_MINE_01,SYN_TRUCK_012,dumper,BREAKDOWN,0.468,SYNTHETIC
2023-06-07,A,SYN_MINE_01,SYN_TRUCK_013,dumper,PREVENTIVE_MAINTENANCE,4.596,SYNTHETIC
2023-06-08,A,SYN_MINE_01,SYN_TRUCK_002,dumper,PREVENTIVE_MAINTENANCE,4.436,SYNTHETIC
2023-06-08,A,SYN_MINE_01,SYN_TRUCK_004,dumper,BREAKDOWN,0.201,SYNTHETIC
2023-06-08,A,SYN_MINE_01,SYN_TRUCK_005,dumper,PREVENTIVE_MAINTENANCE,4.844,SYNTHETIC
2023-06-08,A,SYN_MINE_01,SYN_TRUCK_013,dumper,BREAKDOWN,5.467,SYNTHETIC
2023-06-09,A,SYN_MINE_01,SYN_TRUCK_003,dumper,BREAKDOWN,2.755,SYNTHETIC
2023-06-09,B,SYN_MINE_01,SYN_TRUCK_004,dumper,BREAKDOWN,2.287,SYNTHETIC
2023-06-10,A,SYN_MINE_01,SYN_DRILL_001,drill,BREAKDOWN,3.358,SYNTHETIC
2023-06-10,C,SYN_MINE_01,SYN_DRILL_001,drill,BREAKDOWN,3.305,SYNTHETIC
2023-06-10,A,SYN_MINE_01,SYN_DRILL_002,drill,PREVENTIVE_MAINTENANCE,4.182,SYNTHETIC
2023-06-10,C,SYN_MINE_01,SYN_TRUCK_005,dumper,BREAKDOWN,2.898,SYNTHETIC
2023-06-10,B,SYN_MINE_01,SYN_TRUCK_007,dumper,BREAKDOWN,5.328,SYNTHETIC
2023-06-11,A,SYN_MINE_01,SYN_TRUCK_002,dumper,BREAKDOWN,6.342,SYNTHETIC
2023-06-11,A,SYN_MINE_01,SYN_TRUCK_003,dumper,BREAKDOWN,2.263,SYNTHETIC
2023-06-11,A,SYN_MINE_01,SYN_TRUCK_009,dumper,BREAKDOWN,2.979,SYNTHETIC
2023-06-11,A,SYN_MINE_01,SYN_TRUCK_010,dumper,PREVENTIVE_MAINTENANCE,5.284,SYNTHETIC
2023-06-12,B,SYN_MINE_01,SYN_EXC_002,excavator,BREAKDOWN,2.594,SYNTHETIC
2023-06-13,A,SYN_MINE_01,SYN_DRILL_001,drill,BREAKDOWN,1.273,SYNTHETIC
2023-06-13,C,SYN_MINE_01,SYN_EXC_002,excavator,BREAKDOWN,5.023,SYNTHETIC
2023-06-13,C,SYN_MINE_01,SYN_TRUCK_006,dumper,BREAKDOWN,2.819,SYNTHETIC
2023-06-13,A,SYN_MINE_01,SYN_TRUCK_009,dumper,BREAKDOWN,2.665,SYNTHETIC
2023-06-13,A,SYN_MINE_01,SYN_TRUCK_011,dumper,BREAKDOWN,4.971,SYNTHETIC
2023-06-13,B,SYN_MINE_01,SYN_TRUCK_012,dumper,BREAKDOWN,5.462,SYNTHETIC
2023-06-14,C,SYN_MINE_01,SYN_DRILL_002,drill,BREAKDOWN,4.411,SYNTHETIC
2023-06-14,C,SYN_MINE_01,SYN_TRUCK_001,dumper,BREAKDOWN,2.376,SYNTHETIC
2023-06-14,A,SYN_MINE_01,SYN_TRUCK_011,dumper,PREVENTIVE_MAINTENANCE,6.438,SYNTHETIC
2023-06-15,B,SYN_MINE_01,SYN_DRILL_001,drill,BREAKDOWN,3.58,SYNTHETIC
2023-06-15,A,SYN_MINE_01,SYN_EXC_001,excavator,PREVENTIVE_MAINTENANCE,7.0,SYNTHETIC
2023-06-15,B,SYN_MINE_01,SYN_EXC_001,excavator,BREAKDOWN,1.197,SYNTHETIC
2023-06-15,A,SYN_MINE_01,SYN_EXC_002,excavator,PREVENTIVE_MAINTENANCE,6.586,SYNTHETIC
2023-06-15,B,SYN_MINE_01,SYN_EXC_002,excavator,BREAKDOWN,1.384,SYNTHETIC
2023-06-15,C,SYN_MINE_01,SYN_TRUCK_003,dumper,BREAKDOWN,4.774,SYNTHETIC
2023-06-15,A,SYN_MINE_01,SYN_TRUCK_005,dumper,BREAKDOWN,6.171,SYNTHETIC
2023-06-15,A,SYN_MINE_01,SYN_TRUCK_006,dumper,PREVENTIVE_MAINTENANCE,7.0,SYNTHETIC
2023-06-15,A,SYN_MINE_01,SYN_TRUCK_007,dumper,BREAKDOWN,2.889,SYNTHETIC
2023-06-16,A,SYN_MINE_01,SYN_DRILL_001,drill,BREAKDOWN,2.799,SYNTHETIC
2023-06-16,C,SYN_MINE_01,SYN_TRUCK_001,dumper,BREAKDOWN,0.29,SYNTHETIC
2023-06-16,A,SYN_MINE_01,SYN_TRUCK_004,dumper,PREVENTIVE_MAINTENANCE,4.822,SYNTHETIC
2023-06-16,C,SYN_MINE_01,SYN_TRUCK_007,dumper,BREAKDOWN,0.213,SYNTHETIC
2023-06-16,B,SYN_MINE_01,SYN_TRUCK_009,dumper,BREAKDOWN,0.002,SYNTHETIC
2023-06-17,A,SYN_MINE_01,SYN_DRILL_001,drill,PREVENTIVE_MAINTENANCE,4.792,SYNTHETIC
2023-06-17,A,SYN_MINE_01,SYN_TRUCK_003,dumper,PREVENTIVE_MAINTENANCE,5.77,SYNTHETIC
2023-06-17,B,SYN_MINE_01,SYN_TRUCK_012,dumper,BREAKDOWN,6.236,SYNTHETIC
2023-06-17,A,SYN_MINE_01,SYN_TRUCK_013,dumper,BREAKDOWN,0.111,SYNTHETIC
2023-06-18,C,SYN_MINE_01,SYN_TRUCK_001,dumper,BREAKDOWN,0.63,SYNTHETIC
2023-06-18,B,SYN_MINE_01,SYN_TRUCK_002,dumper,BREAKDOWN,2.466,SYNTHETIC
2023-06-18,C,SYN_MINE_01,SYN_TRUCK_007,dumper,BREAKDOWN,1.805,SYNTHETIC
2023-06-18,A,SYN_MINE_01,SYN_TRUCK_008,dumper,BREAKDOWN,3.173,SYNTHETIC
2023-06-18,C,SYN_MINE_01,SYN_TRUCK_009,dumper,BREAKDOWN,0.216,SYNTHETIC
2023-06-19,B,SYN_MINE_01,SYN_DRILL_001,drill,BREAKDOWN,0.132,SYNTHETIC
2023-06-20,A,SYN_MINE_01,SYN_DRILL_001,drill,BREAKDOWN,5.953,SYNTHETIC
2023-06-20,A,SYN_MINE_01,SYN_EXC_002,excavator,BREAKDOWN,5.949,SYNTHETIC
2023-06-20,B,SYN_MINE_01,SYN_TRUCK_001,dumper,BREAKDOWN,6.885,SYNTHETIC
2023-06-21,A,SYN_MINE_01,SYN_DRILL_002,drill,BREAKDOWN,2.04,SYNTHETIC
2023-06-21,B,SYN_MINE_01,SYN_EXC_001,excavator,BREAKDOWN,6.394,SYNTHETIC
2023-06-21,C,SYN_MINE_01,SYN_TRUCK_007,dumper,BREAKDOWN,1.843,SYNTHETIC
2023-06-21,A,SYN_MINE_01,SYN_TRUCK_008,dumper,BREAKDOWN,2.82,SYNTHETIC
2023-06-21,A,SYN_MINE_01,SYN_TRUCK_012,dumper,PREVENTIVE_MAINTENANCE,4.042,SYNTHETIC
2023-06-21,A,SYN_MINE_01,SYN_TRUCK_013,dumper,BREAKDOWN,6.685,SYNTHETIC
2023-06-22,B,SYN_MINE_01,SYN_DRILL_002,drill,BREAKDOWN,4.469,SYNTHETIC
2023-06-22,C,SYN_MINE_01,SYN_EXC_001,excavator,BREAKDOWN,1.494,SYNTHETIC
2023-06-22,B,SYN_MINE_01,SYN_TRUCK_001,dumper,BREAKDOWN,0.632,SYNTHETIC
2023-06-22,B,SYN_MINE_01,SYN_TRUCK_004,dumper,BREAKDOWN,5.774,SYNTHETIC
2023-06-22,A,SYN_MINE_01,SYN_TRUCK_006,dumper,BREAKDOWN,2.759,SYNTHETIC
2023-06-23,B,SYN_MINE_01,SYN_TRUCK_001,dumper,BREAKDOWN,3.545,SYNTHETIC
2023-06-23,A,SYN_MINE_01,SYN_TRUCK_002,dumper,BREAKDOWN,1.074,SYNTHETIC
2023-06-23,A,SYN_MINE_01,SYN_TRUCK_004,dumper,BREAKDOWN,5.594,SYNTHETIC
2023-06-23,A,SYN_MINE_01,SYN_TRUCK_006,dumper,BREAKDOWN,1.739,SYNTHETIC
2023-06-23,A,SYN_MINE_01,SYN_TRUCK_007,dumper,BREAKDOWN,0.053,SYNTHETIC
2023-06-23,B,SYN_MINE_01,SYN_TRUCK_009,dumper,BREAKDOWN,1.19,SYNTHETIC
2023-06-24,A,SYN_MINE_01,SYN_DRILL_002,drill,BREAKDOWN,3.099,SYNTHETIC
2023-06-24,B,SYN_MINE_01,SYN_DRILL_002,drill,BREAKDOWN,4.803,SYNTHETIC
2023-06-24,C,SYN_MINE_01,SYN_TRUCK_004,dumper,BREAKDOWN,3.064,SYNTHETIC
2023-06-24,A,SYN_MINE_01,SYN_TRUCK_005,dumper,BREAKDOWN,5.226,SYNTHETIC
2023-06-24,B,SYN_MINE_01,SYN_TRUCK_008,dumper,BREAKDOWN,6.804,SYNTHETIC
2023-06-24,B,SYN_MINE_01,SYN_TRUCK_010,dumper,BREAKDOWN,1.486,SYNTHETIC
2023-06-25,A,SYN_MINE_01,SYN_TRUCK_001,dumper,BREAKDOWN,3.096,SYNTHETIC
2023-06-25,B,SYN_MINE_01,SYN_TRUCK_002,dumper,BREAKDOWN,2.178,SYNTHETIC
2023-06-25,A,SYN_MINE_01,SYN_TRUCK_003,dumper,BREAKDOWN,4.824,SYNTHETIC
2023-06-25,A,SYN_MINE_01,SYN_TRUCK_009,dumper,PREVENTIVE_MAINTENANCE,5.004,SYNTHETIC
2023-06-25,C,SYN_MINE_01,SYN_TRUCK_010,dumper,BREAKDOWN,1.964,SYNTHETIC
2023-06-26,A,SYN_MINE_01,SYN_DRILL_001,drill,BREAKDOWN,1.346,SYNTHETIC
2023-06-26,C,SYN_MINE_01,SYN_TRUCK_002,dumper,BREAKDOWN,2.754,SYNTHETIC
2023-06-26,B,SYN_MINE_01,SYN_TRUCK_005,dumper,BREAKDOWN,1.474,SYNTHETIC
2023-06-26,A,SYN_MINE_01,SYN_TRUCK_007,dumper,BREAKDOWN,5.318,SYNTHETIC
2023-06-26,A,SYN_MINE_01,SYN_TRUCK_008,dumper,PREVENTIVE_MAINTENANCE,7.0,SYNTHETIC
2023-06-27,C,SYN_MINE_01,SYN_DRILL_001,drill,BREAKDOWN,4.462,SYNTHETIC
2023-06-27,A,SYN_MINE_01,SYN_DRILL_002,drill,BREAKDOWN,1.828,SYNTHETIC
2023-06-27,B,SYN_MINE_01,SYN_EXC_002,excavator,BREAKDOWN,3.606,SYNTHETIC
2023-06-27,C,SYN_MINE_01,SYN_TRUCK_001,dumper,BREAKDOWN,1.467,SYNTHETIC
2023-06-27,A,SYN_MINE_01,SYN_TRUCK_007,dumper,PREVENTIVE_MAINTENANCE,7.0,SYNTHETIC
2023-06-27,B,SYN_MINE_01,SYN_TRUCK_010,dumper,BREAKDOWN,4.791,SYNTHETIC
2023-06-27,A,SYN_MINE_01,SYN_TRUCK_013,dumper,PREVENTIVE_MAINTENANCE,7.0,SYNTHETIC
2023-06-28,B,SYN_MINE_01,SYN_EXC_002,excavator,BREAKDOWN,4.971,SYNTHETIC
2023-06-28,C,SYN_MINE_01,SYN_EXC_002,excavator,BREAKDOWN,3.235,SYNTHETIC
2023-06-28,C,SYN_MINE_01,SYN_TRUCK_001,dumper,BREAKDOWN,2.597,SYNTHETIC
2023-06-28,A,SYN_MINE_01,SYN_TRUCK_005,dumper,PREVENTIVE_MAINTENANCE,4.635,SYNTHETIC
2023-06-28,B,SYN_MINE_01,SYN_TRUCK_012,dumper,BREAKDOWN,2.487,SYNTHETIC
2023-06-29,A,SYN_MINE_01,SYN_DRILL_001,drill,PREVENTIVE_MAINTENANCE,4.018,SYNTHETIC
2023-06-29,C,SYN_MINE_01,SYN_TRUCK_001,dumper,BREAKDOWN,3.646,SYNTHETIC
2023-06-29,C,SYN_MINE_01,SYN_TRUCK_003,dumper,BREAKDOWN,4.483,SYNTHETIC
2023-06-29,A,SYN_MINE_01,SYN_TRUCK_010,dumper,BREAKDOWN,3.762,SYNTHETIC
2023-06-29,A,SYN_MINE_01,SYN_TRUCK_013,dumper,BREAKDOWN,2.275,SYNTHETIC
2023-06-30,ALL,SYN_MINE_01,SITE,site,WEATHER_SITE_STOPPAGE,4.31,SYNTHETIC
2023-06-30,A,SYN_MINE_01,SYN_TRUCK_002,dumper,PREVENTIVE_MAINTENANCE,5.831,SYNTHETIC
2023-06-30,B,SYN_MINE_01,SYN_TRUCK_003,dumper,BREAKDOWN,3.335,SYNTHETIC
2023-06-30,A,SYN_MINE_01,SYN_TRUCK_010,dumper,BREAKDOWN,0.551,SYNTHETIC
2023-06-30,B,SYN_MINE_01,SYN_TRUCK_011,dumper,BREAKDOWN,2.6,SYNTHETIC
2023-07-01,B,SYN_MINE_01,SYN_DRILL_001,drill,BREAKDOWN,2.412,SYNTHETIC
2023-07-01,B,SYN_MINE_01,SYN_DRILL_002,drill,BREAKDOWN,2.509,SYNTHETIC
2023-07-01,A,SYN_MINE_01,SYN_TRUCK_001,dumper,PREVENTIVE_MAINTENANCE,7.0,SYNTHETIC
2023-07-01,C,SYN_MINE_01,SYN_TRUCK_005,dumper,BREAKDOWN,3.112,SYNTHETIC
2023-07-01,A,SYN_MINE_01,SYN_TRUCK_006,dumper,BREAKDOWN,2.91,SYNTHETIC
2023-07-01,C,SYN_MINE_01,SYN_TRUCK_006,dumper,BREAKDOWN,4.967,SYNTHETIC
2023-07-01,C,SYN_MINE_01,SYN_TRUCK_010,dumper,BREAKDOWN,1.952,SYNTHETIC
2023-07-01,B,SYN_MINE_01,SYN_TRUCK_011,dumper,BREAKDOWN,2.731,SYNTHETIC
2023-07-02,A,SYN_MINE_01,SYN_DRILL_001,drill,BREAKDOWN,0.887,SYNTHETIC
2023-07-02,C,SYN_MINE_01,SYN_DRILL_002,drill,BREAKDOWN,3.167,SYNTHETIC
2023-07-02,C,SYN_MINE_01,SYN_EXC_002,excavator,BREAKDOWN,1.909,SYNTHETIC
2023-07-02,B,SYN_MINE_01,SYN_TRUCK_001,dumper,BREAKDOWN,0.863,SYNTHETIC
2023-07-02,C,SYN_MINE_01,SYN_TRUCK_003,dumper,BREAKDOWN,3.953,SYNTHETIC
2023-07-02,A,SYN_MINE_01,SYN_TRUCK_010,dumper,PREVENTIVE_MAINTENANCE,4.727,SYNTHETIC
2023-07-02,B,SYN_MINE_01,SYN_TRUCK_011,dumper,BREAKDOWN,2.684,SYNTHETIC
2023-07-03,A,SYN_MINE_01,SYN_EXC_001,excavator,PREVENTIVE_MAINTENANCE,7.0,SYNTHETIC
2023-07-03,B,SYN_MINE_01,SYN_TRUCK_002,dumper,BREAKDOWN,0.61,SYNTHETIC
2023-07-03,A,SYN_MINE_01,SYN_TRUCK_003,dumper,BREAKDOWN,1.411,SYNTHETIC
2023-07-03,A,SYN_MINE_01,SYN_TRUCK_005,dumper,BREAKDOWN,4.013,SYNTHETIC
2023-07-03,C,SYN_MINE_01,SYN_TRUCK_005,dumper,BREAKDOWN,5.455,SYNTHETIC
2023-07-03,A,SYN_MINE_01,SYN_TRUCK_011,dumper,BREAKDOWN,5.237,SYNTHETIC
2023-07-04,A,SYN_MINE_01,SYN_DRILL_002,drill,PREVENTIVE_MAINTENANCE,5.316,SYNTHETIC
2023-07-04,C,SYN_MINE_01,SYN_DRILL_002,drill,BREAKDOWN,1.37,SYNTHETIC
2023-07-04,C,SYN_MINE_01,SYN_TRUCK_003,dumper,BREAKDOWN,4.97,SYNTHETIC
2023-07-04,B,SYN_MINE_01,SYN_TRUCK_004,dumper,BREAKDOWN,2.332,SYNTHETIC
2023-07-04,A,SYN_MINE_01,SYN_TRUCK_010,dumper,BREAKDOWN,3.336,SYNTHETIC
2023-07-04,A,SYN_MINE_01,SYN_TRUCK_011,dumper,PREVENTIVE_MAINTENANCE,6.58,SYNTHETIC
2023-07-04,B,SYN_MINE_01,SYN_TRUCK_012,dumper,BREAKDOWN,4.395,SYNTHETIC
2023-07-05,A,SYN_MINE_01,SYN_EXC_002,excavator,BREAKDOWN,1.729,SYNTHETIC
2023-07-05,A,SYN_MINE_01,SYN_TRUCK_005,dumper,BREAKDOWN,4.333,SYNTHETIC
2023-07-05,A,SYN_MINE_01,SYN_TRUCK_006,dumper,PREVENTIVE_MAINTENANCE,7.0,SYNTHETIC
2023-07-05,B,SYN_MINE_01,SYN_TRUCK_008,dumper,BREAKDOWN,3.028,SYNTHETIC
2023-07-06,A,SYN_MINE_01,SYN_EXC_002,excavator,PREVENTIVE_MAINTENANCE,7.0,SYNTHETIC
2023-07-06,C,SYN_MINE_01,SYN_TRUCK_001,dumper,BREAKDOWN,4.077,SYNTHETIC
2023-07-06,B,SYN_MINE_01,SYN_TRUCK_003,dumper,BREAKDOWN,4.506,SYNTHETIC
2023-07-06,A,SYN_MINE_01,SYN_TRUCK_010,dumper,BREAKDOWN,3.169,SYNTHETIC
2023-07-07,C,SYN_MINE_01,SYN_DRILL_002,drill,BREAKDOWN,1.794,SYNTHETIC
2023-07-07,B,SYN_MINE_01,SYN_EXC_002,excavator,BREAKDOWN,0.846,SYNTHETIC
2023-07-07,A,SYN_MINE_01,SYN_TRUCK_004,dumper,PREVENTIVE_MAINTENANCE,6.709,SYNTHETIC
2023-07-08,C,SYN_MINE_01,SYN_TRUCK_003,dumper,BREAKDOWN,4.294,SYNTHETIC
2023-07-08,B,SYN_MINE_01,SYN_TRUCK_004,dumper,BREAKDOWN,6.691,SYNTHETIC
2023-07-08,C,SYN_MINE_01,SYN_TRUCK_010,dumper,BREAKDOWN,4.149,SYNTHETIC
2023-07-09,ALL,SYN_MINE_01,SITE,site,WEATHER_SITE_STOPPAGE,5.3,SYNTHETIC
2023-07-09,C,SYN_MINE_01,SYN_DRILL_001,drill,BREAKDOWN,4.164,SYNTHETIC
2023-07-09,B,SYN_MINE_01,SYN_TRUCK_009,dumper,BREAKDOWN,6.611,SYNTHETIC
2023-07-09,C,SYN_MINE_01,SYN_TRUCK_012,dumper,BREAKDOWN,1.9,SYNTHETIC
2023-07-10,A,SYN_MINE_01,SYN_TRUCK_002,dumper,BREAKDOWN,2.651,SYNTHETIC
2023-07-10,B,SYN_MINE_01,SYN_TRUCK_004,dumper,BREAKDOWN,2.482,SYNTHETIC
2023-07-10,B,SYN_MINE_01,SYN_TRUCK_008,dumper,BREAKDOWN,1.86,SYNTHETIC
2023-07-10,B,SYN_MINE_01,SYN_TRUCK_013,dumper,BREAKDOWN,4.52,SYNTHETIC
2023-07-11,A,SYN_MINE_01,SYN_TRUCK_003,dumper,PREVENTIVE_MAINTENANCE,4.645,SYNTHETIC
2023-07-11,C,SYN_MINE_01,SYN_TRUCK_003,dumper,BREAKDOWN,1.646,SYNTHETIC
2023-07-11,A,SYN_MINE_01,SYN_TRUCK_012,dumper,PREVENTIVE_MAINTENANCE,5.814,SYNTHETIC
2023-07-12,A,SYN_MINE_01,SYN_DRILL_001,drill,PREVENTIVE_MAINTENANCE,5.351,SYNTHETIC
2023-07-12,C,SYN_MINE_01,SYN_DRILL_002,drill,BREAKDOWN,2.84,SYNTHETIC
2023-07-12,C,SYN_MINE_01,SYN_TRUCK_009,dumper,BREAKDOWN,2.312,SYNTHETIC
2023-07-12,A,SYN_MINE_01,SYN_TRUCK_010,dumper,BREAKDOWN,2.954,SYNTHETIC
2023-07-13,B,SYN_MINE_01,SYN_DRILL_002,drill,BREAKDOWN,2.057,SYNTHETIC
2023-07-13,A,SYN_MINE_01,SYN_TRUCK_002,dumper,BREAKDOWN,0.572,SYNTHETIC
2023-07-13,B,SYN_MINE_01,SYN_TRUCK_010,dumper,BREAKDOWN,1.781,SYNTHETIC
2023-07-13,B,SYN_MINE_01,SYN_TRUCK_013,dumper,BREAKDOWN,2.217,SYNTHETIC
2023-07-14,A,SYN_MINE_01,SYN_TRUCK_009,dumper,PREVENTIVE_MAINTENANCE,6.062,SYNTHETIC
2023-07-14,B,SYN_MINE_01,SYN_TRUCK_011,dumper,BREAKDOWN,1.362,SYNTHETIC
2023-07-14,B,SYN_MINE_01,SYN_TRUCK_013,dumper,BREAKDOWN,0.853,SYNTHETIC
2023-07-15,A,SYN_MINE_01,SYN_TRUCK_003,dumper,BREAKDOWN,2.412,SYNTHETIC
2023-07-15,A,SYN_MINE_01,SYN_TRUCK_010,dumper,BREAKDOWN,2.642,SYNTHETIC
2023-07-16,ALL,SYN_MINE_01,SITE,site,WEATHER_SITE_STOPPAGE,4.2,SYNTHETIC
2023-07-16,A,SYN_MINE_01,SYN_DRILL_002,drill,PREVENTIVE_MAINTENANCE,5.084,SYNTHETIC
2023-07-16,B,SYN_MINE_01,SYN_EXC_001,excavator,BREAKDOWN,6.177,SYNTHETIC
2023-07-16,B,SYN_MINE_01,SYN_TRUCK_001,dumper,BREAKDOWN,1.328,SYNTHETIC
2023-07-16,A,SYN_MINE_01,SYN_TRUCK_007,dumper,PREVENTIVE_MAINTENANCE,5.565,SYNTHETIC
2023-07-16,A,SYN_MINE_01,SYN_TRUCK_008,dumper,PREVENTIVE_MAINTENANCE,5.486,SYNTHETIC
2023-07-16,C,SYN_MINE_01,SYN_TRUCK_013,dumper,BREAKDOWN,2.554,SYNTHETIC
2023-07-17,B,SYN_MINE_01,SYN_EXC_001,excavator,BREAKDOWN,5.69,SYNTHETIC
2023-07-17,B,SYN_MINE_01,SYN_TRUCK_002,dumper,BREAKDOWN,0.278,SYNTHETIC
2023-07-17,B,SYN_MINE_01,SYN_TRUCK_009,dumper,BREAKDOWN,5.92,SYNTHETIC
2023-07-17,B,SYN_MINE_01,SYN_TRUCK_010,dumper,BREAKDOWN,1.319,SYNTHETIC
2023-07-17,B,SYN_MINE_01,SYN_TRUCK_013,dumper,BREAKDOWN,3.246,SYNTHETIC
2023-07-18,A,SYN_MINE_01,SYN_DRILL_001,drill,BREAKDOWN,2.971,SYNTHETIC
2023-07-18,C,SYN_MINE_01,SYN_DRILL_002,drill,BREAKDOWN,3.312,SYNTHETIC
2023-07-18,C,SYN_MINE_01,SYN_EXC_002,excavator,BREAKDOWN,1.885,SYNTHETIC
2023-07-18,B,SYN_MINE_01,SYN_TRUCK_003,dumper,BREAKDOWN,6.988,SYNTHETIC
2023-07-18,B,SYN_MINE_01,SYN_TRUCK_005,dumper,BREAKDOWN,2.384,SYNTHETIC
2023-07-18,A,SYN_MINE_01,SYN_TRUCK_008,dumper,BREAKDOWN,0.132,SYNTHETIC
2023-07-18,C,SYN_MINE_01,SYN_TRUCK_009,dumper,BREAKDOWN,5.592,SYNTHETIC
2023-07-18,B,SYN_MINE_01,SYN_TRUCK_012,dumper,BREAKDOWN,5.423,SYNTHETIC
2023-07-19,ALL,SYN_MINE_01,SITE,site,WEATHER_SITE_STOPPAGE,11.19,SYNTHETIC
2023-07-19,B,SYN_MINE_01,SYN_DRILL_001,drill,BREAKDOWN,2.409,SYNTHETIC
2023-07-19,B,SYN_MINE_01,SYN_TRUCK_001,dumper,BREAKDOWN,1.929,SYNTHETIC
2023-07-19,C,SYN_MINE_01,SYN_TRUCK_005,dumper,BREAKDOWN,4.71,SYNTHETIC
2023-07-19,C,SYN_MINE_01,SYN_TRUCK_007,dumper,BREAKDOWN,0.189,SYNTHETIC
2023-07-19,A,SYN_MINE_01,SYN_TRUCK_013,dumper,PREVENTIVE_MAINTENANCE,5.945,SYNTHETIC
2023-07-20,C,SYN_MINE_01,SYN_TRUCK_005,dumper,BREAKDOWN,1.465,SYNTHETIC
2023-07-20,C,SYN_MINE_01,SYN_TRUCK_011,dumper,BREAKDOWN,1.187,SYNTHETIC
2023-07-21,B,SYN_MINE_01,SYN_DRILL_001,drill,BREAKDOWN,1.726,SYNTHETIC
2023-07-21,A,SYN_MINE_01,SYN_EXC_001,excavator,PREVENTIVE_MAINTENANCE,7.0,SYNTHETIC
2023-07-21,C,SYN_MINE_01,SYN_TRUCK_001,dumper,BREAKDOWN,5.311,SYNTHETIC
2023-07-21,A,SYN_MINE_01,SYN_TRUCK_002,dumper,PREVENTIVE_MAINTENANCE,4.208,SYNTHETIC
2023-07-21,A,SYN_MINE_01,SYN_TRUCK_004,dumper,BREAKDOWN,4.612,SYNTHETIC
2023-07-22,A,SYN_MINE_01,SYN_DRILL_001,drill,BREAKDOWN,5.475,SYNTHETIC
2023-07-22,A,SYN_MINE_01,SYN_EXC_001,excavator,BREAKDOWN,3.708,SYNTHETIC
2023-07-22,A,SYN_MINE_01,SYN_TRUCK_001,dumper,PREVENTIVE_MAINTENANCE,4.903,SYNTHETIC
2023-07-22,A,SYN_MINE_01,SYN_TRUCK_005,dumper,PREVENTIVE_MAINTENANCE,4.909,SYNTHETIC
2023-07-22,B,SYN_MINE_01,SYN_TRUCK_013,dumper,BREAKDOWN,0.902,SYNTHETIC
2023-07-23,A,SYN_MINE_01,SYN_EXC_002,excavator,PREVENTIVE_MAINTENANCE,7.0,SYNTHETIC
2023-07-23,B,SYN_MINE_01,SYN_TRUCK_012,dumper,BREAKDOWN,6.884,SYNTHETIC
2023-07-24,B,SYN_MINE_01,SYN_DRILL_002,drill,BREAKDOWN,4.336,SYNTHETIC
2023-07-24,A,SYN_MINE_01,SYN_TRUCK_003,dumper,BREAKDOWN,4.293,SYNTHETIC
2023-07-24,C,SYN_MINE_01,SYN_TRUCK_003,dumper,BREAKDOWN,1.746,SYNTHETIC
2023-07-24,B,SYN_MINE_01,SYN_TRUCK_007,dumper,BREAKDOWN,3.683,SYNTHETIC
2023-07-24,A,SYN_MINE_01,SYN_TRUCK_010,dumper,PREVENTIVE_MAINTENANCE,5.073,SYNTHETIC
2023-07-24,C,SYN_MINE_01,SYN_TRUCK_010,dumper,BREAKDOWN,2.03,SYNTHETIC
2023-07-24,A,SYN_MINE_01,SYN_TRUCK_011,dumper,PREVENTIVE_MAINTENANCE,7.0,SYNTHETIC
2023-07-24,B,SYN_MINE_01,SYN_TRUCK_012,dumper,BREAKDOWN,2.1,SYNTHETIC
2023-07-25,A,SYN_MINE_01,SYN_DRILL_001,drill,PREVENTIVE_MAINTENANCE,5.261,SYNTHETIC
2023-07-25,C,SYN_MINE_01,SYN_DRILL_001,drill,BREAKDOWN,3.758,SYNTHETIC
2023-07-25,A,SYN_MINE_01,SYN_TRUCK_006,dumper,PREVENTIVE_MAINTENANCE,6.053,SYNTHETIC
2023-07-26,C,SYN_MINE_01,SYN_TRUCK_007,dumper,BREAKDOWN,3.317,SYNTHETIC
2023-07-27,B,SYN_MINE_01,SYN_TRUCK_002,dumper,BREAKDOWN,3.246,SYNTHETIC
2023-07-27,A,SYN_MINE_01,SYN_TRUCK_005,dumper,BREAKDOWN,6.243,SYNTHETIC
2023-07-27,C,SYN_MINE_01,SYN_TRUCK_007,dumper,BREAKDOWN,5.681,SYNTHETIC
2023-07-27,C,SYN_MINE_01,SYN_TRUCK_009,dumper,BREAKDOWN,2.5,SYNTHETIC
2023-07-27,C,SYN_MINE_01,SYN_TRUCK_013,dumper,BREAKDOWN,4.121,SYNTHETIC
2023-07-28,A,SYN_MINE_01,SYN_DRILL_002,drill,PREVENTIVE_MAINTENANCE,4.32,SYNTHETIC
2023-07-28,B,SYN_MINE_01,SYN_EXC_001,excavator,BREAKDOWN,6.99,SYNTHETIC
2023-07-28,A,SYN_MINE_01,SYN_EXC_002,excavator,BREAKDOWN,4.499,SYNTHETIC
2023-07-28,B,SYN_MINE_01,SYN_TRUCK_004,dumper,BREAKDOWN,4.714,SYNTHETIC
2023-07-28,B,SYN_MINE_01,SYN_TRUCK_007,dumper,BREAKDOWN,3.221,SYNTHETIC
2023-07-28,A,SYN_MINE_01,SYN_TRUCK_012,dumper,BREAKDOWN,3.491,SYNTHETIC
2023-07-29,C,SYN_MINE_01,SYN_DRILL_001,drill,BREAKDOWN,2.69,SYNTHETIC
2023-07-29,B,SYN_MINE_01,SYN_TRUCK_003,dumper,BREAKDOWN,3.607,SYNTHETIC
2023-07-29,A,SYN_MINE_01,SYN_TRUCK_004,dumper,PREVENTIVE_MAINTENANCE,4.261,SYNTHETIC
2023-07-30,B,SYN_MINE_01,SYN_TRUCK_006,dumper,BREAKDOWN,1.542,SYNTHETIC
2023-07-30,B,SYN_MINE_01,SYN_TRUCK_011,dumper,BREAKDOWN,2.305,SYNTHETIC
2023-07-30,A,SYN_MINE_01,SYN_TRUCK_012,dumper,BREAKDOWN,4.898,SYNTHETIC
2023-07-31,A,SYN_MINE_01,SYN_EXC_002,excavator,BREAKDOWN,2.305,SYNTHETIC
2023-07-31,A,SYN_MINE_01,SYN_TRUCK_012,dumper,BREAKDOWN,3.708,SYNTHETIC
2023-07-31,A,SYN_MINE_01,SYN_TRUCK_013,dumper,BREAKDOWN,1.589,SYNTHETIC
2023-07-31,B,SYN_MINE_01,SYN_TRUCK_013,dumper,BREAKDOWN,3.794,SYNTHETIC
2023-08-01,A,SYN_MINE_01,SYN_DRILL_002,drill,BREAKDOWN,2.699,SYNTHETIC
2023-08-01,C,SYN_MINE_01,SYN_EXC_001,excavator,BREAKDOWN,2.487,SYNTHETIC
2023-08-01,A,SYN_MINE_01,SYN_TRUCK_007,dumper,BREAKDOWN,1.969,SYNTHETIC
2023-08-01,C,SYN_MINE_01,SYN_TRUCK_009,dumper,BREAKDOWN,2.164,SYNTHETIC
2023-08-02,C,SYN_MINE_01,SYN_EXC_002,excavator,BREAKDOWN,2.745,SYNTHETIC
2023-08-02,A,SYN_MINE_01,SYN_TRUCK_003,dumper,PREVENTIVE_MAINTENANCE,5.742,SYNTHETIC
2023-08-02,B,SYN_MINE_01,SYN_TRUCK_003,dumper,BREAKDOWN,5.365,SYNTHETIC
2023-08-02,A,SYN_MINE_01,SYN_TRUCK_008,dumper,BREAKDOWN,4.248,SYNTHETIC
2023-08-02,A,SYN_MINE_01,SYN_TRUCK_009,dumper,BREAKDOWN,3.356,SYNTHETIC
2023-08-02,A,SYN_MINE_01,SYN_TRUCK_012,dumper,PREVENTIVE_MAINTENANCE,6.489,SYNTHETIC
2023-08-03,A,SYN_MINE_01,SYN_DRILL_002,drill,BREAKDOWN,5.583,SYNTHETIC
2023-08-03,A,SYN_MINE_01,SYN_TRUCK_006,dumper,BREAKDOWN,0.241,SYNTHETIC
2023-08-04,ALL,SYN_MINE_01,SITE,site,WEATHER_SITE_STOPPAGE,5.44,SYNTHETIC
2023-08-04,C,SYN_MINE_01,SYN_DRILL_001,drill,BREAKDOWN,5.531,SYNTHETIC
2023-08-04,B,SYN_MINE_01,SYN_EXC_002,excavator,BREAKDOWN,5.146,SYNTHETIC
2023-08-04,A,SYN_MINE_01,SYN_TRUCK_001,dumper,BREAKDOWN,0.727,SYNTHETIC
2023-08-04,B,SYN_MINE_01,SYN_TRUCK_002,dumper,BREAKDOWN,2.733,SYNTHETIC
2023-08-04,C,SYN_MINE_01,SYN_TRUCK_003,dumper,BREAKDOWN,4.126,SYNTHETIC
2023-08-04,A,SYN_MINE_01,SYN_TRUCK_006,dumper,BREAKDOWN,4.751,SYNTHETIC
2023-08-04,C,SYN_MINE_01,SYN_TRUCK_007,dumper,BREAKDOWN,3.231,SYNTHETIC
2023-08-04,A,SYN_MINE_01,SYN_TRUCK_009,dumper,PREVENTIVE_MAINTENANCE,5.786,SYNTHETIC
2023-08-05,A,SYN_MINE_01,SYN_TRUCK_008,dumper,PREVENTIVE_MAINTENANCE,6.717,SYNTHETIC
2023-08-05,A,SYN_MINE_01,SYN_TRUCK_013,dumper,BREAKDOWN,0.133,SYNTHETIC
2023-08-06,A,SYN_MINE_01,SYN_DRILL_001,drill,BREAKDOWN,2.013,SYNTHETIC
2023-08-06,B,SYN_MINE_01,SYN_EXC_001,excavator,BREAKDOWN,3.338,SYNTHETIC
2023-08-06,B,SYN_MINE_01,SYN_EXC_002,excavator,BREAKDOWN,5.92,SYNTHETIC
2023-08-06,B,SYN_MINE_01,SYN_TRUCK_001,dumper,BREAKDOWN,1.001,SYNTHETIC
2023-08-06,A,SYN_MINE_01,SYN_TRUCK_004,dumper,BREAKDOWN,1.924,SYNTHETIC
2023-08-06,A,SYN_MINE_01,SYN_TRUCK_013,dumper,BREAKDOWN,0.547,SYNTHETIC
2023-08-07,A,SYN_MINE_01,SYN_DRILL_001,drill,BREAKDOWN,3.378,SYNTHETIC
2023-08-07,B,SYN_MINE_01,SYN_DRILL_002,drill,BREAKDOWN,1.254,SYNTHETIC
2023-08-07,C,SYN_MINE_01,SYN_TRUCK_002,dumper,BREAKDOWN,2.043,SYNTHETIC
2023-08-07,A,SYN_MINE_01,SYN_TRUCK_006,dumper,BREAKDOWN,2.047,SYNTHETIC
2023-08-07,B,SYN_MINE_01,SYN_TRUCK_006,dumper,BREAKDOWN,1.621,SYNTHETIC
2023-08-07,B,SYN_MINE_01,SYN_TRUCK_007,dumper,BREAKDOWN,0.063,SYNTHETIC
2023-08-08,A,SYN_MINE_01,SYN_DRILL_001,drill,PREVENTIVE_MAINTENANCE,4.272,SYNTHETIC
2023-08-08,A,SYN_MINE_01,SYN_TRUCK_005,dumper,BREAKDOWN,1.794,SYNTHETIC
2023-08-09,A,SYN_MINE_01,SYN_DRILL_001,drill,BREAKDOWN,4.29,SYNTHETIC
2023-08-09,A,SYN_MINE_01,SYN_DRILL_002,drill,PREVENTIVE_MAINTENANCE,5.462,SYNTHETIC
2023-08-09,A,SYN_MINE_01,SYN_EXC_002,excavator,PREVENTIVE_MAINTENANCE,7.0,SYNTHETIC
2023-08-09,B,SYN_MINE_01,SYN_TRUCK_001,dumper,BREAKDOWN,1.487,SYNTHETIC
2023-08-09,A,SYN_MINE_01,SYN_TRUCK_002,dumper,PREVENTIVE_MAINTENANCE,4.363,SYNTHETIC
2023-08-09,A,SYN_MINE_01,SYN_TRUCK_007,dumper,PREVENTIVE_MAINTENANCE,6.116,SYNTHETIC
2023-08-09,A,SYN_MINE_01,SYN_TRUCK_010,dumper,BREAKDOWN,6.473,SYNTHETIC
2023-08-09,C,SYN_MINE_01,SYN_TRUCK_010,dumper,BREAKDOWN,2.059,SYNTHETIC
2023-08-09,A,SYN_MINE_01,SYN_TRUCK_013,dumper,PREVENTIVE_MAINTENANCE,4.829,SYNTHETIC
2023-08-10,B,SYN_MINE_01,SYN_DRILL_001,drill,BREAKDOWN,3.372,SYNTHETIC
2023-08-10,C,SYN_MINE_01,SYN_DRILL_001,drill,BREAKDOWN,0.679,SYNTHETIC
2023-08-10,B,SYN_MINE_01,SYN_TRUCK_001,dumper,BREAKDOWN,2.402,SYNTHETIC
2023-08-10,C,SYN_MINE_01,SYN_TRUCK_002,dumper,BREAKDOWN,1.257,SYNTHETIC
2023-08-10,A,SYN_MINE_01,SYN_TRUCK_005,dumper,PREVENTIVE_MAINTENANCE,5.658,SYNTHETIC
2023-08-10,A,SYN_MINE_01,SYN_TRUCK_012,dumper,BREAKDOWN,1.65,SYNTHETIC
2023-08-11,A,SYN_MINE_01,SYN_TRUCK_008,dumper,BREAKDOWN,3.671,SYNTHETIC
2023-08-11,A,SYN_MINE_01,SYN_TRUCK_009,dumper,BREAKDOWN,2.277,SYNTHETIC
2023-08-11,B,SYN_MINE_01,SYN_TRUCK_011,dumper,BREAKDOWN,2.859,SYNTHETIC
2023-08-12,A,SYN_MINE_01,SYN_DRILL_001,drill,BREAKDOWN,0.077,SYNTHETIC
2023-08-12,A,SYN_MINE_01,SYN_EXC_001,excavator,PREVENTIVE_MAINTENANCE,7.0,SYNTHETIC
2023-08-12,A,SYN_MINE_01,SYN_TRUCK_001,dumper,PREVENTIVE_MAINTENANCE,7.0,SYNTHETIC
2023-08-12,B,SYN_MINE_01,SYN_TRUCK_003,dumper,BREAKDOWN,2.638,SYNTHETIC
2023-08-12,B,SYN_MINE_01,SYN_TRUCK_008,dumper,BREAKDOWN,2.143,SYNTHETIC
2023-08-12,A,SYN_MINE_01,SYN_TRUCK_010,dumper,BREAKDOWN,1.018,SYNTHETIC
2023-08-12,B,SYN_MINE_01,SYN_TRUCK_012,dumper,BREAKDOWN,4.675,SYNTHETIC
2023-08-13,B,SYN_MINE_01,SYN_EXC_001,excavator,BREAKDOWN,3.45,SYNTHETIC
2023-08-13,A,SYN_MINE_01,SYN_TRUCK_002,dumper,BREAKDOWN,1.348,SYNTHETIC
2023-08-13,C,SYN_MINE_01,SYN_TRUCK_006,dumper,BREAKDOWN,3.923,SYNTHETIC
2023-08-13,A,SYN_MINE_01,SYN_TRUCK_010,dumper,PREVENTIVE_MAINTENANCE,4.615,SYNTHETIC
2023-08-13,A,SYN_MINE_01,SYN_TRUCK_011,dumper,PREVENTIVE_MAINTENANCE,6.253,SYNTHETIC
2023-08-14,A,SYN_MINE_01,SYN_TRUCK_009,dumper,BREAKDOWN,2.166,SYNTHETIC
2023-08-14,B,SYN_MINE_01,SYN_TRUCK_013,dumper,BREAKDOWN,2.166,SYNTHETIC
2023-08-15,C,SYN_MINE_01,SYN_DRILL_002,drill,BREAKDOWN,0.581,SYNTHETIC
2023-08-15,A,SYN_MINE_01,SYN_TRUCK_006,dumper,PREVENTIVE_MAINTENANCE,5.688,SYNTHETIC
2023-08-16,C,SYN_MINE_01,SYN_DRILL_002,drill,BREAKDOWN,2.756,SYNTHETIC
2023-08-16,B,SYN_MINE_01,SYN_TRUCK_003,dumper,BREAKDOWN,3.456,SYNTHETIC
2023-08-16,B,SYN_MINE_01,SYN_TRUCK_005,dumper,BREAKDOWN,2.894,SYNTHETIC
2023-08-16,C,SYN_MINE_01,SYN_TRUCK_005,dumper,BREAKDOWN,2.646,SYNTHETIC
2023-08-16,B,SYN_MINE_01,SYN_TRUCK_012,dumper,BREAKDOWN,2.396,SYNTHETIC
2023-08-17,B,SYN_MINE_01,SYN_DRILL_001,drill,BREAKDOWN,0.553,SYNTHETIC
2023-08-17,B,SYN_MINE_01,SYN_TRUCK_001,dumper,BREAKDOWN,4.833,SYNTHETIC
2023-08-17,A,SYN_MINE_01,SYN_TRUCK_004,dumper,PREVENTIVE_MAINTENANCE,6.383,SYNTHETIC
2023-08-17,B,SYN_MINE_01,SYN_TRUCK_008,dumper,BREAKDOWN,0.945,SYNTHETIC
2023-08-17,C,SYN_MINE_01,SYN_TRUCK_008,dumper,BREAKDOWN,3.746,SYNTHETIC
2023-08-17,B,SYN_MINE_01,SYN_TRUCK_013,dumper,BREAKDOWN,2.586,SYNTHETIC
2023-08-18,B,SYN_MINE_01,SYN_DRILL_001,drill,BREAKDOWN,3.856,SYNTHETIC
2023-08-18,A,SYN_MINE_01,SYN_DRILL_002,drill,BREAKDOWN,5.035,SYNTHETIC
2023-08-18,C,SYN_MINE_01,SYN_TRUCK_003,dumper,BREAKDOWN,2.961,SYNTHETIC
2023-08-18,A,SYN_MINE_01,SYN_TRUCK_006,dumper,BREAKDOWN,0.849,SYNTHETIC
2023-08-18,B,SYN_MINE_01,SYN_TRUCK_008,dumper,BREAKDOWN,2.048,SYNTHETIC
2023-08-18,A,SYN_MINE_01,SYN_TRUCK_009,dumper,BREAKDOWN,0.294,SYNTHETIC
2023-08-19,C,SYN_MINE_01,SYN_DRILL_001,drill,BREAKDOWN,3.642,SYNTHETIC
2023-08-19,B,SYN_MINE_01,SYN_DRILL_002,drill,BREAKDOWN,0.836,SYNTHETIC
2023-08-19,B,SYN_MINE_01,SYN_TRUCK_002,dumper,BREAKDOWN,1.815,SYNTHETIC
2023-08-19,C,SYN_MINE_01,SYN_TRUCK_003,dumper,BREAKDOWN,4.644,SYNTHETIC
2023-08-19,A,SYN_MINE_01,SYN_TRUCK_007,dumper,BREAKDOWN,2.326,SYNTHETIC
2023-08-19,A,SYN_MINE_01,SYN_TRUCK_013,dumper,BREAKDOWN,4.795,SYNTHETIC
2023-08-20,ALL,SYN_MINE_01,SITE,site,WEATHER_SITE_STOPPAGE,4.29,SYNTHETIC
2023-08-20,B,SYN_MINE_01,SYN_DRILL_002,drill,BREAKDOWN,1.431,SYNTHETIC
2023-08-20,C,SYN_MINE_01,SYN_TRUCK_009,dumper,BREAKDOWN,5.89,SYNTHETIC
2023-08-21,A,SYN_MINE_01,SYN_DRILL_001,drill,PREVENTIVE_MAINTENANCE,5.703,SYNTHETIC
2023-08-21,B,SYN_MINE_01,SYN_TRUCK_008,dumper,BREAKDOWN,3.188,SYNTHETIC
2023-08-21,A,SYN_MINE_01,SYN_TRUCK_009,dumper,BREAKDOWN,3.484,SYNTHETIC
2023-08-21,C,SYN_MINE_01,SYN_TRUCK_010,dumper,BREAKDOWN,3.757,SYNTHETIC
2023-08-22,A,SYN_MINE_01,SYN_DRILL_002,drill,PREVENTIVE_MAINTENANCE,5.612,SYNTHETIC
2023-08-22,A,SYN_MINE_01,SYN_EXC_002,excavator,BREAKDOWN,3.357,SYNTHETIC
2023-08-22,B,SYN_MINE_01,SYN_TRUCK_001,dumper,BREAKDOWN,2.954,SYNTHETIC
2023-08-22,A,SYN_MINE_01,SYN_TRUCK_002,dumper,BREAKDOWN,1.357,SYNTHETIC
2023-08-22,B,SYN_MINE_01,SYN_TRUCK_010,dumper,BREAKDOWN,4.903,SYNTHETIC
2023-08-22,A,SYN_MINE_01,SYN_TRUCK_011,dumper,BREAKDOWN,5.865,SYNTHETIC
2023-08-23,B,SYN_MINE_01,SYN_DRILL_001,drill,BREAKDOWN,3.169,SYNTHETIC
2023-08-23,B,SYN_MINE_01,SYN_TRUCK_006,dumper,BREAKDOWN,0.313,SYNTHETIC
2023-08-23,B,SYN_MINE_01,SYN_TRUCK_007,dumper,BREAKDOWN,4.348,SYNTHETIC
2023-08-23,B,SYN_MINE_01,SYN_TRUCK_010,dumper,BREAKDOWN,6.494,SYNTHETIC
2023-08-23,A,SYN_MINE_01,SYN_TRUCK_012,dumper,PREVENTIVE_MAINTENANCE,4.508,SYNTHETIC
2023-08-24,B,SYN_MINE_01,SYN_TRUCK_002,dumper,BREAKDOWN,1.763,SYNTHETIC
2023-08-24,A,SYN_MINE_01,SYN_TRUCK_003,dumper,PREVENTIVE_MAINTENANCE,6.018,SYNTHETIC
2023-08-24,A,SYN_MINE_01,SYN_TRUCK_009,dumper,PREVENTIVE_MAINTENANCE,7.0,SYNTHETIC
2023-08-24,C,SYN_MINE_01,SYN_TRUCK_010,dumper,BREAKDOWN,1.701,SYNTHETIC
2023-08-25,C,SYN_MINE_01,SYN_DRILL_001,drill,BREAKDOWN,1.25,SYNTHETIC
2023-08-25,B,SYN_MINE_01,SYN_EXC_002,excavator,BREAKDOWN,5.125,SYNTHETIC
2023-08-25,B,SYN_MINE_01,SYN_TRUCK_003,dumper,BREAKDOWN,3.075,SYNTHETIC
2023-08-25,C,SYN_MINE_01,SYN_TRUCK_004,dumper,BREAKDOWN,5.407,SYNTHETIC
2023-08-25,A,SYN_MINE_01,SYN_TRUCK_008,dumper,BREAKDOWN,1.819,SYNTHETIC
2023-08-25,C,SYN_MINE_01,SYN_TRUCK_013,dumper,BREAKDOWN,1.836,SYNTHETIC
2023-08-26,A,SYN_MINE_01,SYN_TRUCK_002,dumper,BREAKDOWN,0.919,SYNTHETIC
2023-08-26,B,SYN_MINE_01,SYN_TRUCK_007,dumper,BREAKDOWN,4.291,SYNTHETIC
2023-08-26,A,SYN_MINE_01,SYN_TRUCK_008,dumper,PREVENTIVE_MAINTENANCE,5.151,SYNTHETIC
2023-08-26,B,SYN_MINE_01,SYN_TRUCK_011,dumper,BREAKDOWN,3.505,SYNTHETIC
2023-08-27,ALL,SYN_MINE_01,SITE,site,WEATHER_SITE_STOPPAGE,3.4,SYNTHETIC
2023-08-27,A,SYN_MINE_01,SYN_EXC_002,excavator,PREVENTIVE_MAINTENANCE,7.0,SYNTHETIC
2023-08-27,A,SYN_MINE_01,SYN_TRUCK_004,dumper,BREAKDOWN,2.256,SYNTHETIC
2023-08-27,A,SYN_MINE_01,SYN_TRUCK_007,dumper,BREAKDOWN,2.344,SYNTHETIC
2023-08-27,B,SYN_MINE_01,SYN_TRUCK_007,dumper,BREAKDOWN,0.229,SYNTHETIC
2023-08-27,C,SYN_MINE_01,SYN_TRUCK_013,dumper,BREAKDOWN,2.36,SYNTHETIC
2023-08-28,B,SYN_MINE_01,SYN_EXC_001,excavator,BREAKDOWN,0.77,SYNTHETIC
2023-08-28,A,SYN_MINE_01,SYN_EXC_002,excavator,BREAKDOWN,4.377,SYNTHETIC
2023-08-28,B,SYN_MINE_01,SYN_TRUCK_004,dumper,BREAKDOWN,0.177,SYNTHETIC
2023-08-28,C,SYN_MINE_01,SYN_TRUCK_005,dumper,BREAKDOWN,2.453,SYNTHETIC
2023-08-28,C,SYN_MINE_01,SYN_TRUCK_010,dumper,BREAKDOWN,3.755,SYNTHETIC
2023-08-28,C,SYN_MINE_01,SYN_TRUCK_013,dumper,BREAKDOWN,0.084,SYNTHETIC
2023-08-29,A,SYN_MINE_01,SYN_EXC_001,excavator,PREVENTIVE_MAINTENANCE,7.0,SYNTHETIC
2023-08-29,A,SYN_MINE_01,SYN_TRUCK_002,dumper,PREVENTIVE_MAINTENANCE,4.543,SYNTHETIC
2023-08-29,A,SYN_MINE_01,SYN_TRUCK_007,dumper,PREVENTIVE_MAINTENANCE,7.0,SYNTHETIC
2023-08-29,B,SYN_MINE_01,SYN_TRUCK_013,dumper,BREAKDOWN,1.14,SYNTHETIC
2023-08-30,ALL,SYN_MINE_01,SITE,site,WEATHER_SITE_STOPPAGE,8.09,SYNTHETIC
2023-08-30,C,SYN_MINE_01,SYN_TRUCK_001,dumper,BREAKDOWN,0.639,SYNTHETIC
2023-08-30,A,SYN_MINE_01,SYN_TRUCK_005,dumper,PREVENTIVE_MAINTENANCE,4.793,SYNTHETIC
2023-08-30,A,SYN_MINE_01,SYN_TRUCK_013,dumper,PREVENTIVE_MAINTENANCE,6.412,SYNTHETIC
2023-08-30,C,SYN_MINE_01,SYN_TRUCK_013,dumper,BREAKDOWN,3.398,SYNTHETIC
2023-08-31,A,SYN_MINE_01,SYN_DRILL_002,drill,BREAKDOWN,2.062,SYNTHETIC
2023-08-31,C,SYN_MINE_01,SYN_EXC_002,excavator,BREAKDOWN,0.665,SYNTHETIC
2023-08-31,B,SYN_MINE_01,SYN_TRUCK_002,dumper,BREAKDOWN,0.858,SYNTHETIC
2023-08-31,B,SYN_MINE_01,SYN_TRUCK_004,dumper,BREAKDOWN,1.349,SYNTHETIC
2023-08-31,C,SYN_MINE_01,SYN_TRUCK_007,dumper,BREAKDOWN,4.719,SYNTHETIC
2023-08-31,A,SYN_MINE_01,SYN_TRUCK_009,dumper,BREAKDOWN,5.211,SYNTHETIC
2023-08-31,B,SYN_MINE_01,SYN_TRUCK_010,dumper,BREAKDOWN,3.424,SYNTHETIC
2023-09-01,A,SYN_MINE_01,SYN_TRUCK_006,dumper,BREAKDOWN,3.339,SYNTHETIC
2023-09-01,C,SYN_MINE_01,SYN_TRUCK_008,dumper,BREAKDOWN,0.291,SYNTHETIC
2023-09-01,C,SYN_MINE_01,SYN_TRUCK_011,dumper,BREAKDOWN,3.551,SYNTHETIC
2023-09-01,A,SYN_MINE_01,SYN_TRUCK_012,dumper,BREAKDOWN,3.634,SYNTHETIC
2023-09-02,B,SYN_MINE_01,SYN_DRILL_002,drill,BREAKDOWN,5.929,SYNTHETIC
2023-09-02,B,SYN_MINE_01,SYN_EXC_001,excavator,BREAKDOWN,3.803,SYNTHETIC
2023-09-02,A,SYN_MINE_01,SYN_TRUCK_001,dumper,PREVENTIVE_MAINTENANCE,5.879,SYNTHETIC
2023-09-02,B,SYN_MINE_01,SYN_TRUCK_007,dumper,BREAKDOWN,4.101,SYNTHETIC
2023-09-02,C,SYN_MINE_01,SYN_TRUCK_011,dumper,BREAKDOWN,0.204,SYNTHETIC
2023-09-03,A,SYN_MINE_01,SYN_DRILL_001,drill,PREVENTIVE_MAINTENANCE,4.811,SYNTHETIC
2023-09-03,A,SYN_MINE_01,SYN_EXC_001,excavator,BREAKDOWN,3.656,SYNTHETIC
2023-09-03,A,SYN_MINE_01,SYN_TRUCK_010,dumper,BREAKDOWN,1.901,SYNTHETIC
2023-09-03,C,SYN_MINE_01,SYN_TRUCK_013,dumper,BREAKDOWN,5.456,SYNTHETIC
2023-09-04,A,SYN_MINE_01,SYN_DRILL_002,drill,PREVENTIVE_MAINTENANCE,4.45,SYNTHETIC
2023-09-04,A,SYN_MINE_01,SYN_TRUCK_009,dumper,BREAKDOWN,1.715,SYNTHETIC
2023-09-04,A,SYN_MINE_01,SYN_TRUCK_010,dumper,PREVENTIVE_MAINTENANCE,7.0,SYNTHETIC
2023-09-04,A,SYN_MINE_01,SYN_TRUCK_011,dumper,PREVENTIVE_MAINTENANCE,4.08,SYNTHETIC
2023-09-04,B,SYN_MINE_01,SYN_TRUCK_012,dumper,BREAKDOWN,4.889,SYNTHETIC
2023-09-05,C,SYN_MINE_01,SYN_TRUCK_004,dumper,BREAKDOWN,0.853,SYNTHETIC
2023-09-05,B,SYN_MINE_01,SYN_TRUCK_005,dumper,BREAKDOWN,0.868,SYNTHETIC
2023-09-05,A,SYN_MINE_01,SYN_TRUCK_007,dumper,BREAKDOWN,5.884,SYNTHETIC
2023-09-05,C,SYN_MINE_01,SYN_TRUCK_010,dumper,BREAKDOWN,4.943,SYNTHETIC
2023-09-05,A,SYN_MINE_01,SYN_TRUCK_013,dumper,BREAKDOWN,0.673,SYNTHETIC
2023-09-06,B,SYN_MINE_01,SYN_DRILL_001,drill,BREAKDOWN,2.097,SYNTHETIC
2023-09-06,A,SYN_MINE_01,SYN_TRUCK_006,dumper,PREVENTIVE_MAINTENANCE,4.808,SYNTHETIC
2023-09-06,A,SYN_MINE_01,SYN_TRUCK_008,dumper,BREAKDOWN,5.21,SYNTHETIC
2023-09-08,B,SYN_MINE_01,SYN_TRUCK_003,dumper,BREAKDOWN,3.162,SYNTHETIC
2023-09-08,A,SYN_MINE_01,SYN_TRUCK_004,dumper,PREVENTIVE_MAINTENANCE,7.0,SYNTHETIC
2023-09-08,B,SYN_MINE_01,SYN_TRUCK_009,dumper,BREAKDOWN,4.198,SYNTHETIC
2023-09-08,C,SYN_MINE_01,SYN_TRUCK_011,dumper,BREAKDOWN,1.328,SYNTHETIC
2023-09-08,C,SYN_MINE_01,SYN_TRUCK_012,dumper,BREAKDOWN,2.839,SYNTHETIC
2023-09-09,A,SYN_MINE_01,SYN_EXC_002,excavator,BREAKDOWN,2.271,SYNTHETIC
2023-09-09,A,SYN_MINE_01,SYN_TRUCK_005,dumper,BREAKDOWN,4.678,SYNTHETIC
2023-09-09,B,SYN_MINE_01,SYN_TRUCK_007,dumper,BREAKDOWN,2.861,SYNTHETIC
2023-09-09,B,SYN_MINE_01,SYN_TRUCK_012,dumper,BREAKDOWN,4.262,SYNTHETIC
2023-09-10,B,SYN_MINE_01,SYN_DRILL_002,drill,BREAKDOWN,3.411,SYNTHETIC
2023-09-10,B,SYN_MINE_01,SYN_EXC_001,excavator,BREAKDOWN,2.53,SYNTHETIC
2023-09-10,B,SYN_MINE_01,SYN_EXC_002,excavator,BREAKDOWN,1.786,SYNTHETIC
2023-09-10,A,SYN_MINE_01,SYN_TRUCK_003,dumper,BREAKDOWN,0.507,SYNTHETIC
2023-09-10,B,SYN_MINE_01,SYN_TRUCK_007,dumper,BREAKDOWN,3.526,SYNTHETIC
2023-09-10,B,SYN_MINE_01,SYN_TRUCK_008,dumper,BREAKDOWN,6.739,SYNTHETIC
2023-09-10,C,SYN_MINE_01,SYN_TRUCK_011,dumper,BREAKDOWN,3.024,SYNTHETIC
2023-09-10,B,SYN_MINE_01,SYN_TRUCK_012,dumper,BREAKDOWN,1.527,SYNTHETIC
2023-09-10,A,SYN_MINE_01,SYN_TRUCK_013,dumper,BREAKDOWN,3.313,SYNTHETIC
2023-09-11,ALL,SYN_MINE_01,SITE,site,WEATHER_SITE_STOPPAGE,9.32,SYNTHETIC
2023-09-11,A,SYN_MINE_01,SYN_TRUCK_007,dumper,BREAKDOWN,2.016,SYNTHETIC
2023-09-11,C,SYN_MINE_01,SYN_TRUCK_007,dumper,BREAKDOWN,3.505,SYNTHETIC
2023-09-12,B,SYN_MINE_01,SYN_DRILL_001,drill,BREAKDOWN,3.748,SYNTHETIC
2023-09-12,B,SYN_MINE_01,SYN_EXC_001,excavator,BREAKDOWN,1.062,SYNTHETIC
2023-09-12,B,SYN_MINE_01,SYN_EXC_002,excavator,BREAKDOWN,0.903,SYNTHETIC
2023-09-12,C,SYN_MINE_01,SYN_TRUCK_008,dumper,BREAKDOWN,2.709,SYNTHETIC
2023-09-12,A,SYN_MINE_01,SYN_TRUCK_009,dumper,BREAKDOWN,3.088,SYNTHETIC
2023-09-14,A,SYN_MINE_01,SYN_DRILL_001,drill,BREAKDOWN,0.504,SYNTHETIC
2023-09-14,C,SYN_MINE_01,SYN_DRILL_002,drill,BREAKDOWN,4.023,SYNTHETIC
2023-09-14,C,SYN_MINE_01,SYN_EXC_001,excavator,BREAKDOWN,5.201,SYNTHETIC
2023-09-14,A,SYN_MINE_01,SYN_TRUCK_003,dumper,PREVENTIVE_MAINTENANCE,5.405,SYNTHETIC
2023-09-14,A,SYN_MINE_01,SYN_TRUCK_006,dumper,BREAKDOWN,1.272,SYNTHETIC
2023-09-14,B,SYN_MINE_01,SYN_TRUCK_007,dumper,BREAKDOWN,5.702,SYNTHETIC
2023-09-14,A,SYN_MINE_01,SYN_TRUCK_009,dumper,PREVENTIVE_MAINTENANCE,5.693,SYNTHETIC
2023-09-14,B,SYN_MINE_01,SYN_TRUCK_010,dumper,BREAKDOWN,4.265,SYNTHETIC
2023-09-15,ALL,SYN_MINE_01,SITE,site,WEATHER_SITE_STOPPAGE,8.21,SYNTHETIC
2023-09-15,A,SYN_MINE_01,SYN_DRILL_001,drill,PREVENTIVE_MAINTENANCE,5.759,SYNTHETIC
2023-09-15,A,SYN_MINE_01,SYN_DRILL_002,drill,BREAKDOWN,3.188,SYNTHETIC
2023-09-15,B,SYN_MINE_01,SYN_EXC_001,excavator,BREAKDOWN,4.06,SYNTHETIC
2023-09-15,A,SYN_MINE_01,SYN_EXC_002,excavator,PREVENTIVE_MAINTENANCE,7.0,SYNTHETIC
2023-09-15,B,SYN_MINE_01,SYN_TRUCK_007,dumper,BREAKDOWN,2.612,SYNTHETIC
2023-09-15,A,SYN_MINE_01,SYN_TRUCK_012,dumper,PREVENTIVE_MAINTENANCE,6.009,SYNTHETIC
2023-09-16,ALL,SYN_MINE_01,SITE,site,POWER_OUTAGE,3.69,SYNTHETIC
2023-09-16,A,SYN_MINE_01,SYN_DRILL_002,drill,PREVENTIVE_MAINTENANCE,5.882,SYNTHETIC
2023-09-16,A,SYN_MINE_01,SYN_TRUCK_001,dumper,BREAKDOWN,1.283,SYNTHETIC
2023-09-16,B,SYN_MINE_01,SYN_TRUCK_002,dumper,BREAKDOWN,5.598,SYNTHETIC
2023-09-16,B,SYN_MINE_01,SYN_TRUCK_006,dumper,BREAKDOWN,0.684,SYNTHETIC
2023-09-16,C,SYN_MINE_01,SYN_TRUCK_011,dumper,BREAKDOWN,5.565,SYNTHETIC
2023-09-16,B,SYN_MINE_01,SYN_TRUCK_013,dumper,BREAKDOWN,1.489,SYNTHETIC
2023-09-17,B,SYN_MINE_01,SYN_EXC_001,excavator,BREAKDOWN,0.136,SYNTHETIC
2023-09-17,A,SYN_MINE_01,SYN_TRUCK_005,dumper,BREAKDOWN,1.468,SYNTHETIC
2023-09-17,A,SYN_MINE_01,SYN_TRUCK_010,dumper,BREAKDOWN,2.254,SYNTHETIC
2023-09-17,C,SYN_MINE_01,SYN_TRUCK_012,dumper,BREAKDOWN,2.086,SYNTHETIC
2023-09-18,C,SYN_MINE_01,SYN_EXC_001,excavator,BREAKDOWN,5.162,SYNTHETIC
2023-09-18,A,SYN_MINE_01,SYN_TRUCK_007,dumper,BREAKDOWN,5.07,SYNTHETIC
2023-09-18,B,SYN_MINE_01,SYN_TRUCK_013,dumper,BREAKDOWN,3.739,SYNTHETIC
2023-09-19,A,SYN_MINE_01,SYN_DRILL_002,drill,BREAKDOWN,1.315,SYNTHETIC
2023-09-19,B,SYN_MINE_01,SYN_TRUCK_001,dumper,BREAKDOWN,6.609,SYNTHETIC
2023-09-19,A,SYN_MINE_01,SYN_TRUCK_002,dumper,PREVENTIVE_MAINTENANCE,6.238,SYNTHETIC
2023-09-19,A,SYN_MINE_01,SYN_TRUCK_005,dumper,BREAKDOWN,0.759,SYNTHETIC
2023-09-19,A,SYN_MINE_01,SYN_TRUCK_008,dumper,PREVENTIVE_MAINTENANCE,4.974,SYNTHETIC
2023-09-19,C,SYN_MINE_01,SYN_TRUCK_010,dumper,BREAKDOWN,2.542,SYNTHETIC
2023-09-19,A,SYN_MINE_01,SYN_TRUCK_012,dumper,BREAKDOWN,2.005,SYNTHETIC
2023-09-19,B,SYN_MINE_01,SYN_TRUCK_013,dumper,BREAKDOWN,4.123,SYNTHETIC
2023-09-20,A,SYN_MINE_01,SYN_DRILL_002,drill,BREAKDOWN,3.378,SYNTHETIC
2023-09-20,B,SYN_MINE_01,SYN_TRUCK_005,dumper,BREAKDOWN,0.746,SYNTHETIC
2023-09-20,B,SYN_MINE_01,SYN_TRUCK_009,dumper,BREAKDOWN,2.054,SYNTHETIC
2023-09-20,A,SYN_MINE_01,SYN_TRUCK_012,dumper,BREAKDOWN,5.228,SYNTHETIC
2023-09-20,B,SYN_MINE_01,SYN_TRUCK_013,dumper,BREAKDOWN,4.97,SYNTHETIC
2023-09-21,A,SYN_MINE_01,SYN_EXC_001,excavator,PREVENTIVE_MAINTENANCE,7.0,SYNTHETIC
2023-09-21,A,SYN_MINE_01,SYN_TRUCK_003,dumper,BREAKDOWN,4.901,SYNTHETIC
2023-09-22,A,SYN_MINE_01,SYN_DRILL_001,drill,BREAKDOWN,3.228,SYNTHETIC
2023-09-22,B,SYN_MINE_01,SYN_DRILL_001,drill,BREAKDOWN,0.35,SYNTHETIC
2023-09-22,B,SYN_MINE_01,SYN_DRILL_002,drill,BREAKDOWN,3.55,SYNTHETIC
2023-09-22,A,SYN_MINE_01,SYN_TRUCK_005,dumper,PREVENTIVE_MAINTENANCE,6.922,SYNTHETIC
2023-09-22,A,SYN_MINE_01,SYN_TRUCK_007,dumper,PREVENTIVE_MAINTENANCE,6.709,SYNTHETIC
2023-09-22,B,SYN_MINE_01,SYN_TRUCK_011,dumper,BREAKDOWN,5.502,SYNTHETIC
2023-09-22,A,SYN_MINE_01,SYN_TRUCK_013,dumper,PREVENTIVE_MAINTENANCE,7.0,SYNTHETIC
2023-09-23,A,SYN_MINE_01,SYN_TRUCK_001,dumper,PREVENTIVE_MAINTENANCE,7.0,SYNTHETIC
2023-09-23,B,SYN_MINE_01,SYN_TRUCK_004,dumper,BREAKDOWN,2.854,SYNTHETIC
2023-09-24,B,SYN_MINE_01,SYN_DRILL_001,drill,BREAKDOWN,2.198,SYNTHETIC
2023-09-24,C,SYN_MINE_01,SYN_DRILL_002,drill,BREAKDOWN,3.947,SYNTHETIC
2023-09-24,A,SYN_MINE_01,SYN_TRUCK_011,dumper,BREAKDOWN,3.334,SYNTHETIC
2023-09-24,C,SYN_MINE_01,SYN_TRUCK_011,dumper,BREAKDOWN,4.81,SYNTHETIC
2023-09-24,B,SYN_MINE_01,SYN_TRUCK_013,dumper,BREAKDOWN,2.402,SYNTHETIC
2023-09-25,A,SYN_MINE_01,SYN_TRUCK_003,dumper,BREAKDOWN,1.3,SYNTHETIC
2023-09-25,B,SYN_MINE_01,SYN_TRUCK_003,dumper,BREAKDOWN,1.457,SYNTHETIC
2023-09-25,A,SYN_MINE_01,SYN_TRUCK_004,dumper,BREAKDOWN,3.163,SYNTHETIC
2023-09-25,A,SYN_MINE_01,SYN_TRUCK_010,dumper,PREVENTIVE_MAINTENANCE,7.0,SYNTHETIC
2023-09-25,A,SYN_MINE_01,SYN_TRUCK_011,dumper,PREVENTIVE_MAINTENANCE,6.587,SYNTHETIC
2023-09-25,B,SYN_MINE_01,SYN_TRUCK_011,dumper,BREAKDOWN,1.051,SYNTHETIC
2023-09-25,C,SYN_MINE_01,SYN_TRUCK_012,dumper,BREAKDOWN,1.972,SYNTHETIC
2023-09-26,C,SYN_MINE_01,SYN_EXC_002,excavator,BREAKDOWN,2.692,SYNTHETIC
2023-09-26,A,SYN_MINE_01,SYN_TRUCK_005,dumper,BREAKDOWN,0.268,SYNTHETIC
2023-09-26,A,SYN_MINE_01,SYN_TRUCK_006,dumper,PREVENTIVE_MAINTENANCE,7.0,SYNTHETIC
2023-09-27,A,SYN_MINE_01,SYN_DRILL_001,drill,PREVENTIVE_MAINTENANCE,4.34,SYNTHETIC
2023-09-27,C,SYN_MINE_01,SYN_TRUCK_004,dumper,BREAKDOWN,4.863,SYNTHETIC
2023-09-27,A,SYN_MINE_01,SYN_TRUCK_009,dumper,BREAKDOWN,1.911,SYNTHETIC
2023-09-28,A,SYN_MINE_01,SYN_DRILL_002,drill,PREVENTIVE_MAINTENANCE,4.674,SYNTHETIC
2023-09-28,B,SYN_MINE_01,SYN_TRUCK_001,dumper,BREAKDOWN,2.185,SYNTHETIC
2023-09-28,B,SYN_MINE_01,SYN_TRUCK_007,dumper,BREAKDOWN,4.636,SYNTHETIC
2023-09-28,B,SYN_MINE_01,SYN_TRUCK_008,dumper,BREAKDOWN,4.977,SYNTHETIC
2023-09-28,B,SYN_MINE_01,SYN_TRUCK_011,dumper,BREAKDOWN,1.453,SYNTHETIC
2023-09-29,B,SYN_MINE_01,SYN_EXC_001,excavator,BREAKDOWN,5.499,SYNTHETIC
2023-09-29,B,SYN_MINE_01,SYN_TRUCK_002,dumper,BREAKDOWN,2.309,SYNTHETIC
2023-09-29,A,SYN_MINE_01,SYN_TRUCK_004,dumper,PREVENTIVE_MAINTENANCE,7.0,SYNTHETIC
2023-09-29,A,SYN_MINE_01,SYN_TRUCK_009,dumper,BREAKDOWN,5.159,SYNTHETIC
2023-09-29,C,SYN_MINE_01,SYN_TRUCK_012,dumper,BREAKDOWN,4.766,SYNTHETIC
2023-09-29,C,SYN_MINE_01,SYN_TRUCK_013,dumper,BREAKDOWN,1.928,SYNTHETIC
2023-09-30,B,SYN_MINE_01,SYN_DRILL_001,drill,BREAKDOWN,3.115,SYNTHETIC
2023-09-30,C,SYN_MINE_01,SYN_TRUCK_002,dumper,BREAKDOWN,2.142,SYNTHETIC
2023-09-30,A,SYN_MINE_01,SYN_TRUCK_007,dumper,BREAKDOWN,5.576,SYNTHETIC
2023-09-30,C,SYN_MINE_01,SYN_TRUCK_008,dumper,BREAKDOWN,3.045,SYNTHETIC
2023-09-30,A,SYN_MINE_01,SYN_TRUCK_009,dumper,BREAKDOWN,5.76,SYNTHETIC
2023-10-01,C,SYN_MINE_01,SYN_EXC_002,excavator,BREAKDOWN,3.69,SYNTHETIC
2023-10-01,B,SYN_MINE_01,SYN_TRUCK_005,dumper,BREAKDOWN,5.673,SYNTHETIC
2023-10-01,B,SYN_MINE_01,SYN_TRUCK_006,dumper,BREAKDOWN,2.325,SYNTHETIC
2023-10-02,A,SYN_MINE_01,SYN_EXC_002,excavator,PREVENTIVE_MAINTENANCE,7.0,SYNTHETIC
2023-10-02,B,SYN_MINE_01,SYN_EXC_002,excavator,BREAKDOWN,6.496,SYNTHETIC
2023-10-02,B,SYN_MINE_01,SYN_TRUCK_002,dumper,BREAKDOWN,2.135,SYNTHETIC
2023-10-02,C,SYN_MINE_01,SYN_TRUCK_007,dumper,BREAKDOWN,2.771,SYNTHETIC
2023-10-02,A,SYN_MINE_01,SYN_TRUCK_009,dumper,BREAKDOWN,0.357,SYNTHETIC
2023-10-03,B,SYN_MINE_01,SYN_DRILL_001,drill,BREAKDOWN,2.37,SYNTHETIC
2023-10-03,A,SYN_MINE_01,SYN_DRILL_002,drill,BREAKDOWN,2.735,SYNTHETIC
2023-10-03,A,SYN_MINE_01,SYN_TRUCK_001,dumper,BREAKDOWN,2.317,SYNTHETIC
2023-10-03,A,SYN_MINE_01,SYN_TRUCK_002,dumper,BREAKDOWN,1.834,SYNTHETIC
2023-10-03,B,SYN_MINE_01,SYN_TRUCK_003,dumper,BREAKDOWN,6.64,SYNTHETIC
2023-10-03,B,SYN_MINE_01,SYN_TRUCK_005,dumper,BREAKDOWN,0.995,SYNTHETIC
2023-10-03,A,SYN_MINE_01,SYN_TRUCK_006,dumper,BREAKDOWN,3.83,SYNTHETIC
2023-10-03,A,SYN_MINE_01,SYN_TRUCK_008,dumper,BREAKDOWN,2.781,SYNTHETIC
2023-10-03,C,SYN_MINE_01,SYN_TRUCK_010,dumper,BREAKDOWN,0.309,SYNTHETIC
2023-10-04,C,SYN_MINE_01,SYN_TRUCK_013,dumper,BREAKDOWN,1.087,SYNTHETIC
2023-10-05,B,SYN_MINE_01,SYN_TRUCK_002,dumper,BREAKDOWN,3.128,SYNTHETIC
2023-10-05,A,SYN_MINE_01,SYN_TRUCK_003,dumper,PREVENTIVE_MAINTENANCE,6.879,SYNTHETIC
2023-10-05,C,SYN_MINE_01,SYN_TRUCK_003,dumper,BREAKDOWN,5.689,SYNTHETIC
2023-10-05,A,SYN_MINE_01,SYN_TRUCK_009,dumper,PREVENTIVE_MAINTENANCE,7.0,SYNTHETIC
2023-10-05,B,SYN_MINE_01,SYN_TRUCK_012,dumper,BREAKDOWN,3.6,SYNTHETIC
2023-10-05,A,SYN_MINE_01,SYN_TRUCK_013,dumper,BREAKDOWN,6.987,SYNTHETIC
2023-10-06,B,SYN_MINE_01,SYN_TRUCK_006,dumper,BREAKDOWN,2.459,SYNTHETIC
2023-10-06,B,SYN_MINE_01,SYN_TRUCK_011,dumper,BREAKDOWN,0.002,SYNTHETIC
2023-10-06,A,SYN_MINE_01,SYN_TRUCK_012,dumper,PREVENTIVE_MAINTENANCE,7.0,SYNTHETIC
2023-10-07,B,SYN_MINE_01,SYN_DRILL_001,drill,BREAKDOWN,1.931,SYNTHETIC
2023-10-07,A,SYN_MINE_01,SYN_DRILL_002,drill,BREAKDOWN,0.983,SYNTHETIC
2023-10-07,B,SYN_MINE_01,SYN_TRUCK_010,dumper,BREAKDOWN,4.116,SYNTHETIC
2023-10-08,A,SYN_MINE_01,SYN_EXC_001,excavator,PREVENTIVE_MAINTENANCE,7.0,SYNTHETIC
2023-10-08,B,SYN_MINE_01,SYN_TRUCK_004,dumper,BREAKDOWN,1.154,SYNTHETIC
2023-10-08,A,SYN_MINE_01,SYN_TRUCK_006,dumper,BREAKDOWN,2.547,SYNTHETIC
2023-10-08,C,SYN_MINE_01,SYN_TRUCK_009,dumper,BREAKDOWN,3.464,SYNTHETIC
2023-10-09,A,SYN_MINE_01,SYN_DRILL_001,drill,PREVENTIVE_MAINTENANCE,5.905,SYNTHETIC
2023-10-09,A,SYN_MINE_01,SYN_DRILL_002,drill,PREVENTIVE_MAINTENANCE,4.845,SYNTHETIC
2023-10-09,B,SYN_MINE_01,SYN_TRUCK_003,dumper,BREAKDOWN,0.196,SYNTHETIC
2023-10-09,B,SYN_MINE_01,SYN_TRUCK_008,dumper,BREAKDOWN,3.544,SYNTHETIC
2023-10-10,C,SYN_MINE_01,SYN_DRILL_001,drill,BREAKDOWN,5.117,SYNTHETIC
2023-10-10,A,SYN_MINE_01,SYN_TRUCK_002,dumper,PREVENTIVE_MAINTENANCE,7.0,SYNTHETIC
2023-10-10,C,SYN_MINE_01,SYN_TRUCK_004,dumper,BREAKDOWN,4.475,SYNTHETIC
2023-10-10,C,SYN_MINE_01,SYN_TRUCK_011,dumper,BREAKDOWN,2.573,SYNTHETIC
2023-10-11,B,SYN_MINE_01,SYN_TRUCK_003,dumper,BREAKDOWN,4.758,SYNTHETIC
2023-10-11,B,SYN_MINE_01,SYN_TRUCK_004,dumper,BREAKDOWN,0.55,SYNTHETIC
2023-10-11,B,SYN_MINE_01,SYN_TRUCK_005,dumper,BREAKDOWN,0.826,SYNTHETIC
2023-10-11,B,SYN_MINE_01,SYN_TRUCK_006,dumper,BREAKDOWN,6.451,SYNTHETIC
2023-10-11,A,SYN_MINE_01,SYN_TRUCK_008,dumper,PREVENTIVE_MAINTENANCE,5.702,SYNTHETIC
2023-10-11,C,SYN_MINE_01,SYN_TRUCK_010,dumper,BREAKDOWN,5.684,SYNTHETIC
2023-10-11,C,SYN_MINE_01,SYN_TRUCK_011,dumper,BREAKDOWN,2.388,SYNTHETIC
2023-10-12,A,SYN_MINE_01,SYN_TRUCK_007,dumper,PREVENTIVE_MAINTENANCE,5.741,SYNTHETIC
2023-10-12,A,SYN_MINE_01,SYN_TRUCK_008,dumper,BREAKDOWN,1.083,SYNTHETIC
2023-10-12,A,SYN_MINE_01,SYN_TRUCK_013,dumper,PREVENTIVE_MAINTENANCE,6.024,SYNTHETIC
2023-10-13,A,SYN_MINE_01,SYN_TRUCK_001,dumper,PREVENTIVE_MAINTENANCE,6.787,SYNTHETIC
2023-10-13,A,SYN_MINE_01,SYN_TRUCK_003,dumper,BREAKDOWN,4.38,SYNTHETIC
2023-10-13,A,SYN_MINE_01,SYN_TRUCK_005,dumper,PREVENTIVE_MAINTENANCE,7.0,SYNTHETIC
2023-10-13,B,SYN_MINE_01,SYN_TRUCK_006,dumper,BREAKDOWN,1.937,SYNTHETIC
2023-10-14,C,SYN_MINE_01,SYN_DRILL_001,drill,BREAKDOWN,1.636,SYNTHETIC
2023-10-14,B,SYN_MINE_01,SYN_DRILL_002,drill,BREAKDOWN,2.112,SYNTHETIC
2023-10-14,A,SYN_MINE_01,SYN_TRUCK_003,dumper,BREAKDOWN,2.59,SYNTHETIC
2023-10-14,C,SYN_MINE_01,SYN_TRUCK_003,dumper,BREAKDOWN,5.137,SYNTHETIC
2023-10-14,A,SYN_MINE_01,SYN_TRUCK_005,dumper,BREAKDOWN,4.011,SYNTHETIC
2023-10-14,C,SYN_MINE_01,SYN_TRUCK_013,dumper,BREAKDOWN,1.258,SYNTHETIC
2023-10-15,C,SYN_MINE_01,SYN_TRUCK_006,dumper,BREAKDOWN,1.039,SYNTHETIC
2023-10-15,A,SYN_MINE_01,SYN_TRUCK_010,dumper,PREVENTIVE_MAINTENANCE,4.034,SYNTHETIC
2023-10-15,A,SYN_MINE_01,SYN_TRUCK_011,dumper,PREVENTIVE_MAINTENANCE,7.0,SYNTHETIC
2023-10-15,C,SYN_MINE_01,SYN_TRUCK_011,dumper,BREAKDOWN,3.214,SYNTHETIC
2023-10-16,B,SYN_MINE_01,SYN_DRILL_001,drill,BREAKDOWN,2.95,SYNTHETIC
2023-10-17,A,SYN_MINE_01,SYN_TRUCK_003,dumper,BREAKDOWN,3.712,SYNTHETIC
2023-10-17,A,SYN_MINE_01,SYN_TRUCK_006,dumper,PREVENTIVE_MAINTENANCE,4.29,SYNTHETIC
2023-10-18,A,SYN_MINE_01,SYN_DRILL_001,drill,BREAKDOWN,0.392,SYNTHETIC
2023-10-18,A,SYN_MINE_01,SYN_EXC_002,excavator,PREVENTIVE_MAINTENANCE,7.0,SYNTHETIC
2023-10-18,C,SYN_MINE_01,SYN_EXC_002,excavator,BREAKDOWN,1.773,SYNTHETIC
2023-10-18,B,SYN_MINE_01,SYN_TRUCK_005,dumper,BREAKDOWN,1.03,SYNTHETIC
2023-10-18,A,SYN_MINE_01,SYN_TRUCK_007,dumper,BREAKDOWN,5.156,SYNTHETIC
2023-10-18,A,SYN_MINE_01,SYN_TRUCK_011,dumper,BREAKDOWN,1.198,SYNTHETIC
2023-10-19,B,SYN_MINE_01,SYN_DRILL_002,drill,BREAKDOWN,3.336,SYNTHETIC
2023-10-19,B,SYN_MINE_01,SYN_EXC_001,excavator,BREAKDOWN,2.988,SYNTHETIC
2023-10-19,A,SYN_MINE_01,SYN_TRUCK_004,dumper,PREVENTIVE_MAINTENANCE,4.217,SYNTHETIC
2023-10-19,C,SYN_MINE_01,SYN_TRUCK_004,dumper,BREAKDOWN,4.092,SYNTHETIC
2023-10-20,A,SYN_MINE_01,SYN_DRILL_002,drill,BREAKDOWN,1.201,SYNTHETIC
2023-10-20,C,SYN_MINE_01,SYN_DRILL_002,drill,BREAKDOWN,0.477,SYNTHETIC
2023-10-20,C,SYN_MINE_01,SYN_TRUCK_005,dumper,BREAKDOWN,2.074,SYNTHETIC
2023-10-20,C,SYN_MINE_01,SYN_TRUCK_012,dumper,BREAKDOWN,1.666,SYNTHETIC
2023-10-21,A,SYN_MINE_01,SYN_DRILL_001,drill,PREVENTIVE_MAINTENANCE,4.781,SYNTHETIC
2023-10-21,B,SYN_MINE_01,SYN_TRUCK_002,dumper,BREAKDOWN,1.213,SYNTHETIC
2023-10-21,A,SYN_MINE_01,SYN_TRUCK_009,dumper,BREAKDOWN,2.9,SYNTHETIC
2023-10-22,C,SYN_MINE_01,SYN_DRILL_001,drill,BREAKDOWN,2.929,SYNTHETIC
2023-10-22,A,SYN_MINE_01,SYN_DRILL_002,drill,PREVENTIVE_MAINTENANCE,4.281,SYNTHETIC
2023-10-22,A,SYN_MINE_01,SYN_TRUCK_002,dumper,BREAKDOWN,5.996,SYNTHETIC
2023-10-22,B,SYN_MINE_01,SYN_TRUCK_006,dumper,BREAKDOWN,5.884,SYNTHETIC
2023-10-23,A,SYN_MINE_01,SYN_DRILL_001,drill,BREAKDOWN,6.111,SYNTHETIC
2023-10-23,C,SYN_MINE_01,SYN_EXC_001,excavator,BREAKDOWN,1.072,SYNTHETIC
2023-10-23,B,SYN_MINE_01,SYN_TRUCK_003,dumper,BREAKDOWN,1.173,SYNTHETIC
2023-10-23,A,SYN_MINE_01,SYN_TRUCK_007,dumper,BREAKDOWN,0.016,SYNTHETIC
2023-10-24,A,SYN_MINE_01,SYN_TRUCK_009,dumper,PREVENTIVE_MAINTENANCE,7.0,SYNTHETIC
2023-10-24,C,SYN_MINE_01,SYN_TRUCK_010,dumper,BREAKDOWN,3.623,SYNTHETIC
2023-10-25,A,SYN_MINE_01,SYN_EXC_001,excavator,PREVENTIVE_MAINTENANCE,7.0,SYNTHETIC
2023-10-25,C,SYN_MINE_01,SYN_TRUCK_002,dumper,BREAKDOWN,3.275,SYNTHETIC
2023-10-25,A,SYN_MINE_01,SYN_TRUCK_005,dumper,BREAKDOWN,3.197,SYNTHETIC
2023-10-25,C,SYN_MINE_01,SYN_TRUCK_007,dumper,BREAKDOWN,0.649,SYNTHETIC
2023-10-25,A,SYN_MINE_01,SYN_TRUCK_008,dumper,BREAKDOWN,4.857,SYNTHETIC
2023-10-25,B,SYN_MINE_01,SYN_TRUCK_010,dumper,BREAKDOWN,2.841,SYNTHETIC
2023-10-25,C,SYN_MINE_01,SYN_TRUCK_011,dumper,BREAKDOWN,4.512,SYNTHETIC
2023-10-25,A,SYN_MINE_01,SYN_TRUCK_012,dumper,PREVENTIVE_MAINTENANCE,5.084,SYNTHETIC
2023-10-26,C,SYN_MINE_01,SYN_TRUCK_002,dumper,BREAKDOWN,2.946,SYNTHETIC
2023-10-26,C,SYN_MINE_01,SYN_TRUCK_006,dumper,BREAKDOWN,1.813,SYNTHETIC
2023-10-27,A,SYN_MINE_01,SYN_TRUCK_003,dumper,PREVENTIVE_MAINTENANCE,7.0,SYNTHETIC
2023-10-27,C,SYN_MINE_01,SYN_TRUCK_004,dumper,BREAKDOWN,5.747,SYNTHETIC
2023-10-27,B,SYN_MINE_01,SYN_TRUCK_005,dumper,BREAKDOWN,3.069,SYNTHETIC
2023-10-27,A,SYN_MINE_01,SYN_TRUCK_013,dumper,BREAKDOWN,1.973,SYNTHETIC
2023-10-28,C,SYN_MINE_01,SYN_DRILL_001,drill,BREAKDOWN,1.128,SYNTHETIC
2023-10-28,C,SYN_MINE_01,SYN_EXC_001,excavator,BREAKDOWN,4.394,SYNTHETIC
2023-10-28,A,SYN_MINE_01,SYN_TRUCK_009,dumper,BREAKDOWN,4.099,SYNTHETIC
2023-10-28,B,SYN_MINE_01,SYN_TRUCK_013,dumper,BREAKDOWN,3.397,SYNTHETIC
2023-10-29,C,SYN_MINE_01,SYN_TRUCK_008,dumper,BREAKDOWN,1.646,SYNTHETIC
2023-10-29,B,SYN_MINE_01,SYN_TRUCK_010,dumper,BREAKDOWN,6.183,SYNTHETIC
2023-10-30,C,SYN_MINE_01,SYN_EXC_002,excavator,BREAKDOWN,5.508,SYNTHETIC
2023-10-30,A,SYN_MINE_01,SYN_TRUCK_002,dumper,PREVENTIVE_MAINTENANCE,4.183,SYNTHETIC
2023-10-30,A,SYN_MINE_01,SYN_TRUCK_010,dumper,BREAKDOWN,3.17,SYNTHETIC
2023-10-31,C,SYN_MINE_01,SYN_EXC_001,excavator,BREAKDOWN,2.015,SYNTHETIC
2023-10-31,B,SYN_MINE_01,SYN_TRUCK_004,dumper,BREAKDOWN,4.531,SYNTHETIC
2023-10-31,A,SYN_MINE_01,SYN_TRUCK_008,dumper,PREVENTIVE_MAINTENANCE,7.0,SYNTHETIC
2023-10-31,C,SYN_MINE_01,SYN_TRUCK_009,dumper,BREAKDOWN,1.687,SYNTHETIC
2023-10-31,C,SYN_MINE_01,SYN_TRUCK_010,dumper,BREAKDOWN,3.056,SYNTHETIC
2023-11-01,A,SYN_MINE_01,SYN_DRILL_001,drill,BREAKDOWN,2.514,SYNTHETIC
2023-11-01,A,SYN_MINE_01,SYN_TRUCK_001,dumper,PREVENTIVE_MAINTENANCE,6.594,SYNTHETIC
2023-11-01,A,SYN_MINE_01,SYN_TRUCK_007,dumper,PREVENTIVE_MAINTENANCE,7.0,SYNTHETIC
2023-11-01,A,SYN_MINE_01,SYN_TRUCK_013,dumper,PREVENTIVE_MAINTENANCE,7.0,SYNTHETIC
2023-11-02,A,SYN_MINE_01,SYN_DRILL_001,drill,PREVENTIVE_MAINTENANCE,4.635,SYNTHETIC
2023-11-02,A,SYN_MINE_01,SYN_DRILL_002,drill,PREVENTIVE_MAINTENANCE,4.203,SYNTHETIC
2023-11-02,C,SYN_MINE_01,SYN_DRILL_002,drill,BREAKDOWN,3.154,SYNTHETIC
2023-11-02,C,SYN_MINE_01,SYN_EXC_001,excavator,BREAKDOWN,3.562,SYNTHETIC
2023-11-02,B,SYN_MINE_01,SYN_TRUCK_003,dumper,BREAKDOWN,1.644,SYNTHETIC
2023-11-02,C,SYN_MINE_01,SYN_TRUCK_008,dumper,BREAKDOWN,1.984,SYNTHETIC
2023-11-02,A,SYN_MINE_01,SYN_TRUCK_011,dumper,BREAKDOWN,6.174,SYNTHETIC
2023-11-03,A,SYN_MINE_01,SYN_TRUCK_005,dumper,PREVENTIVE_MAINTENANCE,6.832,SYNTHETIC
2023-11-05,A,SYN_MINE_01,SYN_EXC_002,excavator,PREVENTIVE_MAINTENANCE,7.0,SYNTHETIC
2023-11-05,A,SYN_MINE_01,SYN_TRUCK_006,dumper,PREVENTIVE_MAINTENANCE,5.678,SYNTHETIC
2023-11-05,A,SYN_MINE_01,SYN_TRUCK_010,dumper,BREAKDOWN,0.322,SYNTHETIC
2023-11-05,A,SYN_MINE_01,SYN_TRUCK_011,dumper,PREVENTIVE_MAINTENANCE,6.859,SYNTHETIC
2023-11-06,A,SYN_MINE_01,SYN_DRILL_001,drill,BREAKDOWN,1.382,SYNTHETIC
2023-11-06,B,SYN_MINE_01,SYN_TRUCK_012,dumper,BREAKDOWN,2.997,SYNTHETIC
2023-11-07,A,SYN_MINE_01,SYN_DRILL_002,drill,BREAKDOWN,2.839,SYNTHETIC
2023-11-07,B,SYN_MINE_01,SYN_TRUCK_006,dumper,BREAKDOWN,4.45,SYNTHETIC
2023-11-08,B,SYN_MINE_01,SYN_DRILL_001,drill,BREAKDOWN,0.392,SYNTHETIC
2023-11-08,A,SYN_MINE_01,SYN_TRUCK_004,dumper,PREVENTIVE_MAINTENANCE,4.217,SYNTHETIC
2023-11-08,B,SYN_MINE_01,SYN_TRUCK_009,dumper,BREAKDOWN,2.427,SYNTHETIC
2023-11-08,C,SYN_MINE_01,SYN_TRUCK_009,dumper,BREAKDOWN,3.641,SYNTHETIC
2023-11-08,C,SYN_MINE_01,SYN_TRUCK_013,dumper,BREAKDOWN,2.754,SYNTHETIC
2023-11-09,A,SYN_MINE_01,SYN_DRILL_002,drill,BREAKDOWN,3.286,SYNTHETIC
2023-11-09,B,SYN_MINE_01,SYN_TRUCK_002,dumper,BREAKDOWN,2.923,SYNTHETIC
2023-11-09,A,SYN_MINE_01,SYN_TRUCK_003,dumper,BREAKDOWN,3.145,SYNTHETIC
2023-11-09,A,SYN_MINE_01,SYN_TRUCK_006,dumper,BREAKDOWN,3.424,SYNTHETIC
2023-11-09,C,SYN_MINE_01,SYN_TRUCK_009,dumper,BREAKDOWN,1.142,SYNTHETIC
2023-11-10,C,SYN_MINE_01,SYN_DRILL_002,drill,BREAKDOWN,2.631,SYNTHETIC
2023-11-10,A,SYN_MINE_01,SYN_EXC_001,excavator,PREVENTIVE_MAINTENANCE,7.0,SYNTHETIC
2023-11-10,B,SYN_MINE_01,SYN_TRUCK_011,dumper,BREAKDOWN,3.331,SYNTHETIC
2023-11-11,C,SYN_MINE_01,SYN_DRILL_001,drill,BREAKDOWN,3.042,SYNTHETIC
2023-11-11,B,SYN_MINE_01,SYN_TRUCK_007,dumper,BREAKDOWN,4.416,SYNTHETIC
2023-11-12,B,SYN_MINE_01,SYN_EXC_002,excavator,BREAKDOWN,4.578,SYNTHETIC
2023-11-12,B,SYN_MINE_01,SYN_TRUCK_001,dumper,BREAKDOWN,3.838,SYNTHETIC
2023-11-12,A,SYN_MINE_01,SYN_TRUCK_002,dumper,BREAKDOWN,4.882,SYNTHETIC
2023-11-12,A,SYN_MINE_01,SYN_TRUCK_004,dumper,BREAKDOWN,4.686,SYNTHETIC
2023-11-12,A,SYN_MINE_01,SYN_TRUCK_006,dumper,BREAKDOWN,2.241,SYNTHETIC
2023-11-12,B,SYN_MINE_01,SYN_TRUCK_010,dumper,BREAKDOWN,4.093,SYNTHETIC
2023-11-12,B,SYN_MINE_01,SYN_TRUCK_011,dumper,BREAKDOWN,2.741,SYNTHETIC
2023-11-13,C,SYN_MINE_01,SYN_EXC_001,excavator,BREAKDOWN,4.546,SYNTHETIC
2023-11-13,A,SYN_MINE_01,SYN_TRUCK_003,dumper,BREAKDOWN,2.142,SYNTHETIC
2023-11-13,C,SYN_MINE_01,SYN_TRUCK_005,dumper,BREAKDOWN,5.025,SYNTHETIC
2023-11-13,A,SYN_MINE_01,SYN_TRUCK_008,dumper,BREAKDOWN,0.443,SYNTHETIC
2023-11-13,A,SYN_MINE_01,SYN_TRUCK_009,dumper,PREVENTIVE_MAINTENANCE,7.0,SYNTHETIC
2023-11-13,A,SYN_MINE_01,SYN_TRUCK_012,dumper,PREVENTIVE_MAINTENANCE,7.0,SYNTHETIC
2023-11-14,A,SYN_MINE_01,SYN_DRILL_001,drill,PREVENTIVE_MAINTENANCE,5.945,SYNTHETIC
2023-11-14,A,SYN_MINE_01,SYN_DRILL_002,drill,BREAKDOWN,6.627,SYNTHETIC
2023-11-14,B,SYN_MINE_01,SYN_DRILL_002,drill,BREAKDOWN,5.784,SYNTHETIC
2023-11-14,C,SYN_MINE_01,SYN_TRUCK_002,dumper,BREAKDOWN,1.505,SYNTHETIC
2023-11-14,B,SYN_MINE_01,SYN_TRUCK_010,dumper,BREAKDOWN,0.919,SYNTHETIC
2023-11-14,C,SYN_MINE_01,SYN_TRUCK_013,dumper,BREAKDOWN,2.364,SYNTHETIC
2023-11-15,B,SYN_MINE_01,SYN_DRILL_001,drill,BREAKDOWN,2.195,SYNTHETIC
2023-11-15,C,SYN_MINE_01,SYN_EXC_002,excavator,BREAKDOWN,1.084,SYNTHETIC
2023-11-15,C,SYN_MINE_01,SYN_TRUCK_008,dumper,BREAKDOWN,1.33,SYNTHETIC
2023-11-16,B,SYN_MINE_01,SYN_TRUCK_001,dumper,BREAKDOWN,6.582,SYNTHETIC
2023-11-16,A,SYN_MINE_01,SYN_TRUCK_003,dumper,PREVENTIVE_MAINTENANCE,4.305,SYNTHETIC
2023-11-16,B,SYN_MINE_01,SYN_TRUCK_011,dumper,BREAKDOWN,2.874,SYNTHETIC
2023-11-17,A,SYN_MINE_01,SYN_DRILL_002,drill,PREVENTIVE_MAINTENANCE,5.827,SYNTHETIC
2023-11-17,A,SYN_MINE_01,SYN_EXC_001,excavator,BREAKDOWN,3.622,SYNTHETIC
2023-11-17,B,SYN_MINE_01,SYN_TRUCK_006,dumper,BREAKDOWN,2.632,SYNTHETIC
2023-11-17,C,SYN_MINE_01,SYN_TRUCK_007,dumper,BREAKDOWN,5.556,SYNTHETIC
2023-11-18,C,SYN_MINE_01,SYN_TRUCK_002,dumper,BREAKDOWN,1.587,SYNTHETIC
2023-11-18,A,SYN_MINE_01,SYN_TRUCK_008,dumper,BREAKDOWN,6.934,SYNTHETIC
2023-11-18,B,SYN_MINE_01,SYN_TRUCK_008,dumper,BREAKDOWN,0.974,SYNTHETIC
2023-11-18,C,SYN_MINE_01,SYN_TRUCK_009,dumper,BREAKDOWN,2.852,SYNTHETIC
2023-11-19,B,SYN_MINE_01,SYN_TRUCK_004,dumper,BREAKDOWN,4.367,SYNTHETIC
2023-11-19,A,SYN_MINE_01,SYN_TRUCK_005,dumper,BREAKDOWN,1.427,SYNTHETIC
2023-11-19,B,SYN_MINE_01,SYN_TRUCK_012,dumper,BREAKDOWN,2.427,SYNTHETIC
2023-11-20,A,SYN_MINE_01,SYN_TRUCK_001,dumper,PREVENTIVE_MAINTENANCE,7.0,SYNTHETIC
2023-11-20,A,SYN_MINE_01,SYN_TRUCK_002,dumper,PREVENTIVE_MAINTENANCE,5.103,SYNTHETIC
2023-11-20,A,SYN_MINE_01,SYN_TRUCK_004,dumper,BREAKDOWN,1.543,SYNTHETIC
2023-11-20,B,SYN_MINE_01,SYN_TRUCK_004,dumper,BREAKDOWN,5.118,SYNTHETIC
2023-11-20,A,SYN_MINE_01,SYN_TRUCK_007,dumper,PREVENTIVE_MAINTENANCE,6.566,SYNTHETIC
2023-11-20,A,SYN_MINE_01,SYN_TRUCK_012,dumper,BREAKDOWN,3.327,SYNTHETIC
2023-11-20,A,SYN_MINE_01,SYN_TRUCK_013,dumper,PREVENTIVE_MAINTENANCE,4.253,SYNTHETIC
2023-11-21,A,SYN_MINE_01,SYN_DRILL_001,drill,BREAKDOWN,1.355,SYNTHETIC
2023-11-21,A,SYN_MINE_01,SYN_EXC_002,excavator,PREVENTIVE_MAINTENANCE,6.47,SYNTHETIC
2023-11-21,C,SYN_MINE_01,SYN_TRUCK_006,dumper,BREAKDOWN,5.962,SYNTHETIC
2023-11-21,A,SYN_MINE_01,SYN_TRUCK_008,dumper,PREVENTIVE_MAINTENANCE,7.0,SYNTHETIC
2023-11-22,B,SYN_MINE_01,SYN_TRUCK_001,dumper,BREAKDOWN,1.624,SYNTHETIC
2023-11-22,A,SYN_MINE_01,SYN_TRUCK_005,dumper,PREVENTIVE_MAINTENANCE,4.141,SYNTHETIC
2023-11-22,B,SYN_MINE_01,SYN_TRUCK_010,dumper,BREAKDOWN,0.972,SYNTHETIC
2023-11-23,B,SYN_MINE_01,SYN_DRILL_001,drill,BREAKDOWN,4.373,SYNTHETIC
2023-11-23,A,SYN_MINE_01,SYN_TRUCK_003,dumper,BREAKDOWN,1.827,SYNTHETIC
2023-11-23,B,SYN_MINE_01,SYN_TRUCK_010,dumper,BREAKDOWN,3.348,SYNTHETIC
2023-11-23,C,SYN_MINE_01,SYN_TRUCK_012,dumper,BREAKDOWN,2.65,SYNTHETIC
2023-11-24,C,SYN_MINE_01,SYN_DRILL_001,drill,BREAKDOWN,4.714,SYNTHETIC
2023-11-24,B,SYN_MINE_01,SYN_EXC_001,excavator,BREAKDOWN,4.166,SYNTHETIC
2023-11-24,A,SYN_MINE_01,SYN_EXC_002,excavator,BREAKDOWN,0.358,SYNTHETIC
2023-11-25,B,SYN_MINE_01,SYN_DRILL_001,drill,BREAKDOWN,3.832,SYNTHETIC
2023-11-25,A,SYN_MINE_01,SYN_TRUCK_004,dumper,BREAKDOWN,1.91,SYNTHETIC
2023-11-25,A,SYN_MINE_01,SYN_TRUCK_006,dumper,PREVENTIVE_MAINTENANCE,7.0,SYNTHETIC
2023-11-25,A,SYN_MINE_01,SYN_TRUCK_007,dumper,BREAKDOWN,1.472,SYNTHETIC
2023-11-25,A,SYN_MINE_01,SYN_TRUCK_011,dumper,PREVENTIVE_MAINTENANCE,4.433,SYNTHETIC
2023-11-26,B,SYN_MINE_01,SYN_TRUCK_010,dumper,BREAKDOWN,1.025,SYNTHETIC
2023-11-27,A,SYN_MINE_01,SYN_DRILL_001,drill,PREVENTIVE_MAINTENANCE,5.787,SYNTHETIC
2023-11-27,A,SYN_MINE_01,SYN_TRUCK_003,dumper,BREAKDOWN,3.604,SYNTHETIC
2023-11-27,C,SYN_MINE_01,SYN_TRUCK_006,dumper,BREAKDOWN,1.028,SYNTHETIC
2023-11-27,A,SYN_MINE_01,SYN_TRUCK_010,dumper,PREVENTIVE_MAINTENANCE,4.308,SYNTHETIC
2023-11-27,C,SYN_MINE_01,SYN_TRUCK_010,dumper,BREAKDOWN,3.351,SYNTHETIC
2023-11-27,C,SYN_MINE_01,SYN_TRUCK_013,dumper,BREAKDOWN,4.269,SYNTHETIC
2023-11-28,A,SYN_MINE_01,SYN_DRILL_002,drill,PREVENTIVE_MAINTENANCE,4.368,SYNTHETIC
2023-11-28,B,SYN_MINE_01,SYN_DRILL_002,drill,BREAKDOWN,6.081,SYNTHETIC
2023-11-28,A,SYN_MINE_01,SYN_EXC_001,excavator,PREVENTIVE_MAINTENANCE,7.0,SYNTHETIC
2023-11-28,A,SYN_MINE_01,SYN_TRUCK_002,dumper,BREAKDOWN,2.172,SYNTHETIC
2023-11-28,A,SYN_MINE_01,SYN_TRUCK_004,dumper,PREVENTIVE_MAINTENANCE,5.323,SYNTHETIC
2023-11-28,B,SYN_MINE_01,SYN_TRUCK_007,dumper,BREAKDOWN,0.161,SYNTHETIC
2023-11-28,B,SYN_MINE_01,SYN_TRUCK_012,dumper,BREAKDOWN,2.644,SYNTHETIC
2023-11-29,A,SYN_MINE_01,SYN_DRILL_001,drill,BREAKDOWN,3.355,SYNTHETIC
2023-11-29,A,SYN_MINE_01,SYN_TRUCK_001,dumper,BREAKDOWN,1.626,SYNTHETIC
2023-11-29,B,SYN_MINE_01,SYN_TRUCK_001,dumper,BREAKDOWN,3.64,SYNTHETIC
2023-11-29,A,SYN_MINE_01,SYN_TRUCK_007,dumper,BREAKDOWN,1.966,SYNTHETIC
2023-11-29,C,SYN_MINE_01,SYN_TRUCK_011,dumper,BREAKDOWN,0.229,SYNTHETIC
2023-11-30,B,SYN_MINE_01,SYN_EXC_002,excavator,BREAKDOWN,6.702,SYNTHETIC
2023-11-30,B,SYN_MINE_01,SYN_TRUCK_004,dumper,BREAKDOWN,2.182,SYNTHETIC
2023-11-30,A,SYN_MINE_01,SYN_TRUCK_009,dumper,BREAKDOWN,1.755,SYNTHETIC
2023-11-30,A,SYN_MINE_01,SYN_TRUCK_011,dumper,BREAKDOWN,3.855,SYNTHETIC
2023-12-01,B,SYN_MINE_01,SYN_DRILL_001,drill,BREAKDOWN,5.19,SYNTHETIC
2023-12-01,C,SYN_MINE_01,SYN_TRUCK_006,dumper,BREAKDOWN,1.191,SYNTHETIC
2023-12-01,B,SYN_MINE_01,SYN_TRUCK_007,dumper,BREAKDOWN,4.912,SYNTHETIC
2023-12-01,B,SYN_MINE_01,SYN_TRUCK_012,dumper,BREAKDOWN,6.157,SYNTHETIC
2023-12-02,C,SYN_MINE_01,SYN_TRUCK_002,dumper,BREAKDOWN,4.053,SYNTHETIC
2023-12-02,A,SYN_MINE_01,SYN_TRUCK_003,dumper,BREAKDOWN,3.395,SYNTHETIC
2023-12-02,A,SYN_MINE_01,SYN_TRUCK_005,dumper,BREAKDOWN,3.629,SYNTHETIC
2023-12-02,A,SYN_MINE_01,SYN_TRUCK_009,dumper,PREVENTIVE_MAINTENANCE,7.0,SYNTHETIC
2023-12-02,B,SYN_MINE_01,SYN_TRUCK_013,dumper,BREAKDOWN,4.196,SYNTHETIC
2023-12-03,A,SYN_MINE_01,SYN_DRILL_002,drill,BREAKDOWN,2.842,SYNTHETIC
2023-12-03,A,SYN_MINE_01,SYN_TRUCK_004,dumper,BREAKDOWN,5.633,SYNTHETIC
2023-12-03,A,SYN_MINE_01,SYN_TRUCK_008,dumper,BREAKDOWN,2.951,SYNTHETIC
2023-12-04,C,SYN_MINE_01,SYN_DRILL_001,drill,BREAKDOWN,0.715,SYNTHETIC
2023-12-04,B,SYN_MINE_01,SYN_EXC_002,excavator,BREAKDOWN,3.742,SYNTHETIC
2023-12-04,B,SYN_MINE_01,SYN_TRUCK_003,dumper,BREAKDOWN,3.45,SYNTHETIC
2023-12-04,B,SYN_MINE_01,SYN_TRUCK_008,dumper,BREAKDOWN,6.757,SYNTHETIC
2023-12-04,A,SYN_MINE_01,SYN_TRUCK_010,dumper,BREAKDOWN,4.616,SYNTHETIC
2023-12-04,A,SYN_MINE_01,SYN_TRUCK_012,dumper,PREVENTIVE_MAINTENANCE,6.376,SYNTHETIC
2023-12-05,B,SYN_MINE_01,SYN_TRUCK_004,dumper,BREAKDOWN,0.716,SYNTHETIC
2023-12-05,B,SYN_MINE_01,SYN_TRUCK_007,dumper,BREAKDOWN,5.664,SYNTHETIC
2023-12-06,B,SYN_MINE_01,SYN_TRUCK_001,dumper,BREAKDOWN,2.987,SYNTHETIC
2023-12-06,A,SYN_MINE_01,SYN_TRUCK_003,dumper,PREVENTIVE_MAINTENANCE,4.807,SYNTHETIC
2023-12-06,C,SYN_MINE_01,SYN_TRUCK_005,dumper,BREAKDOWN,2.073,SYNTHETIC
2023-12-06,A,SYN_MINE_01,SYN_TRUCK_009,dumper,BREAKDOWN,3.297,SYNTHETIC
2023-12-07,ALL,SYN_MINE_01,SITE,site,POWER_OUTAGE,3.05,SYNTHETIC
2023-12-07,C,SYN_MINE_01,SYN_TRUCK_002,dumper,BREAKDOWN,1.778,SYNTHETIC
2023-12-07,B,SYN_MINE_01,SYN_TRUCK_012,dumper,BREAKDOWN,2.66,SYNTHETIC
2023-12-07,C,SYN_MINE_01,SYN_TRUCK_012,dumper,BREAKDOWN,5.611,SYNTHETIC
2023-12-08,B,SYN_MINE_01,SYN_EXC_001,excavator,BREAKDOWN,3.935,SYNTHETIC
2023-12-08,A,SYN_MINE_01,SYN_EXC_002,excavator,PREVENTIVE_MAINTENANCE,7.0,SYNTHETIC
2023-12-08,A,SYN_MINE_01,SYN_TRUCK_009,dumper,BREAKDOWN,1.696,SYNTHETIC
2023-12-08,B,SYN_MINE_01,SYN_TRUCK_011,dumper,BREAKDOWN,0.602,SYNTHETIC
2023-12-09,A,SYN_MINE_01,SYN_DRILL_001,drill,PREVENTIVE_MAINTENANCE,5.718,SYNTHETIC
2023-12-09,A,SYN_MINE_01,SYN_TRUCK_007,dumper,BREAKDOWN,3.477,SYNTHETIC
2023-12-09,C,SYN_MINE_01,SYN_TRUCK_008,dumper,BREAKDOWN,2.167,SYNTHETIC
2023-12-09,A,SYN_MINE_01,SYN_TRUCK_009,dumper,BREAKDOWN,3.935,SYNTHETIC
2023-12-09,A,SYN_MINE_01,SYN_TRUCK_013,dumper,PREVENTIVE_MAINTENANCE,4.734,SYNTHETIC
2023-12-10,A,SYN_MINE_01,SYN_DRILL_002,drill,PREVENTIVE_MAINTENANCE,4.854,SYNTHETIC
2023-12-10,C,SYN_MINE_01,SYN_DRILL_002,drill,BREAKDOWN,2.434,SYNTHETIC
2023-12-10,B,SYN_MINE_01,SYN_EXC_001,excavator,BREAKDOWN,4.397,SYNTHETIC
2023-12-10,A,SYN_MINE_01,SYN_TRUCK_001,dumper,PREVENTIVE_MAINTENANCE,5.017,SYNTHETIC
2023-12-10,A,SYN_MINE_01,SYN_TRUCK_002,dumper,PREVENTIVE_MAINTENANCE,6.433,SYNTHETIC
2023-12-10,B,SYN_MINE_01,SYN_TRUCK_007,dumper,BREAKDOWN,0.898,SYNTHETIC
2023-12-10,C,SYN_MINE_01,SYN_TRUCK_009,dumper,BREAKDOWN,4.002,SYNTHETIC
2023-12-11,A,SYN_MINE_01,SYN_TRUCK_008,dumper,PREVENTIVE_MAINTENANCE,7.0,SYNTHETIC
2023-12-11,A,SYN_MINE_01,SYN_TRUCK_009,dumper,BREAKDOWN,3.831,SYNTHETIC
2023-12-11,B,SYN_MINE_01,SYN_TRUCK_011,dumper,BREAKDOWN,4.514,SYNTHETIC
2023-12-12,B,SYN_MINE_01,SYN_TRUCK_002,dumper,BREAKDOWN,4.932,SYNTHETIC
2023-12-12,A,SYN_MINE_01,SYN_TRUCK_005,dumper,PREVENTIVE_MAINTENANCE,6.174,SYNTHETIC
2023-12-12,A,SYN_MINE_01,SYN_TRUCK_007,dumper,PREVENTIVE_MAINTENANCE,7.0,SYNTHETIC
2023-12-12,A,SYN_MINE_01,SYN_TRUCK_011,dumper,BREAKDOWN,2.11,SYNTHETIC
2023-12-12,B,SYN_MINE_01,SYN_TRUCK_013,dumper,BREAKDOWN,2.951,SYNTHETIC
2023-12-13,A,SYN_MINE_01,SYN_DRILL_002,drill,BREAKDOWN,4.256,SYNTHETIC
2023-12-13,B,SYN_MINE_01,SYN_TRUCK_011,dumper,BREAKDOWN,1.585,SYNTHETIC
2023-12-14,C,SYN_MINE_01,SYN_TRUCK_004,dumper,BREAKDOWN,3.259,SYNTHETIC
2023-12-15,A,SYN_MINE_01,SYN_EXC_001,excavator,PREVENTIVE_MAINTENANCE,7.0,SYNTHETIC
2023-12-15,A,SYN_MINE_01,SYN_TRUCK_006,dumper,PREVENTIVE_MAINTENANCE,7.0,SYNTHETIC
2023-12-15,C,SYN_MINE_01,SYN_TRUCK_010,dumper,BREAKDOWN,0.257,SYNTHETIC
2023-12-16,B,SYN_MINE_01,SYN_TRUCK_005,dumper,BREAKDOWN,2.999,SYNTHETIC
2023-12-16,A,SYN_MINE_01,SYN_TRUCK_011,dumper,PREVENTIVE_MAINTENANCE,4.693,SYNTHETIC
2023-12-17,B,SYN_MINE_01,SYN_EXC_001,excavator,BREAKDOWN,2.172,SYNTHETIC
2023-12-17,B,SYN_MINE_01,SYN_TRUCK_002,dumper,BREAKDOWN,4.951,SYNTHETIC
2023-12-17,C,SYN_MINE_01,SYN_TRUCK_006,dumper,BREAKDOWN,1.422,SYNTHETIC
2023-12-17,B,SYN_MINE_01,SYN_TRUCK_008,dumper,BREAKDOWN,0.179,SYNTHETIC
2023-12-17,A,SYN_MINE_01,SYN_TRUCK_010,dumper,PREVENTIVE_MAINTENANCE,5.525,SYNTHETIC
2023-12-18,A,SYN_MINE_01,SYN_TRUCK_004,dumper,PREVENTIVE_MAINTENANCE,4.518,SYNTHETIC
2023-12-18,C,SYN_MINE_01,SYN_TRUCK_007,dumper,BREAKDOWN,5.5,SYNTHETIC
2023-12-19,C,SYN_MINE_01,SYN_DRILL_001,drill,BREAKDOWN,4.388,SYNTHETIC
2023-12-19,A,SYN_MINE_01,SYN_DRILL_002,drill,BREAKDOWN,6.481,SYNTHETIC
2023-12-19,B,SYN_MINE_01,SYN_TRUCK_011,dumper,BREAKDOWN,1.473,SYNTHETIC
2023-12-20,C,SYN_MINE_01,SYN_TRUCK_005,dumper,BREAKDOWN,5.645,SYNTHETIC
2023-12-21,A,SYN_MINE_01,SYN_DRILL_001,drill,PREVENTIVE_MAINTENANCE,5.784,SYNTHETIC
2023-12-21,A,SYN_MINE_01,SYN_TRUCK_005,dumper,BREAKDOWN,2.926,SYNTHETIC
2023-12-21,C,SYN_MINE_01,SYN_TRUCK_012,dumper,BREAKDOWN,3.101,SYNTHETIC
2023-12-22,A,SYN_MINE_01,SYN_DRILL_002,drill,PREVENTIVE_MAINTENANCE,4.349,SYNTHETIC
2023-12-22,C,SYN_MINE_01,SYN_DRILL_002,drill,BREAKDOWN,4.593,SYNTHETIC
2023-12-22,A,SYN_MINE_01,SYN_TRUCK_003,dumper,BREAKDOWN,6.883,SYNTHETIC
2023-12-22,A,SYN_MINE_01,SYN_TRUCK_009,dumper,BREAKDOWN,0.064,SYNTHETIC
2023-12-23,A,SYN_MINE_01,SYN_TRUCK_010,dumper,BREAKDOWN,2.328,SYNTHETIC
2023-12-23,B,SYN_MINE_01,SYN_TRUCK_013,dumper,BREAKDOWN,2.332,SYNTHETIC
2023-12-23,C,SYN_MINE_01,SYN_TRUCK_013,dumper,BREAKDOWN,4.542,SYNTHETIC
2023-12-24,A,SYN_MINE_01,SYN_EXC_002,excavator,PREVENTIVE_MAINTENANCE,7.0,SYNTHETIC
2023-12-24,A,SYN_MINE_01,SYN_TRUCK_006,dumper,BREAKDOWN,3.069,SYNTHETIC
2023-12-24,A,SYN_MINE_01,SYN_TRUCK_009,dumper,PREVENTIVE_MAINTENANCE,4.448,SYNTHETIC
2023-12-24,A,SYN_MINE_01,SYN_TRUCK_012,dumper,PREVENTIVE_MAINTENANCE,7.0,SYNTHETIC
2023-12-24,C,SYN_MINE_01,SYN_TRUCK_012,dumper,BREAKDOWN,4.65,SYNTHETIC
2023-12-25,B,SYN_MINE_01,SYN_TRUCK_006,dumper,BREAKDOWN,3.341,SYNTHETIC
2023-12-25,A,SYN_MINE_01,SYN_TRUCK_007,dumper,BREAKDOWN,3.471,SYNTHETIC
2023-12-25,A,SYN_MINE_01,SYN_TRUCK_009,dumper,BREAKDOWN,6.391,SYNTHETIC
2023-12-26,A,SYN_MINE_01,SYN_DRILL_002,drill,BREAKDOWN,4.697,SYNTHETIC
2023-12-26,A,SYN_MINE_01,SYN_TRUCK_003,dumper,PREVENTIVE_MAINTENANCE,6.358,SYNTHETIC
2023-12-26,C,SYN_MINE_01,SYN_TRUCK_004,dumper,BREAKDOWN,5.854,SYNTHETIC
2023-12-27,C,SYN_MINE_01,SYN_TRUCK_002,dumper,BREAKDOWN,1.313,SYNTHETIC
2023-12-27,C,SYN_MINE_01,SYN_TRUCK_004,dumper,BREAKDOWN,0.788,SYNTHETIC
2023-12-28,B,SYN_MINE_01,SYN_DRILL_002,drill,BREAKDOWN,5.592,SYNTHETIC
2023-12-28,B,SYN_MINE_01,SYN_TRUCK_008,dumper,BREAKDOWN,1.143,SYNTHETIC
2023-12-28,C,SYN_MINE_01,SYN_TRUCK_013,dumper,BREAKDOWN,3.062,SYNTHETIC
2023-12-29,C,SYN_MINE_01,SYN_DRILL_001,drill,BREAKDOWN,3.159,SYNTHETIC
2023-12-29,C,SYN_MINE_01,SYN_EXC_001,excavator,BREAKDOWN,1.246,SYNTHETIC
2023-12-29,A,SYN_MINE_01,SYN_TRUCK_001,dumper,PREVENTIVE_MAINTENANCE,5.366,SYNTHETIC
2023-12-29,C,SYN_MINE_01,SYN_TRUCK_005,dumper,BREAKDOWN,4.351,SYNTHETIC
2023-12-29,A,SYN_MINE_01,SYN_TRUCK_007,dumper,BREAKDOWN,6.119,SYNTHETIC
2023-12-29,C,SYN_MINE_01,SYN_TRUCK_010,dumper,BREAKDOWN,1.93,SYNTHETIC
2023-12-30,C,SYN_MINE_01,SYN_DRILL_001,drill,BREAKDOWN,1.236,SYNTHETIC
2023-12-30,A,SYN_MINE_01,SYN_EXC_001,excavator,BREAKDOWN,1.61,SYNTHETIC
2023-12-30,A,SYN_MINE_01,SYN_TRUCK_002,dumper,PREVENTIVE_MAINTENANCE,4.978,SYNTHETIC
2023-12-30,B,SYN_MINE_01,SYN_TRUCK_004,dumper,BREAKDOWN,1.659,SYNTHETIC
2023-12-30,A,SYN_MINE_01,SYN_TRUCK_008,dumper,PREVENTIVE_MAINTENANCE,4.82,SYNTHETIC
2023-12-30,A,SYN_MINE_01,SYN_TRUCK_013,dumper,PREVENTIVE_MAINTENANCE,6.752,SYNTHETIC
2023-12-31,B,SYN_MINE_01,SYN_TRUCK_005,dumper,BREAKDOWN,2.299,SYNTHETIC
2023-12-31,B,SYN_MINE_01,SYN_TRUCK_012,dumper,BREAKDOWN,0.558,SYNTHETIC
2024-01-01,A,SYN_MINE_01,SYN_DRILL_001,drill,PREVENTIVE_MAINTENANCE,5.497,SYNTHETIC
2024-01-01,A,SYN_MINE_01,SYN_EXC_001,excavator,PREVENTIVE_MAINTENANCE,7.0,SYNTHETIC
2024-01-01,B,SYN_MINE_01,SYN_EXC_002,excavator,BREAKDOWN,2.193,SYNTHETIC
2024-01-01,A,SYN_MINE_01,SYN_TRUCK_007,dumper,PREVENTIVE_MAINTENANCE,6.095,SYNTHETIC
2024-01-02,B,SYN_MINE_01,SYN_DRILL_002,drill,BREAKDOWN,6.786,SYNTHETIC
2024-01-02,A,SYN_MINE_01,SYN_TRUCK_002,dumper,BREAKDOWN,2.734,SYNTHETIC
2024-01-02,A,SYN_MINE_01,SYN_TRUCK_005,dumper,PREVENTIVE_MAINTENANCE,5.989,SYNTHETIC
2024-01-02,A,SYN_MINE_01,SYN_TRUCK_008,dumper,BREAKDOWN,0.546,SYNTHETIC
2024-01-03,C,SYN_MINE_01,SYN_DRILL_001,drill,BREAKDOWN,1.617,SYNTHETIC
2024-01-03,A,SYN_MINE_01,SYN_DRILL_002,drill,PREVENTIVE_MAINTENANCE,5.698,SYNTHETIC
2024-01-03,A,SYN_MINE_01,SYN_TRUCK_006,dumper,BREAKDOWN,4.96,SYNTHETIC
2024-01-03,C,SYN_MINE_01,SYN_TRUCK_007,dumper,BREAKDOWN,1.648,SYNTHETIC
2024-01-03,A,SYN_MINE_01,SYN_TRUCK_012,dumper,BREAKDOWN,1.394,SYNTHETIC
2024-01-04,A,SYN_MINE_01,SYN_TRUCK_011,dumper,PREVENTIVE_MAINTENANCE,4.136,SYNTHETIC
2024-01-05,C,SYN_MINE_01,SYN_TRUCK_003,dumper,BREAKDOWN,2.261,SYNTHETIC
2024-01-05,A,SYN_MINE_01,SYN_TRUCK_006,dumper,PREVENTIVE_MAINTENANCE,4.289,SYNTHETIC
2024-01-05,B,SYN_MINE_01,SYN_TRUCK_007,dumper,BREAKDOWN,3.172,SYNTHETIC
2024-01-05,A,SYN_MINE_01,SYN_TRUCK_010,dumper,PREVENTIVE_MAINTENANCE,4.038,SYNTHETIC
2024-01-06,B,SYN_MINE_01,SYN_DRILL_002,drill,BREAKDOWN,0.108,SYNTHETIC
2024-01-06,B,SYN_MINE_01,SYN_TRUCK_004,dumper,BREAKDOWN,1.803,SYNTHETIC
2024-01-06,A,SYN_MINE_01,SYN_TRUCK_011,dumper,BREAKDOWN,4.653,SYNTHETIC
2024-01-07,C,SYN_MINE_01,SYN_TRUCK_001,dumper,BREAKDOWN,2.328,SYNTHETIC
2024-01-07,C,SYN_MINE_01,SYN_TRUCK_003,dumper,BREAKDOWN,1.813,SYNTHETIC
2024-01-07,A,SYN_MINE_01,SYN_TRUCK_004,dumper,PREVENTIVE_MAINTENANCE,7.0,SYNTHETIC
2024-01-07,C,SYN_MINE_01,SYN_TRUCK_006,dumper,BREAKDOWN,0.096,SYNTHETIC
2024-01-08,A,SYN_MINE_01,SYN_EXC_001,excavator,BREAKDOWN,6.312,SYNTHETIC
2024-01-08,A,SYN_MINE_01,SYN_TRUCK_003,dumper,BREAKDOWN,1.259,SYNTHETIC
2024-01-08,A,SYN_MINE_01,SYN_TRUCK_005,dumper,BREAKDOWN,0.203,SYNTHETIC
2024-01-08,C,SYN_MINE_01,SYN_TRUCK_013,dumper,BREAKDOWN,3.012,SYNTHETIC
2024-01-09,C,SYN_MINE_01,SYN_EXC_001,excavator,BREAKDOWN,2.983,SYNTHETIC
2024-01-09,A,SYN_MINE_01,SYN_EXC_002,excavator,PREVENTIVE_MAINTENANCE,7.0,SYNTHETIC
2024-01-09,C,SYN_MINE_01,SYN_TRUCK_008,dumper,BREAKDOWN,4.908,SYNTHETIC
2024-01-09,A,SYN_MINE_01,SYN_TRUCK_013,dumper,BREAKDOWN,4.433,SYNTHETIC
2024-01-10,B,SYN_MINE_01,SYN_EXC_002,excavator,BREAKDOWN,3.482,SYNTHETIC
2024-01-10,A,SYN_MINE_01,SYN_TRUCK_009,dumper,BREAKDOWN,3.629,SYNTHETIC
2024-01-11,A,SYN_MINE_01,SYN_TRUCK_003,dumper,BREAKDOWN,2.809,SYNTHETIC
2024-01-11,A,SYN_MINE_01,SYN_TRUCK_006,dumper,BREAKDOWN,5.435,SYNTHETIC
2024-01-11,C,SYN_MINE_01,SYN_TRUCK_007,dumper,BREAKDOWN,1.813,SYNTHETIC
2024-01-11,C,SYN_MINE_01,SYN_TRUCK_008,dumper,BREAKDOWN,2.644,SYNTHETIC
2024-01-11,B,SYN_MINE_01,SYN_TRUCK_011,dumper,BREAKDOWN,5.142,SYNTHETIC
2024-01-11,B,SYN_MINE_01,SYN_TRUCK_012,dumper,BREAKDOWN,3.695,SYNTHETIC
2024-01-11,A,SYN_MINE_01,SYN_TRUCK_013,dumper,BREAKDOWN,0.365,SYNTHETIC
2024-01-12,A,SYN_MINE_01,SYN_DRILL_001,drill,PREVENTIVE_MAINTENANCE,4.485,SYNTHETIC
2024-01-12,A,SYN_MINE_01,SYN_TRUCK_001,dumper,BREAKDOWN,6.264,SYNTHETIC
2024-01-12,B,SYN_MINE_01,SYN_TRUCK_012,dumper,BREAKDOWN,6.849,SYNTHETIC
2024-01-13,A,SYN_MINE_01,SYN_DRILL_001,drill,BREAKDOWN,2.09,SYNTHETIC
2024-01-13,C,SYN_MINE_01,SYN_DRILL_002,drill,BREAKDOWN,2.605,SYNTHETIC
2024-01-13,A,SYN_MINE_01,SYN_TRUCK_005,dumper,BREAKDOWN,4.737,SYNTHETIC
2024-01-13,C,SYN_MINE_01,SYN_TRUCK_005,dumper,BREAKDOWN,3.783,SYNTHETIC
2024-01-13,C,SYN_MINE_01,SYN_TRUCK_008,dumper,BREAKDOWN,0.79,SYNTHETIC
2024-01-13,A,SYN_MINE_01,SYN_TRUCK_009,dumper,PREVENTIVE_MAINTENANCE,7.0,SYNTHETIC
2024-01-13,A,SYN_MINE_01,SYN_TRUCK_012,dumper,PREVENTIVE_MAINTENANCE,5.335,SYNTHETIC
2024-01-14,A,SYN_MINE_01,SYN_EXC_002,excavator,BREAKDOWN,0.808,SYNTHETIC
2024-01-14,A,SYN_MINE_01,SYN_TRUCK_002,dumper,BREAKDOWN,0.55,SYNTHETIC
2024-01-14,A,SYN_MINE_01,SYN_TRUCK_003,dumper,BREAKDOWN,0.104,SYNTHETIC
2024-01-15,A,SYN_MINE_01,SYN_DRILL_002,drill,PREVENTIVE_MAINTENANCE,4.672,SYNTHETIC
2024-01-15,C,SYN_MINE_01,SYN_DRILL_002,drill,BREAKDOWN,2.805,SYNTHETIC
2024-01-15,A,SYN_MINE_01,SYN_EXC_001,excavator,BREAKDOWN,5.165,SYNTHETIC
2024-01-15,C,SYN_MINE_01,SYN_TRUCK_003,dumper,BREAKDOWN,3.607,SYNTHETIC
2024-01-16,C,SYN_MINE_01,SYN_TRUCK_001,dumper,BREAKDOWN,2.361,SYNTHETIC
2024-01-16,A,SYN_MINE_01,SYN_TRUCK_013,dumper,BREAKDOWN,1.472,SYNTHETIC
2024-01-17,B,SYN_MINE_01,SYN_EXC_001,excavator,BREAKDOWN,0.632,SYNTHETIC
2024-01-17,A,SYN_MINE_01,SYN_TRUCK_003,dumper,PREVENTIVE_MAINTENANCE,5.32,SYNTHETIC
2024-01-17,C,SYN_MINE_01,SYN_TRUCK_003,dumper,BREAKDOWN,1.625,SYNTHETIC
2024-01-17,A,SYN_MINE_01,SYN_TRUCK_008,dumper,BREAKDOWN,4.431,SYNTHETIC
2024-01-17,C,SYN_MINE_01,SYN_TRUCK_012,dumper,BREAKDOWN,1.439,SYNTHETIC
2024-01-18,C,SYN_MINE_01,SYN_DRILL_002,drill,BREAKDOWN,0.951,SYNTHETIC
2024-01-18,A,SYN_MINE_01,SYN_TRUCK_001,dumper,PREVENTIVE_MAINTENANCE,4.841,SYNTHETIC
2024-01-18,A,SYN_MINE_01,SYN_TRUCK_002,dumper,PREVENTIVE_MAINTENANCE,4.034,SYNTHETIC
2024-01-19,A,SYN_MINE_01,SYN_DRILL_002,drill,BREAKDOWN,0.998,SYNTHETIC
2024-01-19,B,SYN_MINE_01,SYN_EXC_001,excavator,BREAKDOWN,5.88,SYNTHETIC
2024-01-19,A,SYN_MINE_01,SYN_TRUCK_003,dumper,BREAKDOWN,4.015,SYNTHETIC
2024-01-19,A,SYN_MINE_01,SYN_TRUCK_008,dumper,PREVENTIVE_MAINTENANCE,6.281,SYNTHETIC
2024-01-19,A,SYN_MINE_01,SYN_TRUCK_010,dumper,BREAKDOWN,4.537,SYNTHETIC
2024-01-19,A,SYN_MINE_01,SYN_TRUCK_013,dumper,BREAKDOWN,2.302,SYNTHETIC
2024-01-20,B,SYN_MINE_01,SYN_DRILL_002,drill,BREAKDOWN,2.259,SYNTHETIC
2024-01-20,C,SYN_MINE_01,SYN_EXC_001,excavator,BREAKDOWN,4.424,SYNTHETIC
2024-01-20,B,SYN_MINE_01,SYN_TRUCK_004,dumper,BREAKDOWN,5.181,SYNTHETIC
2024-01-20,B,SYN_MINE_01,SYN_TRUCK_005,dumper,BREAKDOWN,2.221,SYNTHETIC
2024-01-20,A,SYN_MINE_01,SYN_TRUCK_007,dumper,PREVENTIVE_MAINTENANCE,7.0,SYNTHETIC
2024-01-20,A,SYN_MINE_01,SYN_TRUCK_013,dumper,PREVENTIVE_MAINTENANCE,5.61,SYNTHETIC
2024-01-21,A,SYN_MINE_01,SYN_DRILL_002,drill,BREAKDOWN,0.747,SYNTHETIC
2024-01-21,C,SYN_MINE_01,SYN_DRILL_002,drill,BREAKDOWN,2.067,SYNTHETIC
2024-01-21,A,SYN_MINE_01,SYN_TRUCK_010,dumper,BREAKDOWN,3.744,SYNTHETIC
2024-01-22,A,SYN_MINE_01,SYN_EXC_001,excavator,PREVENTIVE_MAINTENANCE,7.0,SYNTHETIC
2024-01-22,C,SYN_MINE_01,SYN_EXC_002,excavator,BREAKDOWN,2.539,SYNTHETIC
2024-01-22,A,SYN_MINE_01,SYN_TRUCK_003,dumper,BREAKDOWN,6.871,SYNTHETIC
2024-01-22,B,SYN_MINE_01,SYN_TRUCK_005,dumper,BREAKDOWN,0.795,SYNTHETIC
2024-01-22,C,SYN_MINE_01,SYN_TRUCK_006,dumper,BREAKDOWN,1.367,SYNTHETIC
2024-01-23,A,SYN_MINE_01,SYN_DRILL_001,drill,PREVENTIVE_MAINTENANCE,5.228,SYNTHETIC
2024-01-23,A,SYN_MINE_01,SYN_TRUCK_005,dumper,PREVENTIVE_MAINTENANCE,7.0,SYNTHETIC
2024-01-23,A,SYN_MINE_01,SYN_TRUCK_011,dumper,PREVENTIVE_MAINTENANCE,7.0,SYNTHETIC
2024-01-24,A,SYN_MINE_01,SYN_TRUCK_006,dumper,PREVENTIVE_MAINTENANCE,5.796,SYNTHETIC
2024-01-25,B,SYN_MINE_01,SYN_DRILL_001,drill,BREAKDOWN,4.012,SYNTHETIC
2024-01-25,A,SYN_MINE_01,SYN_DRILL_002,drill,BREAKDOWN,2.039,SYNTHETIC
2024-01-25,B,SYN_MINE_01,SYN_EXC_001,excavator,BREAKDOWN,1.463,SYNTHETIC
2024-01-25,C,SYN_MINE_01,SYN_TRUCK_008,dumper,BREAKDOWN,0.473,SYNTHETIC
2024-01-25,A,SYN_MINE_01,SYN_TRUCK_010,dumper,PREVENTIVE_MAINTENANCE,6.448,SYNTHETIC
2024-01-26,A,SYN_MINE_01,SYN_EXC_002,excavator,PREVENTIVE_MAINTENANCE,7.0,SYNTHETIC
2024-01-26,A,SYN_MINE_01,SYN_TRUCK_004,dumper,PREVENTIVE_MAINTENANCE,7.0,SYNTHETIC
2024-01-26,B,SYN_MINE_01,SYN_TRUCK_006,dumper,BREAKDOWN,3.209,SYNTHETIC
2024-01-27,A,SYN_MINE_01,SYN_DRILL_002,drill,PREVENTIVE_MAINTENANCE,4.147,SYNTHETIC
2024-01-27,A,SYN_MINE_01,SYN_TRUCK_001,dumper,BREAKDOWN,2.755,SYNTHETIC
2024-01-27,A,SYN_MINE_01,SYN_TRUCK_006,dumper,BREAKDOWN,2.07,SYNTHETIC
2024-01-28,C,SYN_MINE_01,SYN_DRILL_002,drill,BREAKDOWN,5.152,SYNTHETIC
2024-01-28,B,SYN_MINE_01,SYN_EXC_002,excavator,BREAKDOWN,2.366,SYNTHETIC
2024-01-28,C,SYN_MINE_01,SYN_TRUCK_001,dumper,BREAKDOWN,3.261,SYNTHETIC
2024-01-29,B,SYN_MINE_01,SYN_DRILL_001,drill,BREAKDOWN,3.089,SYNTHETIC
2024-01-29,A,SYN_MINE_01,SYN_TRUCK_013,dumper,BREAKDOWN,2.593,SYNTHETIC
2024-01-30,B,SYN_MINE_01,SYN_TRUCK_001,dumper,BREAKDOWN,4.376,SYNTHETIC
2024-01-30,B,SYN_MINE_01,SYN_TRUCK_003,dumper,BREAKDOWN,2.466,SYNTHETIC
2024-01-30,C,SYN_MINE_01,SYN_TRUCK_009,dumper,BREAKDOWN,3.656,SYNTHETIC
2024-01-30,C,SYN_MINE_01,SYN_TRUCK_012,dumper,BREAKDOWN,3.469,SYNTHETIC
2024-01-31,A,SYN_MINE_01,SYN_DRILL_001,drill,BREAKDOWN,5.013,SYNTHETIC
2024-01-31,B,SYN_MINE_01,SYN_TRUCK_001,dumper,BREAKDOWN,6.555,SYNTHETIC
2024-02-01,C,SYN_MINE_01,SYN_DRILL_001,drill,BREAKDOWN,2.042,SYNTHETIC
2024-02-01,C,SYN_MINE_01,SYN_TRUCK_001,dumper,BREAKDOWN,1.107,SYNTHETIC
2024-02-01,B,SYN_MINE_01,SYN_TRUCK_002,dumper,BREAKDOWN,0.933,SYNTHETIC
2024-02-01,A,SYN_MINE_01,SYN_TRUCK_003,dumper,BREAKDOWN,2.279,SYNTHETIC
2024-02-01,B,SYN_MINE_01,SYN_TRUCK_003,dumper,BREAKDOWN,4.425,SYNTHETIC
2024-02-01,C,SYN_MINE_01,SYN_TRUCK_007,dumper,BREAKDOWN,5.236,SYNTHETIC
2024-02-01,B,SYN_MINE_01,SYN_TRUCK_011,dumper,BREAKDOWN,0.191,SYNTHETIC
2024-02-02,A,SYN_MINE_01,SYN_TRUCK_004,dumper,BREAKDOWN,2.386,SYNTHETIC
2024-02-02,A,SYN_MINE_01,SYN_TRUCK_006,dumper,BREAKDOWN,5.129,SYNTHETIC
2024-02-02,C,SYN_MINE_01,SYN_TRUCK_006,dumper,BREAKDOWN,3.229,SYNTHETIC
2024-02-02,A,SYN_MINE_01,SYN_TRUCK_009,dumper,PREVENTIVE_MAINTENANCE,6.509,SYNTHETIC
2024-02-02,B,SYN_MINE_01,SYN_TRUCK_011,dumper,BREAKDOWN,2.339,SYNTHETIC
2024-02-02,A,SYN_MINE_01,SYN_TRUCK_012,dumper,PREVENTIVE_MAINTENANCE,7.0,SYNTHETIC
2024-02-03,C,SYN_MINE_01,SYN_DRILL_001,drill,BREAKDOWN,5.899,SYNTHETIC
2024-02-03,B,SYN_MINE_01,SYN_TRUCK_006,dumper,BREAKDOWN,2.476,SYNTHETIC
2024-02-03,B,SYN_MINE_01,SYN_TRUCK_011,dumper,BREAKDOWN,2.048,SYNTHETIC
2024-02-04,C,SYN_MINE_01,SYN_TRUCK_001,dumper,BREAKDOWN,2.131,SYNTHETIC
2024-02-04,B,SYN_MINE_01,SYN_TRUCK_005,dumper,BREAKDOWN,1.164,SYNTHETIC
2024-02-04,C,SYN_MINE_01,SYN_TRUCK_007,dumper,BREAKDOWN,3.694,SYNTHETIC
2024-02-05,A,SYN_MINE_01,SYN_DRILL_001,drill,PREVENTIVE_MAINTENANCE,5.093,SYNTHETIC
2024-02-05,C,SYN_MINE_01,SYN_TRUCK_007,dumper,BREAKDOWN,3.112,SYNTHETIC
2024-02-06,B,SYN_MINE_01,SYN_DRILL_001,drill,BREAKDOWN,3.049,SYNTHETIC
2024-02-06,A,SYN_MINE_01,SYN_TRUCK_002,dumper,PREVENTIVE_MAINTENANCE,7.0,SYNTHETIC
2024-02-06,A,SYN_MINE_01,SYN_TRUCK_003,dumper,BREAKDOWN,5.674,SYNTHETIC
2024-02-06,C,SYN_MINE_01,SYN_TRUCK_003,dumper,BREAKDOWN,1.991,SYNTHETIC
2024-02-06,A,SYN_MINE_01,SYN_TRUCK_005,dumper,BREAKDOWN,2.681,SYNTHETIC
2024-02-06,B,SYN_MINE_01,SYN_TRUCK_007,dumper,BREAKDOWN,0.703,SYNTHETIC
2024-02-06,B,SYN_MINE_01,SYN_TRUCK_010,dumper,BREAKDOWN,2.958,SYNTHETIC
2024-02-06,A,SYN_MINE_01,SYN_TRUCK_011,dumper,BREAKDOWN,2.293,SYNTHETIC
2024-02-07,A,SYN_MINE_01,SYN_DRILL_002,drill,PREVENTIVE_MAINTENANCE,4.931,SYNTHETIC
2024-02-07,A,SYN_MINE_01,SYN_EXC_001,excavator,PREVENTIVE_MAINTENANCE,7.0,SYNTHETIC
2024-02-07,C,SYN_MINE_01,SYN_TRUCK_004,dumper,BREAKDOWN,2.985,SYNTHETIC
2024-02-07,A,SYN_MINE_01,SYN_TRUCK_008,dumper,PREVENTIVE_MAINTENANCE,4.991,SYNTHETIC
2024-02-07,A,SYN_MINE_01,SYN_TRUCK_012,dumper,BREAKDOWN,5.165,SYNTHETIC
2024-02-07,A,SYN_MINE_01,SYN_TRUCK_013,dumper,BREAKDOWN,5.237,SYNTHETIC
2024-02-07,B,SYN_MINE_01,SYN_TRUCK_013,dumper,BREAKDOWN,4.982,SYNTHETIC
2024-02-08,A,SYN_MINE_01,SYN_TRUCK_001,dumper,PREVENTIVE_MAINTENANCE,6.222,SYNTHETIC
2024-02-08,A,SYN_MINE_01,SYN_TRUCK_003,dumper,BREAKDOWN,1.947,SYNTHETIC
2024-02-08,A,SYN_MINE_01,SYN_TRUCK_004,dumper,BREAKDOWN,3.807,SYNTHETIC
2024-02-08,B,SYN_MINE_01,SYN_TRUCK_006,dumper,BREAKDOWN,2.209,SYNTHETIC
2024-02-08,A,SYN_MINE_01,SYN_TRUCK_013,dumper,PREVENTIVE_MAINTENANCE,7.0,SYNTHETIC
2024-02-09,A,SYN_MINE_01,SYN_TRUCK_003,dumper,PREVENTIVE_MAINTENANCE,6.434,SYNTHETIC
2024-02-09,A,SYN_MINE_01,SYN_TRUCK_007,dumper,PREVENTIVE_MAINTENANCE,5.066,SYNTHETIC
2024-02-09,C,SYN_MINE_01,SYN_TRUCK_007,dumper,BREAKDOWN,0.163,SYNTHETIC
2024-02-10,C,SYN_MINE_01,SYN_TRUCK_011,dumper,BREAKDOWN,0.969,SYNTHETIC
2024-02-11,A,SYN_MINE_01,SYN_EXC_002,excavator,PREVENTIVE_MAINTENANCE,6.699,SYNTHETIC
2024-02-11,A,SYN_MINE_01,SYN_TRUCK_001,dumper,BREAKDOWN,2.728,SYNTHETIC
2024-02-11,C,SYN_MINE_01,SYN_TRUCK_001,dumper,BREAKDOWN,4.388,SYNTHETIC
2024-02-11,A,SYN_MINE_01,SYN_TRUCK_005,dumper,PREVENTIVE_MAINTENANCE,5.838,SYNTHETIC
2024-02-12,C,SYN_MINE_01,SYN_EXC_001,excavator,BREAKDOWN,0.657,SYNTHETIC
2024-02-12,A,SYN_MINE_01,SYN_TRUCK_011,dumper,PREVENTIVE_MAINTENANCE,4.548,SYNTHETIC
2024-02-13,A,SYN_MINE_01,SYN_DRILL_001,drill,BREAKDOWN,5.314,SYNTHETIC
2024-02-13,C,SYN_MINE_01,SYN_DRILL_001,drill,BREAKDOWN,2.698,SYNTHETIC
2024-02-13,C,SYN_MINE_01,SYN_DRILL_002,drill,BREAKDOWN,1.249,SYNTHETIC
2024-02-13,B,SYN_MINE_01,SYN_TRUCK_005,dumper,BREAKDOWN,0.183,SYNTHETIC
2024-02-13,B,SYN_MINE_01,SYN_TRUCK_009,dumper,BREAKDOWN,0.312,SYNTHETIC
2024-02-13,A,SYN_MINE_01,SYN_TRUCK_010,dumper,PREVENTIVE_MAINTENANCE,6.069,SYNTHETIC
2024-02-14,A,SYN_MINE_01,SYN_TRUCK_007,dumper,BREAKDOWN,3.5,SYNTHETIC
2024-02-14,C,SYN_MINE_01,SYN_TRUCK_009,dumper,BREAKDOWN,1.779,SYNTHETIC
2024-02-15,ALL,SYN_MINE_01,SITE,site,POWER_OUTAGE,3.44,SYNTHETIC
2024-02-15,A,SYN_MINE_01,SYN_TRUCK_004,dumper,PREVENTIVE_MAINTENANCE,6.953,SYNTHETIC
2024-02-15,A,SYN_MINE_01,SYN_TRUCK_006,dumper,PREVENTIVE_MAINTENANCE,4.524,SYNTHETIC
2024-02-15,B,SYN_MINE_01,SYN_TRUCK_012,dumper,BREAKDOWN,4.492,SYNTHETIC
2024-02-15,C,SYN_MINE_01,SYN_TRUCK_012,dumper,BREAKDOWN,2.386,SYNTHETIC
2024-02-16,C,SYN_MINE_01,SYN_TRUCK_002,dumper,BREAKDOWN,2.298,SYNTHETIC
2024-02-16,B,SYN_MINE_01,SYN_TRUCK_008,dumper,BREAKDOWN,2.486,SYNTHETIC
2024-02-16,B,SYN_MINE_01,SYN_TRUCK_012,dumper,BREAKDOWN,4.706,SYNTHETIC
2024-02-17,A,SYN_MINE_01,SYN_DRILL_001,drill,PREVENTIVE_MAINTENANCE,5.737,SYNTHETIC
2024-02-17,C,SYN_MINE_01,SYN_TRUCK_003,dumper,BREAKDOWN,4.224,SYNTHETIC
2024-02-18,A,SYN_MINE_01,SYN_DRILL_002,drill,PREVENTIVE_MAINTENANCE,4.011,SYNTHETIC
2024-02-18,C,SYN_MINE_01,SYN_EXC_002,excavator,BREAKDOWN,2.327,SYNTHETIC
2024-02-19,A,SYN_MINE_01,SYN_DRILL_001,drill,BREAKDOWN,0.2,SYNTHETIC
2024-02-19,A,SYN_MINE_01,SYN_TRUCK_001,dumper,BREAKDOWN,3.199,SYNTHETIC
2024-02-19,C,SYN_MINE_01,SYN_TRUCK_002,dumper,BREAKDOWN,1.415,SYNTHETIC
2024-02-19,B,SYN_MINE_01,SYN_TRUCK_011,dumper,BREAKDOWN,0.422,SYNTHETIC
2024-02-19,B,SYN_MINE_01,SYN_TRUCK_012,dumper,BREAKDOWN,1.971,SYNTHETIC
2024-02-20,C,SYN_MINE_01,SYN_TRUCK_003,dumper,BREAKDOWN,0.393,SYNTHETIC
2024-02-20,C,SYN_MINE_01,SYN_TRUCK_004,dumper,BREAKDOWN,4.533,SYNTHETIC
2024-02-20,C,SYN_MINE_01,SYN_TRUCK_007,dumper,BREAKDOWN,1.792,SYNTHETIC
2024-02-20,A,SYN_MINE_01,SYN_TRUCK_013,dumper,BREAKDOWN,3.106,SYNTHETIC
2024-02-21,B,SYN_MINE_01,SYN_TRUCK_013,dumper,BREAKDOWN,1.875,SYNTHETIC
2024-02-22,A,SYN_MINE_01,SYN_DRILL_001,drill,BREAKDOWN,3.57,SYNTHETIC
2024-02-22,A,SYN_MINE_01,SYN_TRUCK_001,dumper,BREAKDOWN,5.149,SYNTHETIC
2024-02-22,A,SYN_MINE_01,SYN_TRUCK_004,dumper,BREAKDOWN,5.138,SYNTHETIC
2024-02-22,B,SYN_MINE_01,SYN_TRUCK_005,dumper,BREAKDOWN,2.605,SYNTHETIC
2024-02-22,C,SYN_MINE_01,SYN_TRUCK_006,dumper,BREAKDOWN,2.284,SYNTHETIC
2024-02-22,A,SYN_MINE_01,SYN_TRUCK_009,dumper,PREVENTIVE_MAINTENANCE,4.916,SYNTHETIC
2024-02-22,C,SYN_MINE_01,SYN_TRUCK_011,dumper,BREAKDOWN,2.116,SYNTHETIC
2024-02-22,A,SYN_MINE_01,SYN_TRUCK_012,dumper,PREVENTIVE_MAINTENANCE,7.0,SYNTHETIC
2024-02-22,C,SYN_MINE_01,SYN_TRUCK_012,dumper,BREAKDOWN,4.486,SYNTHETIC
2024-02-23,B,SYN_MINE_01,SYN_DRILL_001,drill,BREAKDOWN,0.136,SYNTHETIC
2024-02-23,A,SYN_MINE_01,SYN_EXC_001,excavator,PREVENTIVE_MAINTENANCE,7.0,SYNTHETIC
2024-02-23,B,SYN_MINE_01,SYN_TRUCK_002,dumper,BREAKDOWN,0.87,SYNTHETIC
2024-02-23,A,SYN_MINE_01,SYN_TRUCK_011,dumper,BREAKDOWN,3.519,SYNTHETIC
2024-02-24,A,SYN_MINE_01,SYN_DRILL_002,drill,BREAKDOWN,2.506,SYNTHETIC
2024-02-24,C,SYN_MINE_01,SYN_EXC_002,excavator,BREAKDOWN,0.754,SYNTHETIC
2024-02-24,B,SYN_MINE_01,SYN_TRUCK_011,dumper,BREAKDOWN,1.589,SYNTHETIC
2024-02-25,A,SYN_MINE_01,SYN_TRUCK_001,dumper,BREAKDOWN,1.738,SYNTHETIC
2024-02-25,A,SYN_MINE_01,SYN_TRUCK_003,dumper,BREAKDOWN,3.681,SYNTHETIC
2024-02-25,B,SYN_MINE_01,SYN_TRUCK_013,dumper,BREAKDOWN,6.42,SYNTHETIC
2024-02-26,C,SYN_MINE_01,SYN_DRILL_001,drill,BREAKDOWN,1.956,SYNTHETIC
2024-02-26,A,SYN_MINE_01,SYN_TRUCK_002,dumper,PREVENTIVE_MAINTENANCE,7.0,SYNTHETIC
2024-02-26,A,SYN_MINE_01,SYN_TRUCK_008,dumper,PREVENTIVE_MAINTENANCE,6.568,SYNTHETIC
2024-02-26,B,SYN_MINE_01,SYN_TRUCK_013,dumper,BREAKDOWN,0.146,SYNTHETIC
2024-02-27,B,SYN_MINE_01,SYN_DRILL_002,drill,BREAKDOWN,3.282,SYNTHETIC
2024-02-27,A,SYN_MINE_01,SYN_TRUCK_005,dumper,BREAKDOWN,2.531,SYNTHETIC
2024-02-27,C,SYN_MINE_01,SYN_TRUCK_009,dumper,BREAKDOWN,2.699,SYNTHETIC
2024-02-28,A,SYN_MINE_01,SYN_EXC_002,excavator,BREAKDOWN,2.075,SYNTHETIC
2024-02-28,A,SYN_MINE_01,SYN_TRUCK_006,dumper,BREAKDOWN,3.328,SYNTHETIC
2024-02-28,C,SYN_MINE_01,SYN_TRUCK_007,dumper,BREAKDOWN,3.58,SYNTHETIC
2024-02-28,C,SYN_MINE_01,SYN_TRUCK_010,dumper,BREAKDOWN,1.903,SYNTHETIC
2024-02-29,A,SYN_MINE_01,SYN_DRILL_001,drill,PREVENTIVE_MAINTENANCE,4.881,SYNTHETIC
2024-02-29,A,SYN_MINE_01,SYN_DRILL_002,drill,PREVENTIVE_MAINTENANCE,4.903,SYNTHETIC
2024-02-29,A,SYN_MINE_01,SYN_TRUCK_001,dumper,PREVENTIVE_MAINTENANCE,4.559,SYNTHETIC
2024-02-29,A,SYN_MINE_01,SYN_TRUCK_003,dumper,PREVENTIVE_MAINTENANCE,6.086,SYNTHETIC
2024-02-29,A,SYN_MINE_01,SYN_TRUCK_004,dumper,BREAKDOWN,4.431,SYNTHETIC
2024-02-29,A,SYN_MINE_01,SYN_TRUCK_011,dumper,BREAKDOWN,3.403,SYNTHETIC
2024-02-29,B,SYN_MINE_01,SYN_TRUCK_012,dumper,BREAKDOWN,6.999,SYNTHETIC
2024-02-29,A,SYN_MINE_01,SYN_TRUCK_013,dumper,PREVENTIVE_MAINTENANCE,5.239,SYNTHETIC
2024-03-01,A,SYN_MINE_01,SYN_EXC_002,excavator,PREVENTIVE_MAINTENANCE,7.0,SYNTHETIC
2024-03-01,B,SYN_MINE_01,SYN_TRUCK_004,dumper,BREAKDOWN,4.892,SYNTHETIC
2024-03-01,A,SYN_MINE_01,SYN_TRUCK_005,dumper,BREAKDOWN,5.551,SYNTHETIC
2024-03-01,B,SYN_MINE_01,SYN_TRUCK_005,dumper,BREAKDOWN,2.854,SYNTHETIC
2024-03-01,A,SYN_MINE_01,SYN_TRUCK_007,dumper,PREVENTIVE_MAINTENANCE,5.362,SYNTHETIC
2024-03-01,A,SYN_MINE_01,SYN_TRUCK_009,dumper,BREAKDOWN,1.062,SYNTHETIC
2024-03-02,A,SYN_MINE_01,SYN_DRILL_001,drill,BREAKDOWN,1.175,SYNTHETIC
2024-03-02,A,SYN_MINE_01,SYN_TRUCK_005,dumper,PREVENTIVE_MAINTENANCE,7.0,SYNTHETIC
2024-03-02,C,SYN_MINE_01,SYN_TRUCK_005,dumper,BREAKDOWN,1.934,SYNTHETIC
2024-03-02,A,SYN_MINE_01,SYN_TRUCK_010,dumper,BREAKDOWN,6.296,SYNTHETIC
2024-03-02,C,SYN_MINE_01,SYN_TRUCK_011,dumper,BREAKDOWN,2.54,SYNTHETIC
2024-03-03,A,SYN_MINE_01,SYN_TRUCK_010,dumper,PREVENTIVE_MAINTENANCE,7.0,SYNTHETIC
2024-03-03,A,SYN_MINE_01,SYN_TRUCK_011,dumper,PREVENTIVE_MAINTENANCE,6.816,SYNTHETIC
2024-03-04,B,SYN_MINE_01,SYN_TRUCK_007,dumper,BREAKDOWN,2.614,SYNTHETIC
2024-03-04,B,SYN_MINE_01,SYN_TRUCK_008,dumper,BREAKDOWN,1.667,SYNTHETIC
2024-03-04,B,SYN_MINE_01,SYN_TRUCK_012,dumper,BREAKDOWN,1.401,SYNTHETIC
2024-03-05,B,SYN_MINE_01,SYN_TRUCK_002,dumper,BREAKDOWN,1.742,SYNTHETIC
2024-03-06,B,SYN_MINE_01,SYN_DRILL_001,drill,BREAKDOWN,1.806,SYNTHETIC
2024-03-06,C,SYN_MINE_01,SYN_TRUCK_003,dumper,BREAKDOWN,3.237,SYNTHETIC
2024-03-06,A,SYN_MINE_01,SYN_TRUCK_006,dumper,PREVENTIVE_MAINTENANCE,5.02,SYNTHETIC
2024-03-07,C,SYN_MINE_01,SYN_DRILL_001,drill,BREAKDOWN,3.912,SYNTHETIC
2024-03-07,A,SYN_MINE_01,SYN_TRUCK_004,dumper,PREVENTIVE_MAINTENANCE,5.763,SYNTHETIC
2024-03-07,C,SYN_MINE_01,SYN_TRUCK_009,dumper,BREAKDOWN,0.618,SYNTHETIC
2024-03-07,C,SYN_MINE_01,SYN_TRUCK_013,dumper,BREAKDOWN,3.067,SYNTHETIC
2024-03-08,A,SYN_MINE_01,SYN_TRUCK_002,dumper,BREAKDOWN,4.303,SYNTHETIC
2024-03-08,A,SYN_MINE_01,SYN_TRUCK_008,dumper,BREAKDOWN,2.927,SYNTHETIC
2024-03-08,C,SYN_MINE_01,SYN_TRUCK_009,dumper,BREAKDOWN,1.775,SYNTHETIC
2024-03-08,C,SYN_MINE_01,SYN_TRUCK_012,dumper,BREAKDOWN,0.072,SYNTHETIC
2024-03-09,B,SYN_MINE_01,SYN_DRILL_002,drill,BREAKDOWN,5.209,SYNTHETIC
2024-03-09,A,SYN_MINE_01,SYN_EXC_001,excavator,BREAKDOWN,0.445,SYNTHETIC
2024-03-09,B,SYN_MINE_01,SYN_TRUCK_001,dumper,BREAKDOWN,3.952,SYNTHETIC
2024-03-09,A,SYN_MINE_01,SYN_TRUCK_012,dumper,BREAKDOWN,6.888,SYNTHETIC
2024-03-10,A,SYN_MINE_01,SYN_DRILL_002,drill,BREAKDOWN,4.113,SYNTHETIC
2024-03-10,A,SYN_MINE_01,SYN_EXC_001,excavator,PREVENTIVE_MAINTENANCE,7.0,SYNTHETIC
2024-03-10,A,SYN_MINE_01,SYN_TRUCK_009,dumper,BREAKDOWN,2.264,SYNTHETIC
2024-03-10,B,SYN_MINE_01,SYN_TRUCK_013,dumper,BREAKDOWN,3.946,SYNTHETIC
2024-03-11,C,SYN_MINE_01,SYN_TRUCK_004,dumper,BREAKDOWN,2.121,SYNTHETIC
2024-03-11,A,SYN_MINE_01,SYN_TRUCK_006,dumper,BREAKDOWN,5.151,SYNTHETIC
2024-03-11,B,SYN_MINE_01,SYN_TRUCK_011,dumper,BREAKDOWN,1.758,SYNTHETIC
2024-03-11,A,SYN_MINE_01,SYN_TRUCK_012,dumper,BREAKDOWN,0.95,SYNTHETIC
2024-03-12,A,SYN_MINE_01,SYN_DRILL_001,drill,PREVENTIVE_MAINTENANCE,5.616,SYNTHETIC
2024-03-12,A,SYN_MINE_01,SYN_DRILL_002,drill,PREVENTIVE_MAINTENANCE,4.265,SYNTHETIC
2024-03-12,A,SYN_MINE_01,SYN_TRUCK_003,dumper,BREAKDOWN,3.289,SYNTHETIC
2024-03-12,B,SYN_MINE_01,SYN_TRUCK_009,dumper,BREAKDOWN,6.014,SYNTHETIC
2024-03-12,B,SYN_MINE_01,SYN_TRUCK_010,dumper,BREAKDOWN,3.181,SYNTHETIC
2024-03-12,C,SYN_MINE_01,SYN_TRUCK_011,dumper,BREAKDOWN,5.69,SYNTHETIC
2024-03-13,C,SYN_MINE_01,SYN_TRUCK_002,dumper,BREAKDOWN,5.955,SYNTHETIC
2024-03-13,A,SYN_MINE_01,SYN_TRUCK_009,dumper,PREVENTIVE_MAINTENANCE,4.944,SYNTHETIC
2024-03-13,C,SYN_MINE_01,SYN_TRUCK_009,dumper,BREAKDOWN,1.024,SYNTHETIC
2024-03-13,B,SYN_MINE_01,SYN_TRUCK_013,dumper,BREAKDOWN,1.827,SYNTHETIC
2024-03-14,B,SYN_MINE_01,SYN_TRUCK_003,dumper,BREAKDOWN,0.2,SYNTHETIC
2024-03-14,A,SYN_MINE_01,SYN_TRUCK_007,dumper,BREAKDOWN,2.539,SYNTHETIC
2024-03-14,A,SYN_MINE_01,SYN_TRUCK_012,dumper,PREVENTIVE_MAINTENANCE,6.298,SYNTHETIC
2024-03-14,B,SYN_MINE_01,SYN_TRUCK_013,dumper,BREAKDOWN,6.135,SYNTHETIC
2024-03-15,B,SYN_MINE_01,SYN_DRILL_001,drill,BREAKDOWN,5.258,SYNTHETIC
2024-03-15,B,SYN_MINE_01,SYN_TRUCK_001,dumper,BREAKDOWN,3.621,SYNTHETIC
2024-03-16,A,SYN_MINE_01,SYN_TRUCK_007,dumper,BREAKDOWN,3.782,SYNTHETIC
2024-03-17,A,SYN_MINE_01,SYN_DRILL_002,drill,BREAKDOWN,4.192,SYNTHETIC
2024-03-17,A,SYN_MINE_01,SYN_EXC_002,excavator,PREVENTIVE_MAINTENANCE,7.0,SYNTHETIC
2024-03-17,A,SYN_MINE_01,SYN_TRUCK_002,dumper,PREVENTIVE_MAINTENANCE,7.0,SYNTHETIC
2024-03-17,B,SYN_MINE_01,SYN_TRUCK_002,dumper,BREAKDOWN,5.222,SYNTHETIC
2024-03-17,A,SYN_MINE_01,SYN_TRUCK_008,dumper,PREVENTIVE_MAINTENANCE,4.56,SYNTHETIC
2024-03-18,A,SYN_MINE_01,SYN_DRILL_001,drill,BREAKDOWN,2.229,SYNTHETIC
2024-03-18,A,SYN_MINE_01,SYN_EXC_001,excavator,BREAKDOWN,4.987,SYNTHETIC
2024-03-18,A,SYN_MINE_01,SYN_TRUCK_001,dumper,BREAKDOWN,2.844,SYNTHETIC
2024-03-18,B,SYN_MINE_01,SYN_TRUCK_001,dumper,BREAKDOWN,2.997,SYNTHETIC
2024-03-18,A,SYN_MINE_01,SYN_TRUCK_012,dumper,BREAKDOWN,2.847,SYNTHETIC
2024-03-18,C,SYN_MINE_01,SYN_TRUCK_013,dumper,BREAKDOWN,0.51,SYNTHETIC
2024-03-19,B,SYN_MINE_01,SYN_EXC_002,excavator,BREAKDOWN,1.401,SYNTHETIC
2024-03-19,A,SYN_MINE_01,SYN_TRUCK_003,dumper,PREVENTIVE_MAINTENANCE,7.0,SYNTHETIC
2024-03-19,B,SYN_MINE_01,SYN_TRUCK_003,dumper,BREAKDOWN,1.511,SYNTHETIC
2024-03-19,C,SYN_MINE_01,SYN_TRUCK_005,dumper,BREAKDOWN,1.97,SYNTHETIC
2024-03-20,C,SYN_MINE_01,SYN_TRUCK_009,dumper,BREAKDOWN,0.959,SYNTHETIC
2024-03-20,C,SYN_MINE_01,SYN_TRUCK_011,dumper,BREAKDOWN,1.075,SYNTHETIC
2024-03-20,A,SYN_MINE_01,SYN_TRUCK_013,dumper,PREVENTIVE_MAINTENANCE,6.147,SYNTHETIC
2024-03-21,A,SYN_MINE_01,SYN_TRUCK_001,dumper,PREVENTIVE_MAINTENANCE,5.775,SYNTHETIC
2024-03-21,A,SYN_MINE_01,SYN_TRUCK_005,dumper,PREVENTIVE_MAINTENANCE,4.122,SYNTHETIC
2024-03-21,A,SYN_MINE_01,SYN_TRUCK_007,dumper,PREVENTIVE_MAINTENANCE,5.155,SYNTHETIC
2024-03-21,C,SYN_MINE_01,SYN_TRUCK_010,dumper,BREAKDOWN,1.983,SYNTHETIC
2024-03-21,A,SYN_MINE_01,SYN_TRUCK_013,dumper,BREAKDOWN,1.384,SYNTHETIC
2024-03-22,B,SYN_MINE_01,SYN_EXC_001,excavator,BREAKDOWN,0.151,SYNTHETIC
2024-03-22,B,SYN_MINE_01,SYN_TRUCK_008,dumper,BREAKDOWN,4.598,SYNTHETIC
2024-03-22,A,SYN_MINE_01,SYN_TRUCK_011,dumper,PREVENTIVE_MAINTENANCE,7.0,SYNTHETIC
2024-03-22,B,SYN_MINE_01,SYN_TRUCK_013,dumper,BREAKDOWN,4.582,SYNTHETIC
2024-03-23,A,SYN_MINE_01,SYN_DRILL_001,drill,BREAKDOWN,2.999,SYNTHETIC
2024-03-23,A,SYN_MINE_01,SYN_DRILL_002,drill,PREVENTIVE_MAINTENANCE,4.979,SYNTHETIC
2024-03-23,A,SYN_MINE_01,SYN_TRUCK_010,dumper,PREVENTIVE_MAINTENANCE,5.946,SYNTHETIC
2024-03-24,A,SYN_MINE_01,SYN_DRILL_001,drill,PREVENTIVE_MAINTENANCE,5.156,SYNTHETIC
2024-03-24,A,SYN_MINE_01,SYN_EXC_001,excavator,BREAKDOWN,4.441,SYNTHETIC
2024-03-24,A,SYN_MINE_01,SYN_TRUCK_005,dumper,BREAKDOWN,5.136,SYNTHETIC
2024-03-24,A,SYN_MINE_01,SYN_TRUCK_013,dumper,BREAKDOWN,0.726,SYNTHETIC
2024-03-25,C,SYN_MINE_01,SYN_TRUCK_001,dumper,BREAKDOWN,1.893,SYNTHETIC
2024-03-25,C,SYN_MINE_01,SYN_TRUCK_004,dumper,BREAKDOWN,0.956,SYNTHETIC
2024-03-25,A,SYN_MINE_01,SYN_TRUCK_006,dumper,PREVENTIVE_MAINTENANCE,4.785,SYNTHETIC
2024-03-25,C,SYN_MINE_01,SYN_TRUCK_010,dumper,BREAKDOWN,1.557,SYNTHETIC
2024-03-26,A,SYN_MINE_01,SYN_TRUCK_003,dumper,BREAKDOWN,2.722,SYNTHETIC
2024-03-26,A,SYN_MINE_01,SYN_TRUCK_011,dumper,BREAKDOWN,1.001,SYNTHETIC
2024-03-27,A,SYN_MINE_01,SYN_EXC_001,excavator,PREVENTIVE_MAINTENANCE,7.0,SYNTHETIC
2024-03-27,A,SYN_MINE_01,SYN_TRUCK_001,dumper,BREAKDOWN,1.194,SYNTHETIC
2024-03-27,A,SYN_MINE_01,SYN_TRUCK_004,dumper,PREVENTIVE_MAINTENANCE,6.909,SYNTHETIC
2024-03-28,B,SYN_MINE_01,SYN_DRILL_002,drill,BREAKDOWN,0.08,SYNTHETIC
2024-03-28,C,SYN_MINE_01,SYN_TRUCK_001,dumper,BREAKDOWN,4.255,SYNTHETIC
2024-03-28,A,SYN_MINE_01,SYN_TRUCK_002,dumper,BREAKDOWN,3.711,SYNTHETIC
2024-03-28,A,SYN_MINE_01,SYN_TRUCK_008,dumper,BREAKDOWN,2.263,SYNTHETIC
2024-03-28,C,SYN_MINE_01,SYN_TRUCK_010,dumper,BREAKDOWN,3.512,SYNTHETIC
2024-03-28,B,SYN_MINE_01,SYN_TRUCK_013,dumper,BREAKDOWN,4.477,SYNTHETIC
2024-03-29,A,SYN_MINE_01,SYN_DRILL_001,drill,BREAKDOWN,3.224,SYNTHETIC
2024-03-29,A,SYN_MINE_01,SYN_EXC_001,excavator,BREAKDOWN,4.974,SYNTHETIC
2024-03-29,C,SYN_MINE_01,SYN_TRUCK_003,dumper,BREAKDOWN,4.534,SYNTHETIC
2024-03-29,B,SYN_MINE_01,SYN_TRUCK_006,dumper,BREAKDOWN,2.271,SYNTHETIC
2024-03-29,A,SYN_MINE_01,SYN_TRUCK_007,dumper,BREAKDOWN,3.438,SYNTHETIC
2024-03-30,A,SYN_MINE_01,SYN_EXC_002,excavator,BREAKDOWN,3.679,SYNTHETIC
2024-03-30,A,SYN_MINE_01,SYN_TRUCK_001,dumper,BREAKDOWN,3.325,SYNTHETIC
2024-03-30,A,SYN_MINE_01,SYN_TRUCK_004,dumper,BREAKDOWN,5.12,SYNTHETIC
2024-03-30,C,SYN_MINE_01,SYN_TRUCK_006,dumper,BREAKDOWN,2.471,SYNTHETIC
2024-03-30,C,SYN_MINE_01,SYN_TRUCK_009,dumper,BREAKDOWN,2.499,SYNTHETIC
2024-03-31,B,SYN_MINE_01,SYN_TRUCK_001,dumper,BREAKDOWN,2.948,SYNTHETIC
2024-03-31,B,SYN_MINE_01,SYN_TRUCK_002,dumper,BREAKDOWN,4.204,SYNTHETIC
2024-03-31,C,SYN_MINE_01,SYN_TRUCK_003,dumper,BREAKDOWN,2.837,SYNTHETIC
2024-03-31,C,SYN_MINE_01,SYN_TRUCK_008,dumper,BREAKDOWN,2.172,SYNTHETIC
2024-04-01,B,SYN_MINE_01,SYN_DRILL_001,drill,BREAKDOWN,2.875,SYNTHETIC
2024-04-01,B,SYN_MINE_01,SYN_TRUCK_008,dumper,BREAKDOWN,1.052,SYNTHETIC
2024-04-01,B,SYN_MINE_01,SYN_TRUCK_013,dumper,BREAKDOWN,5.857,SYNTHETIC
2024-04-02,A,SYN_MINE_01,SYN_EXC_002,excavator,BREAKDOWN,5.938,SYNTHETIC
2024-04-02,A,SYN_MINE_01,SYN_TRUCK_002,dumper,BREAKDOWN,5.418,SYNTHETIC
2024-04-02,A,SYN_MINE_01,SYN_TRUCK_003,dumper,BREAKDOWN,1.394,SYNTHETIC
2024-04-02,A,SYN_MINE_01,SYN_TRUCK_009,dumper,PREVENTIVE_MAINTENANCE,4.431,SYNTHETIC
2024-04-02,A,SYN_MINE_01,SYN_TRUCK_012,dumper,PREVENTIVE_MAINTENANCE,5.2,SYNTHETIC
2024-04-02,A,SYN_MINE_01,SYN_TRUCK_013,dumper,BREAKDOWN,3.322,SYNTHETIC
2024-04-03,A,SYN_MINE_01,SYN_DRILL_002,drill,PREVENTIVE_MAINTENANCE,4.863,SYNTHETIC
2024-04-03,A,SYN_MINE_01,SYN_EXC_002,excavator,PREVENTIVE_MAINTENANCE,6.232,SYNTHETIC
2024-04-03,A,SYN_MINE_01,SYN_TRUCK_006,dumper,BREAKDOWN,0.939,SYNTHETIC
2024-04-04,A,SYN_MINE_01,SYN_DRILL_001,drill,PREVENTIVE_MAINTENANCE,4.2,SYNTHETIC
2024-04-04,B,SYN_MINE_01,SYN_TRUCK_001,dumper,BREAKDOWN,2.544,SYNTHETIC
2024-04-04,C,SYN_MINE_01,SYN_TRUCK_002,dumper,BREAKDOWN,3.209,SYNTHETIC
2024-04-04,C,SYN_MINE_01,SYN_TRUCK_005,dumper,BREAKDOWN,2.697,SYNTHETIC
2024-04-04,A,SYN_MINE_01,SYN_TRUCK_007,dumper,BREAKDOWN,6.65,SYNTHETIC
2024-04-04,B,SYN_MINE_01,SYN_TRUCK_008,dumper,BREAKDOWN,3.962,SYNTHETIC
2024-04-04,C,SYN_MINE_01,SYN_TRUCK_010,dumper,BREAKDOWN,4.098,SYNTHETIC
2024-04-05,C,SYN_MINE_01,SYN_TRUCK_001,dumper,BREAKDOWN,4.175,SYNTHETIC
2024-04-05,C,SYN_MINE_01,SYN_TRUCK_002,dumper,BREAKDOWN,3.925,SYNTHETIC
2024-04-05,C,SYN_MINE_01,SYN_TRUCK_009,dumper,BREAKDOWN,3.71,SYNTHETIC
2024-04-06,A,SYN_MINE_01,SYN_DRILL_002,drill,BREAKDOWN,5.097,SYNTHETIC
2024-04-06,B,SYN_MINE_01,SYN_TRUCK_005,dumper,BREAKDOWN,2.009,SYNTHETIC
2024-04-06,B,SYN_MINE_01,SYN_TRUCK_006,dumper,BREAKDOWN,3.212,SYNTHETIC
2024-04-06,A,SYN_MINE_01,SYN_TRUCK_008,dumper,PREVENTIVE_MAINTENANCE,6.716,SYNTHETIC
2024-04-07,A,SYN_MINE_01,SYN_DRILL_001,drill,BREAKDOWN,3.738,SYNTHETIC
2024-04-07,A,SYN_MINE_01,SYN_TRUCK_002,dumper,PREVENTIVE_MAINTENANCE,5.161,SYNTHETIC
2024-04-07,C,SYN_MINE_01,SYN_TRUCK_003,dumper,BREAKDOWN,5.706,SYNTHETIC
2024-04-07,C,SYN_MINE_01,SYN_TRUCK_006,dumper,BREAKDOWN,3.224,SYNTHETIC
2024-04-07,A,SYN_MINE_01,SYN_TRUCK_007,dumper,BREAKDOWN,4.351,SYNTHETIC
2024-04-08,A,SYN_MINE_01,SYN_EXC_001,excavator,BREAKDOWN,1.178,SYNTHETIC
2024-04-08,A,SYN_MINE_01,SYN_EXC_002,excavator,BREAKDOWN,4.029,SYNTHETIC
2024-04-08,B,SYN_MINE_01,SYN_TRUCK_007,dumper,BREAKDOWN,2.44,SYNTHETIC
2024-04-08,B,SYN_MINE_01,SYN_TRUCK_008,dumper,BREAKDOWN,1.673,SYNTHETIC
2024-04-09,A,SYN_MINE_01,SYN_DRILL_002,drill,BREAKDOWN,4.5,SYNTHETIC
2024-04-09,A,SYN_MINE_01,SYN_TRUCK_003,dumper,PREVENTIVE_MAINTENANCE,4.946,SYNTHETIC
2024-04-09,B,SYN_MINE_01,SYN_TRUCK_011,dumper,BREAKDOWN,6.625,SYNTHETIC
2024-04-10,C,SYN_MINE_01,SYN_EXC_001,excavator,BREAKDOWN,4.704,SYNTHETIC
2024-04-10,B,SYN_MINE_01,SYN_TRUCK_004,dumper,BREAKDOWN,3.547,SYNTHETIC
2024-04-10,A,SYN_MINE_01,SYN_TRUCK_005,dumper,PREVENTIVE_MAINTENANCE,6.321,SYNTHETIC
2024-04-10,A,SYN_MINE_01,SYN_TRUCK_007,dumper,PREVENTIVE_MAINTENANCE,4.671,SYNTHETIC
2024-04-10,A,SYN_MINE_01,SYN_TRUCK_010,dumper,BREAKDOWN,2.501,SYNTHETIC
2024-04-10,C,SYN_MINE_01,SYN_TRUCK_013,dumper,BREAKDOWN,2.364,SYNTHETIC
2024-04-11,B,SYN_MINE_01,SYN_DRILL_002,drill,BREAKDOWN,1.651,SYNTHETIC
2024-04-11,A,SYN_MINE_01,SYN_TRUCK_001,dumper,PREVENTIVE_MAINTENANCE,4.502,SYNTHETIC
2024-04-11,A,SYN_MINE_01,SYN_TRUCK_003,dumper,BREAKDOWN,3.94,SYNTHETIC
2024-04-11,B,SYN_MINE_01,SYN_TRUCK_004,dumper,BREAKDOWN,0.739,SYNTHETIC
2024-04-11,A,SYN_MINE_01,SYN_TRUCK_005,dumper,BREAKDOWN,3.614,SYNTHETIC
2024-04-11,A,SYN_MINE_01,SYN_TRUCK_010,dumper,BREAKDOWN,6.48,SYNTHETIC
2024-04-11,A,SYN_MINE_01,SYN_TRUCK_011,dumper,PREVENTIVE_MAINTENANCE,6.644,SYNTHETIC
2024-04-11,C,SYN_MINE_01,SYN_TRUCK_013,dumper,BREAKDOWN,3.101,SYNTHETIC
2024-04-12,B,SYN_MINE_01,SYN_DRILL_001,drill,BREAKDOWN,2.804,SYNTHETIC
2024-04-12,C,SYN_MINE_01,SYN_TRUCK_003,dumper,BREAKDOWN,1.022,SYNTHETIC
2024-04-12,A,SYN_MINE_01,SYN_TRUCK_007,dumper,BREAKDOWN,1.569,SYNTHETIC
2024-04-12,B,SYN_MINE_01,SYN_TRUCK_013,dumper,BREAKDOWN,2.727,SYNTHETIC
2024-04-12,C,SYN_MINE_01,SYN_TRUCK_013,dumper,BREAKDOWN,1.861,SYNTHETIC
2024-04-13,A,SYN_MINE_01,SYN_DRILL_002,drill,BREAKDOWN,3.11,SYNTHETIC
2024-04-13,B,SYN_MINE_01,SYN_TRUCK_001,dumper,BREAKDOWN,6.271,SYNTHETIC
2024-04-13,B,SYN_MINE_01,SYN_TRUCK_002,dumper,BREAKDOWN,4.439,SYNTHETIC
2024-04-13,B,SYN_MINE_01,SYN_TRUCK_004,dumper,BREAKDOWN,4.51,SYNTHETIC
2024-04-13,B,SYN_MINE_01,SYN_TRUCK_007,dumper,BREAKDOWN,6.549,SYNTHETIC
2024-04-13,B,SYN_MINE_01,SYN_TRUCK_009,dumper,BREAKDOWN,1.151,SYNTHETIC
2024-04-13,A,SYN_MINE_01,SYN_TRUCK_010,dumper,BREAKDOWN,2.043,SYNTHETIC
2024-04-14,B,SYN_MINE_01,SYN_DRILL_001,drill,BREAKDOWN,2.03,SYNTHETIC
2024-04-14,B,SYN_MINE_01,SYN_TRUCK_001,dumper,BREAKDOWN,3.114,SYNTHETIC
2024-04-14,A,SYN_MINE_01,SYN_TRUCK_006,dumper,PREVENTIVE_MAINTENANCE,7.0,SYNTHETIC
2024-04-14,A,SYN_MINE_01,SYN_TRUCK_010,dumper,PREVENTIVE_MAINTENANCE,7.0,SYNTHETIC
2024-04-14,A,SYN_MINE_01,SYN_TRUCK_012,dumper,BREAKDOWN,0.648,SYNTHETIC
2024-04-14,A,SYN_MINE_01,SYN_TRUCK_013,dumper,PREVENTIVE_MAINTENANCE,6.552,SYNTHETIC
2024-04-15,A,SYN_MINE_01,SYN_DRILL_002,drill,PREVENTIVE_MAINTENANCE,4.23,SYNTHETIC
2024-04-15,A,SYN_MINE_01,SYN_EXC_001,excavator,PREVENTIVE_MAINTENANCE,7.0,SYNTHETIC
2024-04-15,A,SYN_MINE_01,SYN_TRUCK_003,dumper,BREAKDOWN,2.415,SYNTHETIC
2024-04-15,C,SYN_MINE_01,SYN_TRUCK_004,dumper,BREAKDOWN,2.293,SYNTHETIC
2024-04-15,A,SYN_MINE_01,SYN_TRUCK_005,dumper,BREAKDOWN,2.333,SYNTHETIC
2024-04-15,B,SYN_MINE_01,SYN_TRUCK_008,dumper,BREAKDOWN,4.325,SYNTHETIC
2024-04-15,C,SYN_MINE_01,SYN_TRUCK_012,dumper,BREAKDOWN,3.875,SYNTHETIC
2024-04-15,A,SYN_MINE_01,SYN_TRUCK_013,dumper,BREAKDOWN,0.722,SYNTHETIC
2024-04-16,A,SYN_MINE_01,SYN_DRILL_001,drill,PREVENTIVE_MAINTENANCE,5.975,SYNTHETIC
2024-04-16,C,SYN_MINE_01,SYN_DRILL_001,drill,BREAKDOWN,5.61,SYNTHETIC
2024-04-16,C,SYN_MINE_01,SYN_TRUCK_002,dumper,BREAKDOWN,4.808,SYNTHETIC
2024-04-16,B,SYN_MINE_01,SYN_TRUCK_005,dumper,BREAKDOWN,1.338,SYNTHETIC
2024-04-16,B,SYN_MINE_01,SYN_TRUCK_010,dumper,BREAKDOWN,5.25,SYNTHETIC
2024-04-17,ALL,SYN_MINE_01,SITE,site,EXPLOSIVE_SUPPLY_EPISODE_START,0.0,SYNTHETIC
2024-04-17,A,SYN_MINE_01,SYN_TRUCK_002,dumper,BREAKDOWN,0.205,SYNTHETIC
2024-04-17,A,SYN_MINE_01,SYN_TRUCK_004,dumper,PREVENTIVE_MAINTENANCE,5.259,SYNTHETIC
2024-04-17,B,SYN_MINE_01,SYN_TRUCK_012,dumper,BREAKDOWN,0.755,SYNTHETIC
2024-04-18,A,SYN_MINE_01,SYN_DRILL_002,drill,BREAKDOWN,5.476,SYNTHETIC
2024-04-18,B,SYN_MINE_01,SYN_DRILL_002,drill,BREAKDOWN,5.357,SYNTHETIC
2024-04-18,B,SYN_MINE_01,SYN_TRUCK_004,dumper,BREAKDOWN,4.642,SYNTHETIC
2024-04-18,B,SYN_MINE_01,SYN_TRUCK_005,dumper,BREAKDOWN,0.476,SYNTHETIC
2024-04-18,B,SYN_MINE_01,SYN_TRUCK_009,dumper,BREAKDOWN,1.366,SYNTHETIC
2024-04-19,C,SYN_MINE_01,SYN_DRILL_001,drill,BREAKDOWN,2.873,SYNTHETIC
2024-04-19,A,SYN_MINE_01,SYN_EXC_002,excavator,PREVENTIVE_MAINTENANCE,7.0,SYNTHETIC
2024-04-20,ALL,SYN_MINE_01,SITE,site,POWER_OUTAGE,3.12,SYNTHETIC
2024-04-20,B,SYN_MINE_01,SYN_EXC_001,excavator,BREAKDOWN,2.379,SYNTHETIC
2024-04-20,A,SYN_MINE_01,SYN_EXC_002,excavator,BREAKDOWN,0.973,SYNTHETIC
2024-04-20,B,SYN_MINE_01,SYN_TRUCK_001,dumper,BREAKDOWN,1.29,SYNTHETIC
2024-04-21,C,SYN_MINE_01,SYN_TRUCK_005,dumper,BREAKDOWN,1.673,SYNTHETIC
2024-04-22,C,SYN_MINE_01,SYN_DRILL_001,drill,BREAKDOWN,4.567,SYNTHETIC
2024-04-22,C,SYN_MINE_01,SYN_DRILL_002,drill,BREAKDOWN,2.132,SYNTHETIC
2024-04-22,A,SYN_MINE_01,SYN_TRUCK_005,dumper,BREAKDOWN,1.505,SYNTHETIC
2024-04-22,A,SYN_MINE_01,SYN_TRUCK_009,dumper,PREVENTIVE_MAINTENANCE,5.553,SYNTHETIC
2024-04-22,A,SYN_MINE_01,SYN_TRUCK_012,dumper,PREVENTIVE_MAINTENANCE,4.008,SYNTHETIC
2024-04-23,C,SYN_MINE_01,SYN_EXC_002,excavator,BREAKDOWN,5.974,SYNTHETIC
2024-04-23,C,SYN_MINE_01,SYN_TRUCK_008,dumper,BREAKDOWN,1.54,SYNTHETIC
2024-04-23,A,SYN_MINE_01,SYN_TRUCK_011,dumper,BREAKDOWN,0.708,SYNTHETIC
2024-04-24,A,SYN_MINE_01,SYN_EXC_001,excavator,BREAKDOWN,5.273,SYNTHETIC
2024-04-24,C,SYN_MINE_01,SYN_TRUCK_013,dumper,BREAKDOWN,1.227,SYNTHETIC
2024-04-25,A,SYN_MINE_01,SYN_TRUCK_007,dumper,BREAKDOWN,5.339,SYNTHETIC
2024-04-25,C,SYN_MINE_01,SYN_TRUCK_012,dumper,BREAKDOWN,3.137,SYNTHETIC
2024-04-26,A,SYN_MINE_01,SYN_TRUCK_002,dumper,PREVENTIVE_MAINTENANCE,5.805,SYNTHETIC
2024-04-26,A,SYN_MINE_01,SYN_TRUCK_005,dumper,BREAKDOWN,4.204,SYNTHETIC
2024-04-26,A,SYN_MINE_01,SYN_TRUCK_007,dumper,BREAKDOWN,1.939,SYNTHETIC
2024-04-26,A,SYN_MINE_01,SYN_TRUCK_008,dumper,PREVENTIVE_MAINTENANCE,5.453,SYNTHETIC
2024-04-26,A,SYN_MINE_01,SYN_TRUCK_011,dumper,BREAKDOWN,3.237,SYNTHETIC
2024-04-27,A,SYN_MINE_01,SYN_DRILL_001,drill,BREAKDOWN,0.71,SYNTHETIC
2024-04-27,A,SYN_MINE_01,SYN_DRILL_002,drill,PREVENTIVE_MAINTENANCE,4.73,SYNTHETIC
2024-04-27,A,SYN_MINE_01,SYN_TRUCK_003,dumper,BREAKDOWN,4.355,SYNTHETIC
2024-04-28,C,SYN_MINE_01,SYN_EXC_002,excavator,BREAKDOWN,4.018,SYNTHETIC
2024-04-28,A,SYN_MINE_01,SYN_TRUCK_003,dumper,BREAKDOWN,2.039,SYNTHETIC
2024-04-29,ALL,SYN_MINE_01,SITE,site,POWER_OUTAGE,5.0,SYNTHETIC
2024-04-29,A,SYN_MINE_01,SYN_DRILL_001,drill,PREVENTIVE_MAINTENANCE,4.181,SYNTHETIC
2024-04-29,C,SYN_MINE_01,SYN_TRUCK_011,dumper,BREAKDOWN,2.602,SYNTHETIC
2024-04-29,B,SYN_MINE_01,SYN_TRUCK_013,dumper,BREAKDOWN,3.457,SYNTHETIC
2024-04-30,C,SYN_MINE_01,SYN_TRUCK_001,dumper,BREAKDOWN,1.208,SYNTHETIC
2024-04-30,B,SYN_MINE_01,SYN_TRUCK_009,dumper,BREAKDOWN,0.808,SYNTHETIC
2024-05-01,B,SYN_MINE_01,SYN_DRILL_002,drill,BREAKDOWN,4.422,SYNTHETIC
2024-05-01,A,SYN_MINE_01,SYN_TRUCK_003,dumper,PREVENTIVE_MAINTENANCE,6.749,SYNTHETIC
2024-05-01,A,SYN_MINE_01,SYN_TRUCK_005,dumper,PREVENTIVE_MAINTENANCE,6.279,SYNTHETIC
2024-05-01,A,SYN_MINE_01,SYN_TRUCK_007,dumper,PREVENTIVE_MAINTENANCE,4.486,SYNTHETIC
2024-05-01,A,SYN_MINE_01,SYN_TRUCK_011,dumper,BREAKDOWN,1.224,SYNTHETIC
2024-05-01,A,SYN_MINE_01,SYN_TRUCK_012,dumper,BREAKDOWN,6.437,SYNTHETIC
2024-05-02,A,SYN_MINE_01,SYN_EXC_001,excavator,PREVENTIVE_MAINTENANCE,7.0,SYNTHETIC
2024-05-02,A,SYN_MINE_01,SYN_TRUCK_001,dumper,PREVENTIVE_MAINTENANCE,6.474,SYNTHETIC
2024-05-02,B,SYN_MINE_01,SYN_TRUCK_008,dumper,BREAKDOWN,3.345,SYNTHETIC
2024-05-02,A,SYN_MINE_01,SYN_TRUCK_011,dumper,PREVENTIVE_MAINTENANCE,4.816,SYNTHETIC
2024-05-02,B,SYN_MINE_01,SYN_TRUCK_013,dumper,BREAKDOWN,3.006,SYNTHETIC
2024-05-03,A,SYN_MINE_01,SYN_DRILL_001,drill,BREAKDOWN,1.616,SYNTHETIC
2024-05-03,A,SYN_MINE_01,SYN_TRUCK_002,dumper,BREAKDOWN,1.342,SYNTHETIC
2024-05-03,A,SYN_MINE_01,SYN_TRUCK_005,dumper,BREAKDOWN,4.127,SYNTHETIC
2024-05-03,A,SYN_MINE_01,SYN_TRUCK_006,dumper,PREVENTIVE_MAINTENANCE,6.636,SYNTHETIC
2024-05-03,A,SYN_MINE_01,SYN_TRUCK_010,dumper,BREAKDOWN,2.542,SYNTHETIC
2024-05-03,C,SYN_MINE_01,SYN_TRUCK_010,dumper,BREAKDOWN,3.4,SYNTHETIC
2024-05-04,A,SYN_MINE_01,SYN_DRILL_001,drill,BREAKDOWN,0.645,SYNTHETIC
2024-05-04,A,SYN_MINE_01,SYN_TRUCK_002,dumper,BREAKDOWN,6.05,SYNTHETIC
2024-05-04,A,SYN_MINE_01,SYN_TRUCK_004,dumper,BREAKDOWN,4.046,SYNTHETIC
2024-05-04,B,SYN_MINE_01,SYN_TRUCK_006,dumper,BREAKDOWN,3.668,SYNTHETIC
2024-05-04,A,SYN_MINE_01,SYN_TRUCK_012,dumper,BREAKDOWN,1.788,SYNTHETIC
2024-05-05,A,SYN_MINE_01,SYN_TRUCK_010,dumper,PREVENTIVE_MAINTENANCE,7.0,SYNTHETIC
2024-05-05,A,SYN_MINE_01,SYN_TRUCK_013,dumper,PREVENTIVE_MAINTENANCE,5.361,SYNTHETIC
2024-05-06,B,SYN_MINE_01,SYN_DRILL_002,drill,BREAKDOWN,0.781,SYNTHETIC
2024-05-06,A,SYN_MINE_01,SYN_TRUCK_001,dumper,BREAKDOWN,4.269,SYNTHETIC
2024-05-06,C,SYN_MINE_01,SYN_TRUCK_005,dumper,BREAKDOWN,3.571,SYNTHETIC
2024-05-06,A,SYN_MINE_01,SYN_TRUCK_011,dumper,BREAKDOWN,6.637,SYNTHETIC
2024-05-07,B,SYN_MINE_01,SYN_EXC_001,excavator,BREAKDOWN,4.076,SYNTHETIC
2024-05-07,C,SYN_MINE_01,SYN_TRUCK_001,dumper,BREAKDOWN,5.613,SYNTHETIC
2024-05-07,A,SYN_MINE_01,SYN_TRUCK_004,dumper,PREVENTIVE_MAINTENANCE,7.0,SYNTHETIC
2024-05-08,A,SYN_MINE_01,SYN_DRILL_001,drill,BREAKDOWN,3.467,SYNTHETIC
2024-05-08,A,SYN_MINE_01,SYN_DRILL_002,drill,PREVENTIVE_MAINTENANCE,4.438,SYNTHETIC
2024-05-08,B,SYN_MINE_01,SYN_TRUCK_008,dumper,BREAKDOWN,0.828,SYNTHETIC
2024-05-09,C,SYN_MINE_01,SYN_EXC_002,excavator,BREAKDOWN,0.783,SYNTHETIC
2024-05-09,A,SYN_MINE_01,SYN_TRUCK_002,dumper,BREAKDOWN,1.894,SYNTHETIC
2024-05-09,B,SYN_MINE_01,SYN_TRUCK_008,dumper,BREAKDOWN,0.559,SYNTHETIC
2024-05-09,A,SYN_MINE_01,SYN_TRUCK_011,dumper,BREAKDOWN,0.79,SYNTHETIC
2024-05-10,A,SYN_MINE_01,SYN_TRUCK_008,dumper,BREAKDOWN,2.108,SYNTHETIC
2024-05-11,A,SYN_MINE_01,SYN_DRILL_001,drill,PREVENTIVE_MAINTENANCE,4.178,SYNTHETIC
2024-05-11,B,SYN_MINE_01,SYN_TRUCK_002,dumper,BREAKDOWN,5.755,SYNTHETIC
2024-05-11,C,SYN_MINE_01,SYN_TRUCK_007,dumper,BREAKDOWN,4.201,SYNTHETIC
2024-05-11,A,SYN_MINE_01,SYN_TRUCK_009,dumper,PREVENTIVE_MAINTENANCE,7.0,SYNTHETIC
2024-05-12,ALL,SYN_MINE_01,SITE,site,WEATHER_SITE_STOPPAGE,10.2,SYNTHETIC
2024-05-12,A,SYN_MINE_01,SYN_EXC_002,excavator,PREVENTIVE_MAINTENANCE,7.0,SYNTHETIC
2024-05-12,A,SYN_MINE_01,SYN_TRUCK_003,dumper,BREAKDOWN,2.708,SYNTHETIC
2024-05-12,A,SYN_MINE_01,SYN_TRUCK_007,dumper,BREAKDOWN,5.12,SYNTHETIC
2024-05-12,B,SYN_MINE_01,SYN_TRUCK_011,dumper,BREAKDOWN,2.632,SYNTHETIC
2024-05-12,A,SYN_MINE_01,SYN_TRUCK_012,dumper,PREVENTIVE_MAINTENANCE,5.761,SYNTHETIC
2024-05-12,A,SYN_MINE_01,SYN_TRUCK_013,dumper,BREAKDOWN,0.069,SYNTHETIC
2024-05-13,C,SYN_MINE_01,SYN_EXC_001,excavator,BREAKDOWN,5.671,SYNTHETIC
2024-05-14,B,SYN_MINE_01,SYN_DRILL_002,drill,BREAKDOWN,4.38,SYNTHETIC
2024-05-14,A,SYN_MINE_01,SYN_TRUCK_001,dumper,BREAKDOWN,3.943,SYNTHETIC
2024-05-14,B,SYN_MINE_01,SYN_TRUCK_002,dumper,BREAKDOWN,3.544,SYNTHETIC
2024-05-14,A,SYN_MINE_01,SYN_TRUCK_005,dumper,BREAKDOWN,2.81,SYNTHETIC
2024-05-14,C,SYN_MINE_01,SYN_TRUCK_007,dumper,BREAKDOWN,0.946,SYNTHETIC
2024-05-15,B,SYN_MINE_01,SYN_TRUCK_007,dumper,BREAKDOWN,1.657,SYNTHETIC
2024-05-15,B,SYN_MINE_01,SYN_TRUCK_013,dumper,BREAKDOWN,3.468,SYNTHETIC
2024-05-16,B,SYN_MINE_01,SYN_DRILL_001,drill,BREAKDOWN,2.051,SYNTHETIC
2024-05-16,A,SYN_MINE_01,SYN_DRILL_002,drill,BREAKDOWN,1.794,SYNTHETIC
2024-05-16,C,SYN_MINE_01,SYN_EXC_002,excavator,BREAKDOWN,2.459,SYNTHETIC
2024-05-16,B,SYN_MINE_01,SYN_TRUCK_004,dumper,BREAKDOWN,2.209,SYNTHETIC
2024-05-16,B,SYN_MINE_01,SYN_TRUCK_010,dumper,BREAKDOWN,1.607,SYNTHETIC
2024-05-16,C,SYN_MINE_01,SYN_TRUCK_013,dumper,BREAKDOWN,4.458,SYNTHETIC
2024-05-17,C,SYN_MINE_01,SYN_TRUCK_002,dumper,BREAKDOWN,0.016,SYNTHETIC
2024-05-17,A,SYN_MINE_01,SYN_TRUCK_008,dumper,PREVENTIVE_MAINTENANCE,7.0,SYNTHETIC
2024-05-17,B,SYN_MINE_01,SYN_TRUCK_009,dumper,BREAKDOWN,3.66,SYNTHETIC
2024-05-18,B,SYN_MINE_01,SYN_DRILL_002,drill,BREAKDOWN,3.205,SYNTHETIC
2024-05-18,B,SYN_MINE_01,SYN_TRUCK_007,dumper,BREAKDOWN,5.918,SYNTHETIC
2024-05-19,A,SYN_MINE_01,SYN_EXC_001,excavator,PREVENTIVE_MAINTENANCE,7.0,SYNTHETIC
2024-05-19,A,SYN_MINE_01,SYN_EXC_002,excavator,BREAKDOWN,5.129,SYNTHETIC
2024-05-19,A,SYN_MINE_01,SYN_TRUCK_002,dumper,PREVENTIVE_MAINTENANCE,5.267,SYNTHETIC
2024-05-19,C,SYN_MINE_01,SYN_TRUCK_007,dumper,BREAKDOWN,3.687,SYNTHETIC
2024-05-19,A,SYN_MINE_01,SYN_TRUCK_009,dumper,BREAKDOWN,2.214,SYNTHETIC
2024-05-19,B,SYN_MINE_01,SYN_TRUCK_013,dumper,BREAKDOWN,2.29,SYNTHETIC
2024-05-20,A,SYN_MINE_01,SYN_DRILL_002,drill,PREVENTIVE_MAINTENANCE,5.04,SYNTHETIC
2024-05-20,A,SYN_MINE_01,SYN_TRUCK_003,dumper,PREVENTIVE_MAINTENANCE,6.627,SYNTHETIC
2024-05-20,C,SYN_MINE_01,SYN_TRUCK_003,dumper,BREAKDOWN,5.986,SYNTHETIC
2024-05-20,C,SYN_MINE_01,SYN_TRUCK_006,dumper,BREAKDOWN,5.57,SYNTHETIC
2024-05-20,C,SYN_MINE_01,SYN_TRUCK_008,dumper,BREAKDOWN,4.033,SYNTHETIC
2024-05-20,B,SYN_MINE_01,SYN_TRUCK_012,dumper,BREAKDOWN,3.457,SYNTHETIC
2024-05-21,A,SYN_MINE_01,SYN_TRUCK_005,dumper,PREVENTIVE_MAINTENANCE,4.912,SYNTHETIC
2024-05-22,A,SYN_MINE_01,SYN_DRILL_001,drill,PREVENTIVE_MAINTENANCE,4.685,SYNTHETIC
2024-05-22,A,SYN_MINE_01,SYN_TRUCK_007,dumper,PREVENTIVE_MAINTENANCE,5.21,SYNTHETIC
2024-05-22,A,SYN_MINE_01,SYN_TRUCK_011,dumper,PREVENTIVE_MAINTENANCE,7.0,SYNTHETIC
2024-05-23,A,SYN_MINE_01,SYN_TRUCK_001,dumper,PREVENTIVE_MAINTENANCE,6.21,SYNTHETIC
2024-05-23,A,SYN_MINE_01,SYN_TRUCK_006,dumper,PREVENTIVE_MAINTENANCE,4.179,SYNTHETIC
2024-05-24,A,SYN_MINE_01,SYN_DRILL_001,drill,BREAKDOWN,1.911,SYNTHETIC
2024-05-24,B,SYN_MINE_01,SYN_TRUCK_003,dumper,BREAKDOWN,0.983,SYNTHETIC
2024-05-24,A,SYN_MINE_01,SYN_TRUCK_008,dumper,BREAKDOWN,6.493,SYNTHETIC
2024-05-24,B,SYN_MINE_01,SYN_TRUCK_010,dumper,BREAKDOWN,1.265,SYNTHETIC
2024-05-25,B,SYN_MINE_01,SYN_TRUCK_008,dumper,BREAKDOWN,2.724,SYNTHETIC
2024-05-25,A,SYN_MINE_01,SYN_TRUCK_010,dumper,PREVENTIVE_MAINTENANCE,6.593,SYNTHETIC
2024-05-26,A,SYN_MINE_01,SYN_DRILL_001,drill,BREAKDOWN,1.132,SYNTHETIC
2024-05-26,C,SYN_MINE_01,SYN_TRUCK_004,dumper,BREAKDOWN,2.065,SYNTHETIC
2024-05-26,C,SYN_MINE_01,SYN_TRUCK_010,dumper,BREAKDOWN,2.532,SYNTHETIC
2024-05-26,B,SYN_MINE_01,SYN_TRUCK_012,dumper,BREAKDOWN,3.931,SYNTHETIC
2024-05-27,A,SYN_MINE_01,SYN_DRILL_002,drill,BREAKDOWN,1.532,SYNTHETIC
2024-05-27,C,SYN_MINE_01,SYN_TRUCK_005,dumper,BREAKDOWN,1.344,SYNTHETIC
2024-05-27,A,SYN_MINE_01,SYN_TRUCK_006,dumper,BREAKDOWN,0.558,SYNTHETIC
2024-05-27,C,SYN_MINE_01,SYN_TRUCK_006,dumper,BREAKDOWN,2.232,SYNTHETIC
2024-05-27,B,SYN_MINE_01,SYN_TRUCK_008,dumper,BREAKDOWN,1.557,SYNTHETIC
2024-05-27,B,SYN_MINE_01,SYN_TRUCK_009,dumper,BREAKDOWN,0.631,SYNTHETIC
2024-05-27,B,SYN_MINE_01,SYN_TRUCK_011,dumper,BREAKDOWN,0.134,SYNTHETIC
2024-05-27,A,SYN_MINE_01,SYN_TRUCK_013,dumper,PREVENTIVE_MAINTENANCE,5.553,SYNTHETIC
2024-05-28,A,SYN_MINE_01,SYN_EXC_001,excavator,BREAKDOWN,3.578,SYNTHETIC
2024-05-28,A,SYN_MINE_01,SYN_TRUCK_004,dumper,PREVENTIVE_MAINTENANCE,5.691,SYNTHETIC
2024-05-28,A,SYN_MINE_01,SYN_TRUCK_005,dumper,BREAKDOWN,3.104,SYNTHETIC
2024-05-28,B,SYN_MINE_01,SYN_TRUCK_011,dumper,BREAKDOWN,2.931,SYNTHETIC
2024-05-29,A,SYN_MINE_01,SYN_EXC_002,excavator,PREVENTIVE_MAINTENANCE,6.712,SYNTHETIC
2024-05-30,A,SYN_MINE_01,SYN_DRILL_002,drill,BREAKDOWN,3.553,SYNTHETIC
2024-05-30,A,SYN_MINE_01,SYN_TRUCK_001,dumper,BREAKDOWN,0.154,SYNTHETIC
2024-05-30,B,SYN_MINE_01,SYN_TRUCK_002,dumper,BREAKDOWN,1.323,SYNTHETIC
2024-05-30,A,SYN_MINE_01,SYN_TRUCK_004,dumper,BREAKDOWN,5.797,SYNTHETIC
2024-05-30,B,SYN_MINE_01,SYN_TRUCK_005,dumper,BREAKDOWN,1.124,SYNTHETIC
2024-05-30,B,SYN_MINE_01,SYN_TRUCK_006,dumper,BREAKDOWN,6.684,SYNTHETIC
2024-05-30,A,SYN_MINE_01,SYN_TRUCK_009,dumper,BREAKDOWN,5.567,SYNTHETIC
2024-05-30,A,SYN_MINE_01,SYN_TRUCK_013,dumper,BREAKDOWN,6.191,SYNTHETIC
2024-05-30,A,SYN_MINE_01,SYN_TRUCK_015,dumper,PREVENTIVE_MAINTENANCE,4.54,SYNTHETIC
2024-05-31,A,SYN_MINE_01,SYN_DRILL_002,drill,PREVENTIVE_MAINTENANCE,4.08,SYNTHETIC
2024-05-31,B,SYN_MINE_01,SYN_TRUCK_008,dumper,BREAKDOWN,1.027,SYNTHETIC
2024-05-31,A,SYN_MINE_01,SYN_TRUCK_009,dumper,PREVENTIVE_MAINTENANCE,5.254,SYNTHETIC
2024-05-31,C,SYN_MINE_01,SYN_TRUCK_015,dumper,BREAKDOWN,3.811,SYNTHETIC
2024-06-01,A,SYN_MINE_01,SYN_EXC_002,excavator,BREAKDOWN,4.894,SYNTHETIC
2024-06-01,A,SYN_MINE_01,SYN_TRUCK_008,dumper,BREAKDOWN,1.61,SYNTHETIC
2024-06-01,A,SYN_MINE_01,SYN_TRUCK_012,dumper,PREVENTIVE_MAINTENANCE,4.857,SYNTHETIC
2024-06-02,A,SYN_MINE_01,SYN_DRILL_001,drill,PREVENTIVE_MAINTENANCE,5.809,SYNTHETIC
2024-06-02,C,SYN_MINE_01,SYN_EXC_001,excavator,BREAKDOWN,4.394,SYNTHETIC
2024-06-03,C,SYN_MINE_01,SYN_DRILL_001,drill,BREAKDOWN,1.373,SYNTHETIC
2024-06-03,A,SYN_MINE_01,SYN_TRUCK_001,dumper,BREAKDOWN,4.42,SYNTHETIC
2024-06-03,C,SYN_MINE_01,SYN_TRUCK_002,dumper,BREAKDOWN,3.677,SYNTHETIC
2024-06-03,C,SYN_MINE_01,SYN_TRUCK_006,dumper,BREAKDOWN,4.731,SYNTHETIC
2024-06-03,B,SYN_MINE_01,SYN_TRUCK_010,dumper,BREAKDOWN,0.716,SYNTHETIC
2024-06-04,A,SYN_MINE_01,SYN_TRUCK_013,dumper,BREAKDOWN,4.348,SYNTHETIC
2024-06-05,A,SYN_MINE_01,SYN_EXC_001,excavator,PREVENTIVE_MAINTENANCE,7.0,SYNTHETIC
2024-06-05,A,SYN_MINE_01,SYN_TRUCK_006,dumper,BREAKDOWN,6.032,SYNTHETIC
2024-06-05,A,SYN_MINE_01,SYN_TRUCK_011,dumper,BREAKDOWN,6.809,SYNTHETIC
2024-06-05,A,SYN_MINE_01,SYN_TRUCK_014,dumper,BREAKDOWN,0.568,SYNTHETIC
2024-06-06,A,SYN_MINE_01,SYN_DRILL_002,drill,BREAKDOWN,2.525,SYNTHETIC
2024-06-06,C,SYN_MINE_01,SYN_EXC_002,excavator,BREAKDOWN,2.109,SYNTHETIC
2024-06-06,A,SYN_MINE_01,SYN_TRUCK_001,dumper,BREAKDOWN,0.987,SYNTHETIC
2024-06-06,A,SYN_MINE_01,SYN_TRUCK_006,dumper,BREAKDOWN,5.811,SYNTHETIC
2024-06-06,A,SYN_MINE_01,SYN_TRUCK_008,dumper,PREVENTIVE_MAINTENANCE,6.853,SYNTHETIC
2024-06-06,A,SYN_MINE_01,SYN_TRUCK_009,dumper,BREAKDOWN,6.177,SYNTHETIC
2024-06-06,B,SYN_MINE_01,SYN_TRUCK_010,dumper,BREAKDOWN,5.435,SYNTHETIC
2024-06-06,C,SYN_MINE_01,SYN_TRUCK_013,dumper,BREAKDOWN,1.424,SYNTHETIC
2024-06-07,C,SYN_MINE_01,SYN_EXC_002,excavator,BREAKDOWN,0.825,SYNTHETIC
2024-06-07,B,SYN_MINE_01,SYN_TRUCK_001,dumper,BREAKDOWN,1.984,SYNTHETIC
2024-06-07,A,SYN_MINE_01,SYN_TRUCK_002,dumper,PREVENTIVE_MAINTENANCE,4.892,SYNTHETIC
2024-06-07,A,SYN_MINE_01,SYN_TRUCK_010,dumper,BREAKDOWN,3.295,SYNTHETIC
2024-06-07,B,SYN_MINE_01,SYN_TRUCK_010,dumper,BREAKDOWN,5.701,SYNTHETIC
2024-06-07,A,SYN_MINE_01,SYN_TRUCK_011,dumper,BREAKDOWN,4.254,SYNTHETIC
2024-06-08,C,SYN_MINE_01,SYN_TRUCK_009,dumper,BREAKDOWN,2.551,SYNTHETIC
2024-06-08,B,SYN_MINE_01,SYN_TRUCK_012,dumper,BREAKDOWN,1.676,SYNTHETIC
2024-06-09,A,SYN_MINE_01,SYN_DRILL_001,drill,BREAKDOWN,3.888,SYNTHETIC
2024-06-09,A,SYN_MINE_01,SYN_TRUCK_003,dumper,PREVENTIVE_MAINTENANCE,4.1,SYNTHETIC
2024-06-09,C,SYN_MINE_01,SYN_TRUCK_006,dumper,BREAKDOWN,0.049,SYNTHETIC
2024-06-09,B,SYN_MINE_01,SYN_TRUCK_009,dumper,BREAKDOWN,5.134,SYNTHETIC
2024-06-10,C,SYN_MINE_01,SYN_DRILL_002,drill,BREAKDOWN,3.276,SYNTHETIC
2024-06-10,B,SYN_MINE_01,SYN_TRUCK_002,dumper,BREAKDOWN,1.996,SYNTHETIC
2024-06-10,A,SYN_MINE_01,SYN_TRUCK_005,dumper,PREVENTIVE_MAINTENANCE,6.185,SYNTHETIC
2024-06-10,A,SYN_MINE_01,SYN_TRUCK_007,dumper,BREAKDOWN,0.734,SYNTHETIC
2024-06-10,C,SYN_MINE_01,SYN_TRUCK_015,dumper,BREAKDOWN,1.196,SYNTHETIC
2024-06-11,C,SYN_MINE_01,SYN_DRILL_001,drill,BREAKDOWN,5.141,SYNTHETIC
2024-06-11,A,SYN_MINE_01,SYN_DRILL_002,drill,PREVENTIVE_MAINTENANCE,5.296,SYNTHETIC
2024-06-11,B,SYN_MINE_01,SYN_DRILL_002,drill,BREAKDOWN,6.801,SYNTHETIC
2024-06-11,B,SYN_MINE_01,SYN_EXC_002,excavator,BREAKDOWN,1.712,SYNTHETIC
2024-06-11,A,SYN_MINE_01,SYN_TRUCK_008,dumper,BREAKDOWN,0.507,SYNTHETIC
2024-06-11,A,SYN_MINE_01,SYN_TRUCK_011,dumper,PREVENTIVE_MAINTENANCE,4.115,SYNTHETIC
2024-06-11,A,SYN_MINE_01,SYN_TRUCK_013,dumper,BREAKDOWN,2.075,SYNTHETIC
2024-06-12,A,SYN_MINE_01,SYN_TRUCK_004,dumper,BREAKDOWN,4.981,SYNTHETIC
2024-06-12,C,SYN_MINE_01,SYN_TRUCK_004,dumper,BREAKDOWN,2.881,SYNTHETIC
2024-06-12,A,SYN_MINE_01,SYN_TRUCK_010,dumper,BREAKDOWN,5.78,SYNTHETIC
2024-06-12,C,SYN_MINE_01,SYN_TRUCK_013,dumper,BREAKDOWN,2.456,SYNTHETIC
2024-06-13,ALL,SYN_MINE_01,SITE,site,WEATHER_SITE_STOPPAGE,3.99,SYNTHETIC
2024-06-13,A,SYN_MINE_01,SYN_TRUCK_001,dumper,PREVENTIVE_MAINTENANCE,4.076,SYNTHETIC
2024-06-13,B,SYN_MINE_01,SYN_TRUCK_004,dumper,BREAKDOWN,1.107,SYNTHETIC
2024-06-13,C,SYN_MINE_01,SYN_TRUCK_005,dumper,BREAKDOWN,5.212,SYNTHETIC
2024-06-13,B,SYN_MINE_01,SYN_TRUCK_015,dumper,BREAKDOWN,0.186,SYNTHETIC
2024-06-14,A,SYN_MINE_01,SYN_DRILL_001,drill,PREVENTIVE_MAINTENANCE,5.988,SYNTHETIC
2024-06-14,A,SYN_MINE_01,SYN_TRUCK_006,dumper,PREVENTIVE_MAINTENANCE,6.699,SYNTHETIC
2024-06-14,C,SYN_MINE_01,SYN_TRUCK_012,dumper,BREAKDOWN,1.95,SYNTHETIC
2024-06-14,B,SYN_MINE_01,SYN_TRUCK_014,dumper,BREAKDOWN,3.602,SYNTHETIC
2024-06-15,B,SYN_MINE_01,SYN_TRUCK_009,dumper,BREAKDOWN,0.793,SYNTHETIC
2024-06-15,A,SYN_MINE_01,SYN_TRUCK_010,dumper,PREVENTIVE_MAINTENANCE,6.21,SYNTHETIC
2024-06-16,A,SYN_MINE_01,SYN_DRILL_001,drill,BREAKDOWN,2.602,SYNTHETIC
2024-06-16,A,SYN_MINE_01,SYN_EXC_002,excavator,BREAKDOWN,2.871,SYNTHETIC
2024-06-16,C,SYN_MINE_01,SYN_TRUCK_006,dumper,BREAKDOWN,0.35,SYNTHETIC
2024-06-16,B,SYN_MINE_01,SYN_TRUCK_011,dumper,BREAKDOWN,1.979,SYNTHETIC
2024-06-17,B,SYN_MINE_01,SYN_DRILL_002,drill,BREAKDOWN,3.429,SYNTHETIC
2024-06-17,C,SYN_MINE_01,SYN_EXC_002,excavator,BREAKDOWN,4.103,SYNTHETIC
2024-06-17,A,SYN_MINE_01,SYN_TRUCK_004,dumper,PREVENTIVE_MAINTENANCE,4.947,SYNTHETIC
2024-06-17,B,SYN_MINE_01,SYN_TRUCK_005,dumper,BREAKDOWN,1.959,SYNTHETIC
2024-06-17,B,SYN_MINE_01,SYN_TRUCK_007,dumper,BREAKDOWN,1.683,SYNTHETIC
2024-06-17,B,SYN_MINE_01,SYN_TRUCK_010,dumper,BREAKDOWN,5.439,SYNTHETIC
2024-06-17,A,SYN_MINE_01,SYN_TRUCK_013,dumper,PREVENTIVE_MAINTENANCE,5.858,SYNTHETIC
2024-06-17,A,SYN_MINE_01,SYN_TRUCK_014,dumper,PREVENTIVE_MAINTENANCE,6.967,SYNTHETIC
2024-06-18,B,SYN_MINE_01,SYN_TRUCK_004,dumper,BREAKDOWN,2.248,SYNTHETIC
2024-06-18,A,SYN_MINE_01,SYN_TRUCK_007,dumper,BREAKDOWN,1.052,SYNTHETIC
2024-06-18,B,SYN_MINE_01,SYN_TRUCK_009,dumper,BREAKDOWN,1.556,SYNTHETIC
2024-06-18,C,SYN_MINE_01,SYN_TRUCK_010,dumper,BREAKDOWN,5.795,SYNTHETIC
2024-06-18,B,SYN_MINE_01,SYN_TRUCK_011,dumper,BREAKDOWN,0.075,SYNTHETIC
2024-06-18,C,SYN_MINE_01,SYN_TRUCK_014,dumper,BREAKDOWN,4.303,SYNTHETIC
2024-06-19,A,SYN_MINE_01,SYN_EXC_002,excavator,PREVENTIVE_MAINTENANCE,7.0,SYNTHETIC
2024-06-19,B,SYN_MINE_01,SYN_TRUCK_001,dumper,BREAKDOWN,6.465,SYNTHETIC
2024-06-19,C,SYN_MINE_01,SYN_TRUCK_006,dumper,BREAKDOWN,0.972,SYNTHETIC
2024-06-19,B,SYN_MINE_01,SYN_TRUCK_008,dumper,BREAKDOWN,1.919,SYNTHETIC
2024-06-19,A,SYN_MINE_01,SYN_TRUCK_011,dumper,BREAKDOWN,1.547,SYNTHETIC
2024-06-19,A,SYN_MINE_01,SYN_TRUCK_015,dumper,PREVENTIVE_MAINTENANCE,5.16,SYNTHETIC
2024-06-20,A,SYN_MINE_01,SYN_DRILL_001,drill,BREAKDOWN,3.036,SYNTHETIC
2024-06-20,A,SYN_MINE_01,SYN_DRILL_002,drill,BREAKDOWN,4.143,SYNTHETIC
2024-06-20,A,SYN_MINE_01,SYN_TRUCK_009,dumper,PREVENTIVE_MAINTENANCE,4.782,SYNTHETIC
2024-06-20,B,SYN_MINE_01,SYN_TRUCK_011,dumper,BREAKDOWN,2.015,SYNTHETIC
2024-06-20,A,SYN_MINE_01,SYN_TRUCK_014,dumper,BREAKDOWN,2.867,SYNTHETIC
2024-06-21,A,SYN_MINE_01,SYN_EXC_001,excavator,PREVENTIVE_MAINTENANCE,7.0,SYNTHETIC
2024-06-21,A,SYN_MINE_01,SYN_TRUCK_012,dumper,PREVENTIVE_MAINTENANCE,5.039,SYNTHETIC
2024-06-22,C,SYN_MINE_01,SYN_TRUCK_003,dumper,BREAKDOWN,3.356,SYNTHETIC
2024-06-22,C,SYN_MINE_01,SYN_TRUCK_004,dumper,BREAKDOWN,3.725,SYNTHETIC
2024-06-22,B,SYN_MINE_01,SYN_TRUCK_006,dumper,BREAKDOWN,4.764,SYNTHETIC
2024-06-22,A,SYN_MINE_01,SYN_TRUCK_011,dumper,BREAKDOWN,1.045,SYNTHETIC
2024-06-23,A,SYN_MINE_01,SYN_DRILL_002,drill,PREVENTIVE_MAINTENANCE,5.881,SYNTHETIC
2024-06-23,B,SYN_MINE_01,SYN_DRILL_002,drill,BREAKDOWN,1.663,SYNTHETIC
2024-06-23,C,SYN_MINE_01,SYN_EXC_002,excavator,BREAKDOWN,0.769,SYNTHETIC
2024-06-23,B,SYN_MINE_01,SYN_TRUCK_001,dumper,BREAKDOWN,1.851,SYNTHETIC
2024-06-23,B,SYN_MINE_01,SYN_TRUCK_002,dumper,BREAKDOWN,2.828,SYNTHETIC
2024-06-23,B,SYN_MINE_01,SYN_TRUCK_005,dumper,BREAKDOWN,0.094,SYNTHETIC
2024-06-23,B,SYN_MINE_01,SYN_TRUCK_008,dumper,BREAKDOWN,4.23,SYNTHETIC
2024-06-23,C,SYN_MINE_01,SYN_TRUCK_010,dumper,BREAKDOWN,1.95,SYNTHETIC
2024-06-24,B,SYN_MINE_01,SYN_TRUCK_014,dumper,BREAKDOWN,3.551,SYNTHETIC
2024-06-25,B,SYN_MINE_01,SYN_DRILL_002,drill,BREAKDOWN,3.388,SYNTHETIC
2024-06-25,B,SYN_MINE_01,SYN_TRUCK_003,dumper,BREAKDOWN,5.946,SYNTHETIC
2024-06-25,A,SYN_MINE_01,SYN_TRUCK_004,dumper,BREAKDOWN,4.064,SYNTHETIC
2024-06-25,A,SYN_MINE_01,SYN_TRUCK_005,dumper,BREAKDOWN,4.893,SYNTHETIC
2024-06-25,B,SYN_MINE_01,SYN_TRUCK_009,dumper,BREAKDOWN,4.588,SYNTHETIC
2024-06-26,A,SYN_MINE_01,SYN_DRILL_001,drill,PREVENTIVE_MAINTENANCE,5.257,SYNTHETIC
2024-06-26,A,SYN_MINE_01,SYN_DRILL_002,drill,BREAKDOWN,3.818,SYNTHETIC
2024-06-26,B,SYN_MINE_01,SYN_EXC_002,excavator,BREAKDOWN,4.487,SYNTHETIC
2024-06-26,A,SYN_MINE_01,SYN_TRUCK_001,dumper,BREAKDOWN,4.346,SYNTHETIC
2024-06-26,A,SYN_MINE_01,SYN_TRUCK_006,dumper,BREAKDOWN,6.62,SYNTHETIC
2024-06-26,C,SYN_MINE_01,SYN_TRUCK_007,dumper,BREAKDOWN,2.575,SYNTHETIC
2024-06-26,A,SYN_MINE_01,SYN_TRUCK_008,dumper,PREVENTIVE_MAINTENANCE,7.0,SYNTHETIC
2024-06-26,C,SYN_MINE_01,SYN_TRUCK_013,dumper,BREAKDOWN,2.488,SYNTHETIC
2024-06-27,C,SYN_MINE_01,SYN_TRUCK_007,dumper,BREAKDOWN,3.3,SYNTHETIC
2024-06-27,B,SYN_MINE_01,SYN_TRUCK_008,dumper,BREAKDOWN,0.677,SYNTHETIC
2024-06-27,A,SYN_MINE_01,SYN_TRUCK_010,dumper,BREAKDOWN,4.28,SYNTHETIC
2024-06-27,A,SYN_MINE_01,SYN_TRUCK_012,dumper,BREAKDOWN,1.668,SYNTHETIC
2024-06-28,A,SYN_MINE_01,SYN_DRILL_002,drill,BREAKDOWN,1.83,SYNTHETIC
2024-06-28,B,SYN_MINE_01,SYN_DRILL_002,drill,BREAKDOWN,4.737,SYNTHETIC
2024-06-28,A,SYN_MINE_01,SYN_TRUCK_002,dumper,PREVENTIVE_MAINTENANCE,5.448,SYNTHETIC
2024-06-28,B,SYN_MINE_01,SYN_TRUCK_004,dumper,BREAKDOWN,0.365,SYNTHETIC
2024-06-28,B,SYN_MINE_01,SYN_TRUCK_006,dumper,BREAKDOWN,1.941,SYNTHETIC
2024-06-28,A,SYN_MINE_01,SYN_TRUCK_007,dumper,BREAKDOWN,1.96,SYNTHETIC
2024-06-28,B,SYN_MINE_01,SYN_TRUCK_008,dumper,BREAKDOWN,2.682,SYNTHETIC
2024-06-29,C,SYN_MINE_01,SYN_DRILL_002,drill,BREAKDOWN,1.742,SYNTHETIC
2024-06-29,C,SYN_MINE_01,SYN_TRUCK_002,dumper,BREAKDOWN,4.935,SYNTHETIC
2024-06-29,A,SYN_MINE_01,SYN_TRUCK_003,dumper,PREVENTIVE_MAINTENANCE,5.258,SYNTHETIC
2024-06-29,A,SYN_MINE_01,SYN_TRUCK_006,dumper,BREAKDOWN,5.879,SYNTHETIC
2024-06-29,A,SYN_MINE_01,SYN_TRUCK_009,dumper,BREAKDOWN,5.143,SYNTHETIC
2024-06-29,A,SYN_MINE_01,SYN_TRUCK_013,dumper,BREAKDOWN,3.995,SYNTHETIC
2024-06-29,B,SYN_MINE_01,SYN_TRUCK_013,dumper,BREAKDOWN,3.703,SYNTHETIC
2024-06-29,C,SYN_MINE_01,SYN_TRUCK_013,dumper,BREAKDOWN,5.017,SYNTHETIC
2024-06-29,A,SYN_MINE_01,SYN_TRUCK_015,dumper,BREAKDOWN,3.104,SYNTHETIC
2024-06-30,B,SYN_MINE_01,SYN_TRUCK_001,dumper,BREAKDOWN,2.763,SYNTHETIC
2024-06-30,C,SYN_MINE_01,SYN_TRUCK_001,dumper,BREAKDOWN,1.814,SYNTHETIC
2024-06-30,B,SYN_MINE_01,SYN_TRUCK_004,dumper,BREAKDOWN,2.22,SYNTHETIC
2024-06-30,A,SYN_MINE_01,SYN_TRUCK_015,dumper,BREAKDOWN,2.563,SYNTHETIC
2024-07-01,C,SYN_MINE_01,SYN_TRUCK_003,dumper,BREAKDOWN,0.99,SYNTHETIC
2024-07-01,A,SYN_MINE_01,SYN_TRUCK_005,dumper,PREVENTIVE_MAINTENANCE,5.458,SYNTHETIC
2024-07-01,A,SYN_MINE_01,SYN_TRUCK_007,dumper,PREVENTIVE_MAINTENANCE,6.374,SYNTHETIC
2024-07-01,B,SYN_MINE_01,SYN_TRUCK_012,dumper,BREAKDOWN,1.075,SYNTHETIC
2024-07-02,A,SYN_MINE_01,SYN_DRILL_002,drill,BREAKDOWN,3.428,SYNTHETIC
2024-07-02,A,SYN_MINE_01,SYN_TRUCK_002,dumper,BREAKDOWN,3.306,SYNTHETIC
2024-07-02,B,SYN_MINE_01,SYN_TRUCK_003,dumper,BREAKDOWN,3.426,SYNTHETIC
2024-07-02,C,SYN_MINE_01,SYN_TRUCK_009,dumper,BREAKDOWN,3.694,SYNTHETIC
2024-07-02,A,SYN_MINE_01,SYN_TRUCK_011,dumper,PREVENTIVE_MAINTENANCE,5.744,SYNTHETIC
2024-07-02,B,SYN_MINE_01,SYN_TRUCK_013,dumper,BREAKDOWN,1.128,SYNTHETIC
2024-07-03,A,SYN_MINE_01,SYN_TRUCK_006,dumper,BREAKDOWN,3.949,SYNTHETIC
2024-07-03,A,SYN_MINE_01,SYN_TRUCK_008,dumper,BREAKDOWN,2.299,SYNTHETIC
2024-07-03,C,SYN_MINE_01,SYN_TRUCK_009,dumper,BREAKDOWN,0.158,SYNTHETIC
2024-07-03,B,SYN_MINE_01,SYN_TRUCK_011,dumper,BREAKDOWN,3.857,SYNTHETIC
2024-07-03,A,SYN_MINE_01,SYN_TRUCK_012,dumper,BREAKDOWN,4.289,SYNTHETIC
2024-07-03,C,SYN_MINE_01,SYN_TRUCK_013,dumper,BREAKDOWN,5.133,SYNTHETIC
2024-07-03,B,SYN_MINE_01,SYN_TRUCK_015,dumper,BREAKDOWN,4.182,SYNTHETIC
2024-07-04,A,SYN_MINE_01,SYN_TRUCK_001,dumper,PREVENTIVE_MAINTENANCE,4.287,SYNTHETIC
2024-07-04,B,SYN_MINE_01,SYN_TRUCK_001,dumper,BREAKDOWN,5.716,SYNTHETIC
2024-07-04,B,SYN_MINE_01,SYN_TRUCK_005,dumper,BREAKDOWN,5.184,SYNTHETIC
2024-07-04,B,SYN_MINE_01,SYN_TRUCK_009,dumper,BREAKDOWN,1.766,SYNTHETIC
2024-07-04,B,SYN_MINE_01,SYN_TRUCK_011,dumper,BREAKDOWN,5.555,SYNTHETIC
2024-07-05,A,SYN_MINE_01,SYN_DRILL_002,drill,PREVENTIVE_MAINTENANCE,4.523,SYNTHETIC
2024-07-05,A,SYN_MINE_01,SYN_EXC_002,excavator,BREAKDOWN,3.024,SYNTHETIC
2024-07-05,A,SYN_MINE_01,SYN_TRUCK_006,dumper,PREVENTIVE_MAINTENANCE,7.0,SYNTHETIC
2024-07-05,A,SYN_MINE_01,SYN_TRUCK_009,dumper,BREAKDOWN,0.049,SYNTHETIC
2024-07-05,A,SYN_MINE_01,SYN_TRUCK_010,dumper,PREVENTIVE_MAINTENANCE,6.392,SYNTHETIC
2024-07-05,B,SYN_MINE_01,SYN_TRUCK_012,dumper,BREAKDOWN,3.562,SYNTHETIC
2024-07-06,B,SYN_MINE_01,SYN_TRUCK_004,dumper,BREAKDOWN,3.105,SYNTHETIC
2024-07-06,C,SYN_MINE_01,SYN_TRUCK_004,dumper,BREAKDOWN,2.276,SYNTHETIC
2024-07-06,B,SYN_MINE_01,SYN_TRUCK_008,dumper,BREAKDOWN,2.062,SYNTHETIC
2024-07-06,A,SYN_MINE_01,SYN_TRUCK_013,dumper,BREAKDOWN,0.771,SYNTHETIC
2024-07-06,C,SYN_MINE_01,SYN_TRUCK_015,dumper,BREAKDOWN,5.392,SYNTHETIC
2024-07-07,A,SYN_MINE_01,SYN_DRILL_001,drill,PREVENTIVE_MAINTENANCE,5.365,SYNTHETIC
2024-07-07,A,SYN_MINE_01,SYN_EXC_001,excavator,PREVENTIVE_MAINTENANCE,7.0,SYNTHETIC
2024-07-07,A,SYN_MINE_01,SYN_EXC_002,excavator,PREVENTIVE_MAINTENANCE,7.0,SYNTHETIC
2024-07-07,B,SYN_MINE_01,SYN_EXC_002,excavator,BREAKDOWN,4.857,SYNTHETIC
2024-07-07,B,SYN_MINE_01,SYN_TRUCK_002,dumper,BREAKDOWN,2.207,SYNTHETIC
2024-07-07,B,SYN_MINE_01,SYN_TRUCK_009,dumper,BREAKDOWN,4.542,SYNTHETIC
2024-07-07,C,SYN_MINE_01,SYN_TRUCK_011,dumper,BREAKDOWN,2.018,SYNTHETIC
2024-07-07,A,SYN_MINE_01,SYN_TRUCK_012,dumper,BREAKDOWN,2.505,SYNTHETIC
2024-07-07,C,SYN_MINE_01,SYN_TRUCK_013,dumper,BREAKDOWN,2.199,SYNTHETIC
2024-07-07,A,SYN_MINE_01,SYN_TRUCK_014,dumper,PREVENTIVE_MAINTENANCE,6.066,SYNTHETIC
2024-07-08,C,SYN_MINE_01,SYN_DRILL_001,drill,BREAKDOWN,2.366,SYNTHETIC
2024-07-08,B,SYN_MINE_01,SYN_TRUCK_002,dumper,BREAKDOWN,2.518,SYNTHETIC
2024-07-08,B,SYN_MINE_01,SYN_TRUCK_005,dumper,BREAKDOWN,1.761,SYNTHETIC
2024-07-08,A,SYN_MINE_01,SYN_TRUCK_009,dumper,BREAKDOWN,2.076,SYNTHETIC
2024-07-08,C,SYN_MINE_01,SYN_TRUCK_012,dumper,BREAKDOWN,3.837,SYNTHETIC
2024-07-09,B,SYN_MINE_01,SYN_EXC_002,excavator,BREAKDOWN,6.056,SYNTHETIC
2024-07-09,B,SYN_MINE_01,SYN_TRUCK_002,dumper,BREAKDOWN,4.705,SYNTHETIC
2024-07-09,A,SYN_MINE_01,SYN_TRUCK_004,dumper,PREVENTIVE_MAINTENANCE,5.413,SYNTHETIC
2024-07-09,B,SYN_MINE_01,SYN_TRUCK_004,dumper,BREAKDOWN,2.588,SYNTHETIC
2024-07-09,A,SYN_MINE_01,SYN_TRUCK_007,dumper,BREAKDOWN,4.758,SYNTHETIC
2024-07-09,B,SYN_MINE_01,SYN_TRUCK_008,dumper,BREAKDOWN,4.622,SYNTHETIC
2024-07-09,A,SYN_MINE_01,SYN_TRUCK_013,dumper,PREVENTIVE_MAINTENANCE,6.275,SYNTHETIC
2024-07-09,A,SYN_MINE_01,SYN_TRUCK_015,dumper,PREVENTIVE_MAINTENANCE,5.811,SYNTHETIC
2024-07-10,B,SYN_MINE_01,SYN_DRILL_001,drill,BREAKDOWN,4.66,SYNTHETIC
2024-07-10,A,SYN_MINE_01,SYN_DRILL_002,drill,BREAKDOWN,0.214,SYNTHETIC
2024-07-10,C,SYN_MINE_01,SYN_DRILL_002,drill,BREAKDOWN,3.61,SYNTHETIC
2024-07-10,A,SYN_MINE_01,SYN_EXC_001,excavator,BREAKDOWN,2.549,SYNTHETIC
2024-07-10,A,SYN_MINE_01,SYN_EXC_002,excavator,BREAKDOWN,5.633,SYNTHETIC
2024-07-10,B,SYN_MINE_01,SYN_TRUCK_005,dumper,BREAKDOWN,5.386,SYNTHETIC
2024-07-10,C,SYN_MINE_01,SYN_TRUCK_005,dumper,BREAKDOWN,3.329,SYNTHETIC
2024-07-10,A,SYN_MINE_01,SYN_TRUCK_006,dumper,BREAKDOWN,3.523,SYNTHETIC
2024-07-10,C,SYN_MINE_01,SYN_TRUCK_015,dumper,BREAKDOWN,3.164,SYNTHETIC
2024-07-11,C,SYN_MINE_01,SYN_TRUCK_002,dumper,BREAKDOWN,2.738,SYNTHETIC
2024-07-11,A,SYN_MINE_01,SYN_TRUCK_008,dumper,BREAKDOWN,1.514,SYNTHETIC
2024-07-11,A,SYN_MINE_01,SYN_TRUCK_009,dumper,PREVENTIVE_MAINTENANCE,7.0,SYNTHETIC
2024-07-11,C,SYN_MINE_01,SYN_TRUCK_009,dumper,BREAKDOWN,1.922,SYNTHETIC
2024-07-11,A,SYN_MINE_01,SYN_TRUCK_010,dumper,BREAKDOWN,4.824,SYNTHETIC
2024-07-11,C,SYN_MINE_01,SYN_TRUCK_013,dumper,BREAKDOWN,2.855,SYNTHETIC
2024-07-11,A,SYN_MINE_01,SYN_TRUCK_014,dumper,BREAKDOWN,4.573,SYNTHETIC
2024-07-12,A,SYN_MINE_01,SYN_DRILL_002,drill,BREAKDOWN,4.936,SYNTHETIC
2024-07-12,A,SYN_MINE_01,SYN_TRUCK_007,dumper,BREAKDOWN,4.396,SYNTHETIC
2024-07-12,A,SYN_MINE_01,SYN_TRUCK_008,dumper,BREAKDOWN,5.297,SYNTHETIC
2024-07-12,A,SYN_MINE_01,SYN_TRUCK_012,dumper,PREVENTIVE_MAINTENANCE,5.99,SYNTHETIC
2024-07-12,B,SYN_MINE_01,SYN_TRUCK_014,dumper,BREAKDOWN,0.548,SYNTHETIC
2024-07-12,C,SYN_MINE_01,SYN_TRUCK_015,dumper,BREAKDOWN,2.308,SYNTHETIC
2024-07-13,C,SYN_MINE_01,SYN_TRUCK_003,dumper,BREAKDOWN,2.453,SYNTHETIC
2024-07-13,A,SYN_MINE_01,SYN_TRUCK_004,dumper,BREAKDOWN,0.851,SYNTHETIC
2024-07-13,A,SYN_MINE_01,SYN_TRUCK_005,dumper,BREAKDOWN,5.996,SYNTHETIC
2024-07-13,A,SYN_MINE_01,SYN_TRUCK_006,dumper,BREAKDOWN,3.529,SYNTHETIC
2024-07-14,A,SYN_MINE_01,SYN_DRILL_001,drill,BREAKDOWN,1.324,SYNTHETIC
2024-07-14,B,SYN_MINE_01,SYN_TRUCK_001,dumper,BREAKDOWN,0.894,SYNTHETIC
2024-07-14,A,SYN_MINE_01,SYN_TRUCK_003,dumper,BREAKDOWN,6.069,SYNTHETIC
2024-07-14,A,SYN_MINE_01,SYN_TRUCK_004,dumper,BREAKDOWN,3.15,SYNTHETIC
2024-07-15,A,SYN_MINE_01,SYN_DRILL_001,drill,BREAKDOWN,1.236,SYNTHETIC
2024-07-15,B,SYN_MINE_01,SYN_TRUCK_001,dumper,BREAKDOWN,1.5,SYNTHETIC
2024-07-15,C,SYN_MINE_01,SYN_TRUCK_004,dumper,BREAKDOWN,2.9,SYNTHETIC
2024-07-15,A,SYN_MINE_01,SYN_TRUCK_008,dumper,BREAKDOWN,4.308,SYNTHETIC
2024-07-15,B,SYN_MINE_01,SYN_TRUCK_011,dumper,BREAKDOWN,2.408,SYNTHETIC
2024-07-16,A,SYN_MINE_01,SYN_DRILL_002,drill,PREVENTIVE_MAINTENANCE,5.594,SYNTHETIC
2024-07-16,B,SYN_MINE_01,SYN_TRUCK_001,dumper,BREAKDOWN,1.46,SYNTHETIC
2024-07-16,A,SYN_MINE_01,SYN_TRUCK_006,dumper,BREAKDOWN,0.571,SYNTHETIC
2024-07-16,A,SYN_MINE_01,SYN_TRUCK_007,dumper,BREAKDOWN,6.396,SYNTHETIC
2024-07-16,B,SYN_MINE_01,SYN_TRUCK_007,dumper,BREAKDOWN,4.401,SYNTHETIC
2024-07-16,C,SYN_MINE_01,SYN_TRUCK_012,dumper,BREAKDOWN,1.158,SYNTHETIC
2024-07-17,ALL,SYN_MINE_01,SITE,site,POWER_OUTAGE,3.88,SYNTHETIC
2024-07-17,A,SYN_MINE_01,SYN_DRILL_001,drill,BREAKDOWN,3.344,SYNTHETIC
2024-07-17,A,SYN_MINE_01,SYN_EXC_002,excavator,BREAKDOWN,5.263,SYNTHETIC
2024-07-17,A,SYN_MINE_01,SYN_TRUCK_004,dumper,BREAKDOWN,1.854,SYNTHETIC
2024-07-17,A,SYN_MINE_01,SYN_TRUCK_007,dumper,BREAKDOWN,0.334,SYNTHETIC
2024-07-17,B,SYN_MINE_01,SYN_TRUCK_008,dumper,BREAKDOWN,1.087,SYNTHETIC
2024-07-17,B,SYN_MINE_01,SYN_TRUCK_010,dumper,BREAKDOWN,1.444,SYNTHETIC
2024-07-17,A,SYN_MINE_01,SYN_TRUCK_014,dumper,BREAKDOWN,1.589,SYNTHETIC
2024-07-18,ALL,SYN_MINE_01,SITE,site,EXPLOSIVE_SUPPLY_EPISODE_START,0.0,SYNTHETIC
2024-07-18,B,SYN_MINE_01,SYN_DRILL_002,drill,BREAKDOWN,0.933,SYNTHETIC
2024-07-18,B,SYN_MINE_01,SYN_TRUCK_003,dumper,BREAKDOWN,2.789,SYNTHETIC
2024-07-18,B,SYN_MINE_01,SYN_TRUCK_004,dumper,BREAKDOWN,1.142,SYNTHETIC
2024-07-18,B,SYN_MINE_01,SYN_TRUCK_005,dumper,BREAKDOWN,1.209,SYNTHETIC
2024-07-18,C,SYN_MINE_01,SYN_TRUCK_005,dumper,BREAKDOWN,0.435,SYNTHETIC
2024-07-18,A,SYN_MINE_01,SYN_TRUCK_008,dumper,PREVENTIVE_MAINTENANCE,7.0,SYNTHETIC
2024-07-18,A,SYN_MINE_01,SYN_TRUCK_010,dumper,BREAKDOWN,0.85,SYNTHETIC
2024-07-18,C,SYN_MINE_01,SYN_TRUCK_010,dumper,BREAKDOWN,0.926,SYNTHETIC
2024-07-18,B,SYN_MINE_01,SYN_TRUCK_012,dumper,BREAKDOWN,4.522,SYNTHETIC
2024-07-18,C,SYN_MINE_01,SYN_TRUCK_012,dumper,BREAKDOWN,1.215,SYNTHETIC
2024-07-19,B,SYN_MINE_01,SYN_DRILL_002,drill,BREAKDOWN,2.098,SYNTHETIC
2024-07-19,A,SYN_MINE_01,SYN_TRUCK_002,dumper,PREVENTIVE_MAINTENANCE,4.141,SYNTHETIC
2024-07-19,B,SYN_MINE_01,SYN_TRUCK_004,dumper,BREAKDOWN,3.54,SYNTHETIC
2024-07-19,C,SYN_MINE_01,SYN_TRUCK_005,dumper,BREAKDOWN,4.356,SYNTHETIC
2024-07-20,ALL,SYN_MINE_01,SITE,site,POWER_OUTAGE,4.16,SYNTHETIC
2024-07-20,A,SYN_MINE_01,SYN_TRUCK_003,dumper,PREVENTIVE_MAINTENANCE,4.4,SYNTHETIC
2024-07-20,C,SYN_MINE_01,SYN_TRUCK_011,dumper,BREAKDOWN,1.425,SYNTHETIC
2024-07-20,B,SYN_MINE_01,SYN_TRUCK_012,dumper,BREAKDOWN,1.372,SYNTHETIC
2024-07-20,B,SYN_MINE_01,SYN_TRUCK_013,dumper,BREAKDOWN,3.856,SYNTHETIC
2024-07-21,A,SYN_MINE_01,SYN_DRILL_001,drill,PREVENTIVE_MAINTENANCE,5.995,SYNTHETIC
2024-07-21,C,SYN_MINE_01,SYN_DRILL_001,drill,BREAKDOWN,0.585,SYNTHETIC
2024-07-21,B,SYN_MINE_01,SYN_DRILL_002,drill,BREAKDOWN,1.939,SYNTHETIC
2024-07-21,A,SYN_MINE_01,SYN_TRUCK_001,dumper,BREAKDOWN,3.577,SYNTHETIC
2024-07-21,C,SYN_MINE_01,SYN_TRUCK_001,dumper,BREAKDOWN,0.117,SYNTHETIC
2024-07-21,C,SYN_MINE_01,SYN_TRUCK_003,dumper,BREAKDOWN,2.046,SYNTHETIC
2024-07-21,A,SYN_MINE_01,SYN_TRUCK_004,dumper,BREAKDOWN,3.519,SYNTHETIC
2024-07-21,A,SYN_MINE_01,SYN_TRUCK_012,dumper,BREAKDOWN,1.226,SYNTHETIC
2024-07-21,B,SYN_MINE_01,SYN_TRUCK_014,dumper,BREAKDOWN,6.675,SYNTHETIC
2024-07-21,B,SYN_MINE_01,SYN_TRUCK_015,dumper,BREAKDOWN,4.179,SYNTHETIC
2024-07-22,B,SYN_MINE_01,SYN_DRILL_001,drill,BREAKDOWN,6.569,SYNTHETIC
2024-07-22,C,SYN_MINE_01,SYN_EXC_002,excavator,BREAKDOWN,1.538,SYNTHETIC
2024-07-22,C,SYN_MINE_01,SYN_TRUCK_001,dumper,BREAKDOWN,1.693,SYNTHETIC
2024-07-22,B,SYN_MINE_01,SYN_TRUCK_005,dumper,BREAKDOWN,2.071,SYNTHETIC
2024-07-22,A,SYN_MINE_01,SYN_TRUCK_007,dumper,PREVENTIVE_MAINTENANCE,4.478,SYNTHETIC
2024-07-22,A,SYN_MINE_01,SYN_TRUCK_010,dumper,BREAKDOWN,0.301,SYNTHETIC
2024-07-23,ALL,SYN_MINE_01,SITE,site,WEATHER_SITE_STOPPAGE,10.62,SYNTHETIC
2024-07-23,B,SYN_MINE_01,SYN_DRILL_001,drill,BREAKDOWN,2.04,SYNTHETIC
2024-07-23,A,SYN_MINE_01,SYN_DRILL_002,drill,BREAKDOWN,3.433,SYNTHETIC
2024-07-23,A,SYN_MINE_01,SYN_TRUCK_001,dumper,BREAKDOWN,1.203,SYNTHETIC
2024-07-23,C,SYN_MINE_01,SYN_TRUCK_006,dumper,BREAKDOWN,0.359,SYNTHETIC
2024-07-23,B,SYN_MINE_01,SYN_TRUCK_009,dumper,BREAKDOWN,3.901,SYNTHETIC
2024-07-23,A,SYN_MINE_01,SYN_TRUCK_011,dumper,PREVENTIVE_MAINTENANCE,4.907,SYNTHETIC
2024-07-23,A,SYN_MINE_01,SYN_TRUCK_013,dumper,BREAKDOWN,2.677,SYNTHETIC
2024-07-23,C,SYN_MINE_01,SYN_TRUCK_015,dumper,BREAKDOWN,1.116,SYNTHETIC
2024-07-24,C,SYN_MINE_01,SYN_DRILL_001,drill,BREAKDOWN,2.745,SYNTHETIC
2024-07-24,A,SYN_MINE_01,SYN_EXC_001,excavator,PREVENTIVE_MAINTENANCE,7.0,SYNTHETIC
2024-07-24,B,SYN_MINE_01,SYN_TRUCK_003,dumper,BREAKDOWN,1.879,SYNTHETIC
2024-07-24,C,SYN_MINE_01,SYN_TRUCK_011,dumper,BREAKDOWN,2.154,SYNTHETIC
2024-07-24,C,SYN_MINE_01,SYN_TRUCK_013,dumper,BREAKDOWN,3.051,SYNTHETIC
2024-07-25,A,SYN_MINE_01,SYN_DRILL_001,drill,BREAKDOWN,6.016,SYNTHETIC
2024-07-25,A,SYN_MINE_01,SYN_TRUCK_005,dumper,PREVENTIVE_MAINTENANCE,5.498,SYNTHETIC
2024-07-25,C,SYN_MINE_01,SYN_TRUCK_009,dumper,BREAKDOWN,2.394,SYNTHETIC
2024-07-26,ALL,SYN_MINE_01,SITE,site,POWER_OUTAGE,2.21,SYNTHETIC
2024-07-26,A,SYN_MINE_01,SYN_TRUCK_001,dumper,PREVENTIVE_MAINTENANCE,6.47,SYNTHETIC
2024-07-26,A,SYN_MINE_01,SYN_TRUCK_002,dumper,BREAKDOWN,0.94,SYNTHETIC
2024-07-26,A,SYN_MINE_01,SYN_TRUCK_006,dumper,PREVENTIVE_MAINTENANCE,6.045,SYNTHETIC
2024-07-26,A,SYN_MINE_01,SYN_TRUCK_008,dumper,BREAKDOWN,2.663,SYNTHETIC
2024-07-26,B,SYN_MINE_01,SYN_TRUCK_012,dumper,BREAKDOWN,5.786,SYNTHETIC
2024-07-27,C,SYN_MINE_01,SYN_DRILL_001,drill,BREAKDOWN,4.307,SYNTHETIC
2024-07-27,A,SYN_MINE_01,SYN_DRILL_002,drill,BREAKDOWN,2.218,SYNTHETIC
2024-07-27,A,SYN_MINE_01,SYN_EXC_001,excavator,BREAKDOWN,5.997,SYNTHETIC
2024-07-27,A,SYN_MINE_01,SYN_EXC_002,excavator,PREVENTIVE_MAINTENANCE,7.0,SYNTHETIC
2024-07-27,C,SYN_MINE_01,SYN_TRUCK_001,dumper,BREAKDOWN,4.114,SYNTHETIC
2024-07-27,A,SYN_MINE_01,SYN_TRUCK_005,dumper,BREAKDOWN,3.395,SYNTHETIC
2024-07-27,B,SYN_MINE_01,SYN_TRUCK_005,dumper,BREAKDOWN,6.709,SYNTHETIC
2024-07-27,B,SYN_MINE_01,SYN_TRUCK_008,dumper,BREAKDOWN,1.454,SYNTHETIC
2024-07-27,A,SYN_MINE_01,SYN_TRUCK_009,dumper,BREAKDOWN,1.559,SYNTHETIC
2024-07-27,A,SYN_MINE_01,SYN_TRUCK_010,dumper,PREVENTIVE_MAINTENANCE,7.0,SYNTHETIC
2024-07-27,A,SYN_MINE_01,SYN_TRUCK_014,dumper,PREVENTIVE_MAINTENANCE,5.377,SYNTHETIC
2024-07-28,B,SYN_MINE_01,SYN_DRILL_002,drill,BREAKDOWN,6.118,SYNTHETIC
2024-07-28,C,SYN_MINE_01,SYN_EXC_002,excavator,BREAKDOWN,4.447,SYNTHETIC
2024-07-28,A,SYN_MINE_01,SYN_TRUCK_001,dumper,BREAKDOWN,1.097,SYNTHETIC
2024-07-29,B,SYN_MINE_01,SYN_TRUCK_010,dumper,BREAKDOWN,1.604,SYNTHETIC
2024-07-29,A,SYN_MINE_01,SYN_TRUCK_013,dumper,BREAKDOWN,4.004,SYNTHETIC
2024-07-30,B,SYN_MINE_01,SYN_DRILL_001,drill,BREAKDOWN,1.641,SYNTHETIC
2024-07-30,A,SYN_MINE_01,SYN_DRILL_002,drill,PREVENTIVE_MAINTENANCE,5.447,SYNTHETIC
2024-07-30,C,SYN_MINE_01,SYN_EXC_001,excavator,BREAKDOWN,5.368,SYNTHETIC
2024-07-30,C,SYN_MINE_01,SYN_TRUCK_004,dumper,BREAKDOWN,4.324,SYNTHETIC
2024-07-30,A,SYN_MINE_01,SYN_TRUCK_005,dumper,BREAKDOWN,1.871,SYNTHETIC
2024-07-30,C,SYN_MINE_01,SYN_TRUCK_008,dumper,BREAKDOWN,1.97,SYNTHETIC
2024-07-30,A,SYN_MINE_01,SYN_TRUCK_015,dumper,PREVENTIVE_MAINTENANCE,7.0,SYNTHETIC
2024-07-31,B,SYN_MINE_01,SYN_DRILL_001,drill,BREAKDOWN,1.667,SYNTHETIC
2024-07-31,B,SYN_MINE_01,SYN_DRILL_002,drill,BREAKDOWN,4.606,SYNTHETIC
2024-07-31,C,SYN_MINE_01,SYN_EXC_001,excavator,BREAKDOWN,5.026,SYNTHETIC
2024-07-31,B,SYN_MINE_01,SYN_EXC_002,excavator,BREAKDOWN,6.061,SYNTHETIC
2024-07-31,C,SYN_MINE_01,SYN_TRUCK_006,dumper,BREAKDOWN,4.945,SYNTHETIC
2024-07-31,C,SYN_MINE_01,SYN_TRUCK_012,dumper,BREAKDOWN,3.814,SYNTHETIC
2024-08-01,B,SYN_MINE_01,SYN_DRILL_001,drill,BREAKDOWN,2.027,SYNTHETIC
2024-08-01,A,SYN_MINE_01,SYN_EXC_001,excavator,BREAKDOWN,6.575,SYNTHETIC
2024-08-01,A,SYN_MINE_01,SYN_TRUCK_004,dumper,PREVENTIVE_MAINTENANCE,6.523,SYNTHETIC
2024-08-01,B,SYN_MINE_01,SYN_TRUCK_008,dumper,BREAKDOWN,4.007,SYNTHETIC
2024-08-01,A,SYN_MINE_01,SYN_TRUCK_009,dumper,PREVENTIVE_MAINTENANCE,4.084,SYNTHETIC
2024-08-01,A,SYN_MINE_01,SYN_TRUCK_013,dumper,PREVENTIVE_MAINTENANCE,7.0,SYNTHETIC
2024-08-02,ALL,SYN_MINE_01,SITE,site,WEATHER_SITE_STOPPAGE,10.22,SYNTHETIC
2024-08-02,A,SYN_MINE_01,SYN_TRUCK_003,dumper,BREAKDOWN,0.88,SYNTHETIC
2024-08-02,B,SYN_MINE_01,SYN_TRUCK_006,dumper,BREAKDOWN,6.307,SYNTHETIC
2024-08-03,A,SYN_MINE_01,SYN_EXC_001,excavator,BREAKDOWN,3.991,SYNTHETIC
2024-08-03,A,SYN_MINE_01,SYN_TRUCK_002,dumper,BREAKDOWN,3.58,SYNTHETIC
2024-08-03,C,SYN_MINE_01,SYN_TRUCK_003,dumper,BREAKDOWN,0.005,SYNTHETIC
2024-08-03,A,SYN_MINE_01,SYN_TRUCK_004,dumper,BREAKDOWN,3.577,SYNTHETIC
2024-08-03,A,SYN_MINE_01,SYN_TRUCK_012,dumper,PREVENTIVE_MAINTENANCE,5.777,SYNTHETIC
2024-08-04,ALL,SYN_MINE_01,SITE,site,EXPLOSIVE_SUPPLY_EPISODE_START,0.0,SYNTHETIC
2024-08-04,B,SYN_MINE_01,SYN_TRUCK_002,dumper,BREAKDOWN,1.352,SYNTHETIC
2024-08-04,B,SYN_MINE_01,SYN_TRUCK_003,dumper,BREAKDOWN,0.116,SYNTHETIC
2024-08-04,A,SYN_MINE_01,SYN_TRUCK_005,dumper,BREAKDOWN,1.892,SYNTHETIC
2024-08-04,B,SYN_MINE_01,SYN_TRUCK_014,dumper,BREAKDOWN,2.018,SYNTHETIC
2024-08-05,ALL,SYN_MINE_01,SITE,site,WEATHER_SITE_STOPPAGE,3.9,SYNTHETIC
2024-08-05,A,SYN_MINE_01,SYN_DRILL_001,drill,PREVENTIVE_MAINTENANCE,5.965,SYNTHETIC
2024-08-05,C,SYN_MINE_01,SYN_DRILL_001,drill,BREAKDOWN,1.054,SYNTHETIC
2024-08-05,C,SYN_MINE_01,SYN_TRUCK_001,dumper,BREAKDOWN,4.513,SYNTHETIC
2024-08-05,B,SYN_MINE_01,SYN_TRUCK_006,dumper,BREAKDOWN,2.209,SYNTHETIC
2024-08-05,A,SYN_MINE_01,SYN_TRUCK_009,dumper,BREAKDOWN,2.786,SYNTHETIC
2024-08-06,C,SYN_MINE_01,SYN_EXC_002,excavator,BREAKDOWN,4.447,SYNTHETIC
2024-08-06,A,SYN_MINE_01,SYN_TRUCK_007,dumper,BREAKDOWN,4.266,SYNTHETIC
2024-08-06,C,SYN_MINE_01,SYN_TRUCK_010,dumper,BREAKDOWN,5.742,SYNTHETIC
2024-08-06,A,SYN_MINE_01,SYN_TRUCK_013,dumper,BREAKDOWN,1.675,SYNTHETIC
2024-08-07,A,SYN_MINE_01,SYN_EXC_002,excavator,BREAKDOWN,4.639,SYNTHETIC
2024-08-07,B,SYN_MINE_01,SYN_TRUCK_003,dumper,BREAKDOWN,4.41,SYNTHETIC
2024-08-07,C,SYN_MINE_01,SYN_TRUCK_004,dumper,BREAKDOWN,4.559,SYNTHETIC
2024-08-07,C,SYN_MINE_01,SYN_TRUCK_008,dumper,BREAKDOWN,3.082,SYNTHETIC
2024-08-07,C,SYN_MINE_01,SYN_TRUCK_010,dumper,BREAKDOWN,2.563,SYNTHETIC
2024-08-07,A,SYN_MINE_01,SYN_TRUCK_012,dumper,BREAKDOWN,3.451,SYNTHETIC
2024-08-07,B,SYN_MINE_01,SYN_TRUCK_014,dumper,BREAKDOWN,1.764,SYNTHETIC
2024-08-07,B,SYN_MINE_01,SYN_TRUCK_015,dumper,BREAKDOWN,4.215,SYNTHETIC
2024-08-08,ALL,SYN_MINE_01,SITE,site,WEATHER_SITE_STOPPAGE,8.03,SYNTHETIC
2024-08-08,C,SYN_MINE_01,SYN_DRILL_001,drill,BREAKDOWN,3.682,SYNTHETIC
2024-08-08,B,SYN_MINE_01,SYN_TRUCK_005,dumper,BREAKDOWN,4.186,SYNTHETIC
2024-08-08,B,SYN_MINE_01,SYN_TRUCK_007,dumper,BREAKDOWN,0.796,SYNTHETIC
2024-08-08,C,SYN_MINE_01,SYN_TRUCK_008,dumper,BREAKDOWN,5.589,SYNTHETIC
2024-08-08,C,SYN_MINE_01,SYN_TRUCK_010,dumper,BREAKDOWN,1.371,SYNTHETIC
2024-08-08,C,SYN_MINE_01,SYN_TRUCK_011,dumper,BREAKDOWN,0.767,SYNTHETIC
2024-08-08,A,SYN_MINE_01,SYN_TRUCK_013,dumper,BREAKDOWN,4.545,SYNTHETIC
2024-08-09,B,SYN_MINE_01,SYN_EXC_001,excavator,BREAKDOWN,0.882,SYNTHETIC
2024-08-09,C,SYN_MINE_01,SYN_TRUCK_001,dumper,BREAKDOWN,1.395,SYNTHETIC
2024-08-09,A,SYN_MINE_01,SYN_TRUCK_002,dumper,PREVENTIVE_MAINTENANCE,4.536,SYNTHETIC
2024-08-09,C,SYN_MINE_01,SYN_TRUCK_008,dumper,BREAKDOWN,4.335,SYNTHETIC
2024-08-10,B,SYN_MINE_01,SYN_TRUCK_007,dumper,BREAKDOWN,6.963,SYNTHETIC
2024-08-10,B,SYN_MINE_01,SYN_TRUCK_009,dumper,BREAKDOWN,4.404,SYNTHETIC
2024-08-10,A,SYN_MINE_01,SYN_TRUCK_011,dumper,BREAKDOWN,6.182,SYNTHETIC
2024-08-11,C,SYN_MINE_01,SYN_DRILL_001,drill,BREAKDOWN,2.319,SYNTHETIC
2024-08-11,A,SYN_MINE_01,SYN_DRILL_002,drill,PREVENTIVE_MAINTENANCE,4.992,SYNTHETIC
2024-08-11,A,SYN_MINE_01,SYN_TRUCK_002,dumper,BREAKDOWN,5.905,SYNTHETIC
2024-08-11,C,SYN_MINE_01,SYN_TRUCK_003,dumper,BREAKDOWN,5.474,SYNTHETIC
2024-08-11,A,SYN_MINE_01,SYN_TRUCK_008,dumper,PREVENTIVE_MAINTENANCE,6.199,SYNTHETIC
2024-08-11,C,SYN_MINE_01,SYN_TRUCK_012,dumper,BREAKDOWN,2.139,SYNTHETIC
2024-08-11,A,SYN_MINE_01,SYN_TRUCK_013,dumper,BREAKDOWN,0.275,SYNTHETIC
2024-08-12,A,SYN_MINE_01,SYN_DRILL_002,drill,BREAKDOWN,1.111,SYNTHETIC
2024-08-12,B,SYN_MINE_01,SYN_TRUCK_006,dumper,BREAKDOWN,3.776,SYNTHETIC
2024-08-12,A,SYN_MINE_01,SYN_TRUCK_007,dumper,PREVENTIVE_MAINTENANCE,7.0,SYNTHETIC
2024-08-12,B,SYN_MINE_01,SYN_TRUCK_010,dumper,BREAKDOWN,0.755,SYNTHETIC
2024-08-12,B,SYN_MINE_01,SYN_TRUCK_011,dumper,BREAKDOWN,4.99,SYNTHETIC
2024-08-12,C,SYN_MINE_01,SYN_TRUCK_012,dumper,BREAKDOWN,1.713,SYNTHETIC
2024-08-12,B,SYN_MINE_01,SYN_TRUCK_013,dumper,BREAKDOWN,0.885,SYNTHETIC
2024-08-12,C,SYN_MINE_01,SYN_TRUCK_013,dumper,BREAKDOWN,2.539,SYNTHETIC
2024-08-13,B,SYN_MINE_01,SYN_DRILL_001,drill,BREAKDOWN,3.544,SYNTHETIC
2024-08-13,A,SYN_MINE_01,SYN_EXC_001,excavator,BREAKDOWN,0.137,SYNTHETIC
2024-08-13,A,SYN_MINE_01,SYN_TRUCK_003,dumper,PREVENTIVE_MAINTENANCE,5.713,SYNTHETIC
2024-08-13,A,SYN_MINE_01,SYN_TRUCK_004,dumper,BREAKDOWN,3.12,SYNTHETIC
2024-08-13,A,SYN_MINE_01,SYN_TRUCK_005,dumper,BREAKDOWN,2.137,SYNTHETIC
2024-08-13,B,SYN_MINE_01,SYN_TRUCK_011,dumper,BREAKDOWN,6.007,SYNTHETIC
2024-08-14,C,SYN_MINE_01,SYN_TRUCK_003,dumper,BREAKDOWN,1.387,SYNTHETIC
2024-08-14,B,SYN_MINE_01,SYN_TRUCK_009,dumper,BREAKDOWN,2.788,SYNTHETIC
2024-08-14,C,SYN_MINE_01,SYN_TRUCK_010,dumper,BREAKDOWN,0.594,SYNTHETIC
2024-08-14,A,SYN_MINE_01,SYN_TRUCK_011,dumper,PREVENTIVE_MAINTENANCE,4.529,SYNTHETIC
2024-08-15,B,SYN_MINE_01,SYN_DRILL_001,drill,BREAKDOWN,4.282,SYNTHETIC
2024-08-15,A,SYN_MINE_01,SYN_TRUCK_001,dumper,BREAKDOWN,0.175,SYNTHETIC
2024-08-15,B,SYN_MINE_01,SYN_TRUCK_004,dumper,BREAKDOWN,1.572,SYNTHETIC
2024-08-15,B,SYN_MINE_01,SYN_TRUCK_007,dumper,BREAKDOWN,4.865,SYNTHETIC
2024-08-15,A,SYN_MINE_01,SYN_TRUCK_009,dumper,BREAKDOWN,1.442,SYNTHETIC
2024-08-15,B,SYN_MINE_01,SYN_TRUCK_010,dumper,BREAKDOWN,5.741,SYNTHETIC
2024-08-15,C,SYN_MINE_01,SYN_TRUCK_012,dumper,BREAKDOWN,2.954,SYNTHETIC
2024-08-16,B,SYN_MINE_01,SYN_DRILL_002,drill,BREAKDOWN,0.197,SYNTHETIC
2024-08-16,A,SYN_MINE_01,SYN_TRUCK_005,dumper,PREVENTIVE_MAINTENANCE,7.0,SYNTHETIC
2024-08-16,A,SYN_MINE_01,SYN_TRUCK_006,dumper,BREAKDOWN,0.341,SYNTHETIC
2024-08-16,A,SYN_MINE_01,SYN_TRUCK_013,dumper,BREAKDOWN,0.142,SYNTHETIC
2024-08-17,B,SYN_MINE_01,SYN_DRILL_001,drill,BREAKDOWN,0.144,SYNTHETIC
2024-08-17,A,SYN_MINE_01,SYN_EXC_001,excavator,PREVENTIVE_MAINTENANCE,6.934,SYNTHETIC
2024-08-17,A,SYN_MINE_01,SYN_EXC_002,excavator,PREVENTIVE_MAINTENANCE,6.081,SYNTHETIC
2024-08-17,A,SYN_MINE_01,SYN_TRUCK_001,dumper,PREVENTIVE_MAINTENANCE,7.0,SYNTHETIC
2024-08-17,B,SYN_MINE_01,SYN_TRUCK_010,dumper,BREAKDOWN,2.138,SYNTHETIC
2024-08-17,C,SYN_MINE_01,SYN_TRUCK_010,dumper,BREAKDOWN,3.17,SYNTHETIC
2024-08-18,C,SYN_MINE_01,SYN_DRILL_001,drill,BREAKDOWN,2.375,SYNTHETIC
2024-08-18,C,SYN_MINE_01,SYN_DRILL_002,drill,BREAKDOWN,1.595,SYNTHETIC
2024-08-18,A,SYN_MINE_01,SYN_TRUCK_002,dumper,BREAKDOWN,6.976,SYNTHETIC
2024-08-18,A,SYN_MINE_01,SYN_TRUCK_009,dumper,BREAKDOWN,4.645,SYNTHETIC
2024-08-18,B,SYN_MINE_01,SYN_TRUCK_012,dumper,BREAKDOWN,3.933,SYNTHETIC
2024-08-18,B,SYN_MINE_01,SYN_TRUCK_013,dumper,BREAKDOWN,6.558,SYNTHETIC
2024-08-19,B,SYN_MINE_01,SYN_DRILL_001,drill,BREAKDOWN,2.197,SYNTHETIC
2024-08-19,C,SYN_MINE_01,SYN_TRUCK_007,dumper,BREAKDOWN,2.366,SYNTHETIC
2024-08-19,A,SYN_MINE_01,SYN_TRUCK_010,dumper,PREVENTIVE_MAINTENANCE,4.572,SYNTHETIC
2024-08-19,B,SYN_MINE_01,SYN_TRUCK_012,dumper,BREAKDOWN,1.691,SYNTHETIC
2024-08-20,C,SYN_MINE_01,SYN_EXC_001,excavator,BREAKDOWN,1.994,SYNTHETIC
2024-08-20,B,SYN_MINE_01,SYN_TRUCK_004,dumper,BREAKDOWN,2.451,SYNTHETIC
2024-08-20,B,SYN_MINE_01,SYN_TRUCK_009,dumper,BREAKDOWN,0.474,SYNTHETIC
2024-08-21,A,SYN_MINE_01,SYN_DRILL_001,drill,PREVENTIVE_MAINTENANCE,5.778,SYNTHETIC
2024-08-21,A,SYN_MINE_01,SYN_DRILL_002,drill,BREAKDOWN,0.266,SYNTHETIC
2024-08-21,C,SYN_MINE_01,SYN_TRUCK_002,dumper,BREAKDOWN,3.228,SYNTHETIC
2024-08-21,A,SYN_MINE_01,SYN_TRUCK_013,dumper,BREAKDOWN,0.889,SYNTHETIC
2024-08-22,B,SYN_MINE_01,SYN_TRUCK_002,dumper,BREAKDOWN,0.328,SYNTHETIC
2024-08-22,A,SYN_MINE_01,SYN_TRUCK_004,dumper,PREVENTIVE_MAINTENANCE,7.0,SYNTHETIC
2024-08-22,C,SYN_MINE_01,SYN_TRUCK_007,dumper,BREAKDOWN,1.297,SYNTHETIC
2024-08-22,C,SYN_MINE_01,SYN_TRUCK_013,dumper,BREAKDOWN,1.979,SYNTHETIC
2024-08-23,A,SYN_MINE_01,SYN_DRILL_002,drill,PREVENTIVE_MAINTENANCE,4.909,SYNTHETIC
2024-08-23,B,SYN_MINE_01,SYN_DRILL_002,drill,BREAKDOWN,3.546,SYNTHETIC
2024-08-23,C,SYN_MINE_01,SYN_TRUCK_003,dumper,BREAKDOWN,4.289,SYNTHETIC
2024-08-23,A,SYN_MINE_01,SYN_TRUCK_004,dumper,BREAKDOWN,2.845,SYNTHETIC
2024-08-23,B,SYN_MINE_01,SYN_TRUCK_005,dumper,BREAKDOWN,2.632,SYNTHETIC
2024-08-23,A,SYN_MINE_01,SYN_TRUCK_008,dumper,BREAKDOWN,3.755,SYNTHETIC
2024-08-23,B,SYN_MINE_01,SYN_TRUCK_008,dumper,BREAKDOWN,1.796,SYNTHETIC
2024-08-23,C,SYN_MINE_01,SYN_TRUCK_010,dumper,BREAKDOWN,0.278,SYNTHETIC
2024-08-24,C,SYN_MINE_01,SYN_DRILL_001,drill,BREAKDOWN,0.282,SYNTHETIC
2024-08-24,C,SYN_MINE_01,SYN_TRUCK_001,dumper,BREAKDOWN,1.98,SYNTHETIC
2024-08-24,A,SYN_MINE_01,SYN_TRUCK_009,dumper,PREVENTIVE_MAINTENANCE,6.557,SYNTHETIC
2024-08-24,C,SYN_MINE_01,SYN_TRUCK_009,dumper,BREAKDOWN,1.022,SYNTHETIC
2024-08-24,A,SYN_MINE_01,SYN_TRUCK_012,dumper,PREVENTIVE_MAINTENANCE,5.557,SYNTHETIC
2024-08-24,B,SYN_MINE_01,SYN_TRUCK_013,dumper,BREAKDOWN,1.569,SYNTHETIC
2024-08-25,A,SYN_MINE_01,SYN_TRUCK_007,dumper,BREAKDOWN,1.999,SYNTHETIC
2024-08-25,A,SYN_MINE_01,SYN_TRUCK_008,dumper,BREAKDOWN,5.211,SYNTHETIC
2024-08-25,B,SYN_MINE_01,SYN_TRUCK_012,dumper,BREAKDOWN,2.613,SYNTHETIC
2024-08-26,A,SYN_MINE_01,SYN_EXC_002,excavator,BREAKDOWN,6.804,SYNTHETIC
2024-08-26,B,SYN_MINE_01,SYN_TRUCK_002,dumper,BREAKDOWN,3.785,SYNTHETIC
2024-08-26,A,SYN_MINE_01,SYN_TRUCK_004,dumper,BREAKDOWN,3.302,SYNTHETIC
2024-08-26,B,SYN_MINE_01,SYN_TRUCK_008,dumper,BREAKDOWN,1.342,SYNTHETIC
2024-08-26,B,SYN_MINE_01,SYN_TRUCK_011,dumper,BREAKDOWN,2.081,SYNTHETIC
2024-08-26,A,SYN_MINE_01,SYN_TRUCK_013,dumper,PREVENTIVE_MAINTENANCE,4.743,SYNTHETIC
2024-08-27,B,SYN_MINE_01,SYN_DRILL_001,drill,BREAKDOWN,1.659,SYNTHETIC
2024-08-27,A,SYN_MINE_01,SYN_EXC_002,excavator,BREAKDOWN,4.878,SYNTHETIC
2024-08-27,A,SYN_MINE_01,SYN_TRUCK_003,dumper,BREAKDOWN,4.72,SYNTHETIC
2024-08-27,C,SYN_MINE_01,SYN_TRUCK_013,dumper,BREAKDOWN,3.742,SYNTHETIC
2024-08-28,B,SYN_MINE_01,SYN_EXC_002,excavator,BREAKDOWN,2.522,SYNTHETIC
2024-08-28,A,SYN_MINE_01,SYN_TRUCK_006,dumper,BREAKDOWN,3.933,SYNTHETIC
2024-08-28,A,SYN_MINE_01,SYN_TRUCK_008,dumper,BREAKDOWN,4.221,SYNTHETIC
2024-08-29,B,SYN_MINE_01,SYN_DRILL_002,drill,BREAKDOWN,4.907,SYNTHETIC
2024-08-29,A,SYN_MINE_01,SYN_TRUCK_003,dumper,BREAKDOWN,2.246,SYNTHETIC
2024-08-29,C,SYN_MINE_01,SYN_TRUCK_005,dumper,BREAKDOWN,4.907,SYNTHETIC
2024-08-29,B,SYN_MINE_01,SYN_TRUCK_006,dumper,BREAKDOWN,1.72,SYNTHETIC
2024-08-29,A,SYN_MINE_01,SYN_TRUCK_008,dumper,BREAKDOWN,1.713,SYNTHETIC
2024-08-29,B,SYN_MINE_01,SYN_TRUCK_009,dumper,BREAKDOWN,1.222,SYNTHETIC
2024-08-30,B,SYN_MINE_01,SYN_DRILL_001,drill,BREAKDOWN,4.057,SYNTHETIC
2024-08-30,C,SYN_MINE_01,SYN_DRILL_001,drill,BREAKDOWN,0.223,SYNTHETIC
2024-08-30,B,SYN_MINE_01,SYN_EXC_001,excavator,BREAKDOWN,5.451,SYNTHETIC
2024-08-30,A,SYN_MINE_01,SYN_TRUCK_002,dumper,PREVENTIVE_MAINTENANCE,5.382,SYNTHETIC
2024-08-31,C,SYN_MINE_01,SYN_EXC_002,excavator,BREAKDOWN,2.182,SYNTHETIC
2024-08-31,A,SYN_MINE_01,SYN_TRUCK_008,dumper,BREAKDOWN,3.985,SYNTHETIC
2024-08-31,A,SYN_MINE_01,SYN_TRUCK_011,dumper,BREAKDOWN,1.955,SYNTHETIC
2024-08-31,A,SYN_MINE_01,SYN_TRUCK_013,dumper,BREAKDOWN,3.105,SYNTHETIC
2024-09-01,C,SYN_MINE_01,SYN_DRILL_001,drill,BREAKDOWN,1.008,SYNTHETIC
2024-09-01,A,SYN_MINE_01,SYN_EXC_001,excavator,BREAKDOWN,3.609,SYNTHETIC
2024-09-01,A,SYN_MINE_01,SYN_TRUCK_007,dumper,PREVENTIVE_MAINTENANCE,4.162,SYNTHETIC
2024-09-01,A,SYN_MINE_01,SYN_TRUCK_008,dumper,PREVENTIVE_MAINTENANCE,5.715,SYNTHETIC
2024-09-01,A,SYN_MINE_01,SYN_TRUCK_013,dumper,BREAKDOWN,2.575,SYNTHETIC
2024-09-02,A,SYN_MINE_01,SYN_EXC_002,excavator,BREAKDOWN,4.951,SYNTHETIC
2024-09-02,A,SYN_MINE_01,SYN_TRUCK_003,dumper,PREVENTIVE_MAINTENANCE,7.0,SYNTHETIC
2024-09-02,A,SYN_MINE_01,SYN_TRUCK_011,dumper,PREVENTIVE_MAINTENANCE,4.026,SYNTHETIC
2024-09-03,A,SYN_MINE_01,SYN_DRILL_001,drill,PREVENTIVE_MAINTENANCE,4.842,SYNTHETIC
2024-09-03,C,SYN_MINE_01,SYN_DRILL_002,drill,BREAKDOWN,1.476,SYNTHETIC
2024-09-03,C,SYN_MINE_01,SYN_TRUCK_006,dumper,BREAKDOWN,2.516,SYNTHETIC
2024-09-03,B,SYN_MINE_01,SYN_TRUCK_011,dumper,BREAKDOWN,5.755,SYNTHETIC
2024-09-04,A,SYN_MINE_01,SYN_EXC_001,excavator,PREVENTIVE_MAINTENANCE,7.0,SYNTHETIC
2024-09-04,A,SYN_MINE_01,SYN_EXC_002,excavator,PREVENTIVE_MAINTENANCE,7.0,SYNTHETIC
2024-09-04,A,SYN_MINE_01,SYN_TRUCK_004,dumper,BREAKDOWN,4.211,SYNTHETIC
2024-09-04,A,SYN_MINE_01,SYN_TRUCK_007,dumper,BREAKDOWN,1.133,SYNTHETIC
2024-09-04,B,SYN_MINE_01,SYN_TRUCK_012,dumper,BREAKDOWN,3.088,SYNTHETIC
2024-09-05,C,SYN_MINE_01,SYN_DRILL_001,drill,BREAKDOWN,2.286,SYNTHETIC
2024-09-05,A,SYN_MINE_01,SYN_DRILL_002,drill,PREVENTIVE_MAINTENANCE,4.032,SYNTHETIC
2024-09-05,C,SYN_MINE_01,SYN_DRILL_002,drill,BREAKDOWN,4.204,SYNTHETIC
2024-09-05,B,SYN_MINE_01,SYN_EXC_001,excavator,BREAKDOWN,2.708,SYNTHETIC
2024-09-05,A,SYN_MINE_01,SYN_TRUCK_001,dumper,PREVENTIVE_MAINTENANCE,7.0,SYNTHETIC
2024-09-05,C,SYN_MINE_01,SYN_TRUCK_003,dumper,BREAKDOWN,1.151,SYNTHETIC
2024-09-05,A,SYN_MINE_01,SYN_TRUCK_005,dumper,PREVENTIVE_MAINTENANCE,7.0,SYNTHETIC
2024-09-05,A,SYN_MINE_01,SYN_TRUCK_006,dumper,PREVENTIVE_MAINTENANCE,7.0,SYNTHETIC
2024-09-05,B,SYN_MINE_01,SYN_TRUCK_013,dumper,BREAKDOWN,6.176,SYNTHETIC
2024-09-06,A,SYN_MINE_01,SYN_DRILL_001,drill,BREAKDOWN,1.626,SYNTHETIC
2024-09-06,C,SYN_MINE_01,SYN_DRILL_001,drill,BREAKDOWN,2.957,SYNTHETIC
2024-09-06,A,SYN_MINE_01,SYN_EXC_002,excavator,BREAKDOWN,2.368,SYNTHETIC
2024-09-06,B,SYN_MINE_01,SYN_TRUCK_003,dumper,BREAKDOWN,4.354,SYNTHETIC
2024-09-06,B,SYN_MINE_01,SYN_TRUCK_013,dumper,BREAKDOWN,3.049,SYNTHETIC
2024-09-07,B,SYN_MINE_01,SYN_DRILL_001,drill,BREAKDOWN,2.201,SYNTHETIC
2024-09-07,A,SYN_MINE_01,SYN_TRUCK_010,dumper,PREVENTIVE_MAINTENANCE,6.333,SYNTHETIC
2024-09-07,C,SYN_MINE_01,SYN_TRUCK_013,dumper,BREAKDOWN,2.423,SYNTHETIC
2024-09-08,A,SYN_MINE_01,SYN_EXC_001,excavator,BREAKDOWN,1.965,SYNTHETIC
2024-09-08,C,SYN_MINE_01,SYN_EXC_002,excavator,BREAKDOWN,5.48,SYNTHETIC
2024-09-08,A,SYN_MINE_01,SYN_TRUCK_004,dumper,BREAKDOWN,1.693,SYNTHETIC
2024-09-08,B,SYN_MINE_01,SYN_TRUCK_006,dumper,BREAKDOWN,3.312,SYNTHETIC
2024-09-08,A,SYN_MINE_01,SYN_TRUCK_008,dumper,BREAKDOWN,0.981,SYNTHETIC
2024-09-08,B,SYN_MINE_01,SYN_TRUCK_009,dumper,BREAKDOWN,5.426,SYNTHETIC
2024-09-08,A,SYN_MINE_01,SYN_TRUCK_012,dumper,BREAKDOWN,2.47,SYNTHETIC
2024-09-09,C,SYN_MINE_01,SYN_DRILL_001,drill,BREAKDOWN,0.474,SYNTHETIC
2024-09-09,B,SYN_MINE_01,SYN_TRUCK_002,dumper,BREAKDOWN,0.043,SYNTHETIC
2024-09-09,A,SYN_MINE_01,SYN_TRUCK_007,dumper,BREAKDOWN,3.125,SYNTHETIC
2024-09-09,B,SYN_MINE_01,SYN_TRUCK_009,dumper,BREAKDOWN,4.856,SYNTHETIC
2024-09-10,ALL,SYN_MINE_01,SITE,site,WEATHER_SITE_STOPPAGE,5.92,SYNTHETIC
2024-09-10,B,SYN_MINE_01,SYN_DRILL_002,drill,BREAKDOWN,0.541,SYNTHETIC
2024-09-10,A,SYN_MINE_01,SYN_TRUCK_003,dumper,BREAKDOWN,3.073,SYNTHETIC
2024-09-10,B,SYN_MINE_01,SYN_TRUCK_003,dumper,BREAKDOWN,3.952,SYNTHETIC
2024-09-10,B,SYN_MINE_01,SYN_TRUCK_004,dumper,BREAKDOWN,2.974,SYNTHETIC
2024-09-10,C,SYN_MINE_01,SYN_TRUCK_010,dumper,BREAKDOWN,3.584,SYNTHETIC
2024-09-10,A,SYN_MINE_01,SYN_TRUCK_011,dumper,BREAKDOWN,3.738,SYNTHETIC
2024-09-11,B,SYN_MINE_01,SYN_DRILL_001,drill,BREAKDOWN,3.263,SYNTHETIC
2024-09-11,C,SYN_MINE_01,SYN_EXC_001,excavator,BREAKDOWN,2.49,SYNTHETIC
2024-09-11,C,SYN_MINE_01,SYN_TRUCK_001,dumper,BREAKDOWN,2.436,SYNTHETIC
2024-09-11,B,SYN_MINE_01,SYN_TRUCK_005,dumper,BREAKDOWN,6.587,SYNTHETIC
2024-09-11,A,SYN_MINE_01,SYN_TRUCK_008,dumper,BREAKDOWN,0.722,SYNTHETIC
2024-09-11,C,SYN_MINE_01,SYN_TRUCK_010,dumper,BREAKDOWN,1.32,SYNTHETIC
2024-09-12,A,SYN_MINE_01,SYN_TRUCK_004,dumper,PREVENTIVE_MAINTENANCE,6.545,SYNTHETIC
2024-09-12,A,SYN_MINE_01,SYN_TRUCK_007,dumper,BREAKDOWN,4.537,SYNTHETIC
2024-09-12,B,SYN_MINE_01,SYN_TRUCK_009,dumper,BREAKDOWN,4.347,SYNTHETIC
2024-09-13,A,SYN_MINE_01,SYN_TRUCK_002,dumper,BREAKDOWN,0.972,SYNTHETIC
2024-09-13,C,SYN_MINE_01,SYN_TRUCK_008,dumper,BREAKDOWN,2.029,SYNTHETIC
2024-09-13,A,SYN_MINE_01,SYN_TRUCK_012,dumper,PREVENTIVE_MAINTENANCE,4.276,SYNTHETIC
2024-09-13,A,SYN_MINE_01,SYN_TRUCK_013,dumper,BREAKDOWN,0.908,SYNTHETIC
2024-09-14,C,SYN_MINE_01,SYN_TRUCK_004,dumper,BREAKDOWN,5.909,SYNTHETIC
2024-09-14,B,SYN_MINE_01,SYN_TRUCK_005,dumper,BREAKDOWN,2.441,SYNTHETIC
2024-09-14,A,SYN_MINE_01,SYN_TRUCK_009,dumper,PREVENTIVE_MAINTENANCE,4.154,SYNTHETIC
2024-09-14,B,SYN_MINE_01,SYN_TRUCK_013,dumper,BREAKDOWN,2.94,SYNTHETIC
2024-09-15,A,SYN_MINE_01,SYN_DRILL_002,drill,BREAKDOWN,1.932,SYNTHETIC
2024-09-15,B,SYN_MINE_01,SYN_DRILL_002,drill,BREAKDOWN,1.617,SYNTHETIC
2024-09-15,A,SYN_MINE_01,SYN_EXC_001,excavator,BREAKDOWN,2.23,SYNTHETIC
2024-09-16,C,SYN_MINE_01,SYN_DRILL_001,drill,BREAKDOWN,4.415,SYNTHETIC
2024-09-16,A,SYN_MINE_01,SYN_TRUCK_001,dumper,BREAKDOWN,4.395,SYNTHETIC
2024-09-16,B,SYN_MINE_01,SYN_TRUCK_001,dumper,BREAKDOWN,4.733,SYNTHETIC
2024-09-16,B,SYN_MINE_01,SYN_TRUCK_008,dumper,BREAKDOWN,4.382,SYNTHETIC
2024-09-16,B,SYN_MINE_01,SYN_TRUCK_011,dumper,BREAKDOWN,3.981,SYNTHETIC
2024-09-17,A,SYN_MINE_01,SYN_DRILL_002,drill,PREVENTIVE_MAINTENANCE,4.684,SYNTHETIC
2024-09-17,A,SYN_MINE_01,SYN_TRUCK_002,dumper,BREAKDOWN,2.661,SYNTHETIC
2024-09-17,A,SYN_MINE_01,SYN_TRUCK_009,dumper,BREAKDOWN,0.205,SYNTHETIC
2024-09-17,A,SYN_MINE_01,SYN_TRUCK_013,dumper,PREVENTIVE_MAINTENANCE,7.0,SYNTHETIC
2024-09-18,A,SYN_MINE_01,SYN_DRILL_001,drill,PREVENTIVE_MAINTENANCE,4.778,SYNTHETIC
2024-09-18,A,SYN_MINE_01,SYN_TRUCK_008,dumper,BREAKDOWN,0.664,SYNTHETIC
2024-09-18,B,SYN_MINE_01,SYN_TRUCK_010,dumper,BREAKDOWN,5.938,SYNTHETIC
2024-09-18,B,SYN_MINE_01,SYN_TRUCK_011,dumper,BREAKDOWN,1.31,SYNTHETIC
2024-09-19,A,SYN_MINE_01,SYN_TRUCK_002,dumper,PREVENTIVE_MAINTENANCE,4.612,SYNTHETIC
2024-09-19,B,SYN_MINE_01,SYN_TRUCK_003,dumper,BREAKDOWN,4.294,SYNTHETIC
2024-09-19,B,SYN_MINE_01,SYN_TRUCK_004,dumper,BREAKDOWN,3.171,SYNTHETIC
2024-09-19,B,SYN_MINE_01,SYN_TRUCK_006,dumper,BREAKDOWN,5.548,SYNTHETIC
2024-09-19,A,SYN_MINE_01,SYN_TRUCK_009,dumper,BREAKDOWN,0.552,SYNTHETIC
2024-09-20,C,SYN_MINE_01,SYN_TRUCK_003,dumper,BREAKDOWN,1.275,SYNTHETIC
2024-09-20,C,SYN_MINE_01,SYN_TRUCK_011,dumper,BREAKDOWN,4.549,SYNTHETIC
2024-09-21,B,SYN_MINE_01,SYN_DRILL_002,drill,BREAKDOWN,5.786,SYNTHETIC
2024-09-21,A,SYN_MINE_01,SYN_EXC_002,excavator,PREVENTIVE_MAINTENANCE,7.0,SYNTHETIC
2024-09-21,C,SYN_MINE_01,SYN_TRUCK_001,dumper,BREAKDOWN,4.746,SYNTHETIC
2024-09-21,B,SYN_MINE_01,SYN_TRUCK_002,dumper,BREAKDOWN,2.108,SYNTHETIC
2024-09-21,B,SYN_MINE_01,SYN_TRUCK_004,dumper,BREAKDOWN,5.79,SYNTHETIC
2024-09-21,A,SYN_MINE_01,SYN_TRUCK_008,dumper,BREAKDOWN,0.88,SYNTHETIC
2024-09-21,A,SYN_MINE_01,SYN_TRUCK_010,dumper,BREAKDOWN,4.328,SYNTHETIC
2024-09-21,A,SYN_MINE_01,SYN_TRUCK_013,dumper,BREAKDOWN,4.82,SYNTHETIC
2024-09-22,B,SYN_MINE_01,SYN_EXC_001,excavator,BREAKDOWN,6.635,SYNTHETIC
2024-09-22,A,SYN_MINE_01,SYN_TRUCK_007,dumper,PREVENTIVE_MAINTENANCE,5.1,SYNTHETIC
2024-09-22,A,SYN_MINE_01,SYN_TRUCK_008,dumper,PREVENTIVE_MAINTENANCE,7.0,SYNTHETIC
2024-09-22,A,SYN_MINE_01,SYN_TRUCK_010,dumper,BREAKDOWN,0.02,SYNTHETIC
2024-09-22,A,SYN_MINE_01,SYN_TRUCK_011,dumper,BREAKDOWN,0.237,SYNTHETIC
2024-09-23,C,SYN_MINE_01,SYN_EXC_001,excavator,BREAKDOWN,3.469,SYNTHETIC
2024-09-23,A,SYN_MINE_01,SYN_EXC_002,excavator,BREAKDOWN,1.978,SYNTHETIC
2024-09-23,A,SYN_MINE_01,SYN_TRUCK_003,dumper,PREVENTIVE_MAINTENANCE,4.515,SYNTHETIC
2024-09-23,C,SYN_MINE_01,SYN_TRUCK_003,dumper,BREAKDOWN,5.351,SYNTHETIC
2024-09-23,C,SYN_MINE_01,SYN_TRUCK_006,dumper,BREAKDOWN,1.662,SYNTHETIC
2024-09-23,A,SYN_MINE_01,SYN_TRUCK_008,dumper,BREAKDOWN,0.374,SYNTHETIC
2024-09-23,A,SYN_MINE_01,SYN_TRUCK_011,dumper,PREVENTIVE_MAINTENANCE,5.635,SYNTHETIC
2024-09-24,B,SYN_MINE_01,SYN_TRUCK_009,dumper,BREAKDOWN,4.302,SYNTHETIC
2024-09-24,B,SYN_MINE_01,SYN_TRUCK_013,dumper,BREAKDOWN,1.67,SYNTHETIC
2024-09-25,B,SYN_MINE_01,SYN_DRILL_001,drill,BREAKDOWN,5.069,SYNTHETIC
2024-09-25,A,SYN_MINE_01,SYN_EXC_001,excavator,PREVENTIVE_MAINTENANCE,7.0,SYNTHETIC
2024-09-25,A,SYN_MINE_01,SYN_TRUCK_001,dumper,PREVENTIVE_MAINTENANCE,6.312,SYNTHETIC
2024-09-25,C,SYN_MINE_01,SYN_TRUCK_004,dumper,BREAKDOWN,1.946,SYNTHETIC
2024-09-25,A,SYN_MINE_01,SYN_TRUCK_005,dumper,PREVENTIVE_MAINTENANCE,6.592,SYNTHETIC
2024-09-25,A,SYN_MINE_01,SYN_TRUCK_012,dumper,BREAKDOWN,4.323,SYNTHETIC
2024-09-26,C,SYN_MINE_01,SYN_EXC_001,excavator,BREAKDOWN,2.228,SYNTHETIC
2024-09-26,B,SYN_MINE_01,SYN_EXC_002,excavator,BREAKDOWN,2.399,SYNTHETIC
2024-09-26,A,SYN_MINE_01,SYN_TRUCK_006,dumper,PREVENTIVE_MAINTENANCE,7.0,SYNTHETIC
2024-09-26,B,SYN_MINE_01,SYN_TRUCK_009,dumper,BREAKDOWN,5.302,SYNTHETIC
2024-09-26,B,SYN_MINE_01,SYN_TRUCK_010,dumper,BREAKDOWN,1.921,SYNTHETIC
2024-09-26,A,SYN_MINE_01,SYN_TRUCK_012,dumper,BREAKDOWN,0.207,SYNTHETIC
2024-09-27,C,SYN_MINE_01,SYN_EXC_002,excavator,BREAKDOWN,0.26,SYNTHETIC
2024-09-27,A,SYN_MINE_01,SYN_TRUCK_001,dumper,BREAKDOWN,1.153,SYNTHETIC
2024-09-27,A,SYN_MINE_01,SYN_TRUCK_005,dumper,BREAKDOWN,2.251,SYNTHETIC
2024-09-27,C,SYN_MINE_01,SYN_TRUCK_013,dumper,BREAKDOWN,0.004,SYNTHETIC
2024-09-28,A,SYN_MINE_01,SYN_DRILL_001,drill,BREAKDOWN,3.257,SYNTHETIC
2024-09-28,A,SYN_MINE_01,SYN_DRILL_002,drill,PREVENTIVE_MAINTENANCE,4.177,SYNTHETIC
2024-09-28,A,SYN_MINE_01,SYN_TRUCK_001,dumper,BREAKDOWN,2.789,SYNTHETIC
2024-09-28,C,SYN_MINE_01,SYN_TRUCK_005,dumper,BREAKDOWN,3.758,SYNTHETIC
2024-09-28,A,SYN_MINE_01,SYN_TRUCK_010,dumper,PREVENTIVE_MAINTENANCE,4.683,SYNTHETIC
2024-09-29,A,SYN_MINE_01,SYN_DRILL_001,drill,PREVENTIVE_MAINTENANCE,5.582,SYNTHETIC
2024-09-29,B,SYN_MINE_01,SYN_DRILL_001,drill,BREAKDOWN,2.411,SYNTHETIC
2024-09-29,C,SYN_MINE_01,SYN_DRILL_002,drill,BREAKDOWN,4.893,SYNTHETIC
2024-09-29,B,SYN_MINE_01,SYN_TRUCK_013,dumper,BREAKDOWN,5.303,SYNTHETIC
2024-09-30,A,SYN_MINE_01,SYN_TRUCK_004,dumper,BREAKDOWN,1.848,SYNTHETIC
2024-09-30,C,SYN_MINE_01,SYN_TRUCK_010,dumper,BREAKDOWN,4.924,SYNTHETIC
2024-10-01,C,SYN_MINE_01,SYN_EXC_001,excavator,BREAKDOWN,5.248,SYNTHETIC
2024-10-01,C,SYN_MINE_01,SYN_EXC_002,excavator,BREAKDOWN,4.896,SYNTHETIC
2024-10-01,B,SYN_MINE_01,SYN_TRUCK_001,dumper,BREAKDOWN,4.348,SYNTHETIC
2024-10-01,B,SYN_MINE_01,SYN_TRUCK_006,dumper,BREAKDOWN,6.375,SYNTHETIC
2024-10-01,C,SYN_MINE_01,SYN_TRUCK_008,dumper,BREAKDOWN,0.903,SYNTHETIC
2024-10-01,B,SYN_MINE_01,SYN_TRUCK_011,dumper,BREAKDOWN,6.137,SYNTHETIC
2024-10-02,A,SYN_MINE_01,SYN_DRILL_002,drill,BREAKDOWN,4.721,SYNTHETIC
2024-10-02,A,SYN_MINE_01,SYN_TRUCK_003,dumper,BREAKDOWN,2.137,SYNTHETIC
2024-10-02,C,SYN_MINE_01,SYN_TRUCK_012,dumper,BREAKDOWN,5.028,SYNTHETIC
2024-10-03,C,SYN_MINE_01,SYN_DRILL_001,drill,BREAKDOWN,1.7,SYNTHETIC
2024-10-03,B,SYN_MINE_01,SYN_DRILL_002,drill,BREAKDOWN,3.572,SYNTHETIC
2024-10-03,A,SYN_MINE_01,SYN_TRUCK_005,dumper,BREAKDOWN,6.897,SYNTHETIC
2024-10-03,C,SYN_MINE_01,SYN_TRUCK_005,dumper,BREAKDOWN,1.081,SYNTHETIC
2024-10-03,A,SYN_MINE_01,SYN_TRUCK_006,dumper,BREAKDOWN,0.33,SYNTHETIC
2024-10-03,A,SYN_MINE_01,SYN_TRUCK_012,dumper,PREVENTIVE_MAINTENANCE,7.0,SYNTHETIC
2024-10-04,B,SYN_MINE_01,SYN_TRUCK_004,dumper,BREAKDOWN,3.057,SYNTHETIC
2024-10-05,C,SYN_MINE_01,SYN_DRILL_001,drill,BREAKDOWN,4.344,SYNTHETIC
2024-10-05,A,SYN_MINE_01,SYN_TRUCK_003,dumper,BREAKDOWN,5.509,SYNTHETIC
2024-10-05,A,SYN_MINE_01,SYN_TRUCK_004,dumper,PREVENTIVE_MAINTENANCE,7.0,SYNTHETIC
2024-10-05,A,SYN_MINE_01,SYN_TRUCK_008,dumper,BREAKDOWN,4.007,SYNTHETIC
2024-10-05,A,SYN_MINE_01,SYN_TRUCK_009,dumper,PREVENTIVE_MAINTENANCE,5.266,SYNTHETIC
2024-10-06,B,SYN_MINE_01,SYN_DRILL_001,drill,BREAKDOWN,2.701,SYNTHETIC
2024-10-06,C,SYN_MINE_01,SYN_DRILL_002,drill,BREAKDOWN,1.94,SYNTHETIC
2024-10-06,B,SYN_MINE_01,SYN_TRUCK_007,dumper,BREAKDOWN,2.88,SYNTHETIC
2024-10-06,A,SYN_MINE_01,SYN_TRUCK_010,dumper,BREAKDOWN,1.239,SYNTHETIC
2024-10-06,A,SYN_MINE_01,SYN_TRUCK_011,dumper,BREAKDOWN,1.494,SYNTHETIC
2024-10-07,A,SYN_MINE_01,SYN_EXC_002,excavator,BREAKDOWN,2.899,SYNTHETIC
2024-10-07,C,SYN_MINE_01,SYN_TRUCK_001,dumper,BREAKDOWN,4.597,SYNTHETIC
2024-10-07,C,SYN_MINE_01,SYN_TRUCK_003,dumper,BREAKDOWN,4.613,SYNTHETIC
2024-10-07,A,SYN_MINE_01,SYN_TRUCK_013,dumper,PREVENTIVE_MAINTENANCE,5.485,SYNTHETIC
2024-10-08,A,SYN_MINE_01,SYN_TRUCK_002,dumper,PREVENTIVE_MAINTENANCE,4.316,SYNTHETIC
2024-10-09,A,SYN_MINE_01,SYN_EXC_002,excavator,PREVENTIVE_MAINTENANCE,7.0,SYNTHETIC
2024-10-09,C,SYN_MINE_01,SYN_TRUCK_001,dumper,BREAKDOWN,1.137,SYNTHETIC
2024-10-09,C,SYN_MINE_01,SYN_TRUCK_005,dumper,BREAKDOWN,0.911,SYNTHETIC
2024-10-10,A,SYN_MINE_01,SYN_DRILL_002,drill,PREVENTIVE_MAINTENANCE,4.064,SYNTHETIC
2024-10-10,B,SYN_MINE_01,SYN_EXC_001,excavator,BREAKDOWN,1.322,SYNTHETIC
2024-10-10,B,SYN_MINE_01,SYN_TRUCK_002,dumper,BREAKDOWN,3.614,SYNTHETIC
2024-10-11,A,SYN_MINE_01,SYN_DRILL_001,drill,PREVENTIVE_MAINTENANCE,5.495,SYNTHETIC
2024-10-11,B,SYN_MINE_01,SYN_TRUCK_003,dumper,BREAKDOWN,5.507,SYNTHETIC
2024-10-11,A,SYN_MINE_01,SYN_TRUCK_007,dumper,PREVENTIVE_MAINTENANCE,4.041,SYNTHETIC
2024-10-11,C,SYN_MINE_01,SYN_TRUCK_007,dumper,BREAKDOWN,3.396,SYNTHETIC
2024-10-11,A,SYN_MINE_01,SYN_TRUCK_013,dumper,BREAKDOWN,2.746,SYNTHETIC
2024-10-12,A,SYN_MINE_01,SYN_EXC_001,excavator,PREVENTIVE_MAINTENANCE,7.0,SYNTHETIC
2024-10-12,A,SYN_MINE_01,SYN_TRUCK_004,dumper,BREAKDOWN,5.027,SYNTHETIC
2024-10-12,A,SYN_MINE_01,SYN_TRUCK_008,dumper,PREVENTIVE_MAINTENANCE,7.0,SYNTHETIC
2024-10-12,A,SYN_MINE_01,SYN_TRUCK_011,dumper,PREVENTIVE_MAINTENANCE,7.0,SYNTHETIC
2024-10-12,B,SYN_MINE_01,SYN_TRUCK_013,dumper,BREAKDOWN,6.575,SYNTHETIC
2024-10-13,A,SYN_MINE_01,SYN_EXC_001,excavator,BREAKDOWN,0.475,SYNTHETIC
2024-10-13,A,SYN_MINE_01,SYN_TRUCK_003,dumper,PREVENTIVE_MAINTENANCE,7.0,SYNTHETIC
2024-10-13,B,SYN_MINE_01,SYN_TRUCK_004,dumper,BREAKDOWN,4.26,SYNTHETIC
2024-10-13,C,SYN_MINE_01,SYN_TRUCK_006,dumper,BREAKDOWN,4.558,SYNTHETIC
2024-10-13,C,SYN_MINE_01,SYN_TRUCK_010,dumper,BREAKDOWN,2.778,SYNTHETIC
2024-10-14,C,SYN_MINE_01,SYN_TRUCK_009,dumper,BREAKDOWN,1.229,SYNTHETIC
2024-10-15,B,SYN_MINE_01,SYN_DRILL_001,drill,BREAKDOWN,1.892,SYNTHETIC
2024-10-15,C,SYN_MINE_01,SYN_EXC_002,excavator,BREAKDOWN,3.462,SYNTHETIC
2024-10-15,B,SYN_MINE_01,SYN_TRUCK_001,dumper,BREAKDOWN,4.681,SYNTHETIC
2024-10-15,C,SYN_MINE_01,SYN_TRUCK_010,dumper,BREAKDOWN,0.476,SYNTHETIC
2024-10-15,C,SYN_MINE_01,SYN_TRUCK_013,dumper,BREAKDOWN,2.668,SYNTHETIC
2024-10-16,B,SYN_MINE_01,SYN_DRILL_002,drill,BREAKDOWN,0.29,SYNTHETIC
2024-10-16,A,SYN_MINE_01,SYN_TRUCK_001,dumper,PREVENTIVE_MAINTENANCE,7.0,SYNTHETIC
2024-10-16,A,SYN_MINE_01,SYN_TRUCK_005,dumper,PREVENTIVE_MAINTENANCE,7.0,SYNTHETIC
2024-10-16,A,SYN_MINE_01,SYN_TRUCK_006,dumper,PREVENTIVE_MAINTENANCE,4.985,SYNTHETIC
2024-10-16,A,SYN_MINE_01,SYN_TRUCK_012,dumper,BREAKDOWN,2.003,SYNTHETIC
2024-10-17,B,SYN_MINE_01,SYN_TRUCK_002,dumper,BREAKDOWN,1.849,SYNTHETIC
2024-10-17,B,SYN_MINE_01,SYN_TRUCK_005,dumper,BREAKDOWN,0.107,SYNTHETIC
2024-10-17,C,SYN_MINE_01,SYN_TRUCK_007,dumper,BREAKDOWN,5.451,SYNTHETIC
2024-10-17,B,SYN_MINE_01,SYN_TRUCK_013,dumper,BREAKDOWN,5.306,SYNTHETIC
2024-10-18,A,SYN_MINE_01,SYN_TRUCK_002,dumper,BREAKDOWN,3.801,SYNTHETIC
2024-10-18,A,SYN_MINE_01,SYN_TRUCK_010,dumper,PREVENTIVE_MAINTENANCE,6.932,SYNTHETIC
2024-10-19,C,SYN_MINE_01,SYN_EXC_002,excavator,BREAKDOWN,1.267,SYNTHETIC
2024-10-19,C,SYN_MINE_01,SYN_TRUCK_007,dumper,BREAKDOWN,2.827,SYNTHETIC
2024-10-20,B,SYN_MINE_01,SYN_TRUCK_009,dumper,BREAKDOWN,0.893,SYNTHETIC
2024-10-20,A,SYN_MINE_01,SYN_TRUCK_013,dumper,BREAKDOWN,3.615,SYNTHETIC
2024-10-21,A,SYN_MINE_01,SYN_DRILL_002,drill,PREVENTIVE_MAINTENANCE,5.828,SYNTHETIC
2024-10-21,A,SYN_MINE_01,SYN_TRUCK_013,dumper,BREAKDOWN,0.65,SYNTHETIC
2024-10-21,C,SYN_MINE_01,SYN_TRUCK_013,dumper,BREAKDOWN,3.985,SYNTHETIC
2024-10-22,A,SYN_MINE_01,SYN_DRILL_001,drill,PREVENTIVE_MAINTENANCE,4.107,SYNTHETIC
2024-10-22,B,SYN_MINE_01,SYN_DRILL_001,drill,BREAKDOWN,3.116,SYNTHETIC
2024-10-22,A,SYN_MINE_01,SYN_TRUCK_003,dumper,BREAKDOWN,2.226,SYNTHETIC
2024-10-22,C,SYN_MINE_01,SYN_TRUCK_006,dumper,BREAKDOWN,0.986,SYNTHETIC
2024-10-22,A,SYN_MINE_01,SYN_TRUCK_012,dumper,PREVENTIVE_MAINTENANCE,6.083,SYNTHETIC
2024-10-23,C,SYN_MINE_01,SYN_TRUCK_005,dumper,BREAKDOWN,2.149,SYNTHETIC
2024-10-23,A,SYN_MINE_01,SYN_TRUCK_010,dumper,BREAKDOWN,3.23,SYNTHETIC
2024-10-23,A,SYN_MINE_01,SYN_TRUCK_013,dumper,BREAKDOWN,4.331,SYNTHETIC
2024-10-24,A,SYN_MINE_01,SYN_TRUCK_004,dumper,PREVENTIVE_MAINTENANCE,4.451,SYNTHETIC
2024-10-24,A,SYN_MINE_01,SYN_TRUCK_009,dumper,PREVENTIVE_MAINTENANCE,4.172,SYNTHETIC
2024-10-24,A,SYN_MINE_01,SYN_TRUCK_013,dumper,BREAKDOWN,4.225,SYNTHETIC
2024-10-25,C,SYN_MINE_01,SYN_EXC_002,excavator,BREAKDOWN,3.835,SYNTHETIC
2024-10-25,C,SYN_MINE_01,SYN_TRUCK_004,dumper,BREAKDOWN,5.647,SYNTHETIC
2024-10-26,C,SYN_MINE_01,SYN_DRILL_002,drill,BREAKDOWN,3.535,SYNTHETIC
2024-10-26,C,SYN_MINE_01,SYN_TRUCK_013,dumper,BREAKDOWN,2.16,SYNTHETIC
2024-10-27,B,SYN_MINE_01,SYN_DRILL_001,drill,BREAKDOWN,3.492,SYNTHETIC
2024-10-27,A,SYN_MINE_01,SYN_EXC_002,excavator,PREVENTIVE_MAINTENANCE,7.0,SYNTHETIC
2024-10-28,A,SYN_MINE_01,SYN_TRUCK_002,dumper,PREVENTIVE_MAINTENANCE,5.559,SYNTHETIC
2024-10-28,C,SYN_MINE_01,SYN_TRUCK_005,dumper,BREAKDOWN,4.594,SYNTHETIC
2024-10-28,A,SYN_MINE_01,SYN_TRUCK_006,dumper,BREAKDOWN,2.708,SYNTHETIC
2024-10-28,C,SYN_MINE_01,SYN_TRUCK_007,dumper,BREAKDOWN,0.444,SYNTHETIC
2024-10-29,B,SYN_MINE_01,SYN_DRILL_002,drill,BREAKDOWN,4.542,SYNTHETIC
2024-10-29,A,SYN_MINE_01,SYN_EXC_001,excavator,PREVENTIVE_MAINTENANCE,7.0,SYNTHETIC
2024-10-29,B,SYN_MINE_01,SYN_TRUCK_006,dumper,BREAKDOWN,0.967,SYNTHETIC
2024-10-29,A,SYN_MINE_01,SYN_TRUCK_011,dumper,BREAKDOWN,5.01,SYNTHETIC
2024-10-29,A,SYN_MINE_01,SYN_TRUCK_013,dumper,PREVENTIVE_MAINTENANCE,6.743,SYNTHETIC
2024-10-29,C,SYN_MINE_01,SYN_TRUCK_014,dumper,BREAKDOWN,5.65,SYNTHETIC
2024-10-30,ALL,SYN_MINE_01,SITE,site,POWER_OUTAGE,3.7,SYNTHETIC
2024-10-30,C,SYN_MINE_01,SYN_TRUCK_010,dumper,BREAKDOWN,0.539,SYNTHETIC
2024-10-30,A,SYN_MINE_01,SYN_TRUCK_013,dumper,BREAKDOWN,3.814,SYNTHETIC
2024-10-31,B,SYN_MINE_01,SYN_TRUCK_005,dumper,BREAKDOWN,2.433,SYNTHETIC
2024-10-31,B,SYN_MINE_01,SYN_TRUCK_006,dumper,BREAKDOWN,4.908,SYNTHETIC
2024-10-31,A,SYN_MINE_01,SYN_TRUCK_007,dumper,PREVENTIVE_MAINTENANCE,6.066,SYNTHETIC
2024-10-31,A,SYN_MINE_01,SYN_TRUCK_008,dumper,PREVENTIVE_MAINTENANCE,5.995,SYNTHETIC
2024-10-31,A,SYN_MINE_01,SYN_TRUCK_011,dumper,PREVENTIVE_MAINTENANCE,4.17,SYNTHETIC
2024-11-01,B,SYN_MINE_01,SYN_DRILL_002,drill,BREAKDOWN,3.022,SYNTHETIC
2024-11-01,C,SYN_MINE_01,SYN_TRUCK_002,dumper,BREAKDOWN,1.989,SYNTHETIC
2024-11-01,A,SYN_MINE_01,SYN_TRUCK_003,dumper,PREVENTIVE_MAINTENANCE,5.241,SYNTHETIC
2024-11-01,A,SYN_MINE_01,SYN_TRUCK_005,dumper,BREAKDOWN,2.479,SYNTHETIC
2024-11-01,B,SYN_MINE_01,SYN_TRUCK_011,dumper,BREAKDOWN,0.229,SYNTHETIC
2024-11-01,C,SYN_MINE_01,SYN_TRUCK_011,dumper,BREAKDOWN,4.393,SYNTHETIC
2024-11-02,A,SYN_MINE_01,SYN_DRILL_002,drill,PREVENTIVE_MAINTENANCE,4.707,SYNTHETIC
2024-11-02,C,SYN_MINE_01,SYN_TRUCK_005,dumper,BREAKDOWN,1.856,SYNTHETIC
2024-11-02,B,SYN_MINE_01,SYN_TRUCK_010,dumper,BREAKDOWN,2.053,SYNTHETIC
2024-11-03,A,SYN_MINE_01,SYN_DRILL_001,drill,PREVENTIVE_MAINTENANCE,5.544,SYNTHETIC
2024-11-03,B,SYN_MINE_01,SYN_TRUCK_002,dumper,BREAKDOWN,4.87,SYNTHETIC
2024-11-03,B,SYN_MINE_01,SYN_TRUCK_004,dumper,BREAKDOWN,0.072,SYNTHETIC
2024-11-03,A,SYN_MINE_01,SYN_TRUCK_011,dumper,BREAKDOWN,3.647,SYNTHETIC
2024-11-03,C,SYN_MINE_01,SYN_TRUCK_014,dumper,BREAKDOWN,1.852,SYNTHETIC
2024-11-04,A,SYN_MINE_01,SYN_TRUCK_001,dumper,PREVENTIVE_MAINTENANCE,7.0,SYNTHETIC
2024-11-04,C,SYN_MINE_01,SYN_TRUCK_009,dumper,BREAKDOWN,4.727,SYNTHETIC
2024-11-05,C,SYN_MINE_01,SYN_TRUCK_006,dumper,BREAKDOWN,2.734,SYNTHETIC
2024-11-05,C,SYN_MINE_01,SYN_TRUCK_012,dumper,BREAKDOWN,0.43,SYNTHETIC
2024-11-05,A,SYN_MINE_01,SYN_TRUCK_014,dumper,PREVENTIVE_MAINTENANCE,4.59,SYNTHETIC
2024-11-06,B,SYN_MINE_01,SYN_TRUCK_004,dumper,BREAKDOWN,2.3,SYNTHETIC
2024-11-06,C,SYN_MINE_01,SYN_TRUCK_005,dumper,BREAKDOWN,1.555,SYNTHETIC
2024-11-07,A,SYN_MINE_01,SYN_DRILL_002,drill,BREAKDOWN,4.331,SYNTHETIC
2024-11-07,A,SYN_MINE_01,SYN_TRUCK_001,dumper,BREAKDOWN,4.468,SYNTHETIC
2024-11-07,A,SYN_MINE_01,SYN_TRUCK_002,dumper,BREAKDOWN,6.299,SYNTHETIC
2024-11-07,A,SYN_MINE_01,SYN_TRUCK_003,dumper,BREAKDOWN,1.668,SYNTHETIC
2024-11-07,A,SYN_MINE_01,SYN_TRUCK_005,dumper,PREVENTIVE_MAINTENANCE,6.849,SYNTHETIC
2024-11-07,A,SYN_MINE_01,SYN_TRUCK_006,dumper,BREAKDOWN,0.145,SYNTHETIC
2024-11-07,A,SYN_MINE_01,SYN_TRUCK_010,dumper,PREVENTIVE_MAINTENANCE,5.743,SYNTHETIC
2024-11-08,ALL,SYN_MINE_01,SITE,site,POWER_OUTAGE,4.52,SYNTHETIC
2024-11-08,A,SYN_MINE_01,SYN_TRUCK_003,dumper,BREAKDOWN,6.984,SYNTHETIC
2024-11-08,C,SYN_MINE_01,SYN_TRUCK_004,dumper,BREAKDOWN,1.11,SYNTHETIC
2024-11-09,C,SYN_MINE_01,SYN_EXC_001,excavator,BREAKDOWN,2.778,SYNTHETIC
2024-11-09,A,SYN_MINE_01,SYN_TRUCK_001,dumper,BREAKDOWN,0.463,SYNTHETIC
2024-11-09,B,SYN_MINE_01,SYN_TRUCK_014,dumper,BREAKDOWN,2.108,SYNTHETIC
2024-11-10,B,SYN_MINE_01,SYN_EXC_002,excavator,BREAKDOWN,4.884,SYNTHETIC
2024-11-10,C,SYN_MINE_01,SYN_EXC_002,excavator,BREAKDOWN,5.138,SYNTHETIC
2024-11-10,C,SYN_MINE_01,SYN_TRUCK_001,dumper,BREAKDOWN,3.473,SYNTHETIC
2024-11-10,C,SYN_MINE_01,SYN_TRUCK_003,dumper,BREAKDOWN,2.953,SYNTHETIC
2024-11-10,A,SYN_MINE_01,SYN_TRUCK_014,dumper,BREAKDOWN,4.906,SYNTHETIC
2024-11-12,A,SYN_MINE_01,SYN_DRILL_002,drill,BREAKDOWN,2.551,SYNTHETIC
2024-11-12,A,SYN_MINE_01,SYN_TRUCK_008,dumper,BREAKDOWN,3.551,SYNTHETIC
2024-11-12,A,SYN_MINE_01,SYN_TRUCK_009,dumper,PREVENTIVE_MAINTENANCE,7.0,SYNTHETIC
2024-11-12,A,SYN_MINE_01,SYN_TRUCK_012,dumper,PREVENTIVE_MAINTENANCE,4.789,SYNTHETIC
2024-11-13,B,SYN_MINE_01,SYN_DRILL_002,drill,BREAKDOWN,5.048,SYNTHETIC
2024-11-13,A,SYN_MINE_01,SYN_EXC_002,excavator,PREVENTIVE_MAINTENANCE,7.0,SYNTHETIC
2024-11-13,B,SYN_MINE_01,SYN_TRUCK_003,dumper,BREAKDOWN,3.686,SYNTHETIC
2024-11-14,A,SYN_MINE_01,SYN_DRILL_001,drill,PREVENTIVE_MAINTENANCE,5.483,SYNTHETIC
2024-11-14,A,SYN_MINE_01,SYN_DRILL_002,drill,PREVENTIVE_MAINTENANCE,4.532,SYNTHETIC
2024-11-14,C,SYN_MINE_01,SYN_DRILL_002,drill,BREAKDOWN,3.54,SYNTHETIC
2024-11-14,C,SYN_MINE_01,SYN_TRUCK_003,dumper,BREAKDOWN,4.302,SYNTHETIC
2024-11-14,A,SYN_MINE_01,SYN_TRUCK_004,dumper,PREVENTIVE_MAINTENANCE,6.388,SYNTHETIC
2024-11-14,B,SYN_MINE_01,SYN_TRUCK_005,dumper,BREAKDOWN,2.749,SYNTHETIC
2024-11-15,C,SYN_MINE_01,SYN_DRILL_001,drill,BREAKDOWN,4.062,SYNTHETIC
2024-11-15,A,SYN_MINE_01,SYN_EXC_001,excavator,PREVENTIVE_MAINTENANCE,7.0,SYNTHETIC
2024-11-15,B,SYN_MINE_01,SYN_EXC_001,excavator,BREAKDOWN,3.354,SYNTHETIC
2024-11-15,A,SYN_MINE_01,SYN_TRUCK_006,dumper,BREAKDOWN,1.309,SYNTHETIC
2024-11-15,C,SYN_MINE_01,SYN_TRUCK_010,dumper,BREAKDOWN,0.355,SYNTHETIC
2024-11-17,B,SYN_MINE_01,SYN_DRILL_001,drill,BREAKDOWN,5.462,SYNTHETIC
2024-11-17,A,SYN_MINE_01,SYN_TRUCK_002,dumper,PREVENTIVE_MAINTENANCE,7.0,SYNTHETIC
2024-11-17,B,SYN_MINE_01,SYN_TRUCK_003,dumper,BREAKDOWN,5.124,SYNTHETIC
2024-11-17,A,SYN_MINE_01,SYN_TRUCK_005,dumper,BREAKDOWN,0.899,SYNTHETIC
2024-11-17,A,SYN_MINE_01,SYN_TRUCK_013,dumper,PREVENTIVE_MAINTENANCE,4.676,SYNTHETIC
2024-11-18,C,SYN_MINE_01,SYN_TRUCK_001,dumper,BREAKDOWN,5.153,SYNTHETIC
2024-11-18,B,SYN_MINE_01,SYN_TRUCK_003,dumper,BREAKDOWN,0.468,SYNTHETIC
2024-11-18,C,SYN_MINE_01,SYN_TRUCK_006,dumper,BREAKDOWN,2.694,SYNTHETIC
2024-11-19,C,SYN_MINE_01,SYN_TRUCK_004,dumper,BREAKDOWN,2.199,SYNTHETIC
2024-11-19,A,SYN_MINE_01,SYN_TRUCK_006,dumper,BREAKDOWN,2.354,SYNTHETIC
2024-11-19,A,SYN_MINE_01,SYN_TRUCK_007,dumper,PREVENTIVE_MAINTENANCE,4.855,SYNTHETIC
2024-11-19,A,SYN_MINE_01,SYN_TRUCK_008,dumper,PREVENTIVE_MAINTENANCE,6.592,SYNTHETIC
2024-11-19,A,SYN_MINE_01,SYN_TRUCK_011,dumper,PREVENTIVE_MAINTENANCE,4.254,SYNTHETIC
2024-11-19,A,SYN_MINE_01,SYN_TRUCK_013,dumper,BREAKDOWN,2.405,SYNTHETIC
2024-11-20,B,SYN_MINE_01,SYN_TRUCK_012,dumper,BREAKDOWN,2.649,SYNTHETIC
2024-11-21,A,SYN_MINE_01,SYN_EXC_001,excavator,BREAKDOWN,4.478,SYNTHETIC
2024-11-21,B,SYN_MINE_01,SYN_EXC_002,excavator,BREAKDOWN,4.621,SYNTHETIC
2024-11-21,B,SYN_MINE_01,SYN_TRUCK_003,dumper,BREAKDOWN,1.26,SYNTHETIC
2024-11-21,A,SYN_MINE_01,SYN_TRUCK_011,dumper,BREAKDOWN,4.28,SYNTHETIC
2024-11-21,B,SYN_MINE_01,SYN_TRUCK_014,dumper,BREAKDOWN,5.297,SYNTHETIC
2024-11-22,B,SYN_MINE_01,SYN_EXC_002,excavator,BREAKDOWN,5.116,SYNTHETIC
2024-11-22,B,SYN_MINE_01,SYN_TRUCK_010,dumper,BREAKDOWN,5.793,SYNTHETIC
2024-11-23,A,SYN_MINE_01,SYN_TRUCK_001,dumper,BREAKDOWN,1.88,SYNTHETIC
2024-11-23,B,SYN_MINE_01,SYN_TRUCK_001,dumper,BREAKDOWN,1.368,SYNTHETIC
2024-11-23,C,SYN_MINE_01,SYN_TRUCK_003,dumper,BREAKDOWN,5.29,SYNTHETIC
2024-11-23,A,SYN_MINE_01,SYN_TRUCK_004,dumper,BREAKDOWN,0.779,SYNTHETIC
2024-11-23,A,SYN_MINE_01,SYN_TRUCK_010,dumper,BREAKDOWN,5.729,SYNTHETIC
2024-11-23,B,SYN_MINE_01,SYN_TRUCK_011,dumper,BREAKDOWN,2.603,SYNTHETIC
2024-11-24,A,SYN_MINE_01,SYN_EXC_001,excavator,BREAKDOWN,3.611,SYNTHETIC
2024-11-24,C,SYN_MINE_01,SYN_TRUCK_004,dumper,BREAKDOWN,2.58,SYNTHETIC
2024-11-24,B,SYN_MINE_01,SYN_TRUCK_009,dumper,BREAKDOWN,4.213,SYNTHETIC
2024-11-24,B,SYN_MINE_01,SYN_TRUCK_010,dumper,BREAKDOWN,1.444,SYNTHETIC
2024-11-25,C,SYN_MINE_01,SYN_DRILL_001,drill,BREAKDOWN,4.109,SYNTHETIC
2024-11-25,A,SYN_MINE_01,SYN_DRILL_002,drill,PREVENTIVE_MAINTENANCE,5.214,SYNTHETIC
2024-11-25,A,SYN_MINE_01,SYN_TRUCK_001,dumper,PREVENTIVE_MAINTENANCE,4.306,SYNTHETIC
2024-11-25,A,SYN_MINE_01,SYN_TRUCK_003,dumper,PREVENTIVE_MAINTENANCE,4.927,SYNTHETIC
2024-11-25,A,SYN_MINE_01,SYN_TRUCK_004,dumper,BREAKDOWN,5.369,SYNTHETIC
2024-11-25,A,SYN_MINE_01,SYN_TRUCK_014,dumper,PREVENTIVE_MAINTENANCE,7.0,SYNTHETIC
2024-11-26,ALL,SYN_MINE_01,SITE,site,POWER_OUTAGE,3.14,SYNTHETIC
2024-11-26,A,SYN_MINE_01,SYN_TRUCK_005,dumper,PREVENTIVE_MAINTENANCE,7.0,SYNTHETIC
2024-11-26,C,SYN_MINE_01,SYN_TRUCK_007,dumper,BREAKDOWN,2.028,SYNTHETIC
2024-11-26,C,SYN_MINE_01,SYN_TRUCK_013,dumper,BREAKDOWN,0.149,SYNTHETIC
2024-11-27,A,SYN_MINE_01,SYN_DRILL_001,drill,PREVENTIVE_MAINTENANCE,4.147,SYNTHETIC
2024-11-27,C,SYN_MINE_01,SYN_DRILL_002,drill,BREAKDOWN,2.811,SYNTHETIC
2024-11-27,B,SYN_MINE_01,SYN_TRUCK_003,dumper,BREAKDOWN,4.542,SYNTHETIC
2024-11-27,A,SYN_MINE_01,SYN_TRUCK_006,dumper,PREVENTIVE_MAINTENANCE,7.0,SYNTHETIC
2024-11-27,B,SYN_MINE_01,SYN_TRUCK_006,dumper,BREAKDOWN,1.074,SYNTHETIC
2024-11-27,A,SYN_MINE_01,SYN_TRUCK_013,dumper,BREAKDOWN,5.347,SYNTHETIC
2024-11-28,B,SYN_MINE_01,SYN_DRILL_002,drill,BREAKDOWN,5.571,SYNTHETIC
2024-11-28,A,SYN_MINE_01,SYN_TRUCK_010,dumper,PREVENTIVE_MAINTENANCE,7.0,SYNTHETIC
2024-11-28,A,SYN_MINE_01,SYN_TRUCK_011,dumper,BREAKDOWN,2.091,SYNTHETIC
2024-11-28,A,SYN_MINE_01,SYN_TRUCK_014,dumper,BREAKDOWN,1.576,SYNTHETIC
2024-11-29,C,SYN_MINE_01,SYN_TRUCK_012,dumper,BREAKDOWN,3.085,SYNTHETIC
2024-11-30,A,SYN_MINE_01,SYN_EXC_002,excavator,PREVENTIVE_MAINTENANCE,7.0,SYNTHETIC
2024-11-30,A,SYN_MINE_01,SYN_TRUCK_013,dumper,BREAKDOWN,3.717,SYNTHETIC
2024-11-30,C,SYN_MINE_01,SYN_TRUCK_014,dumper,BREAKDOWN,3.238,SYNTHETIC
2024-12-01,B,SYN_MINE_01,SYN_EXC_001,excavator,BREAKDOWN,3.464,SYNTHETIC
2024-12-01,A,SYN_MINE_01,SYN_TRUCK_006,dumper,BREAKDOWN,1.81,SYNTHETIC
2024-12-01,A,SYN_MINE_01,SYN_TRUCK_009,dumper,PREVENTIVE_MAINTENANCE,5.64,SYNTHETIC
2024-12-01,A,SYN_MINE_01,SYN_TRUCK_012,dumper,PREVENTIVE_MAINTENANCE,6.163,SYNTHETIC
2024-12-02,C,SYN_MINE_01,SYN_EXC_001,excavator,BREAKDOWN,4.667,SYNTHETIC
2024-12-02,A,SYN_MINE_01,SYN_TRUCK_002,dumper,BREAKDOWN,3.283,SYNTHETIC
2024-12-02,B,SYN_MINE_01,SYN_TRUCK_010,dumper,BREAKDOWN,6.937,SYNTHETIC
2024-12-03,B,SYN_MINE_01,SYN_DRILL_002,drill,BREAKDOWN,3.65,SYNTHETIC
2024-12-03,B,SYN_MINE_01,SYN_EXC_002,excavator,BREAKDOWN,3.976,SYNTHETIC
2024-12-04,A,SYN_MINE_01,SYN_EXC_001,excavator,BREAKDOWN,3.004,SYNTHETIC
2024-12-04,A,SYN_MINE_01,SYN_TRUCK_002,dumper,BREAKDOWN,0.84,SYNTHETIC
2024-12-04,B,SYN_MINE_01,SYN_TRUCK_004,dumper,BREAKDOWN,5.324,SYNTHETIC
2024-12-04,B,SYN_MINE_01,SYN_TRUCK_014,dumper,BREAKDOWN,2.609,SYNTHETIC
2024-12-05,B,SYN_MINE_01,SYN_DRILL_001,drill,BREAKDOWN,4.724,SYNTHETIC
2024-12-05,A,SYN_MINE_01,SYN_TRUCK_006,dumper,BREAKDOWN,0.957,SYNTHETIC
2024-12-05,A,SYN_MINE_01,SYN_TRUCK_010,dumper,BREAKDOWN,6.077,SYNTHETIC
2024-12-06,B,SYN_MINE_01,SYN_DRILL_002,drill,BREAKDOWN,4.469,SYNTHETIC
2024-12-06,A,SYN_MINE_01,SYN_EXC_001,excavator,PREVENTIVE_MAINTENANCE,7.0,SYNTHETIC
2024-12-06,C,SYN_MINE_01,SYN_EXC_001,excavator,BREAKDOWN,3.706,SYNTHETIC
2024-12-06,A,SYN_MINE_01,SYN_TRUCK_002,dumper,PREVENTIVE_MAINTENANCE,5.745,SYNTHETIC
2024-12-06,A,SYN_MINE_01,SYN_TRUCK_004,dumper,PREVENTIVE_MAINTENANCE,4.856,SYNTHETIC
2024-12-06,A,SYN_MINE_01,SYN_TRUCK_008,dumper,BREAKDOWN,1.736,SYNTHETIC
2024-12-06,A,SYN_MINE_01,SYN_TRUCK_012,dumper,BREAKDOWN,2.402,SYNTHETIC
2024-12-07,C,SYN_MINE_01,SYN_TRUCK_002,dumper,BREAKDOWN,0.185,SYNTHETIC
2024-12-07,C,SYN_MINE_01,SYN_TRUCK_009,dumper,BREAKDOWN,5.093,SYNTHETIC
2024-12-07,B,SYN_MINE_01,SYN_TRUCK_010,dumper,BREAKDOWN,1.113,SYNTHETIC
2024-12-08,A,SYN_MINE_01,SYN_DRILL_001,drill,PREVENTIVE_MAINTENANCE,5.774,SYNTHETIC
2024-12-08,A,SYN_MINE_01,SYN_DRILL_002,drill,PREVENTIVE_MAINTENANCE,4.024,SYNTHETIC
2024-12-08,B,SYN_MINE_01,SYN_EXC_002,excavator,BREAKDOWN,5.34,SYNTHETIC
2024-12-08,A,SYN_MINE_01,SYN_TRUCK_007,dumper,PREVENTIVE_MAINTENANCE,5.977,SYNTHETIC
2024-12-08,A,SYN_MINE_01,SYN_TRUCK_008,dumper,PREVENTIVE_MAINTENANCE,7.0,SYNTHETIC
2024-12-08,A,SYN_MINE_01,SYN_TRUCK_013,dumper,PREVENTIVE_MAINTENANCE,6.904,SYNTHETIC
2024-12-08,C,SYN_MINE_01,SYN_TRUCK_013,dumper,BREAKDOWN,3.723,SYNTHETIC
2024-12-09,C,SYN_MINE_01,SYN_EXC_001,excavator,BREAKDOWN,3.7,SYNTHETIC
2024-12-09,A,SYN_MINE_01,SYN_TRUCK_011,dumper,PREVENTIVE_MAINTENANCE,5.248,SYNTHETIC
2024-12-09,A,SYN_MINE_01,SYN_TRUCK_013,dumper,BREAKDOWN,4.562,SYNTHETIC
2024-12-09,C,SYN_MINE_01,SYN_TRUCK_014,dumper,BREAKDOWN,2.619,SYNTHETIC
2024-12-10,A,SYN_MINE_01,SYN_DRILL_002,drill,BREAKDOWN,3.594,SYNTHETIC
2024-12-12,A,SYN_MINE_01,SYN_TRUCK_003,dumper,BREAKDOWN,2.839,SYNTHETIC
2024-12-12,C,SYN_MINE_01,SYN_TRUCK_003,dumper,BREAKDOWN,2.178,SYNTHETIC
2024-12-12,C,SYN_MINE_01,SYN_TRUCK_006,dumper,BREAKDOWN,1.094,SYNTHETIC
2024-12-12,A,SYN_MINE_01,SYN_TRUCK_008,dumper,BREAKDOWN,3.709,SYNTHETIC
2024-12-13,B,SYN_MINE_01,SYN_DRILL_002,drill,BREAKDOWN,0.321,SYNTHETIC
2024-12-13,C,SYN_MINE_01,SYN_TRUCK_003,dumper,BREAKDOWN,0.123,SYNTHETIC
2024-12-13,C,SYN_MINE_01,SYN_TRUCK_009,dumper,BREAKDOWN,0.923,SYNTHETIC
2024-12-13,B,SYN_MINE_01,SYN_TRUCK_014,dumper,BREAKDOWN,5.36,SYNTHETIC
2024-12-14,A,SYN_MINE_01,SYN_DRILL_001,drill,BREAKDOWN,1.42,SYNTHETIC
2024-12-14,C,SYN_MINE_01,SYN_DRILL_002,drill,BREAKDOWN,2.953,SYNTHETIC
2024-12-14,A,SYN_MINE_01,SYN_TRUCK_001,dumper,PREVENTIVE_MAINTENANCE,6.344,SYNTHETIC
2024-12-14,B,SYN_MINE_01,SYN_TRUCK_005,dumper,BREAKDOWN,3.39,SYNTHETIC
2024-12-14,A,SYN_MINE_01,SYN_TRUCK_010,dumper,BREAKDOWN,1.218,SYNTHETIC
2024-12-15,A,SYN_MINE_01,SYN_TRUCK_003,dumper,PREVENTIVE_MAINTENANCE,7.0,SYNTHETIC
2024-12-15,A,SYN_MINE_01,SYN_TRUCK_005,dumper,PREVENTIVE_MAINTENANCE,4.669,SYNTHETIC
2024-12-15,B,SYN_MINE_01,SYN_TRUCK_009,dumper,BREAKDOWN,2.661,SYNTHETIC
2024-12-15,A,SYN_MINE_01,SYN_TRUCK_014,dumper,PREVENTIVE_MAINTENANCE,4.341,SYNTHETIC
2024-12-16,C,SYN_MINE_01,SYN_TRUCK_008,dumper,BREAKDOWN,1.459,SYNTHETIC
2024-12-17,A,SYN_MINE_01,SYN_DRILL_002,drill,BREAKDOWN,2.167,SYNTHETIC
2024-12-17,A,SYN_MINE_01,SYN_TRUCK_006,dumper,PREVENTIVE_MAINTENANCE,4.338,SYNTHETIC
2024-12-17,C,SYN_MINE_01,SYN_TRUCK_010,dumper,BREAKDOWN,1.88,SYNTHETIC
2024-12-18,C,SYN_MINE_01,SYN_DRILL_002,drill,BREAKDOWN,4.739,SYNTHETIC
2024-12-18,A,SYN_MINE_01,SYN_EXC_002,excavator,PREVENTIVE_MAINTENANCE,7.0,SYNTHETIC
2024-12-18,C,SYN_MINE_01,SYN_TRUCK_006,dumper,BREAKDOWN,4.817,SYNTHETIC
2024-12-18,C,SYN_MINE_01,SYN_TRUCK_007,dumper,BREAKDOWN,0.159,SYNTHETIC
2024-12-18,B,SYN_MINE_01,SYN_TRUCK_008,dumper,BREAKDOWN,1.562,SYNTHETIC
2024-12-18,B,SYN_MINE_01,SYN_TRUCK_012,dumper,BREAKDOWN,0.813,SYNTHETIC
2024-12-19,A,SYN_MINE_01,SYN_DRILL_001,drill,PREVENTIVE_MAINTENANCE,5.399,SYNTHETIC
2024-12-19,A,SYN_MINE_01,SYN_TRUCK_010,dumper,PREVENTIVE_MAINTENANCE,7.0,SYNTHETIC
2024-12-19,A,SYN_MINE_01,SYN_TRUCK_012,dumper,BREAKDOWN,4.66,SYNTHETIC
2024-12-19,A,SYN_MINE_01,SYN_TRUCK_013,dumper,BREAKDOWN,3.035,SYNTHETIC
2024-12-20,C,SYN_MINE_01,SYN_DRILL_001,drill,BREAKDOWN,4.826,SYNTHETIC
2024-12-20,A,SYN_MINE_01,SYN_DRILL_002,drill,PREVENTIVE_MAINTENANCE,4.033,SYNTHETIC
2024-12-20,C,SYN_MINE_01,SYN_TRUCK_001,dumper,BREAKDOWN,3.008,SYNTHETIC
2024-12-20,A,SYN_MINE_01,SYN_TRUCK_005,dumper,BREAKDOWN,0.627,SYNTHETIC
2024-12-21,B,SYN_MINE_01,SYN_TRUCK_005,dumper,BREAKDOWN,3.862,SYNTHETIC
2024-12-21,A,SYN_MINE_01,SYN_TRUCK_006,dumper,BREAKDOWN,5.281,SYNTHETIC
2024-12-21,C,SYN_MINE_01,SYN_TRUCK_008,dumper,BREAKDOWN,1.118,SYNTHETIC
2024-12-21,A,SYN_MINE_01,SYN_TRUCK_009,dumper,PREVENTIVE_MAINTENANCE,5.648,SYNTHETIC
2024-12-21,C,SYN_MINE_01,SYN_TRUCK_011,dumper,BREAKDOWN,3.535,SYNTHETIC
2024-12-21,A,SYN_MINE_01,SYN_TRUCK_012,dumper,PREVENTIVE_MAINTENANCE,4.285,SYNTHETIC
2024-12-22,A,SYN_MINE_01,SYN_TRUCK_001,dumper,BREAKDOWN,4.963,SYNTHETIC
2024-12-22,A,SYN_MINE_01,SYN_TRUCK_004,dumper,BREAKDOWN,2.179,SYNTHETIC
2024-12-22,B,SYN_MINE_01,SYN_TRUCK_005,dumper,BREAKDOWN,1.994,SYNTHETIC
2024-12-23,A,SYN_MINE_01,SYN_TRUCK_009,dumper,BREAKDOWN,1.352,SYNTHETIC
2024-12-23,A,SYN_MINE_01,SYN_TRUCK_013,dumper,BREAKDOWN,0.404,SYNTHETIC
2024-12-24,B,SYN_MINE_01,SYN_TRUCK_009,dumper,BREAKDOWN,4.209,SYNTHETIC
2024-12-25,C,SYN_MINE_01,SYN_DRILL_001,drill,BREAKDOWN,3.629,SYNTHETIC
2024-12-25,A,SYN_MINE_01,SYN_DRILL_002,drill,BREAKDOWN,3.203,SYNTHETIC
2024-12-25,A,SYN_MINE_01,SYN_EXC_001,excavator,PREVENTIVE_MAINTENANCE,7.0,SYNTHETIC
2024-12-25,C,SYN_MINE_01,SYN_EXC_001,excavator,BREAKDOWN,2.036,SYNTHETIC
2024-12-25,B,SYN_MINE_01,SYN_TRUCK_001,dumper,BREAKDOWN,6.349,SYNTHETIC
2024-12-25,A,SYN_MINE_01,SYN_TRUCK_002,dumper,PREVENTIVE_MAINTENANCE,6.247,SYNTHETIC
2024-12-25,A,SYN_MINE_01,SYN_TRUCK_004,dumper,PREVENTIVE_MAINTENANCE,5.744,SYNTHETIC
2024-12-25,B,SYN_MINE_01,SYN_TRUCK_005,dumper,BREAKDOWN,2.939,SYNTHETIC
2024-12-25,C,SYN_MINE_01,SYN_TRUCK_008,dumper,BREAKDOWN,2.692,SYNTHETIC
2024-12-25,C,SYN_MINE_01,SYN_TRUCK_012,dumper,BREAKDOWN,3.303,SYNTHETIC
2024-12-26,C,SYN_MINE_01,SYN_DRILL_001,drill,BREAKDOWN,2.342,SYNTHETIC
2024-12-26,C,SYN_MINE_01,SYN_TRUCK_003,dumper,BREAKDOWN,1.916,SYNTHETIC
2024-12-26,B,SYN_MINE_01,SYN_TRUCK_010,dumper,BREAKDOWN,2.478,SYNTHETIC
2024-12-27,C,SYN_MINE_01,SYN_DRILL_001,drill,BREAKDOWN,0.786,SYNTHETIC
2024-12-27,B,SYN_MINE_01,SYN_DRILL_002,drill,BREAKDOWN,1.296,SYNTHETIC
2024-12-27,A,SYN_MINE_01,SYN_EXC_001,excavator,BREAKDOWN,2.518,SYNTHETIC
2024-12-27,C,SYN_MINE_01,SYN_TRUCK_004,dumper,BREAKDOWN,0.28,SYNTHETIC
2024-12-27,B,SYN_MINE_01,SYN_TRUCK_006,dumper,BREAKDOWN,0.876,SYNTHETIC
2024-12-27,A,SYN_MINE_01,SYN_TRUCK_007,dumper,PREVENTIVE_MAINTENANCE,6.067,SYNTHETIC
2024-12-28,A,SYN_MINE_01,SYN_TRUCK_005,dumper,BREAKDOWN,1.155,SYNTHETIC
2024-12-28,B,SYN_MINE_01,SYN_TRUCK_008,dumper,BREAKDOWN,3.515,SYNTHETIC
2024-12-28,B,SYN_MINE_01,SYN_TRUCK_009,dumper,BREAKDOWN,1.449,SYNTHETIC
2024-12-28,B,SYN_MINE_01,SYN_TRUCK_010,dumper,BREAKDOWN,6.438,SYNTHETIC
2024-12-28,A,SYN_MINE_01,SYN_TRUCK_011,dumper,PREVENTIVE_MAINTENANCE,4.61,SYNTHETIC
2024-12-28,A,SYN_MINE_01,SYN_TRUCK_013,dumper,PREVENTIVE_MAINTENANCE,4.222,SYNTHETIC
2024-12-30,C,SYN_MINE_01,SYN_TRUCK_001,dumper,BREAKDOWN,3.024,SYNTHETIC
2024-12-30,C,SYN_MINE_01,SYN_TRUCK_004,dumper,BREAKDOWN,4.271,SYNTHETIC
2024-12-30,A,SYN_MINE_01,SYN_TRUCK_008,dumper,PREVENTIVE_MAINTENANCE,5.385,SYNTHETIC
2024-12-30,B,SYN_MINE_01,SYN_TRUCK_011,dumper,BREAKDOWN,0.587,SYNTHETIC
2024-12-30,B,SYN_MINE_01,SYN_TRUCK_014,dumper,BREAKDOWN,1.44,SYNTHETIC
2024-12-31,C,SYN_MINE_01,SYN_TRUCK_004,dumper,BREAKDOWN,2.115,SYNTHETIC
2025-01-01,A,SYN_MINE_01,SYN_DRILL_001,drill,PREVENTIVE_MAINTENANCE,4.456,SYNTHETIC
2025-01-01,A,SYN_MINE_01,SYN_DRILL_002,drill,PREVENTIVE_MAINTENANCE,5.701,SYNTHETIC
2025-01-01,B,SYN_MINE_01,SYN_EXC_002,excavator,BREAKDOWN,2.961,SYNTHETIC
2025-01-01,C,SYN_MINE_01,SYN_TRUCK_003,dumper,BREAKDOWN,0.811,SYNTHETIC
2025-01-01,B,SYN_MINE_01,SYN_TRUCK_006,dumper,BREAKDOWN,2.255,SYNTHETIC
2025-01-01,B,SYN_MINE_01,SYN_TRUCK_016,dumper,BREAKDOWN,4.323,SYNTHETIC
2025-01-02,A,SYN_MINE_01,SYN_TRUCK_004,dumper,BREAKDOWN,3.33,SYNTHETIC
2025-01-02,B,SYN_MINE_01,SYN_TRUCK_008,dumper,BREAKDOWN,3.199,SYNTHETIC
2025-01-02,C,SYN_MINE_01,SYN_TRUCK_009,dumper,BREAKDOWN,3.953,SYNTHETIC
2025-01-02,B,SYN_MINE_01,SYN_TRUCK_011,dumper,BREAKDOWN,4.497,SYNTHETIC
2025-01-03,A,SYN_MINE_01,SYN_EXC_002,excavator,PREVENTIVE_MAINTENANCE,7.0,SYNTHETIC
2025-01-03,A,SYN_MINE_01,SYN_TRUCK_001,dumper,PREVENTIVE_MAINTENANCE,5.253,SYNTHETIC
2025-01-03,A,SYN_MINE_01,SYN_TRUCK_014,dumper,PREVENTIVE_MAINTENANCE,6.145,SYNTHETIC
2025-01-04,C,SYN_MINE_01,SYN_TRUCK_003,dumper,BREAKDOWN,0.718,SYNTHETIC
2025-01-04,B,SYN_MINE_01,SYN_TRUCK_005,dumper,BREAKDOWN,4.233,SYNTHETIC
2025-01-04,B,SYN_MINE_01,SYN_TRUCK_006,dumper,BREAKDOWN,4.473,SYNTHETIC
2025-01-04,B,SYN_MINE_01,SYN_TRUCK_008,dumper,BREAKDOWN,2.413,SYNTHETIC
2025-01-04,C,SYN_MINE_01,SYN_TRUCK_009,dumper,BREAKDOWN,3.923,SYNTHETIC
2025-01-04,B,SYN_MINE_01,SYN_TRUCK_010,dumper,BREAKDOWN,6.498,SYNTHETIC
2025-01-04,B,SYN_MINE_01,SYN_TRUCK_014,dumper,BREAKDOWN,3.645,SYNTHETIC
2025-01-04,A,SYN_MINE_01,SYN_TRUCK_016,dumper,BREAKDOWN,2.059,SYNTHETIC
2025-01-05,C,SYN_MINE_01,SYN_EXC_002,excavator,BREAKDOWN,0.165,SYNTHETIC
2025-01-05,B,SYN_MINE_01,SYN_TRUCK_002,dumper,BREAKDOWN,1.257,SYNTHETIC
2025-01-05,A,SYN_MINE_01,SYN_TRUCK_005,dumper,PREVENTIVE_MAINTENANCE,6.903,SYNTHETIC
2025-01-05,B,SYN_MINE_01,SYN_TRUCK_005,dumper,BREAKDOWN,6.454,SYNTHETIC
2025-01-05,A,SYN_MINE_01,SYN_TRUCK_008,dumper,BREAKDOWN,1.969,SYNTHETIC
2025-01-05,B,SYN_MINE_01,SYN_TRUCK_011,dumper,BREAKDOWN,1.655,SYNTHETIC
2025-01-06,A,SYN_MINE_01,SYN_DRILL_002,drill,BREAKDOWN,1.335,SYNTHETIC
2025-01-06,A,SYN_MINE_01,SYN_EXC_001,excavator,BREAKDOWN,4.577,SYNTHETIC
2025-01-06,A,SYN_MINE_01,SYN_TRUCK_003,dumper,PREVENTIVE_MAINTENANCE,4.088,SYNTHETIC
2025-01-06,C,SYN_MINE_01,SYN_TRUCK_009,dumper,BREAKDOWN,1.304,SYNTHETIC
2025-01-06,C,SYN_MINE_01,SYN_TRUCK_016,dumper,BREAKDOWN,4.756,SYNTHETIC
2025-01-07,A,SYN_MINE_01,SYN_TRUCK_005,dumper,BREAKDOWN,4.983,SYNTHETIC
2025-01-07,A,SYN_MINE_01,SYN_TRUCK_006,dumper,PREVENTIVE_MAINTENANCE,6.815,SYNTHETIC
2025-01-07,A,SYN_MINE_01,SYN_TRUCK_007,dumper,BREAKDOWN,2.842,SYNTHETIC
2025-01-07,C,SYN_MINE_01,SYN_TRUCK_012,dumper,BREAKDOWN,1.341,SYNTHETIC
2025-01-07,B,SYN_MINE_01,SYN_TRUCK_016,dumper,BREAKDOWN,4.758,SYNTHETIC
2025-01-08,A,SYN_MINE_01,SYN_DRILL_002,drill,BREAKDOWN,1.786,SYNTHETIC
2025-01-08,C,SYN_MINE_01,SYN_TRUCK_004,dumper,BREAKDOWN,4.061,SYNTHETIC
2025-01-08,B,SYN_MINE_01,SYN_TRUCK_007,dumper,BREAKDOWN,3.139,SYNTHETIC
2025-01-08,A,SYN_MINE_01,SYN_TRUCK_008,dumper,BREAKDOWN,3.387,SYNTHETIC
2025-01-08,A,SYN_MINE_01,SYN_TRUCK_010,dumper,PREVENTIVE_MAINTENANCE,7.0,SYNTHETIC
2025-01-08,A,SYN_MINE_01,SYN_TRUCK_012,dumper,BREAKDOWN,4.84,SYNTHETIC
2025-01-08,C,SYN_MINE_01,SYN_TRUCK_012,dumper,BREAKDOWN,1.907,SYNTHETIC
2025-01-09,B,SYN_MINE_01,SYN_TRUCK_015,dumper,BREAKDOWN,3.874,SYNTHETIC
2025-01-09,B,SYN_MINE_01,SYN_TRUCK_016,dumper,BREAKDOWN,1.212,SYNTHETIC
2025-01-10,A,SYN_MINE_01,SYN_TRUCK_012,dumper,PREVENTIVE_MAINTENANCE,7.0,SYNTHETIC
2025-01-11,A,SYN_MINE_01,SYN_EXC_001,excavator,PREVENTIVE_MAINTENANCE,7.0,SYNTHETIC
2025-01-11,B,SYN_MINE_01,SYN_TRUCK_010,dumper,BREAKDOWN,1.006,SYNTHETIC
2025-01-11,B,SYN_MINE_01,SYN_TRUCK_012,dumper,BREAKDOWN,4.884,SYNTHETIC
2025-01-11,A,SYN_MINE_01,SYN_TRUCK_014,dumper,BREAKDOWN,2.63,SYNTHETIC
2025-01-11,A,SYN_MINE_01,SYN_TRUCK_015,dumper,PREVENTIVE_MAINTENANCE,4.692,SYNTHETIC
2025-01-11,B,SYN_MINE_01,SYN_TRUCK_016,dumper,BREAKDOWN,4.054,SYNTHETIC
2025-01-12,A,SYN_MINE_01,SYN_DRILL_001,drill,PREVENTIVE_MAINTENANCE,5.303,SYNTHETIC
2025-01-12,B,SYN_MINE_01,SYN_DRILL_002,drill,BREAKDOWN,6.23,SYNTHETIC
2025-01-12,C,SYN_MINE_01,SYN_EXC_001,excavator,BREAKDOWN,4.456,SYNTHETIC
2025-01-12,A,SYN_MINE_01,SYN_TRUCK_009,dumper,PREVENTIVE_MAINTENANCE,6.841,SYNTHETIC
2025-01-12,B,SYN_MINE_01,SYN_TRUCK_013,dumper,BREAKDOWN,3.07,SYNTHETIC
2025-01-12,A,SYN_MINE_01,SYN_TRUCK_016,dumper,BREAKDOWN,0.498,SYNTHETIC
2025-01-13,A,SYN_MINE_01,SYN_DRILL_002,drill,PREVENTIVE_MAINTENANCE,4.4,SYNTHETIC
2025-01-13,C,SYN_MINE_01,SYN_DRILL_002,drill,BREAKDOWN,2.25,SYNTHETIC
2025-01-13,A,SYN_MINE_01,SYN_TRUCK_002,dumper,PREVENTIVE_MAINTENANCE,6.614,SYNTHETIC
2025-01-14,B,SYN_MINE_01,SYN_EXC_002,excavator,BREAKDOWN,3.593,SYNTHETIC
2025-01-14,A,SYN_MINE_01,SYN_TRUCK_013,dumper,BREAKDOWN,1.681,SYNTHETIC
2025-01-15,A,SYN_MINE_01,SYN_TRUCK_004,dumper,PREVENTIVE_MAINTENANCE,6.459,SYNTHETIC
2025-01-15,A,SYN_MINE_01,SYN_TRUCK_007,dumper,PREVENTIVE_MAINTENANCE,7.0,SYNTHETIC
2025-01-15,C,SYN_MINE_01,SYN_TRUCK_014,dumper,BREAKDOWN,1.931,SYNTHETIC
2025-01-16,B,SYN_MINE_01,SYN_TRUCK_012,dumper,BREAKDOWN,1.436,SYNTHETIC
2025-01-16,A,SYN_MINE_01,SYN_TRUCK_013,dumper,BREAKDOWN,5.92,SYNTHETIC
2025-01-17,C,SYN_MINE_01,SYN_DRILL_002,drill,BREAKDOWN,2.305,SYNTHETIC
2025-01-17,A,SYN_MINE_01,SYN_EXC_001,excavator,BREAKDOWN,1.847,SYNTHETIC
2025-01-17,A,SYN_MINE_01,SYN_TRUCK_002,dumper,BREAKDOWN,2.266,SYNTHETIC
2025-01-17,A,SYN_MINE_01,SYN_TRUCK_003,dumper,BREAKDOWN,3.385,SYNTHETIC
2025-01-17,A,SYN_MINE_01,SYN_TRUCK_011,dumper,PREVENTIVE_MAINTENANCE,7.0,SYNTHETIC
2025-01-17,A,SYN_MINE_01,SYN_TRUCK_013,dumper,PREVENTIVE_MAINTENANCE,4.213,SYNTHETIC
2025-01-17,B,SYN_MINE_01,SYN_TRUCK_016,dumper,BREAKDOWN,3.962,SYNTHETIC
2025-01-18,C,SYN_MINE_01,SYN_TRUCK_003,dumper,BREAKDOWN,3.79,SYNTHETIC
2025-01-18,A,SYN_MINE_01,SYN_TRUCK_004,dumper,BREAKDOWN,4.039,SYNTHETIC
2025-01-18,C,SYN_MINE_01,SYN_TRUCK_005,dumper,BREAKDOWN,3.245,SYNTHETIC
2025-01-18,A,SYN_MINE_01,SYN_TRUCK_008,dumper,PREVENTIVE_MAINTENANCE,7.0,SYNTHETIC
2025-01-18,C,SYN_MINE_01,SYN_TRUCK_014,dumper,BREAKDOWN,4.046,SYNTHETIC
2025-01-19,B,SYN_MINE_01,SYN_DRILL_001,drill,BREAKDOWN,3.504,SYNTHETIC
2025-01-19,B,SYN_MINE_01,SYN_DRILL_002,drill,BREAKDOWN,5.094,SYNTHETIC
2025-01-19,A,SYN_MINE_01,SYN_EXC_002,excavator,PREVENTIVE_MAINTENANCE,7.0,SYNTHETIC
2025-01-19,A,SYN_MINE_01,SYN_TRUCK_013,dumper,BREAKDOWN,1.258,SYNTHETIC
2025-01-19,A,SYN_MINE_01,SYN_TRUCK_016,dumper,PREVENTIVE_MAINTENANCE,6.036,SYNTHETIC
2025-01-20,C,SYN_MINE_01,SYN_TRUCK_006,dumper,BREAKDOWN,2.555,SYNTHETIC
2025-01-21,B,SYN_MINE_01,SYN_TRUCK_009,dumper,BREAKDOWN,5.508,SYNTHETIC
2025-01-21,A,SYN_MINE_01,SYN_TRUCK_011,dumper,BREAKDOWN,4.519,SYNTHETIC
2025-01-21,A,SYN_MINE_01,SYN_TRUCK_013,dumper,BREAKDOWN,5.05,SYNTHETIC
2025-01-22,C,SYN_MINE_01,SYN_DRILL_002,drill,BREAKDOWN,2.597,SYNTHETIC
2025-01-22,A,SYN_MINE_01,SYN_TRUCK_001,dumper,PREVENTIVE_MAINTENANCE,7.0,SYNTHETIC
2025-01-22,C,SYN_MINE_01,SYN_TRUCK_001,dumper,BREAKDOWN,3.235,SYNTHETIC
2025-01-22,B,SYN_MINE_01,SYN_TRUCK_002,dumper,BREAKDOWN,2.717,SYNTHETIC
2025-01-22,A,SYN_MINE_01,SYN_TRUCK_003,dumper,BREAKDOWN,3.431,SYNTHETIC
2025-01-22,B,SYN_MINE_01,SYN_TRUCK_010,dumper,BREAKDOWN,5.042,SYNTHETIC
2025-01-22,B,SYN_MINE_01,SYN_TRUCK_013,dumper,BREAKDOWN,3.147,SYNTHETIC
2025-01-23,A,SYN_MINE_01,SYN_DRILL_001,drill,PREVENTIVE_MAINTENANCE,5.258,SYNTHETIC
2025-01-23,C,SYN_MINE_01,SYN_DRILL_001,drill,BREAKDOWN,4.839,SYNTHETIC
2025-01-23,A,SYN_MINE_01,SYN_DRILL_002,drill,BREAKDOWN,3.148,SYNTHETIC
2025-01-23,A,SYN_MINE_01,SYN_TRUCK_003,dumper,BREAKDOWN,0.263,SYNTHETIC
2025-01-23,C,SYN_MINE_01,SYN_TRUCK_008,dumper,BREAKDOWN,3.84,SYNTHETIC
2025-01-24,A,SYN_MINE_01,SYN_TRUCK_014,dumper,PREVENTIVE_MAINTENANCE,5.28,SYNTHETIC
2025-01-25,A,SYN_MINE_01,SYN_TRUCK_005,dumper,PREVENTIVE_MAINTENANCE,5.842,SYNTHETIC
2025-01-25,B,SYN_MINE_01,SYN_TRUCK_007,dumper,BREAKDOWN,3.933,SYNTHETIC
2025-01-25,C,SYN_MINE_01,SYN_TRUCK_008,dumper,BREAKDOWN,0.233,SYNTHETIC
2025-01-25,A,SYN_MINE_01,SYN_TRUCK_011,dumper,BREAKDOWN,2.381,SYNTHETIC
2025-01-26,C,SYN_MINE_01,SYN_DRILL_001,drill,BREAKDOWN,0.656,SYNTHETIC
2025-01-26,A,SYN_MINE_01,SYN_DRILL_002,drill,PREVENTIVE_MAINTENANCE,4.093,SYNTHETIC
2025-01-26,A,SYN_MINE_01,SYN_EXC_002,excavator,BREAKDOWN,3.254,SYNTHETIC
2025-01-26,A,SYN_MINE_01,SYN_TRUCK_003,dumper,PREVENTIVE_MAINTENANCE,6.251,SYNTHETIC
2025-01-26,A,SYN_MINE_01,SYN_TRUCK_006,dumper,PREVENTIVE_MAINTENANCE,7.0,SYNTHETIC
2025-01-26,C,SYN_MINE_01,SYN_TRUCK_016,dumper,BREAKDOWN,0.542,SYNTHETIC
2025-01-27,C,SYN_MINE_01,SYN_DRILL_002,drill,BREAKDOWN,2.121,SYNTHETIC
2025-01-27,A,SYN_MINE_01,SYN_EXC_001,excavator,PREVENTIVE_MAINTENANCE,7.0,SYNTHETIC
2025-01-27,A,SYN_MINE_01,SYN_TRUCK_010,dumper,PREVENTIVE_MAINTENANCE,4.982,SYNTHETIC
2025-01-27,A,SYN_MINE_01,SYN_TRUCK_013,dumper,BREAKDOWN,2.674,SYNTHETIC
2025-01-28,C,SYN_MINE_01,SYN_EXC_001,excavator,BREAKDOWN,0.314,SYNTHETIC
2025-01-28,C,SYN_MINE_01,SYN_TRUCK_009,dumper,BREAKDOWN,5.194,SYNTHETIC
2025-01-29,B,SYN_MINE_01,SYN_TRUCK_006,dumper,BREAKDOWN,3.407,SYNTHETIC
2025-01-29,A,SYN_MINE_01,SYN_TRUCK_012,dumper,PREVENTIVE_MAINTENANCE,7.0,SYNTHETIC
2025-01-29,A,SYN_MINE_01,SYN_TRUCK_015,dumper,PREVENTIVE_MAINTENANCE,4.009,SYNTHETIC
2025-01-29,A,SYN_MINE_01,SYN_TRUCK_016,dumper,BREAKDOWN,1.317,SYNTHETIC
2025-01-29,C,SYN_MINE_01,SYN_TRUCK_016,dumper,BREAKDOWN,5.794,SYNTHETIC
2025-01-30,C,SYN_MINE_01,SYN_EXC_002,excavator,BREAKDOWN,3.162,SYNTHETIC
2025-01-30,A,SYN_MINE_01,SYN_TRUCK_004,dumper,BREAKDOWN,2.59,SYNTHETIC
2025-01-30,B,SYN_MINE_01,SYN_TRUCK_012,dumper,BREAKDOWN,1.628,SYNTHETIC
2025-01-31,B,SYN_MINE_01,SYN_DRILL_001,drill,BREAKDOWN,0.203,SYNTHETIC
2025-01-31,C,SYN_MINE_01,SYN_DRILL_002,drill,BREAKDOWN,4.78,SYNTHETIC
2025-01-31,B,SYN_MINE_01,SYN_TRUCK_006,dumper,BREAKDOWN,5.365,SYNTHETIC
2025-01-31,C,SYN_MINE_01,SYN_TRUCK_007,dumper,BREAKDOWN,3.652,SYNTHETIC
2025-01-31,A,SYN_MINE_01,SYN_TRUCK_009,dumper,PREVENTIVE_MAINTENANCE,6.227,SYNTHETIC
2025-01-31,C,SYN_MINE_01,SYN_TRUCK_015,dumper,BREAKDOWN,2.871,SYNTHETIC
2025-02-01,A,SYN_MINE_01,SYN_DRILL_002,drill,BREAKDOWN,5.458,SYNTHETIC
2025-02-01,B,SYN_MINE_01,SYN_TRUCK_004,dumper,BREAKDOWN,2.131,SYNTHETIC
2025-02-01,A,SYN_MINE_01,SYN_TRUCK_012,dumper,BREAKDOWN,1.317,SYNTHETIC
2025-02-02,B,SYN_MINE_01,SYN_EXC_001,excavator,BREAKDOWN,4.876,SYNTHETIC
2025-02-02,A,SYN_MINE_01,SYN_TRUCK_002,dumper,PREVENTIVE_MAINTENANCE,4.42,SYNTHETIC
2025-02-02,B,SYN_MINE_01,SYN_TRUCK_007,dumper,BREAKDOWN,1.13,SYNTHETIC
2025-02-02,B,SYN_MINE_01,SYN_TRUCK_012,dumper,BREAKDOWN,3.137,SYNTHETIC
2025-02-03,A,SYN_MINE_01,SYN_DRILL_002,drill,BREAKDOWN,0.962,SYNTHETIC
2025-02-03,A,SYN_MINE_01,SYN_EXC_001,excavator,BREAKDOWN,5.888,SYNTHETIC
2025-02-03,B,SYN_MINE_01,SYN_EXC_002,excavator,BREAKDOWN,3.782,SYNTHETIC
2025-02-03,A,SYN_MINE_01,SYN_TRUCK_004,dumper,PREVENTIVE_MAINTENANCE,5.691,SYNTHETIC
2025-02-04,A,SYN_MINE_01,SYN_DRILL_001,drill,PREVENTIVE_MAINTENANCE,5.354,SYNTHETIC
2025-02-04,A,SYN_MINE_01,SYN_TRUCK_007,dumper,PREVENTIVE_MAINTENANCE,6.854,SYNTHETIC
2025-02-04,B,SYN_MINE_01,SYN_TRUCK_008,dumper,BREAKDOWN,1.589,SYNTHETIC
2025-02-04,A,SYN_MINE_01,SYN_TRUCK_012,dumper,BREAKDOWN,6.95,SYNTHETIC
2025-02-04,A,SYN_MINE_01,SYN_TRUCK_013,dumper,BREAKDOWN,0.818,SYNTHETIC
2025-02-05,A,SYN_MINE_01,SYN_DRILL_001,drill,BREAKDOWN,0.534,SYNTHETIC
2025-02-05,A,SYN_MINE_01,SYN_EXC_002,excavator,PREVENTIVE_MAINTENANCE,7.0,SYNTHETIC
2025-02-05,B,SYN_MINE_01,SYN_EXC_002,excavator,BREAKDOWN,1.829,SYNTHETIC
2025-02-05,C,SYN_MINE_01,SYN_TRUCK_003,dumper,BREAKDOWN,3.333,SYNTHETIC
2025-02-05,C,SYN_MINE_01,SYN_TRUCK_006,dumper,BREAKDOWN,5.48,SYNTHETIC
2025-02-05,C,SYN_MINE_01,SYN_TRUCK_007,dumper,BREAKDOWN,4.059,SYNTHETIC
2025-02-05,B,SYN_MINE_01,SYN_TRUCK_008,dumper,BREAKDOWN,1.563,SYNTHETIC
2025-02-05,A,SYN_MINE_01,SYN_TRUCK_011,dumper,PREVENTIVE_MAINTENANCE,5.769,SYNTHETIC
2025-02-06,A,SYN_MINE_01,SYN_TRUCK_001,dumper,BREAKDOWN,0.15,SYNTHETIC
2025-02-06,A,SYN_MINE_01,SYN_TRUCK_002,dumper,BREAKDOWN,3.719,SYNTHETIC
2025-02-06,C,SYN_MINE_01,SYN_TRUCK_012,dumper,BREAKDOWN,2.434,SYNTHETIC
2025-02-07,A,SYN_MINE_01,SYN_DRILL_002,drill,PREVENTIVE_MAINTENANCE,5.876,SYNTHETIC
2025-02-07,B,SYN_MINE_01,SYN_TRUCK_011,dumper,BREAKDOWN,3.591,SYNTHETIC
2025-02-07,A,SYN_MINE_01,SYN_TRUCK_013,dumper,PREVENTIVE_MAINTENANCE,6.523,SYNTHETIC
2025-02-08,ALL,SYN_MINE_01,SITE,site,POWER_OUTAGE,5.41,SYNTHETIC
2025-02-08,A,SYN_MINE_01,SYN_DRILL_001,drill,BREAKDOWN,5.812,SYNTHETIC
2025-02-08,C,SYN_MINE_01,SYN_TRUCK_004,dumper,BREAKDOWN,1.649,SYNTHETIC
2025-02-08,A,SYN_MINE_01,SYN_TRUCK_007,dumper,BREAKDOWN,3.739,SYNTHETIC
2025-02-08,A,SYN_MINE_01,SYN_TRUCK_008,dumper,PREVENTIVE_MAINTENANCE,5.616,SYNTHETIC
2025-02-09,B,SYN_MINE_01,SYN_EXC_001,excavator,BREAKDOWN,4.179,SYNTHETIC
2025-02-09,C,SYN_MINE_01,SYN_TRUCK_005,dumper,BREAKDOWN,4.011,SYNTHETIC
2025-02-09,A,SYN_MINE_01,SYN_TRUCK_010,dumper,BREAKDOWN,5.074,SYNTHETIC
2025-02-10,B,SYN_MINE_01,SYN_DRILL_002,drill,BREAKDOWN,3.249,SYNTHETIC
2025-02-10,A,SYN_MINE_01,SYN_TRUCK_001,dumper,PREVENTIVE_MAINTENANCE,4.58,SYNTHETIC
2025-02-11,B,SYN_MINE_01,SYN_EXC_002,excavator,BREAKDOWN,6.296,SYNTHETIC
2025-02-11,C,SYN_MINE_01,SYN_TRUCK_011,dumper,BREAKDOWN,5.814,SYNTHETIC
2025-02-12,B,SYN_MINE_01,SYN_DRILL_001,drill,BREAKDOWN,2.343,SYNTHETIC
2025-02-12,C,SYN_MINE_01,SYN_TRUCK_011,dumper,BREAKDOWN,1.045,SYNTHETIC
2025-02-12,B,SYN_MINE_01,SYN_TRUCK_013,dumper,BREAKDOWN,1.686,SYNTHETIC
2025-02-13,A,SYN_MINE_01,SYN_EXC_001,excavator,BREAKDOWN,0.006,SYNTHETIC
2025-02-13,A,SYN_MINE_01,SYN_TRUCK_005,dumper,PREVENTIVE_MAINTENANCE,5.098,SYNTHETIC
2025-02-13,B,SYN_MINE_01,SYN_TRUCK_010,dumper,BREAKDOWN,1.569,SYNTHETIC
2025-02-13,A,SYN_MINE_01,SYN_TRUCK_012,dumper,BREAKDOWN,4.248,SYNTHETIC
2025-02-14,A,SYN_MINE_01,SYN_DRILL_001,drill,BREAKDOWN,2.043,SYNTHETIC
2025-02-14,B,SYN_MINE_01,SYN_EXC_001,excavator,BREAKDOWN,0.713,SYNTHETIC
2025-02-14,B,SYN_MINE_01,SYN_TRUCK_009,dumper,BREAKDOWN,2.865,SYNTHETIC
2025-02-15,A,SYN_MINE_01,SYN_TRUCK_002,dumper,BREAKDOWN,1.198,SYNTHETIC
2025-02-15,A,SYN_MINE_01,SYN_TRUCK_003,dumper,PREVENTIVE_MAINTENANCE,6.679,SYNTHETIC
2025-02-15,A,SYN_MINE_01,SYN_TRUCK_006,dumper,PREVENTIVE_MAINTENANCE,6.632,SYNTHETIC
2025-02-15,A,SYN_MINE_01,SYN_TRUCK_010,dumper,PREVENTIVE_MAINTENANCE,5.448,SYNTHETIC
2025-02-15,C,SYN_MINE_01,SYN_TRUCK_013,dumper,BREAKDOWN,4.491,SYNTHETIC
2025-02-16,B,SYN_MINE_01,SYN_DRILL_001,drill,BREAKDOWN,6.373,SYNTHETIC
2025-02-16,B,SYN_MINE_01,SYN_TRUCK_001,dumper,BREAKDOWN,6.006,SYNTHETIC
2025-02-17,B,SYN_MINE_01,SYN_TRUCK_003,dumper,BREAKDOWN,3.45,SYNTHETIC
2025-02-17,A,SYN_MINE_01,SYN_TRUCK_007,dumper,BREAKDOWN,3.888,SYNTHETIC
2025-02-18,A,SYN_MINE_01,SYN_DRILL_001,drill,PREVENTIVE_MAINTENANCE,5.581,SYNTHETIC
2025-02-18,A,SYN_MINE_01,SYN_DRILL_002,drill,PREVENTIVE_MAINTENANCE,5.651,SYNTHETIC
2025-02-18,B,SYN_MINE_01,SYN_TRUCK_005,dumper,BREAKDOWN,4.375,SYNTHETIC
2025-02-18,B,SYN_MINE_01,SYN_TRUCK_008,dumper,BREAKDOWN,2.524,SYNTHETIC
2025-02-18,A,SYN_MINE_01,SYN_TRUCK_010,dumper,BREAKDOWN,2.036,SYNTHETIC
2025-02-19,A,SYN_MINE_01,SYN_EXC_001,excavator,BREAKDOWN,3.489,SYNTHETIC
2025-02-19,A,SYN_MINE_01,SYN_TRUCK_009,dumper,PREVENTIVE_MAINTENANCE,7.0,SYNTHETIC
2025-02-20,B,SYN_MINE_01,SYN_EXC_002,excavator,BREAKDOWN,1.971,SYNTHETIC
2025-02-20,A,SYN_MINE_01,SYN_TRUCK_001,dumper,BREAKDOWN,1.074,SYNTHETIC
2025-02-20,A,SYN_MINE_01,SYN_TRUCK_007,dumper,BREAKDOWN,3.612,SYNTHETIC
2025-02-20,A,SYN_MINE_01,SYN_TRUCK_012,dumper,PREVENTIVE_MAINTENANCE,5.205,SYNTHETIC
2025-02-21,A,SYN_MINE_01,SYN_TRUCK_002,dumper,PREVENTIVE_MAINTENANCE,6.278,SYNTHETIC
2025-02-21,C,SYN_MINE_01,SYN_TRUCK_008,dumper,BREAKDOWN,1.723,SYNTHETIC
2025-02-22,A,SYN_MINE_01,SYN_EXC_002,excavator,PREVENTIVE_MAINTENANCE,7.0,SYNTHETIC
2025-02-22,A,SYN_MINE_01,SYN_TRUCK_004,dumper,PREVENTIVE_MAINTENANCE,4.46,SYNTHETIC
2025-02-22,B,SYN_MINE_01,SYN_TRUCK_007,dumper,BREAKDOWN,2.546,SYNTHETIC
2025-02-22,B,SYN_MINE_01,SYN_TRUCK_012,dumper,BREAKDOWN,5.843,SYNTHETIC
2025-02-23,A,SYN_MINE_01,SYN_DRILL_001,drill,BREAKDOWN,0.486,SYNTHETIC
2025-02-23,B,SYN_MINE_01,SYN_TRUCK_002,dumper,BREAKDOWN,3.605,SYNTHETIC
2025-02-23,C,SYN_MINE_01,SYN_TRUCK_004,dumper,BREAKDOWN,2.42,SYNTHETIC
2025-02-23,A,SYN_MINE_01,SYN_TRUCK_011,dumper,BREAKDOWN,1.724,SYNTHETIC
2025-02-24,A,SYN_MINE_01,SYN_DRILL_002,drill,BREAKDOWN,4.667,SYNTHETIC
2025-02-24,B,SYN_MINE_01,SYN_EXC_002,excavator,BREAKDOWN,0.239,SYNTHETIC
2025-02-24,A,SYN_MINE_01,SYN_TRUCK_007,dumper,PREVENTIVE_MAINTENANCE,7.0,SYNTHETIC
2025-02-24,B,SYN_MINE_01,SYN_TRUCK_011,dumper,BREAKDOWN,0.174,SYNTHETIC
2025-02-24,A,SYN_MINE_01,SYN_TRUCK_013,dumper,BREAKDOWN,2.644,SYNTHETIC
2025-02-26,C,SYN_MINE_01,SYN_DRILL_001,drill,BREAKDOWN,4.321,SYNTHETIC
2025-02-26,A,SYN_MINE_01,SYN_TRUCK_007,dumper,BREAKDOWN,2.201,SYNTHETIC
2025-02-26,C,SYN_MINE_01,SYN_TRUCK_008,dumper,BREAKDOWN,5.25,SYNTHETIC
2025-02-26,A,SYN_MINE_01,SYN_TRUCK_011,dumper,PREVENTIVE_MAINTENANCE,6.785,SYNTHETIC
2025-02-27,C,SYN_MINE_01,SYN_EXC_001,excavator,BREAKDOWN,4.317,SYNTHETIC
2025-02-27,A,SYN_MINE_01,SYN_TRUCK_001,dumper,BREAKDOWN,6.53,SYNTHETIC
2025-02-27,C,SYN_MINE_01,SYN_TRUCK_001,dumper,BREAKDOWN,1.298,SYNTHETIC
2025-02-27,B,SYN_MINE_01,SYN_TRUCK_008,dumper,BREAKDOWN,3.574,SYNTHETIC
2025-02-27,A,SYN_MINE_01,SYN_TRUCK_013,dumper,PREVENTIVE_MAINTENANCE,7.0,SYNTHETIC
2025-02-28,B,SYN_MINE_01,SYN_DRILL_001,drill,BREAKDOWN,4.987,SYNTHETIC
2025-02-28,A,SYN_MINE_01,SYN_TRUCK_002,dumper,BREAKDOWN,1.886,SYNTHETIC
2025-02-28,A,SYN_MINE_01,SYN_TRUCK_011,dumper,BREAKDOWN,3.516,SYNTHETIC
2025-03-01,A,SYN_MINE_01,SYN_DRILL_001,drill,BREAKDOWN,3.185,SYNTHETIC
2025-03-01,A,SYN_MINE_01,SYN_DRILL_002,drill,PREVENTIVE_MAINTENANCE,4.501,SYNTHETIC
2025-03-01,B,SYN_MINE_01,SYN_TRUCK_001,dumper,BREAKDOWN,1.134,SYNTHETIC
2025-03-01,C,SYN_MINE_01,SYN_TRUCK_007,dumper,BREAKDOWN,3.99,SYNTHETIC
2025-03-01,A,SYN_MINE_01,SYN_TRUCK_009,dumper,BREAKDOWN,2.192,SYNTHETIC
2025-03-02,A,SYN_MINE_01,SYN_DRILL_001,drill,PREVENTIVE_MAINTENANCE,4.293,SYNTHETIC
2025-03-02,A,SYN_MINE_01,SYN_EXC_001,excavator,PREVENTIVE_MAINTENANCE,7.0,SYNTHETIC
2025-03-02,A,SYN_MINE_01,SYN_TRUCK_001,dumper,BREAKDOWN,3.038,SYNTHETIC
2025-03-02,A,SYN_MINE_01,SYN_TRUCK_008,dumper,PREVENTIVE_MAINTENANCE,6.771,SYNTHETIC
2025-03-02,B,SYN_MINE_01,SYN_TRUCK_010,dumper,BREAKDOWN,1.998,SYNTHETIC
2025-03-02,C,SYN_MINE_01,SYN_TRUCK_012,dumper,BREAKDOWN,4.534,SYNTHETIC
2025-03-03,B,SYN_MINE_01,SYN_TRUCK_011,dumper,BREAKDOWN,6.515,SYNTHETIC
2025-03-03,C,SYN_MINE_01,SYN_TRUCK_012,dumper,BREAKDOWN,5.36,SYNTHETIC
2025-03-04,A,SYN_MINE_01,SYN_TRUCK_001,dumper,PREVENTIVE_MAINTENANCE,4.937,SYNTHETIC
2025-03-04,C,SYN_MINE_01,SYN_TRUCK_004,dumper,BREAKDOWN,0.581,SYNTHETIC
2025-03-04,A,SYN_MINE_01,SYN_TRUCK_005,dumper,PREVENTIVE_MAINTENANCE,5.938,SYNTHETIC
2025-03-05,C,SYN_MINE_01,SYN_DRILL_001,drill,BREAKDOWN,0.742,SYNTHETIC
2025-03-05,A,SYN_MINE_01,SYN_TRUCK_003,dumper,BREAKDOWN,2.262,SYNTHETIC
2025-03-05,A,SYN_MINE_01,SYN_TRUCK_011,dumper,BREAKDOWN,1.666,SYNTHETIC
2025-03-05,B,SYN_MINE_01,SYN_TRUCK_013,dumper,BREAKDOWN,5.37,SYNTHETIC
2025-03-06,B,SYN_MINE_01,SYN_DRILL_001,drill,BREAKDOWN,2.852,SYNTHETIC
2025-03-06,A,SYN_MINE_01,SYN_TRUCK_002,dumper,BREAKDOWN,5.332,SYNTHETIC
2025-03-06,A,SYN_MINE_01,SYN_TRUCK_003,dumper,PREVENTIVE_MAINTENANCE,6.479,SYNTHETIC
2025-03-06,C,SYN_MINE_01,SYN_TRUCK_004,dumper,BREAKDOWN,3.743,SYNTHETIC
2025-03-06,A,SYN_MINE_01,SYN_TRUCK_006,dumper,PREVENTIVE_MAINTENANCE,5.055,SYNTHETIC
2025-03-06,C,SYN_MINE_01,SYN_TRUCK_007,dumper,BREAKDOWN,0.475,SYNTHETIC
2025-03-06,B,SYN_MINE_01,SYN_TRUCK_009,dumper,BREAKDOWN,4.633,SYNTHETIC
2025-03-07,A,SYN_MINE_01,SYN_TRUCK_010,dumper,PREVENTIVE_MAINTENANCE,5.719,SYNTHETIC
2025-03-08,ALL,SYN_MINE_01,SITE,site,POWER_OUTAGE,2.54,SYNTHETIC
2025-03-08,C,SYN_MINE_01,SYN_TRUCK_008,dumper,BREAKDOWN,1.483,SYNTHETIC
2025-03-09,ALL,SYN_MINE_01,SITE,site,EXPLOSIVE_SUPPLY_EPISODE_START,0.0,SYNTHETIC
2025-03-09,C,SYN_MINE_01,SYN_TRUCK_004,dumper,BREAKDOWN,2.375,SYNTHETIC
2025-03-09,C,SYN_MINE_01,SYN_TRUCK_011,dumper,BREAKDOWN,3.576,SYNTHETIC
2025-03-10,B,SYN_MINE_01,SYN_TRUCK_002,dumper,BREAKDOWN,2.438,SYNTHETIC
2025-03-10,B,SYN_MINE_01,SYN_TRUCK_012,dumper,BREAKDOWN,2.593,SYNTHETIC
2025-03-11,B,SYN_MINE_01,SYN_EXC_001,excavator,BREAKDOWN,2.8,SYNTHETIC
2025-03-11,A,SYN_MINE_01,SYN_EXC_002,excavator,PREVENTIVE_MAINTENANCE,7.0,SYNTHETIC
2025-03-11,A,SYN_MINE_01,SYN_TRUCK_003,dumper,BREAKDOWN,0.426,SYNTHETIC
2025-03-11,B,SYN_MINE_01,SYN_TRUCK_003,dumper,BREAKDOWN,5.839,SYNTHETIC
2025-03-11,A,SYN_MINE_01,SYN_TRUCK_008,dumper,BREAKDOWN,0.947,SYNTHETIC
2025-03-11,C,SYN_MINE_01,SYN_TRUCK_008,dumper,BREAKDOWN,1.436,SYNTHETIC
2025-03-11,A,SYN_MINE_01,SYN_TRUCK_009,dumper,PREVENTIVE_MAINTENANCE,4.382,SYNTHETIC
2025-03-11,A,SYN_MINE_01,SYN_TRUCK_011,dumper,BREAKDOWN,2.313,SYNTHETIC
2025-03-11,B,SYN_MINE_01,SYN_TRUCK_011,dumper,BREAKDOWN,2.522,SYNTHETIC
2025-03-12,A,SYN_MINE_01,SYN_DRILL_002,drill,PREVENTIVE_MAINTENANCE,4.175,SYNTHETIC
2025-03-12,B,SYN_MINE_01,SYN_TRUCK_008,dumper,BREAKDOWN,5.079,SYNTHETIC
2025-03-12,C,SYN_MINE_01,SYN_TRUCK_011,dumper,BREAKDOWN,1.893,SYNTHETIC
2025-03-13,A,SYN_MINE_01,SYN_DRILL_001,drill,BREAKDOWN,4.765,SYNTHETIC
2025-03-13,C,SYN_MINE_01,SYN_EXC_002,excavator,BREAKDOWN,2.731,SYNTHETIC
2025-03-13,A,SYN_MINE_01,SYN_TRUCK_002,dumper,PREVENTIVE_MAINTENANCE,4.781,SYNTHETIC
2025-03-14,A,SYN_MINE_01,SYN_DRILL_002,drill,BREAKDOWN,5.027,SYNTHETIC
2025-03-14,A,SYN_MINE_01,SYN_EXC_001,excavator,BREAKDOWN,3.83,SYNTHETIC
2025-03-14,B,SYN_MINE_01,SYN_TRUCK_002,dumper,BREAKDOWN,1.861,SYNTHETIC
2025-03-14,B,SYN_MINE_01,SYN_TRUCK_003,dumper,BREAKDOWN,2.571,SYNTHETIC
2025-03-14,A,SYN_MINE_01,SYN_TRUCK_004,dumper,PREVENTIVE_MAINTENANCE,5.489,SYNTHETIC
2025-03-14,C,SYN_MINE_01,SYN_TRUCK_004,dumper,BREAKDOWN,3.532,SYNTHETIC
2025-03-14,A,SYN_MINE_01,SYN_TRUCK_012,dumper,PREVENTIVE_MAINTENANCE,7.0,SYNTHETIC
2025-03-15,B,SYN_MINE_01,SYN_DRILL_001,drill,BREAKDOWN,3.923,SYNTHETIC
2025-03-15,C,SYN_MINE_01,SYN_DRILL_001,drill,BREAKDOWN,5.323,SYNTHETIC
2025-03-15,B,SYN_MINE_01,SYN_DRILL_002,drill,BREAKDOWN,2.675,SYNTHETIC
2025-03-15,A,SYN_MINE_01,SYN_EXC_001,excavator,BREAKDOWN,6.032,SYNTHETIC
2025-03-15,C,SYN_MINE_01,SYN_TRUCK_008,dumper,BREAKDOWN,0.47,SYNTHETIC
2025-03-15,A,SYN_MINE_01,SYN_TRUCK_011,dumper,BREAKDOWN,0.799,SYNTHETIC
2025-03-16,B,SYN_MINE_01,SYN_TRUCK_001,dumper,BREAKDOWN,4.553,SYNTHETIC
2025-03-16,A,SYN_MINE_01,SYN_TRUCK_005,dumper,BREAKDOWN,0.29,SYNTHETIC
2025-03-16,C,SYN_MINE_01,SYN_TRUCK_008,dumper,BREAKDOWN,1.185,SYNTHETIC
2025-03-16,B,SYN_MINE_01,SYN_TRUCK_012,dumper,BREAKDOWN,5.326,SYNTHETIC
2025-03-17,A,SYN_MINE_01,SYN_DRILL_001,drill,PREVENTIVE_MAINTENANCE,4.995,SYNTHETIC
2025-03-17,B,SYN_MINE_01,SYN_EXC_002,excavator,BREAKDOWN,2.459,SYNTHETIC
2025-03-17,C,SYN_MINE_01,SYN_TRUCK_003,dumper,BREAKDOWN,1.959,SYNTHETIC
2025-03-17,B,SYN_MINE_01,SYN_TRUCK_005,dumper,BREAKDOWN,4.948,SYNTHETIC
2025-03-17,A,SYN_MINE_01,SYN_TRUCK_007,dumper,PREVENTIVE_MAINTENANCE,7.0,SYNTHETIC
2025-03-17,B,SYN_MINE_01,SYN_TRUCK_011,dumper,BREAKDOWN,0.09,SYNTHETIC
2025-03-17,A,SYN_MINE_01,SYN_TRUCK_013,dumper,BREAKDOWN,0.046,SYNTHETIC
2025-03-17,C,SYN_MINE_01,SYN_TRUCK_013,dumper,BREAKDOWN,0.903,SYNTHETIC
2025-03-18,C,SYN_MINE_01,SYN_DRILL_001,drill,BREAKDOWN,4.827,SYNTHETIC
2025-03-18,C,SYN_MINE_01,SYN_TRUCK_001,dumper,BREAKDOWN,3.332,SYNTHETIC
2025-03-18,C,SYN_MINE_01,SYN_TRUCK_005,dumper,BREAKDOWN,3.816,SYNTHETIC
2025-03-18,B,SYN_MINE_01,SYN_TRUCK_006,dumper,BREAKDOWN,0.869,SYNTHETIC
2025-03-19,A,SYN_MINE_01,SYN_EXC_001,excavator,PREVENTIVE_MAINTENANCE,6.656,SYNTHETIC
2025-03-19,C,SYN_MINE_01,SYN_TRUCK_002,dumper,BREAKDOWN,3.279,SYNTHETIC
2025-03-19,B,SYN_MINE_01,SYN_TRUCK_004,dumper,BREAKDOWN,5.163,SYNTHETIC
2025-03-19,C,SYN_MINE_01,SYN_TRUCK_007,dumper,BREAKDOWN,4.276,SYNTHETIC
2025-03-19,C,SYN_MINE_01,SYN_TRUCK_009,dumper,BREAKDOWN,4.743,SYNTHETIC
2025-03-19,A,SYN_MINE_01,SYN_TRUCK_011,dumper,BREAKDOWN,3.802,SYNTHETIC
2025-03-19,A,SYN_MINE_01,SYN_TRUCK_013,dumper,PREVENTIVE_MAINTENANCE,7.0,SYNTHETIC
2025-03-20,C,SYN_MINE_01,SYN_TRUCK_003,dumper,BREAKDOWN,2.166,SYNTHETIC
2025-03-20,A,SYN_MINE_01,SYN_TRUCK_004,dumper,BREAKDOWN,1.888,SYNTHETIC
2025-03-20,A,SYN_MINE_01,SYN_TRUCK_008,dumper,BREAKDOWN,3.281,SYNTHETIC
2025-03-21,A,SYN_MINE_01,SYN_DRILL_001,drill,BREAKDOWN,4.909,SYNTHETIC
2025-03-21,B,SYN_MINE_01,SYN_TRUCK_008,dumper,BREAKDOWN,4.311,SYNTHETIC
2025-03-21,C,SYN_MINE_01,SYN_TRUCK_009,dumper,BREAKDOWN,2.783,SYNTHETIC
2025-03-21,A,SYN_MINE_01,SYN_TRUCK_011,dumper,PREVENTIVE_MAINTENANCE,4.35,SYNTHETIC
2025-03-22,B,SYN_MINE_01,SYN_DRILL_002,drill,BREAKDOWN,2.786,SYNTHETIC
2025-03-23,B,SYN_MINE_01,SYN_DRILL_002,drill,BREAKDOWN,1.126,SYNTHETIC
2025-03-23,C,SYN_MINE_01,SYN_DRILL_002,drill,BREAKDOWN,0.063,SYNTHETIC
2025-03-23,A,SYN_MINE_01,SYN_TRUCK_001,dumper,PREVENTIVE_MAINTENANCE,6.763,SYNTHETIC
2025-03-23,A,SYN_MINE_01,SYN_TRUCK_005,dumper,PREVENTIVE_MAINTENANCE,4.05,SYNTHETIC
2025-03-23,B,SYN_MINE_01,SYN_TRUCK_006,dumper,BREAKDOWN,5.056,SYNTHETIC
2025-03-23,C,SYN_MINE_01,SYN_TRUCK_006,dumper,BREAKDOWN,2.1,SYNTHETIC
2025-03-23,A,SYN_MINE_01,SYN_TRUCK_007,dumper,BREAKDOWN,1.078,SYNTHETIC
2025-03-23,B,SYN_MINE_01,SYN_TRUCK_007,dumper,BREAKDOWN,3.982,SYNTHETIC
2025-03-23,A,SYN_MINE_01,SYN_TRUCK_008,dumper,PREVENTIVE_MAINTENANCE,4.759,SYNTHETIC
2025-03-23,A,SYN_MINE_01,SYN_TRUCK_010,dumper,BREAKDOWN,1.118,SYNTHETIC
2025-03-24,A,SYN_MINE_01,SYN_EXC_002,excavator,BREAKDOWN,4.069,SYNTHETIC
2025-03-24,A,SYN_MINE_01,SYN_TRUCK_010,dumper,BREAKDOWN,5.794,SYNTHETIC
2025-03-25,A,SYN_MINE_01,SYN_TRUCK_006,dumper,PREVENTIVE_MAINTENANCE,7.0,SYNTHETIC
2025-03-25,C,SYN_MINE_01,SYN_TRUCK_007,dumper,BREAKDOWN,5.765,SYNTHETIC
2025-03-25,A,SYN_MINE_01,SYN_TRUCK_010,dumper,BREAKDOWN,1.538,SYNTHETIC
2025-03-26,C,SYN_MINE_01,SYN_DRILL_002,drill,BREAKDOWN,0.76,SYNTHETIC
2025-03-26,A,SYN_MINE_01,SYN_TRUCK_003,dumper,PREVENTIVE_MAINTENANCE,5.25,SYNTHETIC
2025-03-26,C,SYN_MINE_01,SYN_TRUCK_008,dumper,BREAKDOWN,2.701,SYNTHETIC
2025-03-27,A,SYN_MINE_01,SYN_TRUCK_007,dumper,BREAKDOWN,3.147,SYNTHETIC
2025-03-27,A,SYN_MINE_01,SYN_TRUCK_010,dumper,PREVENTIVE_MAINTENANCE,4.595,SYNTHETIC
2025-03-28,A,SYN_MINE_01,SYN_DRILL_001,drill,PREVENTIVE_MAINTENANCE,4.113,SYNTHETIC
2025-03-28,A,SYN_MINE_01,SYN_DRILL_002,drill,PREVENTIVE_MAINTENANCE,4.435,SYNTHETIC
2025-03-28,A,SYN_MINE_01,SYN_TRUCK_011,dumper,BREAKDOWN,0.239,SYNTHETIC
2025-03-29,A,SYN_MINE_01,SYN_EXC_002,excavator,PREVENTIVE_MAINTENANCE,7.0,SYNTHETIC
2025-03-29,C,SYN_MINE_01,SYN_TRUCK_013,dumper,BREAKDOWN,1.27,SYNTHETIC
2025-03-30,B,SYN_MINE_01,SYN_DRILL_001,drill,BREAKDOWN,1.388,SYNTHETIC
2025-03-30,A,SYN_MINE_01,SYN_DRILL_002,drill,BREAKDOWN,0.417,SYNTHETIC
2025-03-30,B,SYN_MINE_01,SYN_TRUCK_002,dumper,BREAKDOWN,3.429,SYNTHETIC
2025-03-30,C,SYN_MINE_01,SYN_TRUCK_002,dumper,BREAKDOWN,3.239,SYNTHETIC
2025-03-30,A,SYN_MINE_01,SYN_TRUCK_008,dumper,BREAKDOWN,0.611,SYNTHETIC
2025-03-30,C,SYN_MINE_01,SYN_TRUCK_011,dumper,BREAKDOWN,1.351,SYNTHETIC
2025-03-30,A,SYN_MINE_01,SYN_TRUCK_012,dumper,BREAKDOWN,3.21,SYNTHETIC
2025-03-30,C,SYN_MINE_01,SYN_TRUCK_012,dumper,BREAKDOWN,4.775,SYNTHETIC
2025-03-31,B,SYN_MINE_01,SYN_TRUCK_004,dumper,BREAKDOWN,0.234,SYNTHETIC
2025-03-31,C,SYN_MINE_01,SYN_TRUCK_007,dumper,BREAKDOWN,2.041,SYNTHETIC
2025-03-31,A,SYN_MINE_01,SYN_TRUCK_009,dumper,PREVENTIVE_MAINTENANCE,6.392,SYNTHETIC
2025-04-01,B,SYN_MINE_01,SYN_DRILL_002,drill,BREAKDOWN,4.232,SYNTHETIC
2025-04-01,A,SYN_MINE_01,SYN_TRUCK_004,dumper,BREAKDOWN,2.217,SYNTHETIC
2025-04-01,B,SYN_MINE_01,SYN_TRUCK_011,dumper,BREAKDOWN,2.75,SYNTHETIC
2025-04-02,A,SYN_MINE_01,SYN_EXC_002,excavator,BREAKDOWN,0.171,SYNTHETIC
2025-04-02,C,SYN_MINE_01,SYN_TRUCK_001,dumper,BREAKDOWN,0.345,SYNTHETIC
2025-04-02,A,SYN_MINE_01,SYN_TRUCK_002,dumper,PREVENTIVE_MAINTENANCE,7.0,SYNTHETIC
2025-04-03,C,SYN_MINE_01,SYN_DRILL_002,drill,BREAKDOWN,0.246,SYNTHETIC
2025-04-03,B,SYN_MINE_01,SYN_TRUCK_004,dumper,BREAKDOWN,4.577,SYNTHETIC
2025-04-03,C,SYN_MINE_01,SYN_TRUCK_008,dumper,BREAKDOWN,1.598,SYNTHETIC
2025-04-03,B,SYN_MINE_01,SYN_TRUCK_010,dumper,BREAKDOWN,4.0,SYNTHETIC
2025-04-03,A,SYN_MINE_01,SYN_TRUCK_012,dumper,PREVENTIVE_MAINTENANCE,4.745,SYNTHETIC
2025-04-03,B,SYN_MINE_01,SYN_TRUCK_012,dumper,BREAKDOWN,3.771,SYNTHETIC
2025-04-04,A,SYN_MINE_01,SYN_EXC_001,excavator,PREVENTIVE_MAINTENANCE,7.0,SYNTHETIC
2025-04-04,A,SYN_MINE_01,SYN_TRUCK_004,dumper,PREVENTIVE_MAINTENANCE,5.572,SYNTHETIC
2025-04-06,A,SYN_MINE_01,SYN_DRILL_002,drill,BREAKDOWN,1.843,SYNTHETIC
2025-04-06,B,SYN_MINE_01,SYN_DRILL_002,drill,BREAKDOWN,6.052,SYNTHETIC
2025-04-06,A,SYN_MINE_01,SYN_TRUCK_003,dumper,BREAKDOWN,0.459,SYNTHETIC
2025-04-06,A,SYN_MINE_01,SYN_TRUCK_005,dumper,BREAKDOWN,0.843,SYNTHETIC
2025-04-06,A,SYN_MINE_01,SYN_TRUCK_006,dumper,BREAKDOWN,2.085,SYNTHETIC
2025-04-06,A,SYN_MINE_01,SYN_TRUCK_007,dumper,PREVENTIVE_MAINTENANCE,5.834,SYNTHETIC
2025-04-06,A,SYN_MINE_01,SYN_TRUCK_010,dumper,BREAKDOWN,1.994,SYNTHETIC
2025-04-06,C,SYN_MINE_01,SYN_TRUCK_010,dumper,BREAKDOWN,4.1,SYNTHETIC
2025-04-07,A,SYN_MINE_01,SYN_DRILL_001,drill,BREAKDOWN,1.035,SYNTHETIC
2025-04-07,A,SYN_MINE_01,SYN_DRILL_002,drill,BREAKDOWN,2.265,SYNTHETIC
2025-04-07,A,SYN_MINE_01,SYN_EXC_001,excavator,BREAKDOWN,1.57,SYNTHETIC
2025-04-07,A,SYN_MINE_01,SYN_TRUCK_004,dumper,BREAKDOWN,3.759,SYNTHETIC
2025-04-07,A,SYN_MINE_01,SYN_TRUCK_006,dumper,BREAKDOWN,3.523,SYNTHETIC
2025-04-07,A,SYN_MINE_01,SYN_TRUCK_013,dumper,PREVENTIVE_MAINTENANCE,5.855,SYNTHETIC
2025-04-08,A,SYN_MINE_01,SYN_DRILL_001,drill,PREVENTIVE_MAINTENANCE,5.773,SYNTHETIC
2025-04-08,C,SYN_MINE_01,SYN_TRUCK_010,dumper,BREAKDOWN,0.698,SYNTHETIC
2025-04-09,A,SYN_MINE_01,SYN_DRILL_002,drill,PREVENTIVE_MAINTENANCE,5.917,SYNTHETIC
2025-04-09,A,SYN_MINE_01,SYN_TRUCK_009,dumper,BREAKDOWN,0.941,SYNTHETIC
2025-04-09,A,SYN_MINE_01,SYN_TRUCK_011,dumper,PREVENTIVE_MAINTENANCE,7.0,SYNTHETIC
2025-04-10,C,SYN_MINE_01,SYN_DRILL_002,drill,BREAKDOWN,3.337,SYNTHETIC
2025-04-10,B,SYN_MINE_01,SYN_TRUCK_001,dumper,BREAKDOWN,4.536,SYNTHETIC
2025-04-10,A,SYN_MINE_01,SYN_TRUCK_002,dumper,BREAKDOWN,3.896,SYNTHETIC
2025-04-11,C,SYN_MINE_01,SYN_EXC_002,excavator,BREAKDOWN,5.233,SYNTHETIC
2025-04-11,A,SYN_MINE_01,SYN_TRUCK_001,dumper,PREVENTIVE_MAINTENANCE,7.0,SYNTHETIC
2025-04-11,A,SYN_MINE_01,SYN_TRUCK_002,dumper,BREAKDOWN,3.672,SYNTHETIC
2025-04-11,A,SYN_MINE_01,SYN_TRUCK_005,dumper,PREVENTIVE_MAINTENANCE,7.0,SYNTHETIC
2025-04-11,C,SYN_MINE_01,SYN_TRUCK_005,dumper,BREAKDOWN,1.953,SYNTHETIC
2025-04-11,B,SYN_MINE_01,SYN_TRUCK_007,dumper,BREAKDOWN,2.626,SYNTHETIC
2025-04-11,C,SYN_MINE_01,SYN_TRUCK_007,dumper,BREAKDOWN,1.707,SYNTHETIC
2025-04-11,A,SYN_MINE_01,SYN_TRUCK_013,dumper,BREAKDOWN,4.549,SYNTHETIC
2025-04-12,C,SYN_MINE_01,SYN_DRILL_001,drill,BREAKDOWN,3.75,SYNTHETIC
2025-04-12,C,SYN_MINE_01,SYN_DRILL_002,drill,BREAKDOWN,3.888,SYNTHETIC
2025-04-12,B,SYN_MINE_01,SYN_TRUCK_003,dumper,BREAKDOWN,4.044,SYNTHETIC
2025-04-12,A,SYN_MINE_01,SYN_TRUCK_008,dumper,PREVENTIVE_MAINTENANCE,6.343,SYNTHETIC
2025-04-12,C,SYN_MINE_01,SYN_TRUCK_009,dumper,BREAKDOWN,5.781,SYNTHETIC
2025-04-12,A,SYN_MINE_01,SYN_TRUCK_012,dumper,BREAKDOWN,4.782,SYNTHETIC
2025-04-13,C,SYN_MINE_01,SYN_EXC_001,excavator,BREAKDOWN,5.756,SYNTHETIC
2025-04-13,A,SYN_MINE_01,SYN_TRUCK_006,dumper,PREVENTIVE_MAINTENANCE,5.199,SYNTHETIC
2025-04-14,ALL,SYN_MINE_01,SITE,site,POWER_OUTAGE,3.64,SYNTHETIC
2025-04-14,A,SYN_MINE_01,SYN_EXC_002,excavator,PREVENTIVE_MAINTENANCE,7.0,SYNTHETIC
2025-04-14,A,SYN_MINE_01,SYN_TRUCK_003,dumper,PREVENTIVE_MAINTENANCE,4.427,SYNTHETIC
2025-04-14,B,SYN_MINE_01,SYN_TRUCK_010,dumper,BREAKDOWN,0.694,SYNTHETIC
2025-04-15,C,SYN_MINE_01,SYN_TRUCK_013,dumper,BREAKDOWN,2.423,SYNTHETIC
2025-04-16,C,SYN_MINE_01,SYN_TRUCK_009,dumper,BREAKDOWN,4.076,SYNTHETIC
2025-04-16,B,SYN_MINE_01,SYN_TRUCK_010,dumper,BREAKDOWN,1.783,SYNTHETIC
2025-04-16,A,SYN_MINE_01,SYN_TRUCK_013,dumper,BREAKDOWN,4.114,SYNTHETIC
2025-04-17,A,SYN_MINE_01,SYN_DRILL_001,drill,BREAKDOWN,0.971,SYNTHETIC
2025-04-17,A,SYN_MINE_01,SYN_DRILL_002,drill,BREAKDOWN,5.374,SYNTHETIC
2025-04-17,B,SYN_MINE_01,SYN_TRUCK_002,dumper,BREAKDOWN,1.574,SYNTHETIC
2025-04-17,C,SYN_MINE_01,SYN_TRUCK_002,dumper,BREAKDOWN,1.626,SYNTHETIC
2025-04-18,C,SYN_MINE_01,SYN_EXC_002,excavator,BREAKDOWN,3.032,SYNTHETIC
2025-04-18,B,SYN_MINE_01,SYN_TRUCK_009,dumper,BREAKDOWN,0.369,SYNTHETIC
2025-04-18,A,SYN_MINE_01,SYN_TRUCK_010,dumper,PREVENTIVE_MAINTENANCE,7.0,SYNTHETIC
2025-04-19,B,SYN_MINE_01,SYN_DRILL_001,drill,BREAKDOWN,2.671,SYNTHETIC
2025-04-19,A,SYN_MINE_01,SYN_DRILL_002,drill,BREAKDOWN,4.51,SYNTHETIC
2025-04-20,A,SYN_MINE_01,SYN_DRILL_001,drill,BREAKDOWN,2.513,SYNTHETIC
2025-04-20,B,SYN_MINE_01,SYN_TRUCK_007,dumper,BREAKDOWN,6.003,SYNTHETIC
2025-04-20,A,SYN_MINE_01,SYN_TRUCK_008,dumper,BREAKDOWN,3.902,SYNTHETIC
2025-04-20,A,SYN_MINE_01,SYN_TRUCK_009,dumper,PREVENTIVE_MAINTENANCE,6.96,SYNTHETIC
2025-04-20,A,SYN_MINE_01,SYN_TRUCK_013,dumper,BREAKDOWN,6.034,SYNTHETIC
2025-04-21,A,SYN_MINE_01,SYN_DRILL_001,drill,PREVENTIVE_MAINTENANCE,5.222,SYNTHETIC
2025-04-21,C,SYN_MINE_01,SYN_DRILL_002,drill,BREAKDOWN,2.284,SYNTHETIC
2025-04-21,B,SYN_MINE_01,SYN_TRUCK_002,dumper,BREAKDOWN,2.092,SYNTHETIC
2025-04-21,B,SYN_MINE_01,SYN_TRUCK_006,dumper,BREAKDOWN,3.591,SYNTHETIC
2025-04-22,A,SYN_MINE_01,SYN_DRILL_002,drill,PREVENTIVE_MAINTENANCE,5.083,SYNTHETIC
2025-04-22,A,SYN_MINE_01,SYN_EXC_001,excavator,PREVENTIVE_MAINTENANCE,6.858,SYNTHETIC
2025-04-22,B,SYN_MINE_01,SYN_EXC_002,excavator,BREAKDOWN,1.852,SYNTHETIC
2025-04-22,C,SYN_MINE_01,SYN_TRUCK_001,dumper,BREAKDOWN,0.997,SYNTHETIC
2025-04-22,A,SYN_MINE_01,SYN_TRUCK_002,dumper,PREVENTIVE_MAINTENANCE,4.928,SYNTHETIC
2025-04-22,A,SYN_MINE_01,SYN_TRUCK_012,dumper,PREVENTIVE_MAINTENANCE,6.965,SYNTHETIC
2025-04-23,A,SYN_MINE_01,SYN_TRUCK_004,dumper,PREVENTIVE_MAINTENANCE,5.765,SYNTHETIC
2025-04-23,B,SYN_MINE_01,SYN_TRUCK_008,dumper,BREAKDOWN,3.97,SYNTHETIC
2025-04-23,B,SYN_MINE_01,SYN_TRUCK_012,dumper,BREAKDOWN,4.451,SYNTHETIC
2025-04-23,C,SYN_MINE_01,SYN_TRUCK_012,dumper,BREAKDOWN,1.972,SYNTHETIC
2025-04-24,B,SYN_MINE_01,SYN_TRUCK_003,dumper,BREAKDOWN,4.982,SYNTHETIC
2025-04-24,A,SYN_MINE_01,SYN_TRUCK_007,dumper,BREAKDOWN,1.829,SYNTHETIC
2025-04-24,A,SYN_MINE_01,SYN_TRUCK_009,dumper,BREAKDOWN,5.67,SYNTHETIC
2025-04-24,B,SYN_MINE_01,SYN_TRUCK_009,dumper,BREAKDOWN,2.181,SYNTHETIC
2025-04-25,B,SYN_MINE_01,SYN_EXC_002,excavator,BREAKDOWN,2.237,SYNTHETIC
2025-04-25,B,SYN_MINE_01,SYN_TRUCK_008,dumper,BREAKDOWN,1.544,SYNTHETIC
2025-04-26,C,SYN_MINE_01,SYN_DRILL_002,drill,BREAKDOWN,4.671,SYNTHETIC
2025-04-26,A,SYN_MINE_01,SYN_TRUCK_007,dumper,PREVENTIVE_MAINTENANCE,5.615,SYNTHETIC
2025-04-26,A,SYN_MINE_01,SYN_TRUCK_011,dumper,BREAKDOWN,1.491,SYNTHETIC
2025-04-27,A,SYN_MINE_01,SYN_TRUCK_008,dumper,BREAKDOWN,0.661,SYNTHETIC
2025-04-27,C,SYN_MINE_01,SYN_TRUCK_011,dumper,BREAKDOWN,1.245,SYNTHETIC
2025-04-27,A,SYN_MINE_01,SYN_TRUCK_013,dumper,PREVENTIVE_MAINTENANCE,6.125,SYNTHETIC
2025-04-28,ALL,SYN_MINE_01,SITE,site,POWER_OUTAGE,3.28,SYNTHETIC
2025-04-28,C,SYN_MINE_01,SYN_EXC_001,excavator,BREAKDOWN,2.816,SYNTHETIC
2025-04-28,A,SYN_MINE_01,SYN_TRUCK_006,dumper,BREAKDOWN,1.456,SYNTHETIC
2025-04-29,A,SYN_MINE_01,SYN_EXC_001,excavator,BREAKDOWN,3.232,SYNTHETIC
2025-04-29,A,SYN_MINE_01,SYN_TRUCK_005,dumper,BREAKDOWN,1.229,SYNTHETIC
2025-04-29,C,SYN_MINE_01,SYN_TRUCK_008,dumper,BREAKDOWN,2.494,SYNTHETIC
2025-04-29,A,SYN_MINE_01,SYN_TRUCK_011,dumper,PREVENTIVE_MAINTENANCE,6.783,SYNTHETIC
2025-04-29,B,SYN_MINE_01,SYN_TRUCK_011,dumper,BREAKDOWN,2.265,SYNTHETIC
2025-04-29,A,SYN_MINE_01,SYN_TRUCK_012,dumper,BREAKDOWN,4.401,SYNTHETIC
2025-04-30,A,SYN_MINE_01,SYN_TRUCK_001,dumper,PREVENTIVE_MAINTENANCE,4.195,SYNTHETIC
2025-04-30,B,SYN_MINE_01,SYN_TRUCK_003,dumper,BREAKDOWN,2.169,SYNTHETIC
2025-04-30,B,SYN_MINE_01,SYN_TRUCK_004,dumper,BREAKDOWN,4.148,SYNTHETIC
2025-04-30,A,SYN_MINE_01,SYN_TRUCK_005,dumper,PREVENTIVE_MAINTENANCE,5.201,SYNTHETIC
2025-04-30,A,SYN_MINE_01,SYN_TRUCK_011,dumper,BREAKDOWN,1.763,SYNTHETIC
2025-05-01,B,SYN_MINE_01,SYN_EXC_002,excavator,BREAKDOWN,4.03,SYNTHETIC
2025-05-01,B,SYN_MINE_01,SYN_TRUCK_004,dumper,BREAKDOWN,4.243,SYNTHETIC
2025-05-01,C,SYN_MINE_01,SYN_TRUCK_006,dumper,BREAKDOWN,2.367,SYNTHETIC
2025-05-01,A,SYN_MINE_01,SYN_TRUCK_008,dumper,BREAKDOWN,1.547,SYNTHETIC
2025-05-01,C,SYN_MINE_01,SYN_TRUCK_013,dumper,BREAKDOWN,2.024,SYNTHETIC
2025-05-02,A,SYN_MINE_01,SYN_DRILL_001,drill,PREVENTIVE_MAINTENANCE,4.084,SYNTHETIC
2025-05-02,C,SYN_MINE_01,SYN_DRILL_001,drill,BREAKDOWN,5.406,SYNTHETIC
2025-05-02,B,SYN_MINE_01,SYN_DRILL_002,drill,BREAKDOWN,1.943,SYNTHETIC
2025-05-02,B,SYN_MINE_01,SYN_TRUCK_004,dumper,BREAKDOWN,6.813,SYNTHETIC
2025-05-03,A,SYN_MINE_01,SYN_DRILL_002,drill,PREVENTIVE_MAINTENANCE,4.863,SYNTHETIC
2025-05-03,C,SYN_MINE_01,SYN_EXC_001,excavator,BREAKDOWN,5.462,SYNTHETIC
2025-05-03,A,SYN_MINE_01,SYN_EXC_002,excavator,PREVENTIVE_MAINTENANCE,7.0,SYNTHETIC
2025-05-03,A,SYN_MINE_01,SYN_TRUCK_006,dumper,PREVENTIVE_MAINTENANCE,6.657,SYNTHETIC
2025-05-03,A,SYN_MINE_01,SYN_TRUCK_008,dumper,PREVENTIVE_MAINTENANCE,5.824,SYNTHETIC
2025-05-04,B,SYN_MINE_01,SYN_DRILL_002,drill,BREAKDOWN,5.899,SYNTHETIC
2025-05-04,A,SYN_MINE_01,SYN_TRUCK_003,dumper,PREVENTIVE_MAINTENANCE,6.271,SYNTHETIC
2025-05-04,B,SYN_MINE_01,SYN_TRUCK_010,dumper,BREAKDOWN,2.371,SYNTHETIC
2025-05-05,A,SYN_MINE_01,SYN_DRILL_002,drill,BREAKDOWN,5.57,SYNTHETIC
2025-05-05,B,SYN_MINE_01,SYN_TRUCK_003,dumper,BREAKDOWN,0.981,SYNTHETIC
2025-05-05,B,SYN_MINE_01,SYN_TRUCK_013,dumper,BREAKDOWN,5.378,SYNTHETIC
2025-05-06,A,SYN_MINE_01,SYN_TRUCK_009,dumper,BREAKDOWN,0.115,SYNTHETIC
2025-05-07,A,SYN_MINE_01,SYN_TRUCK_007,dumper,BREAKDOWN,2.573,SYNTHETIC
2025-05-07,B,SYN_MINE_01,SYN_TRUCK_008,dumper,BREAKDOWN,3.695,SYNTHETIC
2025-05-07,C,SYN_MINE_01,SYN_TRUCK_009,dumper,BREAKDOWN,1.189,SYNTHETIC
2025-05-07,A,SYN_MINE_01,SYN_TRUCK_010,dumper,PREVENTIVE_MAINTENANCE,7.0,SYNTHETIC
2025-05-07,C,SYN_MINE_01,SYN_TRUCK_013,dumper,BREAKDOWN,4.606,SYNTHETIC
2025-05-08,B,SYN_MINE_01,SYN_DRILL_001,drill,BREAKDOWN,3.55,SYNTHETIC
2025-05-08,C,SYN_MINE_01,SYN_DRILL_002,drill,BREAKDOWN,4.652,SYNTHETIC
2025-05-09,B,SYN_MINE_01,SYN_DRILL_001,drill,BREAKDOWN,1.843,SYNTHETIC
2025-05-09,A,SYN_MINE_01,SYN_EXC_001,excavator,PREVENTIVE_MAINTENANCE,7.0,SYNTHETIC
2025-05-09,A,SYN_MINE_01,SYN_TRUCK_001,dumper,BREAKDOWN,1.797,SYNTHETIC
2025-05-09,C,SYN_MINE_01,SYN_TRUCK_001,dumper,BREAKDOWN,2.376,SYNTHETIC
2025-05-10,B,SYN_MINE_01,SYN_TRUCK_001,dumper,BREAKDOWN,1.278,SYNTHETIC
2025-05-10,C,SYN_MINE_01,SYN_TRUCK_006,dumper,BREAKDOWN,0.216,SYNTHETIC
2025-05-10,A,SYN_MINE_01,SYN_TRUCK_012,dumper,BREAKDOWN,3.153,SYNTHETIC
2025-05-11,A,SYN_MINE_01,SYN_TRUCK_002,dumper,PREVENTIVE_MAINTENANCE,5.159,SYNTHETIC
2025-05-11,B,SYN_MINE_01,SYN_TRUCK_005,dumper,BREAKDOWN,3.085,SYNTHETIC
2025-05-11,A,SYN_MINE_01,SYN_TRUCK_009,dumper,PREVENTIVE_MAINTENANCE,7.0,SYNTHETIC
2025-05-12,B,SYN_MINE_01,SYN_TRUCK_004,dumper,BREAKDOWN,2.055,SYNTHETIC
2025-05-12,B,SYN_MINE_01,SYN_TRUCK_007,dumper,BREAKDOWN,0.187,SYNTHETIC
2025-05-12,C,SYN_MINE_01,SYN_TRUCK_010,dumper,BREAKDOWN,1.953,SYNTHETIC
2025-05-13,A,SYN_MINE_01,SYN_DRILL_001,drill,PREVENTIVE_MAINTENANCE,4.717,SYNTHETIC
2025-05-13,B,SYN_MINE_01,SYN_TRUCK_001,dumper,BREAKDOWN,5.219,SYNTHETIC
2025-05-13,A,SYN_MINE_01,SYN_TRUCK_004,dumper,PREVENTIVE_MAINTENANCE,4.222,SYNTHETIC
2025-05-13,C,SYN_MINE_01,SYN_TRUCK_004,dumper,BREAKDOWN,3.359,SYNTHETIC
2025-05-13,A,SYN_MINE_01,SYN_TRUCK_006,dumper,BREAKDOWN,5.121,SYNTHETIC
2025-05-13,B,SYN_MINE_01,SYN_TRUCK_007,dumper,BREAKDOWN,6.01,SYNTHETIC
2025-05-13,A,SYN_MINE_01,SYN_TRUCK_010,dumper,BREAKDOWN,4.29,SYNTHETIC
2025-05-13,A,SYN_MINE_01,SYN_TRUCK_012,dumper,PREVENTIVE_MAINTENANCE,7.0,SYNTHETIC
2025-05-14,B,SYN_MINE_01,SYN_TRUCK_001,dumper,BREAKDOWN,3.996,SYNTHETIC
2025-05-15,A,SYN_MINE_01,SYN_DRILL_002,drill,PREVENTIVE_MAINTENANCE,4.976,SYNTHETIC
2025-05-15,B,SYN_MINE_01,SYN_TRUCK_005,dumper,BREAKDOWN,3.665,SYNTHETIC
2025-05-15,A,SYN_MINE_01,SYN_TRUCK_013,dumper,BREAKDOWN,6.063,SYNTHETIC
2025-05-16,C,SYN_MINE_01,SYN_TRUCK_003,dumper,BREAKDOWN,4.07,SYNTHETIC
2025-05-16,C,SYN_MINE_01,SYN_TRUCK_005,dumper,BREAKDOWN,3.409,SYNTHETIC
2025-05-16,A,SYN_MINE_01,SYN_TRUCK_007,dumper,PREVENTIVE_MAINTENANCE,4.889,SYNTHETIC
2025-05-16,C,SYN_MINE_01,SYN_TRUCK_008,dumper,BREAKDOWN,3.541,SYNTHETIC
2025-05-16,A,SYN_MINE_01,SYN_TRUCK_013,dumper,BREAKDOWN,0.819,SYNTHETIC
2025-05-17,A,SYN_MINE_01,SYN_DRILL_001,drill,BREAKDOWN,1.845,SYNTHETIC
2025-05-17,A,SYN_MINE_01,SYN_EXC_001,excavator,BREAKDOWN,4.736,SYNTHETIC
2025-05-17,B,SYN_MINE_01,SYN_TRUCK_005,dumper,BREAKDOWN,2.582,SYNTHETIC
2025-05-17,A,SYN_MINE_01,SYN_TRUCK_008,dumper,BREAKDOWN,3.183,SYNTHETIC
2025-05-17,C,SYN_MINE_01,SYN_TRUCK_010,dumper,BREAKDOWN,0.031,SYNTHETIC
2025-05-17,C,SYN_MINE_01,SYN_TRUCK_011,dumper,BREAKDOWN,2.119,SYNTHETIC
2025-05-18,ALL,SYN_MINE_01,SITE,site,EXPLOSIVE_SUPPLY_EPISODE_START,0.0,SYNTHETIC
2025-05-18,B,SYN_MINE_01,SYN_DRILL_002,drill,BREAKDOWN,3.213,SYNTHETIC
2025-05-18,A,SYN_MINE_01,SYN_EXC_002,excavator,BREAKDOWN,0.062,SYNTHETIC
2025-05-19,B,SYN_MINE_01,SYN_TRUCK_001,dumper,BREAKDOWN,5.25,SYNTHETIC
2025-05-19,B,SYN_MINE_01,SYN_TRUCK_005,dumper,BREAKDOWN,5.984,SYNTHETIC
2025-05-19,A,SYN_MINE_01,SYN_TRUCK_007,dumper,BREAKDOWN,3.334,SYNTHETIC
2025-05-19,C,SYN_MINE_01,SYN_TRUCK_010,dumper,BREAKDOWN,4.556,SYNTHETIC
2025-05-19,A,SYN_MINE_01,SYN_TRUCK_011,dumper,PREVENTIVE_MAINTENANCE,4.183,SYNTHETIC
2025-05-19,A,SYN_MINE_01,SYN_TRUCK_013,dumper,PREVENTIVE_MAINTENANCE,5.669,SYNTHETIC
2025-05-20,A,SYN_MINE_01,SYN_EXC_002,excavator,PREVENTIVE_MAINTENANCE,6.383,SYNTHETIC
2025-05-20,B,SYN_MINE_01,SYN_TRUCK_003,dumper,BREAKDOWN,5.656,SYNTHETIC
2025-05-20,A,SYN_MINE_01,SYN_TRUCK_010,dumper,BREAKDOWN,0.022,SYNTHETIC
2025-05-20,B,SYN_MINE_01,SYN_TRUCK_012,dumper,BREAKDOWN,5.54,SYNTHETIC
2025-05-21,A,SYN_MINE_01,SYN_DRILL_001,drill,BREAKDOWN,5.366,SYNTHETIC
2025-05-21,A,SYN_MINE_01,SYN_TRUCK_001,dumper,PREVENTIVE_MAINTENANCE,5.023,SYNTHETIC
2025-05-21,A,SYN_MINE_01,SYN_TRUCK_005,dumper,PREVENTIVE_MAINTENANCE,6.221,SYNTHETIC
2025-05-22,C,SYN_MINE_01,SYN_DRILL_001,drill,BREAKDOWN,2.161,SYNTHETIC
2025-05-22,C,SYN_MINE_01,SYN_TRUCK_002,dumper,BREAKDOWN,5.006,SYNTHETIC
2025-05-22,C,SYN_MINE_01,SYN_TRUCK_012,dumper,BREAKDOWN,3.385,SYNTHETIC
2025-05-23,C,SYN_MINE_01,SYN_DRILL_002,drill,BREAKDOWN,3.379,SYNTHETIC
2025-05-23,C,SYN_MINE_01,SYN_TRUCK_001,dumper,BREAKDOWN,0.626,SYNTHETIC
2025-05-23,A,SYN_MINE_01,SYN_TRUCK_006,dumper,PREVENTIVE_MAINTENANCE,4.235,SYNTHETIC
2025-05-23,A,SYN_MINE_01,SYN_TRUCK_007,dumper,BREAKDOWN,4.252,SYNTHETIC
2025-05-23,A,SYN_MINE_01,SYN_TRUCK_008,dumper,PREVENTIVE_MAINTENANCE,5.877,SYNTHETIC
2025-05-23,C,SYN_MINE_01,SYN_TRUCK_013,dumper,BREAKDOWN,0.101,SYNTHETIC
2025-05-24,A,SYN_MINE_01,SYN_TRUCK_003,dumper,PREVENTIVE_MAINTENANCE,5.112,SYNTHETIC
2025-05-24,A,SYN_MINE_01,SYN_TRUCK_007,dumper,BREAKDOWN,2.02,SYNTHETIC
2025-05-25,A,SYN_MINE_01,SYN_DRILL_001,drill,PREVENTIVE_MAINTENANCE,5.921,SYNTHETIC
2025-05-25,B,SYN_MINE_01,SYN_DRILL_002,drill,BREAKDOWN,2.044,SYNTHETIC
2025-05-25,A,SYN_MINE_01,SYN_EXC_001,excavator,PREVENTIVE_MAINTENANCE,7.0,SYNTHETIC
2025-05-25,C,SYN_MINE_01,SYN_TRUCK_001,dumper,BREAKDOWN,2.26,SYNTHETIC
2025-05-25,C,SYN_MINE_01,SYN_TRUCK_010,dumper,BREAKDOWN,4.31,SYNTHETIC
2025-05-26,B,SYN_MINE_01,SYN_DRILL_001,drill,BREAKDOWN,0.032,SYNTHETIC
2025-05-26,C,SYN_MINE_01,SYN_TRUCK_002,dumper,BREAKDOWN,0.568,SYNTHETIC
2025-05-26,B,SYN_MINE_01,SYN_TRUCK_007,dumper,BREAKDOWN,2.16,SYNTHETIC
2025-05-26,B,SYN_MINE_01,SYN_TRUCK_009,dumper,BREAKDOWN,1.682,SYNTHETIC
2025-05-27,A,SYN_MINE_01,SYN_DRILL_002,drill,PREVENTIVE_MAINTENANCE,4.718,SYNTHETIC
2025-05-28,C,SYN_MINE_01,SYN_TRUCK_007,dumper,BREAKDOWN,1.307,SYNTHETIC
2025-05-28,A,SYN_MINE_01,SYN_TRUCK_008,dumper,BREAKDOWN,4.12,SYNTHETIC
2025-05-28,B,SYN_MINE_01,SYN_TRUCK_009,dumper,BREAKDOWN,1.294,SYNTHETIC
2025-05-28,A,SYN_MINE_01,SYN_TRUCK_010,dumper,PREVENTIVE_MAINTENANCE,6.471,SYNTHETIC
2025-05-28,B,SYN_MINE_01,SYN_TRUCK_012,dumper,BREAKDOWN,3.677,SYNTHETIC
2025-05-29,A,SYN_MINE_01,SYN_DRILL_002,drill,BREAKDOWN,2.214,SYNTHETIC
2025-05-29,B,SYN_MINE_01,SYN_TRUCK_001,dumper,BREAKDOWN,1.916,SYNTHETIC
2025-05-29,A,SYN_MINE_01,SYN_TRUCK_004,dumper,BREAKDOWN,3.666,SYNTHETIC
2025-05-29,C,SYN_MINE_01,SYN_TRUCK_005,dumper,BREAKDOWN,1.565,SYNTHETIC
2025-05-29,A,SYN_MINE_01,SYN_TRUCK_007,dumper,BREAKDOWN,2.24,SYNTHETIC
2025-05-30,B,SYN_MINE_01,SYN_DRILL_001,drill,BREAKDOWN,3.887,SYNTHETIC
2025-05-30,B,SYN_MINE_01,SYN_TRUCK_005,dumper,BREAKDOWN,1.844,SYNTHETIC
2025-05-30,B,SYN_MINE_01,SYN_TRUCK_007,dumper,BREAKDOWN,2.184,SYNTHETIC
2025-05-30,A,SYN_MINE_01,SYN_TRUCK_008,dumper,BREAKDOWN,1.53,SYNTHETIC
2025-05-30,A,SYN_MINE_01,SYN_TRUCK_009,dumper,PREVENTIVE_MAINTENANCE,4.26,SYNTHETIC
2025-05-30,A,SYN_MINE_01,SYN_TRUCK_010,dumper,BREAKDOWN,0.227,SYNTHETIC
2025-05-30,B,SYN_MINE_01,SYN_TRUCK_012,dumper,BREAKDOWN,3.498,SYNTHETIC
2025-05-31,A,SYN_MINE_01,SYN_EXC_002,excavator,BREAKDOWN,3.633,SYNTHETIC
2025-05-31,A,SYN_MINE_01,SYN_TRUCK_002,dumper,PREVENTIVE_MAINTENANCE,6.532,SYNTHETIC
2025-05-31,C,SYN_MINE_01,SYN_TRUCK_003,dumper,BREAKDOWN,2.7,SYNTHETIC
2025-05-31,A,SYN_MINE_01,SYN_TRUCK_007,dumper,BREAKDOWN,3.046,SYNTHETIC
2025-05-31,B,SYN_MINE_01,SYN_TRUCK_011,dumper,BREAKDOWN,0.629,SYNTHETIC
2025-05-31,A,SYN_MINE_01,SYN_TRUCK_013,dumper,BREAKDOWN,3.61,SYNTHETIC
2025-06-01,B,SYN_MINE_01,SYN_DRILL_001,drill,BREAKDOWN,2.681,SYNTHETIC
2025-06-01,A,SYN_MINE_01,SYN_EXC_001,excavator,BREAKDOWN,4.213,SYNTHETIC
2025-06-01,B,SYN_MINE_01,SYN_TRUCK_002,dumper,BREAKDOWN,4.269,SYNTHETIC
2025-06-01,A,SYN_MINE_01,SYN_TRUCK_004,dumper,PREVENTIVE_MAINTENANCE,5.539,SYNTHETIC
2025-06-01,A,SYN_MINE_01,SYN_TRUCK_005,dumper,BREAKDOWN,4.341,SYNTHETIC
2025-06-01,A,SYN_MINE_01,SYN_TRUCK_006,dumper,BREAKDOWN,4.75,SYNTHETIC
2025-06-01,B,SYN_MINE_01,SYN_TRUCK_010,dumper,BREAKDOWN,3.923,SYNTHETIC
2025-06-01,B,SYN_MINE_01,SYN_TRUCK_011,dumper,BREAKDOWN,5.671,SYNTHETIC
2025-06-02,B,SYN_MINE_01,SYN_DRILL_002,drill,BREAKDOWN,1.213,SYNTHETIC
2025-06-02,B,SYN_MINE_01,SYN_TRUCK_003,dumper,BREAKDOWN,1.633,SYNTHETIC
2025-06-02,B,SYN_MINE_01,SYN_TRUCK_011,dumper,BREAKDOWN,4.324,SYNTHETIC
2025-06-02,A,SYN_MINE_01,SYN_TRUCK_012,dumper,PREVENTIVE_MAINTENANCE,7.0,SYNTHETIC
2025-06-02,B,SYN_MINE_01,SYN_TRUCK_012,dumper,BREAKDOWN,5.804,SYNTHETIC
2025-06-03,ALL,SYN_MINE_01,SITE,site,POWER_OUTAGE,3.63,SYNTHETIC
2025-06-03,A,SYN_MINE_01,SYN_TRUCK_001,dumper,BREAKDOWN,2.728,SYNTHETIC
2025-06-03,A,SYN_MINE_01,SYN_TRUCK_006,dumper,BREAKDOWN,6.993,SYNTHETIC
2025-06-03,A,SYN_MINE_01,SYN_TRUCK_007,dumper,BREAKDOWN,0.336,SYNTHETIC
2025-06-04,C,SYN_MINE_01,SYN_TRUCK_004,dumper,BREAKDOWN,1.76,SYNTHETIC
2025-06-05,A,SYN_MINE_01,SYN_EXC_002,excavator,PREVENTIVE_MAINTENANCE,6.17,SYNTHETIC
2025-06-06,A,SYN_MINE_01,SYN_DRILL_001,drill,PREVENTIVE_MAINTENANCE,5.126,SYNTHETIC
2025-06-06,C,SYN_MINE_01,SYN_EXC_002,excavator,BREAKDOWN,2.661,SYNTHETIC
2025-06-06,A,SYN_MINE_01,SYN_TRUCK_003,dumper,BREAKDOWN,6.768,SYNTHETIC
2025-06-06,A,SYN_MINE_01,SYN_TRUCK_011,dumper,BREAKDOWN,1.484,SYNTHETIC
2025-06-07,A,SYN_MINE_01,SYN_DRILL_002,drill,PREVENTIVE_MAINTENANCE,4.14,SYNTHETIC
2025-06-07,B,SYN_MINE_01,SYN_TRUCK_001,dumper,BREAKDOWN,3.701,SYNTHETIC
2025-06-07,C,SYN_MINE_01,SYN_TRUCK_006,dumper,BREAKDOWN,3.525,SYNTHETIC
2025-06-07,A,SYN_MINE_01,SYN_TRUCK_007,dumper,PREVENTIVE_MAINTENANCE,5.804,SYNTHETIC
2025-06-07,C,SYN_MINE_01,SYN_TRUCK_008,dumper,BREAKDOWN,2.44,SYNTHETIC
2025-06-07,A,SYN_MINE_01,SYN_TRUCK_013,dumper,PREVENTIVE_MAINTENANCE,4.899,SYNTHETIC
2025-06-08,C,SYN_MINE_01,SYN_TRUCK_004,dumper,BREAKDOWN,3.002,SYNTHETIC
2025-06-08,A,SYN_MINE_01,SYN_TRUCK_008,dumper,BREAKDOWN,4.388,SYNTHETIC
2025-06-08,C,SYN_MINE_01,SYN_TRUCK_010,dumper,BREAKDOWN,4.126,SYNTHETIC
2025-06-08,A,SYN_MINE_01,SYN_TRUCK_011,dumper,PREVENTIVE_MAINTENANCE,7.0,SYNTHETIC
2025-06-08,A,SYN_MINE_01,SYN_TRUCK_012,dumper,BREAKDOWN,2.133,SYNTHETIC
2025-06-09,A,SYN_MINE_01,SYN_DRILL_001,drill,BREAKDOWN,2.265,SYNTHETIC
2025-06-09,C,SYN_MINE_01,SYN_EXC_002,excavator,BREAKDOWN,4.178,SYNTHETIC
2025-06-09,B,SYN_MINE_01,SYN_TRUCK_003,dumper,BREAKDOWN,6.573,SYNTHETIC
2025-06-10,C,SYN_MINE_01,SYN_DRILL_002,drill,BREAKDOWN,3.104,SYNTHETIC
2025-06-10,A,SYN_MINE_01,SYN_EXC_001,excavator,PREVENTIVE_MAINTENANCE,6.378,SYNTHETIC
2025-06-10,A,SYN_MINE_01,SYN_TRUCK_001,dumper,BREAKDOWN,4.304,SYNTHETIC
2025-06-10,A,SYN_MINE_01,SYN_TRUCK_005,dumper,PREVENTIVE_MAINTENANCE,6.238,SYNTHETIC
2025-06-10,C,SYN_MINE_01,SYN_TRUCK_009,dumper,BREAKDOWN,2.269,SYNTHETIC
2025-06-11,C,SYN_MINE_01,SYN_DRILL_002,drill,BREAKDOWN,3.083,SYNTHETIC
2025-06-11,A,SYN_MINE_01,SYN_TRUCK_001,dumper,PREVENTIVE_MAINTENANCE,5.229,SYNTHETIC
2025-06-12,A,SYN_MINE_01,SYN_EXC_001,excavator,BREAKDOWN,6.617,SYNTHETIC
2025-06-12,C,SYN_MINE_01,SYN_EXC_002,excavator,BREAKDOWN,4.088,SYNTHETIC
2025-06-12,A,SYN_MINE_01,SYN_TRUCK_006,dumper,PREVENTIVE_MAINTENANCE,7.0,SYNTHETIC
2025-06-12,A,SYN_MINE_01,SYN_TRUCK_008,dumper,PREVENTIVE_MAINTENANCE,7.0,SYNTHETIC
2025-06-12,C,SYN_MINE_01,SYN_TRUCK_009,dumper,BREAKDOWN,1.936,SYNTHETIC
2025-06-13,A,SYN_MINE_01,SYN_TRUCK_003,dumper,PREVENTIVE_MAINTENANCE,7.0,SYNTHETIC
2025-06-13,C,SYN_MINE_01,SYN_TRUCK_003,dumper,BREAKDOWN,1.682,SYNTHETIC
2025-06-13,C,SYN_MINE_01,SYN_TRUCK_008,dumper,BREAKDOWN,1.449,SYNTHETIC
2025-06-14,A,SYN_MINE_01,SYN_DRILL_001,drill,BREAKDOWN,1.421,SYNTHETIC
2025-06-14,C,SYN_MINE_01,SYN_TRUCK_002,dumper,BREAKDOWN,5.851,SYNTHETIC
2025-06-14,A,SYN_MINE_01,SYN_TRUCK_004,dumper,BREAKDOWN,2.154,SYNTHETIC
2025-06-14,B,SYN_MINE_01,SYN_TRUCK_007,dumper,BREAKDOWN,6.376,SYNTHETIC
2025-06-14,B,SYN_MINE_01,SYN_TRUCK_009,dumper,BREAKDOWN,0.391,SYNTHETIC
2025-06-14,B,SYN_MINE_01,SYN_TRUCK_013,dumper,BREAKDOWN,2.775,SYNTHETIC
2025-06-15,A,SYN_MINE_01,SYN_DRILL_002,drill,BREAKDOWN,3.902,SYNTHETIC
2025-06-15,B,SYN_MINE_01,SYN_TRUCK_011,dumper,BREAKDOWN,3.809,SYNTHETIC
2025-06-16,B,SYN_MINE_01,SYN_DRILL_002,drill,BREAKDOWN,3.181,SYNTHETIC
2025-06-16,A,SYN_MINE_01,SYN_EXC_002,excavator,BREAKDOWN,2.721,SYNTHETIC
2025-06-16,C,SYN_MINE_01,SYN_TRUCK_003,dumper,BREAKDOWN,1.376,SYNTHETIC
2025-06-16,B,SYN_MINE_01,SYN_TRUCK_004,dumper,BREAKDOWN,2.686,SYNTHETIC
2025-06-16,C,SYN_MINE_01,SYN_TRUCK_004,dumper,BREAKDOWN,3.987,SYNTHETIC
2025-06-16,B,SYN_MINE_01,SYN_TRUCK_012,dumper,BREAKDOWN,3.161,SYNTHETIC
2025-06-16,C,SYN_MINE_01,SYN_TRUCK_013,dumper,BREAKDOWN,1.741,SYNTHETIC
2025-06-17,A,SYN_MINE_01,SYN_DRILL_001,drill,PREVENTIVE_MAINTENANCE,4.841,SYNTHETIC
2025-06-17,A,SYN_MINE_01,SYN_DRILL_002,drill,BREAKDOWN,3.269,SYNTHETIC
2025-06-17,B,SYN_MINE_01,SYN_TRUCK_004,dumper,BREAKDOWN,5.231,SYNTHETIC
2025-06-17,B,SYN_MINE_01,SYN_TRUCK_007,dumper,BREAKDOWN,3.727,SYNTHETIC
2025-06-17,B,SYN_MINE_01,SYN_TRUCK_013,dumper,BREAKDOWN,0.762,SYNTHETIC
2025-06-18,A,SYN_MINE_01,SYN_TRUCK_002,dumper,BREAKDOWN,4.305,SYNTHETIC
2025-06-18,C,SYN_MINE_01,SYN_TRUCK_002,dumper,BREAKDOWN,0.687,SYNTHETIC
2025-06-18,B,SYN_MINE_01,SYN_TRUCK_004,dumper,BREAKDOWN,2.956,SYNTHETIC
2025-06-18,B,SYN_MINE_01,SYN_TRUCK_005,dumper,BREAKDOWN,2.831,SYNTHETIC
2025-06-18,A,SYN_MINE_01,SYN_TRUCK_010,dumper,PREVENTIVE_MAINTENANCE,7.0,SYNTHETIC
2025-06-18,C,SYN_MINE_01,SYN_TRUCK_011,dumper,BREAKDOWN,2.183,SYNTHETIC
2025-06-19,C,SYN_MINE_01,SYN_DRILL_001,drill,BREAKDOWN,3.486,SYNTHETIC
2025-06-19,A,SYN_MINE_01,SYN_DRILL_002,drill,PREVENTIVE_MAINTENANCE,4.458,SYNTHETIC
2025-06-19,A,SYN_MINE_01,SYN_TRUCK_001,dumper,BREAKDOWN,1.876,SYNTHETIC
2025-06-19,B,SYN_MINE_01,SYN_TRUCK_006,dumper,BREAKDOWN,0.569,SYNTHETIC
2025-06-19,B,SYN_MINE_01,SYN_TRUCK_007,dumper,BREAKDOWN,2.888,SYNTHETIC
2025-06-19,A,SYN_MINE_01,SYN_TRUCK_009,dumper,PREVENTIVE_MAINTENANCE,6.265,SYNTHETIC
2025-06-19,C,SYN_MINE_01,SYN_TRUCK_009,dumper,BREAKDOWN,2.115,SYNTHETIC
2025-06-19,C,SYN_MINE_01,SYN_TRUCK_012,dumper,BREAKDOWN,5.369,SYNTHETIC
2025-06-20,ALL,SYN_MINE_01,SITE,site,POWER_OUTAGE,2.05,SYNTHETIC
2025-06-20,B,SYN_MINE_01,SYN_DRILL_001,drill,BREAKDOWN,0.329,SYNTHETIC
2025-06-20,A,SYN_MINE_01,SYN_TRUCK_002,dumper,BREAKDOWN,6.865,SYNTHETIC
2025-06-20,A,SYN_MINE_01,SYN_TRUCK_003,dumper,BREAKDOWN,2.941,SYNTHETIC
2025-06-20,C,SYN_MINE_01,SYN_TRUCK_013,dumper,BREAKDOWN,0.684,SYNTHETIC
2025-06-21,B,SYN_MINE_01,SYN_DRILL_002,drill,BREAKDOWN,4.996,SYNTHETIC
2025-06-21,A,SYN_MINE_01,SYN_TRUCK_002,dumper,PREVENTIVE_MAINTENANCE,4.583,SYNTHETIC
2025-06-21,C,SYN_MINE_01,SYN_TRUCK_002,dumper,BREAKDOWN,1.711,SYNTHETIC
2025-06-21,A,SYN_MINE_01,SYN_TRUCK_006,dumper,BREAKDOWN,2.006,SYNTHETIC
2025-06-21,B,SYN_MINE_01,SYN_TRUCK_007,dumper,BREAKDOWN,0.65,SYNTHETIC
2025-06-21,C,SYN_MINE_01,SYN_TRUCK_009,dumper,BREAKDOWN,1.299,SYNTHETIC
2025-06-21,B,SYN_MINE_01,SYN_TRUCK_010,dumper,BREAKDOWN,1.978,SYNTHETIC
2025-06-21,C,SYN_MINE_01,SYN_TRUCK_011,dumper,BREAKDOWN,3.241,SYNTHETIC
2025-06-22,B,SYN_MINE_01,SYN_DRILL_001,drill,BREAKDOWN,2.826,SYNTHETIC
2025-06-22,C,SYN_MINE_01,SYN_DRILL_002,drill,BREAKDOWN,5.382,SYNTHETIC
2025-06-22,A,SYN_MINE_01,SYN_EXC_002,excavator,PREVENTIVE_MAINTENANCE,6.081,SYNTHETIC
2025-06-22,B,SYN_MINE_01,SYN_EXC_002,excavator,BREAKDOWN,2.755,SYNTHETIC
2025-06-22,B,SYN_MINE_01,SYN_TRUCK_003,dumper,BREAKDOWN,5.015,SYNTHETIC
2025-06-22,A,SYN_MINE_01,SYN_TRUCK_004,dumper,PREVENTIVE_MAINTENANCE,4.31,SYNTHETIC
2025-06-22,B,SYN_MINE_01,SYN_TRUCK_005,dumper,BREAKDOWN,1.62,SYNTHETIC
2025-06-22,A,SYN_MINE_01,SYN_TRUCK_006,dumper,BREAKDOWN,0.513,SYNTHETIC
2025-06-22,B,SYN_MINE_01,SYN_TRUCK_010,dumper,BREAKDOWN,5.011,SYNTHETIC
2025-06-23,A,SYN_MINE_01,SYN_DRILL_001,drill,BREAKDOWN,4.449,SYNTHETIC
2025-06-23,B,SYN_MINE_01,SYN_DRILL_002,drill,BREAKDOWN,1.561,SYNTHETIC
2025-06-23,C,SYN_MINE_01,SYN_EXC_002,excavator,BREAKDOWN,5.417,SYNTHETIC
2025-06-23,B,SYN_MINE_01,SYN_TRUCK_004,dumper,BREAKDOWN,6.559,SYNTHETIC
2025-06-23,B,SYN_MINE_01,SYN_TRUCK_005,dumper,BREAKDOWN,1.298,SYNTHETIC
2025-06-23,B,SYN_MINE_01,SYN_TRUCK_006,dumper,BREAKDOWN,2.842,SYNTHETIC
2025-06-23,B,SYN_MINE_01,SYN_TRUCK_007,dumper,BREAKDOWN,0.954,SYNTHETIC
2025-06-23,A,SYN_MINE_01,SYN_TRUCK_011,dumper,BREAKDOWN,1.667,SYNTHETIC
2025-06-24,B,SYN_MINE_01,SYN_TRUCK_006,dumper,BREAKDOWN,3.539,SYNTHETIC
2025-06-24,B,SYN_MINE_01,SYN_TRUCK_008,dumper,BREAKDOWN,2.141,SYNTHETIC
2025-06-24,A,SYN_MINE_01,SYN_TRUCK_011,dumper,BREAKDOWN,2.58,SYNTHETIC
2025-06-24,A,SYN_MINE_01,SYN_TRUCK_012,dumper,PREVENTIVE_MAINTENANCE,6.557,SYNTHETIC
2025-06-25,A,SYN_MINE_01,SYN_DRILL_001,drill,BREAKDOWN,1.45,SYNTHETIC
2025-06-25,B,SYN_MINE_01,SYN_DRILL_002,drill,BREAKDOWN,0.01,SYNTHETIC
2025-06-25,C,SYN_MINE_01,SYN_EXC_001,excavator,BREAKDOWN,4.556,SYNTHETIC
2025-06-25,A,SYN_MINE_01,SYN_TRUCK_005,dumper,BREAKDOWN,0.12,SYNTHETIC
2025-06-25,C,SYN_MINE_01,SYN_TRUCK_005,dumper,BREAKDOWN,3.539,SYNTHETIC
2025-06-25,A,SYN_MINE_01,SYN_TRUCK_008,dumper,BREAKDOWN,2.016,SYNTHETIC
2025-06-25,B,SYN_MINE_01,SYN_TRUCK_009,dumper,BREAKDOWN,1.24,SYNTHETIC
2025-06-25,A,SYN_MINE_01,SYN_TRUCK_010,dumper,BREAKDOWN,3.88,SYNTHETIC
2025-06-26,A,SYN_MINE_01,SYN_TRUCK_002,dumper,BREAKDOWN,4.218,SYNTHETIC
2025-06-26,C,SYN_MINE_01,SYN_TRUCK_005,dumper,BREAKDOWN,3.368,SYNTHETIC
2025-06-26,B,SYN_MINE_01,SYN_TRUCK_013,dumper,BREAKDOWN,3.481,SYNTHETIC
2025-06-27,B,SYN_MINE_01,SYN_DRILL_002,drill,BREAKDOWN,1.385,SYNTHETIC
2025-06-27,A,SYN_MINE_01,SYN_EXC_001,excavator,PREVENTIVE_MAINTENANCE,6.839,SYNTHETIC
2025-06-27,C,SYN_MINE_01,SYN_TRUCK_001,dumper,BREAKDOWN,2.485,SYNTHETIC
2025-06-27,C,SYN_MINE_01,SYN_TRUCK_002,dumper,BREAKDOWN,1.31,SYNTHETIC
2025-06-27,A,SYN_MINE_01,SYN_TRUCK_007,dumper,PREVENTIVE_MAINTENANCE,6.03,SYNTHETIC
2025-06-27,A,SYN_MINE_01,SYN_TRUCK_011,dumper,BREAKDOWN,2.232,SYNTHETIC
2025-06-27,A,SYN_MINE_01,SYN_TRUCK_013,dumper,PREVENTIVE_MAINTENANCE,6.907,SYNTHETIC
2025-06-27,B,SYN_MINE_01,SYN_TRUCK_013,dumper,BREAKDOWN,2.46,SYNTHETIC
2025-06-28,A,SYN_MINE_01,SYN_DRILL_001,drill,BREAKDOWN,1.122,SYNTHETIC
2025-06-28,B,SYN_MINE_01,SYN_DRILL_002,drill,BREAKDOWN,2.372,SYNTHETIC
2025-06-28,C,SYN_MINE_01,SYN_TRUCK_006,dumper,BREAKDOWN,0.78,SYNTHETIC
2025-06-28,A,SYN_MINE_01,SYN_TRUCK_007,dumper,BREAKDOWN,5.464,SYNTHETIC
2025-06-28,B,SYN_MINE_01,SYN_TRUCK_008,dumper,BREAKDOWN,0.181,SYNTHETIC
2025-06-28,A,SYN_MINE_01,SYN_TRUCK_011,dumper,PREVENTIVE_MAINTENANCE,7.0,SYNTHETIC
2025-06-29,A,SYN_MINE_01,SYN_DRILL_001,drill,PREVENTIVE_MAINTENANCE,5.259,SYNTHETIC
2025-06-29,B,SYN_MINE_01,SYN_EXC_001,excavator,BREAKDOWN,0.75,SYNTHETIC
2025-06-29,C,SYN_MINE_01,SYN_EXC_001,excavator,BREAKDOWN,4.478,SYNTHETIC
2025-06-29,B,SYN_MINE_01,SYN_TRUCK_003,dumper,BREAKDOWN,5.614,SYNTHETIC
2025-06-29,A,SYN_MINE_01,SYN_TRUCK_007,dumper,BREAKDOWN,3.994,SYNTHETIC
2025-06-29,C,SYN_MINE_01,SYN_TRUCK_008,dumper,BREAKDOWN,4.764,SYNTHETIC
2025-06-29,A,SYN_MINE_01,SYN_TRUCK_012,dumper,BREAKDOWN,1.424,SYNTHETIC
2025-06-30,A,SYN_MINE_01,SYN_TRUCK_001,dumper,PREVENTIVE_MAINTENANCE,4.858,SYNTHETIC
2025-06-30,B,SYN_MINE_01,SYN_TRUCK_002,dumper,BREAKDOWN,4.598,SYNTHETIC
2025-06-30,A,SYN_MINE_01,SYN_TRUCK_004,dumper,BREAKDOWN,3.894,SYNTHETIC
2025-06-30,B,SYN_MINE_01,SYN_TRUCK_005,dumper,BREAKDOWN,1.982,SYNTHETIC
2025-06-30,C,SYN_MINE_01,SYN_TRUCK_005,dumper,BREAKDOWN,1.38,SYNTHETIC
2025-06-30,C,SYN_MINE_01,SYN_TRUCK_010,dumper,BREAKDOWN,2.363,SYNTHETIC
2025-07-01,C,SYN_MINE_01,SYN_DRILL_001,drill,BREAKDOWN,3.127,SYNTHETIC
2025-07-01,B,SYN_MINE_01,SYN_DRILL_002,drill,BREAKDOWN,1.465,SYNTHETIC
2025-07-02,C,SYN_MINE_01,SYN_DRILL_001,drill,BREAKDOWN,3.11,SYNTHETIC
2025-07-02,A,SYN_MINE_01,SYN_DRILL_002,drill,BREAKDOWN,2.875,SYNTHETIC
2025-07-02,A,SYN_MINE_01,SYN_EXC_002,excavator,BREAKDOWN,5.977,SYNTHETIC
2025-07-02,A,SYN_MINE_01,SYN_TRUCK_002,dumper,BREAKDOWN,3.746,SYNTHETIC
2025-07-02,B,SYN_MINE_01,SYN_TRUCK_003,dumper,BREAKDOWN,2.415,SYNTHETIC
2025-07-02,B,SYN_MINE_01,SYN_TRUCK_004,dumper,BREAKDOWN,6.301,SYNTHETIC
2025-07-02,A,SYN_MINE_01,SYN_TRUCK_005,dumper,PREVENTIVE_MAINTENANCE,6.319,SYNTHETIC
2025-07-02,C,SYN_MINE_01,SYN_TRUCK_006,dumper,BREAKDOWN,1.352,SYNTHETIC
2025-07-02,A,SYN_MINE_01,SYN_TRUCK_011,dumper,BREAKDOWN,3.397,SYNTHETIC
2025-07-02,B,SYN_MINE_01,SYN_TRUCK_011,dumper,BREAKDOWN,5.745,SYNTHETIC
2025-07-03,A,SYN_MINE_01,SYN_DRILL_002,drill,PREVENTIVE_MAINTENANCE,5.276,SYNTHETIC
2025-07-03,A,SYN_MINE_01,SYN_TRUCK_008,dumper,PREVENTIVE_MAINTENANCE,6.663,SYNTHETIC
2025-07-03,A,SYN_MINE_01,SYN_TRUCK_011,dumper,BREAKDOWN,0.454,SYNTHETIC
2025-07-03,C,SYN_MINE_01,SYN_TRUCK_012,dumper,BREAKDOWN,4.035,SYNTHETIC
2025-07-04,C,SYN_MINE_01,SYN_DRILL_001,drill,BREAKDOWN,5.061,SYNTHETIC
2025-07-04,A,SYN_MINE_01,SYN_TRUCK_003,dumper,PREVENTIVE_MAINTENANCE,6.477,SYNTHETIC
2025-07-04,C,SYN_MINE_01,SYN_TRUCK_004,dumper,BREAKDOWN,2.303,SYNTHETIC
2025-07-04,A,SYN_MINE_01,SYN_TRUCK_006,dumper,BREAKDOWN,0.516,SYNTHETIC
2025-07-04,C,SYN_MINE_01,SYN_TRUCK_008,dumper,BREAKDOWN,0.645,SYNTHETIC
2025-07-04,A,SYN_MINE_01,SYN_TRUCK_013,dumper,BREAKDOWN,4.628,SYNTHETIC
2025-07-05,B,SYN_MINE_01,SYN_TRUCK_003,dumper,BREAKDOWN,5.087,SYNTHETIC
2025-07-05,C,SYN_MINE_01,SYN_TRUCK_007,dumper,BREAKDOWN,0.256,SYNTHETIC
2025-07-06,C,SYN_MINE_01,SYN_TRUCK_001,dumper,BREAKDOWN,4.746,SYNTHETIC
2025-07-06,A,SYN_MINE_01,SYN_TRUCK_009,dumper,BREAKDOWN,6.113,SYNTHETIC
2025-07-06,B,SYN_MINE_01,SYN_TRUCK_010,dumper,BREAKDOWN,0.032,SYNTHETIC
2025-07-07,ALL,SYN_MINE_01,SITE,site,WEATHER_SITE_STOPPAGE,9.57,SYNTHETIC
2025-07-07,A,SYN_MINE_01,SYN_TRUCK_013,dumper,BREAKDOWN,3.688,SYNTHETIC
2025-07-08,ALL,SYN_MINE_01,SITE,site,WEATHER_SITE_STOPPAGE,7.86,SYNTHETIC
2025-07-08,B,SYN_MINE_01,SYN_EXC_001,excavator,BREAKDOWN,1.952,SYNTHETIC
2025-07-08,A,SYN_MINE_01,SYN_TRUCK_007,dumper,BREAKDOWN,2.608,SYNTHETIC
2025-07-09,C,SYN_MINE_01,SYN_TRUCK_012,dumper,BREAKDOWN,1.583,SYNTHETIC
2025-07-10,B,SYN_MINE_01,SYN_EXC_001,excavator,BREAKDOWN,4.963,SYNTHETIC
2025-07-10,B,SYN_MINE_01,SYN_TRUCK_002,dumper,BREAKDOWN,4.171,SYNTHETIC
2025-07-10,B,SYN_MINE_01,SYN_TRUCK_004,dumper,BREAKDOWN,0.772,SYNTHETIC
2025-07-10,B,SYN_MINE_01,SYN_TRUCK_006,dumper,BREAKDOWN,2.309,SYNTHETIC
2025-07-10,C,SYN_MINE_01,SYN_TRUCK_007,dumper,BREAKDOWN,2.148,SYNTHETIC
2025-07-10,A,SYN_MINE_01,SYN_TRUCK_010,dumper,PREVENTIVE_MAINTENANCE,5.514,SYNTHETIC
2025-07-10,C,SYN_MINE_01,SYN_TRUCK_013,dumper,BREAKDOWN,1.665,SYNTHETIC
2025-07-11,A,SYN_MINE_01,SYN_DRILL_001,drill,BREAKDOWN,3.974,SYNTHETIC
2025-07-11,A,SYN_MINE_01,SYN_EXC_002,excavator,PREVENTIVE_MAINTENANCE,7.0,SYNTHETIC
2025-07-11,B,SYN_MINE_01,SYN_TRUCK_006,dumper,BREAKDOWN,3.66,SYNTHETIC
2025-07-11,A,SYN_MINE_01,SYN_TRUCK_008,dumper,BREAKDOWN,3.533,SYNTHETIC
2025-07-11,A,SYN_MINE_01,SYN_TRUCK_009,dumper,PREVENTIVE_MAINTENANCE,6.636,SYNTHETIC
2025-07-12,C,SYN_MINE_01,SYN_DRILL_002,drill,BREAKDOWN,3.464,SYNTHETIC
2025-07-12,C,SYN_MINE_01,SYN_TRUCK_006,dumper,BREAKDOWN,1.796,SYNTHETIC
2025-07-12,A,SYN_MINE_01,SYN_TRUCK_009,dumper,BREAKDOWN,2.934,SYNTHETIC
2025-07-12,C,SYN_MINE_01,SYN_TRUCK_011,dumper,BREAKDOWN,3.45,SYNTHETIC
2025-07-13,A,SYN_MINE_01,SYN_DRILL_001,drill,BREAKDOWN,2.877,SYNTHETIC
2025-07-13,B,SYN_MINE_01,SYN_DRILL_002,drill,BREAKDOWN,2.539,SYNTHETIC
2025-07-13,C,SYN_MINE_01,SYN_TRUCK_001,dumper,BREAKDOWN,3.692,SYNTHETIC
2025-07-13,A,SYN_MINE_01,SYN_TRUCK_002,dumper,PREVENTIVE_MAINTENANCE,6.068,SYNTHETIC
2025-07-13,A,SYN_MINE_01,SYN_TRUCK_003,dumper,BREAKDOWN,1.458,SYNTHETIC
2025-07-13,A,SYN_MINE_01,SYN_TRUCK_004,dumper,PREVENTIVE_MAINTENANCE,6.947,SYNTHETIC
2025-07-13,B,SYN_MINE_01,SYN_TRUCK_011,dumper,BREAKDOWN,6.625,SYNTHETIC
2025-07-14,A,SYN_MINE_01,SYN_DRILL_001,drill,PREVENTIVE_MAINTENANCE,5.03,SYNTHETIC
2025-07-14,B,SYN_MINE_01,SYN_EXC_002,excavator,BREAKDOWN,0.477,SYNTHETIC
2025-07-14,A,SYN_MINE_01,SYN_TRUCK_009,dumper,BREAKDOWN,3.02,SYNTHETIC
2025-07-14,A,SYN_MINE_01,SYN_TRUCK_012,dumper,PREVENTIVE_MAINTENANCE,4.157,SYNTHETIC
2025-07-15,A,SYN_MINE_01,SYN_DRILL_002,drill,PREVENTIVE_MAINTENANCE,5.358,SYNTHETIC
2025-07-15,A,SYN_MINE_01,SYN_EXC_001,excavator,PREVENTIVE_MAINTENANCE,6.944,SYNTHETIC
2025-07-15,C,SYN_MINE_01,SYN_TRUCK_005,dumper,BREAKDOWN,2.564,SYNTHETIC
2025-07-15,C,SYN_MINE_01,SYN_TRUCK_007,dumper,BREAKDOWN,2.836,SYNTHETIC
2025-07-15,B,SYN_MINE_01,SYN_TRUCK_011,dumper,BREAKDOWN,5.321,SYNTHETIC
2025-07-15,A,SYN_MINE_01,SYN_TRUCK_013,dumper,BREAKDOWN,1.482,SYNTHETIC
2025-07-17,B,SYN_MINE_01,SYN_DRILL_001,drill,BREAKDOWN,1.643,SYNTHETIC
2025-07-17,A,SYN_MINE_01,SYN_TRUCK_003,dumper,BREAKDOWN,2.935,SYNTHETIC
2025-07-17,A,SYN_MINE_01,SYN_TRUCK_009,dumper,BREAKDOWN,6.35,SYNTHETIC
2025-07-17,B,SYN_MINE_01,SYN_TRUCK_011,dumper,BREAKDOWN,1.72,SYNTHETIC
2025-07-17,A,SYN_MINE_01,SYN_TRUCK_012,dumper,BREAKDOWN,5.611,SYNTHETIC
2025-07-18,C,SYN_MINE_01,SYN_DRILL_001,drill,BREAKDOWN,2.416,SYNTHETIC
2025-07-18,A,SYN_MINE_01,SYN_TRUCK_007,dumper,BREAKDOWN,2.189,SYNTHETIC
2025-07-19,A,SYN_MINE_01,SYN_DRILL_002,drill,BREAKDOWN,0.393,SYNTHETIC
2025-07-19,C,SYN_MINE_01,SYN_TRUCK_001,dumper,BREAKDOWN,3.448,SYNTHETIC
2025-07-19,C,SYN_MINE_01,SYN_TRUCK_006,dumper,BREAKDOWN,5.638,SYNTHETIC
2025-07-19,A,SYN_MINE_01,SYN_TRUCK_007,dumper,PREVENTIVE_MAINTENANCE,4.766,SYNTHETIC
2025-07-19,A,SYN_MINE_01,SYN_TRUCK_013,dumper,PREVENTIVE_MAINTENANCE,7.0,SYNTHETIC
2025-07-20,A,SYN_MINE_01,SYN_DRILL_001,drill,BREAKDOWN,4.032,SYNTHETIC
2025-07-20,B,SYN_MINE_01,SYN_TRUCK_001,dumper,BREAKDOWN,1.293,SYNTHETIC
2025-07-20,C,SYN_MINE_01,SYN_TRUCK_002,dumper,BREAKDOWN,4.073,SYNTHETIC
2025-07-20,C,SYN_MINE_01,SYN_TRUCK_011,dumper,BREAKDOWN,1.33,SYNTHETIC
2025-07-21,C,SYN_MINE_01,SYN_TRUCK_001,dumper,BREAKDOWN,2.017,SYNTHETIC
2025-07-21,C,SYN_MINE_01,SYN_TRUCK_003,dumper,BREAKDOWN,2.799,SYNTHETIC
2025-07-21,B,SYN_MINE_01,SYN_TRUCK_008,dumper,BREAKDOWN,4.972,SYNTHETIC
2025-07-21,C,SYN_MINE_01,SYN_TRUCK_010,dumper,BREAKDOWN,0.715,SYNTHETIC
2025-07-22,A,SYN_MINE_01,SYN_DRILL_001,drill,BREAKDOWN,2.108,SYNTHETIC
2025-07-22,C,SYN_MINE_01,SYN_EXC_002,excavator,BREAKDOWN,1.046,SYNTHETIC
2025-07-22,B,SYN_MINE_01,SYN_TRUCK_001,dumper,BREAKDOWN,5.702,SYNTHETIC
2025-07-22,C,SYN_MINE_01,SYN_TRUCK_004,dumper,BREAKDOWN,0.46,SYNTHETIC
2025-07-22,A,SYN_MINE_01,SYN_TRUCK_005,dumper,PREVENTIVE_MAINTENANCE,4.176,SYNTHETIC
2025-07-22,C,SYN_MINE_01,SYN_TRUCK_009,dumper,BREAKDOWN,2.367,SYNTHETIC
2025-07-22,A,SYN_MINE_01,SYN_TRUCK_011,dumper,PREVENTIVE_MAINTENANCE,5.778,SYNTHETIC
2025-07-22,B,SYN_MINE_01,SYN_TRUCK_011,dumper,BREAKDOWN,3.095,SYNTHETIC
2025-07-23,A,SYN_MINE_01,SYN_DRILL_001,drill,BREAKDOWN,0.921,SYNTHETIC
2025-07-23,A,SYN_MINE_01,SYN_DRILL_002,drill,BREAKDOWN,0.264,SYNTHETIC
2025-07-23,C,SYN_MINE_01,SYN_TRUCK_006,dumper,BREAKDOWN,5.851,SYNTHETIC
2025-07-23,B,SYN_MINE_01,SYN_TRUCK_007,dumper,BREAKDOWN,6.57,SYNTHETIC
2025-07-23,B,SYN_MINE_01,SYN_TRUCK_008,dumper,BREAKDOWN,2.523,SYNTHETIC
2025-07-24,A,SYN_MINE_01,SYN_EXC_002,excavator,BREAKDOWN,2.509,SYNTHETIC
2025-07-24,B,SYN_MINE_01,SYN_EXC_002,excavator,BREAKDOWN,0.052,SYNTHETIC
2025-07-24,A,SYN_MINE_01,SYN_TRUCK_001,dumper,PREVENTIVE_MAINTENANCE,4.037,SYNTHETIC
2025-07-24,A,SYN_MINE_01,SYN_TRUCK_004,dumper,BREAKDOWN,3.029,SYNTHETIC
2025-07-24,C,SYN_MINE_01,SYN_TRUCK_006,dumper,BREAKDOWN,3.86,SYNTHETIC
2025-07-24,A,SYN_MINE_01,SYN_TRUCK_008,dumper,PREVENTIVE_MAINTENANCE,6.964,SYNTHETIC
2025-07-25,B,SYN_MINE_01,SYN_TRUCK_004,dumper,BREAKDOWN,3.623,SYNTHETIC
2025-07-25,A,SYN_MINE_01,SYN_TRUCK_012,dumper,BREAKDOWN,4.383,SYNTHETIC
2025-07-26,ALL,SYN_MINE_01,SITE,site,WEATHER_SITE_STOPPAGE,7.73,SYNTHETIC
2025-07-26,A,SYN_MINE_01,SYN_DRILL_001,drill,PREVENTIVE_MAINTENANCE,4.281,SYNTHETIC
2025-07-26,A,SYN_MINE_01,SYN_DRILL_002,drill,PREVENTIVE_MAINTENANCE,5.495,SYNTHETIC
2025-07-26,A,SYN_MINE_01,SYN_TRUCK_003,dumper,PREVENTIVE_MAINTENANCE,7.0,SYNTHETIC
2025-07-26,A,SYN_MINE_01,SYN_TRUCK_006,dumper,PREVENTIVE_MAINTENANCE,7.0,SYNTHETIC
2025-07-26,A,SYN_MINE_01,SYN_TRUCK_009,dumper,BREAKDOWN,5.082,SYNTHETIC
2025-07-26,B,SYN_MINE_01,SYN_TRUCK_013,dumper,BREAKDOWN,1.258,SYNTHETIC
2025-07-27,ALL,SYN_MINE_01,SITE,site,WEATHER_SITE_STOPPAGE,7.12,SYNTHETIC
2025-07-27,C,SYN_MINE_01,SYN_DRILL_002,drill,BREAKDOWN,1.946,SYNTHETIC
2025-07-27,C,SYN_MINE_01,SYN_TRUCK_013,dumper,BREAKDOWN,3.107,SYNTHETIC
2025-07-28,A,SYN_MINE_01,SYN_TRUCK_007,dumper,BREAKDOWN,2.836,SYNTHETIC
2025-07-28,B,SYN_MINE_01,SYN_TRUCK_011,dumper,BREAKDOWN,6.526,SYNTHETIC
2025-07-29,A,SYN_MINE_01,SYN_EXC_002,excavator,PREVENTIVE_MAINTENANCE,7.0,SYNTHETIC
2025-07-29,A,SYN_MINE_01,SYN_TRUCK_005,dumper,BREAKDOWN,1.686,SYNTHETIC
2025-07-29,A,SYN_MINE_01,SYN_TRUCK_009,dumper,BREAKDOWN,1.964,SYNTHETIC
2025-07-30,C,SYN_MINE_01,SYN_DRILL_001,drill,BREAKDOWN,3.112,SYNTHETIC
2025-07-30,A,SYN_MINE_01,SYN_DRILL_002,drill,BREAKDOWN,2.854,SYNTHETIC
2025-07-30,C,SYN_MINE_01,SYN_TRUCK_005,dumper,BREAKDOWN,1.209,SYNTHETIC
2025-07-30,A,SYN_MINE_01,SYN_TRUCK_010,dumper,PREVENTIVE_MAINTENANCE,7.0,SYNTHETIC
2025-07-30,B,SYN_MINE_01,SYN_TRUCK_012,dumper,BREAKDOWN,2.538,SYNTHETIC
2025-07-31,B,SYN_MINE_01,SYN_DRILL_001,drill,BREAKDOWN,5.947,SYNTHETIC
2025-07-31,B,SYN_MINE_01,SYN_DRILL_002,drill,BREAKDOWN,2.706,SYNTHETIC
2025-07-31,A,SYN_MINE_01,SYN_EXC_001,excavator,BREAKDOWN,4.65,SYNTHETIC
2025-07-31,A,SYN_MINE_01,SYN_TRUCK_001,dumper,BREAKDOWN,4.662,SYNTHETIC
2025-07-31,A,SYN_MINE_01,SYN_TRUCK_005,dumper,BREAKDOWN,3.745,SYNTHETIC
2025-07-31,C,SYN_MINE_01,SYN_TRUCK_006,dumper,BREAKDOWN,0.416,SYNTHETIC
2025-07-31,B,SYN_MINE_01,SYN_TRUCK_007,dumper,BREAKDOWN,0.876,SYNTHETIC
2025-07-31,B,SYN_MINE_01,SYN_TRUCK_011,dumper,BREAKDOWN,1.393,SYNTHETIC
2025-08-01,B,SYN_MINE_01,SYN_DRILL_001,drill,BREAKDOWN,1.603,SYNTHETIC
2025-08-01,A,SYN_MINE_01,SYN_EXC_001,excavator,PREVENTIVE_MAINTENANCE,7.0,SYNTHETIC
2025-08-01,B,SYN_MINE_01,SYN_TRUCK_002,dumper,BREAKDOWN,1.86,SYNTHETIC
2025-08-01,C,SYN_MINE_01,SYN_TRUCK_002,dumper,BREAKDOWN,2.589,SYNTHETIC
2025-08-01,C,SYN_MINE_01,SYN_TRUCK_007,dumper,BREAKDOWN,2.112,SYNTHETIC
2025-08-01,A,SYN_MINE_01,SYN_TRUCK_009,dumper,BREAKDOWN,2.666,SYNTHETIC
2025-08-01,C,SYN_MINE_01,SYN_TRUCK_009,dumper,BREAKDOWN,2.907,SYNTHETIC
2025-08-01,C,SYN_MINE_01,SYN_TRUCK_012,dumper,BREAKDOWN,0.03,SYNTHETIC
2025-08-02,C,SYN_MINE_01,SYN_EXC_001,excavator,BREAKDOWN,4.308,SYNTHETIC
2025-08-02,A,SYN_MINE_01,SYN_TRUCK_003,dumper,BREAKDOWN,0.468,SYNTHETIC
2025-08-02,A,SYN_MINE_01,SYN_TRUCK_007,dumper,BREAKDOWN,6.008,SYNTHETIC
2025-08-02,B,SYN_MINE_01,SYN_TRUCK_010,dumper,BREAKDOWN,3.488,SYNTHETIC
2025-08-03,B,SYN_MINE_01,SYN_DRILL_001,drill,BREAKDOWN,4.755,SYNTHETIC
2025-08-03,A,SYN_MINE_01,SYN_TRUCK_002,dumper,PREVENTIVE_MAINTENANCE,5.626,SYNTHETIC
2025-08-03,A,SYN_MINE_01,SYN_TRUCK_004,dumper,PREVENTIVE_MAINTENANCE,6.928,SYNTHETIC
2025-08-03,B,SYN_MINE_01,SYN_TRUCK_004,dumper,BREAKDOWN,3.293,SYNTHETIC
2025-08-03,C,SYN_MINE_01,SYN_TRUCK_009,dumper,BREAKDOWN,4.927,SYNTHETIC
2025-08-04,ALL,SYN_MINE_01,SITE,site,POWER_OUTAGE,3.52,SYNTHETIC
2025-08-04,B,SYN_MINE_01,SYN_DRILL_002,drill,BREAKDOWN,2.225,SYNTHETIC
2025-08-04,C,SYN_MINE_01,SYN_TRUCK_001,dumper,BREAKDOWN,2.566,SYNTHETIC
2025-08-04,A,SYN_MINE_01,SYN_TRUCK_005,dumper,BREAKDOWN,1.363,SYNTHETIC
2025-08-04,A,SYN_MINE_01,SYN_TRUCK_012,dumper,PREVENTIVE_MAINTENANCE,7.0,SYNTHETIC
2025-08-05,A,SYN_MINE_01,SYN_TRUCK_003,dumper,BREAKDOWN,1.537,SYNTHETIC
2025-08-05,B,SYN_MINE_01,SYN_TRUCK_008,dumper,BREAKDOWN,5.155,SYNTHETIC
2025-08-05,A,SYN_MINE_01,SYN_TRUCK_009,dumper,PREVENTIVE_MAINTENANCE,4.608,SYNTHETIC
2025-08-05,B,SYN_MINE_01,SYN_TRUCK_013,dumper,BREAKDOWN,1.244,SYNTHETIC
2025-08-06,C,SYN_MINE_01,SYN_EXC_002,excavator,BREAKDOWN,4.874,SYNTHETIC
2025-08-06,B,SYN_MINE_01,SYN_TRUCK_008,dumper,BREAKDOWN,3.478,SYNTHETIC
2025-08-06,B,SYN_MINE_01,SYN_TRUCK_012,dumper,BREAKDOWN,4.896,SYNTHETIC
2025-08-06,C,SYN_MINE_01,SYN_TRUCK_012,dumper,BREAKDOWN,2.954,SYNTHETIC
2025-08-07,A,SYN_MINE_01,SYN_EXC_001,excavator,BREAKDOWN,3.962,SYNTHETIC
2025-08-07,A,SYN_MINE_01,SYN_TRUCK_006,dumper,BREAKDOWN,5.805,SYNTHETIC
2025-08-07,B,SYN_MINE_01,SYN_TRUCK_006,dumper,BREAKDOWN,0.201,SYNTHETIC
2025-08-08,A,SYN_MINE_01,SYN_DRILL_001,drill,PREVENTIVE_MAINTENANCE,5.512,SYNTHETIC
2025-08-08,A,SYN_MINE_01,SYN_DRILL_002,drill,PREVENTIVE_MAINTENANCE,4.398,SYNTHETIC
2025-08-08,A,SYN_MINE_01,SYN_TRUCK_001,dumper,BREAKDOWN,4.434,SYNTHETIC
2025-08-08,B,SYN_MINE_01,SYN_TRUCK_004,dumper,BREAKDOWN,2.765,SYNTHETIC
2025-08-08,A,SYN_MINE_01,SYN_TRUCK_007,dumper,BREAKDOWN,0.419,SYNTHETIC
2025-08-08,A,SYN_MINE_01,SYN_TRUCK_008,dumper,BREAKDOWN,3.058,SYNTHETIC
2025-08-08,C,SYN_MINE_01,SYN_TRUCK_008,dumper,BREAKDOWN,2.002,SYNTHETIC
2025-08-09,A,SYN_MINE_01,SYN_EXC_002,excavator,BREAKDOWN,6.621,SYNTHETIC
2025-08-09,C,SYN_MINE_01,SYN_EXC_002,excavator,BREAKDOWN,3.178,SYNTHETIC
2025-08-09,A,SYN_MINE_01,SYN_TRUCK_005,dumper,BREAKDOWN,0.552,SYNTHETIC
2025-08-09,B,SYN_MINE_01,SYN_TRUCK_007,dumper,BREAKDOWN,0.872,SYNTHETIC
2025-08-09,B,SYN_MINE_01,SYN_TRUCK_011,dumper,BREAKDOWN,3.061,SYNTHETIC
2025-08-09,A,SYN_MINE_01,SYN_TRUCK_013,dumper,PREVENTIVE_MAINTENANCE,6.891,SYNTHETIC
2025-08-10,ALL,SYN_MINE_01,SITE,site,EXPLOSIVE_SUPPLY_EPISODE_START,0.0,SYNTHETIC
2025-08-10,C,SYN_MINE_01,SYN_TRUCK_008,dumper,BREAKDOWN,3.895,SYNTHETIC
2025-08-10,B,SYN_MINE_01,SYN_TRUCK_010,dumper,BREAKDOWN,1.516,SYNTHETIC
2025-08-11,C,SYN_MINE_01,SYN_TRUCK_003,dumper,BREAKDOWN,2.275,SYNTHETIC
2025-08-11,A,SYN_MINE_01,SYN_TRUCK_007,dumper,PREVENTIVE_MAINTENANCE,7.0,SYNTHETIC
2025-08-11,A,SYN_MINE_01,SYN_TRUCK_011,dumper,BREAKDOWN,3.523,SYNTHETIC
2025-08-12,C,SYN_MINE_01,SYN_TRUCK_001,dumper,BREAKDOWN,4.545,SYNTHETIC
2025-08-12,B,SYN_MINE_01,SYN_TRUCK_004,dumper,BREAKDOWN,1.783,SYNTHETIC
2025-08-12,A,SYN_MINE_01,SYN_TRUCK_005,dumper,PREVENTIVE_MAINTENANCE,6.663,SYNTHETIC
2025-08-12,A,SYN_MINE_01,SYN_TRUCK_011,dumper,PREVENTIVE_MAINTENANCE,5.469,SYNTHETIC
2025-08-12,B,SYN_MINE_01,SYN_TRUCK_011,dumper,BREAKDOWN,3.596,SYNTHETIC
2025-08-12,B,SYN_MINE_01,SYN_TRUCK_013,dumper,BREAKDOWN,5.185,SYNTHETIC
2025-08-13,C,SYN_MINE_01,SYN_DRILL_001,drill,BREAKDOWN,0.103,SYNTHETIC
2025-08-13,B,SYN_MINE_01,SYN_TRUCK_012,dumper,BREAKDOWN,4.543,SYNTHETIC
2025-08-13,C,SYN_MINE_01,SYN_TRUCK_013,dumper,BREAKDOWN,4.123,SYNTHETIC
2025-08-14,A,SYN_MINE_01,SYN_DRILL_001,drill,BREAKDOWN,3.816,SYNTHETIC
2025-08-14,A,SYN_MINE_01,SYN_TRUCK_001,dumper,PREVENTIVE_MAINTENANCE,7.0,SYNTHETIC
2025-08-14,A,SYN_MINE_01,SYN_TRUCK_008,dumper,PREVENTIVE_MAINTENANCE,4.924,SYNTHETIC
2025-08-14,C,SYN_MINE_01,SYN_TRUCK_008,dumper,BREAKDOWN,5.773,SYNTHETIC
2025-08-14,A,SYN_MINE_01,SYN_TRUCK_010,dumper,BREAKDOWN,3.157,SYNTHETIC
2025-08-14,C,SYN_MINE_01,SYN_TRUCK_012,dumper,BREAKDOWN,0.166,SYNTHETIC
2025-08-15,B,SYN_MINE_01,SYN_DRILL_001,drill,BREAKDOWN,1.668,SYNTHETIC
2025-08-15,B,SYN_MINE_01,SYN_EXC_001,excavator,BREAKDOWN,4.205,SYNTHETIC
2025-08-15,A,SYN_MINE_01,SYN_EXC_002,excavator,PREVENTIVE_MAINTENANCE,6.439,SYNTHETIC
2025-08-15,A,SYN_MINE_01,SYN_TRUCK_006,dumper,PREVENTIVE_MAINTENANCE,7.0,SYNTHETIC
2025-08-15,B,SYN_MINE_01,SYN_TRUCK_009,dumper,BREAKDOWN,6.399,SYNTHETIC
2025-08-15,C,SYN_MINE_01,SYN_TRUCK_009,dumper,BREAKDOWN,5.01,SYNTHETIC
2025-08-15,B,SYN_MINE_01,SYN_TRUCK_010,dumper,BREAKDOWN,4.837,SYNTHETIC
2025-08-15,A,SYN_MINE_01,SYN_TRUCK_011,dumper,BREAKDOWN,0.11,SYNTHETIC
2025-08-16,A,SYN_MINE_01,SYN_DRILL_001,drill,BREAKDOWN,4.463,SYNTHETIC
2025-08-16,A,SYN_MINE_01,SYN_TRUCK_003,dumper,PREVENTIVE_MAINTENANCE,6.545,SYNTHETIC
2025-08-16,B,SYN_MINE_01,SYN_TRUCK_004,dumper,BREAKDOWN,3.584,SYNTHETIC
2025-08-16,A,SYN_MINE_01,SYN_TRUCK_007,dumper,BREAKDOWN,1.619,SYNTHETIC
2025-08-17,A,SYN_MINE_01,SYN_DRILL_001,drill,BREAKDOWN,1.509,SYNTHETIC
2025-08-17,C,SYN_MINE_01,SYN_DRILL_001,drill,BREAKDOWN,1.288,SYNTHETIC
2025-08-17,B,SYN_MINE_01,SYN_TRUCK_001,dumper,BREAKDOWN,3.755,SYNTHETIC
2025-08-17,A,SYN_MINE_01,SYN_TRUCK_005,dumper,BREAKDOWN,3.603,SYNTHETIC
2025-08-17,C,SYN_MINE_01,SYN_TRUCK_010,dumper,BREAKDOWN,5.067,SYNTHETIC
2025-08-19,A,SYN_MINE_01,SYN_DRILL_001,drill,BREAKDOWN,1.532,SYNTHETIC
2025-08-19,A,SYN_MINE_01,SYN_DRILL_002,drill,PREVENTIVE_MAINTENANCE,5.598,SYNTHETIC
2025-08-19,A,SYN_MINE_01,SYN_EXC_001,excavator,PREVENTIVE_MAINTENANCE,7.0,SYNTHETIC
2025-08-20,ALL,SYN_MINE_01,SITE,site,WEATHER_SITE_STOPPAGE,3.67,SYNTHETIC
2025-08-20,A,SYN_MINE_01,SYN_DRILL_001,drill,PREVENTIVE_MAINTENANCE,4.377,SYNTHETIC
2025-08-20,B,SYN_MINE_01,SYN_DRILL_001,drill,BREAKDOWN,3.735,SYNTHETIC
2025-08-20,C,SYN_MINE_01,SYN_DRILL_002,drill,BREAKDOWN,3.632,SYNTHETIC
2025-08-20,C,SYN_MINE_01,SYN_TRUCK_003,dumper,BREAKDOWN,1.125,SYNTHETIC
2025-08-20,B,SYN_MINE_01,SYN_TRUCK_009,dumper,BREAKDOWN,4.598,SYNTHETIC
2025-08-20,A,SYN_MINE_01,SYN_TRUCK_010,dumper,PREVENTIVE_MAINTENANCE,4.566,SYNTHETIC
2025-08-21,C,SYN_MINE_01,SYN_TRUCK_002,dumper,BREAKDOWN,0.726,SYNTHETIC
2025-08-21,B,SYN_MINE_01,SYN_TRUCK_006,dumper,BREAKDOWN,6.14,SYNTHETIC
2025-08-21,C,SYN_MINE_01,SYN_TRUCK_007,dumper,BREAKDOWN,2.746,SYNTHETIC
2025-08-21,A,SYN_MINE_01,SYN_TRUCK_008,dumper,BREAKDOWN,2.487,SYNTHETIC
2025-08-21,B,SYN_MINE_01,SYN_TRUCK_009,dumper,BREAKDOWN,4.239,SYNTHETIC
2025-08-21,B,SYN_MINE_01,SYN_TRUCK_011,dumper,BREAKDOWN,3.102,SYNTHETIC
2025-08-21,C,SYN_MINE_01,SYN_TRUCK_013,dumper,BREAKDOWN,1.582,SYNTHETIC
2025-08-22,A,SYN_MINE_01,SYN_DRILL_001,drill,BREAKDOWN,2.496,SYNTHETIC
2025-08-22,C,SYN_MINE_01,SYN_TRUCK_003,dumper,BREAKDOWN,1.522,SYNTHETIC
2025-08-22,C,SYN_MINE_01,SYN_TRUCK_004,dumper,BREAKDOWN,2.396,SYNTHETIC
2025-08-22,A,SYN_MINE_01,SYN_TRUCK_006,dumper,BREAKDOWN,3.011,SYNTHETIC
2025-08-22,A,SYN_MINE_01,SYN_TRUCK_008,dumper,BREAKDOWN,4.303,SYNTHETIC
2025-08-22,A,SYN_MINE_01,SYN_TRUCK_011,dumper,BREAKDOWN,3.78,SYNTHETIC
2025-08-22,B,SYN_MINE_01,SYN_TRUCK_012,dumper,BREAKDOWN,3.051,SYNTHETIC
2025-08-23,A,SYN_MINE_01,SYN_TRUCK_002,dumper,PREVENTIVE_MAINTENANCE,6.016,SYNTHETIC
2025-08-23,C,SYN_MINE_01,SYN_TRUCK_002,dumper,BREAKDOWN,4.582,SYNTHETIC
2025-08-23,B,SYN_MINE_01,SYN_TRUCK_004,dumper,BREAKDOWN,3.153,SYNTHETIC
2025-08-23,B,SYN_MINE_01,SYN_TRUCK_005,dumper,BREAKDOWN,0.575,SYNTHETIC
2025-08-24,B,SYN_MINE_01,SYN_DRILL_001,drill,BREAKDOWN,1.683,SYNTHETIC
2025-08-24,B,SYN_MINE_01,SYN_TRUCK_001,dumper,BREAKDOWN,4.548,SYNTHETIC
2025-08-25,C,SYN_MINE_01,SYN_EXC_001,excavator,BREAKDOWN,3.394,SYNTHETIC
2025-08-25,A,SYN_MINE_01,SYN_TRUCK_004,dumper,PREVENTIVE_MAINTENANCE,7.0,SYNTHETIC
2025-08-25,C,SYN_MINE_01,SYN_TRUCK_005,dumper,BREAKDOWN,3.771,SYNTHETIC
2025-08-25,B,SYN_MINE_01,SYN_TRUCK_006,dumper,BREAKDOWN,4.297,SYNTHETIC
2025-08-25,A,SYN_MINE_01,SYN_TRUCK_009,dumper,PREVENTIVE_MAINTENANCE,6.507,SYNTHETIC
2025-08-25,A,SYN_MINE_01,SYN_TRUCK_012,dumper,PREVENTIVE_MAINTENANCE,5.632,SYNTHETIC
2025-08-25,B,SYN_MINE_01,SYN_TRUCK_013,dumper,BREAKDOWN,0.842,SYNTHETIC
2025-08-26,A,SYN_MINE_01,SYN_TRUCK_010,dumper,BREAKDOWN,1.835,SYNTHETIC
2025-08-26,B,SYN_MINE_01,SYN_TRUCK_011,dumper,BREAKDOWN,0.581,SYNTHETIC
2025-08-27,ALL,SYN_MINE_01,SITE,site,EXPLOSIVE_SUPPLY_EPISODE_START,0.0,SYNTHETIC
2025-08-27,B,SYN_MINE_01,SYN_DRILL_002,drill,BREAKDOWN,1.96,SYNTHETIC
2025-08-27,B,SYN_MINE_01,SYN_TRUCK_002,dumper,BREAKDOWN,0.182,SYNTHETIC
2025-08-27,A,SYN_MINE_01,SYN_TRUCK_006,dumper,BREAKDOWN,0.853,SYNTHETIC
2025-08-27,C,SYN_MINE_01,SYN_TRUCK_007,dumper,BREAKDOWN,5.368,SYNTHETIC
2025-08-27,C,SYN_MINE_01,SYN_TRUCK_013,dumper,BREAKDOWN,0.379,SYNTHETIC
2025-08-28,A,SYN_MINE_01,SYN_DRILL_001,drill,BREAKDOWN,2.936,SYNTHETIC
2025-08-28,A,SYN_MINE_01,SYN_TRUCK_001,dumper,BREAKDOWN,4.582,SYNTHETIC
2025-08-28,B,SYN_MINE_01,SYN_TRUCK_002,dumper,BREAKDOWN,2.627,SYNTHETIC
2025-08-28,A,SYN_MINE_01,SYN_TRUCK_008,dumper,BREAKDOWN,0.39,SYNTHETIC
2025-08-29,A,SYN_MINE_01,SYN_DRILL_002,drill,BREAKDOWN,0.686,SYNTHETIC
2025-08-29,C,SYN_MINE_01,SYN_EXC_002,excavator,BREAKDOWN,3.021,SYNTHETIC
2025-08-29,C,SYN_MINE_01,SYN_TRUCK_005,dumper,BREAKDOWN,5.102,SYNTHETIC
2025-08-29,B,SYN_MINE_01,SYN_TRUCK_008,dumper,BREAKDOWN,2.44,SYNTHETIC
2025-08-30,C,SYN_MINE_01,SYN_DRILL_001,drill,BREAKDOWN,5.068,SYNTHETIC
2025-08-30,A,SYN_MINE_01,SYN_TRUCK_006,dumper,BREAKDOWN,3.577,SYNTHETIC
2025-08-30,B,SYN_MINE_01,SYN_TRUCK_006,dumper,BREAKDOWN,1.99,SYNTHETIC
2025-08-30,A,SYN_MINE_01,SYN_TRUCK_008,dumper,BREAKDOWN,6.263,SYNTHETIC
2025-08-30,C,SYN_MINE_01,SYN_TRUCK_009,dumper,BREAKDOWN,4.652,SYNTHETIC
2025-08-30,A,SYN_MINE_01,SYN_TRUCK_010,dumper,BREAKDOWN,2.782,SYNTHETIC
2025-08-30,B,SYN_MINE_01,SYN_TRUCK_012,dumper,BREAKDOWN,3.372,SYNTHETIC
2025-08-31,B,SYN_MINE_01,SYN_DRILL_001,drill,BREAKDOWN,6.145,SYNTHETIC
2025-08-31,B,SYN_MINE_01,SYN_DRILL_002,drill,BREAKDOWN,2.204,SYNTHETIC
2025-08-31,A,SYN_MINE_01,SYN_EXC_002,excavator,PREVENTIVE_MAINTENANCE,7.0,SYNTHETIC
2025-08-31,B,SYN_MINE_01,SYN_TRUCK_005,dumper,BREAKDOWN,3.045,SYNTHETIC
2025-08-31,A,SYN_MINE_01,SYN_TRUCK_007,dumper,PREVENTIVE_MAINTENANCE,4.396,SYNTHETIC
2025-08-31,C,SYN_MINE_01,SYN_TRUCK_008,dumper,BREAKDOWN,4.738,SYNTHETIC
2025-08-31,B,SYN_MINE_01,SYN_TRUCK_011,dumper,BREAKDOWN,3.749,SYNTHETIC
2025-08-31,A,SYN_MINE_01,SYN_TRUCK_013,dumper,PREVENTIVE_MAINTENANCE,7.0,SYNTHETIC
2025-09-01,A,SYN_MINE_01,SYN_TRUCK_001,dumper,BREAKDOWN,4.15,SYNTHETIC
2025-09-01,A,SYN_MINE_01,SYN_TRUCK_011,dumper,PREVENTIVE_MAINTENANCE,6.202,SYNTHETIC
2025-09-01,C,SYN_MINE_01,SYN_TRUCK_013,dumper,BREAKDOWN,2.189,SYNTHETIC
2025-09-02,ALL,SYN_MINE_01,SITE,site,WEATHER_SITE_STOPPAGE,5.58,SYNTHETIC
2025-09-02,A,SYN_MINE_01,SYN_DRILL_001,drill,PREVENTIVE_MAINTENANCE,4.857,SYNTHETIC
2025-09-02,A,SYN_MINE_01,SYN_DRILL_002,drill,PREVENTIVE_MAINTENANCE,5.495,SYNTHETIC
2025-09-02,A,SYN_MINE_01,SYN_TRUCK_005,dumper,PREVENTIVE_MAINTENANCE,7.0,SYNTHETIC
2025-09-02,B,SYN_MINE_01,SYN_TRUCK_006,dumper,BREAKDOWN,2.281,SYNTHETIC
2025-09-02,A,SYN_MINE_01,SYN_TRUCK_013,dumper,BREAKDOWN,4.089,SYNTHETIC
2025-09-03,C,SYN_MINE_01,SYN_TRUCK_006,dumper,BREAKDOWN,3.181,SYNTHETIC
2025-09-03,B,SYN_MINE_01,SYN_TRUCK_008,dumper,BREAKDOWN,6.726,SYNTHETIC
2025-09-03,A,SYN_MINE_01,SYN_TRUCK_010,dumper,BREAKDOWN,4.504,SYNTHETIC
2025-09-04,B,SYN_MINE_01,SYN_DRILL_001,drill,BREAKDOWN,2.126,SYNTHETIC
2025-09-04,B,SYN_MINE_01,SYN_DRILL_002,drill,BREAKDOWN,3.867,SYNTHETIC
2025-09-04,A,SYN_MINE_01,SYN_EXC_001,excavator,PREVENTIVE_MAINTENANCE,6.291,SYNTHETIC
2025-09-04,A,SYN_MINE_01,SYN_TRUCK_001,dumper,PREVENTIVE_MAINTENANCE,5.811,SYNTHETIC
2025-09-04,B,SYN_MINE_01,SYN_TRUCK_003,dumper,BREAKDOWN,0.171,SYNTHETIC
2025-09-04,B,SYN_MINE_01,SYN_TRUCK_005,dumper,BREAKDOWN,2.726,SYNTHETIC
2025-09-04,C,SYN_MINE_01,SYN_TRUCK_010,dumper,BREAKDOWN,0.062,SYNTHETIC
2025-09-04,C,SYN_MINE_01,SYN_TRUCK_011,dumper,BREAKDOWN,1.235,SYNTHETIC
2025-09-04,A,SYN_MINE_01,SYN_TRUCK_012,dumper,BREAKDOWN,2.819,SYNTHETIC
2025-09-05,A,SYN_MINE_01,SYN_DRILL_001,drill,BREAKDOWN,3.282,SYNTHETIC
2025-09-05,A,SYN_MINE_01,SYN_DRILL_002,drill,BREAKDOWN,3.534,SYNTHETIC
2025-09-05,A,SYN_MINE_01,SYN_TRUCK_003,dumper,PREVENTIVE_MAINTENANCE,6.732,SYNTHETIC
2025-09-05,A,SYN_MINE_01,SYN_TRUCK_006,dumper,BREAKDOWN,2.882,SYNTHETIC
2025-09-05,C,SYN_MINE_01,SYN_TRUCK_008,dumper,BREAKDOWN,3.966,SYNTHETIC
2025-09-05,B,SYN_MINE_01,SYN_TRUCK_009,dumper,BREAKDOWN,4.51,SYNTHETIC
2025-09-05,C,SYN_MINE_01,SYN_TRUCK_009,dumper,BREAKDOWN,2.611,SYNTHETIC
2025-09-05,C,SYN_MINE_01,SYN_TRUCK_012,dumper,BREAKDOWN,1.071,SYNTHETIC
2025-09-06,ALL,SYN_MINE_01,SITE,site,POWER_OUTAGE,5.77,SYNTHETIC
2025-09-06,A,SYN_MINE_01,SYN_DRILL_002,drill,BREAKDOWN,3.16,SYNTHETIC
2025-09-06,A,SYN_MINE_01,SYN_EXC_001,excavator,BREAKDOWN,5.543,SYNTHETIC
2025-09-06,C,SYN_MINE_01,SYN_TRUCK_004,dumper,BREAKDOWN,1.412,SYNTHETIC
2025-09-06,A,SYN_MINE_01,SYN_TRUCK_006,dumper,PREVENTIVE_MAINTENANCE,7.0,SYNTHETIC
2025-09-06,B,SYN_MINE_01,SYN_TRUCK_006,dumper,BREAKDOWN,2.374,SYNTHETIC
2025-09-06,A,SYN_MINE_01,SYN_TRUCK_007,dumper,BREAKDOWN,4.564,SYNTHETIC
2025-09-06,A,SYN_MINE_01,SYN_TRUCK_008,dumper,PREVENTIVE_MAINTENANCE,6.944,SYNTHETIC
2025-09-06,C,SYN_MINE_01,SYN_TRUCK_012,dumper,BREAKDOWN,0.218,SYNTHETIC
2025-09-07,C,SYN_MINE_01,SYN_DRILL_001,drill,BREAKDOWN,5.906,SYNTHETIC
2025-09-07,A,SYN_MINE_01,SYN_EXC_001,excavator,BREAKDOWN,2.704,SYNTHETIC
2025-09-07,B,SYN_MINE_01,SYN_TRUCK_003,dumper,BREAKDOWN,4.02,SYNTHETIC
2025-09-07,A,SYN_MINE_01,SYN_TRUCK_011,dumper,BREAKDOWN,6.552,SYNTHETIC
2025-09-08,A,SYN_MINE_01,SYN_DRILL_002,drill,BREAKDOWN,0.33,SYNTHETIC
2025-09-09,B,SYN_MINE_01,SYN_DRILL_001,drill,BREAKDOWN,1.703,SYNTHETIC
2025-09-09,A,SYN_MINE_01,SYN_TRUCK_006,dumper,BREAKDOWN,1.737,SYNTHETIC
2025-09-09,A,SYN_MINE_01,SYN_TRUCK_013,dumper,BREAKDOWN,4.292,SYNTHETIC
2025-09-09,B,SYN_MINE_01,SYN_TRUCK_013,dumper,BREAKDOWN,3.604,SYNTHETIC
2025-09-10,A,SYN_MINE_01,SYN_TRUCK_004,dumper,BREAKDOWN,5.399,SYNTHETIC
2025-09-10,A,SYN_MINE_01,SYN_TRUCK_006,dumper,BREAKDOWN,5.55,SYNTHETIC
2025-09-10,C,SYN_MINE_01,SYN_TRUCK_007,dumper,BREAKDOWN,5.286,SYNTHETIC
2025-09-10,A,SYN_MINE_01,SYN_TRUCK_010,dumper,PREVENTIVE_MAINTENANCE,7.0,SYNTHETIC
2025-09-12,A,SYN_MINE_01,SYN_DRILL_002,drill,BREAKDOWN,2.87,SYNTHETIC
2025-09-12,A,SYN_MINE_01,SYN_TRUCK_002,dumper,PREVENTIVE_MAINTENANCE,7.0,SYNTHETIC
2025-09-12,B,SYN_MINE_01,SYN_TRUCK_003,dumper,BREAKDOWN,1.884,SYNTHETIC
2025-09-12,B,SYN_MINE_01,SYN_TRUCK_008,dumper,BREAKDOWN,0.7,SYNTHETIC
2025-09-13,A,SYN_MINE_01,SYN_EXC_002,excavator,BREAKDOWN,2.845,SYNTHETIC
2025-09-13,A,SYN_MINE_01,SYN_TRUCK_006,dumper,BREAKDOWN,0.755,SYNTHETIC
2025-09-13,B,SYN_MINE_01,SYN_TRUCK_011,dumper,BREAKDOWN,5.17,SYNTHETIC
2025-09-14,A,SYN_MINE_01,SYN_DRILL_001,drill,PREVENTIVE_MAINTENANCE,4.318,SYNTHETIC
2025-09-14,A,SYN_MINE_01,SYN_DRILL_002,drill,BREAKDOWN,6.68,SYNTHETIC
2025-09-14,C,SYN_MINE_01,SYN_TRUCK_002,dumper,BREAKDOWN,1.309,SYNTHETIC
2025-09-14,A,SYN_MINE_01,SYN_TRUCK_004,dumper,PREVENTIVE_MAINTENANCE,6.938,SYNTHETIC
2025-09-14,C,SYN_MINE_01,SYN_TRUCK_004,dumper,BREAKDOWN,5.003,SYNTHETIC
2025-09-14,C,SYN_MINE_01,SYN_TRUCK_008,dumper,BREAKDOWN,2.074,SYNTHETIC
2025-09-14,A,SYN_MINE_01,SYN_TRUCK_009,dumper,PREVENTIVE_MAINTENANCE,5.163,SYNTHETIC
2025-09-14,A,SYN_MINE_01,SYN_TRUCK_012,dumper,PREVENTIVE_MAINTENANCE,7.0,SYNTHETIC
2025-09-15,B,SYN_MINE_01,SYN_DRILL_002,drill,BREAKDOWN,6.767,SYNTHETIC
2025-09-15,A,SYN_MINE_01,SYN_TRUCK_001,dumper,BREAKDOWN,2.489,SYNTHETIC
2025-09-15,B,SYN_MINE_01,SYN_TRUCK_001,dumper,BREAKDOWN,2.899,SYNTHETIC
2025-09-15,B,SYN_MINE_01,SYN_TRUCK_008,dumper,BREAKDOWN,2.672,SYNTHETIC
2025-09-15,B,SYN_MINE_01,SYN_TRUCK_010,dumper,BREAKDOWN,1.207,SYNTHETIC
2025-09-16,A,SYN_MINE_01,SYN_DRILL_002,drill,PREVENTIVE_MAINTENANCE,4.651,SYNTHETIC
2025-09-16,B,SYN_MINE_01,SYN_DRILL_002,drill,BREAKDOWN,3.46,SYNTHETIC
2025-09-16,B,SYN_MINE_01,SYN_EXC_001,excavator,BREAKDOWN,3.372,SYNTHETIC
2025-09-16,C,SYN_MINE_01,SYN_TRUCK_003,dumper,BREAKDOWN,3.15,SYNTHETIC
2025-09-16,B,SYN_MINE_01,SYN_TRUCK_005,dumper,BREAKDOWN,5.169,SYNTHETIC
2025-09-16,B,SYN_MINE_01,SYN_TRUCK_006,dumper,BREAKDOWN,4.764,SYNTHETIC
2025-09-16,A,SYN_MINE_01,SYN_TRUCK_011,dumper,BREAKDOWN,0.937,SYNTHETIC
2025-09-17,ALL,SYN_MINE_01,SITE,site,POWER_OUTAGE,5.71,SYNTHETIC
2025-09-17,C,SYN_MINE_01,SYN_DRILL_002,drill,BREAKDOWN,4.001,SYNTHETIC
2025-09-17,A,SYN_MINE_01,SYN_EXC_002,excavator,PREVENTIVE_MAINTENANCE,6.625,SYNTHETIC
2025-09-17,C,SYN_MINE_01,SYN_TRUCK_002,dumper,BREAKDOWN,3.282,SYNTHETIC
2025-09-17,B,SYN_MINE_01,SYN_TRUCK_008,dumper,BREAKDOWN,4.358,SYNTHETIC
2025-09-17,A,SYN_MINE_01,SYN_TRUCK_012,dumper,BREAKDOWN,0.923,SYNTHETIC
2025-09-17,B,SYN_MINE_01,SYN_TRUCK_013,dumper,BREAKDOWN,0.364,SYNTHETIC
2025-09-18,B,SYN_MINE_01,SYN_TRUCK_006,dumper,BREAKDOWN,4.005,SYNTHETIC
2025-09-18,B,SYN_MINE_01,SYN_TRUCK_013,dumper,BREAKDOWN,4.069,SYNTHETIC
2025-09-19,B,SYN_MINE_01,SYN_TRUCK_005,dumper,BREAKDOWN,2.988,SYNTHETIC
2025-09-19,C,SYN_MINE_01,SYN_TRUCK_007,dumper,BREAKDOWN,2.717,SYNTHETIC
2025-09-19,B,SYN_MINE_01,SYN_TRUCK_008,dumper,BREAKDOWN,0.524,SYNTHETIC
2025-09-19,A,SYN_MINE_01,SYN_TRUCK_009,dumper,BREAKDOWN,1.178,SYNTHETIC
2025-09-19,C,SYN_MINE_01,SYN_TRUCK_010,dumper,BREAKDOWN,2.45,SYNTHETIC
2025-09-20,B,SYN_MINE_01,SYN_TRUCK_001,dumper,BREAKDOWN,0.026,SYNTHETIC
2025-09-20,B,SYN_MINE_01,SYN_TRUCK_005,dumper,BREAKDOWN,6.064,SYNTHETIC
2025-09-20,C,SYN_MINE_01,SYN_TRUCK_006,dumper,BREAKDOWN,3.446,SYNTHETIC
2025-09-20,A,SYN_MINE_01,SYN_TRUCK_007,dumper,PREVENTIVE_MAINTENANCE,7.0,SYNTHETIC
2025-09-20,C,SYN_MINE_01,SYN_TRUCK_011,dumper,BREAKDOWN,4.064,SYNTHETIC
2025-09-21,A,SYN_MINE_01,SYN_EXC_001,excavator,PREVENTIVE_MAINTENANCE,7.0,SYNTHETIC
2025-09-21,B,SYN_MINE_01,SYN_EXC_002,excavator,BREAKDOWN,1.319,SYNTHETIC
2025-09-21,C,SYN_MINE_01,SYN_TRUCK_001,dumper,BREAKDOWN,1.408,SYNTHETIC
2025-09-21,A,SYN_MINE_01,SYN_TRUCK_005,dumper,BREAKDOWN,1.269,SYNTHETIC
2025-09-21,B,SYN_MINE_01,SYN_TRUCK_007,dumper,BREAKDOWN,5.258,SYNTHETIC
2025-09-21,B,SYN_MINE_01,SYN_TRUCK_008,dumper,BREAKDOWN,4.808,SYNTHETIC
2025-09-21,A,SYN_MINE_01,SYN_TRUCK_010,dumper,BREAKDOWN,5.755,SYNTHETIC
2025-09-21,A,SYN_MINE_01,SYN_TRUCK_012,dumper,BREAKDOWN,4.768,SYNTHETIC
2025-09-22,A,SYN_MINE_01,SYN_DRILL_001,drill,BREAKDOWN,0.341,SYNTHETIC
2025-09-22,A,SYN_MINE_01,SYN_TRUCK_001,dumper,BREAKDOWN,6.312,SYNTHETIC
2025-09-22,B,SYN_MINE_01,SYN_TRUCK_009,dumper,BREAKDOWN,6.115,SYNTHETIC
2025-09-22,B,SYN_MINE_01,SYN_TRUCK_010,dumper,BREAKDOWN,5.472,SYNTHETIC
2025-09-22,A,SYN_MINE_01,SYN_TRUCK_011,dumper,PREVENTIVE_MAINTENANCE,5.786,SYNTHETIC
2025-09-23,A,SYN_MINE_01,SYN_DRILL_001,drill,BREAKDOWN,0.011,SYNTHETIC
2025-09-23,B,SYN_MINE_01,SYN_TRUCK_003,dumper,BREAKDOWN,2.124,SYNTHETIC
2025-09-23,A,SYN_MINE_01,SYN_TRUCK_004,dumper,BREAKDOWN,2.778,SYNTHETIC
2025-09-23,B,SYN_MINE_01,SYN_TRUCK_004,dumper,BREAKDOWN,5.862,SYNTHETIC
2025-09-23,A,SYN_MINE_01,SYN_TRUCK_005,dumper,PREVENTIVE_MAINTENANCE,7.0,SYNTHETIC
2025-09-23,A,SYN_MINE_01,SYN_TRUCK_013,dumper,PREVENTIVE_MAINTENANCE,5.092,SYNTHETIC
2025-09-24,B,SYN_MINE_01,SYN_DRILL_001,drill,BREAKDOWN,1.441,SYNTHETIC
2025-09-24,C,SYN_MINE_01,SYN_DRILL_001,drill,BREAKDOWN,3.892,SYNTHETIC
2025-09-24,A,SYN_MINE_01,SYN_TRUCK_001,dumper,PREVENTIVE_MAINTENANCE,7.0,SYNTHETIC
2025-09-24,C,SYN_MINE_01,SYN_TRUCK_003,dumper,BREAKDOWN,0.645,SYNTHETIC
2025-09-24,A,SYN_MINE_01,SYN_TRUCK_008,dumper,BREAKDOWN,1.083,SYNTHETIC
2025-09-25,A,SYN_MINE_01,SYN_TRUCK_002,dumper,BREAKDOWN,4.799,SYNTHETIC
2025-09-25,A,SYN_MINE_01,SYN_TRUCK_004,dumper,BREAKDOWN,4.605,SYNTHETIC
2025-09-25,A,SYN_MINE_01,SYN_TRUCK_006,dumper,BREAKDOWN,0.656,SYNTHETIC
2025-09-25,B,SYN_MINE_01,SYN_TRUCK_012,dumper,BREAKDOWN,1.39,SYNTHETIC
2025-09-26,A,SYN_MINE_01,SYN_DRILL_001,drill,PREVENTIVE_MAINTENANCE,4.807,SYNTHETIC
2025-09-26,B,SYN_MINE_01,SYN_DRILL_001,drill,BREAKDOWN,1.164,SYNTHETIC
2025-09-26,A,SYN_MINE_01,SYN_TRUCK_003,dumper,BREAKDOWN,2.934,SYNTHETIC
2025-09-26,A,SYN_MINE_01,SYN_TRUCK_005,dumper,BREAKDOWN,3.919,SYNTHETIC
2025-09-26,B,SYN_MINE_01,SYN_TRUCK_007,dumper,BREAKDOWN,3.533,SYNTHETIC
2025-09-26,A,SYN_MINE_01,SYN_TRUCK_008,dumper,BREAKDOWN,4.41,SYNTHETIC
2025-09-26,C,SYN_MINE_01,SYN_TRUCK_009,dumper,BREAKDOWN,0.904,SYNTHETIC
2025-09-26,B,SYN_MINE_01,SYN_TRUCK_010,dumper,BREAKDOWN,0.422,SYNTHETIC
2025-09-26,B,SYN_MINE_01,SYN_TRUCK_011,dumper,BREAKDOWN,4.142,SYNTHETIC
2025-09-27,C,SYN_MINE_01,SYN_DRILL_002,drill,BREAKDOWN,0.458,SYNTHETIC
2025-09-27,A,SYN_MINE_01,SYN_EXC_002,excavator,BREAKDOWN,5.44,SYNTHETIC
2025-09-27,A,SYN_MINE_01,SYN_TRUCK_003,dumper,PREVENTIVE_MAINTENANCE,6.103,SYNTHETIC
2025-09-27,B,SYN_MINE_01,SYN_TRUCK_003,dumper,BREAKDOWN,2.72,SYNTHETIC
2025-09-27,A,SYN_MINE_01,SYN_TRUCK_006,dumper,PREVENTIVE_MAINTENANCE,7.0,SYNTHETIC
2025-09-27,A,SYN_MINE_01,SYN_TRUCK_010,dumper,BREAKDOWN,3.068,SYNTHETIC
2025-09-27,A,SYN_MINE_01,SYN_TRUCK_012,dumper,BREAKDOWN,6.631,SYNTHETIC
2025-09-28,C,SYN_MINE_01,SYN_DRILL_001,drill,BREAKDOWN,0.273,SYNTHETIC
2025-09-28,B,SYN_MINE_01,SYN_TRUCK_002,dumper,BREAKDOWN,4.703,SYNTHETIC
2025-09-28,C,SYN_MINE_01,SYN_TRUCK_006,dumper,BREAKDOWN,2.802,SYNTHETIC
2025-09-28,C,SYN_MINE_01,SYN_TRUCK_009,dumper,BREAKDOWN,1.627,SYNTHETIC
2025-09-29,A,SYN_MINE_01,SYN_DRILL_002,drill,PREVENTIVE_MAINTENANCE,4.094,SYNTHETIC
2025-09-29,C,SYN_MINE_01,SYN_EXC_001,excavator,BREAKDOWN,2.007,SYNTHETIC
2025-09-29,A,SYN_MINE_01,SYN_TRUCK_008,dumper,PREVENTIVE_MAINTENANCE,6.377,SYNTHETIC
2025-09-29,B,SYN_MINE_01,SYN_TRUCK_010,dumper,BREAKDOWN,5.924,SYNTHETIC
2025-09-29,C,SYN_MINE_01,SYN_TRUCK_010,dumper,BREAKDOWN,1.632,SYNTHETIC
2025-09-29,A,SYN_MINE_01,SYN_TRUCK_012,dumper,BREAKDOWN,0.117,SYNTHETIC
2025-09-30,B,SYN_MINE_01,SYN_EXC_001,excavator,BREAKDOWN,0.822,SYNTHETIC
2025-09-30,B,SYN_MINE_01,SYN_EXC_002,excavator,BREAKDOWN,1.238,SYNTHETIC
2025-09-30,A,SYN_MINE_01,SYN_TRUCK_001,dumper,BREAKDOWN,3.385,SYNTHETIC
2025-09-30,B,SYN_MINE_01,SYN_TRUCK_001,dumper,BREAKDOWN,6.187,SYNTHETIC
2025-09-30,B,SYN_MINE_01,SYN_TRUCK_011,dumper,BREAKDOWN,4.831,SYNTHETIC
2025-10-01,C,SYN_MINE_01,SYN_TRUCK_002,dumper,BREAKDOWN,0.827,SYNTHETIC
2025-10-01,C,SYN_MINE_01,SYN_TRUCK_007,dumper,BREAKDOWN,5.428,SYNTHETIC
2025-10-01,A,SYN_MINE_01,SYN_TRUCK_010,dumper,PREVENTIVE_MAINTENANCE,4.284,SYNTHETIC
2025-10-01,A,SYN_MINE_01,SYN_TRUCK_012,dumper,BREAKDOWN,0.45,SYNTHETIC
2025-10-02,C,SYN_MINE_01,SYN_TRUCK_003,dumper,BREAKDOWN,1.464,SYNTHETIC
2025-10-02,A,SYN_MINE_01,SYN_TRUCK_004,dumper,BREAKDOWN,0.03,SYNTHETIC
2025-10-02,B,SYN_MINE_01,SYN_TRUCK_005,dumper,BREAKDOWN,2.612,SYNTHETIC
2025-10-02,B,SYN_MINE_01,SYN_TRUCK_006,dumper,BREAKDOWN,2.337,SYNTHETIC
2025-10-02,B,SYN_MINE_01,SYN_TRUCK_009,dumper,BREAKDOWN,4.892,SYNTHETIC
2025-10-02,C,SYN_MINE_01,SYN_TRUCK_009,dumper,BREAKDOWN,4.862,SYNTHETIC
2025-10-02,A,SYN_MINE_01,SYN_TRUCK_012,dumper,BREAKDOWN,6.596,SYNTHETIC
2025-10-02,B,SYN_MINE_01,SYN_TRUCK_012,dumper,BREAKDOWN,1.586,SYNTHETIC
2025-10-02,C,SYN_MINE_01,SYN_TRUCK_013,dumper,BREAKDOWN,5.567,SYNTHETIC
2025-10-03,C,SYN_MINE_01,SYN_DRILL_001,drill,BREAKDOWN,0.634,SYNTHETIC
2025-10-03,B,SYN_MINE_01,SYN_DRILL_002,drill,BREAKDOWN,3.501,SYNTHETIC
2025-10-03,A,SYN_MINE_01,SYN_TRUCK_002,dumper,PREVENTIVE_MAINTENANCE,7.0,SYNTHETIC
2025-10-03,C,SYN_MINE_01,SYN_TRUCK_007,dumper,BREAKDOWN,0.175,SYNTHETIC
2025-10-03,A,SYN_MINE_01,SYN_TRUCK_009,dumper,BREAKDOWN,4.395,SYNTHETIC
2025-10-03,A,SYN_MINE_01,SYN_TRUCK_012,dumper,BREAKDOWN,5.294,SYNTHETIC
2025-10-04,A,SYN_MINE_01,SYN_TRUCK_012,dumper,BREAKDOWN,6.068,SYNTHETIC
2025-10-05,A,SYN_MINE_01,SYN_DRILL_001,drill,BREAKDOWN,2.967,SYNTHETIC
2025-10-05,A,SYN_MINE_01,SYN_TRUCK_004,dumper,PREVENTIVE_MAINTENANCE,5.422,SYNTHETIC
2025-10-05,B,SYN_MINE_01,SYN_TRUCK_008,dumper,BREAKDOWN,2.003,SYNTHETIC
2025-10-05,A,SYN_MINE_01,SYN_TRUCK_009,dumper,PREVENTIVE_MAINTENANCE,4.481,SYNTHETIC
2025-10-05,B,SYN_MINE_01,SYN_TRUCK_009,dumper,BREAKDOWN,0.503,SYNTHETIC
2025-10-05,B,SYN_MINE_01,SYN_TRUCK_011,dumper,BREAKDOWN,0.287,SYNTHETIC
2025-10-06,C,SYN_MINE_01,SYN_TRUCK_004,dumper,BREAKDOWN,0.594,SYNTHETIC
2025-10-07,A,SYN_MINE_01,SYN_EXC_002,excavator,PREVENTIVE_MAINTENANCE,7.0,SYNTHETIC
2025-10-07,C,SYN_MINE_01,SYN_TRUCK_002,dumper,BREAKDOWN,2.86,SYNTHETIC
2025-10-07,B,SYN_MINE_01,SYN_TRUCK_006,dumper,BREAKDOWN,0.492,SYNTHETIC
2025-10-07,A,SYN_MINE_01,SYN_TRUCK_009,dumper,BREAKDOWN,1.338,SYNTHETIC
2025-10-07,A,SYN_MINE_01,SYN_TRUCK_012,dumper,PREVENTIVE_MAINTENANCE,4.316,SYNTHETIC
2025-10-08,ALL,SYN_MINE_01,SITE,site,POWER_OUTAGE,2.43,SYNTHETIC
2025-10-08,A,SYN_MINE_01,SYN_DRILL_001,drill,PREVENTIVE_MAINTENANCE,4.071,SYNTHETIC
2025-10-08,A,SYN_MINE_01,SYN_EXC_001,excavator,PREVENTIVE_MAINTENANCE,7.0,SYNTHETIC
2025-10-08,A,SYN_MINE_01,SYN_TRUCK_007,dumper,BREAKDOWN,1.628,SYNTHETIC
2025-10-08,A,SYN_MINE_01,SYN_TRUCK_009,dumper,BREAKDOWN,5.168,SYNTHETIC
2025-10-08,A,SYN_MINE_01,SYN_TRUCK_012,dumper,BREAKDOWN,2.145,SYNTHETIC
2025-10-09,B,SYN_MINE_01,SYN_DRILL_001,drill,BREAKDOWN,2.301,SYNTHETIC
2025-10-09,A,SYN_MINE_01,SYN_TRUCK_001,dumper,BREAKDOWN,1.103,SYNTHETIC
2025-10-09,A,SYN_MINE_01,SYN_TRUCK_002,dumper,BREAKDOWN,0.092,SYNTHETIC
2025-10-09,B,SYN_MINE_01,SYN_TRUCK_008,dumper,BREAKDOWN,5.842,SYNTHETIC
2025-10-09,C,SYN_MINE_01,SYN_TRUCK_013,dumper,BREAKDOWN,2.45,SYNTHETIC
2025-10-10,A,SYN_MINE_01,SYN_DRILL_002,drill,PREVENTIVE_MAINTENANCE,4.506,SYNTHETIC
2025-10-10,B,SYN_MINE_01,SYN_DRILL_002,drill,BREAKDOWN,6.224,SYNTHETIC
2025-10-10,B,SYN_MINE_01,SYN_EXC_002,excavator,BREAKDOWN,3.057,SYNTHETIC
2025-10-10,B,SYN_MINE_01,SYN_TRUCK_010,dumper,BREAKDOWN,6.918,SYNTHETIC
2025-10-11,A,SYN_MINE_01,SYN_DRILL_001,drill,BREAKDOWN,1.727,SYNTHETIC
2025-10-11,B,SYN_MINE_01,SYN_TRUCK_002,dumper,BREAKDOWN,2.8,SYNTHETIC
2025-10-11,B,SYN_MINE_01,SYN_TRUCK_004,dumper,BREAKDOWN,4.249,SYNTHETIC
2025-10-11,C,SYN_MINE_01,SYN_TRUCK_005,dumper,BREAKDOWN,4.053,SYNTHETIC
2025-10-11,A,SYN_MINE_01,SYN_TRUCK_007,dumper,PREVENTIVE_MAINTENANCE,7.0,SYNTHETIC
2025-10-11,A,SYN_MINE_01,SYN_TRUCK_010,dumper,BREAKDOWN,0.303,SYNTHETIC
2025-10-11,C,SYN_MINE_01,SYN_TRUCK_011,dumper,BREAKDOWN,1.805,SYNTHETIC
2025-10-12,A,SYN_MINE_01,SYN_DRILL_001,drill,BREAKDOWN,2.443,SYNTHETIC
2025-10-12,B,SYN_MINE_01,SYN_DRILL_002,drill,BREAKDOWN,1.641,SYNTHETIC
2025-10-12,A,SYN_MINE_01,SYN_TRUCK_003,dumper,BREAKDOWN,1.65,SYNTHETIC
2025-10-12,A,SYN_MINE_01,SYN_TRUCK_006,dumper,BREAKDOWN,2.029,SYNTHETIC
2025-10-12,A,SYN_MINE_01,SYN_TRUCK_011,dumper,PREVENTIVE_MAINTENANCE,4.872,SYNTHETIC
2025-10-12,A,SYN_MINE_01,SYN_TRUCK_013,dumper,PREVENTIVE_MAINTENANCE,7.0,SYNTHETIC
2025-10-13,A,SYN_MINE_01,SYN_EXC_002,excavator,BREAKDOWN,5.295,SYNTHETIC
2025-10-13,A,SYN_MINE_01,SYN_TRUCK_005,dumper,PREVENTIVE_MAINTENANCE,5.106,SYNTHETIC
2025-10-13,A,SYN_MINE_01,SYN_TRUCK_006,dumper,BREAKDOWN,3.657,SYNTHETIC
2025-10-14,C,SYN_MINE_01,SYN_DRILL_001,drill,BREAKDOWN,0.401,SYNTHETIC
2025-10-14,A,SYN_MINE_01,SYN_TRUCK_001,dumper,PREVENTIVE_MAINTENANCE,6.811,SYNTHETIC
2025-10-14,C,SYN_MINE_01,SYN_TRUCK_005,dumper,BREAKDOWN,4.418,SYNTHETIC
2025-10-15,B,SYN_MINE_01,SYN_DRILL_001,drill,BREAKDOWN,2.83,SYNTHETIC
2025-10-15,C,SYN_MINE_01,SYN_TRUCK_008,dumper,BREAKDOWN,1.624,SYNTHETIC
2025-10-15,A,SYN_MINE_01,SYN_TRUCK_013,dumper,BREAKDOWN,2.781,SYNTHETIC
2025-10-16,B,SYN_MINE_01,SYN_DRILL_002,drill,BREAKDOWN,2.315,SYNTHETIC
2025-10-16,B,SYN_MINE_01,SYN_TRUCK_009,dumper,BREAKDOWN,4.744,SYNTHETIC
2025-10-17,A,SYN_MINE_01,SYN_TRUCK_003,dumper,PREVENTIVE_MAINTENANCE,7.0,SYNTHETIC
2025-10-18,A,SYN_MINE_01,SYN_TRUCK_006,dumper,PREVENTIVE_MAINTENANCE,7.0,SYNTHETIC
2025-10-18,B,SYN_MINE_01,SYN_TRUCK_009,dumper,BREAKDOWN,5.948,SYNTHETIC
2025-10-18,A,SYN_MINE_01,SYN_TRUCK_013,dumper,BREAKDOWN,0.85,SYNTHETIC
2025-10-19,A,SYN_MINE_01,SYN_TRUCK_008,dumper,PREVENTIVE_MAINTENANCE,4.835,SYNTHETIC
2025-10-20,A,SYN_MINE_01,SYN_DRILL_002,drill,BREAKDOWN,3.991,SYNTHETIC
2025-10-20,B,SYN_MINE_01,SYN_TRUCK_010,dumper,BREAKDOWN,2.303,SYNTHETIC
2025-10-21,A,SYN_MINE_01,SYN_DRILL_001,drill,PREVENTIVE_MAINTENANCE,4.463,SYNTHETIC
2025-10-21,C,SYN_MINE_01,SYN_DRILL_002,drill,BREAKDOWN,2.836,SYNTHETIC
2025-10-21,C,SYN_MINE_01,SYN_EXC_002,excavator,BREAKDOWN,3.12,SYNTHETIC
2025-10-21,C,SYN_MINE_01,SYN_TRUCK_010,dumper,BREAKDOWN,2.499,SYNTHETIC
2025-10-22,A,SYN_MINE_01,SYN_EXC_001,excavator,BREAKDOWN,4.6,SYNTHETIC
2025-10-22,A,SYN_MINE_01,SYN_TRUCK_001,dumper,BREAKDOWN,1.649,SYNTHETIC
2025-10-22,A,SYN_MINE_01,SYN_TRUCK_010,dumper,PREVENTIVE_MAINTENANCE,5.464,SYNTHETIC
2025-10-22,C,SYN_MINE_01,SYN_TRUCK_013,dumper,BREAKDOWN,1.701,SYNTHETIC
2025-10-23,A,SYN_MINE_01,SYN_DRILL_002,drill,PREVENTIVE_MAINTENANCE,5.527,SYNTHETIC
2025-10-23,B,SYN_MINE_01,SYN_EXC_001,excavator,BREAKDOWN,4.313,SYNTHETIC
2025-10-23,A,SYN_MINE_01,SYN_EXC_002,excavator,BREAKDOWN,4.631,SYNTHETIC
2025-10-23,A,SYN_MINE_01,SYN_TRUCK_002,dumper,PREVENTIVE_MAINTENANCE,6.97,SYNTHETIC
2025-10-23,A,SYN_MINE_01,SYN_TRUCK_007,dumper,BREAKDOWN,2.667,SYNTHETIC
2025-10-24,C,SYN_MINE_01,SYN_EXC_001,excavator,BREAKDOWN,1.292,SYNTHETIC
2025-10-24,C,SYN_MINE_01,SYN_TRUCK_002,dumper,BREAKDOWN,2.525,SYNTHETIC
2025-10-24,B,SYN_MINE_01,SYN_TRUCK_004,dumper,BREAKDOWN,3.66,SYNTHETIC
2025-10-25,A,SYN_MINE_01,SYN_DRILL_002,drill,BREAKDOWN,0.451,SYNTHETIC
2025-10-25,C,SYN_MINE_01,SYN_EXC_001,excavator,BREAKDOWN,0.023,SYNTHETIC
2025-10-25,A,SYN_MINE_01,SYN_EXC_002,excavator,PREVENTIVE_MAINTENANCE,7.0,SYNTHETIC
2025-10-25,A,SYN_MINE_01,SYN_TRUCK_004,dumper,PREVENTIVE_MAINTENANCE,7.0,SYNTHETIC
2025-10-25,B,SYN_MINE_01,SYN_TRUCK_005,dumper,BREAKDOWN,2.798,SYNTHETIC
2025-10-25,B,SYN_MINE_01,SYN_TRUCK_009,dumper,BREAKDOWN,1.376,SYNTHETIC
2025-10-25,A,SYN_MINE_01,SYN_TRUCK_013,dumper,BREAKDOWN,3.51,SYNTHETIC
2025-10-26,A,SYN_MINE_01,SYN_DRILL_001,drill,BREAKDOWN,3.576,SYNTHETIC
2025-10-26,B,SYN_MINE_01,SYN_EXC_001,excavator,BREAKDOWN,4.043,SYNTHETIC
2025-10-26,C,SYN_MINE_01,SYN_EXC_002,excavator,BREAKDOWN,3.444,SYNTHETIC
2025-10-26,C,SYN_MINE_01,SYN_TRUCK_003,dumper,BREAKDOWN,2.422,SYNTHETIC
2025-10-26,A,SYN_MINE_01,SYN_TRUCK_009,dumper,PREVENTIVE_MAINTENANCE,4.895,SYNTHETIC
2025-10-26,A,SYN_MINE_01,SYN_TRUCK_012,dumper,PREVENTIVE_MAINTENANCE,5.161,SYNTHETIC
2025-10-26,A,SYN_MINE_01,SYN_TRUCK_013,dumper,BREAKDOWN,4.148,SYNTHETIC
2025-10-27,A,SYN_MINE_01,SYN_DRILL_002,drill,BREAKDOWN,3.227,SYNTHETIC
2025-10-27,A,SYN_MINE_01,SYN_EXC_001,excavator,PREVENTIVE_MAINTENANCE,7.0,SYNTHETIC
2025-10-27,C,SYN_MINE_01,SYN_EXC_002,excavator,BREAKDOWN,2.198,SYNTHETIC
2025-10-27,B,SYN_MINE_01,SYN_TRUCK_005,dumper,BREAKDOWN,2.213,SYNTHETIC
2025-10-27,A,SYN_MINE_01,SYN_TRUCK_006,dumper,BREAKDOWN,1.959,SYNTHETIC
2025-10-28,B,SYN_MINE_01,SYN_DRILL_001,drill,BREAKDOWN,1.271,SYNTHETIC
2025-10-28,A,SYN_MINE_01,SYN_TRUCK_002,dumper,BREAKDOWN,5.38,SYNTHETIC
2025-10-28,A,SYN_MINE_01,SYN_TRUCK_003,dumper,BREAKDOWN,3.293,SYNTHETIC
2025-10-28,C,SYN_MINE_01,SYN_TRUCK_005,dumper,BREAKDOWN,2.563,SYNTHETIC
2025-10-28,B,SYN_MINE_01,SYN_TRUCK_006,dumper,BREAKDOWN,1.579,SYNTHETIC
2025-10-28,A,SYN_MINE_01,SYN_TRUCK_011,dumper,BREAKDOWN,5.27,SYNTHETIC
2025-10-29,C,SYN_MINE_01,SYN_DRILL_002,drill,BREAKDOWN,2.957,SYNTHETIC
2025-10-29,A,SYN_MINE_01,SYN_TRUCK_008,dumper,BREAKDOWN,1.267,SYNTHETIC
2025-10-29,C,SYN_MINE_01,SYN_TRUCK_009,dumper,BREAKDOWN,5.969,SYNTHETIC
2025-10-29,C,SYN_MINE_01,SYN_TRUCK_013,dumper,BREAKDOWN,5.413,SYNTHETIC
2025-10-30,C,SYN_MINE_01,SYN_TRUCK_002,dumper,BREAKDOWN,2.19,SYNTHETIC
2025-10-30,C,SYN_MINE_01,SYN_TRUCK_007,dumper,BREAKDOWN,1.516,SYNTHETIC
2025-10-31,A,SYN_MINE_01,SYN_DRILL_001,drill,BREAKDOWN,5.075,SYNTHETIC
2025-10-31,A,SYN_MINE_01,SYN_TRUCK_005,dumper,BREAKDOWN,4.09,SYNTHETIC
2025-10-31,A,SYN_MINE_01,SYN_TRUCK_011,dumper,PREVENTIVE_MAINTENANCE,4.602,SYNTHETIC
2025-11-01,A,SYN_MINE_01,SYN_DRILL_002,drill,BREAKDOWN,5.82,SYNTHETIC
2025-11-01,A,SYN_MINE_01,SYN_EXC_002,excavator,BREAKDOWN,3.294,SYNTHETIC
2025-11-01,B,SYN_MINE_01,SYN_TRUCK_002,dumper,BREAKDOWN,2.539,SYNTHETIC
2025-11-01,B,SYN_MINE_01,SYN_TRUCK_003,dumper,BREAKDOWN,6.138,SYNTHETIC
2025-11-01,A,SYN_MINE_01,SYN_TRUCK_007,dumper,PREVENTIVE_MAINTENANCE,6.74,SYNTHETIC
2025-11-01,A,SYN_MINE_01,SYN_TRUCK_008,dumper,BREAKDOWN,2.493,SYNTHETIC
2025-11-01,B,SYN_MINE_01,SYN_TRUCK_008,dumper,BREAKDOWN,1.462,SYNTHETIC
2025-11-01,B,SYN_MINE_01,SYN_TRUCK_011,dumper,BREAKDOWN,0.526,SYNTHETIC
2025-11-02,A,SYN_MINE_01,SYN_DRILL_001,drill,PREVENTIVE_MAINTENANCE,4.802,SYNTHETIC
2025-11-02,A,SYN_MINE_01,SYN_TRUCK_001,dumper,PREVENTIVE_MAINTENANCE,4.334,SYNTHETIC
2025-11-02,A,SYN_MINE_01,SYN_TRUCK_005,dumper,PREVENTIVE_MAINTENANCE,7.0,SYNTHETIC
2025-11-02,C,SYN_MINE_01,SYN_TRUCK_009,dumper,BREAKDOWN,1.388,SYNTHETIC
2025-11-03,B,SYN_MINE_01,SYN_DRILL_001,drill,BREAKDOWN,1.895,SYNTHETIC
2025-11-03,A,SYN_MINE_01,SYN_TRUCK_002,dumper,BREAKDOWN,4.409,SYNTHETIC
2025-11-03,B,SYN_MINE_01,SYN_TRUCK_009,dumper,BREAKDOWN,3.327,SYNTHETIC
2025-11-03,C,SYN_MINE_01,SYN_TRUCK_010,dumper,BREAKDOWN,2.662,SYNTHETIC
2025-11-03,A,SYN_MINE_01,SYN_TRUCK_013,dumper,PREVENTIVE_MAINTENANCE,4.055,SYNTHETIC
2025-11-04,C,SYN_MINE_01,SYN_DRILL_002,drill,BREAKDOWN,3.147,SYNTHETIC
2025-11-04,C,SYN_MINE_01,SYN_TRUCK_002,dumper,BREAKDOWN,2.546,SYNTHETIC
2025-11-04,B,SYN_MINE_01,SYN_TRUCK_006,dumper,BREAKDOWN,4.596,SYNTHETIC
2025-11-04,B,SYN_MINE_01,SYN_TRUCK_013,dumper,BREAKDOWN,6.99,SYNTHETIC
2025-11-05,C,SYN_MINE_01,SYN_DRILL_002,drill,BREAKDOWN,3.334,SYNTHETIC
2025-11-05,A,SYN_MINE_01,SYN_EXC_002,excavator,BREAKDOWN,5.115,SYNTHETIC
2025-11-05,B,SYN_MINE_01,SYN_TRUCK_001,dumper,BREAKDOWN,1.694,SYNTHETIC
2025-11-05,C,SYN_MINE_01,SYN_TRUCK_012,dumper,BREAKDOWN,3.07,SYNTHETIC
2025-11-06,B,SYN_MINE_01,SYN_DRILL_001,drill,BREAKDOWN,4.691,SYNTHETIC
2025-11-06,A,SYN_MINE_01,SYN_EXC_002,excavator,BREAKDOWN,2.982,SYNTHETIC
2025-11-06,A,SYN_MINE_01,SYN_TRUCK_003,dumper,PREVENTIVE_MAINTENANCE,6.426,SYNTHETIC
2025-11-06,C,SYN_MINE_01,SYN_TRUCK_003,dumper,BREAKDOWN,0.917,SYNTHETIC
2025-11-06,A,SYN_MINE_01,SYN_TRUCK_006,dumper,BREAKDOWN,4.642,SYNTHETIC
2025-11-06,C,SYN_MINE_01,SYN_TRUCK_010,dumper,BREAKDOWN,0.844,SYNTHETIC
2025-11-07,B,SYN_MINE_01,SYN_DRILL_001,drill,BREAKDOWN,0.09,SYNTHETIC
2025-11-07,A,SYN_MINE_01,SYN_DRILL_002,drill,PREVENTIVE_MAINTENANCE,5.483,SYNTHETIC
2025-11-07,A,SYN_MINE_01,SYN_EXC_001,excavator,BREAKDOWN,2.682,SYNTHETIC
2025-11-07,C,SYN_MINE_01,SYN_EXC_002,excavator,BREAKDOWN,3.83,SYNTHETIC
2025-11-07,A,SYN_MINE_01,SYN_TRUCK_003,dumper,BREAKDOWN,5.071,SYNTHETIC
2025-11-07,A,SYN_MINE_01,SYN_TRUCK_006,dumper,PREVENTIVE_MAINTENANCE,6.762,SYNTHETIC
2025-11-07,A,SYN_MINE_01,SYN_TRUCK_008,dumper,PREVENTIVE_MAINTENANCE,7.0,SYNTHETIC
2025-11-07,A,SYN_MINE_01,SYN_TRUCK_010,dumper,BREAKDOWN,3.606,SYNTHETIC
2025-11-07,A,SYN_MINE_01,SYN_TRUCK_011,dumper,BREAKDOWN,5.497,SYNTHETIC
2025-11-08,A,SYN_MINE_01,SYN_DRILL_002,drill,BREAKDOWN,4.349,SYNTHETIC
2025-11-08,B,SYN_MINE_01,SYN_TRUCK_004,dumper,BREAKDOWN,4.23,SYNTHETIC
2025-11-08,B,SYN_MINE_01,SYN_TRUCK_006,dumper,BREAKDOWN,1.351,SYNTHETIC
2025-11-08,A,SYN_MINE_01,SYN_TRUCK_013,dumper,BREAKDOWN,4.998,SYNTHETIC
2025-11-10,C,SYN_MINE_01,SYN_DRILL_001,drill,BREAKDOWN,2.138,SYNTHETIC
2025-11-10,A,SYN_MINE_01,SYN_TRUCK_004,dumper,BREAKDOWN,4.288,SYNTHETIC
2025-11-10,A,SYN_MINE_01,SYN_TRUCK_010,dumper,PREVENTIVE_MAINTENANCE,4.615,SYNTHETIC
2025-11-10,B,SYN_MINE_01,SYN_TRUCK_013,dumper,BREAKDOWN,3.162,SYNTHETIC
2025-11-11,C,SYN_MINE_01,SYN_DRILL_001,drill,BREAKDOWN,4.761,SYNTHETIC
2025-11-11,B,SYN_MINE_01,SYN_TRUCK_002,dumper,BREAKDOWN,1.28,SYNTHETIC
2025-11-11,A,SYN_MINE_01,SYN_TRUCK_008,dumper,BREAKDOWN,1.52,SYNTHETIC
2025-11-12,C,SYN_MINE_01,SYN_DRILL_001,drill,BREAKDOWN,2.439,SYNTHETIC
2025-11-12,A,SYN_MINE_01,SYN_EXC_001,excavator,PREVENTIVE_MAINTENANCE,6.538,SYNTHETIC
2025-11-12,B,SYN_MINE_01,SYN_EXC_001,excavator,BREAKDOWN,0.279,SYNTHETIC
2025-11-12,A,SYN_MINE_01,SYN_EXC_002,excavator,PREVENTIVE_MAINTENANCE,7.0,SYNTHETIC
2025-11-12,A,SYN_MINE_01,SYN_TRUCK_002,dumper,BREAKDOWN,1.74,SYNTHETIC
2025-11-12,A,SYN_MINE_01,SYN_TRUCK_004,dumper,BREAKDOWN,4.736,SYNTHETIC
2025-11-12,A,SYN_MINE_01,SYN_TRUCK_010,dumper,BREAKDOWN,2.092,SYNTHETIC
2025-11-13,B,SYN_MINE_01,SYN_DRILL_001,drill,BREAKDOWN,4.142,SYNTHETIC
2025-11-13,C,SYN_MINE_01,SYN_DRILL_002,drill,BREAKDOWN,3.551,SYNTHETIC
2025-11-13,A,SYN_MINE_01,SYN_TRUCK_002,dumper,PREVENTIVE_MAINTENANCE,5.441,SYNTHETIC
2025-11-13,A,SYN_MINE_01,SYN_TRUCK_006,dumper,BREAKDOWN,4.499,SYNTHETIC
2025-11-14,A,SYN_MINE_01,SYN_TRUCK_001,dumper,BREAKDOWN,4.691,SYNTHETIC
2025-11-14,B,SYN_MINE_01,SYN_TRUCK_003,dumper,BREAKDOWN,4.304,SYNTHETIC
2025-11-14,A,SYN_MINE_01,SYN_TRUCK_004,dumper,PREVENTIVE_MAINTENANCE,5.225,SYNTHETIC
2025-11-14,A,SYN_MINE_01,SYN_TRUCK_012,dumper,PREVENTIVE_MAINTENANCE,4.653,SYNTHETIC
2025-11-15,A,SYN_MINE_01,SYN_DRILL_001,drill,PREVENTIVE_MAINTENANCE,4.832,SYNTHETIC
2025-11-15,C,SYN_MINE_01,SYN_DRILL_001,drill,BREAKDOWN,1.847,SYNTHETIC
2025-11-15,A,SYN_MINE_01,SYN_TRUCK_009,dumper,PREVENTIVE_MAINTENANCE,7.0,SYNTHETIC
2025-11-16,B,SYN_MINE_01,SYN_TRUCK_002,dumper,BREAKDOWN,3.67,SYNTHETIC
2025-11-16,C,SYN_MINE_01,SYN_TRUCK_002,dumper,BREAKDOWN,5.341,SYNTHETIC
2025-11-16,A,SYN_MINE_01,SYN_TRUCK_011,dumper,BREAKDOWN,1.028,SYNTHETIC
2025-11-16,A,SYN_MINE_01,SYN_TRUCK_013,dumper,BREAKDOWN,4.304,SYNTHETIC
2025-11-17,A,SYN_MINE_01,SYN_EXC_001,excavator,BREAKDOWN,3.745,SYNTHETIC
2025-11-17,A,SYN_MINE_01,SYN_EXC_002,excavator,BREAKDOWN,1.44,SYNTHETIC
2025-11-17,C,SYN_MINE_01,SYN_TRUCK_003,dumper,BREAKDOWN,0.446,SYNTHETIC
2025-11-17,C,SYN_MINE_01,SYN_TRUCK_007,dumper,BREAKDOWN,2.208,SYNTHETIC
2025-11-17,B,SYN_MINE_01,SYN_TRUCK_011,dumper,BREAKDOWN,1.311,SYNTHETIC
2025-11-18,A,SYN_MINE_01,SYN_DRILL_001,drill,BREAKDOWN,2.333,SYNTHETIC
2025-11-18,C,SYN_MINE_01,SYN_EXC_002,excavator,BREAKDOWN,3.815,SYNTHETIC
2025-11-18,C,SYN_MINE_01,SYN_TRUCK_001,dumper,BREAKDOWN,4.437,SYNTHETIC
2025-11-18,C,SYN_MINE_01,SYN_TRUCK_003,dumper,BREAKDOWN,5.262,SYNTHETIC
2025-11-18,B,SYN_MINE_01,SYN_TRUCK_008,dumper,BREAKDOWN,2.351,SYNTHETIC
2025-11-18,B,SYN_MINE_01,SYN_TRUCK_011,dumper,BREAKDOWN,0.319,SYNTHETIC
2025-11-19,A,SYN_MINE_01,SYN_DRILL_002,drill,PREVENTIVE_MAINTENANCE,5.6,SYNTHETIC
2025-11-19,B,SYN_MINE_01,SYN_TRUCK_005,dumper,BREAKDOWN,0.385,SYNTHETIC
2025-11-19,C,SYN_MINE_01,SYN_TRUCK_011,dumper,BREAKDOWN,1.802,SYNTHETIC
2025-11-20,B,SYN_MINE_01,SYN_EXC_001,excavator,BREAKDOWN,5.512,SYNTHETIC
2025-11-20,C,SYN_MINE_01,SYN_TRUCK_001,dumper,BREAKDOWN,2.974,SYNTHETIC
2025-11-20,A,SYN_MINE_01,SYN_TRUCK_007,dumper,PREVENTIVE_MAINTENANCE,5.485,SYNTHETIC
2025-11-20,A,SYN_MINE_01,SYN_TRUCK_009,dumper,BREAKDOWN,4.426,SYNTHETIC
2025-11-20,C,SYN_MINE_01,SYN_TRUCK_009,dumper,BREAKDOWN,5.87,SYNTHETIC
2025-11-21,ALL,SYN_MINE_01,SITE,site,POWER_OUTAGE,3.64,SYNTHETIC
2025-11-21,A,SYN_MINE_01,SYN_DRILL_002,drill,BREAKDOWN,1.989,SYNTHETIC
2025-11-21,A,SYN_MINE_01,SYN_TRUCK_006,dumper,BREAKDOWN,3.005,SYNTHETIC
2025-11-21,A,SYN_MINE_01,SYN_TRUCK_011,dumper,PREVENTIVE_MAINTENANCE,7.0,SYNTHETIC
2025-11-21,A,SYN_MINE_01,SYN_TRUCK_013,dumper,BREAKDOWN,2.753,SYNTHETIC
2025-11-22,B,SYN_MINE_01,SYN_DRILL_002,drill,BREAKDOWN,4.194,SYNTHETIC
2025-11-22,A,SYN_MINE_01,SYN_TRUCK_001,dumper,PREVENTIVE_MAINTENANCE,7.0,SYNTHETIC
2025-11-22,B,SYN_MINE_01,SYN_TRUCK_002,dumper,BREAKDOWN,1.354,SYNTHETIC
2025-11-22,C,SYN_MINE_01,SYN_TRUCK_012,dumper,BREAKDOWN,3.098,SYNTHETIC
2025-11-22,A,SYN_MINE_01,SYN_TRUCK_013,dumper,BREAKDOWN,5.894,SYNTHETIC
2025-11-23,A,SYN_MINE_01,SYN_DRILL_001,drill,BREAKDOWN,3.652,SYNTHETIC
2025-11-23,B,SYN_MINE_01,SYN_DRILL_002,drill,BREAKDOWN,2.764,SYNTHETIC
2025-11-23,B,SYN_MINE_01,SYN_EXC_002,excavator,BREAKDOWN,3.735,SYNTHETIC
2025-11-23,A,SYN_MINE_01,SYN_TRUCK_001,dumper,BREAKDOWN,3.06,SYNTHETIC
2025-11-23,A,SYN_MINE_01,SYN_TRUCK_005,dumper,PREVENTIVE_MAINTENANCE,7.0,SYNTHETIC
2025-11-23,A,SYN_MINE_01,SYN_TRUCK_006,dumper,BREAKDOWN,1.88,SYNTHETIC
2025-11-23,C,SYN_MINE_01,SYN_TRUCK_013,dumper,BREAKDOWN,0.684,SYNTHETIC
2025-11-24,B,SYN_MINE_01,SYN_EXC_001,excavator,BREAKDOWN,5.589,SYNTHETIC
2025-11-24,A,SYN_MINE_01,SYN_EXC_002,excavator,BREAKDOWN,6.086,SYNTHETIC
2025-11-24,B,SYN_MINE_01,SYN_TRUCK_003,dumper,BREAKDOWN,0.235,SYNTHETIC
2025-11-25,C,SYN_MINE_01,SYN_DRILL_001,drill,BREAKDOWN,5.785,SYNTHETIC
2025-11-25,C,SYN_MINE_01,SYN_EXC_002,excavator,BREAKDOWN,2.385,SYNTHETIC
2025-11-25,B,SYN_MINE_01,SYN_TRUCK_009,dumper,BREAKDOWN,0.762,SYNTHETIC
2025-11-25,A,SYN_MINE_01,SYN_TRUCK_013,dumper,PREVENTIVE_MAINTENANCE,7.0,SYNTHETIC
2025-11-26,C,SYN_MINE_01,SYN_DRILL_002,drill,BREAKDOWN,0.196,SYNTHETIC
2025-11-26,A,SYN_MINE_01,SYN_EXC_001,excavator,BREAKDOWN,4.726,SYNTHETIC
2025-11-26,B,SYN_MINE_01,SYN_EXC_001,excavator,BREAKDOWN,4.735,SYNTHETIC
2025-11-26,A,SYN_MINE_01,SYN_TRUCK_002,dumper,BREAKDOWN,3.756,SYNTHETIC
2025-11-26,C,SYN_MINE_01,SYN_TRUCK_007,dumper,BREAKDOWN,0.319,SYNTHETIC
2025-11-26,A,SYN_MINE_01,SYN_TRUCK_012,dumper,BREAKDOWN,4.511,SYNTHETIC
2025-11-26,B,SYN_MINE_01,SYN_TRUCK_012,dumper,BREAKDOWN,6.893,SYNTHETIC
2025-11-27,ALL,SYN_MINE_01,SITE,site,WEATHER_SITE_STOPPAGE,3.76,SYNTHETIC
2025-11-27,A,SYN_MINE_01,SYN_TRUCK_003,dumper,PREVENTIVE_MAINTENANCE,4.002,SYNTHETIC
2025-11-27,A,SYN_MINE_01,SYN_TRUCK_008,dumper,PREVENTIVE_MAINTENANCE,4.643,SYNTHETIC
2025-11-28,A,SYN_MINE_01,SYN_DRILL_001,drill,PREVENTIVE_MAINTENANCE,4.006,SYNTHETIC
2025-11-28,C,SYN_MINE_01,SYN_EXC_002,excavator,BREAKDOWN,1.354,SYNTHETIC
2025-11-28,A,SYN_MINE_01,SYN_TRUCK_002,dumper,BREAKDOWN,5.556,SYNTHETIC
2025-11-28,A,SYN_MINE_01,SYN_TRUCK_006,dumper,BREAKDOWN,4.933,SYNTHETIC
2025-11-28,C,SYN_MINE_01,SYN_TRUCK_008,dumper,BREAKDOWN,3.908,SYNTHETIC
2025-11-28,B,SYN_MINE_01,SYN_TRUCK_010,dumper,BREAKDOWN,1.316,SYNTHETIC
2025-11-29,A,SYN_MINE_01,SYN_DRILL_001,drill,BREAKDOWN,2.74,SYNTHETIC
2025-11-29,A,SYN_MINE_01,SYN_TRUCK_006,dumper,PREVENTIVE_MAINTENANCE,7.0,SYNTHETIC
2025-11-29,C,SYN_MINE_01,SYN_TRUCK_007,dumper,BREAKDOWN,4.699,SYNTHETIC
2025-11-29,A,SYN_MINE_01,SYN_TRUCK_010,dumper,PREVENTIVE_MAINTENANCE,7.0,SYNTHETIC
2025-11-29,B,SYN_MINE_01,SYN_TRUCK_010,dumper,BREAKDOWN,0.973,SYNTHETIC
2025-11-29,C,SYN_MINE_01,SYN_TRUCK_010,dumper,BREAKDOWN,5.797,SYNTHETIC
2025-11-29,A,SYN_MINE_01,SYN_TRUCK_013,dumper,BREAKDOWN,3.278,SYNTHETIC
2025-11-30,C,SYN_MINE_01,SYN_DRILL_001,drill,BREAKDOWN,0.308,SYNTHETIC
2025-11-30,B,SYN_MINE_01,SYN_DRILL_002,drill,BREAKDOWN,6.967,SYNTHETIC
2025-11-30,B,SYN_MINE_01,SYN_TRUCK_006,dumper,BREAKDOWN,1.723,SYNTHETIC
2025-11-30,B,SYN_MINE_01,SYN_TRUCK_010,dumper,BREAKDOWN,4.372,SYNTHETIC
2025-12-01,B,SYN_MINE_01,SYN_TRUCK_002,dumper,BREAKDOWN,3.913,SYNTHETIC
2025-12-02,A,SYN_MINE_01,SYN_DRILL_002,drill,PREVENTIVE_MAINTENANCE,4.693,SYNTHETIC
2025-12-02,A,SYN_MINE_01,SYN_EXC_002,excavator,PREVENTIVE_MAINTENANCE,6.945,SYNTHETIC
2025-12-02,B,SYN_MINE_01,SYN_TRUCK_004,dumper,BREAKDOWN,6.464,SYNTHETIC
2025-12-02,A,SYN_MINE_01,SYN_TRUCK_009,dumper,BREAKDOWN,1.117,SYNTHETIC
2025-12-02,A,SYN_MINE_01,SYN_TRUCK_011,dumper,BREAKDOWN,2.413,SYNTHETIC
2025-12-02,A,SYN_MINE_01,SYN_TRUCK_012,dumper,BREAKDOWN,4.119,SYNTHETIC
2025-12-02,B,SYN_MINE_01,SYN_TRUCK_012,dumper,BREAKDOWN,6.054,SYNTHETIC
2025-12-03,A,SYN_MINE_01,SYN_EXC_001,excavator,PREVENTIVE_MAINTENANCE,7.0,SYNTHETIC
2025-12-03,A,SYN_MINE_01,SYN_TRUCK_004,dumper,PREVENTIVE_MAINTENANCE,5.931,SYNTHETIC
2025-12-03,A,SYN_MINE_01,SYN_TRUCK_007,dumper,BREAKDOWN,4.496,SYNTHETIC
2025-12-04,B,SYN_MINE_01,SYN_TRUCK_005,dumper,BREAKDOWN,5.174,SYNTHETIC
2025-12-04,A,SYN_MINE_01,SYN_TRUCK_011,dumper,BREAKDOWN,4.504,SYNTHETIC
2025-12-05,ALL,SYN_MINE_01,SITE,site,WEATHER_SITE_STOPPAGE,10.19,SYNTHETIC
2025-12-05,A,SYN_MINE_01,SYN_TRUCK_002,dumper,PREVENTIVE_MAINTENANCE,4.039,SYNTHETIC
2025-12-05,A,SYN_MINE_01,SYN_TRUCK_012,dumper,PREVENTIVE_MAINTENANCE,7.0,SYNTHETIC
2025-12-06,C,SYN_MINE_01,SYN_DRILL_001,drill,BREAKDOWN,1.96,SYNTHETIC
2025-12-06,C,SYN_MINE_01,SYN_TRUCK_001,dumper,BREAKDOWN,1.641,SYNTHETIC
2025-12-07,B,SYN_MINE_01,SYN_TRUCK_002,dumper,BREAKDOWN,3.316,SYNTHETIC
2025-12-07,A,SYN_MINE_01,SYN_TRUCK_009,dumper,PREVENTIVE_MAINTENANCE,4.867,SYNTHETIC
2025-12-08,B,SYN_MINE_01,SYN_TRUCK_008,dumper,BREAKDOWN,2.828,SYNTHETIC
2025-12-08,C,SYN_MINE_01,SYN_TRUCK_010,dumper,BREAKDOWN,1.618,SYNTHETIC
2025-12-09,B,SYN_MINE_01,SYN_EXC_002,excavator,BREAKDOWN,0.378,SYNTHETIC
2025-12-09,A,SYN_MINE_01,SYN_TRUCK_005,dumper,BREAKDOWN,0.247,SYNTHETIC
2025-12-09,B,SYN_MINE_01,SYN_TRUCK_013,dumper,BREAKDOWN,1.755,SYNTHETIC
2025-12-10,A,SYN_MINE_01,SYN_DRILL_001,drill,PREVENTIVE_MAINTENANCE,5.886,SYNTHETIC
2025-12-10,C,SYN_MINE_01,SYN_EXC_002,excavator,BREAKDOWN,1.309,SYNTHETIC
2025-12-10,A,SYN_MINE_01,SYN_TRUCK_002,dumper,BREAKDOWN,3.921,SYNTHETIC
2025-12-10,A,SYN_MINE_01,SYN_TRUCK_007,dumper,PREVENTIVE_MAINTENANCE,4.198,SYNTHETIC
2025-12-10,B,SYN_MINE_01,SYN_TRUCK_008,dumper,BREAKDOWN,1.93,SYNTHETIC
2025-12-10,A,SYN_MINE_01,SYN_TRUCK_012,dumper,BREAKDOWN,4.246,SYNTHETIC
2025-12-11,A,SYN_MINE_01,SYN_TRUCK_011,dumper,PREVENTIVE_MAINTENANCE,5.931,SYNTHETIC
2025-12-12,A,SYN_MINE_01,SYN_TRUCK_001,dumper,PREVENTIVE_MAINTENANCE,5.938,SYNTHETIC
2025-12-12,A,SYN_MINE_01,SYN_TRUCK_008,dumper,BREAKDOWN,1.541,SYNTHETIC
2025-12-13,A,SYN_MINE_01,SYN_DRILL_002,drill,PREVENTIVE_MAINTENANCE,5.852,SYNTHETIC
2025-12-13,B,SYN_MINE_01,SYN_EXC_002,excavator,BREAKDOWN,5.672,SYNTHETIC
2025-12-13,A,SYN_MINE_01,SYN_TRUCK_005,dumper,PREVENTIVE_MAINTENANCE,5.354,SYNTHETIC
2025-12-14,ALL,SYN_MINE_01,SITE,site,POWER_OUTAGE,3.62,SYNTHETIC
2025-12-14,B,SYN_MINE_01,SYN_DRILL_002,drill,BREAKDOWN,3.675,SYNTHETIC
2025-12-14,A,SYN_MINE_01,SYN_TRUCK_009,dumper,BREAKDOWN,3.529,SYNTHETIC
2025-12-15,A,SYN_MINE_01,SYN_DRILL_001,drill,BREAKDOWN,1.656,SYNTHETIC
2025-12-15,C,SYN_MINE_01,SYN_TRUCK_002,dumper,BREAKDOWN,3.464,SYNTHETIC
2025-12-15,B,SYN_MINE_01,SYN_TRUCK_005,dumper,BREAKDOWN,3.902,SYNTHETIC
2025-12-15,B,SYN_MINE_01,SYN_TRUCK_012,dumper,BREAKDOWN,4.59,SYNTHETIC
2025-12-15,A,SYN_MINE_01,SYN_TRUCK_013,dumper,PREVENTIVE_MAINTENANCE,6.054,SYNTHETIC
2025-12-16,B,SYN_MINE_01,SYN_EXC_002,excavator,BREAKDOWN,5.988,SYNTHETIC
2025-12-16,A,SYN_MINE_01,SYN_TRUCK_003,dumper,PREVENTIVE_MAINTENANCE,6.6,SYNTHETIC
2025-12-16,A,SYN_MINE_01,SYN_TRUCK_008,dumper,BREAKDOWN,2.603,SYNTHETIC
2025-12-16,C,SYN_MINE_01,SYN_TRUCK_009,dumper,BREAKDOWN,1.156,SYNTHETIC
2025-12-17,B,SYN_MINE_01,SYN_DRILL_001,drill,BREAKDOWN,0.657,SYNTHETIC
2025-12-17,C,SYN_MINE_01,SYN_DRILL_001,drill,BREAKDOWN,5.731,SYNTHETIC
2025-12-17,C,SYN_MINE_01,SYN_EXC_002,excavator,BREAKDOWN,1.63,SYNTHETIC
2025-12-17,C,SYN_MINE_01,SYN_TRUCK_002,dumper,BREAKDOWN,5.306,SYNTHETIC
2025-12-17,A,SYN_MINE_01,SYN_TRUCK_003,dumper,BREAKDOWN,3.491,SYNTHETIC
2025-12-17,C,SYN_MINE_01,SYN_TRUCK_005,dumper,BREAKDOWN,3.178,SYNTHETIC
2025-12-18,B,SYN_MINE_01,SYN_DRILL_001,drill,BREAKDOWN,2.002,SYNTHETIC
2025-12-18,C,SYN_MINE_01,SYN_DRILL_002,drill,BREAKDOWN,0.816,SYNTHETIC
2025-12-18,C,SYN_MINE_01,SYN_EXC_002,excavator,BREAKDOWN,3.257,SYNTHETIC
2025-12-18,B,SYN_MINE_01,SYN_TRUCK_002,dumper,BREAKDOWN,3.418,SYNTHETIC
2025-12-18,A,SYN_MINE_01,SYN_TRUCK_006,dumper,PREVENTIVE_MAINTENANCE,5.389,SYNTHETIC
2025-12-18,A,SYN_MINE_01,SYN_TRUCK_008,dumper,PREVENTIVE_MAINTENANCE,5.997,SYNTHETIC
2025-12-18,A,SYN_MINE_01,SYN_TRUCK_010,dumper,BREAKDOWN,5.076,SYNTHETIC
2025-12-19,ALL,SYN_MINE_01,SITE,site,POWER_OUTAGE,4.57,SYNTHETIC
2025-12-19,A,SYN_MINE_01,SYN_EXC_001,excavator,PREVENTIVE_MAINTENANCE,7.0,SYNTHETIC
2025-12-19,B,SYN_MINE_01,SYN_TRUCK_001,dumper,BREAKDOWN,3.43,SYNTHETIC
2025-12-19,B,SYN_MINE_01,SYN_TRUCK_004,dumper,BREAKDOWN,0.911,SYNTHETIC
2025-12-19,A,SYN_MINE_01,SYN_TRUCK_010,dumper,PREVENTIVE_MAINTENANCE,6.083,SYNTHETIC
2025-12-19,B,SYN_MINE_01,SYN_TRUCK_012,dumper,BREAKDOWN,2.243,SYNTHETIC
2025-12-20,C,SYN_MINE_01,SYN_DRILL_001,drill,BREAKDOWN,5.703,SYNTHETIC
2025-12-20,C,SYN_MINE_01,SYN_EXC_002,excavator,BREAKDOWN,3.674,SYNTHETIC
2025-12-21,A,SYN_MINE_01,SYN_TRUCK_003,dumper,BREAKDOWN,2.318,SYNTHETIC
2025-12-21,B,SYN_MINE_01,SYN_TRUCK_009,dumper,BREAKDOWN,1.785,SYNTHETIC
2025-12-22,A,SYN_MINE_01,SYN_EXC_002,excavator,PREVENTIVE_MAINTENANCE,7.0,SYNTHETIC
2025-12-22,B,SYN_MINE_01,SYN_TRUCK_001,dumper,BREAKDOWN,2.232,SYNTHETIC
2025-12-23,A,SYN_MINE_01,SYN_DRILL_001,drill,PREVENTIVE_MAINTENANCE,4.5,SYNTHETIC
2025-12-23,A,SYN_MINE_01,SYN_TRUCK_004,dumper,PREVENTIVE_MAINTENANCE,5.44,SYNTHETIC
2025-12-23,C,SYN_MINE_01,SYN_TRUCK_010,dumper,BREAKDOWN,0.018,SYNTHETIC
2025-12-24,C,SYN_MINE_01,SYN_DRILL_002,drill,BREAKDOWN,3.693,SYNTHETIC
2025-12-24,B,SYN_MINE_01,SYN_TRUCK_004,dumper,BREAKDOWN,1.446,SYNTHETIC
2025-12-24,A,SYN_MINE_01,SYN_TRUCK_007,dumper,BREAKDOWN,4.375,SYNTHETIC
2025-12-24,C,SYN_MINE_01,SYN_TRUCK_007,dumper,BREAKDOWN,2.036,SYNTHETIC
2025-12-24,C,SYN_MINE_01,SYN_TRUCK_009,dumper,BREAKDOWN,1.492,SYNTHETIC
2025-12-25,B,SYN_MINE_01,SYN_EXC_001,excavator,BREAKDOWN,4.841,SYNTHETIC
2025-12-25,B,SYN_MINE_01,SYN_TRUCK_004,dumper,BREAKDOWN,3.629,SYNTHETIC
2025-12-25,A,SYN_MINE_01,SYN_TRUCK_012,dumper,PREVENTIVE_MAINTENANCE,5.977,SYNTHETIC
2025-12-26,A,SYN_MINE_01,SYN_DRILL_002,drill,PREVENTIVE_MAINTENANCE,4.042,SYNTHETIC
2025-12-27,C,SYN_MINE_01,SYN_DRILL_002,drill,BREAKDOWN,2.199,SYNTHETIC
2025-12-27,A,SYN_MINE_01,SYN_EXC_001,excavator,BREAKDOWN,6.596,SYNTHETIC
2025-12-27,A,SYN_MINE_01,SYN_TRUCK_002,dumper,PREVENTIVE_MAINTENANCE,5.037,SYNTHETIC
2025-12-27,B,SYN_MINE_01,SYN_TRUCK_002,dumper,BREAKDOWN,3.251,SYNTHETIC
2025-12-27,C,SYN_MINE_01,SYN_TRUCK_008,dumper,BREAKDOWN,5.134,SYNTHETIC
2025-12-27,A,SYN_MINE_01,SYN_TRUCK_011,dumper,BREAKDOWN,2.17,SYNTHETIC
2025-12-28,A,SYN_MINE_01,SYN_TRUCK_001,dumper,BREAKDOWN,5.964,SYNTHETIC
2025-12-28,A,SYN_MINE_01,SYN_TRUCK_003,dumper,BREAKDOWN,2.674,SYNTHETIC
2025-12-28,A,SYN_MINE_01,SYN_TRUCK_004,dumper,BREAKDOWN,4.394,SYNTHETIC
2025-12-28,A,SYN_MINE_01,SYN_TRUCK_009,dumper,PREVENTIVE_MAINTENANCE,5.052,SYNTHETIC
2025-12-29,A,SYN_MINE_01,SYN_DRILL_001,drill,BREAKDOWN,3.504,SYNTHETIC
2025-12-29,C,SYN_MINE_01,SYN_TRUCK_003,dumper,BREAKDOWN,2.856,SYNTHETIC
2025-12-30,B,SYN_MINE_01,SYN_EXC_001,excavator,BREAKDOWN,6.835,SYNTHETIC
2025-12-30,C,SYN_MINE_01,SYN_TRUCK_006,dumper,BREAKDOWN,1.601,SYNTHETIC
2025-12-30,A,SYN_MINE_01,SYN_TRUCK_007,dumper,PREVENTIVE_MAINTENANCE,4.338,SYNTHETIC
2025-12-30,B,SYN_MINE_01,SYN_TRUCK_010,dumper,BREAKDOWN,6.268,SYNTHETIC
2025-12-30,A,SYN_MINE_01,SYN_TRUCK_011,dumper,PREVENTIVE_MAINTENANCE,5.286,SYNTHETIC
2025-12-30,B,SYN_MINE_01,SYN_TRUCK_013,dumper,BREAKDOWN,3.87,SYNTHETIC
2025-12-31,B,SYN_MINE_01,SYN_TRUCK_005,dumper,BREAKDOWN,0.282,SYNTHETIC
2025-12-31,C,SYN_MINE_01,SYN_TRUCK_006,dumper,BREAKDOWN,3.103,SYNTHETIC
2025-12-31,A,SYN_MINE_01,SYN_TRUCK_011,dumper,BREAKDOWN,1.179,SYNTHETIC
2025-12-31,A,SYN_MINE_01,SYN_TRUCK_012,dumper,BREAKDOWN,2.479,SYNTHETIC
2026-01-01,A,SYN_MINE_01,SYN_TRUCK_001,dumper,PREVENTIVE_MAINTENANCE,5.013,SYNTHETIC
2026-01-01,A,SYN_MINE_01,SYN_TRUCK_004,dumper,BREAKDOWN,5.231,SYNTHETIC
2026-01-01,B,SYN_MINE_01,SYN_TRUCK_005,dumper,BREAKDOWN,3.109,SYNTHETIC
2026-01-01,B,SYN_MINE_01,SYN_TRUCK_013,dumper,BREAKDOWN,0.492,SYNTHETIC
2026-01-02,C,SYN_MINE_01,SYN_DRILL_001,drill,BREAKDOWN,2.212,SYNTHETIC
2026-01-02,B,SYN_MINE_01,SYN_DRILL_002,drill,BREAKDOWN,3.305,SYNTHETIC
2026-01-02,C,SYN_MINE_01,SYN_TRUCK_002,dumper,BREAKDOWN,2.172,SYNTHETIC
2026-01-02,B,SYN_MINE_01,SYN_TRUCK_003,dumper,BREAKDOWN,1.696,SYNTHETIC
2026-01-02,A,SYN_MINE_01,SYN_TRUCK_005,dumper,PREVENTIVE_MAINTENANCE,4.977,SYNTHETIC
2026-01-02,B,SYN_MINE_01,SYN_TRUCK_009,dumper,BREAKDOWN,6.078,SYNTHETIC
2026-01-02,A,SYN_MINE_01,SYN_TRUCK_013,dumper,BREAKDOWN,5.239,SYNTHETIC
2026-01-03,ALL,SYN_MINE_01,SITE,site,POWER_OUTAGE,3.13,SYNTHETIC
2026-01-03,C,SYN_MINE_01,SYN_DRILL_001,drill,BREAKDOWN,3.978,SYNTHETIC
2026-01-03,C,SYN_MINE_01,SYN_TRUCK_008,dumper,BREAKDOWN,1.697,SYNTHETIC
2026-01-03,B,SYN_MINE_01,SYN_TRUCK_009,dumper,BREAKDOWN,2.017,SYNTHETIC
2026-01-04,B,SYN_MINE_01,SYN_TRUCK_003,dumper,BREAKDOWN,4.487,SYNTHETIC
2026-01-04,A,SYN_MINE_01,SYN_TRUCK_012,dumper,BREAKDOWN,6.839,SYNTHETIC
2026-01-04,B,SYN_MINE_01,SYN_TRUCK_013,dumper,BREAKDOWN,2.137,SYNTHETIC
2026-01-05,A,SYN_MINE_01,SYN_DRILL_001,drill,PREVENTIVE_MAINTENANCE,5.434,SYNTHETIC
2026-01-05,A,SYN_MINE_01,SYN_TRUCK_001,dumper,BREAKDOWN,2.229,SYNTHETIC
2026-01-05,B,SYN_MINE_01,SYN_TRUCK_004,dumper,BREAKDOWN,4.506,SYNTHETIC
2026-01-06,A,SYN_MINE_01,SYN_DRILL_002,drill,PREVENTIVE_MAINTENANCE,4.261,SYNTHETIC
2026-01-06,A,SYN_MINE_01,SYN_EXC_001,excavator,PREVENTIVE_MAINTENANCE,7.0,SYNTHETIC
2026-01-06,C,SYN_MINE_01,SYN_TRUCK_001,dumper,BREAKDOWN,0.528,SYNTHETIC
2026-01-06,A,SYN_MINE_01,SYN_TRUCK_003,dumper,PREVENTIVE_MAINTENANCE,6.009,SYNTHETIC
2026-01-06,C,SYN_MINE_01,SYN_TRUCK_003,dumper,BREAKDOWN,1.213,SYNTHETIC
2026-01-06,C,SYN_MINE_01,SYN_TRUCK_007,dumper,BREAKDOWN,0.133,SYNTHETIC
2026-01-06,A,SYN_MINE_01,SYN_TRUCK_013,dumper,PREVENTIVE_MAINTENANCE,7.0,SYNTHETIC
2026-01-07,A,SYN_MINE_01,SYN_EXC_002,excavator,PREVENTIVE_MAINTENANCE,6.486,SYNTHETIC
2026-01-07,A,SYN_MINE_01,SYN_TRUCK_006,dumper,PREVENTIVE_MAINTENANCE,7.0,SYNTHETIC
2026-01-07,A,SYN_MINE_01,SYN_TRUCK_008,dumper,PREVENTIVE_MAINTENANCE,6.979,SYNTHETIC
2026-01-07,C,SYN_MINE_01,SYN_TRUCK_011,dumper,BREAKDOWN,4.981,SYNTHETIC
2026-01-07,C,SYN_MINE_01,SYN_TRUCK_012,dumper,BREAKDOWN,1.704,SYNTHETIC
2026-01-08,A,SYN_MINE_01,SYN_DRILL_002,drill,BREAKDOWN,6.132,SYNTHETIC
2026-01-08,A,SYN_MINE_01,SYN_TRUCK_010,dumper,PREVENTIVE_MAINTENANCE,4.019,SYNTHETIC
2026-01-08,A,SYN_MINE_01,SYN_TRUCK_013,dumper,BREAKDOWN,0.496,SYNTHETIC
2026-01-09,B,SYN_MINE_01,SYN_TRUCK_003,dumper,BREAKDOWN,2.981,SYNTHETIC
2026-01-09,B,SYN_MINE_01,SYN_TRUCK_011,dumper,BREAKDOWN,4.158,SYNTHETIC
2026-01-09,C,SYN_MINE_01,SYN_TRUCK_011,dumper,BREAKDOWN,3.411,SYNTHETIC
2026-01-10,B,SYN_MINE_01,SYN_TRUCK_002,dumper,BREAKDOWN,3.042,SYNTHETIC
2026-01-10,A,SYN_MINE_01,SYN_TRUCK_004,dumper,BREAKDOWN,3.011,SYNTHETIC
2026-01-11,ALL,SYN_MINE_01,SITE,site,POWER_OUTAGE,3.24,SYNTHETIC
2026-01-11,B,SYN_MINE_01,SYN_DRILL_002,drill,BREAKDOWN,1.164,SYNTHETIC
2026-01-11,C,SYN_MINE_01,SYN_TRUCK_010,dumper,BREAKDOWN,1.244,SYNTHETIC
2026-01-12,A,SYN_MINE_01,SYN_TRUCK_005,dumper,BREAKDOWN,3.19,SYNTHETIC
2026-01-12,C,SYN_MINE_01,SYN_TRUCK_005,dumper,BREAKDOWN,2.696,SYNTHETIC
2026-01-12,B,SYN_MINE_01,SYN_TRUCK_008,dumper,BREAKDOWN,4.137,SYNTHETIC
2026-01-13,A,SYN_MINE_01,SYN_TRUCK_004,dumper,PREVENTIVE_MAINTENANCE,4.536,SYNTHETIC
2026-01-13,A,SYN_MINE_01,SYN_TRUCK_009,dumper,BREAKDOWN,5.321,SYNTHETIC
2026-01-13,C,SYN_MINE_01,SYN_TRUCK_011,dumper,BREAKDOWN,1.082,SYNTHETIC
2026-01-14,A,SYN_MINE_01,SYN_DRILL_001,drill,BREAKDOWN,1.741,SYNTHETIC
2026-01-14,B,SYN_MINE_01,SYN_TRUCK_001,dumper,BREAKDOWN,2.471,SYNTHETIC
2026-01-14,A,SYN_MINE_01,SYN_TRUCK_002,dumper,BREAKDOWN,2.474,SYNTHETIC
2026-01-14,C,SYN_MINE_01,SYN_TRUCK_011,dumper,BREAKDOWN,4.59,SYNTHETIC
2026-01-14,A,SYN_MINE_01,SYN_TRUCK_012,dumper,PREVENTIVE_MAINTENANCE,5.726,SYNTHETIC
2026-01-15,A,SYN_MINE_01,SYN_DRILL_002,drill,BREAKDOWN,2.074,SYNTHETIC
2026-01-15,B,SYN_MINE_01,SYN_DRILL_002,drill,BREAKDOWN,0.561,SYNTHETIC
2026-01-16,A,SYN_MINE_01,SYN_DRILL_001,drill,PREVENTIVE_MAINTENANCE,5.397,SYNTHETIC
2026-01-16,C,SYN_MINE_01,SYN_EXC_002,excavator,BREAKDOWN,3.103,SYNTHETIC
2026-01-16,A,SYN_MINE_01,SYN_TRUCK_002,dumper,PREVENTIVE_MAINTENANCE,5.976,SYNTHETIC
2026-01-16,B,SYN_MINE_01,SYN_TRUCK_005,dumper,BREAKDOWN,0.47,SYNTHETIC
2026-01-16,A,SYN_MINE_01,SYN_TRUCK_006,dumper,BREAKDOWN,4.943,SYNTHETIC
2026-01-16,C,SYN_MINE_01,SYN_TRUCK_008,dumper,BREAKDOWN,3.886,SYNTHETIC
2026-01-16,C,SYN_MINE_01,SYN_TRUCK_013,dumper,BREAKDOWN,1.238,SYNTHETIC
2026-01-17,C,SYN_MINE_01,SYN_DRILL_001,drill,BREAKDOWN,0.494,SYNTHETIC
2026-01-17,A,SYN_MINE_01,SYN_EXC_001,excavator,BREAKDOWN,2.894,SYNTHETIC
2026-01-17,A,SYN_MINE_01,SYN_TRUCK_009,dumper,PREVENTIVE_MAINTENANCE,6.928,SYNTHETIC
2026-01-18,B,SYN_MINE_01,SYN_DRILL_001,drill,BREAKDOWN,2.735,SYNTHETIC
2026-01-18,A,SYN_MINE_01,SYN_DRILL_002,drill,PREVENTIVE_MAINTENANCE,5.2,SYNTHETIC
2026-01-18,B,SYN_MINE_01,SYN_EXC_002,excavator,BREAKDOWN,5.61,SYNTHETIC
2026-01-18,C,SYN_MINE_01,SYN_TRUCK_006,dumper,BREAKDOWN,3.615,SYNTHETIC
2026-01-18,A,SYN_MINE_01,SYN_TRUCK_007,dumper,PREVENTIVE_MAINTENANCE,6.299,SYNTHETIC
2026-01-18,A,SYN_MINE_01,SYN_TRUCK_013,dumper,BREAKDOWN,2.289,SYNTHETIC
2026-01-19,C,SYN_MINE_01,SYN_TRUCK_005,dumper,BREAKDOWN,1.143,SYNTHETIC
2026-01-19,C,SYN_MINE_01,SYN_TRUCK_010,dumper,BREAKDOWN,1.144,SYNTHETIC
2026-01-20,ALL,SYN_MINE_01,SITE,site,WEATHER_SITE_STOPPAGE,3.03,SYNTHETIC
2026-01-20,C,SYN_MINE_01,SYN_TRUCK_004,dumper,BREAKDOWN,5.153,SYNTHETIC
2026-01-20,A,SYN_MINE_01,SYN_TRUCK_011,dumper,PREVENTIVE_MAINTENANCE,7.0,SYNTHETIC
2026-01-21,B,SYN_MINE_01,SYN_DRILL_001,drill,BREAKDOWN,1.741,SYNTHETIC
2026-01-21,B,SYN_MINE_01,SYN_EXC_001,excavator,BREAKDOWN,6.041,SYNTHETIC
2026-01-21,A,SYN_MINE_01,SYN_EXC_002,excavator,BREAKDOWN,0.154,SYNTHETIC
2026-01-21,A,SYN_MINE_01,SYN_TRUCK_001,dumper,PREVENTIVE_MAINTENANCE,6.388,SYNTHETIC
2026-01-21,A,SYN_MINE_01,SYN_TRUCK_006,dumper,BREAKDOWN,0.476,SYNTHETIC
2026-01-21,B,SYN_MINE_01,SYN_TRUCK_012,dumper,BREAKDOWN,3.97,SYNTHETIC
2026-01-22,A,SYN_MINE_01,SYN_DRILL_001,drill,BREAKDOWN,1.93,SYNTHETIC
2026-01-22,A,SYN_MINE_01,SYN_TRUCK_005,dumper,PREVENTIVE_MAINTENANCE,5.57,SYNTHETIC
2026-01-22,C,SYN_MINE_01,SYN_TRUCK_006,dumper,BREAKDOWN,4.021,SYNTHETIC
2026-01-22,A,SYN_MINE_01,SYN_TRUCK_008,dumper,BREAKDOWN,1.984,SYNTHETIC
2026-01-22,C,SYN_MINE_01,SYN_TRUCK_012,dumper,BREAKDOWN,3.51,SYNTHETIC
2026-01-23,A,SYN_MINE_01,SYN_DRILL_001,drill,BREAKDOWN,1.467,SYNTHETIC
2026-01-23,A,SYN_MINE_01,SYN_EXC_001,excavator,PREVENTIVE_MAINTENANCE,7.0,SYNTHETIC
2026-01-24,B,SYN_MINE_01,SYN_TRUCK_005,dumper,BREAKDOWN,3.617,SYNTHETIC
2026-01-25,B,SYN_MINE_01,SYN_DRILL_002,drill,BREAKDOWN,0.459,SYNTHETIC
2026-01-25,A,SYN_MINE_01,SYN_EXC_002,excavator,PREVENTIVE_MAINTENANCE,7.0,SYNTHETIC
2026-01-25,B,SYN_MINE_01,SYN_TRUCK_001,dumper,BREAKDOWN,5.899,SYNTHETIC
2026-01-25,A,SYN_MINE_01,SYN_TRUCK_003,dumper,PREVENTIVE_MAINTENANCE,6.424,SYNTHETIC
2026-01-26,A,SYN_MINE_01,SYN_TRUCK_008,dumper,PREVENTIVE_MAINTENANCE,5.15,SYNTHETIC
2026-01-26,A,SYN_MINE_01,SYN_TRUCK_010,dumper,BREAKDOWN,3.773,SYNTHETIC
2026-01-27,A,SYN_MINE_01,SYN_TRUCK_006,dumper,PREVENTIVE_MAINTENANCE,6.058,SYNTHETIC
2026-01-27,A,SYN_MINE_01,SYN_TRUCK_007,dumper,BREAKDOWN,0.777,SYNTHETIC
2026-01-27,A,SYN_MINE_01,SYN_TRUCK_010,dumper,PREVENTIVE_MAINTENANCE,4.583,SYNTHETIC
2026-01-27,A,SYN_MINE_01,SYN_TRUCK_013,dumper,PREVENTIVE_MAINTENANCE,5.233,SYNTHETIC
2026-01-28,A,SYN_MINE_01,SYN_DRILL_001,drill,PREVENTIVE_MAINTENANCE,5.941,SYNTHETIC
2026-01-28,C,SYN_MINE_01,SYN_DRILL_002,drill,BREAKDOWN,1.528,SYNTHETIC
2026-01-28,A,SYN_MINE_01,SYN_TRUCK_012,dumper,BREAKDOWN,5.529,SYNTHETIC
2026-01-29,B,SYN_MINE_01,SYN_TRUCK_001,dumper,BREAKDOWN,0.731,SYNTHETIC
2026-01-29,C,SYN_MINE_01,SYN_TRUCK_003,dumper,BREAKDOWN,3.425,SYNTHETIC
2026-01-30,A,SYN_MINE_01,SYN_DRILL_001,drill,BREAKDOWN,2.406,SYNTHETIC
2026-01-30,A,SYN_MINE_01,SYN_DRILL_002,drill,PREVENTIVE_MAINTENANCE,4.311,SYNTHETIC
2026-01-30,A,SYN_MINE_01,SYN_TRUCK_006,dumper,BREAKDOWN,1.119,SYNTHETIC
2026-01-30,C,SYN_MINE_01,SYN_TRUCK_009,dumper,BREAKDOWN,4.939,SYNTHETIC
2026-01-31,B,SYN_MINE_01,SYN_DRILL_002,drill,BREAKDOWN,1.671,SYNTHETIC
2026-01-31,A,SYN_MINE_01,SYN_TRUCK_004,dumper,BREAKDOWN,2.426,SYNTHETIC
2026-01-31,B,SYN_MINE_01,SYN_TRUCK_005,dumper,BREAKDOWN,2.232,SYNTHETIC
2026-01-31,C,SYN_MINE_01,SYN_TRUCK_012,dumper,BREAKDOWN,1.606,SYNTHETIC
2026-01-31,A,SYN_MINE_01,SYN_TRUCK_013,dumper,BREAKDOWN,0.612,SYNTHETIC
2026-02-01,A,SYN_MINE_01,SYN_TRUCK_004,dumper,PREVENTIVE_MAINTENANCE,7.0,SYNTHETIC
2026-02-02,A,SYN_MINE_01,SYN_TRUCK_001,dumper,BREAKDOWN,2.025,SYNTHETIC
2026-02-02,C,SYN_MINE_01,SYN_TRUCK_001,dumper,BREAKDOWN,5.255,SYNTHETIC
2026-02-02,C,SYN_MINE_01,SYN_TRUCK_002,dumper,BREAKDOWN,0.169,SYNTHETIC
2026-02-02,B,SYN_MINE_01,SYN_TRUCK_010,dumper,BREAKDOWN,2.955,SYNTHETIC
2026-02-02,C,SYN_MINE_01,SYN_TRUCK_013,dumper,BREAKDOWN,1.089,SYNTHETIC
2026-02-03,A,SYN_MINE_01,SYN_DRILL_001,drill,BREAKDOWN,1.852,SYNTHETIC
2026-02-03,B,SYN_MINE_01,SYN_TRUCK_004,dumper,BREAKDOWN,1.648,SYNTHETIC
2026-02-03,A,SYN_MINE_01,SYN_TRUCK_009,dumper,BREAKDOWN,3.005,SYNTHETIC
2026-02-04,A,SYN_MINE_01,SYN_TRUCK_002,dumper,PREVENTIVE_MAINTENANCE,6.126,SYNTHETIC
2026-02-04,B,SYN_MINE_01,SYN_TRUCK_002,dumper,BREAKDOWN,2.048,SYNTHETIC
2026-02-04,A,SYN_MINE_01,SYN_TRUCK_007,dumper,BREAKDOWN,1.388,SYNTHETIC
2026-02-04,A,SYN_MINE_01,SYN_TRUCK_009,dumper,BREAKDOWN,0.857,SYNTHETIC
2026-02-04,A,SYN_MINE_01,SYN_TRUCK_010,dumper,BREAKDOWN,0.518,SYNTHETIC
2026-02-04,A,SYN_MINE_01,SYN_TRUCK_012,dumper,PREVENTIVE_MAINTENANCE,4.871,SYNTHETIC
2026-02-05,B,SYN_MINE_01,SYN_TRUCK_013,dumper,BREAKDOWN,3.215,SYNTHETIC
2026-02-06,C,SYN_MINE_01,SYN_DRILL_001,drill,BREAKDOWN,0.766,SYNTHETIC
2026-02-06,B,SYN_MINE_01,SYN_DRILL_002,drill,BREAKDOWN,1.44,SYNTHETIC
2026-02-06,B,SYN_MINE_01,SYN_TRUCK_001,dumper,BREAKDOWN,3.508,SYNTHETIC
2026-02-06,A,SYN_MINE_01,SYN_TRUCK_009,dumper,PREVENTIVE_MAINTENANCE,7.0,SYNTHETIC
2026-02-07,C,SYN_MINE_01,SYN_TRUCK_006,dumper,BREAKDOWN,2.595,SYNTHETIC
2026-02-07,A,SYN_MINE_01,SYN_TRUCK_007,dumper,PREVENTIVE_MAINTENANCE,4.192,SYNTHETIC
2026-02-08,A,SYN_MINE_01,SYN_EXC_001,excavator,PREVENTIVE_MAINTENANCE,7.0,SYNTHETIC
2026-02-08,A,SYN_MINE_01,SYN_TRUCK_011,dumper,PREVENTIVE_MAINTENANCE,4.302,SYNTHETIC
2026-02-09,ALL,SYN_MINE_01,SITE,site,POWER_OUTAGE,5.74,SYNTHETIC
2026-02-09,A,SYN_MINE_01,SYN_DRILL_001,drill,PREVENTIVE_MAINTENANCE,4.039,SYNTHETIC
2026-02-09,B,SYN_MINE_01,SYN_TRUCK_004,dumper,BREAKDOWN,0.977,SYNTHETIC
2026-02-09,A,SYN_MINE_01,SYN_TRUCK_005,dumper,BREAKDOWN,2.013,SYNTHETIC
2026-02-09,B,SYN_MINE_01,SYN_TRUCK_012,dumper,BREAKDOWN,2.796,SYNTHETIC
2026-02-10,A,SYN_MINE_01,SYN_DRILL_002,drill,PREVENTIVE_MAINTENANCE,4.796,SYNTHETIC
2026-02-10,A,SYN_MINE_01,SYN_EXC_002,excavator,PREVENTIVE_MAINTENANCE,7.0,SYNTHETIC
2026-02-10,A,SYN_MINE_01,SYN_TRUCK_005,dumper,BREAKDOWN,4.151,SYNTHETIC
2026-02-10,C,SYN_MINE_01,SYN_TRUCK_009,dumper,BREAKDOWN,1.152,SYNTHETIC
2026-02-10,B,SYN_MINE_01,SYN_TRUCK_012,dumper,BREAKDOWN,2.524,SYNTHETIC
2026-02-11,A,SYN_MINE_01,SYN_TRUCK_001,dumper,PREVENTIVE_MAINTENANCE,4.137,SYNTHETIC
2026-02-11,B,SYN_MINE_01,SYN_TRUCK_005,dumper,BREAKDOWN,4.054,SYNTHETIC
2026-02-11,C,SYN_MINE_01,SYN_TRUCK_010,dumper,BREAKDOWN,3.746,SYNTHETIC
2026-02-12,C,SYN_MINE_01,SYN_TRUCK_003,dumper,BREAKDOWN,0.91,SYNTHETIC
2026-02-13,B,SYN_MINE_01,SYN_TRUCK_002,dumper,BREAKDOWN,2.142,SYNTHETIC
2026-02-13,A,SYN_MINE_01,SYN_TRUCK_005,dumper,PREVENTIVE_MAINTENANCE,5.96,SYNTHETIC
2026-02-13,C,SYN_MINE_01,SYN_TRUCK_009,dumper,BREAKDOWN,0.06,SYNTHETIC
2026-02-14,B,SYN_MINE_01,SYN_TRUCK_001,dumper,BREAKDOWN,2.343,SYNTHETIC
2026-02-14,A,SYN_MINE_01,SYN_TRUCK_002,dumper,BREAKDOWN,4.56,SYNTHETIC
2026-02-14,A,SYN_MINE_01,SYN_TRUCK_008,dumper,PREVENTIVE_MAINTENANCE,5.028,SYNTHETIC
2026-02-14,A,SYN_MINE_01,SYN_TRUCK_010,dumper,BREAKDOWN,0.497,SYNTHETIC
2026-02-15,A,SYN_MINE_01,SYN_TRUCK_003,dumper,PREVENTIVE_MAINTENANCE,4.75,SYNTHETIC
2026-02-15,A,SYN_MINE_01,SYN_TRUCK_007,dumper,BREAKDOWN,5.71,SYNTHETIC
2026-02-15,C,SYN_MINE_01,SYN_TRUCK_009,dumper,BREAKDOWN,2.354,SYNTHETIC
2026-02-16,A,SYN_MINE_01,SYN_EXC_001,excavator,BREAKDOWN,3.171,SYNTHETIC
2026-02-16,A,SYN_MINE_01,SYN_TRUCK_002,dumper,BREAKDOWN,3.066,SYNTHETIC
2026-02-16,A,SYN_MINE_01,SYN_TRUCK_006,dumper,PREVENTIVE_MAINTENANCE,5.906,SYNTHETIC
2026-02-16,A,SYN_MINE_01,SYN_TRUCK_010,dumper,PREVENTIVE_MAINTENANCE,6.206,SYNTHETIC
2026-02-16,A,SYN_MINE_01,SYN_TRUCK_012,dumper,BREAKDOWN,6.342,SYNTHETIC
2026-02-16,A,SYN_MINE_01,SYN_TRUCK_013,dumper,BREAKDOWN,6.475,SYNTHETIC
2026-02-17,A,SYN_MINE_01,SYN_DRILL_001,drill,BREAKDOWN,0.267,SYNTHETIC
2026-02-17,A,SYN_MINE_01,SYN_TRUCK_003,dumper,BREAKDOWN,3.623,SYNTHETIC
2026-02-17,A,SYN_MINE_01,SYN_TRUCK_013,dumper,PREVENTIVE_MAINTENANCE,7.0,SYNTHETIC
2026-02-18,B,SYN_MINE_01,SYN_DRILL_001,drill,BREAKDOWN,0.291,SYNTHETIC
2026-02-18,C,SYN_MINE_01,SYN_TRUCK_007,dumper,BREAKDOWN,2.446,SYNTHETIC
2026-02-18,C,SYN_MINE_01,SYN_TRUCK_009,dumper,BREAKDOWN,5.318,SYNTHETIC
2026-02-19,B,SYN_MINE_01,SYN_DRILL_001,drill,BREAKDOWN,2.995,SYNTHETIC
2026-02-19,B,SYN_MINE_01,SYN_TRUCK_009,dumper,BREAKDOWN,4.175,SYNTHETIC
2026-02-19,A,SYN_MINE_01,SYN_TRUCK_012,dumper,BREAKDOWN,2.156,SYNTHETIC
2026-02-20,C,SYN_MINE_01,SYN_TRUCK_003,dumper,BREAKDOWN,2.98,SYNTHETIC
2026-02-20,A,SYN_MINE_01,SYN_TRUCK_005,dumper,BREAKDOWN,1.745,SYNTHETIC
2026-02-20,A,SYN_MINE_01,SYN_TRUCK_012,dumper,BREAKDOWN,3.942,SYNTHETIC
2026-02-21,A,SYN_MINE_01,SYN_DRILL_001,drill,PREVENTIVE_MAINTENANCE,5.403,SYNTHETIC
2026-02-21,A,SYN_MINE_01,SYN_DRILL_002,drill,PREVENTIVE_MAINTENANCE,5.699,SYNTHETIC
2026-02-21,A,SYN_MINE_01,SYN_TRUCK_004,dumper,PREVENTIVE_MAINTENANCE,5.326,SYNTHETIC
2026-02-22,C,SYN_MINE_01,SYN_DRILL_002,drill,BREAKDOWN,1.07,SYNTHETIC
2026-02-23,B,SYN_MINE_01,SYN_EXC_001,excavator,BREAKDOWN,4.249,SYNTHETIC
2026-02-23,C,SYN_MINE_01,SYN_TRUCK_010,dumper,BREAKDOWN,2.573,SYNTHETIC
2026-02-23,B,SYN_MINE_01,SYN_TRUCK_012,dumper,BREAKDOWN,4.894,SYNTHETIC
2026-02-23,C,SYN_MINE_01,SYN_TRUCK_013,dumper,BREAKDOWN,2.215,SYNTHETIC
2026-02-24,A,SYN_MINE_01,SYN_DRILL_001,drill,BREAKDOWN,0.373,SYNTHETIC
2026-02-24,C,SYN_MINE_01,SYN_DRILL_001,drill,BREAKDOWN,2.629,SYNTHETIC
2026-02-24,A,SYN_MINE_01,SYN_TRUCK_001,dumper,BREAKDOWN,6.645,SYNTHETIC
2026-02-24,A,SYN_MINE_01,SYN_TRUCK_002,dumper,PREVENTIVE_MAINTENANCE,5.589,SYNTHETIC
2026-02-24,A,SYN_MINE_01,SYN_TRUCK_006,dumper,BREAKDOWN,5.192,SYNTHETIC
2026-02-24,C,SYN_MINE_01,SYN_TRUCK_012,dumper,BREAKDOWN,2.366,SYNTHETIC
2026-02-25,A,SYN_MINE_01,SYN_EXC_001,excavator,PREVENTIVE_MAINTENANCE,7.0,SYNTHETIC
2026-02-25,B,SYN_MINE_01,SYN_TRUCK_002,dumper,BREAKDOWN,1.457,SYNTHETIC
2026-02-25,B,SYN_MINE_01,SYN_TRUCK_003,dumper,BREAKDOWN,3.599,SYNTHETIC
2026-02-25,A,SYN_MINE_01,SYN_TRUCK_006,dumper,BREAKDOWN,6.443,SYNTHETIC
2026-02-25,A,SYN_MINE_01,SYN_TRUCK_012,dumper,BREAKDOWN,1.386,SYNTHETIC
2026-02-26,C,SYN_MINE_01,SYN_DRILL_002,drill,BREAKDOWN,3.395,SYNTHETIC
2026-02-26,B,SYN_MINE_01,SYN_EXC_001,excavator,BREAKDOWN,4.655,SYNTHETIC
2026-02-26,A,SYN_MINE_01,SYN_EXC_002,excavator,PREVENTIVE_MAINTENANCE,7.0,SYNTHETIC
2026-02-26,A,SYN_MINE_01,SYN_TRUCK_006,dumper,BREAKDOWN,0.681,SYNTHETIC
2026-02-26,C,SYN_MINE_01,SYN_TRUCK_006,dumper,BREAKDOWN,1.779,SYNTHETIC
2026-02-26,A,SYN_MINE_01,SYN_TRUCK_012,dumper,PREVENTIVE_MAINTENANCE,4.843,SYNTHETIC
2026-02-26,A,SYN_MINE_01,SYN_TRUCK_013,dumper,BREAKDOWN,5.497,SYNTHETIC
2026-02-27,A,SYN_MINE_01,SYN_DRILL_001,drill,BREAKDOWN,2.967,SYNTHETIC
2026-02-27,A,SYN_MINE_01,SYN_TRUCK_002,dumper,BREAKDOWN,5.264,SYNTHETIC
2026-02-27,C,SYN_MINE_01,SYN_TRUCK_004,dumper,BREAKDOWN,5.861,SYNTHETIC
2026-02-27,A,SYN_MINE_01,SYN_TRUCK_007,dumper,PREVENTIVE_MAINTENANCE,5.477,SYNTHETIC
2026-02-27,B,SYN_MINE_01,SYN_TRUCK_007,dumper,BREAKDOWN,1.235,SYNTHETIC
2026-02-27,A,SYN_MINE_01,SYN_TRUCK_009,dumper,PREVENTIVE_MAINTENANCE,5.815,SYNTHETIC
2026-02-27,A,SYN_MINE_01,SYN_TRUCK_011,dumper,PREVENTIVE_MAINTENANCE,7.0,SYNTHETIC
2026-02-28,C,SYN_MINE_01,SYN_DRILL_002,drill,BREAKDOWN,4.977,SYNTHETIC
2026-02-28,A,SYN_MINE_01,SYN_TRUCK_002,dumper,BREAKDOWN,1.872,SYNTHETIC
2026-02-28,B,SYN_MINE_01,SYN_TRUCK_008,dumper,BREAKDOWN,4.239,SYNTHETIC
2026-02-28,A,SYN_MINE_01,SYN_TRUCK_011,dumper,BREAKDOWN,0.395,SYNTHETIC
2026-03-01,C,SYN_MINE_01,SYN_DRILL_001,drill,BREAKDOWN,3.722,SYNTHETIC
2026-03-01,C,SYN_MINE_01,SYN_TRUCK_002,dumper,BREAKDOWN,1.696,SYNTHETIC
2026-03-01,C,SYN_MINE_01,SYN_TRUCK_009,dumper,BREAKDOWN,4.863,SYNTHETIC
2026-03-02,A,SYN_MINE_01,SYN_TRUCK_001,dumper,PREVENTIVE_MAINTENANCE,6.527,SYNTHETIC
2026-03-02,A,SYN_MINE_01,SYN_TRUCK_003,dumper,BREAKDOWN,2.028,SYNTHETIC
2026-03-02,C,SYN_MINE_01,SYN_TRUCK_003,dumper,BREAKDOWN,4.361,SYNTHETIC
2026-03-02,B,SYN_MINE_01,SYN_TRUCK_005,dumper,BREAKDOWN,2.645,SYNTHETIC
2026-03-03,A,SYN_MINE_01,SYN_DRILL_002,drill,BREAKDOWN,0.762,SYNTHETIC
2026-03-03,A,SYN_MINE_01,SYN_TRUCK_002,dumper,BREAKDOWN,2.203,SYNTHETIC
2026-03-04,C,SYN_MINE_01,SYN_DRILL_001,drill,BREAKDOWN,3.926,SYNTHETIC
2026-03-04,C,SYN_MINE_01,SYN_EXC_002,excavator,BREAKDOWN,2.551,SYNTHETIC
2026-03-04,C,SYN_MINE_01,SYN_TRUCK_001,dumper,BREAKDOWN,2.439,SYNTHETIC
2026-03-04,A,SYN_MINE_01,SYN_TRUCK_005,dumper,PREVENTIVE_MAINTENANCE,6.514,SYNTHETIC
2026-03-04,A,SYN_MINE_01,SYN_TRUCK_013,dumper,BREAKDOWN,0.727,SYNTHETIC
2026-03-05,A,SYN_MINE_01,SYN_DRILL_002,drill,PREVENTIVE_MAINTENANCE,4.593,SYNTHETIC
2026-03-05,A,SYN_MINE_01,SYN_EXC_001,excavator,BREAKDOWN,1.273,SYNTHETIC
2026-03-05,C,SYN_MINE_01,SYN_EXC_002,excavator,BREAKDOWN,5.236,SYNTHETIC
2026-03-05,B,SYN_MINE_01,SYN_TRUCK_002,dumper,BREAKDOWN,2.048,SYNTHETIC
2026-03-05,A,SYN_MINE_01,SYN_TRUCK_004,dumper,BREAKDOWN,2.963,SYNTHETIC
2026-03-05,B,SYN_MINE_01,SYN_TRUCK_007,dumper,BREAKDOWN,2.129,SYNTHETIC
2026-03-05,A,SYN_MINE_01,SYN_TRUCK_008,dumper,PREVENTIVE_MAINTENANCE,5.853,SYNTHETIC
2026-03-05,A,SYN_MINE_01,SYN_TRUCK_010,dumper,BREAKDOWN,0.464,SYNTHETIC
2026-03-06,A,SYN_MINE_01,SYN_DRILL_001,drill,PREVENTIVE_MAINTENANCE,5.273,SYNTHETIC
2026-03-06,A,SYN_MINE_01,SYN_TRUCK_003,dumper,BREAKDOWN,0.98,SYNTHETIC
2026-03-06,B,SYN_MINE_01,SYN_TRUCK_003,dumper,BREAKDOWN,5.597,SYNTHETIC
2026-03-07,ALL,SYN_MINE_01,SITE,site,EXPLOSIVE_SUPPLY_EPISODE_START,0.0,SYNTHETIC
2026-03-07,B,SYN_MINE_01,SYN_TRUCK_004,dumper,BREAKDOWN,2.415,SYNTHETIC
2026-03-07,A,SYN_MINE_01,SYN_TRUCK_006,dumper,PREVENTIVE_MAINTENANCE,4.407,SYNTHETIC
2026-03-07,C,SYN_MINE_01,SYN_TRUCK_013,dumper,BREAKDOWN,2.408,SYNTHETIC
2026-03-08,A,SYN_MINE_01,SYN_TRUCK_003,dumper,PREVENTIVE_MAINTENANCE,4.573,SYNTHETIC
2026-03-08,A,SYN_MINE_01,SYN_TRUCK_010,dumper,PREVENTIVE_MAINTENANCE,4.58,SYNTHETIC
2026-03-09,B,SYN_MINE_01,SYN_TRUCK_004,dumper,BREAKDOWN,1.051,SYNTHETIC
2026-03-09,B,SYN_MINE_01,SYN_TRUCK_009,dumper,BREAKDOWN,4.098,SYNTHETIC
2026-03-09,A,SYN_MINE_01,SYN_TRUCK_013,dumper,PREVENTIVE_MAINTENANCE,4.805,SYNTHETIC
2026-03-10,B,SYN_MINE_01,SYN_EXC_002,excavator,BREAKDOWN,6.73,SYNTHETIC
2026-03-10,C,SYN_MINE_01,SYN_TRUCK_001,dumper,BREAKDOWN,5.123,SYNTHETIC
2026-03-10,A,SYN_MINE_01,SYN_TRUCK_003,dumper,BREAKDOWN,4.901,SYNTHETIC
2026-03-10,C,SYN_MINE_01,SYN_TRUCK_004,dumper,BREAKDOWN,1.364,SYNTHETIC
2026-03-11,C,SYN_MINE_01,SYN_TRUCK_003,dumper,BREAKDOWN,0.531,SYNTHETIC
2026-03-11,A,SYN_MINE_01,SYN_TRUCK_010,dumper,BREAKDOWN,3.067,SYNTHETIC
2026-03-11,A,SYN_MINE_01,SYN_TRUCK_012,dumper,BREAKDOWN,3.078,SYNTHETIC
2026-03-12,ALL,SYN_MINE_01,SITE,site,POWER_OUTAGE,5.35,SYNTHETIC
2026-03-12,C,SYN_MINE_01,SYN_DRILL_002,drill,BREAKDOWN,1.359,SYNTHETIC
2026-03-12,A,SYN_MINE_01,SYN_EXC_002,excavator,BREAKDOWN,1.201,SYNTHETIC
2026-03-12,A,SYN_MINE_01,SYN_TRUCK_004,dumper,BREAKDOWN,0.524,SYNTHETIC
2026-03-12,C,SYN_MINE_01,SYN_TRUCK_005,dumper,BREAKDOWN,4.55,SYNTHETIC
2026-03-12,A,SYN_MINE_01,SYN_TRUCK_013,dumper,BREAKDOWN,3.483,SYNTHETIC
2026-03-13,B,SYN_MINE_01,SYN_DRILL_002,drill,BREAKDOWN,0.774,SYNTHETIC
2026-03-13,B,SYN_MINE_01,SYN_TRUCK_015,dumper,BREAKDOWN,2.476,SYNTHETIC
2026-03-14,A,SYN_MINE_01,SYN_EXC_001,excavator,PREVENTIVE_MAINTENANCE,6.518,SYNTHETIC
2026-03-14,A,SYN_MINE_01,SYN_EXC_002,excavator,BREAKDOWN,2.608,SYNTHETIC
2026-03-14,B,SYN_MINE_01,SYN_TRUCK_003,dumper,BREAKDOWN,6.775,SYNTHETIC
2026-03-14,A,SYN_MINE_01,SYN_TRUCK_004,dumper,PREVENTIVE_MAINTENANCE,5.337,SYNTHETIC
2026-03-14,B,SYN_MINE_01,SYN_TRUCK_006,dumper,BREAKDOWN,1.695,SYNTHETIC
2026-03-14,C,SYN_MINE_01,SYN_TRUCK_010,dumper,BREAKDOWN,1.698,SYNTHETIC
2026-03-14,B,SYN_MINE_01,SYN_TRUCK_014,dumper,BREAKDOWN,4.658,SYNTHETIC
2026-03-15,A,SYN_MINE_01,SYN_TRUCK_005,dumper,BREAKDOWN,3.618,SYNTHETIC
2026-03-15,B,SYN_MINE_01,SYN_TRUCK_013,dumper,BREAKDOWN,1.113,SYNTHETIC
2026-03-15,B,SYN_MINE_01,SYN_TRUCK_015,dumper,BREAKDOWN,3.904,SYNTHETIC
2026-03-16,A,SYN_MINE_01,SYN_TRUCK_002,dumper,BREAKDOWN,1.098,SYNTHETIC
2026-03-16,B,SYN_MINE_01,SYN_TRUCK_007,dumper,BREAKDOWN,5.338,SYNTHETIC
2026-03-16,B,SYN_MINE_01,SYN_TRUCK_011,dumper,BREAKDOWN,6.887,SYNTHETIC
2026-03-16,A,SYN_MINE_01,SYN_TRUCK_014,dumper,PREVENTIVE_MAINTENANCE,6.869,SYNTHETIC
2026-03-16,A,SYN_MINE_01,SYN_TRUCK_015,dumper,BREAKDOWN,3.115,SYNTHETIC
2026-03-16,C,SYN_MINE_01,SYN_TRUCK_015,dumper,BREAKDOWN,5.954,SYNTHETIC
2026-03-17,A,SYN_MINE_01,SYN_DRILL_001,drill,PREVENTIVE_MAINTENANCE,4.008,SYNTHETIC
2026-03-17,A,SYN_MINE_01,SYN_DRILL_002,drill,PREVENTIVE_MAINTENANCE,4.873,SYNTHETIC
2026-03-17,B,SYN_MINE_01,SYN_EXC_001,excavator,BREAKDOWN,2.574,SYNTHETIC
2026-03-17,A,SYN_MINE_01,SYN_EXC_002,excavator,PREVENTIVE_MAINTENANCE,7.0,SYNTHETIC
2026-03-17,A,SYN_MINE_01,SYN_TRUCK_008,dumper,BREAKDOWN,2.831,SYNTHETIC
2026-03-17,A,SYN_MINE_01,SYN_TRUCK_012,dumper,PREVENTIVE_MAINTENANCE,5.108,SYNTHETIC
2026-03-18,C,SYN_MINE_01,SYN_TRUCK_003,dumper,BREAKDOWN,0.863,SYNTHETIC
2026-03-18,A,SYN_MINE_01,SYN_TRUCK_009,dumper,PREVENTIVE_MAINTENANCE,5.848,SYNTHETIC
2026-03-18,A,SYN_MINE_01,SYN_TRUCK_011,dumper,PREVENTIVE_MAINTENANCE,7.0,SYNTHETIC
2026-03-18,C,SYN_MINE_01,SYN_TRUCK_015,dumper,BREAKDOWN,4.603,SYNTHETIC
2026-03-19,B,SYN_MINE_01,SYN_TRUCK_003,dumper,BREAKDOWN,3.631,SYNTHETIC
2026-03-19,A,SYN_MINE_01,SYN_TRUCK_007,dumper,PREVENTIVE_MAINTENANCE,5.769,SYNTHETIC
2026-03-20,A,SYN_MINE_01,SYN_TRUCK_001,dumper,BREAKDOWN,1.782,SYNTHETIC
2026-03-20,C,SYN_MINE_01,SYN_TRUCK_014,dumper,BREAKDOWN,0.417,SYNTHETIC
2026-03-21,A,SYN_MINE_01,SYN_TRUCK_015,dumper,BREAKDOWN,4.18,SYNTHETIC
2026-03-22,A,SYN_MINE_01,SYN_TRUCK_001,dumper,PREVENTIVE_MAINTENANCE,7.0,SYNTHETIC
2026-03-22,A,SYN_MINE_01,SYN_TRUCK_006,dumper,BREAKDOWN,2.984,SYNTHETIC
2026-03-22,A,SYN_MINE_01,SYN_TRUCK_010,dumper,BREAKDOWN,6.546,SYNTHETIC
2026-03-22,C,SYN_MINE_01,SYN_TRUCK_014,dumper,BREAKDOWN,3.328,SYNTHETIC
2026-03-23,B,SYN_MINE_01,SYN_DRILL_002,drill,BREAKDOWN,3.692,SYNTHETIC
2026-03-23,A,SYN_MINE_01,SYN_EXC_001,excavator,BREAKDOWN,2.443,SYNTHETIC
2026-03-23,A,SYN_MINE_01,SYN_TRUCK_002,dumper,BREAKDOWN,2.388,SYNTHETIC
2026-03-23,B,SYN_MINE_01,SYN_TRUCK_006,dumper,BREAKDOWN,2.278,SYNTHETIC
2026-03-23,B,SYN_MINE_01,SYN_TRUCK_007,dumper,BREAKDOWN,0.814,SYNTHETIC
2026-03-24,B,SYN_MINE_01,SYN_DRILL_001,drill,BREAKDOWN,2.648,SYNTHETIC
2026-03-24,B,SYN_MINE_01,SYN_DRILL_002,drill,BREAKDOWN,1.355,SYNTHETIC
2026-03-24,C,SYN_MINE_01,SYN_EXC_002,excavator,BREAKDOWN,0.577,SYNTHETIC
2026-03-24,A,SYN_MINE_01,SYN_TRUCK_005,dumper,PREVENTIVE_MAINTENANCE,6.135,SYNTHETIC
2026-03-24,A,SYN_MINE_01,SYN_TRUCK_008,dumper,PREVENTIVE_MAINTENANCE,6.373,SYNTHETIC
2026-03-24,A,SYN_MINE_01,SYN_TRUCK_015,dumper,PREVENTIVE_MAINTENANCE,7.0,SYNTHETIC
2026-03-25,A,SYN_MINE_01,SYN_DRILL_001,drill,BREAKDOWN,3.046,SYNTHETIC
2026-03-25,C,SYN_MINE_01,SYN_TRUCK_009,dumper,BREAKDOWN,1.441,SYNTHETIC
2026-03-26,A,SYN_MINE_01,SYN_DRILL_001,drill,BREAKDOWN,0.879,SYNTHETIC
2026-03-26,C,SYN_MINE_01,SYN_DRILL_002,drill,BREAKDOWN,4.009,SYNTHETIC
2026-03-26,B,SYN_MINE_01,SYN_TRUCK_004,dumper,BREAKDOWN,2.622,SYNTHETIC
2026-03-26,B,SYN_MINE_01,SYN_TRUCK_014,dumper,BREAKDOWN,0.97,SYNTHETIC
2026-03-27,A,SYN_MINE_01,SYN_TRUCK_004,dumper,BREAKDOWN,4.47,SYNTHETIC
2026-03-27,A,SYN_MINE_01,SYN_TRUCK_006,dumper,PREVENTIVE_MAINTENANCE,7.0,SYNTHETIC
2026-03-28,A,SYN_MINE_01,SYN_DRILL_001,drill,PREVENTIVE_MAINTENANCE,4.063,SYNTHETIC
2026-03-28,A,SYN_MINE_01,SYN_DRILL_002,drill,PREVENTIVE_MAINTENANCE,5.519,SYNTHETIC
2026-03-28,A,SYN_MINE_01,SYN_EXC_002,excavator,BREAKDOWN,3.285,SYNTHETIC
2026-03-28,B,SYN_MINE_01,SYN_TRUCK_001,dumper,BREAKDOWN,0.297,SYNTHETIC
2026-03-28,A,SYN_MINE_01,SYN_TRUCK_003,dumper,PREVENTIVE_MAINTENANCE,4.457,SYNTHETIC
2026-03-28,A,SYN_MINE_01,SYN_TRUCK_010,dumper,PREVENTIVE_MAINTENANCE,6.559,SYNTHETIC
2026-03-28,A,SYN_MINE_01,SYN_TRUCK_013,dumper,PREVENTIVE_MAINTENANCE,4.128,SYNTHETIC
2026-03-29,B,SYN_MINE_01,SYN_TRUCK_012,dumper,BREAKDOWN,4.856,SYNTHETIC
2026-03-30,A,SYN_MINE_01,SYN_EXC_001,excavator,PREVENTIVE_MAINTENANCE,6.815,SYNTHETIC
2026-03-30,C,SYN_MINE_01,SYN_TRUCK_003,dumper,BREAKDOWN,0.154,SYNTHETIC
2026-03-30,B,SYN_MINE_01,SYN_TRUCK_006,dumper,BREAKDOWN,4.67,SYNTHETIC
2026-03-30,C,SYN_MINE_01,SYN_TRUCK_007,dumper,BREAKDOWN,1.509,SYNTHETIC
2026-03-30,B,SYN_MINE_01,SYN_TRUCK_009,dumper,BREAKDOWN,3.208,SYNTHETIC
2026-03-31,A,SYN_MINE_01,SYN_EXC_001,excavator,BREAKDOWN,2.525,SYNTHETIC
2026-03-31,B,SYN_MINE_01,SYN_TRUCK_007,dumper,BREAKDOWN,6.259,SYNTHETIC
2026-03-31,C,SYN_MINE_01,SYN_TRUCK_010,dumper,BREAKDOWN,0.661,SYNTHETIC
2026-03-31,A,SYN_MINE_01,SYN_TRUCK_014,dumper,BREAKDOWN,0.612,SYNTHETIC
2026-04-01,A,SYN_MINE_01,SYN_DRILL_001,drill,BREAKDOWN,1.797,SYNTHETIC
2026-04-01,A,SYN_MINE_01,SYN_TRUCK_001,dumper,BREAKDOWN,0.092,SYNTHETIC
2026-04-01,C,SYN_MINE_01,SYN_TRUCK_011,dumper,BREAKDOWN,2.916,SYNTHETIC
2026-04-02,A,SYN_MINE_01,SYN_EXC_002,excavator,PREVENTIVE_MAINTENANCE,6.3,SYNTHETIC
2026-04-02,A,SYN_MINE_01,SYN_TRUCK_004,dumper,BREAKDOWN,1.998,SYNTHETIC
2026-04-02,C,SYN_MINE_01,SYN_TRUCK_004,dumper,BREAKDOWN,1.527,SYNTHETIC
2026-04-02,B,SYN_MINE_01,SYN_TRUCK_005,dumper,BREAKDOWN,3.856,SYNTHETIC
2026-04-03,B,SYN_MINE_01,SYN_TRUCK_002,dumper,BREAKDOWN,3.452,SYNTHETIC
2026-04-03,C,SYN_MINE_01,SYN_TRUCK_002,dumper,BREAKDOWN,4.778,SYNTHETIC
2026-04-03,C,SYN_MINE_01,SYN_TRUCK_006,dumper,BREAKDOWN,4.344,SYNTHETIC
2026-04-03,A,SYN_MINE_01,SYN_TRUCK_007,dumper,BREAKDOWN,1.774,SYNTHETIC
2026-04-03,B,SYN_MINE_01,SYN_TRUCK_011,dumper,BREAKDOWN,4.101,SYNTHETIC
2026-04-04,C,SYN_MINE_01,SYN_DRILL_001,drill,BREAKDOWN,1.234,SYNTHETIC
2026-04-04,A,SYN_MINE_01,SYN_DRILL_002,drill,BREAKDOWN,6.495,SYNTHETIC
2026-04-04,B,SYN_MINE_01,SYN_EXC_002,excavator,BREAKDOWN,4.01,SYNTHETIC
2026-04-04,A,SYN_MINE_01,SYN_TRUCK_004,dumper,PREVENTIVE_MAINTENANCE,6.154,SYNTHETIC
2026-04-04,B,SYN_MINE_01,SYN_TRUCK_009,dumper,BREAKDOWN,0.574,SYNTHETIC
2026-04-04,A,SYN_MINE_01,SYN_TRUCK_011,dumper,BREAKDOWN,0.347,SYNTHETIC
2026-04-04,A,SYN_MINE_01,SYN_TRUCK_015,dumper,BREAKDOWN,4.465,SYNTHETIC
2026-04-05,B,SYN_MINE_01,SYN_EXC_001,excavator,BREAKDOWN,5.624,SYNTHETIC
2026-04-05,A,SYN_MINE_01,SYN_TRUCK_002,dumper,PREVENTIVE_MAINTENANCE,4.509,SYNTHETIC
2026-04-05,C,SYN_MINE_01,SYN_TRUCK_002,dumper,BREAKDOWN,0.066,SYNTHETIC
2026-04-05,A,SYN_MINE_01,SYN_TRUCK_005,dumper,BREAKDOWN,2.187,SYNTHETIC
2026-04-05,A,SYN_MINE_01,SYN_TRUCK_007,dumper,BREAKDOWN,1.464,SYNTHETIC
2026-04-05,C,SYN_MINE_01,SYN_TRUCK_011,dumper,BREAKDOWN,0.183,SYNTHETIC
2026-04-05,A,SYN_MINE_01,SYN_TRUCK_012,dumper,PREVENTIVE_MAINTENANCE,5.863,SYNTHETIC
2026-04-05,B,SYN_MINE_01,SYN_TRUCK_014,dumper,BREAKDOWN,3.682,SYNTHETIC
2026-04-06,A,SYN_MINE_01,SYN_DRILL_001,drill,BREAKDOWN,3.574,SYNTHETIC
2026-04-06,B,SYN_MINE_01,SYN_DRILL_002,drill,BREAKDOWN,1.195,SYNTHETIC
2026-04-06,A,SYN_MINE_01,SYN_TRUCK_009,dumper,PREVENTIVE_MAINTENANCE,6.555,SYNTHETIC
2026-04-06,A,SYN_MINE_01,SYN_TRUCK_014,dumper,PREVENTIVE_MAINTENANCE,5.615,SYNTHETIC
2026-04-07,C,SYN_MINE_01,SYN_EXC_002,excavator,BREAKDOWN,2.137,SYNTHETIC
2026-04-07,A,SYN_MINE_01,SYN_TRUCK_011,dumper,PREVENTIVE_MAINTENANCE,5.551,SYNTHETIC
2026-04-08,A,SYN_MINE_01,SYN_DRILL_001,drill,PREVENTIVE_MAINTENANCE,5.141,SYNTHETIC
2026-04-08,A,SYN_MINE_01,SYN_DRILL_002,drill,PREVENTIVE_MAINTENANCE,5.429,SYNTHETIC
2026-04-08,C,SYN_MINE_01,SYN_EXC_002,excavator,BREAKDOWN,2.394,SYNTHETIC
2026-04-08,A,SYN_MINE_01,SYN_TRUCK_001,dumper,BREAKDOWN,4.031,SYNTHETIC
2026-04-08,B,SYN_MINE_01,SYN_TRUCK_005,dumper,BREAKDOWN,3.68,SYNTHETIC
2026-04-08,C,SYN_MINE_01,SYN_TRUCK_006,dumper,BREAKDOWN,0.789,SYNTHETIC
2026-04-09,A,SYN_MINE_01,SYN_DRILL_002,drill,BREAKDOWN,0.987,SYNTHETIC
2026-04-09,A,SYN_MINE_01,SYN_TRUCK_007,dumper,PREVENTIVE_MAINTENANCE,4.716,SYNTHETIC
2026-04-10,A,SYN_MINE_01,SYN_TRUCK_001,dumper,BREAKDOWN,0.166,SYNTHETIC
2026-04-10,A,SYN_MINE_01,SYN_TRUCK_010,dumper,BREAKDOWN,2.608,SYNTHETIC
2026-04-11,A,SYN_MINE_01,SYN_DRILL_002,drill,BREAKDOWN,2.513,SYNTHETIC
2026-04-11,A,SYN_MINE_01,SYN_TRUCK_008,dumper,PREVENTIVE_MAINTENANCE,4.206,SYNTHETIC
2026-04-12,A,SYN_MINE_01,SYN_EXC_002,excavator,BREAKDOWN,3.087,SYNTHETIC
2026-04-12,A,SYN_MINE_01,SYN_TRUCK_001,dumper,PREVENTIVE_MAINTENANCE,7.0,SYNTHETIC
2026-04-12,A,SYN_MINE_01,SYN_TRUCK_005,dumper,BREAKDOWN,3.089,SYNTHETIC
2026-04-12,B,SYN_MINE_01,SYN_TRUCK_006,dumper,BREAKDOWN,3.201,SYNTHETIC
2026-04-12,A,SYN_MINE_01,SYN_TRUCK_011,dumper,BREAKDOWN,1.673,SYNTHETIC
2026-04-12,A,SYN_MINE_01,SYN_TRUCK_015,dumper,PREVENTIVE_MAINTENANCE,5.424,SYNTHETIC
2026-04-13,A,SYN_MINE_01,SYN_EXC_001,excavator,BREAKDOWN,5.354,SYNTHETIC
2026-04-13,A,SYN_MINE_01,SYN_TRUCK_002,dumper,BREAKDOWN,0.296,SYNTHETIC
2026-04-13,B,SYN_MINE_01,SYN_TRUCK_004,dumper,BREAKDOWN,3.771,SYNTHETIC
2026-04-13,A,SYN_MINE_01,SYN_TRUCK_005,dumper,PREVENTIVE_MAINTENANCE,4.507,SYNTHETIC
2026-04-13,B,SYN_MINE_01,SYN_TRUCK_006,dumper,BREAKDOWN,0.934,SYNTHETIC
2026-04-15,A,SYN_MINE_01,SYN_TRUCK_002,dumper,BREAKDOWN,0.599,SYNTHETIC
2026-04-15,B,SYN_MINE_01,SYN_TRUCK_005,dumper,BREAKDOWN,0.426,SYNTHETIC
2026-04-15,B,SYN_MINE_01,SYN_TRUCK_010,dumper,BREAKDOWN,6.775,SYNTHETIC
2026-04-15,B,SYN_MINE_01,SYN_TRUCK_011,dumper,BREAKDOWN,0.451,SYNTHETIC
2026-04-16,A,SYN_MINE_01,SYN_EXC_001,excavator,PREVENTIVE_MAINTENANCE,6.678,SYNTHETIC
2026-04-16,A,SYN_MINE_01,SYN_TRUCK_003,dumper,PREVENTIVE_MAINTENANCE,6.076,SYNTHETIC
2026-04-16,C,SYN_MINE_01,SYN_TRUCK_006,dumper,BREAKDOWN,2.344,SYNTHETIC
2026-04-16,A,SYN_MINE_01,SYN_TRUCK_013,dumper,PREVENTIVE_MAINTENANCE,4.178,SYNTHETIC
2026-04-16,C,SYN_MINE_01,SYN_TRUCK_014,dumper,BREAKDOWN,0.715,SYNTHETIC
2026-04-17,B,SYN_MINE_01,SYN_DRILL_002,drill,BREAKDOWN,2.106,SYNTHETIC
2026-04-17,A,SYN_MINE_01,SYN_TRUCK_002,dumper,BREAKDOWN,4.39,SYNTHETIC
2026-04-17,A,SYN_MINE_01,SYN_TRUCK_004,dumper,BREAKDOWN,2.913,SYNTHETIC
2026-04-17,C,SYN_MINE_01,SYN_TRUCK_004,dumper,BREAKDOWN,2.849,SYNTHETIC
2026-04-17,A,SYN_MINE_01,SYN_TRUCK_006,dumper,PREVENTIVE_MAINTENANCE,4.623,SYNTHETIC
2026-04-17,B,SYN_MINE_01,SYN_TRUCK_007,dumper,BREAKDOWN,4.13,SYNTHETIC
2026-04-17,C,SYN_MINE_01,SYN_TRUCK_009,dumper,BREAKDOWN,3.888,SYNTHETIC
2026-04-17,A,SYN_MINE_01,SYN_TRUCK_010,dumper,PREVENTIVE_MAINTENANCE,4.147,SYNTHETIC
2026-04-17,A,SYN_MINE_01,SYN_TRUCK_012,dumper,BREAKDOWN,0.946,SYNTHETIC
2026-04-17,B,SYN_MINE_01,SYN_TRUCK_015,dumper,BREAKDOWN,3.744,SYNTHETIC
2026-04-17,C,SYN_MINE_01,SYN_TRUCK_015,dumper,BREAKDOWN,2.443,SYNTHETIC
2026-04-18,B,SYN_MINE_01,SYN_DRILL_001,drill,BREAKDOWN,1.92,SYNTHETIC
2026-04-18,B,SYN_MINE_01,SYN_TRUCK_001,dumper,BREAKDOWN,0.646,SYNTHETIC
2026-04-18,B,SYN_MINE_01,SYN_TRUCK_012,dumper,BREAKDOWN,1.754,SYNTHETIC
2026-04-19,A,SYN_MINE_01,SYN_DRILL_001,drill,PREVENTIVE_MAINTENANCE,5.098,SYNTHETIC
2026-04-19,A,SYN_MINE_01,SYN_DRILL_002,drill,BREAKDOWN,5.164,SYNTHETIC
2026-04-19,B,SYN_MINE_01,SYN_DRILL_002,drill,BREAKDOWN,5.014,SYNTHETIC
2026-04-19,A,SYN_MINE_01,SYN_EXC_002,excavator,PREVENTIVE_MAINTENANCE,6.464,SYNTHETIC
2026-04-19,C,SYN_MINE_01,SYN_TRUCK_011,dumper,BREAKDOWN,2.163,SYNTHETIC
2026-04-19,C,SYN_MINE_01,SYN_TRUCK_014,dumper,BREAKDOWN,3.28,SYNTHETIC
2026-04-20,A,SYN_MINE_01,SYN_DRILL_002,drill,PREVENTIVE_MAINTENANCE,4.135,SYNTHETIC
2026-04-20,B,SYN_MINE_01,SYN_TRUCK_006,dumper,BREAKDOWN,2.738,SYNTHETIC
2026-04-21,A,SYN_MINE_01,SYN_TRUCK_004,dumper,BREAKDOWN,4.905,SYNTHETIC
2026-04-21,B,SYN_MINE_01,SYN_TRUCK_010,dumper,BREAKDOWN,4.078,SYNTHETIC
2026-04-21,A,SYN_MINE_01,SYN_TRUCK_012,dumper,BREAKDOWN,6.166,SYNTHETIC
2026-04-23,B,SYN_MINE_01,SYN_EXC_001,excavator,BREAKDOWN,0.695,SYNTHETIC
2026-04-23,C,SYN_MINE_01,SYN_TRUCK_004,dumper,BREAKDOWN,2.813,SYNTHETIC
2026-04-23,B,SYN_MINE_01,SYN_TRUCK_007,dumper,BREAKDOWN,1.684,SYNTHETIC
2026-04-23,A,SYN_MINE_01,SYN_TRUCK_010,dumper,BREAKDOWN,2.663,SYNTHETIC
2026-04-23,A,SYN_MINE_01,SYN_TRUCK_013,dumper,BREAKDOWN,4.875,SYNTHETIC
2026-04-23,B,SYN_MINE_01,SYN_TRUCK_014,dumper,BREAKDOWN,6.812,SYNTHETIC
2026-04-24,B,SYN_MINE_01,SYN_DRILL_002,drill,BREAKDOWN,0.631,SYNTHETIC
2026-04-24,C,SYN_MINE_01,SYN_EXC_001,excavator,BREAKDOWN,1.025,SYNTHETIC
2026-04-24,B,SYN_MINE_01,SYN_TRUCK_003,dumper,BREAKDOWN,6.884,SYNTHETIC
2026-04-25,A,SYN_MINE_01,SYN_TRUCK_002,dumper,PREVENTIVE_MAINTENANCE,4.964,SYNTHETIC
2026-04-25,B,SYN_MINE_01,SYN_TRUCK_003,dumper,BREAKDOWN,4.581,SYNTHETIC
2026-04-25,A,SYN_MINE_01,SYN_TRUCK_004,dumper,PREVENTIVE_MAINTENANCE,5.952,SYNTHETIC
2026-04-25,B,SYN_MINE_01,SYN_TRUCK_005,dumper,BREAKDOWN,3.272,SYNTHETIC
2026-04-25,B,SYN_MINE_01,SYN_TRUCK_007,dumper,BREAKDOWN,3.578,SYNTHETIC
2026-04-25,A,SYN_MINE_01,SYN_TRUCK_009,dumper,PREVENTIVE_MAINTENANCE,4.385,SYNTHETIC
2026-04-25,A,SYN_MINE_01,SYN_TRUCK_012,dumper,PREVENTIVE_MAINTENANCE,7.0,SYNTHETIC
2026-04-26,C,SYN_MINE_01,SYN_DRILL_001,drill,BREAKDOWN,3.755,SYNTHETIC
2026-04-26,C,SYN_MINE_01,SYN_DRILL_002,drill,BREAKDOWN,3.849,SYNTHETIC
2026-04-26,B,SYN_MINE_01,SYN_TRUCK_007,dumper,BREAKDOWN,1.225,SYNTHETIC
2026-04-26,C,SYN_MINE_01,SYN_TRUCK_007,dumper,BREAKDOWN,1.306,SYNTHETIC
2026-04-26,A,SYN_MINE_01,SYN_TRUCK_014,dumper,PREVENTIVE_MAINTENANCE,7.0,SYNTHETIC
2026-04-27,A,SYN_MINE_01,SYN_TRUCK_001,dumper,BREAKDOWN,5.965,SYNTHETIC
2026-04-27,A,SYN_MINE_01,SYN_TRUCK_011,dumper,PREVENTIVE_MAINTENANCE,5.371,SYNTHETIC
2026-04-27,B,SYN_MINE_01,SYN_TRUCK_012,dumper,BREAKDOWN,1.226,SYNTHETIC
2026-04-28,A,SYN_MINE_01,SYN_TRUCK_003,dumper,BREAKDOWN,3.011,SYNTHETIC
2026-04-28,A,SYN_MINE_01,SYN_TRUCK_007,dumper,BREAKDOWN,4.493,SYNTHETIC
2026-04-28,B,SYN_MINE_01,SYN_TRUCK_007,dumper,BREAKDOWN,3.916,SYNTHETIC
2026-04-28,A,SYN_MINE_01,SYN_TRUCK_015,dumper,BREAKDOWN,3.722,SYNTHETIC
2026-04-29,B,SYN_MINE_01,SYN_DRILL_001,drill,BREAKDOWN,6.134,SYNTHETIC
2026-04-29,C,SYN_MINE_01,SYN_DRILL_002,drill,BREAKDOWN,1.454,SYNTHETIC
2026-04-29,A,SYN_MINE_01,SYN_TRUCK_007,dumper,PREVENTIVE_MAINTENANCE,7.0,SYNTHETIC
2026-04-29,A,SYN_MINE_01,SYN_TRUCK_010,dumper,BREAKDOWN,6.755,SYNTHETIC
2026-04-30,C,SYN_MINE_01,SYN_TRUCK_006,dumper,BREAKDOWN,4.033,SYNTHETIC
2026-04-30,A,SYN_MINE_01,SYN_TRUCK_008,dumper,PREVENTIVE_MAINTENANCE,6.067,SYNTHETIC
2026-05-01,A,SYN_MINE_01,SYN_DRILL_001,drill,PREVENTIVE_MAINTENANCE,4.63,SYNTHETIC
2026-05-01,A,SYN_MINE_01,SYN_DRILL_002,drill,PREVENTIVE_MAINTENANCE,4.151,SYNTHETIC
2026-05-01,C,SYN_MINE_01,SYN_TRUCK_002,dumper,BREAKDOWN,1.978,SYNTHETIC
2026-05-01,B,SYN_MINE_01,SYN_TRUCK_003,dumper,BREAKDOWN,1.205,SYNTHETIC
2026-05-01,B,SYN_MINE_01,SYN_TRUCK_009,dumper,BREAKDOWN,1.865,SYNTHETIC
2026-05-01,B,SYN_MINE_01,SYN_TRUCK_011,dumper,BREAKDOWN,2.702,SYNTHETIC
2026-05-01,A,SYN_MINE_01,SYN_TRUCK_015,dumper,PREVENTIVE_MAINTENANCE,6.488,SYNTHETIC
2026-05-01,B,SYN_MINE_01,SYN_TRUCK_015,dumper,BREAKDOWN,2.885,SYNTHETIC
2026-05-02,A,SYN_MINE_01,SYN_TRUCK_001,dumper,PREVENTIVE_MAINTENANCE,4.237,SYNTHETIC
2026-05-02,B,SYN_MINE_01,SYN_TRUCK_001,dumper,BREAKDOWN,5.729,SYNTHETIC
2026-05-02,A,SYN_MINE_01,SYN_TRUCK_005,dumper,PREVENTIVE_MAINTENANCE,4.4,SYNTHETIC
2026-05-02,A,SYN_MINE_01,SYN_TRUCK_006,dumper,BREAKDOWN,5.381,SYNTHETIC
2026-05-02,C,SYN_MINE_01,SYN_TRUCK_012,dumper,BREAKDOWN,4.328,SYNTHETIC
2026-05-03,B,SYN_MINE_01,SYN_DRILL_001,drill,BREAKDOWN,4.638,SYNTHETIC
2026-05-03,A,SYN_MINE_01,SYN_EXC_001,excavator,PREVENTIVE_MAINTENANCE,7.0,SYNTHETIC
2026-05-03,B,SYN_MINE_01,SYN_EXC_001,excavator,BREAKDOWN,3.869,SYNTHETIC
2026-05-03,A,SYN_MINE_01,SYN_TRUCK_003,dumper,BREAKDOWN,6.603,SYNTHETIC
2026-05-03,A,SYN_MINE_01,SYN_TRUCK_004,dumper,BREAKDOWN,5.784,SYNTHETIC
2026-05-03,C,SYN_MINE_01,SYN_TRUCK_011,dumper,BREAKDOWN,0.533,SYNTHETIC
2026-05-04,A,SYN_MINE_01,SYN_TRUCK_014,dumper,BREAKDOWN,3.457,SYNTHETIC
2026-05-04,A,SYN_MINE_01,SYN_TRUCK_015,dumper,BREAKDOWN,0.264,SYNTHETIC
2026-05-05,A,SYN_MINE_01,SYN_EXC_002,excavator,PREVENTIVE_MAINTENANCE,7.0,SYNTHETIC
2026-05-06,C,SYN_MINE_01,SYN_DRILL_001,drill,BREAKDOWN,1.596,SYNTHETIC
2026-05-06,B,SYN_MINE_01,SYN_TRUCK_005,dumper,BREAKDOWN,5.484,SYNTHETIC
2026-05-06,A,SYN_MINE_01,SYN_TRUCK_013,dumper,PREVENTIVE_MAINTENANCE,5.947,SYNTHETIC
2026-05-07,B,SYN_MINE_01,SYN_TRUCK_001,dumper,BREAKDOWN,2.577,SYNTHETIC
2026-05-07,B,SYN_MINE_01,SYN_TRUCK_002,dumper,BREAKDOWN,1.15,SYNTHETIC
2026-05-07,A,SYN_MINE_01,SYN_TRUCK_003,dumper,PREVENTIVE_MAINTENANCE,4.52,SYNTHETIC
2026-05-07,B,SYN_MINE_01,SYN_TRUCK_003,dumper,BREAKDOWN,5.323,SYNTHETIC
2026-05-07,C,SYN_MINE_01,SYN_TRUCK_003,dumper,BREAKDOWN,5.262,SYNTHETIC
2026-05-07,A,SYN_MINE_01,SYN_TRUCK_004,dumper,BREAKDOWN,4.115,SYNTHETIC
2026-05-07,A,SYN_MINE_01,SYN_TRUCK_006,dumper,PREVENTIVE_MAINTENANCE,6.675,SYNTHETIC
2026-05-07,A,SYN_MINE_01,SYN_TRUCK_011,dumper,BREAKDOWN,1.181,SYNTHETIC
2026-05-07,C,SYN_MINE_01,SYN_TRUCK_011,dumper,BREAKDOWN,4.462,SYNTHETIC
2026-05-08,B,SYN_MINE_01,SYN_TRUCK_004,dumper,BREAKDOWN,2.943,SYNTHETIC
2026-05-08,C,SYN_MINE_01,SYN_TRUCK_009,dumper,BREAKDOWN,4.927,SYNTHETIC
2026-05-08,A,SYN_MINE_01,SYN_TRUCK_010,dumper,PREVENTIVE_MAINTENANCE,6.768,SYNTHETIC
2026-05-09,A,SYN_MINE_01,SYN_EXC_002,excavator,BREAKDOWN,1.082,SYNTHETIC
2026-05-09,B,SYN_MINE_01,SYN_TRUCK_008,dumper,BREAKDOWN,1.004,SYNTHETIC
2026-05-10,C,SYN_MINE_01,SYN_DRILL_001,drill,BREAKDOWN,3.322,SYNTHETIC
2026-05-10,C,SYN_MINE_01,SYN_DRILL_002,drill,BREAKDOWN,2.902,SYNTHETIC
2026-05-10,C,SYN_MINE_01,SYN_EXC_001,excavator,BREAKDOWN,2.74,SYNTHETIC
2026-05-10,C,SYN_MINE_01,SYN_TRUCK_003,dumper,BREAKDOWN,4.01,SYNTHETIC
2026-05-10,B,SYN_MINE_01,SYN_TRUCK_006,dumper,BREAKDOWN,1.049,SYNTHETIC
2026-05-10,B,SYN_MINE_01,SYN_TRUCK_014,dumper,BREAKDOWN,4.273,SYNTHETIC
2026-05-10,C,SYN_MINE_01,SYN_TRUCK_015,dumper,BREAKDOWN,1.314,SYNTHETIC
2026-05-11,C,SYN_MINE_01,SYN_DRILL_002,drill,BREAKDOWN,5.013,SYNTHETIC
2026-05-11,A,SYN_MINE_01,SYN_TRUCK_005,dumper,BREAKDOWN,1.71,SYNTHETIC
2026-05-11,C,SYN_MINE_01,SYN_TRUCK_008,dumper,BREAKDOWN,2.668,SYNTHETIC
2026-05-11,B,SYN_MINE_01,SYN_TRUCK_015,dumper,BREAKDOWN,2.724,SYNTHETIC
2026-05-12,A,SYN_MINE_01,SYN_DRILL_001,drill,BREAKDOWN,4.957,SYNTHETIC
2026-05-12,C,SYN_MINE_01,SYN_DRILL_002,drill,BREAKDOWN,3.463,SYNTHETIC
2026-05-12,C,SYN_MINE_01,SYN_TRUCK_006,dumper,BREAKDOWN,2.516,SYNTHETIC
2026-05-12,A,SYN_MINE_01,SYN_TRUCK_014,dumper,BREAKDOWN,5.204,SYNTHETIC
2026-05-13,A,SYN_MINE_01,SYN_DRILL_001,drill,PREVENTIVE_MAINTENANCE,5.446,SYNTHETIC
2026-05-13,B,SYN_MINE_01,SYN_DRILL_002,drill,BREAKDOWN,3.946,SYNTHETIC
2026-05-13,C,SYN_MINE_01,SYN_TRUCK_004,dumper,BREAKDOWN,0.682,SYNTHETIC
2026-05-13,B,SYN_MINE_01,SYN_TRUCK_005,dumper,BREAKDOWN,1.538,SYNTHETIC
2026-05-13,B,SYN_MINE_01,SYN_TRUCK_007,dumper,BREAKDOWN,6.233,SYNTHETIC
2026-05-13,A,SYN_MINE_01,SYN_TRUCK_009,dumper,BREAKDOWN,3.842,SYNTHETIC
2026-05-14,A,SYN_MINE_01,SYN_DRILL_002,drill,PREVENTIVE_MAINTENANCE,4.106,SYNTHETIC
2026-05-14,A,SYN_MINE_01,SYN_TRUCK_002,dumper,PREVENTIVE_MAINTENANCE,5.628,SYNTHETIC
2026-05-14,B,SYN_MINE_01,SYN_TRUCK_005,dumper,BREAKDOWN,4.329,SYNTHETIC
2026-05-15,A,SYN_MINE_01,SYN_TRUCK_004,dumper,PREVENTIVE_MAINTENANCE,7.0,SYNTHETIC
2026-05-15,A,SYN_MINE_01,SYN_TRUCK_005,dumper,BREAKDOWN,3.786,SYNTHETIC
2026-05-15,A,SYN_MINE_01,SYN_TRUCK_006,dumper,BREAKDOWN,0.478,SYNTHETIC
2026-05-15,C,SYN_MINE_01,SYN_TRUCK_006,dumper,BREAKDOWN,1.993,SYNTHETIC
2026-05-15,A,SYN_MINE_01,SYN_TRUCK_009,dumper,PREVENTIVE_MAINTENANCE,7.0,SYNTHETIC
2026-05-15,A,SYN_MINE_01,SYN_TRUCK_012,dumper,PREVENTIVE_MAINTENANCE,6.979,SYNTHETIC
2026-05-15,C,SYN_MINE_01,SYN_TRUCK_013,dumper,BREAKDOWN,2.852,SYNTHETIC
2026-05-16,C,SYN_MINE_01,SYN_DRILL_001,drill,BREAKDOWN,1.672,SYNTHETIC
2026-05-16,C,SYN_MINE_01,SYN_TRUCK_002,dumper,BREAKDOWN,4.759,SYNTHETIC
2026-05-16,B,SYN_MINE_01,SYN_TRUCK_011,dumper,BREAKDOWN,1.813,SYNTHETIC
2026-05-16,C,SYN_MINE_01,SYN_TRUCK_011,dumper,BREAKDOWN,2.992,SYNTHETIC
2026-05-16,A,SYN_MINE_01,SYN_TRUCK_014,dumper,PREVENTIVE_MAINTENANCE,4.396,SYNTHETIC
2026-05-17,B,SYN_MINE_01,SYN_TRUCK_001,dumper,BREAKDOWN,2.945,SYNTHETIC
2026-05-17,B,SYN_MINE_01,SYN_TRUCK_004,dumper,BREAKDOWN,5.532,SYNTHETIC
2026-05-17,C,SYN_MINE_01,SYN_TRUCK_005,dumper,BREAKDOWN,5.761,SYNTHETIC
2026-05-17,B,SYN_MINE_01,SYN_TRUCK_008,dumper,BREAKDOWN,2.604,SYNTHETIC
2026-05-17,C,SYN_MINE_01,SYN_TRUCK_014,dumper,BREAKDOWN,2.097,SYNTHETIC
2026-05-18,C,SYN_MINE_01,SYN_DRILL_001,drill,BREAKDOWN,0.52,SYNTHETIC
2026-05-18,C,SYN_MINE_01,SYN_TRUCK_006,dumper,BREAKDOWN,4.107,SYNTHETIC
2026-05-18,A,SYN_MINE_01,SYN_TRUCK_007,dumper,PREVENTIVE_MAINTENANCE,7.0,SYNTHETIC
2026-05-18,A,SYN_MINE_01,SYN_TRUCK_011,dumper,PREVENTIVE_MAINTENANCE,5.908,SYNTHETIC
2026-05-18,B,SYN_MINE_01,SYN_TRUCK_013,dumper,BREAKDOWN,5.618,SYNTHETIC
2026-05-18,A,SYN_MINE_01,SYN_TRUCK_015,dumper,BREAKDOWN,3.382,SYNTHETIC
2026-05-19,B,SYN_MINE_01,SYN_DRILL_001,drill,BREAKDOWN,4.752,SYNTHETIC
2026-05-20,A,SYN_MINE_01,SYN_EXC_001,excavator,PREVENTIVE_MAINTENANCE,6.696,SYNTHETIC
2026-05-20,C,SYN_MINE_01,SYN_TRUCK_001,dumper,BREAKDOWN,1.0,SYNTHETIC
2026-05-20,A,SYN_MINE_01,SYN_TRUCK_008,dumper,PREVENTIVE_MAINTENANCE,4.547,SYNTHETIC
2026-05-20,A,SYN_MINE_01,SYN_TRUCK_012,dumper,BREAKDOWN,5.418,SYNTHETIC
2026-05-20,C,SYN_MINE_01,SYN_TRUCK_014,dumper,BREAKDOWN,4.267,SYNTHETIC
2026-05-21,A,SYN_MINE_01,SYN_TRUCK_002,dumper,BREAKDOWN,4.04,SYNTHETIC
2026-05-21,A,SYN_MINE_01,SYN_TRUCK_003,dumper,BREAKDOWN,4.119,SYNTHETIC
2026-05-21,A,SYN_MINE_01,SYN_TRUCK_007,dumper,BREAKDOWN,4.685,SYNTHETIC
2026-05-21,A,SYN_MINE_01,SYN_TRUCK_015,dumper,PREVENTIVE_MAINTENANCE,4.231,SYNTHETIC
2026-05-22,A,SYN_MINE_01,SYN_EXC_002,excavator,PREVENTIVE_MAINTENANCE,7.0,SYNTHETIC
2026-05-22,A,SYN_MINE_01,SYN_TRUCK_001,dumper,PREVENTIVE_MAINTENANCE,4.18,SYNTHETIC
2026-05-22,C,SYN_MINE_01,SYN_TRUCK_007,dumper,BREAKDOWN,0.043,SYNTHETIC
2026-05-23,A,SYN_MINE_01,SYN_DRILL_001,drill,BREAKDOWN,2.501,SYNTHETIC
2026-05-23,B,SYN_MINE_01,SYN_TRUCK_002,dumper,BREAKDOWN,0.31,SYNTHETIC
2026-05-23,A,SYN_MINE_01,SYN_TRUCK_005,dumper,PREVENTIVE_MAINTENANCE,5.455,SYNTHETIC
2026-05-24,B,SYN_MINE_01,SYN_TRUCK_001,dumper,BREAKDOWN,1.254,SYNTHETIC
2026-05-24,A,SYN_MINE_01,SYN_TRUCK_014,dumper,BREAKDOWN,5.452,SYNTHETIC
2026-05-24,A,SYN_MINE_01,SYN_TRUCK_015,dumper,BREAKDOWN,2.324,SYNTHETIC
2026-05-25,A,SYN_MINE_01,SYN_DRILL_001,drill,PREVENTIVE_MAINTENANCE,5.155,SYNTHETIC
2026-05-25,A,SYN_MINE_01,SYN_DRILL_002,drill,PREVENTIVE_MAINTENANCE,4.499,SYNTHETIC
2026-05-25,A,SYN_MINE_01,SYN_EXC_002,excavator,BREAKDOWN,3.618,SYNTHETIC
2026-05-25,A,SYN_MINE_01,SYN_TRUCK_001,dumper,BREAKDOWN,2.964,SYNTHETIC
2026-05-25,B,SYN_MINE_01,SYN_TRUCK_003,dumper,BREAKDOWN,0.997,SYNTHETIC
2026-05-25,A,SYN_MINE_01,SYN_TRUCK_007,dumper,BREAKDOWN,4.473,SYNTHETIC
2026-05-26,B,SYN_MINE_01,SYN_EXC_001,excavator,BREAKDOWN,0.16,SYNTHETIC
2026-05-26,B,SYN_MINE_01,SYN_TRUCK_001,dumper,BREAKDOWN,5.707,SYNTHETIC
2026-05-26,A,SYN_MINE_01,SYN_TRUCK_008,dumper,BREAKDOWN,5.81,SYNTHETIC
2026-05-26,A,SYN_MINE_01,SYN_TRUCK_010,dumper,BREAKDOWN,1.413,SYNTHETIC
2026-05-26,A,SYN_MINE_01,SYN_TRUCK_013,dumper,PREVENTIVE_MAINTENANCE,5.098,SYNTHETIC
2026-05-26,B,SYN_MINE_01,SYN_TRUCK_014,dumper,BREAKDOWN,1.155,SYNTHETIC
2026-05-27,C,SYN_MINE_01,SYN_EXC_002,excavator,BREAKDOWN,0.675,SYNTHETIC
2026-05-27,A,SYN_MINE_01,SYN_TRUCK_006,dumper,PREVENTIVE_MAINTENANCE,7.0,SYNTHETIC
2026-05-27,A,SYN_MINE_01,SYN_TRUCK_010,dumper,PREVENTIVE_MAINTENANCE,7.0,SYNTHETIC
2026-05-27,A,SYN_MINE_01,SYN_TRUCK_014,dumper,BREAKDOWN,3.561,SYNTHETIC
2026-05-28,A,SYN_MINE_01,SYN_EXC_001,excavator,BREAKDOWN,0.319,SYNTHETIC
2026-05-28,C,SYN_MINE_01,SYN_TRUCK_001,dumper,BREAKDOWN,0.765,SYNTHETIC
2026-05-28,A,SYN_MINE_01,SYN_TRUCK_003,dumper,PREVENTIVE_MAINTENANCE,4.919,SYNTHETIC
2026-05-28,A,SYN_MINE_01,SYN_TRUCK_004,dumper,BREAKDOWN,2.48,SYNTHETIC
2026-05-29,B,SYN_MINE_01,SYN_DRILL_002,drill,BREAKDOWN,0.769,SYNTHETIC
2026-05-29,B,SYN_MINE_01,SYN_TRUCK_005,dumper,BREAKDOWN,4.019,SYNTHETIC
2026-05-30,B,SYN_MINE_01,SYN_TRUCK_003,dumper,BREAKDOWN,1.047,SYNTHETIC
2026-05-30,B,SYN_MINE_01,SYN_TRUCK_004,dumper,BREAKDOWN,2.822,SYNTHETIC
2026-05-30,C,SYN_MINE_01,SYN_TRUCK_012,dumper,BREAKDOWN,4.435,SYNTHETIC
2026-05-31,A,SYN_MINE_01,SYN_TRUCK_007,dumper,BREAKDOWN,1.962,SYNTHETIC
2026-05-31,A,SYN_MINE_01,SYN_TRUCK_013,dumper,BREAKDOWN,1.873,SYNTHETIC
2026-06-01,A,SYN_MINE_01,SYN_DRILL_001,drill,BREAKDOWN,3.412,SYNTHETIC
2026-06-01,C,SYN_MINE_01,SYN_EXC_001,excavator,BREAKDOWN,2.431,SYNTHETIC
2026-06-01,A,SYN_MINE_01,SYN_TRUCK_004,dumper,BREAKDOWN,1.602,SYNTHETIC
2026-06-01,C,SYN_MINE_01,SYN_TRUCK_009,dumper,BREAKDOWN,3.43,SYNTHETIC
2026-06-01,C,SYN_MINE_01,SYN_TRUCK_010,dumper,BREAKDOWN,0.197,SYNTHETIC
2026-06-01,C,SYN_MINE_01,SYN_TRUCK_011,dumper,BREAKDOWN,1.997,SYNTHETIC
2026-06-02,B,SYN_MINE_01,SYN_DRILL_002,drill,BREAKDOWN,4.339,SYNTHETIC
2026-06-02,A,SYN_MINE_01,SYN_TRUCK_004,dumper,BREAKDOWN,1.192,SYNTHETIC
2026-06-02,B,SYN_MINE_01,SYN_TRUCK_013,dumper,BREAKDOWN,0.045,SYNTHETIC
2026-06-03,ALL,SYN_MINE_01,SITE,site,EXPLOSIVE_SUPPLY_EPISODE_START,0.0,SYNTHETIC
2026-06-03,B,SYN_MINE_01,SYN_DRILL_001,drill,BREAKDOWN,1.519,SYNTHETIC
2026-06-03,A,SYN_MINE_01,SYN_TRUCK_002,dumper,PREVENTIVE_MAINTENANCE,5.114,SYNTHETIC
2026-06-03,C,SYN_MINE_01,SYN_TRUCK_005,dumper,BREAKDOWN,1.796,SYNTHETIC
2026-06-03,C,SYN_MINE_01,SYN_TRUCK_006,dumper,BREAKDOWN,3.858,SYNTHETIC
2026-06-03,A,SYN_MINE_01,SYN_TRUCK_009,dumper,PREVENTIVE_MAINTENANCE,6.14,SYNTHETIC
2026-06-03,A,SYN_MINE_01,SYN_TRUCK_010,dumper,BREAKDOWN,1.032,SYNTHETIC
2026-06-03,C,SYN_MINE_01,SYN_TRUCK_010,dumper,BREAKDOWN,2.58,SYNTHETIC
2026-06-03,B,SYN_MINE_01,SYN_TRUCK_015,dumper,BREAKDOWN,4.701,SYNTHETIC
2026-06-04,B,SYN_MINE_01,SYN_DRILL_001,drill,BREAKDOWN,0.786,SYNTHETIC
2026-06-04,C,SYN_MINE_01,SYN_DRILL_001,drill,BREAKDOWN,4.315,SYNTHETIC
2026-06-04,B,SYN_MINE_01,SYN_DRILL_002,drill,BREAKDOWN,5.113,SYNTHETIC
2026-06-04,A,SYN_MINE_01,SYN_TRUCK_004,dumper,PREVENTIVE_MAINTENANCE,4.749,SYNTHETIC
2026-06-04,A,SYN_MINE_01,SYN_TRUCK_013,dumper,BREAKDOWN,2.417,SYNTHETIC
2026-06-05,A,SYN_MINE_01,SYN_DRILL_002,drill,BREAKDOWN,6.85,SYNTHETIC
2026-06-05,B,SYN_MINE_01,SYN_TRUCK_001,dumper,BREAKDOWN,4.564,SYNTHETIC
2026-06-05,B,SYN_MINE_01,SYN_TRUCK_005,dumper,BREAKDOWN,0.658,SYNTHETIC
2026-06-05,B,SYN_MINE_01,SYN_TRUCK_011,dumper,BREAKDOWN,0.358,SYNTHETIC
2026-06-05,A,SYN_MINE_01,SYN_TRUCK_012,dumper,PREVENTIVE_MAINTENANCE,6.339,SYNTHETIC
2026-06-06,A,SYN_MINE_01,SYN_DRILL_001,drill,PREVENTIVE_MAINTENANCE,4.244,SYNTHETIC
2026-06-06,B,SYN_MINE_01,SYN_TRUCK_008,dumper,BREAKDOWN,4.207,SYNTHETIC
2026-06-06,B,SYN_MINE_01,SYN_TRUCK_010,dumper,BREAKDOWN,0.858,SYNTHETIC
2026-06-07,A,SYN_MINE_01,SYN_DRILL_002,drill,PREVENTIVE_MAINTENANCE,4.367,SYNTHETIC
2026-06-07,A,SYN_MINE_01,SYN_EXC_001,excavator,PREVENTIVE_MAINTENANCE,7.0,SYNTHETIC
2026-06-07,B,SYN_MINE_01,SYN_TRUCK_005,dumper,BREAKDOWN,3.689,SYNTHETIC
2026-06-07,A,SYN_MINE_01,SYN_TRUCK_007,dumper,PREVENTIVE_MAINTENANCE,5.62,SYNTHETIC
2026-06-07,A,SYN_MINE_01,SYN_TRUCK_011,dumper,PREVENTIVE_MAINTENANCE,5.252,SYNTHETIC
2026-06-07,B,SYN_MINE_01,SYN_TRUCK_012,dumper,BREAKDOWN,6.855,SYNTHETIC
2026-06-07,A,SYN_MINE_01,SYN_TRUCK_014,dumper,PREVENTIVE_MAINTENANCE,4.467,SYNTHETIC
2026-06-08,C,SYN_MINE_01,SYN_DRILL_001,drill,BREAKDOWN,2.669,SYNTHETIC
2026-06-08,A,SYN_MINE_01,SYN_TRUCK_006,dumper,BREAKDOWN,0.597,SYNTHETIC
2026-06-09,B,SYN_MINE_01,SYN_TRUCK_001,dumper,BREAKDOWN,6.425,SYNTHETIC
2026-06-09,C,SYN_MINE_01,SYN_TRUCK_002,dumper,BREAKDOWN,3.409,SYNTHETIC
2026-06-09,C,SYN_MINE_01,SYN_TRUCK_005,dumper,BREAKDOWN,4.748,SYNTHETIC
2026-06-09,A,SYN_MINE_01,SYN_TRUCK_008,dumper,PREVENTIVE_MAINTENANCE,6.165,SYNTHETIC
2026-06-10,B,SYN_MINE_01,SYN_DRILL_001,drill,BREAKDOWN,2.028,SYNTHETIC
2026-06-10,A,SYN_MINE_01,SYN_EXC_002,excavator,PREVENTIVE_MAINTENANCE,7.0,SYNTHETIC
2026-06-10,A,SYN_MINE_01,SYN_TRUCK_009,dumper,BREAKDOWN,3.602,SYNTHETIC
2026-06-10,A,SYN_MINE_01,SYN_TRUCK_015,dumper,PREVENTIVE_MAINTENANCE,6.75,SYNTHETIC
2026-06-11,A,SYN_MINE_01,SYN_TRUCK_006,dumper,BREAKDOWN,2.715,SYNTHETIC
2026-06-12,C,SYN_MINE_01,SYN_EXC_001,excavator,BREAKDOWN,5.085,SYNTHETIC
2026-06-12,A,SYN_MINE_01,SYN_TRUCK_001,dumper,PREVENTIVE_MAINTENANCE,4.649,SYNTHETIC
2026-06-12,A,SYN_MINE_01,SYN_TRUCK_002,dumper,BREAKDOWN,0.419,SYNTHETIC
2026-06-12,B,SYN_MINE_01,SYN_TRUCK_003,dumper,BREAKDOWN,3.771,SYNTHETIC
2026-06-12,A,SYN_MINE_01,SYN_TRUCK_005,dumper,PREVENTIVE_MAINTENANCE,6.064,SYNTHETIC
2026-06-12,B,SYN_MINE_01,SYN_TRUCK_013,dumper,BREAKDOWN,2.577,SYNTHETIC
2026-06-13,A,SYN_MINE_01,SYN_DRILL_001,drill,BREAKDOWN,3.355,SYNTHETIC
2026-06-13,B,SYN_MINE_01,SYN_DRILL_001,drill,BREAKDOWN,5.142,SYNTHETIC
2026-06-13,A,SYN_MINE_01,SYN_DRILL_002,drill,BREAKDOWN,0.191,SYNTHETIC
2026-06-13,C,SYN_MINE_01,SYN_TRUCK_003,dumper,BREAKDOWN,0.885,SYNTHETIC
2026-06-13,A,SYN_MINE_01,SYN_TRUCK_006,dumper,BREAKDOWN,5.829,SYNTHETIC
2026-06-14,B,SYN_MINE_01,SYN_TRUCK_013,dumper,BREAKDOWN,1.705,SYNTHETIC
2026-06-15,A,SYN_MINE_01,SYN_DRILL_001,drill,BREAKDOWN,2.919,SYNTHETIC
2026-06-15,B,SYN_MINE_01,SYN_DRILL_001,drill,BREAKDOWN,5.719,SYNTHETIC
2026-06-15,B,SYN_MINE_01,SYN_DRILL_002,drill,BREAKDOWN,3.051,SYNTHETIC
2026-06-15,A,SYN_MINE_01,SYN_TRUCK_001,dumper,BREAKDOWN,1.49,SYNTHETIC
2026-06-15,B,SYN_MINE_01,SYN_TRUCK_010,dumper,BREAKDOWN,2.465,SYNTHETIC
2026-06-16,C,SYN_MINE_01,SYN_EXC_002,excavator,BREAKDOWN,3.072,SYNTHETIC
2026-06-16,B,SYN_MINE_01,SYN_TRUCK_001,dumper,BREAKDOWN,5.769,SYNTHETIC
2026-06-16,A,SYN_MINE_01,SYN_TRUCK_003,dumper,BREAKDOWN,5.363,SYNTHETIC
2026-06-16,C,SYN_MINE_01,SYN_TRUCK_005,dumper,BREAKDOWN,4.795,SYNTHETIC
2026-06-16,A,SYN_MINE_01,SYN_TRUCK_013,dumper,PREVENTIVE_MAINTENANCE,7.0,SYNTHETIC
2026-06-16,B,SYN_MINE_01,SYN_TRUCK_014,dumper,BREAKDOWN,3.737,SYNTHETIC
2026-06-17,B,SYN_MINE_01,SYN_TRUCK_003,dumper,BREAKDOWN,2.602,SYNTHETIC
2026-06-17,A,SYN_MINE_01,SYN_TRUCK_010,dumper,PREVENTIVE_MAINTENANCE,7.0,SYNTHETIC
2026-06-18,A,SYN_MINE_01,SYN_DRILL_001,drill,PREVENTIVE_MAINTENANCE,5.148,SYNTHETIC
2026-06-18,A,SYN_MINE_01,SYN_DRILL_002,drill,PREVENTIVE_MAINTENANCE,4.693,SYNTHETIC
2026-06-18,A,SYN_MINE_01,SYN_TRUCK_003,dumper,PREVENTIVE_MAINTENANCE,7.0,SYNTHETIC
2026-06-18,A,SYN_MINE_01,SYN_TRUCK_006,dumper,PREVENTIVE_MAINTENANCE,5.196,SYNTHETIC
2026-06-19,A,SYN_MINE_01,SYN_TRUCK_002,dumper,BREAKDOWN,2.671,SYNTHETIC
2026-06-19,B,SYN_MINE_01,SYN_TRUCK_003,dumper,BREAKDOWN,3.535,SYNTHETIC
2026-06-19,A,SYN_MINE_01,SYN_TRUCK_005,dumper,BREAKDOWN,3.791,SYNTHETIC
2026-06-19,A,SYN_MINE_01,SYN_TRUCK_008,dumper,BREAKDOWN,2.736,SYNTHETIC
2026-06-19,B,SYN_MINE_01,SYN_TRUCK_011,dumper,BREAKDOWN,2.257,SYNTHETIC
2026-06-20,B,SYN_MINE_01,SYN_TRUCK_015,dumper,BREAKDOWN,0.053,SYNTHETIC
2026-06-21,C,SYN_MINE_01,SYN_DRILL_002,drill,BREAKDOWN,2.585,SYNTHETIC
2026-06-21,B,SYN_MINE_01,SYN_EXC_002,excavator,BREAKDOWN,2.712,SYNTHETIC
2026-06-21,A,SYN_MINE_01,SYN_TRUCK_004,dumper,BREAKDOWN,3.034,SYNTHETIC
2026-06-22,A,SYN_MINE_01,SYN_DRILL_001,drill,BREAKDOWN,0.353,SYNTHETIC
2026-06-22,C,SYN_MINE_01,SYN_DRILL_002,drill,BREAKDOWN,1.963,SYNTHETIC
2026-06-22,A,SYN_MINE_01,SYN_EXC_002,excavator,BREAKDOWN,2.348,SYNTHETIC
2026-06-22,B,SYN_MINE_01,SYN_TRUCK_003,dumper,BREAKDOWN,1.931,SYNTHETIC
2026-06-22,A,SYN_MINE_01,SYN_TRUCK_009,dumper,PREVENTIVE_MAINTENANCE,6.226,SYNTHETIC
2026-06-22,B,SYN_MINE_01,SYN_TRUCK_010,dumper,BREAKDOWN,1.271,SYNTHETIC
2026-06-22,A,SYN_MINE_01,SYN_TRUCK_014,dumper,BREAKDOWN,3.325,SYNTHETIC
2026-06-22,B,SYN_MINE_01,SYN_TRUCK_015,dumper,BREAKDOWN,6.165,SYNTHETIC
2026-06-23,ALL,SYN_MINE_01,SITE,site,POWER_OUTAGE,3.72,SYNTHETIC
2026-06-23,B,SYN_MINE_01,SYN_DRILL_001,drill,BREAKDOWN,4.967,SYNTHETIC
2026-06-23,A,SYN_MINE_01,SYN_EXC_001,excavator,PREVENTIVE_MAINTENANCE,7.0,SYNTHETIC
2026-06-23,B,SYN_MINE_01,SYN_EXC_002,excavator,BREAKDOWN,3.666,SYNTHETIC
2026-06-23,A,SYN_MINE_01,SYN_TRUCK_001,dumper,BREAKDOWN,2.417,SYNTHETIC
2026-06-23,B,SYN_MINE_01,SYN_TRUCK_002,dumper,BREAKDOWN,0.139,SYNTHETIC
2026-06-23,A,SYN_MINE_01,SYN_TRUCK_004,dumper,PREVENTIVE_MAINTENANCE,5.633,SYNTHETIC
2026-06-23,A,SYN_MINE_01,SYN_TRUCK_007,dumper,BREAKDOWN,4.17,SYNTHETIC
2026-06-23,A,SYN_MINE_01,SYN_TRUCK_011,dumper,BREAKDOWN,0.471,SYNTHETIC
2026-06-24,C,SYN_MINE_01,SYN_DRILL_002,drill,BREAKDOWN,1.993,SYNTHETIC
2026-06-24,A,SYN_MINE_01,SYN_TRUCK_002,dumper,PREVENTIVE_MAINTENANCE,6.198,SYNTHETIC
2026-06-24,B,SYN_MINE_01,SYN_TRUCK_003,dumper,BREAKDOWN,6.724,SYNTHETIC
2026-06-24,A,SYN_MINE_01,SYN_TRUCK_004,dumper,BREAKDOWN,2.721,SYNTHETIC
2026-06-24,B,SYN_MINE_01,SYN_TRUCK_008,dumper,BREAKDOWN,5.47,SYNTHETIC
2026-06-24,A,SYN_MINE_01,SYN_TRUCK_010,dumper,BREAKDOWN,2.223,SYNTHETIC
2026-06-24,C,SYN_MINE_01,SYN_TRUCK_010,dumper,BREAKDOWN,1.956,SYNTHETIC
2026-06-24,A,SYN_MINE_01,SYN_TRUCK_012,dumper,PREVENTIVE_MAINTENANCE,7.0,SYNTHETIC
2026-06-24,A,SYN_MINE_01,SYN_TRUCK_015,dumper,BREAKDOWN,5.837,SYNTHETIC
2026-06-25,B,SYN_MINE_01,SYN_EXC_001,excavator,BREAKDOWN,1.273,SYNTHETIC
2026-06-25,A,SYN_MINE_01,SYN_TRUCK_006,dumper,BREAKDOWN,5.26,SYNTHETIC
2026-06-25,A,SYN_MINE_01,SYN_TRUCK_013,dumper,BREAKDOWN,3.127,SYNTHETIC
2026-06-26,C,SYN_MINE_01,SYN_EXC_002,excavator,BREAKDOWN,3.929,SYNTHETIC
2026-06-26,A,SYN_MINE_01,SYN_TRUCK_007,dumper,PREVENTIVE_MAINTENANCE,4.87,SYNTHETIC
2026-06-26,B,SYN_MINE_01,SYN_TRUCK_008,dumper,BREAKDOWN,3.978,SYNTHETIC
2026-06-26,B,SYN_MINE_01,SYN_TRUCK_010,dumper,BREAKDOWN,4.341,SYNTHETIC
2026-06-26,A,SYN_MINE_01,SYN_TRUCK_012,dumper,BREAKDOWN,1.82,SYNTHETIC
2026-06-26,A,SYN_MINE_01,SYN_TRUCK_014,dumper,PREVENTIVE_MAINTENANCE,4.301,SYNTHETIC
2026-06-27,C,SYN_MINE_01,SYN_DRILL_001,drill,BREAKDOWN,4.153,SYNTHETIC
2026-06-27,B,SYN_MINE_01,SYN_TRUCK_006,dumper,BREAKDOWN,1.5,SYNTHETIC
2026-06-27,A,SYN_MINE_01,SYN_TRUCK_011,dumper,PREVENTIVE_MAINTENANCE,6.779,SYNTHETIC
2026-06-28,B,SYN_MINE_01,SYN_DRILL_001,drill,BREAKDOWN,0.792,SYNTHETIC
2026-06-28,A,SYN_MINE_01,SYN_EXC_002,excavator,PREVENTIVE_MAINTENANCE,7.0,SYNTHETIC
2026-06-28,B,SYN_MINE_01,SYN_TRUCK_008,dumper,BREAKDOWN,3.938,SYNTHETIC
2026-06-29,A,SYN_MINE_01,SYN_DRILL_002,drill,PREVENTIVE_MAINTENANCE,4.109,SYNTHETIC
2026-06-29,A,SYN_MINE_01,SYN_TRUCK_008,dumper,BREAKDOWN,5.81,SYNTHETIC
2026-06-29,B,SYN_MINE_01,SYN_TRUCK_009,dumper,BREAKDOWN,1.983,SYNTHETIC
2026-06-29,B,SYN_MINE_01,SYN_TRUCK_013,dumper,BREAKDOWN,5.392,SYNTHETIC
2026-06-29,A,SYN_MINE_01,SYN_TRUCK_015,dumper,BREAKDOWN,2.589,SYNTHETIC
2026-06-29,B,SYN_MINE_01,SYN_TRUCK_015,dumper,BREAKDOWN,1.795,SYNTHETIC
2026-06-30,A,SYN_MINE_01,SYN_DRILL_001,drill,BREAKDOWN,1.022,SYNTHETIC
2026-06-30,B,SYN_MINE_01,SYN_TRUCK_003,dumper,BREAKDOWN,2.265,SYNTHETIC
2026-06-30,A,SYN_MINE_01,SYN_TRUCK_006,dumper,BREAKDOWN,1.211,SYNTHETIC
2026-06-30,A,SYN_MINE_01,SYN_TRUCK_007,dumper,BREAKDOWN,2.577,SYNTHETIC
2026-06-30,B,SYN_MINE_01,SYN_TRUCK_010,dumper,BREAKDOWN,3.026,SYNTHETIC
2026-07-01,B,SYN_MINE_01,SYN_TRUCK_005,dumper,BREAKDOWN,1.594,SYNTHETIC
2026-07-01,B,SYN_MINE_01,SYN_TRUCK_006,dumper,BREAKDOWN,2.876,SYNTHETIC
2026-07-01,A,SYN_MINE_01,SYN_TRUCK_007,dumper,BREAKDOWN,3.134,SYNTHETIC
2026-07-01,A,SYN_MINE_01,SYN_TRUCK_008,dumper,PREVENTIVE_MAINTENANCE,6.124,SYNTHETIC
2026-07-01,B,SYN_MINE_01,SYN_TRUCK_014,dumper,BREAKDOWN,3.188,SYNTHETIC
2026-07-01,A,SYN_MINE_01,SYN_TRUCK_015,dumper,PREVENTIVE_MAINTENANCE,4.999,SYNTHETIC
2026-07-02,C,SYN_MINE_01,SYN_DRILL_001,drill,BREAKDOWN,4.155,SYNTHETIC
2026-07-02,A,SYN_MINE_01,SYN_TRUCK_009,dumper,BREAKDOWN,4.437,SYNTHETIC
2026-07-03,C,SYN_MINE_01,SYN_EXC_002,excavator,BREAKDOWN,4.466,SYNTHETIC
2026-07-03,A,SYN_MINE_01,SYN_TRUCK_001,dumper,PREVENTIVE_MAINTENANCE,7.0,SYNTHETIC
2026-07-03,C,SYN_MINE_01,SYN_TRUCK_001,dumper,BREAKDOWN,0.617,SYNTHETIC
2026-07-03,C,SYN_MINE_01,SYN_TRUCK_002,dumper,BREAKDOWN,3.558,SYNTHETIC
2026-07-03,B,SYN_MINE_01,SYN_TRUCK_003,dumper,BREAKDOWN,3.901,SYNTHETIC
2026-07-03,A,SYN_MINE_01,SYN_TRUCK_005,dumper,PREVENTIVE_MAINTENANCE,5.306,SYNTHETIC
2026-07-03,A,SYN_MINE_01,SYN_TRUCK_006,dumper,BREAKDOWN,1.183,SYNTHETIC
2026-07-04,B,SYN_MINE_01,SYN_TRUCK_009,dumper,BREAKDOWN,2.167,SYNTHETIC
2026-07-04,B,SYN_MINE_01,SYN_TRUCK_010,dumper,BREAKDOWN,4.268,SYNTHETIC
2026-07-04,C,SYN_MINE_01,SYN_TRUCK_014,dumper,BREAKDOWN,3.012,SYNTHETIC
2026-07-05,B,SYN_MINE_01,SYN_DRILL_002,drill,BREAKDOWN,4.928,SYNTHETIC
2026-07-05,A,SYN_MINE_01,SYN_TRUCK_003,dumper,BREAKDOWN,1.169,SYNTHETIC
2026-07-05,A,SYN_MINE_01,SYN_TRUCK_004,dumper,BREAKDOWN,6.818,SYNTHETIC
2026-07-05,B,SYN_MINE_01,SYN_TRUCK_007,dumper,BREAKDOWN,3.632,SYNTHETIC
2026-07-05,C,SYN_MINE_01,SYN_TRUCK_010,dumper,BREAKDOWN,2.116,SYNTHETIC
2026-07-06,A,SYN_MINE_01,SYN_EXC_001,excavator,BREAKDOWN,4.169,SYNTHETIC
2026-07-06,A,SYN_MINE_01,SYN_EXC_002,excavator,BREAKDOWN,2.793,SYNTHETIC
2026-07-06,B,SYN_MINE_01,SYN_TRUCK_010,dumper,BREAKDOWN,3.859,SYNTHETIC
2026-07-06,C,SYN_MINE_01,SYN_TRUCK_011,dumper,BREAKDOWN,2.046,SYNTHETIC
2026-07-06,C,SYN_MINE_01,SYN_TRUCK_012,dumper,BREAKDOWN,1.476,SYNTHETIC
2026-07-06,A,SYN_MINE_01,SYN_TRUCK_013,dumper,PREVENTIVE_MAINTENANCE,6.779,SYNTHETIC
2026-07-06,B,SYN_MINE_01,SYN_TRUCK_013,dumper,BREAKDOWN,1.221,SYNTHETIC
2026-07-06,C,SYN_MINE_01,SYN_TRUCK_013,dumper,BREAKDOWN,4.448,SYNTHETIC
2026-07-06,A,SYN_MINE_01,SYN_TRUCK_014,dumper,BREAKDOWN,2.016,SYNTHETIC
2026-07-06,B,SYN_MINE_01,SYN_TRUCK_014,dumper,BREAKDOWN,2.796,SYNTHETIC
2026-07-07,C,SYN_MINE_01,SYN_DRILL_001,drill,BREAKDOWN,0.903,SYNTHETIC
2026-07-07,A,SYN_MINE_01,SYN_EXC_001,excavator,BREAKDOWN,0.685,SYNTHETIC
2026-07-07,A,SYN_MINE_01,SYN_EXC_002,excavator,BREAKDOWN,2.547,SYNTHETIC
2026-07-07,A,SYN_MINE_01,SYN_TRUCK_004,dumper,BREAKDOWN,5.378,SYNTHETIC
2026-07-07,C,SYN_MINE_01,SYN_TRUCK_004,dumper,BREAKDOWN,2.896,SYNTHETIC
2026-07-07,C,SYN_MINE_01,SYN_TRUCK_006,dumper,BREAKDOWN,1.217,SYNTHETIC
2026-07-07,B,SYN_MINE_01,SYN_TRUCK_009,dumper,BREAKDOWN,2.446,SYNTHETIC
2026-07-07,B,SYN_MINE_01,SYN_TRUCK_012,dumper,BREAKDOWN,1.474,SYNTHETIC
2026-07-08,C,SYN_MINE_01,SYN_DRILL_001,drill,BREAKDOWN,4.319,SYNTHETIC
2026-07-08,A,SYN_MINE_01,SYN_DRILL_002,drill,BREAKDOWN,2.371,SYNTHETIC
2026-07-08,A,SYN_MINE_01,SYN_TRUCK_001,dumper,BREAKDOWN,0.879,SYNTHETIC
2026-07-08,A,SYN_MINE_01,SYN_TRUCK_005,dumper,BREAKDOWN,5.256,SYNTHETIC
2026-07-08,B,SYN_MINE_01,SYN_TRUCK_006,dumper,BREAKDOWN,6.637,SYNTHETIC
2026-07-08,C,SYN_MINE_01,SYN_TRUCK_007,dumper,BREAKDOWN,1.072,SYNTHETIC
2026-07-08,B,SYN_MINE_01,SYN_TRUCK_009,dumper,BREAKDOWN,0.73,SYNTHETIC
2026-07-08,B,SYN_MINE_01,SYN_TRUCK_012,dumper,BREAKDOWN,3.571,SYNTHETIC
2026-07-09,A,SYN_MINE_01,SYN_TRUCK_006,dumper,PREVENTIVE_MAINTENANCE,4.542,SYNTHETIC
2026-07-09,B,SYN_MINE_01,SYN_TRUCK_009,dumper,BREAKDOWN,3.212,SYNTHETIC
2026-07-09,A,SYN_MINE_01,SYN_TRUCK_010,dumper,PREVENTIVE_MAINTENANCE,5.569,SYNTHETIC
2026-07-09,C,SYN_MINE_01,SYN_TRUCK_013,dumper,BREAKDOWN,3.988,SYNTHETIC
2026-07-09,C,SYN_MINE_01,SYN_TRUCK_014,dumper,BREAKDOWN,1.054,SYNTHETIC
2026-07-10,A,SYN_MINE_01,SYN_DRILL_002,drill,PREVENTIVE_MAINTENANCE,4.789,SYNTHETIC
2026-07-10,A,SYN_MINE_01,SYN_TRUCK_003,dumper,PREVENTIVE_MAINTENANCE,5.622,SYNTHETIC
2026-07-10,A,SYN_MINE_01,SYN_TRUCK_007,dumper,BREAKDOWN,0.099,SYNTHETIC
2026-07-11,A,SYN_MINE_01,SYN_EXC_001,excavator,PREVENTIVE_MAINTENANCE,7.0,SYNTHETIC
2026-07-11,A,SYN_MINE_01,SYN_TRUCK_003,dumper,BREAKDOWN,2.087,SYNTHETIC
2026-07-11,C,SYN_MINE_01,SYN_TRUCK_003,dumper,BREAKDOWN,3.759,SYNTHETIC
2026-07-11,A,SYN_MINE_01,SYN_TRUCK_008,dumper,BREAKDOWN,0.365,SYNTHETIC
2026-07-11,A,SYN_MINE_01,SYN_TRUCK_013,dumper,BREAKDOWN,1.823,SYNTHETIC
2026-07-11,A,SYN_MINE_01,SYN_TRUCK_014,dumper,BREAKDOWN,2.799,SYNTHETIC
2026-07-12,ALL,SYN_MINE_01,SITE,site,EXPLOSIVE_SUPPLY_EPISODE_START,0.0,SYNTHETIC
2026-07-12,A,SYN_MINE_01,SYN_DRILL_001,drill,BREAKDOWN,0.41,SYNTHETIC
2026-07-12,B,SYN_MINE_01,SYN_EXC_001,excavator,BREAKDOWN,2.552,SYNTHETIC
2026-07-12,C,SYN_MINE_01,SYN_TRUCK_004,dumper,BREAKDOWN,2.736,SYNTHETIC
2026-07-12,B,SYN_MINE_01,SYN_TRUCK_005,dumper,BREAKDOWN,6.553,SYNTHETIC
2026-07-13,A,SYN_MINE_01,SYN_DRILL_001,drill,BREAKDOWN,1.476,SYNTHETIC
2026-07-13,B,SYN_MINE_01,SYN_TRUCK_001,dumper,BREAKDOWN,2.284,SYNTHETIC
2026-07-13,A,SYN_MINE_01,SYN_TRUCK_002,dumper,PREVENTIVE_MAINTENANCE,5.369,SYNTHETIC
2026-07-13,A,SYN_MINE_01,SYN_TRUCK_004,dumper,BREAKDOWN,3.195,SYNTHETIC
2026-07-13,A,SYN_MINE_01,SYN_TRUCK_009,dumper,PREVENTIVE_MAINTENANCE,7.0,SYNTHETIC
2026-07-13,A,SYN_MINE_01,SYN_TRUCK_010,dumper,BREAKDOWN,3.626,SYNTHETIC
2026-07-13,B,SYN_MINE_01,SYN_TRUCK_010,dumper,BREAKDOWN,3.448,SYNTHETIC
2026-07-13,C,SYN_MINE_01,SYN_TRUCK_012,dumper,BREAKDOWN,2.608,SYNTHETIC
2026-07-13,C,SYN_MINE_01,SYN_TRUCK_014,dumper,BREAKDOWN,2.311,SYNTHETIC
2026-07-14,C,SYN_MINE_01,SYN_DRILL_002,drill,BREAKDOWN,4.698,SYNTHETIC
2026-07-14,C,SYN_MINE_01,SYN_TRUCK_003,dumper,BREAKDOWN,3.945,SYNTHETIC
2026-07-14,C,SYN_MINE_01,SYN_TRUCK_012,dumper,BREAKDOWN,1.278,SYNTHETIC
2026-07-15,A,SYN_MINE_01,SYN_DRILL_001,drill,PREVENTIVE_MAINTENANCE,5.543,SYNTHETIC
2026-07-15,B,SYN_MINE_01,SYN_DRILL_002,drill,BREAKDOWN,1.876,SYNTHETIC
2026-07-15,A,SYN_MINE_01,SYN_TRUCK_004,dumper,PREVENTIVE_MAINTENANCE,4.332,SYNTHETIC
2026-07-16,A,SYN_MINE_01,SYN_DRILL_001,drill,BREAKDOWN,2.704,SYNTHETIC
2026-07-16,A,SYN_MINE_01,SYN_TRUCK_007,dumper,PREVENTIVE_MAINTENANCE,7.0,SYNTHETIC
2026-07-16,A,SYN_MINE_01,SYN_TRUCK_011,dumper,PREVENTIVE_MAINTENANCE,5.903,SYNTHETIC
2026-07-16,A,SYN_MINE_01,SYN_TRUCK_012,dumper,PREVENTIVE_MAINTENANCE,5.736,SYNTHETIC
2026-07-17,A,SYN_MINE_01,SYN_EXC_002,excavator,PREVENTIVE_MAINTENANCE,7.0,SYNTHETIC
2026-07-17,B,SYN_MINE_01,SYN_TRUCK_002,dumper,BREAKDOWN,5.592,SYNTHETIC
2026-07-17,A,SYN_MINE_01,SYN_TRUCK_003,dumper,BREAKDOWN,2.405,SYNTHETIC
2026-07-17,C,SYN_MINE_01,SYN_TRUCK_003,dumper,BREAKDOWN,4.351,SYNTHETIC
2026-07-17,B,SYN_MINE_01,SYN_TRUCK_010,dumper,BREAKDOWN,1.562,SYNTHETIC
2026-07-17,A,SYN_MINE_01,SYN_TRUCK_012,dumper,BREAKDOWN,5.567,SYNTHETIC
2026-07-17,A,SYN_MINE_01,SYN_TRUCK_013,dumper,BREAKDOWN,5.559,SYNTHETIC
2026-07-17,A,SYN_MINE_01,SYN_TRUCK_014,dumper,PREVENTIVE_MAINTENANCE,4.984,SYNTHETIC
2026-07-18,A,SYN_MINE_01,SYN_DRILL_001,drill,BREAKDOWN,5.105,SYNTHETIC
2026-07-18,C,SYN_MINE_01,SYN_DRILL_001,drill,BREAKDOWN,3.907,SYNTHETIC
2026-07-18,C,SYN_MINE_01,SYN_DRILL_002,drill,BREAKDOWN,3.735,SYNTHETIC
2026-07-18,A,SYN_MINE_01,SYN_TRUCK_001,dumper,BREAKDOWN,1.498,SYNTHETIC
2026-07-18,C,SYN_MINE_01,SYN_TRUCK_004,dumper,BREAKDOWN,1.829,SYNTHETIC
2026-07-18,A,SYN_MINE_01,SYN_TRUCK_007,dumper,BREAKDOWN,3.683,SYNTHETIC
2026-07-18,A,SYN_MINE_01,SYN_TRUCK_008,dumper,BREAKDOWN,3.403,SYNTHETIC
2026-07-19,A,SYN_MINE_01,SYN_DRILL_002,drill,BREAKDOWN,3.514,SYNTHETIC
2026-07-19,B,SYN_MINE_01,SYN_TRUCK_002,dumper,BREAKDOWN,4.307,SYNTHETIC
2026-07-19,C,SYN_MINE_01,SYN_TRUCK_005,dumper,BREAKDOWN,3.698,SYNTHETIC
2026-07-19,B,SYN_MINE_01,SYN_TRUCK_012,dumper,BREAKDOWN,2.657,SYNTHETIC
2026-07-19,C,SYN_MINE_01,SYN_TRUCK_012,dumper,BREAKDOWN,2.926,SYNTHETIC
2026-07-19,A,SYN_MINE_01,SYN_TRUCK_013,dumper,BREAKDOWN,4.916,SYNTHETIC
2026-07-20,A,SYN_MINE_01,SYN_DRILL_002,drill,BREAKDOWN,0.211,SYNTHETIC
2026-07-20,A,SYN_MINE_01,SYN_TRUCK_003,dumper,BREAKDOWN,1.663,SYNTHETIC
2026-07-20,C,SYN_MINE_01,SYN_TRUCK_006,dumper,BREAKDOWN,5.114,SYNTHETIC
2026-07-20,A,SYN_MINE_01,SYN_TRUCK_008,dumper,PREVENTIVE_MAINTENANCE,6.975,SYNTHETIC
2026-07-21,A,SYN_MINE_01,SYN_DRILL_001,drill,BREAKDOWN,1.809,SYNTHETIC
2026-07-21,A,SYN_MINE_01,SYN_DRILL_002,drill,BREAKDOWN,1.585,SYNTHETIC
2026-07-21,B,SYN_MINE_01,SYN_DRILL_002,drill,BREAKDOWN,3.207,SYNTHETIC
2026-07-21,B,SYN_MINE_01,SYN_TRUCK_004,dumper,BREAKDOWN,1.054,SYNTHETIC
2026-07-21,C,SYN_MINE_01,SYN_TRUCK_007,dumper,BREAKDOWN,1.828,SYNTHETIC
2026-07-21,B,SYN_MINE_01,SYN_TRUCK_009,dumper,BREAKDOWN,0.043,SYNTHETIC
2026-07-21,C,SYN_MINE_01,SYN_TRUCK_010,dumper,BREAKDOWN,4.502,SYNTHETIC
2026-07-21,A,SYN_MINE_01,SYN_TRUCK_011,dumper,BREAKDOWN,0.196,SYNTHETIC
2026-07-22,A,SYN_MINE_01,SYN_EXC_001,excavator,BREAKDOWN,2.704,SYNTHETIC
2026-07-22,C,SYN_MINE_01,SYN_TRUCK_006,dumper,BREAKDOWN,1.512,SYNTHETIC
2026-07-23,ALL,SYN_MINE_01,SITE,site,POWER_OUTAGE,2.19,SYNTHETIC
2026-07-23,B,SYN_MINE_01,SYN_DRILL_001,drill,BREAKDOWN,0.883,SYNTHETIC
2026-07-23,A,SYN_MINE_01,SYN_DRILL_002,drill,PREVENTIVE_MAINTENANCE,4.205,SYNTHETIC
2026-07-23,A,SYN_MINE_01,SYN_TRUCK_001,dumper,PREVENTIVE_MAINTENANCE,5.034,SYNTHETIC
2026-07-23,B,SYN_MINE_01,SYN_TRUCK_002,dumper,BREAKDOWN,1.444,SYNTHETIC
2026-07-23,A,SYN_MINE_01,SYN_TRUCK_005,dumper,PREVENTIVE_MAINTENANCE,6.686,SYNTHETIC
2026-07-23,C,SYN_MINE_01,SYN_TRUCK_007,dumper,BREAKDOWN,0.949,SYNTHETIC
2026-07-23,A,SYN_MINE_01,SYN_TRUCK_012,dumper,BREAKDOWN,3.569,SYNTHETIC
2026-07-23,A,SYN_MINE_01,SYN_TRUCK_013,dumper,BREAKDOWN,3.685,SYNTHETIC
2026-07-24,A,SYN_MINE_01,SYN_DRILL_002,drill,BREAKDOWN,1.234,SYNTHETIC
2026-07-24,C,SYN_MINE_01,SYN_DRILL_002,drill,BREAKDOWN,3.667,SYNTHETIC
2026-07-24,B,SYN_MINE_01,SYN_TRUCK_003,dumper,BREAKDOWN,3.838,SYNTHETIC
2026-07-24,B,SYN_MINE_01,SYN_TRUCK_010,dumper,BREAKDOWN,6.46,SYNTHETIC
2026-07-24,A,SYN_MINE_01,SYN_TRUCK_013,dumper,BREAKDOWN,4.74,SYNTHETIC
2026-07-25,C,SYN_MINE_01,SYN_DRILL_001,drill,BREAKDOWN,1.151,SYNTHETIC
2026-07-25,C,SYN_MINE_01,SYN_TRUCK_009,dumper,BREAKDOWN,2.274,SYNTHETIC
2026-07-25,B,SYN_MINE_01,SYN_TRUCK_012,dumper,BREAKDOWN,6.813,SYNTHETIC
2026-07-25,A,SYN_MINE_01,SYN_TRUCK_013,dumper,BREAKDOWN,0.044,SYNTHETIC
2026-07-26,C,SYN_MINE_01,SYN_DRILL_002,drill,BREAKDOWN,2.826,SYNTHETIC
2026-07-26,B,SYN_MINE_01,SYN_EXC_002,excavator,BREAKDOWN,2.018,SYNTHETIC
2026-07-26,B,SYN_MINE_01,SYN_TRUCK_009,dumper,BREAKDOWN,1.73,SYNTHETIC
2026-07-26,C,SYN_MINE_01,SYN_TRUCK_010,dumper,BREAKDOWN,1.047,SYNTHETIC
2026-07-27,B,SYN_MINE_01,SYN_TRUCK_007,dumper,BREAKDOWN,0.285,SYNTHETIC
2026-07-28,A,SYN_MINE_01,SYN_DRILL_001,drill,BREAKDOWN,0.468,SYNTHETIC
2026-07-28,A,SYN_MINE_01,SYN_TRUCK_001,dumper,BREAKDOWN,3.162,SYNTHETIC
2026-07-28,B,SYN_MINE_01,SYN_TRUCK_010,dumper,BREAKDOWN,0.057,SYNTHETIC
2026-07-28,A,SYN_MINE_01,SYN_TRUCK_013,dumper,PREVENTIVE_MAINTENANCE,7.0,SYNTHETIC
2026-07-29,A,SYN_MINE_01,SYN_EXC_001,excavator,PREVENTIVE_MAINTENANCE,6.821,SYNTHETIC
2026-07-29,C,SYN_MINE_01,SYN_EXC_001,excavator,BREAKDOWN,1.19,SYNTHETIC
2026-07-29,C,SYN_MINE_01,SYN_TRUCK_004,dumper,BREAKDOWN,1.98,SYNTHETIC
2026-07-29,A,SYN_MINE_01,SYN_TRUCK_005,dumper,BREAKDOWN,2.915,SYNTHETIC
2026-07-29,A,SYN_MINE_01,SYN_TRUCK_006,dumper,PREVENTIVE_MAINTENANCE,6.137,SYNTHETIC
2026-07-30,A,SYN_MINE_01,SYN_TRUCK_002,dumper,BREAKDOWN,0.986,SYNTHETIC
2026-07-30,C,SYN_MINE_01,SYN_TRUCK_002,dumper,BREAKDOWN,3.002,SYNTHETIC
2026-07-30,A,SYN_MINE_01,SYN_TRUCK_005,dumper,BREAKDOWN,5.983,SYNTHETIC
2026-07-30,B,SYN_MINE_01,SYN_TRUCK_013,dumper,BREAKDOWN,2.187,SYNTHETIC
2026-07-31,B,SYN_MINE_01,SYN_DRILL_002,drill,BREAKDOWN,0.568,SYNTHETIC
2026-07-31,A,SYN_MINE_01,SYN_TRUCK_003,dumper,PREVENTIVE_MAINTENANCE,6.465,SYNTHETIC
2026-07-31,B,SYN_MINE_01,SYN_TRUCK_006,dumper,BREAKDOWN,2.77,SYNTHETIC
2026-07-31,C,SYN_MINE_01,SYN_TRUCK_007,dumper,BREAKDOWN,2.698,SYNTHETIC
2026-07-31,C,SYN_MINE_01,SYN_TRUCK_009,dumper,BREAKDOWN,2.42,SYNTHETIC
2026-07-31,A,SYN_MINE_01,SYN_TRUCK_010,dumper,PREVENTIVE_MAINTENANCE,5.213,SYNTHETIC
2026-07-31,A,SYN_MINE_01,SYN_TRUCK_011,dumper,BREAKDOWN,4.572,SYNTHETIC
2026-07-31,B,SYN_MINE_01,SYN_TRUCK_014,dumper,BREAKDOWN,2.344,SYNTHETIC
2026-08-01,A,SYN_MINE_01,SYN_TRUCK_005,dumper,BREAKDOWN,0.668,SYNTHETIC
2026-08-01,A,SYN_MINE_01,SYN_TRUCK_009,dumper,BREAKDOWN,2.277,SYNTHETIC
2026-08-02,A,SYN_MINE_01,SYN_TRUCK_002,dumper,PREVENTIVE_MAINTENANCE,4.041,SYNTHETIC
2026-08-02,B,SYN_MINE_01,SYN_TRUCK_007,dumper,BREAKDOWN,5.253,SYNTHETIC
2026-08-02,A,SYN_MINE_01,SYN_TRUCK_009,dumper,PREVENTIVE_MAINTENANCE,4.011,SYNTHETIC
2026-08-03,B,SYN_MINE_01,SYN_DRILL_002,drill,BREAKDOWN,2.424,SYNTHETIC
2026-08-03,A,SYN_MINE_01,SYN_EXC_001,excavator,BREAKDOWN,3.855,SYNTHETIC
2026-08-03,A,SYN_MINE_01,SYN_EXC_002,excavator,PREVENTIVE_MAINTENANCE,7.0,SYNTHETIC
2026-08-03,A,SYN_MINE_01,SYN_TRUCK_014,dumper,BREAKDOWN,2.319,SYNTHETIC
2026-08-04,A,SYN_MINE_01,SYN_TRUCK_002,dumper,BREAKDOWN,3.985,SYNTHETIC
2026-08-04,A,SYN_MINE_01,SYN_TRUCK_004,dumper,PREVENTIVE_MAINTENANCE,6.999,SYNTHETIC
2026-08-04,B,SYN_MINE_01,SYN_TRUCK_009,dumper,BREAKDOWN,2.355,SYNTHETIC
2026-08-05,C,SYN_MINE_01,SYN_DRILL_001,drill,BREAKDOWN,0.426,SYNTHETIC
2026-08-05,A,SYN_MINE_01,SYN_DRILL_002,drill,PREVENTIVE_MAINTENANCE,4.25,SYNTHETIC
2026-08-05,C,SYN_MINE_01,SYN_TRUCK_002,dumper,BREAKDOWN,0.442,SYNTHETIC
2026-08-05,A,SYN_MINE_01,SYN_TRUCK_011,dumper,BREAKDOWN,5.824,SYNTHETIC
2026-08-05,A,SYN_MINE_01,SYN_TRUCK_012,dumper,PREVENTIVE_MAINTENANCE,5.597,SYNTHETIC
2026-08-05,A,SYN_MINE_01,SYN_TRUCK_014,dumper,PREVENTIVE_MAINTENANCE,5.22,SYNTHETIC
2026-08-05,C,SYN_MINE_01,SYN_TRUCK_014,dumper,BREAKDOWN,0.525,SYNTHETIC
2026-08-06,B,SYN_MINE_01,SYN_DRILL_001,drill,BREAKDOWN,6.098,SYNTHETIC
2026-08-06,B,SYN_MINE_01,SYN_DRILL_002,drill,BREAKDOWN,4.186,SYNTHETIC
2026-08-06,C,SYN_MINE_01,SYN_EXC_001,excavator,BREAKDOWN,4.969,SYNTHETIC
2026-08-06,A,SYN_MINE_01,SYN_EXC_002,excavator,BREAKDOWN,1.983,SYNTHETIC
2026-08-06,B,SYN_MINE_01,SYN_TRUCK_006,dumper,BREAKDOWN,1.171,SYNTHETIC
2026-08-06,A,SYN_MINE_01,SYN_TRUCK_011,dumper,PREVENTIVE_MAINTENANCE,7.0,SYNTHETIC
2026-08-07,A,SYN_MINE_01,SYN_DRILL_002,drill,BREAKDOWN,2.765,SYNTHETIC
2026-08-07,A,SYN_MINE_01,SYN_TRUCK_001,dumper,BREAKDOWN,4.541,SYNTHETIC
2026-08-07,A,SYN_MINE_01,SYN_TRUCK_007,dumper,PREVENTIVE_MAINTENANCE,7.0,SYNTHETIC
2026-08-07,B,SYN_MINE_01,SYN_TRUCK_009,dumper,BREAKDOWN,3.359,SYNTHETIC
2026-08-08,A,SYN_MINE_01,SYN_DRILL_001,drill,BREAKDOWN,1.89,SYNTHETIC
2026-08-08,B,SYN_MINE_01,SYN_DRILL_001,drill,BREAKDOWN,3.804,SYNTHETIC
2026-08-08,B,SYN_MINE_01,SYN_TRUCK_004,dumper,BREAKDOWN,1.439,SYNTHETIC
2026-08-08,C,SYN_MINE_01,SYN_TRUCK_005,dumper,BREAKDOWN,2.071,SYNTHETIC
2026-08-08,A,SYN_MINE_01,SYN_TRUCK_008,dumper,PREVENTIVE_MAINTENANCE,7.0,SYNTHETIC
2026-08-08,A,SYN_MINE_01,SYN_TRUCK_012,dumper,BREAKDOWN,5.391,SYNTHETIC
2026-08-09,A,SYN_MINE_01,SYN_DRILL_001,drill,PREVENTIVE_MAINTENANCE,4.446,SYNTHETIC
2026-08-09,B,SYN_MINE_01,SYN_DRILL_001,drill,BREAKDOWN,1.981,SYNTHETIC
2026-08-09,B,SYN_MINE_01,SYN_DRILL_002,drill,BREAKDOWN,2.089,SYNTHETIC
2026-08-09,C,SYN_MINE_01,SYN_DRILL_002,drill,BREAKDOWN,5.615,SYNTHETIC
2026-08-09,A,SYN_MINE_01,SYN_TRUCK_002,dumper,BREAKDOWN,3.75,SYNTHETIC
2026-08-09,C,SYN_MINE_01,SYN_TRUCK_003,dumper,BREAKDOWN,3.53,SYNTHETIC
2026-08-09,A,SYN_MINE_01,SYN_TRUCK_006,dumper,BREAKDOWN,5.76,SYNTHETIC
2026-08-09,A,SYN_MINE_01,SYN_TRUCK_007,dumper,BREAKDOWN,1.266,SYNTHETIC
2026-08-10,C,SYN_MINE_01,SYN_DRILL_001,drill,BREAKDOWN,1.329,SYNTHETIC
2026-08-10,A,SYN_MINE_01,SYN_DRILL_002,drill,BREAKDOWN,0.61,SYNTHETIC
2026-08-10,B,SYN_MINE_01,SYN_TRUCK_001,dumper,BREAKDOWN,4.255,SYNTHETIC
2026-08-10,C,SYN_MINE_01,SYN_TRUCK_004,dumper,BREAKDOWN,5.452,SYNTHETIC
2026-08-10,B,SYN_MINE_01,SYN_TRUCK_007,dumper,BREAKDOWN,4.729,SYNTHETIC
2026-08-10,A,SYN_MINE_01,SYN_TRUCK_008,dumper,BREAKDOWN,0.995,SYNTHETIC
2026-08-10,B,SYN_MINE_01,SYN_TRUCK_010,dumper,BREAKDOWN,3.317,SYNTHETIC
2026-08-10,B,SYN_MINE_01,SYN_TRUCK_012,dumper,BREAKDOWN,6.604,SYNTHETIC
2026-08-11,A,SYN_MINE_01,SYN_TRUCK_006,dumper,BREAKDOWN,3.227,SYNTHETIC
2026-08-11,B,SYN_MINE_01,SYN_TRUCK_006,dumper,BREAKDOWN,5.931,SYNTHETIC
2026-08-11,A,SYN_MINE_01,SYN_TRUCK_009,dumper,BREAKDOWN,3.663,SYNTHETIC
2026-08-11,C,SYN_MINE_01,SYN_TRUCK_009,dumper,BREAKDOWN,2.469,SYNTHETIC
2026-08-11,A,SYN_MINE_01,SYN_TRUCK_014,dumper,BREAKDOWN,1.829,SYNTHETIC
2026-08-12,C,SYN_MINE_01,SYN_EXC_001,excavator,BREAKDOWN,3.906,SYNTHETIC
2026-08-12,A,SYN_MINE_01,SYN_TRUCK_001,dumper,PREVENTIVE_MAINTENANCE,5.543,SYNTHETIC
2026-08-12,C,SYN_MINE_01,SYN_TRUCK_001,dumper,BREAKDOWN,1.44,SYNTHETIC
2026-08-12,B,SYN_MINE_01,SYN_TRUCK_003,dumper,BREAKDOWN,6.735,SYNTHETIC
2026-08-12,A,SYN_MINE_01,SYN_TRUCK_005,dumper,PREVENTIVE_MAINTENANCE,5.435,SYNTHETIC
2026-08-12,C,SYN_MINE_01,SYN_TRUCK_009,dumper,BREAKDOWN,1.591,SYNTHETIC
2026-08-12,C,SYN_MINE_01,SYN_TRUCK_010,dumper,BREAKDOWN,0.283,SYNTHETIC
2026-08-12,C,SYN_MINE_01,SYN_TRUCK_012,dumper,BREAKDOWN,1.996,SYNTHETIC
2026-08-12,A,SYN_MINE_01,SYN_TRUCK_013,dumper,BREAKDOWN,1.156,SYNTHETIC
2026-08-12,A,SYN_MINE_01,SYN_TRUCK_014,dumper,BREAKDOWN,4.005,SYNTHETIC
2026-08-13,C,SYN_MINE_01,SYN_DRILL_002,drill,BREAKDOWN,4.442,SYNTHETIC
2026-08-13,A,SYN_MINE_01,SYN_TRUCK_004,dumper,BREAKDOWN,1.471,SYNTHETIC
2026-08-13,B,SYN_MINE_01,SYN_TRUCK_010,dumper,BREAKDOWN,5.085,SYNTHETIC
2026-08-13,B,SYN_MINE_01,SYN_TRUCK_013,dumper,BREAKDOWN,3.874,SYNTHETIC
2026-08-14,B,SYN_MINE_01,SYN_DRILL_002,drill,BREAKDOWN,0.004,SYNTHETIC
2026-08-14,B,SYN_MINE_01,SYN_EXC_001,excavator,BREAKDOWN,2.986,SYNTHETIC
2026-08-14,B,SYN_MINE_01,SYN_TRUCK_003,dumper,BREAKDOWN,1.216,SYNTHETIC
2026-08-14,B,SYN_MINE_01,SYN_TRUCK_012,dumper,BREAKDOWN,2.284,SYNTHETIC
2026-08-15,C,SYN_MINE_01,SYN_TRUCK_002,dumper,BREAKDOWN,3.468,SYNTHETIC
2026-08-15,B,SYN_MINE_01,SYN_TRUCK_003,dumper,BREAKDOWN,5.989,SYNTHETIC
2026-08-15,B,SYN_MINE_01,SYN_TRUCK_005,dumper,BREAKDOWN,0.547,SYNTHETIC
2026-08-15,B,SYN_MINE_01,SYN_TRUCK_008,dumper,BREAKDOWN,1.697,SYNTHETIC
2026-08-15,A,SYN_MINE_01,SYN_TRUCK_009,dumper,BREAKDOWN,1.132,SYNTHETIC
2026-08-15,A,SYN_MINE_01,SYN_TRUCK_013,dumper,BREAKDOWN,0.638,SYNTHETIC
2026-08-16,C,SYN_MINE_01,SYN_DRILL_001,drill,BREAKDOWN,1.415,SYNTHETIC
2026-08-16,A,SYN_MINE_01,SYN_EXC_001,excavator,PREVENTIVE_MAINTENANCE,7.0,SYNTHETIC
2026-08-16,B,SYN_MINE_01,SYN_EXC_001,excavator,BREAKDOWN,5.635,SYNTHETIC
2026-08-16,A,SYN_MINE_01,SYN_TRUCK_001,dumper,BREAKDOWN,1.292,SYNTHETIC
2026-08-16,C,SYN_MINE_01,SYN_TRUCK_009,dumper,BREAKDOWN,2.291,SYNTHETIC
2026-08-16,C,SYN_MINE_01,SYN_TRUCK_013,dumper,BREAKDOWN,2.56,SYNTHETIC
2026-08-16,B,SYN_MINE_01,SYN_TRUCK_014,dumper,BREAKDOWN,2.581,SYNTHETIC
2026-08-17,A,SYN_MINE_01,SYN_TRUCK_006,dumper,BREAKDOWN,5.756,SYNTHETIC
2026-08-17,C,SYN_MINE_01,SYN_TRUCK_010,dumper,BREAKDOWN,0.036,SYNTHETIC
2026-08-17,B,SYN_MINE_01,SYN_TRUCK_013,dumper,BREAKDOWN,5.846,SYNTHETIC
2026-08-18,A,SYN_MINE_01,SYN_DRILL_002,drill,PREVENTIVE_MAINTENANCE,5.492,SYNTHETIC
2026-08-18,B,SYN_MINE_01,SYN_TRUCK_002,dumper,BREAKDOWN,1.797,SYNTHETIC
2026-08-18,A,SYN_MINE_01,SYN_TRUCK_005,dumper,BREAKDOWN,1.542,SYNTHETIC
2026-08-18,C,SYN_MINE_01,SYN_TRUCK_006,dumper,BREAKDOWN,4.473,SYNTHETIC
2026-08-19,A,SYN_MINE_01,SYN_EXC_002,excavator,PREVENTIVE_MAINTENANCE,7.0,SYNTHETIC
2026-08-19,A,SYN_MINE_01,SYN_TRUCK_003,dumper,BREAKDOWN,3.492,SYNTHETIC
2026-08-19,C,SYN_MINE_01,SYN_TRUCK_004,dumper,BREAKDOWN,2.167,SYNTHETIC
2026-08-19,B,SYN_MINE_01,SYN_TRUCK_011,dumper,BREAKDOWN,2.398,SYNTHETIC
2026-08-19,A,SYN_MINE_01,SYN_TRUCK_012,dumper,BREAKDOWN,2.661,SYNTHETIC
2026-08-20,A,SYN_MINE_01,SYN_DRILL_001,drill,PREVENTIVE_MAINTENANCE,5.876,SYNTHETIC
2026-08-20,B,SYN_MINE_01,SYN_DRILL_001,drill,BREAKDOWN,2.543,SYNTHETIC
2026-08-20,A,SYN_MINE_01,SYN_EXC_001,excavator,BREAKDOWN,3.263,SYNTHETIC
2026-08-20,C,SYN_MINE_01,SYN_TRUCK_001,dumper,BREAKDOWN,3.663,SYNTHETIC
2026-08-20,A,SYN_MINE_01,SYN_TRUCK_002,dumper,BREAKDOWN,2.996,SYNTHETIC
2026-08-20,B,SYN_MINE_01,SYN_TRUCK_005,dumper,BREAKDOWN,5.183,SYNTHETIC
2026-08-20,A,SYN_MINE_01,SYN_TRUCK_006,dumper,PREVENTIVE_MAINTENANCE,7.0,SYNTHETIC
2026-08-20,A,SYN_MINE_01,SYN_TRUCK_010,dumper,PREVENTIVE_MAINTENANCE,7.0,SYNTHETIC
2026-08-20,A,SYN_MINE_01,SYN_TRUCK_013,dumper,PREVENTIVE_MAINTENANCE,7.0,SYNTHETIC
2026-08-21,B,SYN_MINE_01,SYN_DRILL_002,drill,BREAKDOWN,2.475,SYNTHETIC
2026-08-21,A,SYN_MINE_01,SYN_TRUCK_001,dumper,BREAKDOWN,2.948,SYNTHETIC
2026-08-21,A,SYN_MINE_01,SYN_TRUCK_003,dumper,BREAKDOWN,2.827,SYNTHETIC
2026-08-21,C,SYN_MINE_01,SYN_TRUCK_003,dumper,BREAKDOWN,0.569,SYNTHETIC
2026-08-21,C,SYN_MINE_01,SYN_TRUCK_012,dumper,BREAKDOWN,2.182,SYNTHETIC
2026-08-22,A,SYN_MINE_01,SYN_TRUCK_002,dumper,PREVENTIVE_MAINTENANCE,4.521,SYNTHETIC
2026-08-22,B,SYN_MINE_01,SYN_TRUCK_002,dumper,BREAKDOWN,5.504,SYNTHETIC
2026-08-22,C,SYN_MINE_01,SYN_TRUCK_002,dumper,BREAKDOWN,5.921,SYNTHETIC
2026-08-22,A,SYN_MINE_01,SYN_TRUCK_005,dumper,BREAKDOWN,2.399,SYNTHETIC
2026-08-22,C,SYN_MINE_01,SYN_TRUCK_007,dumper,BREAKDOWN,1.695,SYNTHETIC
2026-08-22,C,SYN_MINE_01,SYN_TRUCK_011,dumper,BREAKDOWN,3.098,SYNTHETIC
2026-08-22,A,SYN_MINE_01,SYN_TRUCK_012,dumper,BREAKDOWN,3.56,SYNTHETIC
2026-08-22,C,SYN_MINE_01,SYN_TRUCK_012,dumper,BREAKDOWN,3.826,SYNTHETIC
2026-08-23,A,SYN_MINE_01,SYN_DRILL_002,drill,BREAKDOWN,3.353,SYNTHETIC
2026-08-23,B,SYN_MINE_01,SYN_DRILL_002,drill,BREAKDOWN,0.902,SYNTHETIC
2026-08-23,C,SYN_MINE_01,SYN_TRUCK_005,dumper,BREAKDOWN,3.542,SYNTHETIC
2026-08-23,C,SYN_MINE_01,SYN_TRUCK_006,dumper,BREAKDOWN,3.359,SYNTHETIC
2026-08-23,B,SYN_MINE_01,SYN_TRUCK_009,dumper,BREAKDOWN,3.579,SYNTHETIC
2026-08-23,A,SYN_MINE_01,SYN_TRUCK_010,dumper,BREAKDOWN,0.766,SYNTHETIC
2026-08-23,A,SYN_MINE_01,SYN_TRUCK_013,dumper,BREAKDOWN,1.478,SYNTHETIC
2026-08-24,C,SYN_MINE_01,SYN_TRUCK_003,dumper,BREAKDOWN,4.082,SYNTHETIC
2026-08-24,A,SYN_MINE_01,SYN_TRUCK_004,dumper,PREVENTIVE_MAINTENANCE,6.343,SYNTHETIC
2026-08-24,B,SYN_MINE_01,SYN_TRUCK_004,dumper,BREAKDOWN,1.909,SYNTHETIC
2026-08-24,C,SYN_MINE_01,SYN_TRUCK_014,dumper,BREAKDOWN,2.292,SYNTHETIC
2026-08-25,C,SYN_MINE_01,SYN_DRILL_002,drill,BREAKDOWN,4.53,SYNTHETIC
2026-08-25,A,SYN_MINE_01,SYN_EXC_002,excavator,BREAKDOWN,1.92,SYNTHETIC
2026-08-25,B,SYN_MINE_01,SYN_TRUCK_001,dumper,BREAKDOWN,6.603,SYNTHETIC
2026-08-25,A,SYN_MINE_01,SYN_TRUCK_008,dumper,BREAKDOWN,1.166,SYNTHETIC
2026-08-25,A,SYN_MINE_01,SYN_TRUCK_009,dumper,PREVENTIVE_MAINTENANCE,7.0,SYNTHETIC
2026-08-25,A,SYN_MINE_01,SYN_TRUCK_013,dumper,BREAKDOWN,1.731,SYNTHETIC
2026-08-26,A,SYN_MINE_01,SYN_TRUCK_003,dumper,PREVENTIVE_MAINTENANCE,5.703,SYNTHETIC
2026-08-26,C,SYN_MINE_01,SYN_TRUCK_003,dumper,BREAKDOWN,1.243,SYNTHETIC
2026-08-26,C,SYN_MINE_01,SYN_TRUCK_004,dumper,BREAKDOWN,2.088,SYNTHETIC
2026-08-26,C,SYN_MINE_01,SYN_TRUCK_008,dumper,BREAKDOWN,1.94,SYNTHETIC
2026-08-26,A,SYN_MINE_01,SYN_TRUCK_011,dumper,PREVENTIVE_MAINTENANCE,7.0,SYNTHETIC
2026-08-26,A,SYN_MINE_01,SYN_TRUCK_012,dumper,PREVENTIVE_MAINTENANCE,6.838,SYNTHETIC
2026-08-26,A,SYN_MINE_01,SYN_TRUCK_014,dumper,PREVENTIVE_MAINTENANCE,6.334,SYNTHETIC
2026-08-27,B,SYN_MINE_01,SYN_DRILL_001,drill,BREAKDOWN,4.536,SYNTHETIC
2026-08-27,A,SYN_MINE_01,SYN_TRUCK_003,dumper,BREAKDOWN,5.286,SYNTHETIC
2026-08-27,A,SYN_MINE_01,SYN_TRUCK_007,dumper,PREVENTIVE_MAINTENANCE,4.555,SYNTHETIC
2026-08-28,A,SYN_MINE_01,SYN_TRUCK_004,dumper,BREAKDOWN,5.044,SYNTHETIC
2026-08-29,C,SYN_MINE_01,SYN_DRILL_001,drill,BREAKDOWN,0.064,SYNTHETIC
2026-08-29,A,SYN_MINE_01,SYN_EXC_002,excavator,BREAKDOWN,0.727,SYNTHETIC
2026-08-29,B,SYN_MINE_01,SYN_TRUCK_001,dumper,BREAKDOWN,0.098,SYNTHETIC
2026-08-29,B,SYN_MINE_01,SYN_TRUCK_002,dumper,BREAKDOWN,6.404,SYNTHETIC
2026-08-29,B,SYN_MINE_01,SYN_TRUCK_003,dumper,BREAKDOWN,0.43,SYNTHETIC
2026-08-29,A,SYN_MINE_01,SYN_TRUCK_005,dumper,BREAKDOWN,1.39,SYNTHETIC
2026-08-29,C,SYN_MINE_01,SYN_TRUCK_007,dumper,BREAKDOWN,4.018,SYNTHETIC
2026-08-29,A,SYN_MINE_01,SYN_TRUCK_008,dumper,PREVENTIVE_MAINTENANCE,5.369,SYNTHETIC
2026-08-30,A,SYN_MINE_01,SYN_DRILL_002,drill,PREVENTIVE_MAINTENANCE,4.98,SYNTHETIC
2026-08-30,C,SYN_MINE_01,SYN_DRILL_002,drill,BREAKDOWN,0.123,SYNTHETIC
2026-08-30,C,SYN_MINE_01,SYN_TRUCK_001,dumper,BREAKDOWN,0.377,SYNTHETIC
2026-08-30,A,SYN_MINE_01,SYN_TRUCK_006,dumper,BREAKDOWN,6.198,SYNTHETIC
2026-08-30,A,SYN_MINE_01,SYN_TRUCK_010,dumper,BREAKDOWN,3.629,SYNTHETIC
2026-08-30,A,SYN_MINE_01,SYN_TRUCK_011,dumper,BREAKDOWN,2.206,SYNTHETIC
2026-08-31,A,SYN_MINE_01,SYN_EXC_001,excavator,BREAKDOWN,1.644,SYNTHETIC
2026-08-31,C,SYN_MINE_01,SYN_TRUCK_005,dumper,BREAKDOWN,0.969,SYNTHETIC
2026-08-31,B,SYN_MINE_01,SYN_TRUCK_012,dumper,BREAKDOWN,1.522,SYNTHETIC
2026-09-01,A,SYN_MINE_01,SYN_DRILL_001,drill,PREVENTIVE_MAINTENANCE,4.869,SYNTHETIC
2026-09-01,C,SYN_MINE_01,SYN_DRILL_001,drill,BREAKDOWN,1.227,SYNTHETIC
2026-09-01,B,SYN_MINE_01,SYN_DRILL_002,drill,BREAKDOWN,4.337,SYNTHETIC
2026-09-01,A,SYN_MINE_01,SYN_TRUCK_001,dumper,PREVENTIVE_MAINTENANCE,7.0,SYNTHETIC
2026-09-01,C,SYN_MINE_01,SYN_TRUCK_007,dumper,BREAKDOWN,5.523,SYNTHETIC
2026-09-01,B,SYN_MINE_01,SYN_TRUCK_010,dumper,BREAKDOWN,3.765,SYNTHETIC
2026-09-01,C,SYN_MINE_01,SYN_TRUCK_014,dumper,BREAKDOWN,3.447,SYNTHETIC
2026-09-02,C,SYN_MINE_01,SYN_DRILL_001,drill,BREAKDOWN,5.186,SYNTHETIC
2026-09-02,A,SYN_MINE_01,SYN_DRILL_002,drill,BREAKDOWN,2.899,SYNTHETIC
2026-09-02,A,SYN_MINE_01,SYN_TRUCK_004,dumper,BREAKDOWN,1.809,SYNTHETIC
2026-09-02,A,SYN_MINE_01,SYN_TRUCK_005,dumper,PREVENTIVE_MAINTENANCE,4.436,SYNTHETIC
2026-09-02,B,SYN_MINE_01,SYN_TRUCK_005,dumper,BREAKDOWN,2.247,SYNTHETIC
2026-09-02,C,SYN_MINE_01,SYN_TRUCK_006,dumper,BREAKDOWN,3.631,SYNTHETIC
2026-09-03,ALL,SYN_MINE_01,SITE,site,WEATHER_SITE_STOPPAGE,3.41,SYNTHETIC
2026-09-03,A,SYN_MINE_01,SYN_EXC_001,excavator,BREAKDOWN,5.038,SYNTHETIC
2026-09-03,A,SYN_MINE_01,SYN_TRUCK_013,dumper,BREAKDOWN,0.386,SYNTHETIC
2026-09-04,A,SYN_MINE_01,SYN_DRILL_002,drill,BREAKDOWN,1.34,SYNTHETIC
2026-09-04,C,SYN_MINE_01,SYN_EXC_002,excavator,BREAKDOWN,3.751,SYNTHETIC
2026-09-05,A,SYN_MINE_01,SYN_EXC_001,excavator,PREVENTIVE_MAINTENANCE,7.0,SYNTHETIC
2026-09-05,A,SYN_MINE_01,SYN_TRUCK_003,dumper,BREAKDOWN,5.651,SYNTHETIC
2026-09-05,C,SYN_MINE_01,SYN_TRUCK_011,dumper,BREAKDOWN,0.449,SYNTHETIC
2026-09-05,B,SYN_MINE_01,SYN_TRUCK_013,dumper,BREAKDOWN,2.202,SYNTHETIC
2026-09-06,A,SYN_MINE_01,SYN_DRILL_001,drill,BREAKDOWN,4.423,SYNTHETIC
2026-09-06,A,SYN_MINE_01,SYN_EXC_002,excavator,PREVENTIVE_MAINTENANCE,6.378,SYNTHETIC
2026-09-06,C,SYN_MINE_01,SYN_TRUCK_002,dumper,BREAKDOWN,4.221,SYNTHETIC
2026-09-06,C,SYN_MINE_01,SYN_TRUCK_013,dumper,BREAKDOWN,3.466,SYNTHETIC
2026-09-07,A,SYN_MINE_01,SYN_DRILL_001,drill,BREAKDOWN,1.395,SYNTHETIC
2026-09-07,A,SYN_MINE_01,SYN_DRILL_002,drill,BREAKDOWN,4.665,SYNTHETIC
2026-09-07,A,SYN_MINE_01,SYN_EXC_001,excavator,BREAKDOWN,5.126,SYNTHETIC
2026-09-07,B,SYN_MINE_01,SYN_EXC_001,excavator,BREAKDOWN,1.097,SYNTHETIC
2026-09-07,A,SYN_MINE_01,SYN_TRUCK_003,dumper,BREAKDOWN,2.318,SYNTHETIC
2026-09-07,B,SYN_MINE_01,SYN_TRUCK_009,dumper,BREAKDOWN,5.435,SYNTHETIC
2026-09-07,B,SYN_MINE_01,SYN_TRUCK_013,dumper,BREAKDOWN,5.585,SYNTHETIC
2026-09-08,A,SYN_MINE_01,SYN_TRUCK_005,dumper,BREAKDOWN,3.716,SYNTHETIC
2026-09-08,C,SYN_MINE_01,SYN_TRUCK_005,dumper,BREAKDOWN,0.313,SYNTHETIC
2026-09-08,A,SYN_MINE_01,SYN_TRUCK_006,dumper,BREAKDOWN,5.99,SYNTHETIC
2026-09-08,A,SYN_MINE_01,SYN_TRUCK_010,dumper,PREVENTIVE_MAINTENANCE,4.425,SYNTHETIC
2026-09-09,ALL,SYN_MINE_01,SITE,site,POWER_OUTAGE,5.24,SYNTHETIC
2026-09-09,A,SYN_MINE_01,SYN_DRILL_002,drill,BREAKDOWN,1.572,SYNTHETIC
2026-09-09,B,SYN_MINE_01,SYN_TRUCK_002,dumper,BREAKDOWN,2.038,SYNTHETIC
2026-09-09,A,SYN_MINE_01,SYN_TRUCK_006,dumper,PREVENTIVE_MAINTENANCE,4.921,SYNTHETIC
2026-09-10,A,SYN_MINE_01,SYN_EXC_001,excavator,BREAKDOWN,3.484,SYNTHETIC
2026-09-10,A,SYN_MINE_01,SYN_TRUCK_001,dumper,BREAKDOWN,0.835,SYNTHETIC
2026-09-10,A,SYN_MINE_01,SYN_TRUCK_004,dumper,BREAKDOWN,1.681,SYNTHETIC
2026-09-10,A,SYN_MINE_01,SYN_TRUCK_012,dumper,BREAKDOWN,4.356,SYNTHETIC
2026-09-10,A,SYN_MINE_01,SYN_TRUCK_013,dumper,PREVENTIVE_MAINTENANCE,5.401,SYNTHETIC
2026-09-11,A,SYN_MINE_01,SYN_TRUCK_001,dumper,BREAKDOWN,5.077,SYNTHETIC
2026-09-11,A,SYN_MINE_01,SYN_TRUCK_004,dumper,BREAKDOWN,5.036,SYNTHETIC
2026-09-11,B,SYN_MINE_01,SYN_TRUCK_008,dumper,BREAKDOWN,3.298,SYNTHETIC
2026-09-11,B,SYN_MINE_01,SYN_TRUCK_014,dumper,BREAKDOWN,3.184,SYNTHETIC
2026-09-12,B,SYN_MINE_01,SYN_DRILL_001,drill,BREAKDOWN,2.271,SYNTHETIC
2026-09-12,A,SYN_MINE_01,SYN_DRILL_002,drill,PREVENTIVE_MAINTENANCE,5.412,SYNTHETIC
2026-09-12,C,SYN_MINE_01,SYN_TRUCK_003,dumper,BREAKDOWN,1.21,SYNTHETIC
2026-09-12,C,SYN_MINE_01,SYN_TRUCK_006,dumper,BREAKDOWN,1.584,SYNTHETIC
2026-09-12,C,SYN_MINE_01,SYN_TRUCK_007,dumper,BREAKDOWN,3.945,SYNTHETIC
2026-09-12,A,SYN_MINE_01,SYN_TRUCK_010,dumper,BREAKDOWN,1.932,SYNTHETIC
2026-09-12,B,SYN_MINE_01,SYN_TRUCK_011,dumper,BREAKDOWN,3.901,SYNTHETIC
2026-09-12,C,SYN_MINE_01,SYN_TRUCK_011,dumper,BREAKDOWN,3.357,SYNTHETIC
2026-09-13,C,SYN_MINE_01,SYN_DRILL_001,drill,BREAKDOWN,1.226,SYNTHETIC
2026-09-13,C,SYN_MINE_01,SYN_TRUCK_002,dumper,BREAKDOWN,2.823,SYNTHETIC
2026-09-13,C,SYN_MINE_01,SYN_TRUCK_003,dumper,BREAKDOWN,0.925,SYNTHETIC
2026-09-13,A,SYN_MINE_01,SYN_TRUCK_005,dumper,BREAKDOWN,5.336,SYNTHETIC
2026-09-13,C,SYN_MINE_01,SYN_TRUCK_011,dumper,BREAKDOWN,2.152,SYNTHETIC
2026-09-13,A,SYN_MINE_01,SYN_TRUCK_012,dumper,BREAKDOWN,4.697,SYNTHETIC
2026-09-13,A,SYN_MINE_01,SYN_TRUCK_013,dumper,BREAKDOWN,3.9,SYNTHETIC
2026-09-14,A,SYN_MINE_01,SYN_DRILL_001,drill,PREVENTIVE_MAINTENANCE,5.338,SYNTHETIC
2026-09-14,C,SYN_MINE_01,SYN_TRUCK_002,dumper,BREAKDOWN,0.353,SYNTHETIC
2026-09-14,B,SYN_MINE_01,SYN_TRUCK_003,dumper,BREAKDOWN,1.251,SYNTHETIC
2026-09-14,A,SYN_MINE_01,SYN_TRUCK_004,dumper,PREVENTIVE_MAINTENANCE,4.965,SYNTHETIC
2026-09-14,C,SYN_MINE_01,SYN_TRUCK_006,dumper,BREAKDOWN,1.824,SYNTHETIC
2026-09-14,B,SYN_MINE_01,SYN_TRUCK_007,dumper,BREAKDOWN,0.322,SYNTHETIC
2026-09-14,A,SYN_MINE_01,SYN_TRUCK_008,dumper,BREAKDOWN,1.742,SYNTHETIC
2026-09-14,A,SYN_MINE_01,SYN_TRUCK_009,dumper,PREVENTIVE_MAINTENANCE,7.0,SYNTHETIC
2026-09-15,C,SYN_MINE_01,SYN_EXC_002,excavator,BREAKDOWN,5.001,SYNTHETIC
2026-09-15,C,SYN_MINE_01,SYN_TRUCK_003,dumper,BREAKDOWN,4.674,SYNTHETIC
2026-09-15,A,SYN_MINE_01,SYN_TRUCK_007,dumper,BREAKDOWN,4.638,SYNTHETIC
2026-09-15,A,SYN_MINE_01,SYN_TRUCK_012,dumper,PREVENTIVE_MAINTENANCE,6.33,SYNTHETIC
2026-09-16,ALL,SYN_MINE_01,SITE,site,POWER_OUTAGE,2.74,SYNTHETIC
2026-09-16,C,SYN_MINE_01,SYN_DRILL_002,drill,BREAKDOWN,2.206,SYNTHETIC
2026-09-16,A,SYN_MINE_01,SYN_EXC_001,excavator,BREAKDOWN,3.887,SYNTHETIC
2026-09-16,A,SYN_MINE_01,SYN_TRUCK_002,dumper,PREVENTIVE_MAINTENANCE,7.0,SYNTHETIC
2026-09-16,C,SYN_MINE_01,SYN_TRUCK_003,dumper,BREAKDOWN,2.781,SYNTHETIC
2026-09-16,A,SYN_MINE_01,SYN_TRUCK_007,dumper,BREAKDOWN,2.146,SYNTHETIC
2026-09-16,B,SYN_MINE_01,SYN_TRUCK_007,dumper,BREAKDOWN,2.249,SYNTHETIC
2026-09-16,A,SYN_MINE_01,SYN_TRUCK_011,dumper,PREVENTIVE_MAINTENANCE,7.0,SYNTHETIC
2026-09-16,C,SYN_MINE_01,SYN_TRUCK_012,dumper,BREAKDOWN,0.039,SYNTHETIC
2026-09-17,B,SYN_MINE_01,SYN_DRILL_001,drill,BREAKDOWN,3.458,SYNTHETIC
2026-09-17,C,SYN_MINE_01,SYN_TRUCK_003,dumper,BREAKDOWN,1.374,SYNTHETIC
2026-09-17,B,SYN_MINE_01,SYN_TRUCK_005,dumper,BREAKDOWN,1.659,SYNTHETIC
2026-09-17,C,SYN_MINE_01,SYN_TRUCK_007,dumper,BREAKDOWN,4.27,SYNTHETIC
2026-09-18,A,SYN_MINE_01,SYN_DRILL_002,drill,BREAKDOWN,1.949,SYNTHETIC
2026-09-18,A,SYN_MINE_01,SYN_TRUCK_003,dumper,PREVENTIVE_MAINTENANCE,7.0,SYNTHETIC
2026-09-18,B,SYN_MINE_01,SYN_TRUCK_003,dumper,BREAKDOWN,5.96,SYNTHETIC
2026-09-18,A,SYN_MINE_01,SYN_TRUCK_008,dumper,PREVENTIVE_MAINTENANCE,6.706,SYNTHETIC
2026-09-18,A,SYN_MINE_01,SYN_TRUCK_012,dumper,BREAKDOWN,3.549,SYNTHETIC
2026-09-19,A,SYN_MINE_01,SYN_DRILL_002,drill,BREAKDOWN,3.464,SYNTHETIC
2026-09-19,B,SYN_MINE_01,SYN_DRILL_002,drill,BREAKDOWN,2.213,SYNTHETIC
2026-09-19,B,SYN_MINE_01,SYN_TRUCK_005,dumper,BREAKDOWN,3.373,SYNTHETIC
2026-09-19,A,SYN_MINE_01,SYN_TRUCK_007,dumper,PREVENTIVE_MAINTENANCE,4.372,SYNTHETIC
2026-09-20,B,SYN_MINE_01,SYN_DRILL_001,drill,BREAKDOWN,6.289,SYNTHETIC
2026-09-20,A,SYN_MINE_01,SYN_EXC_002,excavator,BREAKDOWN,6.166,SYNTHETIC
2026-09-20,B,SYN_MINE_01,SYN_TRUCK_008,dumper,BREAKDOWN,5.947,SYNTHETIC
2026-09-21,C,SYN_MINE_01,SYN_EXC_001,excavator,BREAKDOWN,2.922,SYNTHETIC
2026-09-21,A,SYN_MINE_01,SYN_TRUCK_001,dumper,PREVENTIVE_MAINTENANCE,5.577,SYNTHETIC
2026-09-21,A,SYN_MINE_01,SYN_TRUCK_003,dumper,BREAKDOWN,1.14,SYNTHETIC
2026-09-21,A,SYN_MINE_01,SYN_TRUCK_006,dumper,BREAKDOWN,4.15,SYNTHETIC
2026-09-21,A,SYN_MINE_01,SYN_TRUCK_008,dumper,BREAKDOWN,5.817,SYNTHETIC
2026-09-21,A,SYN_MINE_01,SYN_TRUCK_010,dumper,BREAKDOWN,6.525,SYNTHETIC
2026-09-21,A,SYN_MINE_01,SYN_TRUCK_013,dumper,BREAKDOWN,3.867,SYNTHETIC
2026-09-21,B,SYN_MINE_01,SYN_TRUCK_013,dumper,BREAKDOWN,3.07,SYNTHETIC
2026-09-22,B,SYN_MINE_01,SYN_TRUCK_001,dumper,BREAKDOWN,3.544,SYNTHETIC
2026-09-22,A,SYN_MINE_01,SYN_TRUCK_004,dumper,BREAKDOWN,4.866,SYNTHETIC
2026-09-22,C,SYN_MINE_01,SYN_TRUCK_005,dumper,BREAKDOWN,1.334,SYNTHETIC
2026-09-22,C,SYN_MINE_01,SYN_TRUCK_007,dumper,BREAKDOWN,1.959,SYNTHETIC
2026-09-22,A,SYN_MINE_01,SYN_TRUCK_011,dumper,BREAKDOWN,3.036,SYNTHETIC
2026-09-23,B,SYN_MINE_01,SYN_DRILL_002,drill,BREAKDOWN,0.477,SYNTHETIC
2026-09-23,A,SYN_MINE_01,SYN_EXC_002,excavator,PREVENTIVE_MAINTENANCE,7.0,SYNTHETIC
2026-09-23,C,SYN_MINE_01,SYN_TRUCK_001,dumper,BREAKDOWN,2.409,SYNTHETIC
2026-09-24,A,SYN_MINE_01,SYN_DRILL_002,drill,PREVENTIVE_MAINTENANCE,4.684,SYNTHETIC
2026-09-24,B,SYN_MINE_01,SYN_TRUCK_001,dumper,BREAKDOWN,3.532,SYNTHETIC
2026-09-24,C,SYN_MINE_01,SYN_TRUCK_002,dumper,BREAKDOWN,1.274,SYNTHETIC
2026-09-24,C,SYN_MINE_01,SYN_TRUCK_003,dumper,BREAKDOWN,2.267,SYNTHETIC
2026-09-24,A,SYN_MINE_01,SYN_TRUCK_005,dumper,PREVENTIVE_MAINTENANCE,4.005,SYNTHETIC
2026-09-24,A,SYN_MINE_01,SYN_TRUCK_006,dumper,BREAKDOWN,3.523,SYNTHETIC
2026-09-24,B,SYN_MINE_01,SYN_TRUCK_011,dumper,BREAKDOWN,6.286,SYNTHETIC
2026-09-24,A,SYN_MINE_01,SYN_TRUCK_012,dumper,BREAKDOWN,1.343,SYNTHETIC
