scenario_id,mine_id,start_date,duration_days,disruption_type,severity_production_loss_pct,affected_equipment,availability_change,haulage_delay_change_h,blast_delay_change_h,drill_delay_change_h,truck_change,rainfall_7d_mm,weather_state,production_impact_t,provenance
SIM_2021-04-02_NORMAL,SYN_MINE_01,2021-04-02,7,NORMAL,0.0,none,0.0,0.0,0.0,0.0,0.0,0.0,OBSERVED WEEK (IMD/ERA5),0.0,SIMULATED
SIM_2021-04-02_HEAVY_RAIN,SYN_MINE_01,2021-04-02,7,HEAVY_RAIN,7.99,site / dumpers,0.0234,1.055,0.014,1.483,-0.23,148.0,HEAVY_RAIN (IMD p95 7-day),-729.3,SIMULATED
SIM_2021-04-02_EQUIPMENT_DEGRADATION,SYN_MINE_01,2021-04-02,7,EQUIPMENT_DEGRADATION,8.39,"excavators, dumpers",-0.1327,-0.639,-0.114,-0.894,-1.27,0.0,OBSERVED WEEK (IMD/ERA5),-766.2,SIMULATED
SIM_2021-04-02_BLAST_DELAY,SYN_MINE_01,2021-04-02,7,BLAST_DELAY,47.41,blasting / excavators,0.0,0.0,6.129,0.0,0.0,0.0,OBSERVED WEEK (IMD/ERA5),-4328.0,SIMULATED
SIM_2021-04-02_DRILL_DELAY,SYN_MINE_01,2021-04-02,7,DRILL_DELAY,-13.99,drills,0.0545,-0.639,-0.073,0.699,0.12,0.0,OBSERVED WEEK (IMD/ERA5),1277.2,SIMULATED
SIM_2021-04-02_HAULAGE_DISRUPTION,SYN_MINE_01,2021-04-02,7,HAULAGE_DISRUPTION,26.13,dumpers / haul road,0.078,4.429,-0.03,-0.468,-3.62,0.0,OBSERVED WEEK (IMD/ERA5),-2385.1,SIMULATED
SIM_2021-04-02_COMBINED_DISRUPTION,SYN_MINE_01,2021-04-02,7,COMBINED_DISRUPTION,47.41,site-wide,-0.2507,0.52,1.734,0.94,-3.14,148.0,HEAVY_RAIN (IMD p95 7-day),-4328.0,SIMULATED
SIM_2021-04-16_NORMAL,SYN_MINE_01,2021-04-16,7,NORMAL,0.0,none,0.0,0.0,0.0,0.0,0.0,0.0,OBSERVED WEEK (IMD/ERA5),0.0,SIMULATED
SIM_2021-04-16_HEAVY_RAIN,SYN_MINE_01,2021-04-16,7,HEAVY_RAIN,29.83,site / dumpers,-0.2017,0.934,-0.055,1.551,-0.13,148.0,HEAVY_RAIN (IMD p95 7-day),-3386.6,SIMULATED
SIM_2021-04-16_EQUIPMENT_DEGRADATION,SYN_MINE_01,2021-04-16,7,EQUIPMENT_DEGRADATION,20.18,"excavators, dumpers",-0.1683,0.237,-0.035,0.271,-1.7,0.0,OBSERVED WEEK (IMD/ERA5),-2291.1,SIMULATED
SIM_2021-04-16_BLAST_DELAY,SYN_MINE_01,2021-04-16,7,BLAST_DELAY,14.93,blasting / excavators,0.0,0.0,2.38,0.0,0.0,0.0,OBSERVED WEEK (IMD/ERA5),-1694.9,SIMULATED
SIM_2021-04-16_DRILL_DELAY,SYN_MINE_01,2021-04-16,7,DRILL_DELAY,13.03,drills,-0.1161,0.0,-0.01,0.942,0.24,0.0,OBSERVED WEEK (IMD/ERA5),-1480.0,SIMULATED
SIM_2021-04-16_HAULAGE_DISRUPTION,SYN_MINE_01,2021-04-16,7,HAULAGE_DISRUPTION,38.03,dumpers / haul road,-0.1312,3.91,-0.037,-0.015,-3.22,0.0,OBSERVED WEEK (IMD/ERA5),-4317.8,SIMULATED
SIM_2021-04-16_COMBINED_DISRUPTION,SYN_MINE_01,2021-04-16,7,COMBINED_DISRUPTION,57.73,site-wide,-0.2515,2.61,2.428,1.687,-2.97,148.0,HEAVY_RAIN (IMD p95 7-day),-6555.0,SIMULATED
SIM_2021-04-30_NORMAL,SYN_MINE_01,2021-04-30,7,NORMAL,0.0,none,0.0,0.0,0.0,0.0,0.0,2.7,OBSERVED WEEK (IMD/ERA5),0.0,SIMULATED
SIM_2021-04-30_HEAVY_RAIN,SYN_MINE_01,2021-04-30,7,HEAVY_RAIN,12.65,site / dumpers,0.0479,2.161,-0.03,1.712,-0.43,148.0,HEAVY_RAIN (IMD p95 7-day),-1193.9,SIMULATED
SIM_2021-04-30_EQUIPMENT_DEGRADATION,SYN_MINE_01,2021-04-30,7,EQUIPMENT_DEGRADATION,4.85,"excavators, dumpers",-0.0553,-0.054,-0.072,-0.643,-0.88,2.7,OBSERVED WEEK (IMD/ERA5),-457.9,SIMULATED
SIM_2021-04-30_BLAST_DELAY,SYN_MINE_01,2021-04-30,7,BLAST_DELAY,6.13,blasting / excavators,0.0,0.0,0.812,0.0,0.0,2.7,OBSERVED WEEK (IMD/ERA5),-578.1,SIMULATED
SIM_2021-04-30_DRILL_DELAY,SYN_MINE_01,2021-04-30,7,DRILL_DELAY,-1.52,drills,0.0479,0.365,0.176,1.174,0.01,2.7,OBSERVED WEEK (IMD/ERA5),143.4,SIMULATED
SIM_2021-04-30_HAULAGE_DISRUPTION,SYN_MINE_01,2021-04-30,7,HAULAGE_DISRUPTION,26.61,dumpers / haul road,0.0852,5.075,-0.031,-0.099,-3.42,2.7,OBSERVED WEEK (IMD/ERA5),-2511.4,SIMULATED
SIM_2021-04-30_COMBINED_DISRUPTION,SYN_MINE_01,2021-04-30,7,COMBINED_DISRUPTION,30.66,site-wide,-0.0412,2.735,0.697,1.221,-2.45,148.0,HEAVY_RAIN (IMD p95 7-day),-2893.3,SIMULATED
SIM_2021-05-14_NORMAL,SYN_MINE_01,2021-05-14,7,NORMAL,0.0,none,0.0,0.0,0.0,0.0,0.0,5.0,OBSERVED WEEK (IMD/ERA5),0.0,SIMULATED
SIM_2021-05-14_HEAVY_RAIN,SYN_MINE_01,2021-05-14,7,HEAVY_RAIN,18.38,site / dumpers,-0.0612,1.622,-0.014,1.871,-0.47,148.0,HEAVY_RAIN (IMD p95 7-day),-1967.3,SIMULATED
SIM_2021-05-14_EQUIPMENT_DEGRADATION,SYN_MINE_01,2021-05-14,7,EQUIPMENT_DEGRADATION,16.84,"excavators, dumpers",-0.1171,0.542,-0.012,0.51,-1.5,5.0,OBSERVED WEEK (IMD/ERA5),-1802.1,SIMULATED
SIM_2021-05-14_BLAST_DELAY,SYN_MINE_01,2021-05-14,7,BLAST_DELAY,55.16,blasting / excavators,0.0,0.0,8.393,0.0,0.0,5.0,OBSERVED WEEK (IMD/ERA5),-5904.0,SIMULATED
SIM_2021-05-14_DRILL_DELAY,SYN_MINE_01,2021-05-14,7,DRILL_DELAY,16.1,drills,-0.156,-0.161,0.122,1.07,-0.11,5.0,OBSERVED WEEK (IMD/ERA5),-1723.8,SIMULATED
SIM_2021-05-14_HAULAGE_DISRUPTION,SYN_MINE_01,2021-05-14,7,HAULAGE_DISRUPTION,39.84,dumpers / haul road,-0.0789,4.693,0.054,0.055,-3.65,5.0,OBSERVED WEEK (IMD/ERA5),-4264.0,SIMULATED
SIM_2021-05-14_COMBINED_DISRUPTION,SYN_MINE_01,2021-05-14,7,COMBINED_DISRUPTION,35.58,site-wide,-0.2287,1.103,-0.065,2.365,-2.43,148.0,HEAVY_RAIN (IMD p95 7-day),-3808.0,SIMULATED
SIM_2021-05-28_NORMAL,SYN_MINE_01,2021-05-28,7,NORMAL,0.0,none,0.0,0.0,0.0,0.0,0.0,0.4,OBSERVED WEEK (IMD/ERA5),0.0,SIMULATED
SIM_2021-05-28_HEAVY_RAIN,SYN_MINE_01,2021-05-28,7,HEAVY_RAIN,25.1,site / dumpers,-0.105,1.078,0.0,1.48,-0.34,148.0,HEAVY_RAIN (IMD p95 7-day),-2549.0,SIMULATED
SIM_2021-05-28_EQUIPMENT_DEGRADATION,SYN_MINE_01,2021-05-28,7,EQUIPMENT_DEGRADATION,5.37,"excavators, dumpers",-0.0214,0.225,0.033,-0.106,-1.51,0.4,OBSERVED WEEK (IMD/ERA5),-545.1,SIMULATED
SIM_2021-05-28_BLAST_DELAY,SYN_MINE_01,2021-05-28,7,BLAST_DELAY,12.1,blasting / excavators,0.0,0.0,1.693,0.0,0.0,0.4,OBSERVED WEEK (IMD/ERA5),-1228.6,SIMULATED
SIM_2021-05-28_DRILL_DELAY,SYN_MINE_01,2021-05-28,7,DRILL_DELAY,5.48,drills,-0.0316,-0.031,0.007,1.056,-0.05,0.4,OBSERVED WEEK (IMD/ERA5),-556.2,SIMULATED
SIM_2021-05-28_HAULAGE_DISRUPTION,SYN_MINE_01,2021-05-28,7,HAULAGE_DISRUPTION,37.7,dumpers / haul road,0.0611,6.164,0.011,-0.218,-4.18,0.4,OBSERVED WEEK (IMD/ERA5),-3828.8,SIMULATED
SIM_2021-05-28_COMBINED_DISRUPTION,SYN_MINE_01,2021-05-28,7,COMBINED_DISRUPTION,52.73,site-wide,-0.0819,2.001,3.825,1.756,-2.18,148.0,HEAVY_RAIN (IMD p95 7-day),-5355.0,SIMULATED
SIM_2021-06-11_NORMAL,SYN_MINE_01,2021-06-11,7,NORMAL,0.0,none,0.0,0.0,0.0,0.0,0.0,58.4,OBSERVED WEEK (IMD/ERA5),0.0,SIMULATED
SIM_2021-06-11_HEAVY_RAIN,SYN_MINE_01,2021-06-11,7,HEAVY_RAIN,3.26,site / dumpers,0.0,0.38,-0.004,1.281,0.0,152.6,HEAVY_RAIN (IMD p95 7-day),-266.0,SIMULATED
SIM_2021-06-11_EQUIPMENT_DEGRADATION,SYN_MINE_01,2021-06-11,7,EQUIPMENT_DEGRADATION,33.98,"excavators, dumpers",-0.3429,-2.005,-0.04,-0.2,-1.79,58.4,OBSERVED WEEK (IMD/ERA5),-2775.2,SIMULATED
SIM_2021-06-11_BLAST_DELAY,SYN_MINE_01,2021-06-11,7,BLAST_DELAY,0.0,blasting / excavators,0.0,0.0,0.0,0.0,0.0,58.4,OBSERVED WEEK (IMD/ERA5),0.0,SIMULATED
SIM_2021-06-11_DRILL_DELAY,SYN_MINE_01,2021-06-11,7,DRILL_DELAY,0.98,drills,0.0094,0.049,0.13,0.446,-0.07,58.4,OBSERVED WEEK (IMD/ERA5),-80.0,SIMULATED
SIM_2021-06-11_HAULAGE_DISRUPTION,SYN_MINE_01,2021-06-11,7,HAULAGE_DISRUPTION,50.85,dumpers / haul road,0.0487,6.75,-0.085,0.561,-3.82,58.4,OBSERVED WEEK (IMD/ERA5),-4152.7,SIMULATED
SIM_2021-06-11_COMBINED_DISRUPTION,SYN_MINE_01,2021-06-11,7,COMBINED_DISRUPTION,35.03,site-wide,-0.3429,-1.884,-0.042,1.139,-1.79,152.6,HEAVY_RAIN (IMD p95 7-day),-2860.2,SIMULATED
SIM_2021-06-25_NORMAL,SYN_MINE_01,2021-06-25,7,NORMAL,0.0,none,0.0,0.0,0.0,0.0,0.0,41.3,OBSERVED WEEK (IMD/ERA5),0.0,SIMULATED
SIM_2021-06-25_HEAVY_RAIN,SYN_MINE_01,2021-06-25,7,HEAVY_RAIN,8.79,site / dumpers,0.0,0.804,-0.009,1.516,0.02,149.9,HEAVY_RAIN (IMD p95 7-day),-674.2,SIMULATED
SIM_2021-06-25_EQUIPMENT_DEGRADATION,SYN_MINE_01,2021-06-25,7,EQUIPMENT_DEGRADATION,13.86,"excavators, dumpers",-0.0308,0.945,-0.054,1.272,-1.51,41.3,OBSERVED WEEK (IMD/ERA5),-1063.0,SIMULATED
SIM_2021-06-25_BLAST_DELAY,SYN_MINE_01,2021-06-25,7,BLAST_DELAY,37.41,blasting / excavators,0.0,0.0,4.022,0.0,0.0,41.3,OBSERVED WEEK (IMD/ERA5),-2869.1,SIMULATED
SIM_2021-06-25_DRILL_DELAY,SYN_MINE_01,2021-06-25,7,DRILL_DELAY,-4.39,drills,0.0505,0.304,-0.038,2.502,0.35,41.3,OBSERVED WEEK (IMD/ERA5),336.8,SIMULATED
SIM_2021-06-25_HAULAGE_DISRUPTION,SYN_MINE_01,2021-06-25,7,HAULAGE_DISRUPTION,43.07,dumpers / haul road,0.0868,6.306,-0.09,0.128,-3.13,41.3,OBSERVED WEEK (IMD/ERA5),-3302.9,SIMULATED
SIM_2021-06-25_COMBINED_DISRUPTION,SYN_MINE_01,2021-06-25,7,COMBINED_DISRUPTION,37.41,site-wide,-0.0308,1.278,2.204,2.239,-1.51,149.9,HEAVY_RAIN (IMD p95 7-day),-2869.1,SIMULATED
SIM_2021-07-09_NORMAL,SYN_MINE_01,2021-07-09,7,NORMAL,0.0,none,0.0,0.0,0.0,0.0,0.0,60.5,OBSERVED WEEK (IMD/ERA5),0.0,SIMULATED
SIM_2021-07-09_HEAVY_RAIN,SYN_MINE_01,2021-07-09,7,HEAVY_RAIN,3.04,site / dumpers,0.0,0.327,-0.003,1.256,0.0,156.9,HEAVY_RAIN (IMD p95 7-day),-230.0,SIMULATED
SIM_2021-07-09_EQUIPMENT_DEGRADATION,SYN_MINE_01,2021-07-09,7,EQUIPMENT_DEGRADATION,10.1,"excavators, dumpers",0.0566,1.879,0.06,0.667,-0.97,60.5,OBSERVED WEEK (IMD/ERA5),-764.7,SIMULATED
SIM_2021-07-09_BLAST_DELAY,SYN_MINE_01,2021-07-09,7,BLAST_DELAY,0.0,blasting / excavators,0.0,0.0,0.0,0.0,0.0,60.5,OBSERVED WEEK (IMD/ERA5),0.0,SIMULATED
SIM_2021-07-09_DRILL_DELAY,SYN_MINE_01,2021-07-09,7,DRILL_DELAY,-4.12,drills,0.1479,1.163,0.148,1.968,0.17,60.5,OBSERVED WEEK (IMD/ERA5),311.8,SIMULATED
SIM_2021-07-09_HAULAGE_DISRUPTION,SYN_MINE_01,2021-07-09,7,HAULAGE_DISRUPTION,42.52,dumpers / haul road,0.1183,6.521,-0.063,0.497,-3.16,60.5,OBSERVED WEEK (IMD/ERA5),-3219.8,SIMULATED
SIM_2021-07-09_COMBINED_DISRUPTION,SYN_MINE_01,2021-07-09,7,COMBINED_DISRUPTION,36.61,site-wide,0.0566,2.302,2.485,1.78,-0.97,156.9,HEAVY_RAIN (IMD p95 7-day),-2772.6,SIMULATED
SIM_2021-07-23_NORMAL,SYN_MINE_01,2021-07-23,7,NORMAL,0.0,none,0.0,0.0,0.0,0.0,0.0,153.3,OBSERVED WEEK (IMD/ERA5),0.0,SIMULATED
SIM_2021-07-23_HEAVY_RAIN,SYN_MINE_01,2021-07-23,7,HEAVY_RAIN,2.15,site / dumpers,0.0,0.23,-0.003,0.654,0.0,202.8,HEAVY_RAIN (IMD p95 7-day),-161.8,SIMULATED
SIM_2021-07-23_EQUIPMENT_DEGRADATION,SYN_MINE_01,2021-07-23,7,EQUIPMENT_DEGRADATION,30.49,"excavators, dumpers",-0.0724,0.904,-0.098,0.936,-1.64,153.3,OBSERVED WEEK (IMD/ERA5),-2299.5,SIMULATED
SIM_2021-07-23_BLAST_DELAY,SYN_MINE_01,2021-07-23,7,BLAST_DELAY,0.0,blasting / excavators,0.0,0.0,0.0,0.0,0.0,153.3,OBSERVED WEEK (IMD/ERA5),0.0,SIMULATED
SIM_2021-07-23_DRILL_DELAY,SYN_MINE_01,2021-07-23,7,DRILL_DELAY,-5.28,drills,-0.0005,-0.22,-0.041,0.809,0.21,153.3,OBSERVED WEEK (IMD/ERA5),398.3,SIMULATED
SIM_2021-07-23_HAULAGE_DISRUPTION,SYN_MINE_01,2021-07-23,7,HAULAGE_DISRUPTION,48.58,dumpers / haul road,-0.0196,4.93,-0.052,0.592,-3.22,153.3,OBSERVED WEEK (IMD/ERA5),-3663.9,SIMULATED
SIM_2021-07-23_COMBINED_DISRUPTION,SYN_MINE_01,2021-07-23,7,COMBINED_DISRUPTION,36.35,site-wide,-0.0724,1.069,0.37,1.457,-1.64,202.8,HEAVY_RAIN (IMD p95 7-day),-2741.4,SIMULATED
SIM_2021-08-06_NORMAL,SYN_MINE_01,2021-08-06,7,NORMAL,0.0,none,0.0,0.0,0.0,0.0,0.0,34.9,OBSERVED WEEK (IMD/ERA5),0.0,SIMULATED
SIM_2021-08-06_HEAVY_RAIN,SYN_MINE_01,2021-08-06,7,HEAVY_RAIN,11.67,site / dumpers,-0.0256,0.311,0.019,1.263,-0.14,154.4,HEAVY_RAIN (IMD p95 7-day),-929.1,SIMULATED
SIM_2021-08-06_EQUIPMENT_DEGRADATION,SYN_MINE_01,2021-08-06,7,EQUIPMENT_DEGRADATION,7.59,"excavators, dumpers",-0.0561,-0.013,-0.021,0.514,-1.44,34.9,OBSERVED WEEK (IMD/ERA5),-604.4,SIMULATED
SIM_2021-08-06_BLAST_DELAY,SYN_MINE_01,2021-08-06,7,BLAST_DELAY,0.0,blasting / excavators,0.0,0.0,0.0,0.0,0.0,34.9,OBSERVED WEEK (IMD/ERA5),0.0,SIMULATED
SIM_2021-08-06_DRILL_DELAY,SYN_MINE_01,2021-08-06,7,DRILL_DELAY,7.7,drills,-0.1805,-2.234,-0.005,1.251,0.04,34.9,OBSERVED WEEK (IMD/ERA5),-613.0,SIMULATED
SIM_2021-08-06_HAULAGE_DISRUPTION,SYN_MINE_01,2021-08-06,7,HAULAGE_DISRUPTION,48.09,dumpers / haul road,-0.0544,4.441,-0.079,-0.081,-4.14,34.9,OBSERVED WEEK (IMD/ERA5),-3830.0,SIMULATED
SIM_2021-08-06_COMBINED_DISRUPTION,SYN_MINE_01,2021-08-06,7,COMBINED_DISRUPTION,15.1,site-wide,-0.0507,0.884,-0.053,1.567,-1.75,154.4,HEAVY_RAIN (IMD p95 7-day),-1202.6,SIMULATED
SIM_2021-08-20_NORMAL,SYN_MINE_01,2021-08-20,7,NORMAL,0.0,none,0.0,0.0,0.0,0.0,0.0,21.1,OBSERVED WEEK (IMD/ERA5),0.0,SIMULATED
SIM_2021-08-20_HEAVY_RAIN,SYN_MINE_01,2021-08-20,7,HEAVY_RAIN,5.65,site / dumpers,0.0,0.72,-0.012,1.507,0.0,148.0,HEAVY_RAIN (IMD p95 7-day),-501.9,SIMULATED
SIM_2021-08-20_EQUIPMENT_DEGRADATION,SYN_MINE_01,2021-08-20,7,EQUIPMENT_DEGRADATION,22.75,"excavators, dumpers",-0.0728,1.342,-0.074,1.095,-2.0,21.1,OBSERVED WEEK (IMD/ERA5),-2022.0,SIMULATED
SIM_2021-08-20_BLAST_DELAY,SYN_MINE_01,2021-08-20,7,BLAST_DELAY,0.59,blasting / excavators,0.0,0.0,0.047,0.0,0.0,21.1,OBSERVED WEEK (IMD/ERA5),-52.6,SIMULATED
SIM_2021-08-20_DRILL_DELAY,SYN_MINE_01,2021-08-20,7,DRILL_DELAY,3.01,drills,-0.032,-0.63,-0.021,2.62,0.2,21.1,OBSERVED WEEK (IMD/ERA5),-267.5,SIMULATED
SIM_2021-08-20_HAULAGE_DISRUPTION,SYN_MINE_01,2021-08-20,7,HAULAGE_DISRUPTION,53.44,dumpers / haul road,-0.152,3.77,-0.174,0.839,-3.67,21.1,OBSERVED WEEK (IMD/ERA5),-4749.8,SIMULATED
SIM_2021-08-20_COMBINED_DISRUPTION,SYN_MINE_01,2021-08-20,7,COMBINED_DISRUPTION,33.16,site-wide,-0.0728,1.875,0.686,2.329,-2.0,148.0,HEAVY_RAIN (IMD p95 7-day),-2946.9,SIMULATED
SIM_2021-09-03_NORMAL,SYN_MINE_01,2021-09-03,7,NORMAL,0.0,none,0.0,0.0,0.0,0.0,0.0,54.2,OBSERVED WEEK (IMD/ERA5),0.0,SIMULATED
SIM_2021-09-03_HEAVY_RAIN,SYN_MINE_01,2021-09-03,7,HEAVY_RAIN,10.38,site / dumpers,-0.0481,0.39,-0.077,0.799,-0.07,150.5,HEAVY_RAIN (IMD p95 7-day),-858.6,SIMULATED
SIM_2021-09-03_EQUIPMENT_DEGRADATION,SYN_MINE_01,2021-09-03,7,EQUIPMENT_DEGRADATION,40.13,"excavators, dumpers",-0.3927,-2.008,0.002,-0.72,-2.42,54.2,OBSERVED WEEK (IMD/ERA5),-3320.8,SIMULATED
SIM_2021-09-03_BLAST_DELAY,SYN_MINE_01,2021-09-03,7,BLAST_DELAY,0.0,blasting / excavators,0.0,0.0,0.0,0.0,0.0,54.2,OBSERVED WEEK (IMD/ERA5),0.0,SIMULATED
SIM_2021-09-03_DRILL_DELAY,SYN_MINE_01,2021-09-03,7,DRILL_DELAY,15.71,drills,-0.085,-0.105,-0.021,1.764,-0.25,54.2,OBSERVED WEEK (IMD/ERA5),-1299.6,SIMULATED
SIM_2021-09-03_HAULAGE_DISRUPTION,SYN_MINE_01,2021-09-03,7,HAULAGE_DISRUPTION,52.31,dumpers / haul road,-0.1787,3.164,-0.051,-0.929,-3.9,54.2,OBSERVED WEEK (IMD/ERA5),-4328.6,SIMULATED
SIM_2021-09-03_COMBINED_DISRUPTION,SYN_MINE_01,2021-09-03,7,COMBINED_DISRUPTION,42.49,site-wide,-0.3927,-1.722,-0.006,0.473,-2.42,150.5,HEAVY_RAIN (IMD p95 7-day),-3515.7,SIMULATED
SIM_2021-09-17_NORMAL,SYN_MINE_01,2021-09-17,7,NORMAL,0.0,none,0.0,0.0,0.0,0.0,0.0,52.2,OBSERVED WEEK (IMD/ERA5),0.0,SIMULATED
SIM_2021-09-17_HEAVY_RAIN,SYN_MINE_01,2021-09-17,7,HEAVY_RAIN,3.75,site / dumpers,0.0,0.419,-0.007,1.153,0.0,152.5,HEAVY_RAIN (IMD p95 7-day),-290.1,SIMULATED
SIM_2021-09-17_EQUIPMENT_DEGRADATION,SYN_MINE_01,2021-09-17,7,EQUIPMENT_DEGRADATION,14.13,"excavators, dumpers",-0.0806,0.364,0.016,-0.476,-1.87,52.2,OBSERVED WEEK (IMD/ERA5),-1093.6,SIMULATED
SIM_2021-09-17_BLAST_DELAY,SYN_MINE_01,2021-09-17,7,BLAST_DELAY,23.73,blasting / excavators,0.0,0.0,2.623,0.0,0.0,52.2,OBSERVED WEEK (IMD/ERA5),-1836.5,SIMULATED
SIM_2021-09-17_DRILL_DELAY,SYN_MINE_01,2021-09-17,7,DRILL_DELAY,-5.26,drills,0.0051,-0.306,0.011,1.177,-0.01,52.2,OBSERVED WEEK (IMD/ERA5),406.8,SIMULATED
SIM_2021-09-17_HAULAGE_DISRUPTION,SYN_MINE_01,2021-09-17,7,HAULAGE_DISRUPTION,47.68,dumpers / haul road,-0.017,5.246,-0.088,-0.674,-3.62,52.2,OBSERVED WEEK (IMD/ERA5),-3689.8,SIMULATED
SIM_2021-09-17_COMBINED_DISRUPTION,SYN_MINE_01,2021-09-17,7,COMBINED_DISRUPTION,19.42,site-wide,-0.0377,1.504,-0.028,1.109,-1.84,152.5,HEAVY_RAIN (IMD p95 7-day),-1502.7,SIMULATED
SIM_2021-10-01_NORMAL,SYN_MINE_01,2021-10-01,7,NORMAL,0.0,none,0.0,0.0,0.0,0.0,0.0,12.8,OBSERVED WEEK (IMD/ERA5),0.0,SIMULATED
SIM_2021-10-01_HEAVY_RAIN,SYN_MINE_01,2021-10-01,7,HEAVY_RAIN,18.34,site / dumpers,-0.0254,1.667,-0.085,1.319,-0.01,148.0,HEAVY_RAIN (IMD p95 7-day),-1547.6,SIMULATED
SIM_2021-10-01_EQUIPMENT_DEGRADATION,SYN_MINE_01,2021-10-01,7,EQUIPMENT_DEGRADATION,35.8,"excavators, dumpers",-0.2698,0.044,-0.019,0.008,-1.33,12.8,OBSERVED WEEK (IMD/ERA5),-3020.6,SIMULATED
SIM_2021-10-01_BLAST_DELAY,SYN_MINE_01,2021-10-01,7,BLAST_DELAY,0.0,blasting / excavators,0.0,0.0,0.0,0.0,0.0,12.8,OBSERVED WEEK (IMD/ERA5),0.0,SIMULATED
SIM_2021-10-01_DRILL_DELAY,SYN_MINE_01,2021-10-01,7,DRILL_DELAY,19.95,drills,-0.2163,-1.061,-0.083,1.105,0.42,12.8,OBSERVED WEEK (IMD/ERA5),-1683.7,SIMULATED
SIM_2021-10-01_HAULAGE_DISRUPTION,SYN_MINE_01,2021-10-01,7,HAULAGE_DISRUPTION,49.29,dumpers / haul road,-0.0909,4.124,-0.026,0.596,-3.33,12.8,OBSERVED WEEK (IMD/ERA5),-4159.1,SIMULATED
SIM_2021-10-01_COMBINED_DISRUPTION,SYN_MINE_01,2021-10-01,7,COMBINED_DISRUPTION,40.09,site-wide,-0.1836,2.034,-0.078,1.793,-1.77,148.0,HEAVY_RAIN (IMD p95 7-day),-3382.9,SIMULATED
SIM_2021-10-15_NORMAL,SYN_MINE_01,2021-10-15,7,NORMAL,0.0,none,0.0,0.0,0.0,0.0,0.0,1.0,OBSERVED WEEK (IMD/ERA5),0.0,SIMULATED
SIM_2021-10-15_HEAVY_RAIN,SYN_MINE_01,2021-10-15,7,HEAVY_RAIN,19.3,site / dumpers,-0.0635,1.598,0.032,1.482,0.12,148.0,HEAVY_RAIN (IMD p95 7-day),-1887.1,SIMULATED
SIM_2021-10-15_EQUIPMENT_DEGRADATION,SYN_MINE_01,2021-10-15,7,EQUIPMENT_DEGRADATION,14.75,"excavators, dumpers",-0.0903,0.656,0.015,-0.158,-1.4,1.0,OBSERVED WEEK (IMD/ERA5),-1442.3,SIMULATED
SIM_2021-10-15_BLAST_DELAY,SYN_MINE_01,2021-10-15,7,BLAST_DELAY,26.93,blasting / excavators,0.0,0.0,3.76,0.0,0.0,1.0,OBSERVED WEEK (IMD/ERA5),-2632.9,SIMULATED
SIM_2021-10-15_DRILL_DELAY,SYN_MINE_01,2021-10-15,7,DRILL_DELAY,-4.52,drills,0.005,-0.348,0.019,1.749,0.26,1.0,OBSERVED WEEK (IMD/ERA5),442.2,SIMULATED
SIM_2021-10-15_HAULAGE_DISRUPTION,SYN_MINE_01,2021-10-15,7,HAULAGE_DISRUPTION,45.83,dumpers / haul road,-0.0294,6.203,-0.037,-0.199,-3.48,1.0,OBSERVED WEEK (IMD/ERA5),-4481.2,SIMULATED
SIM_2021-10-15_COMBINED_DISRUPTION,SYN_MINE_01,2021-10-15,7,COMBINED_DISRUPTION,41.46,site-wide,-0.2153,1.082,1.252,2.066,-1.66,148.0,HEAVY_RAIN (IMD p95 7-day),-4054.0,SIMULATED
SIM_2021-10-29_NORMAL,SYN_MINE_01,2021-10-29,7,NORMAL,0.0,none,0.0,0.0,0.0,0.0,0.0,0.0,OBSERVED WEEK (IMD/ERA5),0.0,SIMULATED
SIM_2021-10-29_HEAVY_RAIN,SYN_MINE_01,2021-10-29,7,HEAVY_RAIN,28.72,site / dumpers,-0.1172,2.725,-0.034,1.716,-0.32,148.0,HEAVY_RAIN (IMD p95 7-day),-3143.6,SIMULATED
SIM_2021-10-29_EQUIPMENT_DEGRADATION,SYN_MINE_01,2021-10-29,7,EQUIPMENT_DEGRADATION,19.42,"excavators, dumpers",-0.0152,1.963,0.116,-0.617,-1.72,0.0,OBSERVED WEEK (IMD/ERA5),-2126.0,SIMULATED
SIM_2021-10-29_BLAST_DELAY,SYN_MINE_01,2021-10-29,7,BLAST_DELAY,56.14,blasting / excavators,0.0,0.0,8.773,0.0,0.0,0.0,OBSERVED WEEK (IMD/ERA5),-6145.1,SIMULATED
SIM_2021-10-29_DRILL_DELAY,SYN_MINE_01,2021-10-29,7,DRILL_DELAY,11.75,drills,-0.1172,-0.044,-0.021,0.911,-0.01,0.0,OBSERVED WEEK (IMD/ERA5),-1286.4,SIMULATED
SIM_2021-10-29_HAULAGE_DISRUPTION,SYN_MINE_01,2021-10-29,7,HAULAGE_DISRUPTION,48.26,dumpers / haul road,-0.015,7.305,-0.068,-0.164,-3.66,0.0,OBSERVED WEEK (IMD/ERA5),-5282.6,SIMULATED
SIM_2021-10-29_COMBINED_DISRUPTION,SYN_MINE_01,2021-10-29,7,COMBINED_DISRUPTION,41.94,site-wide,-0.2141,2.915,-0.011,1.424,-2.26,148.0,HEAVY_RAIN (IMD p95 7-day),-4590.3,SIMULATED
SIM_2021-11-12_NORMAL,SYN_MINE_01,2021-11-12,7,NORMAL,0.0,none,0.0,0.0,0.0,0.0,0.0,0.3,OBSERVED WEEK (IMD/ERA5),0.0,SIMULATED
SIM_2021-11-12_HEAVY_RAIN,SYN_MINE_01,2021-11-12,7,HEAVY_RAIN,26.03,site / dumpers,-0.0578,2.912,-0.03,1.834,-0.49,148.0,HEAVY_RAIN (IMD p95 7-day),-2882.4,SIMULATED
SIM_2021-11-12_EQUIPMENT_DEGRADATION,SYN_MINE_01,2021-11-12,7,EQUIPMENT_DEGRADATION,20.42,"excavators, dumpers",-0.1612,0.555,-0.121,0.546,-1.3,0.3,OBSERVED WEEK (IMD/ERA5),-2261.3,SIMULATED
SIM_2021-11-12_BLAST_DELAY,SYN_MINE_01,2021-11-12,7,BLAST_DELAY,56.66,blasting / excavators,0.0,0.0,8.927,0.0,0.0,0.3,OBSERVED WEEK (IMD/ERA5),-6274.5,SIMULATED
SIM_2021-11-12_DRILL_DELAY,SYN_MINE_01,2021-11-12,7,DRILL_DELAY,14.18,drills,-0.1327,-0.429,0.072,1.374,0.33,0.3,OBSERVED WEEK (IMD/ERA5),-1570.4,SIMULATED
SIM_2021-11-12_HAULAGE_DISRUPTION,SYN_MINE_01,2021-11-12,7,HAULAGE_DISRUPTION,47.38,dumpers / haul road,0.0013,7.679,-0.126,0.346,-3.55,0.3,OBSERVED WEEK (IMD/ERA5),-5247.5,SIMULATED
SIM_2021-11-12_COMBINED_DISRUPTION,SYN_MINE_01,2021-11-12,7,COMBINED_DISRUPTION,39.51,site-wide,-0.2035,3.089,-0.146,2.06,-2.08,148.0,HEAVY_RAIN (IMD p95 7-day),-4375.1,SIMULATED
SIM_2021-11-26_NORMAL,SYN_MINE_01,2021-11-26,7,NORMAL,0.0,none,0.0,0.0,0.0,0.0,0.0,0.0,OBSERVED WEEK (IMD/ERA5),0.0,SIMULATED
SIM_2021-11-26_HEAVY_RAIN,SYN_MINE_01,2021-11-26,7,HEAVY_RAIN,13.94,site / dumpers,0.0555,3.347,-0.059,0.895,-0.58,148.0,HEAVY_RAIN (IMD p95 7-day),-1306.6,SIMULATED
SIM_2021-11-26_EQUIPMENT_DEGRADATION,SYN_MINE_01,2021-11-26,7,EQUIPMENT_DEGRADATION,30.66,"excavators, dumpers",-0.2445,0.241,-0.074,-0.397,-1.36,0.0,OBSERVED WEEK (IMD/ERA5),-2874.4,SIMULATED
SIM_2021-11-26_BLAST_DELAY,SYN_MINE_01,2021-11-26,7,BLAST_DELAY,37.13,blasting / excavators,0.0,0.0,4.983,0.0,0.0,0.0,OBSERVED WEEK (IMD/ERA5),-3480.5,SIMULATED
SIM_2021-11-26_DRILL_DELAY,SYN_MINE_01,2021-11-26,7,DRILL_DELAY,-0.85,drills,0.034,0.282,-0.016,1.338,0.18,0.0,OBSERVED WEEK (IMD/ERA5),79.6,SIMULATED
SIM_2021-11-26_HAULAGE_DISRUPTION,SYN_MINE_01,2021-11-26,7,HAULAGE_DISRUPTION,45.69,dumpers / haul road,-0.1193,4.612,-0.08,-0.615,-3.51,0.0,OBSERVED WEEK (IMD/ERA5),-4283.5,SIMULATED
SIM_2021-11-26_COMBINED_DISRUPTION,SYN_MINE_01,2021-11-26,7,COMBINED_DISRUPTION,37.98,site-wide,-0.1722,2.289,-0.042,1.378,-2.36,148.0,HEAVY_RAIN (IMD p95 7-day),-3560.4,SIMULATED
SIM_2021-12-10_NORMAL,SYN_MINE_01,2021-12-10,7,NORMAL,0.0,none,0.0,0.0,0.0,0.0,0.0,0.0,OBSERVED WEEK (IMD/ERA5),0.0,SIMULATED
SIM_2021-12-10_HEAVY_RAIN,SYN_MINE_01,2021-12-10,7,HEAVY_RAIN,22.89,site / dumpers,-0.0832,2.198,-0.039,1.234,-0.25,148.0,HEAVY_RAIN (IMD p95 7-day),-2380.1,SIMULATED
SIM_2021-12-10_EQUIPMENT_DEGRADATION,SYN_MINE_01,2021-12-10,7,EQUIPMENT_DEGRADATION,35.15,"excavators, dumpers",-0.3243,-0.241,-0.037,-0.419,-1.16,0.0,OBSERVED WEEK (IMD/ERA5),-3655.1,SIMULATED
SIM_2021-12-10_BLAST_DELAY,SYN_MINE_01,2021-12-10,7,BLAST_DELAY,53.84,blasting / excavators,0.0,0.0,7.918,0.0,0.0,0.0,OBSERVED WEEK (IMD/ERA5),-5599.1,SIMULATED
SIM_2021-12-10_DRILL_DELAY,SYN_MINE_01,2021-12-10,7,DRILL_DELAY,0.82,drills,0.0,0.085,-0.046,-0.044,-0.1,0.0,OBSERVED WEEK (IMD/ERA5),-84.9,SIMULATED
SIM_2021-12-10_HAULAGE_DISRUPTION,SYN_MINE_01,2021-12-10,7,HAULAGE_DISRUPTION,46.93,dumpers / haul road,-0.0507,6.272,-0.14,-0.697,-3.72,0.0,OBSERVED WEEK (IMD/ERA5),-4880.6,SIMULATED
SIM_2021-12-10_COMBINED_DISRUPTION,SYN_MINE_01,2021-12-10,7,COMBINED_DISRUPTION,43.01,site-wide,-0.0448,3.263,2.108,1.052,-1.44,148.0,HEAVY_RAIN (IMD p95 7-day),-4472.2,SIMULATED
SIM_2021-12-24_NORMAL,SYN_MINE_01,2021-12-24,7,NORMAL,0.0,none,0.0,0.0,0.0,0.0,0.0,42.0,OBSERVED WEEK (IMD/ERA5),0.0,SIMULATED
SIM_2021-12-24_HEAVY_RAIN,SYN_MINE_01,2021-12-24,7,HEAVY_RAIN,15.68,site / dumpers,0.0584,3.128,-0.079,1.01,-0.2,162.9,HEAVY_RAIN (IMD p95 7-day),-1616.0,SIMULATED
SIM_2021-12-24_EQUIPMENT_DEGRADATION,SYN_MINE_01,2021-12-24,7,EQUIPMENT_DEGRADATION,11.68,"excavators, dumpers",-0.1205,0.013,-0.036,-0.032,-1.4,42.0,OBSERVED WEEK (IMD/ERA5),-1203.4,SIMULATED
SIM_2021-12-24_BLAST_DELAY,SYN_MINE_01,2021-12-24,7,BLAST_DELAY,0.49,blasting / excavators,0.0,0.0,0.039,0.0,0.0,42.0,OBSERVED WEEK (IMD/ERA5),-50.5,SIMULATED
SIM_2021-12-24_DRILL_DELAY,SYN_MINE_01,2021-12-24,7,DRILL_DELAY,9.01,drills,-0.0756,0.176,-0.015,1.12,-0.1,42.0,OBSERVED WEEK (IMD/ERA5),-928.5,SIMULATED
SIM_2021-12-24_HAULAGE_DISRUPTION,SYN_MINE_01,2021-12-24,7,HAULAGE_DISRUPTION,47.62,dumpers / haul road,0.0285,7.645,-0.145,0.119,-3.8,42.0,OBSERVED WEEK (IMD/ERA5),-4907.1,SIMULATED
SIM_2021-12-24_COMBINED_DISRUPTION,SYN_MINE_01,2021-12-24,7,COMBINED_DISRUPTION,35.31,site-wide,-0.1426,3.09,-0.204,1.499,-1.97,162.9,HEAVY_RAIN (IMD p95 7-day),-3639.1,SIMULATED
SIM_2022-01-07_NORMAL,SYN_MINE_01,2022-01-07,7,NORMAL,0.0,none,0.0,0.0,0.0,0.0,0.0,19.4,OBSERVED WEEK (IMD/ERA5),0.0,SIMULATED
SIM_2022-01-07_HEAVY_RAIN,SYN_MINE_01,2022-01-07,7,HEAVY_RAIN,20.64,site / dumpers,-0.1067,0.75,0.014,2.35,0.28,148.0,HEAVY_RAIN (IMD p95 7-day),-2036.5,SIMULATED
SIM_2022-01-07_EQUIPMENT_DEGRADATION,SYN_MINE_01,2022-01-07,7,EQUIPMENT_DEGRADATION,32.33,"excavators, dumpers",-0.284,-0.508,-0.072,-0.589,-2.11,19.4,OBSERVED WEEK (IMD/ERA5),-3189.6,SIMULATED
SIM_2022-01-07_BLAST_DELAY,SYN_MINE_01,2022-01-07,7,BLAST_DELAY,0.0,blasting / excavators,0.0,0.0,0.0,0.0,0.0,19.4,OBSERVED WEEK (IMD/ERA5),0.0,SIMULATED
SIM_2022-01-07_DRILL_DELAY,SYN_MINE_01,2022-01-07,7,DRILL_DELAY,12.5,drills,-0.1354,-1.027,0.024,2.567,0.16,19.4,OBSERVED WEEK (IMD/ERA5),-1233.4,SIMULATED
SIM_2022-01-07_HAULAGE_DISRUPTION,SYN_MINE_01,2022-01-07,7,HAULAGE_DISRUPTION,50.2,dumpers / haul road,-0.0815,5.385,-0.098,0.459,-3.42,19.4,OBSERVED WEEK (IMD/ERA5),-4953.0,SIMULATED
SIM_2022-01-07_COMBINED_DISRUPTION,SYN_MINE_01,2022-01-07,7,COMBINED_DISRUPTION,42.66,site-wide,-0.3205,0.028,-0.066,2.023,-2.05,148.0,HEAVY_RAIN (IMD p95 7-day),-4209.2,SIMULATED
SIM_2022-01-21_NORMAL,SYN_MINE_01,2022-01-21,7,NORMAL,0.0,none,0.0,0.0,0.0,0.0,0.0,0.0,OBSERVED WEEK (IMD/ERA5),0.0,SIMULATED
SIM_2022-01-21_HEAVY_RAIN,SYN_MINE_01,2022-01-21,7,HEAVY_RAIN,23.69,site / dumpers,-0.0499,2.476,-0.067,0.92,-0.44,148.0,HEAVY_RAIN (IMD p95 7-day),-2477.1,SIMULATED
SIM_2022-01-21_EQUIPMENT_DEGRADATION,SYN_MINE_01,2022-01-21,7,EQUIPMENT_DEGRADATION,20.55,"excavators, dumpers",-0.214,-0.307,-0.129,-0.133,-1.16,0.0,OBSERVED WEEK (IMD/ERA5),-2149.3,SIMULATED
SIM_2022-01-21_BLAST_DELAY,SYN_MINE_01,2022-01-21,7,BLAST_DELAY,4.0,blasting / excavators,0.0,0.0,0.606,0.0,0.0,0.0,OBSERVED WEEK (IMD/ERA5),-418.5,SIMULATED
SIM_2022-01-21_DRILL_DELAY,SYN_MINE_01,2022-01-21,7,DRILL_DELAY,3.92,drills,0.0,0.079,0.055,-0.139,-0.02,0.0,OBSERVED WEEK (IMD/ERA5),-410.0,SIMULATED
SIM_2022-01-21_HAULAGE_DISRUPTION,SYN_MINE_01,2022-01-21,7,HAULAGE_DISRUPTION,45.28,dumpers / haul road,-0.0142,6.683,-0.078,-0.433,-3.58,0.0,OBSERVED WEEK (IMD/ERA5),-4735.1,SIMULATED
SIM_2022-01-21_COMBINED_DISRUPTION,SYN_MINE_01,2022-01-21,7,COMBINED_DISRUPTION,40.92,site-wide,-0.331,0.505,-0.026,1.356,-2.16,148.0,HEAVY_RAIN (IMD p95 7-day),-4278.6,SIMULATED
SIM_2022-02-04_NORMAL,SYN_MINE_01,2022-02-04,7,NORMAL,0.0,none,0.0,0.0,0.0,0.0,0.0,12.4,OBSERVED WEEK (IMD/ERA5),0.0,SIMULATED
SIM_2022-02-04_HEAVY_RAIN,SYN_MINE_01,2022-02-04,7,HEAVY_RAIN,22.15,site / dumpers,0.0282,3.499,-0.016,1.641,-0.48,148.0,HEAVY_RAIN (IMD p95 7-day),-2338.3,SIMULATED
SIM_2022-02-04_EQUIPMENT_DEGRADATION,SYN_MINE_01,2022-02-04,7,EQUIPMENT_DEGRADATION,33.83,"excavators, dumpers",-0.3185,0.127,-0.003,0.321,-0.95,12.4,OBSERVED WEEK (IMD/ERA5),-3571.4,SIMULATED
SIM_2022-02-04_BLAST_DELAY,SYN_MINE_01,2022-02-04,7,BLAST_DELAY,9.92,blasting / excavators,0.0,0.0,1.483,0.0,0.0,12.4,OBSERVED WEEK (IMD/ERA5),-1046.8,SIMULATED
SIM_2022-02-04_DRILL_DELAY,SYN_MINE_01,2022-02-04,7,DRILL_DELAY,-1.31,drills,0.0357,0.315,0.027,1.076,-0.3,12.4,OBSERVED WEEK (IMD/ERA5),138.7,SIMULATED
SIM_2022-02-04_HAULAGE_DISRUPTION,SYN_MINE_01,2022-02-04,7,HAULAGE_DISRUPTION,47.86,dumpers / haul road,-0.0131,6.961,-0.134,-0.33,-3.87,12.4,OBSERVED WEEK (IMD/ERA5),-5052.1,SIMULATED
SIM_2022-02-04_COMBINED_DISRUPTION,SYN_MINE_01,2022-02-04,7,COMBINED_DISRUPTION,37.64,site-wide,-0.1357,3.363,-0.109,1.546,-2.12,148.0,HEAVY_RAIN (IMD p95 7-day),-3973.2,SIMULATED
SIM_2022-02-18_NORMAL,SYN_MINE_01,2022-02-18,7,NORMAL,0.0,none,0.0,0.0,0.0,0.0,0.0,0.0,OBSERVED WEEK (IMD/ERA5),0.0,SIMULATED
SIM_2022-02-18_HEAVY_RAIN,SYN_MINE_01,2022-02-18,7,HEAVY_RAIN,13.29,site / dumpers,0.0428,3.096,-0.224,0.829,-0.63,148.0,HEAVY_RAIN (IMD p95 7-day),-1209.2,SIMULATED
SIM_2022-02-18_EQUIPMENT_DEGRADATION,SYN_MINE_01,2022-02-18,7,EQUIPMENT_DEGRADATION,18.48,"excavators, dumpers",-0.1552,0.474,-0.126,0.115,-0.62,0.0,OBSERVED WEEK (IMD/ERA5),-1682.0,SIMULATED
SIM_2022-02-18_BLAST_DELAY,SYN_MINE_01,2022-02-18,7,BLAST_DELAY,32.68,blasting / excavators,0.0,0.0,4.267,0.0,0.0,0.0,OBSERVED WEEK (IMD/ERA5),-2973.6,SIMULATED
SIM_2022-02-18_DRILL_DELAY,SYN_MINE_01,2022-02-18,7,DRILL_DELAY,-5.25,drills,0.0526,0.412,-0.11,0.518,-0.25,0.0,OBSERVED WEEK (IMD/ERA5),477.8,SIMULATED
SIM_2022-02-18_HAULAGE_DISRUPTION,SYN_MINE_01,2022-02-18,7,HAULAGE_DISRUPTION,41.01,dumpers / haul road,0.0424,6.727,-0.051,-0.232,-3.6,0.0,OBSERVED WEEK (IMD/ERA5),-3732.2,SIMULATED
SIM_2022-02-18_COMBINED_DISRUPTION,SYN_MINE_01,2022-02-18,7,COMBINED_DISRUPTION,33.07,site-wide,-0.1148,2.652,-0.136,1.336,-2.01,148.0,HEAVY_RAIN (IMD p95 7-day),-3009.2,SIMULATED
SIM_2022-03-04_NORMAL,SYN_MINE_01,2022-03-04,7,NORMAL,0.0,none,0.0,0.0,0.0,0.0,0.0,0.0,OBSERVED WEEK (IMD/ERA5),0.0,SIMULATED
SIM_2022-03-04_HEAVY_RAIN,SYN_MINE_01,2022-03-04,7,HEAVY_RAIN,8.89,site / dumpers,0.0738,2.579,0.049,1.625,-0.79,148.0,HEAVY_RAIN (IMD p95 7-day),-957.9,SIMULATED
SIM_2022-03-04_EQUIPMENT_DEGRADATION,SYN_MINE_01,2022-03-04,7,EQUIPMENT_DEGRADATION,16.25,"excavators, dumpers",-0.1368,0.229,0.043,-0.414,-2.14,0.0,OBSERVED WEEK (IMD/ERA5),-1749.6,SIMULATED
SIM_2022-03-04_BLAST_DELAY,SYN_MINE_01,2022-03-04,7,BLAST_DELAY,24.78,blasting / excavators,0.0,0.0,3.818,0.0,0.0,0.0,OBSERVED WEEK (IMD/ERA5),-2668.8,SIMULATED
SIM_2022-03-04_DRILL_DELAY,SYN_MINE_01,2022-03-04,7,DRILL_DELAY,2.3,drills,-0.0286,-0.101,-0.038,2.097,0.08,0.0,OBSERVED WEEK (IMD/ERA5),-248.2,SIMULATED
SIM_2022-03-04_HAULAGE_DISRUPTION,SYN_MINE_01,2022-03-04,7,HAULAGE_DISRUPTION,39.0,dumpers / haul road,-0.0432,5.076,-0.077,0.078,-4.21,0.0,OBSERVED WEEK (IMD/ERA5),-4200.8,SIMULATED
SIM_2022-03-04_COMBINED_DISRUPTION,SYN_MINE_01,2022-03-04,7,COMBINED_DISRUPTION,30.26,site-wide,-0.0042,4.507,-0.069,2.124,-2.95,148.0,HEAVY_RAIN (IMD p95 7-day),-3259.2,SIMULATED
SIM_2022-03-18_NORMAL,SYN_MINE_01,2022-03-18,7,NORMAL,0.0,none,0.0,0.0,0.0,0.0,0.0,0.0,OBSERVED WEEK (IMD/ERA5),0.0,SIMULATED
SIM_2022-03-18_HEAVY_RAIN,SYN_MINE_01,2022-03-18,7,HEAVY_RAIN,6.41,site / dumpers,0.0787,2.299,-0.273,2.008,-0.81,148.0,HEAVY_RAIN (IMD p95 7-day),-538.3,SIMULATED
SIM_2022-03-18_EQUIPMENT_DEGRADATION,SYN_MINE_01,2022-03-18,7,EQUIPMENT_DEGRADATION,13.62,"excavators, dumpers",-0.067,0.494,0.047,-0.313,-2.1,0.0,OBSERVED WEEK (IMD/ERA5),-1144.0,SIMULATED
SIM_2022-03-18_BLAST_DELAY,SYN_MINE_01,2022-03-18,7,BLAST_DELAY,24.09,blasting / excavators,0.0,0.0,2.933,0.0,0.0,0.0,OBSERVED WEEK (IMD/ERA5),-2023.0,SIMULATED
SIM_2022-03-18_DRILL_DELAY,SYN_MINE_01,2022-03-18,7,DRILL_DELAY,0.49,drills,0.0818,0.775,0.016,1.476,-0.06,0.0,OBSERVED WEEK (IMD/ERA5),-41.4,SIMULATED
SIM_2022-03-18_HAULAGE_DISRUPTION,SYN_MINE_01,2022-03-18,7,HAULAGE_DISRUPTION,33.38,dumpers / haul road,0.1058,6.755,-1.033,-0.371,-4.28,0.0,OBSERVED WEEK (IMD/ERA5),-2803.7,SIMULATED
SIM_2022-03-18_COMBINED_DISRUPTION,SYN_MINE_01,2022-03-18,7,COMBINED_DISRUPTION,38.59,site-wide,-0.2262,1.459,-0.796,1.092,-3.27,148.0,HEAVY_RAIN (IMD p95 7-day),-3240.7,SIMULATED
SIM_2022-04-01_NORMAL,SYN_MINE_01,2022-04-01,7,NORMAL,0.0,none,0.0,0.0,0.0,0.0,0.0,0.0,OBSERVED WEEK (IMD/ERA5),0.0,SIMULATED
SIM_2022-04-01_HEAVY_RAIN,SYN_MINE_01,2022-04-01,7,HEAVY_RAIN,22.92,site / dumpers,-0.1356,1.49,0.0,1.404,-0.37,148.0,HEAVY_RAIN (IMD p95 7-day),-2581.6,SIMULATED
SIM_2022-04-01_EQUIPMENT_DEGRADATION,SYN_MINE_01,2022-04-01,7,EQUIPMENT_DEGRADATION,21.86,"excavators, dumpers",-0.1973,0.249,0.071,-0.75,-1.73,0.0,OBSERVED WEEK (IMD/ERA5),-2462.7,SIMULATED
SIM_2022-04-01_BLAST_DELAY,SYN_MINE_01,2022-04-01,7,BLAST_DELAY,57.39,blasting / excavators,0.0,0.0,9.258,0.0,0.0,0.0,OBSERVED WEEK (IMD/ERA5),-6464.5,SIMULATED
SIM_2022-04-01_DRILL_DELAY,SYN_MINE_01,2022-04-01,7,DRILL_DELAY,10.66,drills,-0.0864,0.0,0.076,0.703,0.19,0.0,OBSERVED WEEK (IMD/ERA5),-1200.7,SIMULATED
SIM_2022-04-01_HAULAGE_DISRUPTION,SYN_MINE_01,2022-04-01,7,HAULAGE_DISRUPTION,43.07,dumpers / haul road,-0.0438,5.549,0.033,0.152,-3.25,0.0,OBSERVED WEEK (IMD/ERA5),-4851.7,SIMULATED
SIM_2022-04-01_COMBINED_DISRUPTION,SYN_MINE_01,2022-04-01,7,COMBINED_DISRUPTION,38.2,site-wide,-0.2178,2.472,0.017,0.946,-2.42,148.0,HEAVY_RAIN (IMD p95 7-day),-4302.7,SIMULATED
SIM_2022-04-15_NORMAL,SYN_MINE_01,2022-04-15,7,NORMAL,0.0,none,0.0,0.0,0.0,0.0,0.0,0.0,OBSERVED WEEK (IMD/ERA5),0.0,SIMULATED
SIM_2022-04-15_HEAVY_RAIN,SYN_MINE_01,2022-04-15,7,HEAVY_RAIN,15.6,site / dumpers,-0.0326,1.742,0.007,2.166,-0.47,148.0,HEAVY_RAIN (IMD p95 7-day),-1677.2,SIMULATED
SIM_2022-04-15_EQUIPMENT_DEGRADATION,SYN_MINE_01,2022-04-15,7,EQUIPMENT_DEGRADATION,6.08,"excavators, dumpers",-0.0737,0.108,-0.033,0.01,-0.96,0.0,OBSERVED WEEK (IMD/ERA5),-653.9,SIMULATED
SIM_2022-04-15_BLAST_DELAY,SYN_MINE_01,2022-04-15,7,BLAST_DELAY,15.29,blasting / excavators,0.0,0.0,2.341,0.0,0.0,0.0,OBSERVED WEEK (IMD/ERA5),-1643.1,SIMULATED
SIM_2022-04-15_DRILL_DELAY,SYN_MINE_01,2022-04-15,7,DRILL_DELAY,2.26,drills,-0.0343,-0.026,0.004,2.337,0.11,0.0,OBSERVED WEEK (IMD/ERA5),-242.8,SIMULATED
SIM_2022-04-15_HAULAGE_DISRUPTION,SYN_MINE_01,2022-04-15,7,HAULAGE_DISRUPTION,36.79,dumpers / haul road,-0.0575,4.719,-0.026,0.675,-3.3,0.0,OBSERVED WEEK (IMD/ERA5),-3954.9,SIMULATED
SIM_2022-04-15_COMBINED_DISRUPTION,SYN_MINE_01,2022-04-15,7,COMBINED_DISRUPTION,34.19,site-wide,-0.1404,2.712,-0.045,2.02,-2.33,148.0,HEAVY_RAIN (IMD p95 7-day),-3675.4,SIMULATED
SIM_2022-04-29_NORMAL,SYN_MINE_01,2022-04-29,7,NORMAL,0.0,none,0.0,0.0,0.0,0.0,0.0,0.0,OBSERVED WEEK (IMD/ERA5),0.0,SIMULATED
SIM_2022-04-29_HEAVY_RAIN,SYN_MINE_01,2022-04-29,7,HEAVY_RAIN,-14.18,site / dumpers,0.0234,1.584,-2.314,1.278,-0.65,148.0,HEAVY_RAIN (IMD p95 7-day),1094.3,SIMULATED
SIM_2022-04-29_EQUIPMENT_DEGRADATION,SYN_MINE_01,2022-04-29,7,EQUIPMENT_DEGRADATION,1.8,"excavators, dumpers",-0.1754,-0.242,-1.639,-0.171,-1.78,0.0,OBSERVED WEEK (IMD/ERA5),-138.7,SIMULATED
SIM_2022-04-29_BLAST_DELAY,SYN_MINE_01,2022-04-29,7,BLAST_DELAY,0.0,blasting / excavators,0.0,0.0,0.0,0.0,0.0,0.0,OBSERVED WEEK (IMD/ERA5),0.0,SIMULATED
SIM_2022-04-29_DRILL_DELAY,SYN_MINE_01,2022-04-29,7,DRILL_DELAY,-29.87,drills,-0.0429,-0.506,-3.133,0.758,-0.04,0.0,OBSERVED WEEK (IMD/ERA5),2305.5,SIMULATED
SIM_2022-04-29_HAULAGE_DISRUPTION,SYN_MINE_01,2022-04-29,7,HAULAGE_DISRUPTION,60.96,dumpers / haul road,-0.0487,4.525,1.763,-0.914,-3.81,0.0,OBSERVED WEEK (IMD/ERA5),-4705.2,SIMULATED
SIM_2022-04-29_COMBINED_DISRUPTION,SYN_MINE_01,2022-04-29,7,COMBINED_DISRUPTION,32.29,site-wide,-0.1731,2.094,-1.41,1.113,-3.19,148.0,HEAVY_RAIN (IMD p95 7-day),-2492.4,SIMULATED
SIM_2022-05-13_NORMAL,SYN_MINE_01,2022-05-13,7,NORMAL,0.0,none,0.0,0.0,0.0,0.0,0.0,10.4,OBSERVED WEEK (IMD/ERA5),0.0,SIMULATED
SIM_2022-05-13_HEAVY_RAIN,SYN_MINE_01,2022-05-13,7,HEAVY_RAIN,13.57,site / dumpers,-0.0234,1.551,-0.149,1.41,-0.48,148.0,HEAVY_RAIN (IMD p95 7-day),-1432.9,SIMULATED
SIM_2022-05-13_EQUIPMENT_DEGRADATION,SYN_MINE_01,2022-05-13,7,EQUIPMENT_DEGRADATION,9.73,"excavators, dumpers",-0.0703,0.213,-0.116,-0.615,-1.96,10.4,OBSERVED WEEK (IMD/ERA5),-1027.0,SIMULATED
SIM_2022-05-13_BLAST_DELAY,SYN_MINE_01,2022-05-13,7,BLAST_DELAY,15.53,blasting / excavators,0.0,0.0,2.353,0.0,0.0,10.4,OBSERVED WEEK (IMD/ERA5),-1639.5,SIMULATED
SIM_2022-05-13_DRILL_DELAY,SYN_MINE_01,2022-05-13,7,DRILL_DELAY,9.06,drills,-0.0747,0.037,-0.088,0.808,-0.03,10.4,OBSERVED WEEK (IMD/ERA5),-957.1,SIMULATED
SIM_2022-05-13_HAULAGE_DISRUPTION,SYN_MINE_01,2022-05-13,7,HAULAGE_DISRUPTION,37.02,dumpers / haul road,-0.1726,3.134,-0.144,-0.494,-3.77,10.4,OBSERVED WEEK (IMD/ERA5),-3908.5,SIMULATED
SIM_2022-05-13_COMBINED_DISRUPTION,SYN_MINE_01,2022-05-13,7,COMBINED_DISRUPTION,35.22,site-wide,-0.1299,2.585,-0.13,1.176,-3.16,148.0,HEAVY_RAIN (IMD p95 7-day),-3718.4,SIMULATED
SIM_2022-05-27_NORMAL,SYN_MINE_01,2022-05-27,7,NORMAL,0.0,none,0.0,0.0,0.0,0.0,0.0,9.5,OBSERVED WEEK (IMD/ERA5),0.0,SIMULATED
SIM_2022-05-27_HEAVY_RAIN,SYN_MINE_01,2022-05-27,7,HEAVY_RAIN,19.41,site / dumpers,-0.0644,2.133,-0.036,2.586,-0.41,148.0,HEAVY_RAIN (IMD p95 7-day),-2190.8,SIMULATED
SIM_2022-05-27_EQUIPMENT_DEGRADATION,SYN_MINE_01,2022-05-27,7,EQUIPMENT_DEGRADATION,19.4,"excavators, dumpers",-0.1561,0.387,-0.118,-0.404,-2.1,9.5,OBSERVED WEEK (IMD/ERA5),-2189.0,SIMULATED
SIM_2022-05-27_BLAST_DELAY,SYN_MINE_01,2022-05-27,7,BLAST_DELAY,42.64,blasting / excavators,0.0,0.0,6.871,0.0,0.0,9.5,OBSERVED WEEK (IMD/ERA5),-4811.5,SIMULATED
SIM_2022-05-27_DRILL_DELAY,SYN_MINE_01,2022-05-27,7,DRILL_DELAY,12.69,drills,-0.1319,-0.096,0.16,2.237,0.21,9.5,OBSERVED WEEK (IMD/ERA5),-1431.6,SIMULATED
SIM_2022-05-27_HAULAGE_DISRUPTION,SYN_MINE_01,2022-05-27,7,HAULAGE_DISRUPTION,42.13,dumpers / haul road,-0.0659,6.396,-0.049,0.876,-3.46,9.5,OBSERVED WEEK (IMD/ERA5),-4753.8,SIMULATED
SIM_2022-05-27_COMBINED_DISRUPTION,SYN_MINE_01,2022-05-27,7,COMBINED_DISRUPTION,41.79,site-wide,-0.2501,2.201,-0.066,1.948,-2.23,148.0,HEAVY_RAIN (IMD p95 7-day),-4715.5,SIMULATED
SIM_2022-06-10_NORMAL,SYN_MINE_01,2022-06-10,7,NORMAL,0.0,none,0.0,0.0,0.0,0.0,0.0,22.5,OBSERVED WEEK (IMD/ERA5),0.0,SIMULATED
SIM_2022-06-10_HEAVY_RAIN,SYN_MINE_01,2022-06-10,7,HEAVY_RAIN,9.34,site / dumpers,0.054,2.363,-0.238,1.724,-0.72,148.0,HEAVY_RAIN (IMD p95 7-day),-951.7,SIMULATED
SIM_2022-06-10_EQUIPMENT_DEGRADATION,SYN_MINE_01,2022-06-10,7,EQUIPMENT_DEGRADATION,2.25,"excavators, dumpers",-0.0143,0.417,-0.277,-0.149,-1.6,22.5,OBSERVED WEEK (IMD/ERA5),-229.5,SIMULATED
SIM_2022-06-10_BLAST_DELAY,SYN_MINE_01,2022-06-10,7,BLAST_DELAY,52.9,blasting / excavators,0.0,0.0,7.761,0.0,0.0,22.5,OBSERVED WEEK (IMD/ERA5),-5390.0,SIMULATED
SIM_2022-06-10_DRILL_DELAY,SYN_MINE_01,2022-06-10,7,DRILL_DELAY,6.52,drills,-0.0576,0.051,-0.211,1.311,-0.06,22.5,OBSERVED WEEK (IMD/ERA5),-664.2,SIMULATED
SIM_2022-06-10_HAULAGE_DISRUPTION,SYN_MINE_01,2022-06-10,7,HAULAGE_DISRUPTION,34.18,dumpers / haul road,0.0561,6.133,-0.242,0.172,-3.7,22.5,OBSERVED WEEK (IMD/ERA5),-3483.4,SIMULATED
SIM_2022-06-10_COMBINED_DISRUPTION,SYN_MINE_01,2022-06-10,7,COMBINED_DISRUPTION,24.32,site-wide,-0.057,3.077,-0.175,1.418,-2.25,148.0,HEAVY_RAIN (IMD p95 7-day),-2477.8,SIMULATED
SIM_2022-06-24_NORMAL,SYN_MINE_01,2022-06-24,7,NORMAL,0.0,none,0.0,0.0,0.0,0.0,0.0,45.5,OBSERVED WEEK (IMD/ERA5),0.0,SIMULATED
SIM_2022-06-24_HEAVY_RAIN,SYN_MINE_01,2022-06-24,7,HEAVY_RAIN,7.54,site / dumpers,0.0,1.066,-0.02,1.135,0.0,151.2,HEAVY_RAIN (IMD p95 7-day),-734.0,SIMULATED
SIM_2022-06-24_EQUIPMENT_DEGRADATION,SYN_MINE_01,2022-06-24,7,EQUIPMENT_DEGRADATION,31.13,"excavators, dumpers",-0.2195,0.875,-0.05,0.551,-2.33,45.5,OBSERVED WEEK (IMD/ERA5),-3030.7,SIMULATED
SIM_2022-06-24_BLAST_DELAY,SYN_MINE_01,2022-06-24,7,BLAST_DELAY,19.87,blasting / excavators,0.0,0.0,2.725,0.0,0.0,45.5,OBSERVED WEEK (IMD/ERA5),-1934.6,SIMULATED
SIM_2022-06-24_DRILL_DELAY,SYN_MINE_01,2022-06-24,7,DRILL_DELAY,4.55,drills,-0.0748,-0.142,-0.071,1.279,-0.18,45.5,OBSERVED WEEK (IMD/ERA5),-442.9,SIMULATED
SIM_2022-06-24_HAULAGE_DISRUPTION,SYN_MINE_01,2022-06-24,7,HAULAGE_DISRUPTION,42.37,dumpers / haul road,0.0106,6.628,-0.122,0.246,-3.47,45.5,OBSERVED WEEK (IMD/ERA5),-4125.7,SIMULATED
SIM_2022-06-24_COMBINED_DISRUPTION,SYN_MINE_01,2022-06-24,7,COMBINED_DISRUPTION,40.03,site-wide,-0.2195,1.448,0.617,1.602,-2.33,151.2,HEAVY_RAIN (IMD p95 7-day),-3898.0,SIMULATED
SIM_2022-07-08_NORMAL,SYN_MINE_01,2022-07-08,7,NORMAL,0.0,none,0.0,0.0,0.0,0.0,0.0,226.3,OBSERVED WEEK (IMD/ERA5),0.0,SIMULATED
SIM_2022-07-08_HEAVY_RAIN,SYN_MINE_01,2022-07-08,7,HEAVY_RAIN,1.36,site / dumpers,0.0,0.166,-0.005,0.399,0.0,256.1,HEAVY_RAIN (IMD p95 7-day),-111.2,SIMULATED
SIM_2022-07-08_EQUIPMENT_DEGRADATION,SYN_MINE_01,2022-07-08,7,EQUIPMENT_DEGRADATION,20.45,"excavators, dumpers",-0.1585,-0.023,-0.127,0.372,-1.93,226.3,OBSERVED WEEK (IMD/ERA5),-1670.6,SIMULATED
SIM_2022-07-08_BLAST_DELAY,SYN_MINE_01,2022-07-08,7,BLAST_DELAY,0.0,blasting / excavators,0.0,0.0,0.0,0.0,0.0,226.3,OBSERVED WEEK (IMD/ERA5),0.0,SIMULATED
SIM_2022-07-08_DRILL_DELAY,SYN_MINE_01,2022-07-08,7,DRILL_DELAY,2.7,drills,-0.0178,0.158,-0.081,1.552,-0.32,226.3,OBSERVED WEEK (IMD/ERA5),-220.7,SIMULATED
SIM_2022-07-08_HAULAGE_DISRUPTION,SYN_MINE_01,2022-07-08,7,HAULAGE_DISRUPTION,56.58,dumpers / haul road,-0.0641,5.084,-0.159,0.895,-3.77,226.3,OBSERVED WEEK (IMD/ERA5),-4623.1,SIMULATED
SIM_2022-07-08_COMBINED_DISRUPTION,SYN_MINE_01,2022-07-08,7,COMBINED_DISRUPTION,32.13,site-wide,-0.1585,0.108,1.083,0.816,-1.93,256.1,HEAVY_RAIN (IMD p95 7-day),-2625.2,SIMULATED
SIM_2022-07-22_NORMAL,SYN_MINE_01,2022-07-22,7,NORMAL,0.0,none,0.0,0.0,0.0,0.0,0.0,59.0,OBSERVED WEEK (IMD/ERA5),0.0,SIMULATED
SIM_2022-07-22_HEAVY_RAIN,SYN_MINE_01,2022-07-22,7,HEAVY_RAIN,3.43,site / dumpers,0.0,0.459,-0.009,1.355,0.0,148.0,HEAVY_RAIN (IMD p95 7-day),-312.9,SIMULATED
SIM_2022-07-22_EQUIPMENT_DEGRADATION,SYN_MINE_01,2022-07-22,7,EQUIPMENT_DEGRADATION,18.1,"excavators, dumpers",-0.1504,-0.162,-0.101,-0.663,-1.78,59.0,OBSERVED WEEK (IMD/ERA5),-1653.3,SIMULATED
SIM_2022-07-22_BLAST_DELAY,SYN_MINE_01,2022-07-22,7,BLAST_DELAY,8.99,blasting / excavators,0.0,0.0,1.128,0.0,0.0,59.0,OBSERVED WEEK (IMD/ERA5),-821.3,SIMULATED
SIM_2022-07-22_DRILL_DELAY,SYN_MINE_01,2022-07-22,7,DRILL_DELAY,6.11,drills,-0.1046,-0.937,0.03,1.459,-0.07,59.0,OBSERVED WEEK (IMD/ERA5),-557.8,SIMULATED
SIM_2022-07-22_HAULAGE_DISRUPTION,SYN_MINE_01,2022-07-22,7,HAULAGE_DISRUPTION,43.13,dumpers / haul road,0.024,6.603,-0.211,-0.575,-3.65,59.0,OBSERVED WEEK (IMD/ERA5),-3939.8,SIMULATED
SIM_2022-07-22_COMBINED_DISRUPTION,SYN_MINE_01,2022-07-22,7,COMBINED_DISRUPTION,27.38,site-wide,-0.1504,0.09,0.849,0.858,-1.78,148.0,HEAVY_RAIN (IMD p95 7-day),-2501.0,SIMULATED
SIM_2022-08-05_NORMAL,SYN_MINE_01,2022-08-05,7,NORMAL,0.0,none,0.0,0.0,0.0,0.0,0.0,174.6,OBSERVED WEEK (IMD/ERA5),0.0,SIMULATED
SIM_2022-08-05_HEAVY_RAIN,SYN_MINE_01,2022-08-05,7,HEAVY_RAIN,1.3,site / dumpers,0.0,0.149,-0.001,0.6,0.0,220.9,HEAVY_RAIN (IMD p95 7-day),-103.1,SIMULATED
SIM_2022-08-05_EQUIPMENT_DEGRADATION,SYN_MINE_01,2022-08-05,7,EQUIPMENT_DEGRADATION,13.04,"excavators, dumpers",-0.0348,0.978,-0.084,-0.304,-2.07,174.6,OBSERVED WEEK (IMD/ERA5),-1033.2,SIMULATED
SIM_2022-08-05_BLAST_DELAY,SYN_MINE_01,2022-08-05,7,BLAST_DELAY,0.0,blasting / excavators,0.0,0.0,0.0,0.0,0.0,174.6,OBSERVED WEEK (IMD/ERA5),0.0,SIMULATED
SIM_2022-08-05_DRILL_DELAY,SYN_MINE_01,2022-08-05,7,DRILL_DELAY,12.79,drills,-0.0572,0.327,0.009,1.161,-0.16,174.6,OBSERVED WEEK (IMD/ERA5),-1013.6,SIMULATED
SIM_2022-08-05_HAULAGE_DISRUPTION,SYN_MINE_01,2022-08-05,7,HAULAGE_DISRUPTION,42.03,dumpers / haul road,0.0955,6.843,-0.108,-0.151,-4.04,174.6,OBSERVED WEEK (IMD/ERA5),-3330.4,SIMULATED
SIM_2022-08-05_COMBINED_DISRUPTION,SYN_MINE_01,2022-08-05,7,COMBINED_DISRUPTION,27.55,site-wide,-0.0348,1.094,1.427,0.387,-2.07,220.9,HEAVY_RAIN (IMD p95 7-day),-2183.2,SIMULATED
SIM_2022-08-19_NORMAL,SYN_MINE_01,2022-08-19,7,NORMAL,0.0,none,0.0,0.0,0.0,0.0,0.0,33.5,OBSERVED WEEK (IMD/ERA5),0.0,SIMULATED
SIM_2022-08-19_HEAVY_RAIN,SYN_MINE_01,2022-08-19,7,HEAVY_RAIN,3.57,site / dumpers,0.0,0.442,-0.01,1.408,0.0,148.0,HEAVY_RAIN (IMD p95 7-day),-301.3,SIMULATED
SIM_2022-08-19_EQUIPMENT_DEGRADATION,SYN_MINE_01,2022-08-19,7,EQUIPMENT_DEGRADATION,13.86,"excavators, dumpers",-0.0148,0.917,0.062,-0.119,-2.08,33.5,OBSERVED WEEK (IMD/ERA5),-1169.8,SIMULATED
SIM_2022-08-19_BLAST_DELAY,SYN_MINE_01,2022-08-19,7,BLAST_DELAY,1.49,blasting / excavators,0.0,0.0,0.183,0.0,0.0,33.5,OBSERVED WEEK (IMD/ERA5),-125.6,SIMULATED
SIM_2022-08-19_DRILL_DELAY,SYN_MINE_01,2022-08-19,7,DRILL_DELAY,-0.12,drills,0.0242,-0.15,-0.075,2.334,0.38,33.5,OBSERVED WEEK (IMD/ERA5),10.3,SIMULATED
SIM_2022-08-19_HAULAGE_DISRUPTION,SYN_MINE_01,2022-08-19,7,HAULAGE_DISRUPTION,41.49,dumpers / haul road,0.1021,6.645,-0.102,-0.2,-3.42,33.5,OBSERVED WEEK (IMD/ERA5),-3501.4,SIMULATED
SIM_2022-08-19_COMBINED_DISRUPTION,SYN_MINE_01,2022-08-19,7,COMBINED_DISRUPTION,43.12,site-wide,-0.0148,1.329,3.187,1.318,-2.08,148.0,HEAVY_RAIN (IMD p95 7-day),-3639.3,SIMULATED
SIM_2022-09-02_NORMAL,SYN_MINE_01,2022-09-02,7,NORMAL,0.0,none,0.0,0.0,0.0,0.0,0.0,54.8,OBSERVED WEEK (IMD/ERA5),0.0,SIMULATED
SIM_2022-09-02_HEAVY_RAIN,SYN_MINE_01,2022-09-02,7,HEAVY_RAIN,6.22,site / dumpers,0.0,0.803,-0.011,1.212,0.0,157.0,HEAVY_RAIN (IMD p95 7-day),-552.1,SIMULATED
SIM_2022-09-02_EQUIPMENT_DEGRADATION,SYN_MINE_01,2022-09-02,7,EQUIPMENT_DEGRADATION,11.3,"excavators, dumpers",-0.0419,0.457,0.034,0.461,-1.75,54.8,OBSERVED WEEK (IMD/ERA5),-1003.6,SIMULATED
SIM_2022-09-02_BLAST_DELAY,SYN_MINE_01,2022-09-02,7,BLAST_DELAY,27.9,blasting / excavators,0.0,0.0,3.528,0.0,0.0,54.8,OBSERVED WEEK (IMD/ERA5),-2477.5,SIMULATED
SIM_2022-09-02_DRILL_DELAY,SYN_MINE_01,2022-09-02,7,DRILL_DELAY,-6.86,drills,0.0302,-0.384,-0.037,1.929,0.39,54.8,OBSERVED WEEK (IMD/ERA5),608.9,SIMULATED
SIM_2022-09-02_HAULAGE_DISRUPTION,SYN_MINE_01,2022-09-02,7,HAULAGE_DISRUPTION,44.92,dumpers / haul road,0.0541,6.318,-0.076,0.776,-3.34,54.8,OBSERVED WEEK (IMD/ERA5),-3989.4,SIMULATED
SIM_2022-09-02_COMBINED_DISRUPTION,SYN_MINE_01,2022-09-02,7,COMBINED_DISRUPTION,15.86,site-wide,-0.0419,1.055,0.017,1.618,-1.75,157.0,HEAVY_RAIN (IMD p95 7-day),-1408.0,SIMULATED
SIM_2022-09-16_NORMAL,SYN_MINE_01,2022-09-16,7,NORMAL,0.0,none,0.0,0.0,0.0,0.0,0.0,178.3,OBSERVED WEEK (IMD/ERA5),0.0,SIMULATED
SIM_2022-09-16_HEAVY_RAIN,SYN_MINE_01,2022-09-16,7,HEAVY_RAIN,2.83,site / dumpers,0.0,0.345,-0.005,0.853,0.0,245.4,HEAVY_RAIN (IMD p95 7-day),-234.4,SIMULATED
SIM_2022-09-16_EQUIPMENT_DEGRADATION,SYN_MINE_01,2022-09-16,7,EQUIPMENT_DEGRADATION,16.09,"excavators, dumpers",-0.0739,0.958,-0.008,-0.234,-2.06,178.3,OBSERVED WEEK (IMD/ERA5),-1330.7,SIMULATED
SIM_2022-09-16_BLAST_DELAY,SYN_MINE_01,2022-09-16,7,BLAST_DELAY,28.27,blasting / excavators,0.0,0.0,3.345,0.0,0.0,178.3,OBSERVED WEEK (IMD/ERA5),-2337.5,SIMULATED
SIM_2022-09-16_DRILL_DELAY,SYN_MINE_01,2022-09-16,7,DRILL_DELAY,4.5,drills,0.1011,1.665,0.092,1.542,-0.24,178.3,OBSERVED WEEK (IMD/ERA5),-372.2,SIMULATED
SIM_2022-09-16_HAULAGE_DISRUPTION,SYN_MINE_01,2022-09-16,7,HAULAGE_DISRUPTION,47.0,dumpers / haul road,0.0649,6.68,-0.069,-0.001,-3.72,178.3,OBSERVED WEEK (IMD/ERA5),-3886.5,SIMULATED
SIM_2022-09-16_COMBINED_DISRUPTION,SYN_MINE_01,2022-09-16,7,COMBINED_DISRUPTION,18.89,site-wide,-0.0739,1.295,-0.013,0.59,-2.06,245.4,HEAVY_RAIN (IMD p95 7-day),-1561.8,SIMULATED
SIM_2022-09-30_NORMAL,SYN_MINE_01,2022-09-30,7,NORMAL,0.0,none,0.0,0.0,0.0,0.0,0.0,6.7,OBSERVED WEEK (IMD/ERA5),0.0,SIMULATED
SIM_2022-09-30_HEAVY_RAIN,SYN_MINE_01,2022-09-30,7,HEAVY_RAIN,15.2,site / dumpers,-0.0001,2.134,-0.029,2.628,-0.12,148.0,HEAVY_RAIN (IMD p95 7-day),-1367.3,SIMULATED
SIM_2022-09-30_EQUIPMENT_DEGRADATION,SYN_MINE_01,2022-09-30,7,EQUIPMENT_DEGRADATION,2.17,"excavators, dumpers",-0.0179,-0.014,-0.061,0.883,-0.92,6.7,OBSERVED WEEK (IMD/ERA5),-195.0,SIMULATED
SIM_2022-09-30_BLAST_DELAY,SYN_MINE_01,2022-09-30,7,BLAST_DELAY,46.63,blasting / excavators,0.0,0.0,6.024,0.0,0.0,6.7,OBSERVED WEEK (IMD/ERA5),-4193.7,SIMULATED
SIM_2022-09-30_DRILL_DELAY,SYN_MINE_01,2022-09-30,7,DRILL_DELAY,-16.14,drills,0.1292,0.233,0.045,2.395,0.22,6.7,OBSERVED WEEK (IMD/ERA5),1451.7,SIMULATED
SIM_2022-09-30_HAULAGE_DISRUPTION,SYN_MINE_01,2022-09-30,7,HAULAGE_DISRUPTION,36.58,dumpers / haul road,0.1238,6.889,-0.058,0.975,-3.57,6.7,OBSERVED WEEK (IMD/ERA5),-3289.6,SIMULATED
SIM_2022-09-30_COMBINED_DISRUPTION,SYN_MINE_01,2022-09-30,7,COMBINED_DISRUPTION,21.33,site-wide,-0.0134,2.523,-0.055,2.676,-1.77,148.0,HEAVY_RAIN (IMD p95 7-day),-1918.6,SIMULATED
SIM_2022-10-14_NORMAL,SYN_MINE_01,2022-10-14,7,NORMAL,0.0,none,0.0,0.0,0.0,0.0,0.0,11.2,OBSERVED WEEK (IMD/ERA5),0.0,SIMULATED
SIM_2022-10-14_HEAVY_RAIN,SYN_MINE_01,2022-10-14,7,HEAVY_RAIN,6.45,site / dumpers,0.0,0.85,-0.015,1.467,0.0,148.0,HEAVY_RAIN (IMD p95 7-day),-592.5,SIMULATED
SIM_2022-10-14_EQUIPMENT_DEGRADATION,SYN_MINE_01,2022-10-14,7,EQUIPMENT_DEGRADATION,18.8,"excavators, dumpers",-0.1456,0.183,-0.142,-0.203,-1.9,11.2,OBSERVED WEEK (IMD/ERA5),-1727.9,SIMULATED
SIM_2022-10-14_BLAST_DELAY,SYN_MINE_01,2022-10-14,7,BLAST_DELAY,0.0,blasting / excavators,0.0,0.0,0.0,0.0,0.0,11.2,OBSERVED WEEK (IMD/ERA5),0.0,SIMULATED
SIM_2022-10-14_DRILL_DELAY,SYN_MINE_01,2022-10-14,7,DRILL_DELAY,-7.74,drills,0.0602,0.344,-0.087,2.639,-0.24,11.2,OBSERVED WEEK (IMD/ERA5),711.7,SIMULATED
SIM_2022-10-14_HAULAGE_DISRUPTION,SYN_MINE_01,2022-10-14,7,HAULAGE_DISRUPTION,45.22,dumpers / haul road,0.0119,6.031,-0.108,0.768,-3.46,11.2,OBSERVED WEEK (IMD/ERA5),-4156.7,SIMULATED
SIM_2022-10-14_COMBINED_DISRUPTION,SYN_MINE_01,2022-10-14,7,COMBINED_DISRUPTION,21.96,site-wide,-0.1456,0.598,-0.146,1.314,-1.9,148.0,HEAVY_RAIN (IMD p95 7-day),-2018.2,SIMULATED
SIM_2022-10-28_NORMAL,SYN_MINE_01,2022-10-28,7,NORMAL,0.0,none,0.0,0.0,0.0,0.0,0.0,0.0,OBSERVED WEEK (IMD/ERA5),0.0,SIMULATED
SIM_2022-10-28_HEAVY_RAIN,SYN_MINE_01,2022-10-28,7,HEAVY_RAIN,13.91,site / dumpers,0.0199,2.894,-0.041,1.99,-0.6,148.0,HEAVY_RAIN (IMD p95 7-day),-1508.9,SIMULATED
SIM_2022-10-28_EQUIPMENT_DEGRADATION,SYN_MINE_01,2022-10-28,7,EQUIPMENT_DEGRADATION,17.55,"excavators, dumpers",-0.118,0.829,-0.136,0.086,-1.94,0.0,OBSERVED WEEK (IMD/ERA5),-1904.1,SIMULATED
SIM_2022-10-28_BLAST_DELAY,SYN_MINE_01,2022-10-28,7,BLAST_DELAY,11.92,blasting / excavators,0.0,0.0,1.851,0.0,0.0,0.0,OBSERVED WEEK (IMD/ERA5),-1293.0,SIMULATED
SIM_2022-10-28_DRILL_DELAY,SYN_MINE_01,2022-10-28,7,DRILL_DELAY,-0.54,drills,-0.0091,0.0,-0.012,2.118,0.15,0.0,OBSERVED WEEK (IMD/ERA5),58.1,SIMULATED
SIM_2022-10-28_HAULAGE_DISRUPTION,SYN_MINE_01,2022-10-28,7,HAULAGE_DISRUPTION,42.44,dumpers / haul road,-0.009,6.734,-0.109,0.523,-3.92,0.0,OBSERVED WEEK (IMD/ERA5),-4603.4,SIMULATED
SIM_2022-10-28_COMBINED_DISRUPTION,SYN_MINE_01,2022-10-28,7,COMBINED_DISRUPTION,34.13,site-wide,-0.0847,4.046,-0.208,1.901,-2.96,148.0,HEAVY_RAIN (IMD p95 7-day),-3701.7,SIMULATED
SIM_2022-11-11_NORMAL,SYN_MINE_01,2022-11-11,7,NORMAL,0.0,none,0.0,0.0,0.0,0.0,0.0,0.0,OBSERVED WEEK (IMD/ERA5),0.0,SIMULATED
SIM_2022-11-11_HEAVY_RAIN,SYN_MINE_01,2022-11-11,7,HEAVY_RAIN,14.07,site / dumpers,0.0539,2.969,0.028,1.651,-0.37,148.0,HEAVY_RAIN (IMD p95 7-day),-1455.1,SIMULATED
SIM_2022-11-11_EQUIPMENT_DEGRADATION,SYN_MINE_01,2022-11-11,7,EQUIPMENT_DEGRADATION,18.65,"excavators, dumpers",-0.135,0.285,0.028,0.141,-0.9,0.0,OBSERVED WEEK (IMD/ERA5),-1929.5,SIMULATED
SIM_2022-11-11_BLAST_DELAY,SYN_MINE_01,2022-11-11,7,BLAST_DELAY,53.59,blasting / excavators,0.0,0.0,7.893,0.0,0.0,0.0,OBSERVED WEEK (IMD/ERA5),-5543.7,SIMULATED
SIM_2022-11-11_DRILL_DELAY,SYN_MINE_01,2022-11-11,7,DRILL_DELAY,-8.33,drills,0.0676,-0.028,0.08,1.317,0.25,0.0,OBSERVED WEEK (IMD/ERA5),861.9,SIMULATED
SIM_2022-11-11_HAULAGE_DISRUPTION,SYN_MINE_01,2022-11-11,7,HAULAGE_DISRUPTION,42.18,dumpers / haul road,0.0676,7.282,-0.037,0.159,-3.83,0.0,OBSERVED WEEK (IMD/ERA5),-4363.2,SIMULATED
SIM_2022-11-11_COMBINED_DISRUPTION,SYN_MINE_01,2022-11-11,7,COMBINED_DISRUPTION,43.3,site-wide,-0.1976,1.626,1.162,1.691,-1.11,148.0,HEAVY_RAIN (IMD p95 7-day),-4478.9,SIMULATED
SIM_2022-11-25_NORMAL,SYN_MINE_01,2022-11-25,7,NORMAL,0.0,none,0.0,0.0,0.0,0.0,0.0,0.0,OBSERVED WEEK (IMD/ERA5),0.0,SIMULATED
SIM_2022-11-25_HEAVY_RAIN,SYN_MINE_01,2022-11-25,7,HEAVY_RAIN,17.74,site / dumpers,0.0033,1.776,-0.071,2.267,-0.11,148.0,HEAVY_RAIN (IMD p95 7-day),-1519.7,SIMULATED
SIM_2022-11-25_EQUIPMENT_DEGRADATION,SYN_MINE_01,2022-11-25,7,EQUIPMENT_DEGRADATION,25.7,"excavators, dumpers",-0.1763,0.067,-0.05,-0.201,-1.13,0.0,OBSERVED WEEK (IMD/ERA5),-2201.7,SIMULATED
SIM_2022-11-25_BLAST_DELAY,SYN_MINE_01,2022-11-25,7,BLAST_DELAY,11.15,blasting / excavators,0.0,0.0,1.397,0.0,0.0,0.0,OBSERVED WEEK (IMD/ERA5),-955.4,SIMULATED
SIM_2022-11-25_DRILL_DELAY,SYN_MINE_01,2022-11-25,7,DRILL_DELAY,-5.65,drills,0.0389,-0.311,-0.027,0.838,0.09,0.0,OBSERVED WEEK (IMD/ERA5),483.9,SIMULATED
SIM_2022-11-25_HAULAGE_DISRUPTION,SYN_MINE_01,2022-11-25,7,HAULAGE_DISRUPTION,39.3,dumpers / haul road,0.0044,4.82,-0.149,-0.089,-3.88,0.0,OBSERVED WEEK (IMD/ERA5),-3365.9,SIMULATED
SIM_2022-11-25_COMBINED_DISRUPTION,SYN_MINE_01,2022-11-25,7,COMBINED_DISRUPTION,29.75,site-wide,-0.1331,1.277,-0.079,1.598,-2.41,148.0,HEAVY_RAIN (IMD p95 7-day),-2548.0,SIMULATED
SIM_2022-12-09_NORMAL,SYN_MINE_01,2022-12-09,7,NORMAL,0.0,none,0.0,0.0,0.0,0.0,0.0,0.0,OBSERVED WEEK (IMD/ERA5),0.0,SIMULATED
SIM_2022-12-09_HEAVY_RAIN,SYN_MINE_01,2022-12-09,7,HEAVY_RAIN,19.73,site / dumpers,-0.0202,3.13,-0.095,1.187,-0.65,148.0,HEAVY_RAIN (IMD p95 7-day),-2209.7,SIMULATED
SIM_2022-12-09_EQUIPMENT_DEGRADATION,SYN_MINE_01,2022-12-09,7,EQUIPMENT_DEGRADATION,23.56,"excavators, dumpers",-0.2003,0.498,-0.024,-0.344,-1.06,0.0,OBSERVED WEEK (IMD/ERA5),-2638.8,SIMULATED
SIM_2022-12-09_BLAST_DELAY,SYN_MINE_01,2022-12-09,7,BLAST_DELAY,57.15,blasting / excavators,0.0,0.0,9.254,0.0,0.0,0.0,OBSERVED WEEK (IMD/ERA5),-6401.9,SIMULATED
SIM_2022-12-09_DRILL_DELAY,SYN_MINE_01,2022-12-09,7,DRILL_DELAY,2.0,drills,-0.0183,0.213,-0.14,0.945,0.18,0.0,OBSERVED WEEK (IMD/ERA5),-224.2,SIMULATED
SIM_2022-12-09_HAULAGE_DISRUPTION,SYN_MINE_01,2022-12-09,7,HAULAGE_DISRUPTION,42.56,dumpers / haul road,-0.0381,6.44,-0.116,-1.226,-3.67,0.0,OBSERVED WEEK (IMD/ERA5),-4767.8,SIMULATED
SIM_2022-12-09_COMBINED_DISRUPTION,SYN_MINE_01,2022-12-09,7,COMBINED_DISRUPTION,40.69,site-wide,-0.2363,2.667,-0.143,1.013,-3.16,148.0,HEAVY_RAIN (IMD p95 7-day),-4558.0,SIMULATED
SIM_2022-12-23_NORMAL,SYN_MINE_01,2022-12-23,7,NORMAL,0.0,none,0.0,0.0,0.0,0.0,0.0,0.0,OBSERVED WEEK (IMD/ERA5),0.0,SIMULATED
SIM_2022-12-23_HEAVY_RAIN,SYN_MINE_01,2022-12-23,7,HEAVY_RAIN,19.45,site / dumpers,0.0,2.914,-0.061,2.37,-0.67,148.0,HEAVY_RAIN (IMD p95 7-day),-2131.6,SIMULATED
SIM_2022-12-23_EQUIPMENT_DEGRADATION,SYN_MINE_01,2022-12-23,7,EQUIPMENT_DEGRADATION,28.17,"excavators, dumpers",-0.2315,0.142,0.03,0.381,-1.73,0.0,OBSERVED WEEK (IMD/ERA5),-3087.5,SIMULATED
SIM_2022-12-23_BLAST_DELAY,SYN_MINE_01,2022-12-23,7,BLAST_DELAY,40.36,blasting / excavators,0.0,0.0,6.194,0.0,0.0,0.0,OBSERVED WEEK (IMD/ERA5),-4423.2,SIMULATED
SIM_2022-12-23_DRILL_DELAY,SYN_MINE_01,2022-12-23,7,DRILL_DELAY,6.98,drills,-0.0603,-0.034,0.017,2.163,0.17,0.0,OBSERVED WEEK (IMD/ERA5),-764.4,SIMULATED
SIM_2022-12-23_HAULAGE_DISRUPTION,SYN_MINE_01,2022-12-23,7,HAULAGE_DISRUPTION,44.97,dumpers / haul road,-0.0331,6.418,-0.074,0.642,-3.92,0.0,OBSERVED WEEK (IMD/ERA5),-4928.3,SIMULATED
SIM_2022-12-23_COMBINED_DISRUPTION,SYN_MINE_01,2022-12-23,7,COMBINED_DISRUPTION,46.46,site-wide,-0.1372,2.671,2.293,1.855,-2.36,148.0,HEAVY_RAIN (IMD p95 7-day),-5091.5,SIMULATED
SIM_2023-01-06_NORMAL,SYN_MINE_01,2023-01-06,7,NORMAL,0.0,none,0.0,0.0,0.0,0.0,0.0,0.0,OBSERVED WEEK (IMD/ERA5),0.0,SIMULATED
SIM_2023-01-06_HEAVY_RAIN,SYN_MINE_01,2023-01-06,7,HEAVY_RAIN,20.96,site / dumpers,0.0502,3.742,0.026,2.358,-0.52,148.0,HEAVY_RAIN (IMD p95 7-day),-2171.0,SIMULATED
SIM_2023-01-06_EQUIPMENT_DEGRADATION,SYN_MINE_01,2023-01-06,7,EQUIPMENT_DEGRADATION,15.91,"excavators, dumpers",-0.1298,0.611,0.025,-0.092,-2.02,0.0,OBSERVED WEEK (IMD/ERA5),-1648.0,SIMULATED
SIM_2023-01-06_BLAST_DELAY,SYN_MINE_01,2023-01-06,7,BLAST_DELAY,10.48,blasting / excavators,0.0,0.0,1.572,0.0,0.0,0.0,OBSERVED WEEK (IMD/ERA5),-1085.5,SIMULATED
SIM_2023-01-06_DRILL_DELAY,SYN_MINE_01,2023-01-06,7,DRILL_DELAY,-3.33,drills,0.0062,-0.243,0.024,2.488,0.16,0.0,OBSERVED WEEK (IMD/ERA5),345.3,SIMULATED
SIM_2023-01-06_HAULAGE_DISRUPTION,SYN_MINE_01,2023-01-06,7,HAULAGE_DISRUPTION,40.93,dumpers / haul road,-0.1211,4.289,0.02,0.199,-3.53,0.0,OBSERVED WEEK (IMD/ERA5),-4239.3,SIMULATED
SIM_2023-01-06_COMBINED_DISRUPTION,SYN_MINE_01,2023-01-06,7,COMBINED_DISRUPTION,43.21,site-wide,-0.0513,4.456,1.42,2.11,-3.29,148.0,HEAVY_RAIN (IMD p95 7-day),-4475.8,SIMULATED
SIM_2023-01-20_NORMAL,SYN_MINE_01,2023-01-20,7,NORMAL,0.0,none,0.0,0.0,0.0,0.0,0.0,0.0,OBSERVED WEEK (IMD/ERA5),0.0,SIMULATED
SIM_2023-01-20_HEAVY_RAIN,SYN_MINE_01,2023-01-20,7,HEAVY_RAIN,17.51,site / dumpers,-0.0001,2.584,-0.032,1.876,-0.57,148.0,HEAVY_RAIN (IMD p95 7-day),-1838.9,SIMULATED
SIM_2023-01-20_EQUIPMENT_DEGRADATION,SYN_MINE_01,2023-01-20,7,EQUIPMENT_DEGRADATION,16.98,"excavators, dumpers",-0.1122,0.314,-0.032,0.191,-1.08,0.0,OBSERVED WEEK (IMD/ERA5),-1782.5,SIMULATED
SIM_2023-01-20_BLAST_DELAY,SYN_MINE_01,2023-01-20,7,BLAST_DELAY,0.0,blasting / excavators,0.0,0.0,0.0,0.0,0.0,0.0,OBSERVED WEEK (IMD/ERA5),0.0,SIMULATED
SIM_2023-01-20_DRILL_DELAY,SYN_MINE_01,2023-01-20,7,DRILL_DELAY,15.7,drills,-0.1406,0.073,0.023,1.949,0.33,0.0,OBSERVED WEEK (IMD/ERA5),-1648.6,SIMULATED
SIM_2023-01-20_HAULAGE_DISRUPTION,SYN_MINE_01,2023-01-20,7,HAULAGE_DISRUPTION,43.38,dumpers / haul road,-0.0524,5.199,-0.031,0.379,-3.65,0.0,OBSERVED WEEK (IMD/ERA5),-4554.9,SIMULATED
SIM_2023-01-20_COMBINED_DISRUPTION,SYN_MINE_01,2023-01-20,7,COMBINED_DISRUPTION,37.37,site-wide,-0.0898,3.362,0.021,2.236,-2.31,148.0,HEAVY_RAIN (IMD p95 7-day),-3923.4,SIMULATED
SIM_2023-02-03_NORMAL,SYN_MINE_01,2023-02-03,7,NORMAL,0.0,none,0.0,0.0,0.0,0.0,0.0,0.0,OBSERVED WEEK (IMD/ERA5),0.0,SIMULATED
SIM_2023-02-03_HEAVY_RAIN,SYN_MINE_01,2023-02-03,7,HEAVY_RAIN,30.05,site / dumpers,-0.1563,1.835,-0.022,1.983,-0.59,148.0,HEAVY_RAIN (IMD p95 7-day),-3108.9,SIMULATED
SIM_2023-02-03_EQUIPMENT_DEGRADATION,SYN_MINE_01,2023-02-03,7,EQUIPMENT_DEGRADATION,16.19,"excavators, dumpers",-0.1139,0.628,0.043,-0.07,-1.96,0.0,OBSERVED WEEK (IMD/ERA5),-1674.4,SIMULATED
SIM_2023-02-03_BLAST_DELAY,SYN_MINE_01,2023-02-03,7,BLAST_DELAY,0.0,blasting / excavators,0.0,0.0,0.0,0.0,0.0,0.0,OBSERVED WEEK (IMD/ERA5),0.0,SIMULATED
SIM_2023-02-03_DRILL_DELAY,SYN_MINE_01,2023-02-03,7,DRILL_DELAY,0.17,drills,0.0287,0.325,0.17,0.28,-0.51,0.0,OBSERVED WEEK (IMD/ERA5),-17.7,SIMULATED
SIM_2023-02-03_HAULAGE_DISRUPTION,SYN_MINE_01,2023-02-03,7,HAULAGE_DISRUPTION,43.96,dumpers / haul road,-0.0029,6.027,-0.071,-0.064,-3.97,0.0,OBSERVED WEEK (IMD/ERA5),-4547.7,SIMULATED
SIM_2023-02-03_COMBINED_DISRUPTION,SYN_MINE_01,2023-02-03,7,COMBINED_DISRUPTION,32.88,site-wide,-0.1232,2.798,-0.023,1.827,-2.54,148.0,HEAVY_RAIN (IMD p95 7-day),-3401.7,SIMULATED
SIM_2023-02-17_NORMAL,SYN_MINE_01,2023-02-17,7,NORMAL,0.0,none,0.0,0.0,0.0,0.0,0.0,0.0,OBSERVED WEEK (IMD/ERA5),0.0,SIMULATED
SIM_2023-02-17_HEAVY_RAIN,SYN_MINE_01,2023-02-17,7,HEAVY_RAIN,16.94,site / dumpers,0.0204,2.87,-0.161,1.507,-0.2,148.0,HEAVY_RAIN (IMD p95 7-day),-1809.2,SIMULATED
SIM_2023-02-17_EQUIPMENT_DEGRADATION,SYN_MINE_01,2023-02-17,7,EQUIPMENT_DEGRADATION,8.71,"excavators, dumpers",-0.0398,0.542,-0.093,-0.136,-0.83,0.0,OBSERVED WEEK (IMD/ERA5),-930.4,SIMULATED
SIM_2023-02-17_BLAST_DELAY,SYN_MINE_01,2023-02-17,7,BLAST_DELAY,0.0,blasting / excavators,0.0,0.0,0.0,0.0,0.0,0.0,OBSERVED WEEK (IMD/ERA5),0.0,SIMULATED
SIM_2023-02-17_DRILL_DELAY,SYN_MINE_01,2023-02-17,7,DRILL_DELAY,-6.28,drills,0.0494,0.067,-0.089,2.056,0.21,0.0,OBSERVED WEEK (IMD/ERA5),671.0,SIMULATED
SIM_2023-02-17_HAULAGE_DISRUPTION,SYN_MINE_01,2023-02-17,7,HAULAGE_DISRUPTION,43.87,dumpers / haul road,-0.1149,4.625,-0.114,-0.868,-3.46,0.0,OBSERVED WEEK (IMD/ERA5),-4685.1,SIMULATED
SIM_2023-02-17_COMBINED_DISRUPTION,SYN_MINE_01,2023-02-17,7,COMBINED_DISRUPTION,37.48,site-wide,-0.0149,5.106,-0.189,1.73,-2.33,148.0,HEAVY_RAIN (IMD p95 7-day),-4002.7,SIMULATED
SIM_2023-03-03_NORMAL,SYN_MINE_01,2023-03-03,7,NORMAL,0.0,none,0.0,0.0,0.0,0.0,0.0,0.0,OBSERVED WEEK (IMD/ERA5),0.0,SIMULATED
SIM_2023-03-03_HEAVY_RAIN,SYN_MINE_01,2023-03-03,7,HEAVY_RAIN,17.37,site / dumpers,0.0083,2.684,0.006,1.198,-0.45,148.0,HEAVY_RAIN (IMD p95 7-day),-1840.9,SIMULATED
SIM_2023-03-03_EQUIPMENT_DEGRADATION,SYN_MINE_01,2023-03-03,7,EQUIPMENT_DEGRADATION,3.46,"excavators, dumpers",-0.0234,0.172,-0.039,-0.238,-0.88,0.0,OBSERVED WEEK (IMD/ERA5),-366.3,SIMULATED
SIM_2023-03-03_BLAST_DELAY,SYN_MINE_01,2023-03-03,7,BLAST_DELAY,0.0,blasting / excavators,0.0,0.0,0.0,0.0,0.0,0.0,OBSERVED WEEK (IMD/ERA5),0.0,SIMULATED
SIM_2023-03-03_DRILL_DELAY,SYN_MINE_01,2023-03-03,7,DRILL_DELAY,-1.41,drills,0.0121,-0.095,0.031,0.667,0.04,0.0,OBSERVED WEEK (IMD/ERA5),149.2,SIMULATED
SIM_2023-03-03_HAULAGE_DISRUPTION,SYN_MINE_01,2023-03-03,7,HAULAGE_DISRUPTION,43.29,dumpers / haul road,0.0207,6.608,-0.065,-0.61,-3.72,0.0,OBSERVED WEEK (IMD/ERA5),-4586.7,SIMULATED
SIM_2023-03-03_COMBINED_DISRUPTION,SYN_MINE_01,2023-03-03,7,COMBINED_DISRUPTION,54.7,site-wide,-0.2169,1.797,2.921,1.228,-1.94,148.0,HEAVY_RAIN (IMD p95 7-day),-5795.7,SIMULATED
SIM_2023-03-17_NORMAL,SYN_MINE_01,2023-03-17,7,NORMAL,0.0,none,0.0,0.0,0.0,0.0,0.0,12.9,OBSERVED WEEK (IMD/ERA5),0.0,SIMULATED
SIM_2023-03-17_HEAVY_RAIN,SYN_MINE_01,2023-03-17,7,HEAVY_RAIN,35.77,site / dumpers,-0.326,0.741,-0.119,1.393,-0.01,148.0,HEAVY_RAIN (IMD p95 7-day),-3970.5,SIMULATED
SIM_2023-03-17_EQUIPMENT_DEGRADATION,SYN_MINE_01,2023-03-17,7,EQUIPMENT_DEGRADATION,28.25,"excavators, dumpers",-0.2693,0.212,-0.064,-0.925,-0.9,12.9,OBSERVED WEEK (IMD/ERA5),-3135.1,SIMULATED
SIM_2023-03-17_BLAST_DELAY,SYN_MINE_01,2023-03-17,7,BLAST_DELAY,40.39,blasting / excavators,0.0,0.0,6.555,0.0,0.0,12.9,OBSERVED WEEK (IMD/ERA5),-4483.2,SIMULATED
SIM_2023-03-17_DRILL_DELAY,SYN_MINE_01,2023-03-17,7,DRILL_DELAY,8.7,drills,-0.1227,-0.253,-0.05,0.915,0.32,12.9,OBSERVED WEEK (IMD/ERA5),-965.5,SIMULATED
SIM_2023-03-17_HAULAGE_DISRUPTION,SYN_MINE_01,2023-03-17,7,HAULAGE_DISRUPTION,44.45,dumpers / haul road,-0.0696,6.49,-0.191,-0.293,-3.71,12.9,OBSERVED WEEK (IMD/ERA5),-4933.3,SIMULATED
SIM_2023-03-17_COMBINED_DISRUPTION,SYN_MINE_01,2023-03-17,7,COMBINED_DISRUPTION,46.6,site-wide,-0.1121,3.735,1.907,0.998,-2.38,148.0,HEAVY_RAIN (IMD p95 7-day),-5172.4,SIMULATED
SIM_2023-03-31_NORMAL,SYN_MINE_01,2023-03-31,7,NORMAL,0.0,none,0.0,0.0,0.0,0.0,0.0,2.8,OBSERVED WEEK (IMD/ERA5),0.0,SIMULATED
SIM_2023-03-31_HEAVY_RAIN,SYN_MINE_01,2023-03-31,7,HEAVY_RAIN,-1.75,site / dumpers,0.0255,1.285,-0.889,1.886,-0.18,148.0,HEAVY_RAIN (IMD p95 7-day),82.8,SIMULATED
SIM_2023-03-31_EQUIPMENT_DEGRADATION,SYN_MINE_01,2023-03-31,7,EQUIPMENT_DEGRADATION,7.14,"excavators, dumpers",-0.2155,0.063,-3.225,0.566,-1.37,2.8,OBSERVED WEEK (IMD/ERA5),-337.0,SIMULATED
SIM_2023-03-31_BLAST_DELAY,SYN_MINE_01,2023-03-31,7,BLAST_DELAY,0.0,blasting / excavators,0.0,0.0,0.0,0.0,0.0,2.8,OBSERVED WEEK (IMD/ERA5),0.0,SIMULATED
SIM_2023-03-31_DRILL_DELAY,SYN_MINE_01,2023-03-31,7,DRILL_DELAY,-40.79,drills,0.0366,0.0,-2.118,2.259,0.27,2.8,OBSERVED WEEK (IMD/ERA5),1924.4,SIMULATED
SIM_2023-03-31_HAULAGE_DISRUPTION,SYN_MINE_01,2023-03-31,7,HAULAGE_DISRUPTION,19.49,dumpers / haul road,-0.072,3.917,-4.285,0.942,-3.17,2.8,OBSERVED WEEK (IMD/ERA5),-919.4,SIMULATED
SIM_2023-03-31_COMBINED_DISRUPTION,SYN_MINE_01,2023-03-31,7,COMBINED_DISRUPTION,9.81,site-wide,-0.0484,3.506,-3.931,2.761,-2.33,148.0,HEAVY_RAIN (IMD p95 7-day),-462.7,SIMULATED
SIM_2023-04-14_NORMAL,SYN_MINE_01,2023-04-14,7,NORMAL,0.0,none,0.0,0.0,0.0,0.0,0.0,0.0,OBSERVED WEEK (IMD/ERA5),0.0,SIMULATED
SIM_2023-04-14_HEAVY_RAIN,SYN_MINE_01,2023-04-14,7,HEAVY_RAIN,-7.79,site / dumpers,0.0374,0.626,-0.13,1.91,-0.9,148.0,HEAVY_RAIN (IMD p95 7-day),694.3,SIMULATED
SIM_2023-04-14_EQUIPMENT_DEGRADATION,SYN_MINE_01,2023-04-14,7,EQUIPMENT_DEGRADATION,20.92,"excavators, dumpers",-0.2259,-0.479,-0.076,0.112,-1.86,0.0,OBSERVED WEEK (IMD/ERA5),-1865.3,SIMULATED
SIM_2023-04-14_BLAST_DELAY,SYN_MINE_01,2023-04-14,7,BLAST_DELAY,8.92,blasting / excavators,0.0,0.0,1.164,0.0,0.0,0.0,OBSERVED WEEK (IMD/ERA5),-795.4,SIMULATED
SIM_2023-04-14_DRILL_DELAY,SYN_MINE_01,2023-04-14,7,DRILL_DELAY,-2.2,drills,-0.0353,-0.479,-0.06,1.102,-0.57,0.0,OBSERVED WEEK (IMD/ERA5),196.5,SIMULATED
SIM_2023-04-14_HAULAGE_DISRUPTION,SYN_MINE_01,2023-04-14,7,HAULAGE_DISRUPTION,17.9,dumpers / haul road,0.0683,4.268,-0.093,0.02,-3.76,0.0,OBSERVED WEEK (IMD/ERA5),-1595.4,SIMULATED
SIM_2023-04-14_COMBINED_DISRUPTION,SYN_MINE_01,2023-04-14,7,COMBINED_DISRUPTION,46.16,site-wide,0.0467,2.571,4.3,1.777,-3.09,148.0,HEAVY_RAIN (IMD p95 7-day),-4115.3,SIMULATED
SIM_2023-04-28_NORMAL,SYN_MINE_01,2023-04-28,7,NORMAL,0.0,none,0.0,0.0,0.0,0.0,0.0,38.7,OBSERVED WEEK (IMD/ERA5),0.0,SIMULATED
SIM_2023-04-28_HEAVY_RAIN,SYN_MINE_01,2023-04-28,7,HEAVY_RAIN,2.53,site / dumpers,0.0,0.327,-0.006,1.495,0.0,148.0,HEAVY_RAIN (IMD p95 7-day),-222.6,SIMULATED
SIM_2023-04-28_EQUIPMENT_DEGRADATION,SYN_MINE_01,2023-04-28,7,EQUIPMENT_DEGRADATION,5.86,"excavators, dumpers",0.0315,1.45,0.055,0.732,-2.26,38.7,OBSERVED WEEK (IMD/ERA5),-516.1,SIMULATED
SIM_2023-04-28_BLAST_DELAY,SYN_MINE_01,2023-04-28,7,BLAST_DELAY,0.0,blasting / excavators,0.0,0.0,0.0,0.0,0.0,38.7,OBSERVED WEEK (IMD/ERA5),0.0,SIMULATED
SIM_2023-04-28_DRILL_DELAY,SYN_MINE_01,2023-04-28,7,DRILL_DELAY,3.05,drills,0.103,1.9,-0.033,2.035,-0.55,38.7,OBSERVED WEEK (IMD/ERA5),-268.1,SIMULATED
SIM_2023-04-28_HAULAGE_DISRUPTION,SYN_MINE_01,2023-04-28,7,HAULAGE_DISRUPTION,35.44,dumpers / haul road,0.1038,6.333,-0.052,0.885,-3.67,38.7,OBSERVED WEEK (IMD/ERA5),-3118.2,SIMULATED
SIM_2023-04-28_COMBINED_DISRUPTION,SYN_MINE_01,2023-04-28,7,COMBINED_DISRUPTION,11.76,site-wide,0.0372,2.25,0.046,2.219,-2.21,148.0,HEAVY_RAIN (IMD p95 7-day),-1034.8,SIMULATED
SIM_2023-05-12_NORMAL,SYN_MINE_01,2023-05-12,7,NORMAL,0.0,none,0.0,0.0,0.0,0.0,0.0,0.0,OBSERVED WEEK (IMD/ERA5),0.0,SIMULATED
SIM_2023-05-12_HEAVY_RAIN,SYN_MINE_01,2023-05-12,7,HEAVY_RAIN,16.14,site / dumpers,-0.0783,1.142,-0.02,1.292,-0.92,148.0,HEAVY_RAIN (IMD p95 7-day),-1661.4,SIMULATED
SIM_2023-05-12_EQUIPMENT_DEGRADATION,SYN_MINE_01,2023-05-12,7,EQUIPMENT_DEGRADATION,4.56,"excavators, dumpers",-0.0176,0.129,-0.043,-0.458,-2.25,0.0,OBSERVED WEEK (IMD/ERA5),-469.2,SIMULATED
SIM_2023-05-12_BLAST_DELAY,SYN_MINE_01,2023-05-12,7,BLAST_DELAY,37.18,blasting / excavators,0.0,0.0,5.562,0.0,0.0,0.0,OBSERVED WEEK (IMD/ERA5),-3826.0,SIMULATED
SIM_2023-05-12_DRILL_DELAY,SYN_MINE_01,2023-05-12,7,DRILL_DELAY,-6.31,drills,0.0831,0.0,0.063,2.221,-0.18,0.0,OBSERVED WEEK (IMD/ERA5),649.8,SIMULATED
SIM_2023-05-12_HAULAGE_DISRUPTION,SYN_MINE_01,2023-05-12,7,HAULAGE_DISRUPTION,25.96,dumpers / haul road,0.0331,4.599,-0.093,-0.354,-3.65,0.0,OBSERVED WEEK (IMD/ERA5),-2671.2,SIMULATED
SIM_2023-05-12_COMBINED_DISRUPTION,SYN_MINE_01,2023-05-12,7,COMBINED_DISRUPTION,40.41,site-wide,-0.2018,1.279,1.316,1.301,-2.56,148.0,HEAVY_RAIN (IMD p95 7-day),-4159.1,SIMULATED
SIM_2023-05-26_NORMAL,SYN_MINE_01,2023-05-26,7,NORMAL,0.0,none,0.0,0.0,0.0,0.0,0.0,0.0,OBSERVED WEEK (IMD/ERA5),0.0,SIMULATED
SIM_2023-05-26_HEAVY_RAIN,SYN_MINE_01,2023-05-26,7,HEAVY_RAIN,20.8,site / dumpers,0.0027,2.788,-0.03,1.678,-0.29,148.0,HEAVY_RAIN (IMD p95 7-day),-1986.2,SIMULATED
SIM_2023-05-26_EQUIPMENT_DEGRADATION,SYN_MINE_01,2023-05-26,7,EQUIPMENT_DEGRADATION,41.7,"excavators, dumpers",-0.3307,0.074,-0.153,-0.498,-1.58,0.0,OBSERVED WEEK (IMD/ERA5),-3982.5,SIMULATED
SIM_2023-05-26_BLAST_DELAY,SYN_MINE_01,2023-05-26,7,BLAST_DELAY,7.41,blasting / excavators,0.0,0.0,1.04,0.0,0.0,0.0,OBSERVED WEEK (IMD/ERA5),-707.1,SIMULATED
SIM_2023-05-26_DRILL_DELAY,SYN_MINE_01,2023-05-26,7,DRILL_DELAY,2.27,drills,-0.0015,0.087,-0.03,0.988,0.1,0.0,OBSERVED WEEK (IMD/ERA5),-217.1,SIMULATED
SIM_2023-05-26_HAULAGE_DISRUPTION,SYN_MINE_01,2023-05-26,7,HAULAGE_DISRUPTION,45.27,dumpers / haul road,0.0271,6.433,-0.109,-0.259,-3.51,0.0,OBSERVED WEEK (IMD/ERA5),-4322.9,SIMULATED
SIM_2023-05-26_COMBINED_DISRUPTION,SYN_MINE_01,2023-05-26,7,COMBINED_DISRUPTION,37.61,site-wide,-0.1284,2.804,-0.133,1.835,-2.22,148.0,HEAVY_RAIN (IMD p95 7-day),-3591.7,SIMULATED
SIM_2023-06-09_NORMAL,SYN_MINE_01,2023-06-09,7,NORMAL,0.0,none,0.0,0.0,0.0,0.0,0.0,4.4,OBSERVED WEEK (IMD/ERA5),0.0,SIMULATED
SIM_2023-06-09_HEAVY_RAIN,SYN_MINE_01,2023-06-09,7,HEAVY_RAIN,-6.41,site / dumpers,0.1724,2.051,0.049,1.975,-0.45,148.0,HEAVY_RAIN (IMD p95 7-day),613.0,SIMULATED
SIM_2023-06-09_EQUIPMENT_DEGRADATION,SYN_MINE_01,2023-06-09,7,EQUIPMENT_DEGRADATION,-2.11,"excavators, dumpers",0.0499,0.44,-0.038,0.3,-1.58,4.4,OBSERVED WEEK (IMD/ERA5),201.5,SIMULATED
SIM_2023-06-09_BLAST_DELAY,SYN_MINE_01,2023-06-09,7,BLAST_DELAY,49.81,blasting / excavators,0.0,0.0,6.898,0.0,0.0,4.4,OBSERVED WEEK (IMD/ERA5),-4763.2,SIMULATED
SIM_2023-06-09_DRILL_DELAY,SYN_MINE_01,2023-06-09,7,DRILL_DELAY,-10.32,drills,0.1035,0.066,0.005,1.255,-0.63,4.4,OBSERVED WEEK (IMD/ERA5),986.8,SIMULATED
SIM_2023-06-09_HAULAGE_DISRUPTION,SYN_MINE_01,2023-06-09,7,HAULAGE_DISRUPTION,31.94,dumpers / haul road,0.0296,4.581,0.023,-0.454,-4.04,4.4,OBSERVED WEEK (IMD/ERA5),-3054.9,SIMULATED
SIM_2023-06-09_COMBINED_DISRUPTION,SYN_MINE_01,2023-06-09,7,COMBINED_DISRUPTION,25.36,site-wide,-0.0894,1.808,-0.035,1.865,-1.91,148.0,HEAVY_RAIN (IMD p95 7-day),-2425.4,SIMULATED
SIM_2023-06-23_NORMAL,SYN_MINE_01,2023-06-23,7,NORMAL,0.0,none,0.0,0.0,0.0,0.0,0.0,161.6,OBSERVED WEEK (IMD/ERA5),0.0,SIMULATED
SIM_2023-06-23_HEAVY_RAIN,SYN_MINE_01,2023-06-23,7,HEAVY_RAIN,5.77,site / dumpers,0.0,0.394,-0.005,0.874,0.09,230.6,HEAVY_RAIN (IMD p95 7-day),-440.1,SIMULATED
SIM_2023-06-23_EQUIPMENT_DEGRADATION,SYN_MINE_01,2023-06-23,7,EQUIPMENT_DEGRADATION,-0.82,"excavators, dumpers",0.0181,0.753,0.027,-0.436,-2.33,161.6,OBSERVED WEEK (IMD/ERA5),62.5,SIMULATED
SIM_2023-06-23_BLAST_DELAY,SYN_MINE_01,2023-06-23,7,BLAST_DELAY,0.0,blasting / excavators,0.0,0.0,0.0,0.0,0.0,161.6,OBSERVED WEEK (IMD/ERA5),0.0,SIMULATED
SIM_2023-06-23_DRILL_DELAY,SYN_MINE_01,2023-06-23,7,DRILL_DELAY,-18.82,drills,0.0657,-0.417,-0.031,1.803,-0.18,161.6,OBSERVED WEEK (IMD/ERA5),1435.1,SIMULATED
SIM_2023-06-23_HAULAGE_DISRUPTION,SYN_MINE_01,2023-06-23,7,HAULAGE_DISRUPTION,36.03,dumpers / haul road,0.0855,5.616,-0.008,-0.09,-3.71,161.6,OBSERVED WEEK (IMD/ERA5),-2747.9,SIMULATED
SIM_2023-06-23_COMBINED_DISRUPTION,SYN_MINE_01,2023-06-23,7,COMBINED_DISRUPTION,7.69,site-wide,0.0181,1.297,0.409,0.399,-2.33,230.6,HEAVY_RAIN (IMD p95 7-day),-586.2,SIMULATED
SIM_2023-07-07_NORMAL,SYN_MINE_01,2023-07-07,7,NORMAL,0.0,none,0.0,0.0,0.0,0.0,0.0,148.8,OBSERVED WEEK (IMD/ERA5),0.0,SIMULATED
SIM_2023-07-07_HEAVY_RAIN,SYN_MINE_01,2023-07-07,7,HEAVY_RAIN,2.01,site / dumpers,0.0349,0.664,0.017,0.967,0.01,216.9,HEAVY_RAIN (IMD p95 7-day),-156.7,SIMULATED
SIM_2023-07-07_EQUIPMENT_DEGRADATION,SYN_MINE_01,2023-07-07,7,EQUIPMENT_DEGRADATION,30.89,"excavators, dumpers",-0.0837,1.196,-0.194,0.415,-1.8,148.8,OBSERVED WEEK (IMD/ERA5),-2410.9,SIMULATED
SIM_2023-07-07_BLAST_DELAY,SYN_MINE_01,2023-07-07,7,BLAST_DELAY,0.0,blasting / excavators,0.0,0.0,0.0,0.0,0.0,148.8,OBSERVED WEEK (IMD/ERA5),0.0,SIMULATED
SIM_2023-07-07_DRILL_DELAY,SYN_MINE_01,2023-07-07,7,DRILL_DELAY,-8.41,drills,0.0618,-0.21,-0.169,1.1,0.4,148.8,OBSERVED WEEK (IMD/ERA5),656.2,SIMULATED
SIM_2023-07-07_HAULAGE_DISRUPTION,SYN_MINE_01,2023-07-07,7,HAULAGE_DISRUPTION,39.38,dumpers / haul road,-0.048,3.563,-0.157,0.096,-3.64,148.8,OBSERVED WEEK (IMD/ERA5),-3073.2,SIMULATED
SIM_2023-07-07_COMBINED_DISRUPTION,SYN_MINE_01,2023-07-07,7,COMBINED_DISRUPTION,31.92,site-wide,-0.0837,1.313,-0.197,1.189,-1.8,216.9,HEAVY_RAIN (IMD p95 7-day),-2491.2,SIMULATED
SIM_2023-07-21_NORMAL,SYN_MINE_01,2023-07-21,7,NORMAL,0.0,none,0.0,0.0,0.0,0.0,0.0,74.1,OBSERVED WEEK (IMD/ERA5),0.0,SIMULATED
SIM_2023-07-21_HEAVY_RAIN,SYN_MINE_01,2023-07-21,7,HEAVY_RAIN,3.4,site / dumpers,0.0,0.361,-0.003,1.015,0.0,166.5,HEAVY_RAIN (IMD p95 7-day),-248.7,SIMULATED
SIM_2023-07-21_EQUIPMENT_DEGRADATION,SYN_MINE_01,2023-07-21,7,EQUIPMENT_DEGRADATION,-1.47,"excavators, dumpers",0.0102,0.523,0.032,0.318,-1.85,74.1,OBSERVED WEEK (IMD/ERA5),107.3,SIMULATED
SIM_2023-07-21_BLAST_DELAY,SYN_MINE_01,2023-07-21,7,BLAST_DELAY,2.47,blasting / excavators,0.0,0.0,0.266,0.0,0.0,74.1,OBSERVED WEEK (IMD/ERA5),-180.8,SIMULATED
SIM_2023-07-21_DRILL_DELAY,SYN_MINE_01,2023-07-21,7,DRILL_DELAY,-31.69,drills,0.1929,-0.129,0.036,1.073,0.26,74.1,OBSERVED WEEK (IMD/ERA5),2315.5,SIMULATED
SIM_2023-07-21_HAULAGE_DISRUPTION,SYN_MINE_01,2023-07-21,7,HAULAGE_DISRUPTION,27.49,dumpers / haul road,0.1316,5.4,-0.001,0.318,-3.71,74.1,OBSERVED WEEK (IMD/ERA5),-2009.0,SIMULATED
SIM_2023-07-21_COMBINED_DISRUPTION,SYN_MINE_01,2023-07-21,7,COMBINED_DISRUPTION,14.47,site-wide,0.0102,0.832,1.35,1.223,-1.85,166.5,HEAVY_RAIN (IMD p95 7-day),-1057.5,SIMULATED
SIM_2023-08-04_NORMAL,SYN_MINE_01,2023-08-04,7,NORMAL,0.0,none,0.0,0.0,0.0,0.0,0.0,115.7,OBSERVED WEEK (IMD/ERA5),0.0,SIMULATED
SIM_2023-08-04_HEAVY_RAIN,SYN_MINE_01,2023-08-04,7,HEAVY_RAIN,3.84,site / dumpers,0.0,0.581,-0.006,0.943,0.0,203.8,HEAVY_RAIN (IMD p95 7-day),-397.1,SIMULATED
SIM_2023-08-04_EQUIPMENT_DEGRADATION,SYN_MINE_01,2023-08-04,7,EQUIPMENT_DEGRADATION,20.62,"excavators, dumpers",-0.091,1.422,-0.044,-0.258,-2.33,115.7,OBSERVED WEEK (IMD/ERA5),-2130.8,SIMULATED
SIM_2023-08-04_BLAST_DELAY,SYN_MINE_01,2023-08-04,7,BLAST_DELAY,2.37,blasting / excavators,0.0,0.0,0.345,0.0,0.0,115.7,OBSERVED WEEK (IMD/ERA5),-245.0,SIMULATED
SIM_2023-08-04_DRILL_DELAY,SYN_MINE_01,2023-08-04,7,DRILL_DELAY,9.26,drills,-0.0935,0.183,-0.006,1.038,0.02,115.7,OBSERVED WEEK (IMD/ERA5),-956.9,SIMULATED
SIM_2023-08-04_HAULAGE_DISRUPTION,SYN_MINE_01,2023-08-04,7,HAULAGE_DISRUPTION,44.84,dumpers / haul road,0.0,6.796,-0.16,0.192,-3.39,115.7,OBSERVED WEEK (IMD/ERA5),-4632.7,SIMULATED
SIM_2023-08-04_COMBINED_DISRUPTION,SYN_MINE_01,2023-08-04,7,COMBINED_DISRUPTION,53.54,site-wide,-0.091,1.958,4.369,0.772,-2.33,203.8,HEAVY_RAIN (IMD p95 7-day),-5532.5,SIMULATED
SIM_2023-08-18_NORMAL,SYN_MINE_01,2023-08-18,7,NORMAL,0.0,none,0.0,0.0,0.0,0.0,0.0,163.5,OBSERVED WEEK (IMD/ERA5),0.0,SIMULATED
SIM_2023-08-18_HEAVY_RAIN,SYN_MINE_01,2023-08-18,7,HEAVY_RAIN,1.5,site / dumpers,0.0,0.156,-0.0,0.713,0.0,208.1,HEAVY_RAIN (IMD p95 7-day),-108.2,SIMULATED
SIM_2023-08-18_EQUIPMENT_DEGRADATION,SYN_MINE_01,2023-08-18,7,EQUIPMENT_DEGRADATION,38.19,"excavators, dumpers",-0.2647,-0.207,-0.098,0.264,-1.89,163.5,OBSERVED WEEK (IMD/ERA5),-2757.0,SIMULATED
SIM_2023-08-18_BLAST_DELAY,SYN_MINE_01,2023-08-18,7,BLAST_DELAY,0.0,blasting / excavators,0.0,0.0,0.0,0.0,0.0,163.5,OBSERVED WEEK (IMD/ERA5),0.0,SIMULATED
SIM_2023-08-18_DRILL_DELAY,SYN_MINE_01,2023-08-18,7,DRILL_DELAY,-21.3,drills,0.1363,0.542,0.121,0.787,-0.02,163.5,OBSERVED WEEK (IMD/ERA5),1538.0,SIMULATED
SIM_2023-08-18_HAULAGE_DISRUPTION,SYN_MINE_01,2023-08-18,7,HAULAGE_DISRUPTION,40.11,dumpers / haul road,-0.0336,3.632,-0.041,-0.067,-3.59,163.5,OBSERVED WEEK (IMD/ERA5),-2895.7,SIMULATED
SIM_2023-08-18_COMBINED_DISRUPTION,SYN_MINE_01,2023-08-18,7,COMBINED_DISRUPTION,38.19,site-wide,-0.2647,-0.207,-0.098,1.004,-1.89,208.1,HEAVY_RAIN (IMD p95 7-day),-2757.0,SIMULATED
SIM_2023-09-01_NORMAL,SYN_MINE_01,2023-09-01,7,NORMAL,0.0,none,0.0,0.0,0.0,0.0,0.0,96.5,OBSERVED WEEK (IMD/ERA5),0.0,SIMULATED
SIM_2023-09-01_HEAVY_RAIN,SYN_MINE_01,2023-09-01,7,HEAVY_RAIN,13.57,site / dumpers,-0.0642,0.832,-0.073,1.446,-0.02,174.0,HEAVY_RAIN (IMD p95 7-day),-1248.0,SIMULATED
SIM_2023-09-01_EQUIPMENT_DEGRADATION,SYN_MINE_01,2023-09-01,7,EQUIPMENT_DEGRADATION,15.78,"excavators, dumpers",-0.1477,0.054,0.021,0.118,-1.27,96.5,OBSERVED WEEK (IMD/ERA5),-1451.5,SIMULATED
SIM_2023-09-01_BLAST_DELAY,SYN_MINE_01,2023-09-01,7,BLAST_DELAY,0.0,blasting / excavators,0.0,0.0,0.0,0.0,0.0,96.5,OBSERVED WEEK (IMD/ERA5),0.0,SIMULATED
SIM_2023-09-01_DRILL_DELAY,SYN_MINE_01,2023-09-01,7,DRILL_DELAY,8.66,drills,-0.1407,-0.804,-0.044,0.603,0.18,96.5,OBSERVED WEEK (IMD/ERA5),-797.1,SIMULATED
SIM_2023-09-01_HAULAGE_DISRUPTION,SYN_MINE_01,2023-09-01,7,HAULAGE_DISRUPTION,30.83,dumpers / haul road,-0.009,4.208,-0.067,-0.701,-3.48,96.5,OBSERVED WEEK (IMD/ERA5),-2835.9,SIMULATED
SIM_2023-09-01_COMBINED_DISRUPTION,SYN_MINE_01,2023-09-01,7,COMBINED_DISRUPTION,26.22,site-wide,-0.1488,1.272,0.056,0.919,-2.02,174.0,HEAVY_RAIN (IMD p95 7-day),-2412.5,SIMULATED
SIM_2023-09-15_NORMAL,SYN_MINE_01,2023-09-15,7,NORMAL,0.0,none,0.0,0.0,0.0,0.0,0.0,221.5,OBSERVED WEEK (IMD/ERA5),0.0,SIMULATED
SIM_2023-09-15_HEAVY_RAIN,SYN_MINE_01,2023-09-15,7,HEAVY_RAIN,4.71,site / dumpers,0.0,0.613,-0.011,0.983,0.0,310.7,HEAVY_RAIN (IMD p95 7-day),-417.1,SIMULATED
SIM_2023-09-15_EQUIPMENT_DEGRADATION,SYN_MINE_01,2023-09-15,7,EQUIPMENT_DEGRADATION,25.0,"excavators, dumpers",-0.2447,-0.199,-0.147,0.086,-1.94,221.5,OBSERVED WEEK (IMD/ERA5),-2211.4,SIMULATED
SIM_2023-09-15_BLAST_DELAY,SYN_MINE_01,2023-09-15,7,BLAST_DELAY,78.71,blasting / excavators,0.0,0.0,10.005,0.0,0.0,221.5,OBSERVED WEEK (IMD/ERA5),-6963.7,SIMULATED
SIM_2023-09-15_DRILL_DELAY,SYN_MINE_01,2023-09-15,7,DRILL_DELAY,25.39,drills,-0.2128,-0.882,-0.131,0.64,0.69,221.5,OBSERVED WEEK (IMD/ERA5),-2246.3,SIMULATED
SIM_2023-09-15_HAULAGE_DISRUPTION,SYN_MINE_01,2023-09-15,7,HAULAGE_DISRUPTION,41.73,dumpers / haul road,-0.1006,3.993,-0.175,-0.399,-2.99,221.5,OBSERVED WEEK (IMD/ERA5),-3691.6,SIMULATED
SIM_2023-09-15_COMBINED_DISRUPTION,SYN_MINE_01,2023-09-15,7,COMBINED_DISRUPTION,27.25,site-wide,-0.2447,0.088,-0.147,1.047,-1.94,310.7,HEAVY_RAIN (IMD p95 7-day),-2410.8,SIMULATED
SIM_2023-09-29_NORMAL,SYN_MINE_01,2023-09-29,7,NORMAL,0.0,none,0.0,0.0,0.0,0.0,0.0,19.5,OBSERVED WEEK (IMD/ERA5),0.0,SIMULATED
SIM_2023-09-29_HEAVY_RAIN,SYN_MINE_01,2023-09-29,7,HEAVY_RAIN,13.28,site / dumpers,-0.0215,1.543,-0.007,1.405,-0.4,148.0,HEAVY_RAIN (IMD p95 7-day),-1397.5,SIMULATED
SIM_2023-09-29_EQUIPMENT_DEGRADATION,SYN_MINE_01,2023-09-29,7,EQUIPMENT_DEGRADATION,32.38,"excavators, dumpers",-0.3091,0.251,-0.154,-0.109,-1.71,19.5,OBSERVED WEEK (IMD/ERA5),-3406.9,SIMULATED
SIM_2023-09-29_BLAST_DELAY,SYN_MINE_01,2023-09-29,7,BLAST_DELAY,0.0,blasting / excavators,0.0,0.0,0.0,0.0,0.0,19.5,OBSERVED WEEK (IMD/ERA5),0.0,SIMULATED
SIM_2023-09-29_DRILL_DELAY,SYN_MINE_01,2023-09-29,7,DRILL_DELAY,2.21,drills,-0.0422,-0.113,-0.007,1.817,0.07,19.5,OBSERVED WEEK (IMD/ERA5),-232.4,SIMULATED
SIM_2023-09-29_HAULAGE_DISRUPTION,SYN_MINE_01,2023-09-29,7,HAULAGE_DISRUPTION,37.85,dumpers / haul road,0.0276,6.147,-0.082,0.866,-3.25,19.5,OBSERVED WEEK (IMD/ERA5),-3982.6,SIMULATED
SIM_2023-09-29_COMBINED_DISRUPTION,SYN_MINE_01,2023-09-29,7,COMBINED_DISRUPTION,36.69,site-wide,-0.2166,1.694,0.644,1.517,-2.02,148.0,HEAVY_RAIN (IMD p95 7-day),-3861.0,SIMULATED
SIM_2023-10-13_NORMAL,SYN_MINE_01,2023-10-13,7,NORMAL,0.0,none,0.0,0.0,0.0,0.0,0.0,0.0,OBSERVED WEEK (IMD/ERA5),0.0,SIMULATED
SIM_2023-10-13_HEAVY_RAIN,SYN_MINE_01,2023-10-13,7,HEAVY_RAIN,54.78,site / dumpers,-0.0417,1.527,1.438,1.666,-0.3,148.0,HEAVY_RAIN (IMD p95 7-day),-2629.6,SIMULATED
SIM_2023-10-13_EQUIPMENT_DEGRADATION,SYN_MINE_01,2023-10-13,7,EQUIPMENT_DEGRADATION,-25.21,"excavators, dumpers",-0.1202,0.03,-3.571,0.069,-1.16,0.0,OBSERVED WEEK (IMD/ERA5),1210.2,SIMULATED
SIM_2023-10-13_BLAST_DELAY,SYN_MINE_01,2023-10-13,7,BLAST_DELAY,0.0,blasting / excavators,0.0,0.0,0.0,0.0,0.0,0.0,OBSERVED WEEK (IMD/ERA5),0.0,SIMULATED
SIM_2023-10-13_DRILL_DELAY,SYN_MINE_01,2023-10-13,7,DRILL_DELAY,0.0,drills,0.0136,0.767,-0.836,0.861,0.31,0.0,OBSERVED WEEK (IMD/ERA5),0.0,SIMULATED
SIM_2023-10-13_HAULAGE_DISRUPTION,SYN_MINE_01,2023-10-13,7,HAULAGE_DISRUPTION,-5.75,dumpers / haul road,0.0201,5.011,-4.754,0.015,-3.35,0.0,OBSERVED WEEK (IMD/ERA5),276.0,SIMULATED
SIM_2023-10-13_COMBINED_DISRUPTION,SYN_MINE_01,2023-10-13,7,COMBINED_DISRUPTION,17.72,site-wide,-0.0359,2.934,-2.695,1.951,-1.94,148.0,HEAVY_RAIN (IMD p95 7-day),-850.6,SIMULATED
SIM_2023-10-27_NORMAL,SYN_MINE_01,2023-10-27,7,NORMAL,0.0,none,0.0,0.0,0.0,0.0,0.0,0.0,OBSERVED WEEK (IMD/ERA5),0.0,SIMULATED
SIM_2023-10-27_HEAVY_RAIN,SYN_MINE_01,2023-10-27,7,HEAVY_RAIN,1.02,site / dumpers,0.0384,0.67,-0.143,1.8,-0.75,148.0,HEAVY_RAIN (IMD p95 7-day),-89.5,SIMULATED
SIM_2023-10-27_EQUIPMENT_DEGRADATION,SYN_MINE_01,2023-10-27,7,EQUIPMENT_DEGRADATION,14.69,"excavators, dumpers",-0.1211,-0.208,-0.07,-0.239,-1.81,0.0,OBSERVED WEEK (IMD/ERA5),-1288.9,SIMULATED
SIM_2023-10-27_BLAST_DELAY,SYN_MINE_01,2023-10-27,7,BLAST_DELAY,15.37,blasting / excavators,0.0,0.0,1.993,0.0,0.0,0.0,OBSERVED WEEK (IMD/ERA5),-1348.2,SIMULATED
SIM_2023-10-27_DRILL_DELAY,SYN_MINE_01,2023-10-27,7,DRILL_DELAY,4.41,drills,-0.0548,-0.118,-0.153,2.011,0.44,0.0,OBSERVED WEEK (IMD/ERA5),-386.5,SIMULATED
SIM_2023-10-27_HAULAGE_DISRUPTION,SYN_MINE_01,2023-10-27,7,HAULAGE_DISRUPTION,35.72,dumpers / haul road,-0.2503,0.506,-0.182,-0.14,-3.49,0.0,OBSERVED WEEK (IMD/ERA5),-3133.7,SIMULATED
SIM_2023-10-27_COMBINED_DISRUPTION,SYN_MINE_01,2023-10-27,7,COMBINED_DISRUPTION,29.46,site-wide,-0.1244,1.954,-0.238,1.595,-3.4,148.0,HEAVY_RAIN (IMD p95 7-day),-2584.8,SIMULATED
SIM_2023-11-10_NORMAL,SYN_MINE_01,2023-11-10,7,NORMAL,0.0,none,0.0,0.0,0.0,0.0,0.0,0.0,OBSERVED WEEK (IMD/ERA5),0.0,SIMULATED
SIM_2023-11-10_HEAVY_RAIN,SYN_MINE_01,2023-11-10,7,HEAVY_RAIN,21.63,site / dumpers,-0.1554,0.5,-0.097,2.027,-0.14,148.0,HEAVY_RAIN (IMD p95 7-day),-2180.2,SIMULATED
SIM_2023-11-10_EQUIPMENT_DEGRADATION,SYN_MINE_01,2023-11-10,7,EQUIPMENT_DEGRADATION,20.53,"excavators, dumpers",-0.2135,-0.239,-0.084,-0.223,-1.39,0.0,OBSERVED WEEK (IMD/ERA5),-2069.7,SIMULATED
SIM_2023-11-10_BLAST_DELAY,SYN_MINE_01,2023-11-10,7,BLAST_DELAY,34.96,blasting / excavators,0.0,0.0,5.151,0.0,0.0,0.0,OBSERVED WEEK (IMD/ERA5),-3524.2,SIMULATED
SIM_2023-11-10_DRILL_DELAY,SYN_MINE_01,2023-11-10,7,DRILL_DELAY,4.11,drills,-0.0192,0.176,0.04,0.927,-0.02,0.0,OBSERVED WEEK (IMD/ERA5),-414.0,SIMULATED
SIM_2023-11-10_HAULAGE_DISRUPTION,SYN_MINE_01,2023-11-10,7,HAULAGE_DISRUPTION,27.14,dumpers / haul road,0.03,4.694,-0.06,-0.159,-3.74,0.0,OBSERVED WEEK (IMD/ERA5),-2735.3,SIMULATED
SIM_2023-11-10_COMBINED_DISRUPTION,SYN_MINE_01,2023-11-10,7,COMBINED_DISRUPTION,22.99,site-wide,-0.1525,0.999,-0.052,1.266,-2.65,148.0,HEAVY_RAIN (IMD p95 7-day),-2316.8,SIMULATED
SIM_2023-11-24_NORMAL,SYN_MINE_01,2023-11-24,7,NORMAL,0.0,none,0.0,0.0,0.0,0.0,0.0,14.5,OBSERVED WEEK (IMD/ERA5),0.0,SIMULATED
SIM_2023-11-24_HEAVY_RAIN,SYN_MINE_01,2023-11-24,7,HEAVY_RAIN,-7.72,site / dumpers,0.0963,0.111,0.242,1.83,-0.17,148.0,HEAVY_RAIN (IMD p95 7-day),715.7,SIMULATED
SIM_2023-11-24_EQUIPMENT_DEGRADATION,SYN_MINE_01,2023-11-24,7,EQUIPMENT_DEGRADATION,11.52,"excavators, dumpers",-0.0581,0.429,0.063,0.857,-1.93,14.5,OBSERVED WEEK (IMD/ERA5),-1067.1,SIMULATED
SIM_2023-11-24_BLAST_DELAY,SYN_MINE_01,2023-11-24,7,BLAST_DELAY,0.0,blasting / excavators,0.0,0.0,0.0,0.0,0.0,14.5,OBSERVED WEEK (IMD/ERA5),0.0,SIMULATED
SIM_2023-11-24_DRILL_DELAY,SYN_MINE_01,2023-11-24,7,DRILL_DELAY,-11.97,drills,0.1095,0.0,0.223,1.286,-0.01,14.5,OBSERVED WEEK (IMD/ERA5),1109.5,SIMULATED
SIM_2023-11-24_HAULAGE_DISRUPTION,SYN_MINE_01,2023-11-24,7,HAULAGE_DISRUPTION,9.16,dumpers / haul road,0.0917,2.621,0.12,0.45,-3.34,14.5,OBSERVED WEEK (IMD/ERA5),-848.7,SIMULATED
SIM_2023-11-24_COMBINED_DISRUPTION,SYN_MINE_01,2023-11-24,7,COMBINED_DISRUPTION,48.2,site-wide,-0.0797,0.814,4.264,2.175,-2.7,148.0,HEAVY_RAIN (IMD p95 7-day),-4467.0,SIMULATED
SIM_2023-12-08_NORMAL,SYN_MINE_01,2023-12-08,7,NORMAL,0.0,none,0.0,0.0,0.0,0.0,0.0,1.3,OBSERVED WEEK (IMD/ERA5),0.0,SIMULATED
SIM_2023-12-08_HEAVY_RAIN,SYN_MINE_01,2023-12-08,7,HEAVY_RAIN,2.66,site / dumpers,-0.028,0.05,-0.121,1.515,-0.16,148.0,HEAVY_RAIN (IMD p95 7-day),-269.5,SIMULATED
SIM_2023-12-08_EQUIPMENT_DEGRADATION,SYN_MINE_01,2023-12-08,7,EQUIPMENT_DEGRADATION,20.05,"excavators, dumpers",-0.2092,0.0,-0.167,-0.052,-1.72,1.3,OBSERVED WEEK (IMD/ERA5),-2030.8,SIMULATED
SIM_2023-12-08_BLAST_DELAY,SYN_MINE_01,2023-12-08,7,BLAST_DELAY,0.0,blasting / excavators,0.0,0.0,0.0,0.0,0.0,1.3,OBSERVED WEEK (IMD/ERA5),0.0,SIMULATED
SIM_2023-12-08_DRILL_DELAY,SYN_MINE_01,2023-12-08,7,DRILL_DELAY,0.69,drills,0.0089,0.0,-0.005,1.811,0.46,1.3,OBSERVED WEEK (IMD/ERA5),-70.3,SIMULATED
SIM_2023-12-08_HAULAGE_DISRUPTION,SYN_MINE_01,2023-12-08,7,HAULAGE_DISRUPTION,14.38,dumpers / haul road,0.0421,3.428,-0.07,0.249,-3.59,1.3,OBSERVED WEEK (IMD/ERA5),-1456.5,SIMULATED
SIM_2023-12-08_COMBINED_DISRUPTION,SYN_MINE_01,2023-12-08,7,COMBINED_DISRUPTION,37.61,site-wide,-0.207,0.939,1.349,1.756,-2.31,148.0,HEAVY_RAIN (IMD p95 7-day),-3810.0,SIMULATED
SIM_2023-12-22_NORMAL,SYN_MINE_01,2023-12-22,7,NORMAL,0.0,none,0.0,0.0,0.0,0.0,0.0,0.0,OBSERVED WEEK (IMD/ERA5),0.0,SIMULATED
SIM_2023-12-22_HEAVY_RAIN,SYN_MINE_01,2023-12-22,7,HEAVY_RAIN,5.05,site / dumpers,0.0288,0.735,0.115,1.748,-0.09,148.0,HEAVY_RAIN (IMD p95 7-day),-542.1,SIMULATED
SIM_2023-12-22_EQUIPMENT_DEGRADATION,SYN_MINE_01,2023-12-22,7,EQUIPMENT_DEGRADATION,6.09,"excavators, dumpers",-0.0717,0.051,-0.011,0.246,-1.6,0.0,OBSERVED WEEK (IMD/ERA5),-653.8,SIMULATED
SIM_2023-12-22_BLAST_DELAY,SYN_MINE_01,2023-12-22,7,BLAST_DELAY,1.31,blasting / excavators,0.0,0.0,0.209,0.0,0.0,0.0,OBSERVED WEEK (IMD/ERA5),-141.2,SIMULATED
SIM_2023-12-22_DRILL_DELAY,SYN_MINE_01,2023-12-22,7,DRILL_DELAY,6.9,drills,-0.0296,0.376,-0.041,1.353,0.32,0.0,OBSERVED WEEK (IMD/ERA5),-741.5,SIMULATED
SIM_2023-12-22_HAULAGE_DISRUPTION,SYN_MINE_01,2023-12-22,7,HAULAGE_DISRUPTION,26.62,dumpers / haul road,-0.0725,2.911,-0.063,0.056,-3.48,0.0,OBSERVED WEEK (IMD/ERA5),-2859.8,SIMULATED
SIM_2023-12-22_COMBINED_DISRUPTION,SYN_MINE_01,2023-12-22,7,COMBINED_DISRUPTION,42.97,site-wide,-0.0583,2.05,3.202,2.423,-2.63,148.0,HEAVY_RAIN (IMD p95 7-day),-4615.9,SIMULATED
SIM_2024-01-05_NORMAL,SYN_MINE_01,2024-01-05,7,NORMAL,0.0,none,0.0,0.0,0.0,0.0,0.0,0.0,OBSERVED WEEK (IMD/ERA5),0.0,SIMULATED
SIM_2024-01-05_HEAVY_RAIN,SYN_MINE_01,2024-01-05,7,HEAVY_RAIN,8.93,site / dumpers,-0.0184,0.429,0.043,2.421,-0.31,148.0,HEAVY_RAIN (IMD p95 7-day),-920.4,SIMULATED
SIM_2024-01-05_EQUIPMENT_DEGRADATION,SYN_MINE_01,2024-01-05,7,EQUIPMENT_DEGRADATION,21.59,"excavators, dumpers",-0.2194,0.0,-0.094,-0.193,-1.22,0.0,OBSERVED WEEK (IMD/ERA5),-2224.7,SIMULATED
SIM_2024-01-05_BLAST_DELAY,SYN_MINE_01,2024-01-05,7,BLAST_DELAY,0.0,blasting / excavators,0.0,0.0,0.0,0.0,0.0,0.0,OBSERVED WEEK (IMD/ERA5),0.0,SIMULATED
SIM_2024-01-05_DRILL_DELAY,SYN_MINE_01,2024-01-05,7,DRILL_DELAY,9.55,drills,-0.0709,0.273,-0.046,1.775,0.19,0.0,OBSERVED WEEK (IMD/ERA5),-984.1,SIMULATED
SIM_2024-01-05_HAULAGE_DISRUPTION,SYN_MINE_01,2024-01-05,7,HAULAGE_DISRUPTION,33.79,dumpers / haul road,-0.1166,2.722,-0.04,0.763,-3.47,0.0,OBSERVED WEEK (IMD/ERA5),-3481.8,SIMULATED
SIM_2024-01-05_COMBINED_DISRUPTION,SYN_MINE_01,2024-01-05,7,COMBINED_DISRUPTION,39.39,site-wide,-0.215,0.834,1.495,1.679,-2.95,148.0,HEAVY_RAIN (IMD p95 7-day),-4058.3,SIMULATED
SIM_2024-01-19_NORMAL,SYN_MINE_01,2024-01-19,7,NORMAL,0.0,none,0.0,0.0,0.0,0.0,0.0,4.5,OBSERVED WEEK (IMD/ERA5),0.0,SIMULATED
SIM_2024-01-19_HEAVY_RAIN,SYN_MINE_01,2024-01-19,7,HEAVY_RAIN,8.2,site / dumpers,-0.0105,0.645,0.028,1.577,-0.67,148.0,HEAVY_RAIN (IMD p95 7-day),-815.7,SIMULATED
SIM_2024-01-19_EQUIPMENT_DEGRADATION,SYN_MINE_01,2024-01-19,7,EQUIPMENT_DEGRADATION,-0.69,"excavators, dumpers",-0.0186,0.0,0.025,-0.051,-2.31,4.5,OBSERVED WEEK (IMD/ERA5),69.0,SIMULATED
SIM_2024-01-19_BLAST_DELAY,SYN_MINE_01,2024-01-19,7,BLAST_DELAY,1.98,blasting / excavators,0.0,0.0,0.291,0.0,0.0,4.5,OBSERVED WEEK (IMD/ERA5),-196.5,SIMULATED
SIM_2024-01-19_DRILL_DELAY,SYN_MINE_01,2024-01-19,7,DRILL_DELAY,7.57,drills,-0.0796,0.0,-0.077,1.526,0.2,4.5,OBSERVED WEEK (IMD/ERA5),-752.9,SIMULATED
SIM_2024-01-19_HAULAGE_DISRUPTION,SYN_MINE_01,2024-01-19,7,HAULAGE_DISRUPTION,21.6,dumpers / haul road,-0.0159,2.884,-0.023,-0.272,-3.78,4.5,OBSERVED WEEK (IMD/ERA5),-2149.1,SIMULATED
SIM_2024-01-19_COMBINED_DISRUPTION,SYN_MINE_01,2024-01-19,7,COMBINED_DISRUPTION,51.76,site-wide,-0.0493,1.043,5.965,1.236,-2.84,148.0,HEAVY_RAIN (IMD p95 7-day),-5150.7,SIMULATED
SIM_2024-02-02_NORMAL,SYN_MINE_01,2024-02-02,7,NORMAL,0.0,none,0.0,0.0,0.0,0.0,0.0,0.2,OBSERVED WEEK (IMD/ERA5),0.0,SIMULATED
SIM_2024-02-02_HEAVY_RAIN,SYN_MINE_01,2024-02-02,7,HEAVY_RAIN,7.0,site / dumpers,-0.0413,0.124,0.093,2.074,-0.5,148.0,HEAVY_RAIN (IMD p95 7-day),-743.5,SIMULATED
SIM_2024-02-02_EQUIPMENT_DEGRADATION,SYN_MINE_01,2024-02-02,7,EQUIPMENT_DEGRADATION,14.43,"excavators, dumpers",-0.1098,0.0,0.033,0.169,-1.56,0.2,OBSERVED WEEK (IMD/ERA5),-1533.5,SIMULATED
SIM_2024-02-02_BLAST_DELAY,SYN_MINE_01,2024-02-02,7,BLAST_DELAY,54.83,blasting / excavators,0.0,0.0,8.428,0.0,0.0,0.2,OBSERVED WEEK (IMD/ERA5),-5826.9,SIMULATED
SIM_2024-02-02_DRILL_DELAY,SYN_MINE_01,2024-02-02,7,DRILL_DELAY,0.84,drills,0.0,0.0,0.064,1.414,0.43,0.2,OBSERVED WEEK (IMD/ERA5),-89.5,SIMULATED
SIM_2024-02-02_HAULAGE_DISRUPTION,SYN_MINE_01,2024-02-02,7,HAULAGE_DISRUPTION,15.26,dumpers / haul road,0.0104,2.698,0.109,0.512,-3.29,0.2,OBSERVED WEEK (IMD/ERA5),-1621.3,SIMULATED
SIM_2024-02-02_COMBINED_DISRUPTION,SYN_MINE_01,2024-02-02,7,COMBINED_DISRUPTION,31.61,site-wide,-0.0467,1.386,2.654,1.805,-2.73,148.0,HEAVY_RAIN (IMD p95 7-day),-3358.8,SIMULATED
SIM_2024-02-16_NORMAL,SYN_MINE_01,2024-02-16,7,NORMAL,0.0,none,0.0,0.0,0.0,0.0,0.0,0.0,OBSERVED WEEK (IMD/ERA5),0.0,SIMULATED
SIM_2024-02-16_HEAVY_RAIN,SYN_MINE_01,2024-02-16,7,HEAVY_RAIN,9.71,site / dumpers,-0.0915,0.067,0.063,1.98,-0.48,148.0,HEAVY_RAIN (IMD p95 7-day),-1012.8,SIMULATED
SIM_2024-02-16_EQUIPMENT_DEGRADATION,SYN_MINE_01,2024-02-16,7,EQUIPMENT_DEGRADATION,11.87,"excavators, dumpers",-0.1102,0.0,-0.052,0.339,-1.37,0.0,OBSERVED WEEK (IMD/ERA5),-1238.5,SIMULATED
SIM_2024-02-16_BLAST_DELAY,SYN_MINE_01,2024-02-16,7,BLAST_DELAY,28.37,blasting / excavators,0.0,0.0,4.254,0.0,0.0,0.0,OBSERVED WEEK (IMD/ERA5),-2961.1,SIMULATED
SIM_2024-02-16_DRILL_DELAY,SYN_MINE_01,2024-02-16,7,DRILL_DELAY,-1.99,drills,0.0239,0.0,0.07,1.263,0.14,0.0,OBSERVED WEEK (IMD/ERA5),208.0,SIMULATED
SIM_2024-02-16_HAULAGE_DISRUPTION,SYN_MINE_01,2024-02-16,7,HAULAGE_DISRUPTION,16.22,dumpers / haul road,0.0249,3.11,-0.002,0.671,-3.57,0.0,OBSERVED WEEK (IMD/ERA5),-1692.6,SIMULATED
SIM_2024-02-16_COMBINED_DISRUPTION,SYN_MINE_01,2024-02-16,7,COMBINED_DISRUPTION,54.01,site-wide,-0.1437,1.125,4.918,1.876,-3.11,148.0,HEAVY_RAIN (IMD p95 7-day),-5636.0,SIMULATED
SIM_2024-03-01_NORMAL,SYN_MINE_01,2024-03-01,7,NORMAL,0.0,none,0.0,0.0,0.0,0.0,0.0,0.2,OBSERVED WEEK (IMD/ERA5),0.0,SIMULATED
SIM_2024-03-01_HEAVY_RAIN,SYN_MINE_01,2024-03-01,7,HEAVY_RAIN,0.73,site / dumpers,0.0182,0.125,0.178,1.428,-0.4,148.0,HEAVY_RAIN (IMD p95 7-day),-79.5,SIMULATED
SIM_2024-03-01_EQUIPMENT_DEGRADATION,SYN_MINE_01,2024-03-01,7,EQUIPMENT_DEGRADATION,33.89,"excavators, dumpers",-0.3033,0.0,0.049,-0.554,-1.5,0.2,OBSERVED WEEK (IMD/ERA5),-3683.2,SIMULATED
SIM_2024-03-01_BLAST_DELAY,SYN_MINE_01,2024-03-01,7,BLAST_DELAY,42.01,blasting / excavators,0.0,0.0,6.709,0.0,0.0,0.2,OBSERVED WEEK (IMD/ERA5),-4565.8,SIMULATED
SIM_2024-03-01_DRILL_DELAY,SYN_MINE_01,2024-03-01,7,DRILL_DELAY,-4.1,drills,0.0345,0.0,-0.048,0.74,0.38,0.2,OBSERVED WEEK (IMD/ERA5),445.4,SIMULATED
SIM_2024-03-01_HAULAGE_DISRUPTION,SYN_MINE_01,2024-03-01,7,HAULAGE_DISRUPTION,25.37,dumpers / haul road,-0.0709,2.497,-0.014,-0.568,-3.49,0.2,OBSERVED WEEK (IMD/ERA5),-2756.6,SIMULATED
SIM_2024-03-01_COMBINED_DISRUPTION,SYN_MINE_01,2024-03-01,7,COMBINED_DISRUPTION,55.83,site-wide,-0.1661,0.874,5.261,1.798,-2.64,148.0,HEAVY_RAIN (IMD p95 7-day),-6067.1,SIMULATED
SIM_2024-03-15_NORMAL,SYN_MINE_01,2024-03-15,7,NORMAL,0.0,none,0.0,0.0,0.0,0.0,0.0,42.3,OBSERVED WEEK (IMD/ERA5),0.0,SIMULATED
SIM_2024-03-15_HEAVY_RAIN,SYN_MINE_01,2024-03-15,7,HEAVY_RAIN,4.75,site / dumpers,-0.0606,0.048,-0.008,1.927,-0.18,148.0,HEAVY_RAIN (IMD p95 7-day),-527.5,SIMULATED
SIM_2024-03-15_EQUIPMENT_DEGRADATION,SYN_MINE_01,2024-03-15,7,EQUIPMENT_DEGRADATION,18.3,"excavators, dumpers",-0.1724,0.0,-0.132,-0.151,-1.31,42.3,OBSERVED WEEK (IMD/ERA5),-2030.6,SIMULATED
SIM_2024-03-15_BLAST_DELAY,SYN_MINE_01,2024-03-15,7,BLAST_DELAY,15.28,blasting / excavators,0.0,0.0,2.487,0.0,0.0,42.3,OBSERVED WEEK (IMD/ERA5),-1695.9,SIMULATED
SIM_2024-03-15_DRILL_DELAY,SYN_MINE_01,2024-03-15,7,DRILL_DELAY,11.02,drills,-0.1008,0.0,-0.075,0.863,-0.0,42.3,OBSERVED WEEK (IMD/ERA5),-1222.8,SIMULATED
SIM_2024-03-15_HAULAGE_DISRUPTION,SYN_MINE_01,2024-03-15,7,HAULAGE_DISRUPTION,28.27,dumpers / haul road,-0.0825,2.862,-0.203,0.043,-3.38,42.3,OBSERVED WEEK (IMD/ERA5),-3137.7,SIMULATED
SIM_2024-03-15_COMBINED_DISRUPTION,SYN_MINE_01,2024-03-15,7,COMBINED_DISRUPTION,29.05,site-wide,0.0007,1.588,2.25,1.425,-2.71,148.0,HEAVY_RAIN (IMD p95 7-day),-3224.3,SIMULATED
SIM_2024-03-29_NORMAL,SYN_MINE_01,2024-03-29,7,NORMAL,0.0,none,0.0,0.0,0.0,0.0,0.0,0.3,OBSERVED WEEK (IMD/ERA5),0.0,SIMULATED
SIM_2024-03-29_HEAVY_RAIN,SYN_MINE_01,2024-03-29,7,HEAVY_RAIN,7.83,site / dumpers,-0.0723,0.168,-0.1,0.972,-0.57,148.0,HEAVY_RAIN (IMD p95 7-day),-860.6,SIMULATED
SIM_2024-03-29_EQUIPMENT_DEGRADATION,SYN_MINE_01,2024-03-29,7,EQUIPMENT_DEGRADATION,9.04,"excavators, dumpers",-0.1006,0.0,-0.018,-0.962,-1.78,0.3,OBSERVED WEEK (IMD/ERA5),-993.4,SIMULATED
SIM_2024-03-29_BLAST_DELAY,SYN_MINE_01,2024-03-29,7,BLAST_DELAY,0.0,blasting / excavators,0.0,0.0,0.0,0.0,0.0,0.3,OBSERVED WEEK (IMD/ERA5),0.0,SIMULATED
SIM_2024-03-29_DRILL_DELAY,SYN_MINE_01,2024-03-29,7,DRILL_DELAY,6.7,drills,-0.0596,0.0,-0.041,0.706,-0.06,0.3,OBSERVED WEEK (IMD/ERA5),-735.8,SIMULATED
SIM_2024-03-29_HAULAGE_DISRUPTION,SYN_MINE_01,2024-03-29,7,HAULAGE_DISRUPTION,20.72,dumpers / haul road,-0.0683,2.644,-0.161,-0.41,-3.72,0.3,OBSERVED WEEK (IMD/ERA5),-2277.3,SIMULATED
SIM_2024-03-29_COMBINED_DISRUPTION,SYN_MINE_01,2024-03-29,7,COMBINED_DISRUPTION,29.37,site-wide,-0.2025,0.366,0.863,1.801,-2.77,148.0,HEAVY_RAIN (IMD p95 7-day),-3227.2,SIMULATED
SIM_2024-04-12_NORMAL,SYN_MINE_01,2024-04-12,7,NORMAL,0.0,none,0.0,0.0,0.0,0.0,0.0,8.4,OBSERVED WEEK (IMD/ERA5),0.0,SIMULATED
SIM_2024-04-12_HEAVY_RAIN,SYN_MINE_01,2024-04-12,7,HEAVY_RAIN,0.16,site / dumpers,0.0537,1.17,-0.15,1.822,-0.21,148.0,HEAVY_RAIN (IMD p95 7-day),-15.6,SIMULATED
SIM_2024-04-12_EQUIPMENT_DEGRADATION,SYN_MINE_01,2024-04-12,7,EQUIPMENT_DEGRADATION,6.15,"excavators, dumpers",-0.0451,0.128,-0.109,0.611,-1.11,8.4,OBSERVED WEEK (IMD/ERA5),-606.5,SIMULATED
SIM_2024-04-12_BLAST_DELAY,SYN_MINE_01,2024-04-12,7,BLAST_DELAY,21.49,blasting / excavators,0.0,0.0,3.089,0.0,0.0,8.4,OBSERVED WEEK (IMD/ERA5),-2119.1,SIMULATED
SIM_2024-04-12_DRILL_DELAY,SYN_MINE_01,2024-04-12,7,DRILL_DELAY,1.86,drills,-0.0338,-0.002,-0.179,1.6,0.15,8.4,OBSERVED WEEK (IMD/ERA5),-183.6,SIMULATED
SIM_2024-04-12_HAULAGE_DISRUPTION,SYN_MINE_01,2024-04-12,7,HAULAGE_DISRUPTION,27.32,dumpers / haul road,-0.0156,4.173,-0.145,0.295,-3.4,8.4,OBSERVED WEEK (IMD/ERA5),-2693.5,SIMULATED
SIM_2024-04-12_COMBINED_DISRUPTION,SYN_MINE_01,2024-04-12,7,COMBINED_DISRUPTION,23.44,site-wide,0.0434,2.559,1.376,2.606,-2.14,148.0,HEAVY_RAIN (IMD p95 7-day),-2311.7,SIMULATED
SIM_2024-04-26_NORMAL,SYN_MINE_01,2024-04-26,7,NORMAL,0.0,none,0.0,0.0,0.0,0.0,0.0,0.2,OBSERVED WEEK (IMD/ERA5),0.0,SIMULATED
SIM_2024-04-26_HEAVY_RAIN,SYN_MINE_01,2024-04-26,7,HEAVY_RAIN,7.39,site / dumpers,-0.0248,0.419,0.002,2.043,-0.4,148.0,HEAVY_RAIN (IMD p95 7-day),-774.9,SIMULATED
SIM_2024-04-26_EQUIPMENT_DEGRADATION,SYN_MINE_01,2024-04-26,7,EQUIPMENT_DEGRADATION,43.34,"excavators, dumpers",-0.4348,-0.167,-0.089,-0.307,-1.87,0.2,OBSERVED WEEK (IMD/ERA5),-4547.5,SIMULATED
SIM_2024-04-26_BLAST_DELAY,SYN_MINE_01,2024-04-26,7,BLAST_DELAY,22.19,blasting / excavators,0.0,0.0,3.463,0.0,0.0,0.2,OBSERVED WEEK (IMD/ERA5),-2328.6,SIMULATED
SIM_2024-04-26_DRILL_DELAY,SYN_MINE_01,2024-04-26,7,DRILL_DELAY,4.21,drills,-0.0191,0.344,-0.035,0.819,-0.02,0.2,OBSERVED WEEK (IMD/ERA5),-441.8,SIMULATED
SIM_2024-04-26_HAULAGE_DISRUPTION,SYN_MINE_01,2024-04-26,7,HAULAGE_DISRUPTION,24.16,dumpers / haul road,-0.1194,2.074,-0.058,-0.014,-3.56,0.2,OBSERVED WEEK (IMD/ERA5),-2535.0,SIMULATED
SIM_2024-04-26_COMBINED_DISRUPTION,SYN_MINE_01,2024-04-26,7,COMBINED_DISRUPTION,32.73,site-wide,-0.101,1.731,1.641,2.675,-3.35,148.0,HEAVY_RAIN (IMD p95 7-day),-3434.0,SIMULATED
SIM_2024-05-10_NORMAL,SYN_MINE_01,2024-05-10,7,NORMAL,0.0,none,0.0,0.0,0.0,0.0,0.0,0.7,OBSERVED WEEK (IMD/ERA5),0.0,SIMULATED
SIM_2024-05-10_HEAVY_RAIN,SYN_MINE_01,2024-05-10,7,HEAVY_RAIN,12.26,site / dumpers,-0.0316,0.802,0.022,2.318,-0.96,148.0,HEAVY_RAIN (IMD p95 7-day),-1220.4,SIMULATED
SIM_2024-05-10_EQUIPMENT_DEGRADATION,SYN_MINE_01,2024-05-10,7,EQUIPMENT_DEGRADATION,26.79,"excavators, dumpers",-0.2056,0.187,-0.161,0.45,-1.59,0.7,OBSERVED WEEK (IMD/ERA5),-2667.3,SIMULATED
SIM_2024-05-10_BLAST_DELAY,SYN_MINE_01,2024-05-10,7,BLAST_DELAY,37.68,blasting / excavators,0.0,0.0,5.509,0.0,0.0,0.7,OBSERVED WEEK (IMD/ERA5),-3752.3,SIMULATED
SIM_2024-05-10_DRILL_DELAY,SYN_MINE_01,2024-05-10,7,DRILL_DELAY,5.14,drills,-0.0406,0.0,-0.053,0.666,-0.01,0.7,OBSERVED WEEK (IMD/ERA5),-511.6,SIMULATED
SIM_2024-05-10_HAULAGE_DISRUPTION,SYN_MINE_01,2024-05-10,7,HAULAGE_DISRUPTION,21.02,dumpers / haul road,0.0102,2.862,-0.033,0.185,-3.79,0.7,OBSERVED WEEK (IMD/ERA5),-2093.5,SIMULATED
SIM_2024-05-10_COMBINED_DISRUPTION,SYN_MINE_01,2024-05-10,7,COMBINED_DISRUPTION,51.8,site-wide,-0.2404,0.386,2.635,2.35,-2.66,148.0,HEAVY_RAIN (IMD p95 7-day),-5157.5,SIMULATED
SIM_2024-05-24_NORMAL,SYN_MINE_01,2024-05-24,7,NORMAL,0.0,none,0.0,0.0,0.0,0.0,0.0,1.2,OBSERVED WEEK (IMD/ERA5),0.0,SIMULATED
SIM_2024-05-24_HEAVY_RAIN,SYN_MINE_01,2024-05-24,7,HEAVY_RAIN,9.76,site / dumpers,-0.0321,0.574,0.174,1.68,-0.98,148.0,HEAVY_RAIN (IMD p95 7-day),-1023.9,SIMULATED
SIM_2024-05-24_EQUIPMENT_DEGRADATION,SYN_MINE_01,2024-05-24,7,EQUIPMENT_DEGRADATION,14.32,"excavators, dumpers",-0.101,0.413,0.122,0.531,-1.43,1.2,OBSERVED WEEK (IMD/ERA5),-1502.5,SIMULATED
SIM_2024-05-24_BLAST_DELAY,SYN_MINE_01,2024-05-24,7,BLAST_DELAY,0.0,blasting / excavators,0.0,0.0,0.0,0.0,0.0,1.2,OBSERVED WEEK (IMD/ERA5),0.0,SIMULATED
SIM_2024-05-24_DRILL_DELAY,SYN_MINE_01,2024-05-24,7,DRILL_DELAY,0.62,drills,-0.0187,0.0,0.054,1.917,0.04,1.2,OBSERVED WEEK (IMD/ERA5),-64.9,SIMULATED
SIM_2024-05-24_HAULAGE_DISRUPTION,SYN_MINE_01,2024-05-24,7,HAULAGE_DISRUPTION,26.45,dumpers / haul road,-0.0982,2.763,0.078,-0.199,-3.94,1.2,OBSERVED WEEK (IMD/ERA5),-2775.6,SIMULATED
SIM_2024-05-24_COMBINED_DISRUPTION,SYN_MINE_01,2024-05-24,7,COMBINED_DISRUPTION,43.23,site-wide,-0.1229,1.006,3.811,2.09,-2.61,148.0,HEAVY_RAIN (IMD p95 7-day),-4536.7,SIMULATED
SIM_2024-06-07_NORMAL,SYN_MINE_01,2024-06-07,7,NORMAL,0.0,none,0.0,0.0,0.0,0.0,0.0,5.9,OBSERVED WEEK (IMD/ERA5),0.0,SIMULATED
SIM_2024-06-07_HEAVY_RAIN,SYN_MINE_01,2024-06-07,7,HEAVY_RAIN,-54.15,site / dumpers,-0.0597,0.217,-5.459,1.386,-1.14,148.0,HEAVY_RAIN (IMD p95 7-day),2757.4,SIMULATED
SIM_2024-06-07_EQUIPMENT_DEGRADATION,SYN_MINE_01,2024-06-07,7,EQUIPMENT_DEGRADATION,-47.79,"excavators, dumpers",-0.1559,0.0,-6.132,-0.008,-2.49,5.9,OBSERVED WEEK (IMD/ERA5),2433.5,SIMULATED
SIM_2024-06-07_BLAST_DELAY,SYN_MINE_01,2024-06-07,7,BLAST_DELAY,0.0,blasting / excavators,0.0,0.0,0.0,0.0,0.0,5.9,OBSERVED WEEK (IMD/ERA5),0.0,SIMULATED
SIM_2024-06-07_DRILL_DELAY,SYN_MINE_01,2024-06-07,7,DRILL_DELAY,-63.82,drills,-0.0237,0.0,-5.106,1.453,-0.07,5.9,OBSERVED WEEK (IMD/ERA5),3249.6,SIMULATED
SIM_2024-06-07_HAULAGE_DISRUPTION,SYN_MINE_01,2024-06-07,7,HAULAGE_DISRUPTION,-17.22,dumpers / haul road,-0.1239,1.953,-5.256,-0.246,-3.48,5.9,OBSERVED WEEK (IMD/ERA5),876.8,SIMULATED
SIM_2024-06-07_COMBINED_DISRUPTION,SYN_MINE_01,2024-06-07,7,COMBINED_DISRUPTION,-56.61,site-wide,-0.0814,1.604,-7.637,2.046,-3.45,148.0,HEAVY_RAIN (IMD p95 7-day),2882.4,SIMULATED
SIM_2024-06-21_NORMAL,SYN_MINE_01,2024-06-21,7,NORMAL,0.0,none,0.0,0.0,0.0,0.0,0.0,24.3,OBSERVED WEEK (IMD/ERA5),0.0,SIMULATED
SIM_2024-06-21_HEAVY_RAIN,SYN_MINE_01,2024-06-21,7,HEAVY_RAIN,4.53,site / dumpers,-0.0003,0.425,-0.022,1.519,-0.03,148.0,HEAVY_RAIN (IMD p95 7-day),-410.3,SIMULATED
SIM_2024-06-21_EQUIPMENT_DEGRADATION,SYN_MINE_01,2024-06-21,7,EQUIPMENT_DEGRADATION,-0.74,"excavators, dumpers",-0.0181,0.379,-0.004,0.25,-2.36,24.3,OBSERVED WEEK (IMD/ERA5),66.7,SIMULATED
SIM_2024-06-21_BLAST_DELAY,SYN_MINE_01,2024-06-21,7,BLAST_DELAY,47.02,blasting / excavators,0.0,0.0,6.299,0.0,0.0,24.3,OBSERVED WEEK (IMD/ERA5),-4260.3,SIMULATED
SIM_2024-06-21_DRILL_DELAY,SYN_MINE_01,2024-06-21,7,DRILL_DELAY,18.15,drills,-0.195,-0.581,0.024,1.341,-0.28,24.3,OBSERVED WEEK (IMD/ERA5),-1644.3,SIMULATED
SIM_2024-06-21_HAULAGE_DISRUPTION,SYN_MINE_01,2024-06-21,7,HAULAGE_DISRUPTION,27.53,dumpers / haul road,0.0698,4.968,0.035,0.231,-3.57,24.3,OBSERVED WEEK (IMD/ERA5),-2493.9,SIMULATED
SIM_2024-06-21_COMBINED_DISRUPTION,SYN_MINE_01,2024-06-21,7,COMBINED_DISRUPTION,21.66,site-wide,-0.1057,1.374,-0.085,1.932,-2.27,148.0,HEAVY_RAIN (IMD p95 7-day),-1962.1,SIMULATED
SIM_2024-07-05_NORMAL,SYN_MINE_01,2024-07-05,7,NORMAL,0.0,none,0.0,0.0,0.0,0.0,0.0,99.5,OBSERVED WEEK (IMD/ERA5),0.0,SIMULATED
SIM_2024-07-05_HEAVY_RAIN,SYN_MINE_01,2024-07-05,7,HEAVY_RAIN,1.34,site / dumpers,0.0,0.187,-0.002,1.298,0.0,154.5,HEAVY_RAIN (IMD p95 7-day),-124.8,SIMULATED
SIM_2024-07-05_EQUIPMENT_DEGRADATION,SYN_MINE_01,2024-07-05,7,EQUIPMENT_DEGRADATION,7.57,"excavators, dumpers",-0.044,0.785,0.017,0.193,-1.93,99.5,OBSERVED WEEK (IMD/ERA5),-706.9,SIMULATED
SIM_2024-07-05_BLAST_DELAY,SYN_MINE_01,2024-07-05,7,BLAST_DELAY,2.88,blasting / excavators,0.0,0.0,0.395,0.0,0.0,99.5,OBSERVED WEEK (IMD/ERA5),-269.2,SIMULATED
SIM_2024-07-05_DRILL_DELAY,SYN_MINE_01,2024-07-05,7,DRILL_DELAY,-8.03,drills,0.0877,0.477,0.136,1.177,0.02,99.5,OBSERVED WEEK (IMD/ERA5),750.1,SIMULATED
SIM_2024-07-05_HAULAGE_DISRUPTION,SYN_MINE_01,2024-07-05,7,HAULAGE_DISRUPTION,35.91,dumpers / haul road,0.0564,6.174,0.104,0.74,-3.51,99.5,OBSERVED WEEK (IMD/ERA5),-3354.2,SIMULATED
SIM_2024-07-05_COMBINED_DISRUPTION,SYN_MINE_01,2024-07-05,7,COMBINED_DISRUPTION,8.81,site-wide,-0.044,0.958,0.014,1.427,-1.93,154.5,HEAVY_RAIN (IMD p95 7-day),-823.2,SIMULATED
SIM_2024-07-19_NORMAL,SYN_MINE_01,2024-07-19,7,NORMAL,0.0,none,0.0,0.0,0.0,0.0,0.0,201.0,OBSERVED WEEK (IMD/ERA5),0.0,SIMULATED
SIM_2024-07-19_HEAVY_RAIN,SYN_MINE_01,2024-07-19,7,HEAVY_RAIN,0.74,site / dumpers,0.0,0.095,-0.003,0.459,0.0,239.4,HEAVY_RAIN (IMD p95 7-day),-61.6,SIMULATED
SIM_2024-07-19_EQUIPMENT_DEGRADATION,SYN_MINE_01,2024-07-19,7,EQUIPMENT_DEGRADATION,34.57,"excavators, dumpers",-0.3668,0.301,-0.183,-0.285,-2.19,201.0,OBSERVED WEEK (IMD/ERA5),-2883.0,SIMULATED
SIM_2024-07-19_BLAST_DELAY,SYN_MINE_01,2024-07-19,7,BLAST_DELAY,35.32,blasting / excavators,0.0,0.0,4.348,0.0,0.0,201.0,OBSERVED WEEK (IMD/ERA5),-2945.6,SIMULATED
SIM_2024-07-19_DRILL_DELAY,SYN_MINE_01,2024-07-19,7,DRILL_DELAY,-0.23,drills,-0.0642,-0.653,-0.007,1.035,0.45,201.0,OBSERVED WEEK (IMD/ERA5),19.1,SIMULATED
SIM_2024-07-19_HAULAGE_DISRUPTION,SYN_MINE_01,2024-07-19,7,HAULAGE_DISRUPTION,37.43,dumpers / haul road,-0.0642,4.445,-0.087,-0.001,-3.01,201.0,OBSERVED WEEK (IMD/ERA5),-3122.1,SIMULATED
SIM_2024-07-19_COMBINED_DISRUPTION,SYN_MINE_01,2024-07-19,7,COMBINED_DISRUPTION,35.28,site-wide,-0.3668,0.388,-0.183,0.228,-2.19,239.4,HEAVY_RAIN (IMD p95 7-day),-2942.2,SIMULATED
SIM_2024-08-02_NORMAL,SYN_MINE_01,2024-08-02,7,NORMAL,0.0,none,0.0,0.0,0.0,0.0,0.0,204.6,OBSERVED WEEK (IMD/ERA5),0.0,SIMULATED
SIM_2024-08-02_HEAVY_RAIN,SYN_MINE_01,2024-08-02,7,HEAVY_RAIN,0.93,site / dumpers,0.0,0.137,-0.025,0.516,0.0,234.1,HEAVY_RAIN (IMD p95 7-day),-76.3,SIMULATED
SIM_2024-08-02_EQUIPMENT_DEGRADATION,SYN_MINE_01,2024-08-02,7,EQUIPMENT_DEGRADATION,10.39,"excavators, dumpers",-0.1082,0.787,-0.573,-0.276,-2.11,204.6,OBSERVED WEEK (IMD/ERA5),-849.3,SIMULATED
SIM_2024-08-02_BLAST_DELAY,SYN_MINE_01,2024-08-02,7,BLAST_DELAY,0.0,blasting / excavators,0.0,0.0,0.0,0.0,0.0,204.6,OBSERVED WEEK (IMD/ERA5),0.0,SIMULATED
SIM_2024-08-02_DRILL_DELAY,SYN_MINE_01,2024-08-02,7,DRILL_DELAY,23.89,drills,0.0532,-0.069,3.939,1.234,0.45,204.6,OBSERVED WEEK (IMD/ERA5),-1952.3,SIMULATED
SIM_2024-08-02_HAULAGE_DISRUPTION,SYN_MINE_01,2024-08-02,7,HAULAGE_DISRUPTION,29.9,dumpers / haul road,0.0595,5.916,-0.597,0.186,-3.46,204.6,OBSERVED WEEK (IMD/ERA5),-2442.9,SIMULATED
SIM_2024-08-02_COMBINED_DISRUPTION,SYN_MINE_01,2024-08-02,7,COMBINED_DISRUPTION,11.3,site-wide,-0.1082,0.897,-0.575,0.324,-2.11,234.1,HEAVY_RAIN (IMD p95 7-day),-923.0,SIMULATED
SIM_2024-08-16_NORMAL,SYN_MINE_01,2024-08-16,7,NORMAL,0.0,none,0.0,0.0,0.0,0.0,0.0,19.2,OBSERVED WEEK (IMD/ERA5),0.0,SIMULATED
SIM_2024-08-16_HEAVY_RAIN,SYN_MINE_01,2024-08-16,7,HEAVY_RAIN,0.01,site / dumpers,0.0,0.002,-0.0,1.449,0.0,148.0,HEAVY_RAIN (IMD p95 7-day),-1.5,SIMULATED
SIM_2024-08-16_EQUIPMENT_DEGRADATION,SYN_MINE_01,2024-08-16,7,EQUIPMENT_DEGRADATION,22.2,"excavators, dumpers",-0.121,0.631,0.03,0.395,-2.43,19.2,OBSERVED WEEK (IMD/ERA5),-2266.3,SIMULATED
SIM_2024-08-16_BLAST_DELAY,SYN_MINE_01,2024-08-16,7,BLAST_DELAY,0.0,blasting / excavators,0.0,0.0,0.0,0.0,0.0,19.2,OBSERVED WEEK (IMD/ERA5),0.0,SIMULATED
SIM_2024-08-16_DRILL_DELAY,SYN_MINE_01,2024-08-16,7,DRILL_DELAY,2.42,drills,0.0316,0.044,0.166,1.38,-0.21,19.2,OBSERVED WEEK (IMD/ERA5),-246.9,SIMULATED
SIM_2024-08-16_HAULAGE_DISRUPTION,SYN_MINE_01,2024-08-16,7,HAULAGE_DISRUPTION,35.5,dumpers / haul road,-0.1543,2.279,0.01,0.398,-3.28,19.2,OBSERVED WEEK (IMD/ERA5),-3623.2,SIMULATED
SIM_2024-08-16_COMBINED_DISRUPTION,SYN_MINE_01,2024-08-16,7,COMBINED_DISRUPTION,38.52,site-wide,-0.121,0.78,2.318,1.745,-2.43,148.0,HEAVY_RAIN (IMD p95 7-day),-3932.2,SIMULATED
SIM_2024-08-30_NORMAL,SYN_MINE_01,2024-08-30,7,NORMAL,0.0,none,0.0,0.0,0.0,0.0,0.0,95.9,OBSERVED WEEK (IMD/ERA5),0.0,SIMULATED
SIM_2024-08-30_HEAVY_RAIN,SYN_MINE_01,2024-08-30,7,HEAVY_RAIN,0.0,site / dumpers,0.0,0.0,0.0,1.006,0.0,185.9,HEAVY_RAIN (IMD p95 7-day),0.0,SIMULATED
SIM_2024-08-30_EQUIPMENT_DEGRADATION,SYN_MINE_01,2024-08-30,7,EQUIPMENT_DEGRADATION,21.28,"excavators, dumpers",-0.2374,-0.301,-0.105,-0.299,-3.02,95.9,OBSERVED WEEK (IMD/ERA5),-2173.8,SIMULATED
SIM_2024-08-30_BLAST_DELAY,SYN_MINE_01,2024-08-30,7,BLAST_DELAY,0.0,blasting / excavators,0.0,0.0,0.0,0.0,0.0,95.9,OBSERVED WEEK (IMD/ERA5),0.0,SIMULATED
SIM_2024-08-30_DRILL_DELAY,SYN_MINE_01,2024-08-30,7,DRILL_DELAY,-0.16,drills,-0.0087,0.162,-0.107,1.8,-0.08,95.9,OBSERVED WEEK (IMD/ERA5),16.2,SIMULATED
SIM_2024-08-30_HAULAGE_DISRUPTION,SYN_MINE_01,2024-08-30,7,HAULAGE_DISRUPTION,26.03,dumpers / haul road,-0.175,1.822,-0.16,-0.171,-3.37,95.9,OBSERVED WEEK (IMD/ERA5),-2658.7,SIMULATED
SIM_2024-08-30_COMBINED_DISRUPTION,SYN_MINE_01,2024-08-30,7,COMBINED_DISRUPTION,21.63,site-wide,-0.2374,-0.247,-0.106,0.722,-3.02,185.9,HEAVY_RAIN (IMD p95 7-day),-2209.2,SIMULATED
SIM_2024-09-13_NORMAL,SYN_MINE_01,2024-09-13,7,NORMAL,0.0,none,0.0,0.0,0.0,0.0,0.0,25.5,OBSERVED WEEK (IMD/ERA5),0.0,SIMULATED
SIM_2024-09-13_HEAVY_RAIN,SYN_MINE_01,2024-09-13,7,HEAVY_RAIN,0.0,site / dumpers,0.0,0.0,0.0,1.283,0.0,148.0,HEAVY_RAIN (IMD p95 7-day),0.0,SIMULATED
SIM_2024-09-13_EQUIPMENT_DEGRADATION,SYN_MINE_01,2024-09-13,7,EQUIPMENT_DEGRADATION,16.23,"excavators, dumpers",-0.1487,-0.026,-0.012,-0.547,-2.78,25.5,OBSERVED WEEK (IMD/ERA5),-1600.5,SIMULATED
SIM_2024-09-13_BLAST_DELAY,SYN_MINE_01,2024-09-13,7,BLAST_DELAY,51.31,blasting / excavators,0.0,0.0,7.459,0.0,0.0,25.5,OBSERVED WEEK (IMD/ERA5),-5058.6,SIMULATED
SIM_2024-09-13_DRILL_DELAY,SYN_MINE_01,2024-09-13,7,DRILL_DELAY,-14.22,drills,0.0736,-0.401,-0.101,0.735,-0.6,25.5,OBSERVED WEEK (IMD/ERA5),1401.6,SIMULATED
SIM_2024-09-13_HAULAGE_DISRUPTION,SYN_MINE_01,2024-09-13,7,HAULAGE_DISRUPTION,23.6,dumpers / haul road,-0.0235,3.331,-0.11,-0.786,-3.89,25.5,OBSERVED WEEK (IMD/ERA5),-2326.5,SIMULATED
SIM_2024-09-13_COMBINED_DISRUPTION,SYN_MINE_01,2024-09-13,7,COMBINED_DISRUPTION,17.89,site-wide,-0.1487,0.191,0.016,0.873,-2.78,148.0,HEAVY_RAIN (IMD p95 7-day),-1763.9,SIMULATED
SIM_2024-09-27_NORMAL,SYN_MINE_01,2024-09-27,7,NORMAL,0.0,none,0.0,0.0,0.0,0.0,0.0,28.3,OBSERVED WEEK (IMD/ERA5),0.0,SIMULATED
SIM_2024-09-27_HEAVY_RAIN,SYN_MINE_01,2024-09-27,7,HEAVY_RAIN,0.5,site / dumpers,0.0,0.07,0.0,1.131,0.0,154.4,HEAVY_RAIN (IMD p95 7-day),-47.0,SIMULATED
SIM_2024-09-27_EQUIPMENT_DEGRADATION,SYN_MINE_01,2024-09-27,7,EQUIPMENT_DEGRADATION,-4.91,"excavators, dumpers",0.0162,-0.049,0.032,-0.318,-2.03,28.3,OBSERVED WEEK (IMD/ERA5),463.4,SIMULATED
SIM_2024-09-27_BLAST_DELAY,SYN_MINE_01,2024-09-27,7,BLAST_DELAY,0.0,blasting / excavators,0.0,0.0,0.0,0.0,0.0,28.3,OBSERVED WEEK (IMD/ERA5),0.0,SIMULATED
SIM_2024-09-27_DRILL_DELAY,SYN_MINE_01,2024-09-27,7,DRILL_DELAY,-5.41,drills,0.0378,-0.063,-0.122,1.203,0.14,28.3,OBSERVED WEEK (IMD/ERA5),510.5,SIMULATED
SIM_2024-09-27_HAULAGE_DISRUPTION,SYN_MINE_01,2024-09-27,7,HAULAGE_DISRUPTION,19.35,dumpers / haul road,0.0222,3.53,-0.085,-0.418,-3.54,28.3,OBSERVED WEEK (IMD/ERA5),-1825.1,SIMULATED
SIM_2024-09-27_COMBINED_DISRUPTION,SYN_MINE_01,2024-09-27,7,COMBINED_DISRUPTION,-3.41,site-wide,0.0162,0.17,0.024,0.885,-2.03,154.4,HEAVY_RAIN (IMD p95 7-day),321.9,SIMULATED
SIM_2024-10-11_NORMAL,SYN_MINE_01,2024-10-11,7,NORMAL,0.0,none,0.0,0.0,0.0,0.0,0.0,0.8,OBSERVED WEEK (IMD/ERA5),0.0,SIMULATED
SIM_2024-10-11_HEAVY_RAIN,SYN_MINE_01,2024-10-11,7,HEAVY_RAIN,-4.01,site / dumpers,0.0598,0.315,-0.069,2.674,-0.29,148.0,HEAVY_RAIN (IMD p95 7-day),355.9,SIMULATED
SIM_2024-10-11_EQUIPMENT_DEGRADATION,SYN_MINE_01,2024-10-11,7,EQUIPMENT_DEGRADATION,29.14,"excavators, dumpers",-0.2097,0.0,-0.033,0.89,-1.5,0.8,OBSERVED WEEK (IMD/ERA5),-2584.1,SIMULATED
SIM_2024-10-11_BLAST_DELAY,SYN_MINE_01,2024-10-11,7,BLAST_DELAY,45.87,blasting / excavators,0.0,0.0,5.909,0.0,0.0,0.8,OBSERVED WEEK (IMD/ERA5),-4068.2,SIMULATED
SIM_2024-10-11_DRILL_DELAY,SYN_MINE_01,2024-10-11,7,DRILL_DELAY,-29.18,drills,0.2326,0.0,-0.048,1.881,-0.39,0.8,OBSERVED WEEK (IMD/ERA5),2588.1,SIMULATED
SIM_2024-10-11_HAULAGE_DISRUPTION,SYN_MINE_01,2024-10-11,7,HAULAGE_DISRUPTION,-2.63,dumpers / haul road,0.1105,1.445,-0.027,0.013,-4.07,0.8,OBSERVED WEEK (IMD/ERA5),233.4,SIMULATED
SIM_2024-10-11_COMBINED_DISRUPTION,SYN_MINE_01,2024-10-11,7,COMBINED_DISRUPTION,-4.43,site-wide,0.1341,1.018,-0.004,2.255,-3.01,148.0,HEAVY_RAIN (IMD p95 7-day),393.0,SIMULATED
SIM_2024-10-25_NORMAL,SYN_MINE_01,2024-10-25,7,NORMAL,0.0,none,0.0,0.0,0.0,0.0,0.0,0.0,OBSERVED WEEK (IMD/ERA5),0.0,SIMULATED
SIM_2024-10-25_HEAVY_RAIN,SYN_MINE_01,2024-10-25,7,HEAVY_RAIN,8.18,site / dumpers,-0.0582,0.185,-0.262,1.886,-1.3,148.0,HEAVY_RAIN (IMD p95 7-day),-816.3,SIMULATED
SIM_2024-10-25_EQUIPMENT_DEGRADATION,SYN_MINE_01,2024-10-25,7,EQUIPMENT_DEGRADATION,14.8,"excavators, dumpers",-0.1357,0.0,-0.217,0.159,-2.62,0.0,OBSERVED WEEK (IMD/ERA5),-1477.5,SIMULATED
SIM_2024-10-25_BLAST_DELAY,SYN_MINE_01,2024-10-25,7,BLAST_DELAY,10.33,blasting / excavators,0.0,0.0,1.543,0.0,0.0,0.0,OBSERVED WEEK (IMD/ERA5),-1031.2,SIMULATED
SIM_2024-10-25_DRILL_DELAY,SYN_MINE_01,2024-10-25,7,DRILL_DELAY,0.85,drills,-0.024,0.0,-0.157,1.49,-0.21,0.0,OBSERVED WEEK (IMD/ERA5),-84.5,SIMULATED
SIM_2024-10-25_HAULAGE_DISRUPTION,SYN_MINE_01,2024-10-25,7,HAULAGE_DISRUPTION,12.09,dumpers / haul road,-0.0321,1.222,-0.18,0.205,-4.05,0.0,OBSERVED WEEK (IMD/ERA5),-1207.3,SIMULATED
SIM_2024-10-25_COMBINED_DISRUPTION,SYN_MINE_01,2024-10-25,7,COMBINED_DISRUPTION,36.4,site-wide,-0.0177,1.474,2.784,2.347,-3.9,148.0,HEAVY_RAIN (IMD p95 7-day),-3634.3,SIMULATED
SIM_2024-11-08_NORMAL,SYN_MINE_01,2024-11-08,7,NORMAL,0.0,none,0.0,0.0,0.0,0.0,0.0,0.0,OBSERVED WEEK (IMD/ERA5),0.0,SIMULATED
SIM_2024-11-08_HEAVY_RAIN,SYN_MINE_01,2024-11-08,7,HEAVY_RAIN,0.49,site / dumpers,0.0626,0.946,-0.031,1.844,-0.97,148.0,HEAVY_RAIN (IMD p95 7-day),-48.8,SIMULATED
SIM_2024-11-08_EQUIPMENT_DEGRADATION,SYN_MINE_01,2024-11-08,7,EQUIPMENT_DEGRADATION,24.42,"excavators, dumpers",-0.2031,0.359,-0.132,-0.154,-2.22,0.0,OBSERVED WEEK (IMD/ERA5),-2411.9,SIMULATED
SIM_2024-11-08_BLAST_DELAY,SYN_MINE_01,2024-11-08,7,BLAST_DELAY,0.0,blasting / excavators,0.0,0.0,0.0,0.0,0.0,0.0,OBSERVED WEEK (IMD/ERA5),0.0,SIMULATED
SIM_2024-11-08_DRILL_DELAY,SYN_MINE_01,2024-11-08,7,DRILL_DELAY,13.07,drills,-0.1085,0.417,-0.041,1.982,0.34,0.0,OBSERVED WEEK (IMD/ERA5),-1290.8,SIMULATED
SIM_2024-11-08_HAULAGE_DISRUPTION,SYN_MINE_01,2024-11-08,7,HAULAGE_DISRUPTION,4.15,dumpers / haul road,0.0354,1.494,-0.05,0.862,-3.36,0.0,OBSERVED WEEK (IMD/ERA5),-409.7,SIMULATED
SIM_2024-11-08_COMBINED_DISRUPTION,SYN_MINE_01,2024-11-08,7,COMBINED_DISRUPTION,51.4,site-wide,-0.016,0.695,6.97,1.621,-3.58,148.0,HEAVY_RAIN (IMD p95 7-day),-5075.7,SIMULATED
SIM_2024-11-22_NORMAL,SYN_MINE_01,2024-11-22,7,NORMAL,0.0,none,0.0,0.0,0.0,0.0,0.0,0.0,OBSERVED WEEK (IMD/ERA5),0.0,SIMULATED
SIM_2024-11-22_HEAVY_RAIN,SYN_MINE_01,2024-11-22,7,HEAVY_RAIN,-6.59,site / dumpers,0.0501,0.0,-0.007,1.887,-0.84,148.0,HEAVY_RAIN (IMD p95 7-day),607.1,SIMULATED
SIM_2024-11-22_EQUIPMENT_DEGRADATION,SYN_MINE_01,2024-11-22,7,EQUIPMENT_DEGRADATION,28.1,"excavators, dumpers",-0.2076,0.256,-0.024,0.538,-1.89,0.0,OBSERVED WEEK (IMD/ERA5),-2588.6,SIMULATED
SIM_2024-11-22_BLAST_DELAY,SYN_MINE_01,2024-11-22,7,BLAST_DELAY,3.63,blasting / excavators,0.0,0.0,0.496,0.0,0.0,0.0,OBSERVED WEEK (IMD/ERA5),-334.5,SIMULATED
SIM_2024-11-22_DRILL_DELAY,SYN_MINE_01,2024-11-22,7,DRILL_DELAY,-8.29,drills,0.0725,0.0,0.127,0.725,-0.3,0.0,OBSERVED WEEK (IMD/ERA5),764.1,SIMULATED
SIM_2024-11-22_HAULAGE_DISRUPTION,SYN_MINE_01,2024-11-22,7,HAULAGE_DISRUPTION,-11.49,dumpers / haul road,0.1263,0.957,0.035,-0.017,-4.18,0.0,OBSERVED WEEK (IMD/ERA5),1058.2,SIMULATED
SIM_2024-11-22_COMBINED_DISRUPTION,SYN_MINE_01,2024-11-22,7,COMBINED_DISRUPTION,5.42,site-wide,-0.0295,0.694,0.02,1.401,-3.67,148.0,HEAVY_RAIN (IMD p95 7-day),-499.0,SIMULATED
SIM_2024-12-06_NORMAL,SYN_MINE_01,2024-12-06,7,NORMAL,0.0,none,0.0,0.0,0.0,0.0,0.0,0.0,OBSERVED WEEK (IMD/ERA5),0.0,SIMULATED
SIM_2024-12-06_HEAVY_RAIN,SYN_MINE_01,2024-12-06,7,HEAVY_RAIN,-1.86,site / dumpers,0.01,0.416,-0.291,1.026,-0.93,148.0,HEAVY_RAIN (IMD p95 7-day),113.1,SIMULATED
SIM_2024-12-06_EQUIPMENT_DEGRADATION,SYN_MINE_01,2024-12-06,7,EQUIPMENT_DEGRADATION,13.13,"excavators, dumpers",-0.2794,0.0,-3.08,-0.584,-2.22,0.0,OBSERVED WEEK (IMD/ERA5),-798.0,SIMULATED
SIM_2024-12-06_BLAST_DELAY,SYN_MINE_01,2024-12-06,7,BLAST_DELAY,0.0,blasting / excavators,0.0,0.0,0.0,0.0,0.0,0.0,OBSERVED WEEK (IMD/ERA5),0.0,SIMULATED
SIM_2024-12-06_DRILL_DELAY,SYN_MINE_01,2024-12-06,7,DRILL_DELAY,-19.05,drills,-0.0126,0.0,-1.733,-0.118,-0.1,0.0,OBSERVED WEEK (IMD/ERA5),1158.2,SIMULATED
SIM_2024-12-06_HAULAGE_DISRUPTION,SYN_MINE_01,2024-12-06,7,HAULAGE_DISRUPTION,-11.33,dumpers / haul road,-0.0194,1.124,-2.88,-0.631,-3.77,0.0,OBSERVED WEEK (IMD/ERA5),688.9,SIMULATED
SIM_2024-12-06_COMBINED_DISRUPTION,SYN_MINE_01,2024-12-06,7,COMBINED_DISRUPTION,-4.05,site-wide,-0.0772,0.42,-1.801,1.58,-3.92,148.0,HEAVY_RAIN (IMD p95 7-day),246.2,SIMULATED
SIM_2024-12-20_NORMAL,SYN_MINE_01,2024-12-20,7,NORMAL,0.0,none,0.0,0.0,0.0,0.0,0.0,0.0,OBSERVED WEEK (IMD/ERA5),0.0,SIMULATED
SIM_2024-12-20_HEAVY_RAIN,SYN_MINE_01,2024-12-20,7,HEAVY_RAIN,4.78,site / dumpers,-0.055,0.0,-0.12,1.67,-0.11,148.0,HEAVY_RAIN (IMD p95 7-day),-497.0,SIMULATED
SIM_2024-12-20_EQUIPMENT_DEGRADATION,SYN_MINE_01,2024-12-20,7,EQUIPMENT_DEGRADATION,10.32,"excavators, dumpers",-0.0995,0.0,-0.056,-0.362,-2.18,0.0,OBSERVED WEEK (IMD/ERA5),-1072.9,SIMULATED
SIM_2024-12-20_BLAST_DELAY,SYN_MINE_01,2024-12-20,7,BLAST_DELAY,53.84,blasting / excavators,0.0,0.0,8.207,0.0,0.0,0.0,OBSERVED WEEK (IMD/ERA5),-5598.7,SIMULATED
SIM_2024-12-20_DRILL_DELAY,SYN_MINE_01,2024-12-20,7,DRILL_DELAY,-7.8,drills,0.0469,0.0,-0.049,0.715,-0.15,0.0,OBSERVED WEEK (IMD/ERA5),810.7,SIMULATED
SIM_2024-12-20_HAULAGE_DISRUPTION,SYN_MINE_01,2024-12-20,7,HAULAGE_DISRUPTION,-4.58,dumpers / haul road,0.0458,0.545,-0.025,-0.473,-3.69,0.0,OBSERVED WEEK (IMD/ERA5),476.0,SIMULATED
SIM_2024-12-20_COMBINED_DISRUPTION,SYN_MINE_01,2024-12-20,7,COMBINED_DISRUPTION,14.36,site-wide,-0.1031,0.154,0.29,1.777,-3.62,148.0,HEAVY_RAIN (IMD p95 7-day),-1492.9,SIMULATED
SIM_2025-01-03_NORMAL,SYN_MINE_01,2025-01-03,7,NORMAL,0.0,none,0.0,0.0,0.0,0.0,0.0,0.0,OBSERVED WEEK (IMD/ERA5),0.0,SIMULATED
SIM_2025-01-03_HEAVY_RAIN,SYN_MINE_01,2025-01-03,7,HEAVY_RAIN,-30.53,site / dumpers,-0.0266,-0.449,-2.673,0.919,-0.54,148.0,HEAVY_RAIN (IMD p95 7-day),2202.8,SIMULATED
SIM_2025-01-03_EQUIPMENT_DEGRADATION,SYN_MINE_01,2025-01-03,7,EQUIPMENT_DEGRADATION,8.67,"excavators, dumpers",-0.0242,-0.449,1.277,-0.444,-2.31,0.0,OBSERVED WEEK (IMD/ERA5),-625.6,SIMULATED
SIM_2025-01-03_BLAST_DELAY,SYN_MINE_01,2025-01-03,7,BLAST_DELAY,0.0,blasting / excavators,0.0,0.0,0.0,0.0,0.0,0.0,OBSERVED WEEK (IMD/ERA5),0.0,SIMULATED
SIM_2025-01-03_DRILL_DELAY,SYN_MINE_01,2025-01-03,7,DRILL_DELAY,28.86,drills,0.0453,-0.449,4.719,1.775,0.04,0.0,OBSERVED WEEK (IMD/ERA5),-2082.2,SIMULATED
SIM_2025-01-03_HAULAGE_DISRUPTION,SYN_MINE_01,2025-01-03,7,HAULAGE_DISRUPTION,75.19,dumpers / haul road,0.0616,0.03,9.343,-0.067,-3.39,0.0,OBSERVED WEEK (IMD/ERA5),-5425.6,SIMULATED
SIM_2025-01-03_COMBINED_DISRUPTION,SYN_MINE_01,2025-01-03,7,COMBINED_DISRUPTION,75.19,site-wide,-0.1257,-0.177,6.543,0.963,-4.08,148.0,HEAVY_RAIN (IMD p95 7-day),-5425.6,SIMULATED
SIM_2025-01-17_NORMAL,SYN_MINE_01,2025-01-17,7,NORMAL,0.0,none,0.0,0.0,0.0,0.0,0.0,0.0,OBSERVED WEEK (IMD/ERA5),0.0,SIMULATED
SIM_2025-01-17_HEAVY_RAIN,SYN_MINE_01,2025-01-17,7,HEAVY_RAIN,-0.86,site / dumpers,0.0227,0.0,0.035,1.662,-0.77,148.0,HEAVY_RAIN (IMD p95 7-day),90.8,SIMULATED
SIM_2025-01-17_EQUIPMENT_DEGRADATION,SYN_MINE_01,2025-01-17,7,EQUIPMENT_DEGRADATION,21.29,"excavators, dumpers",-0.1905,0.0,0.094,0.28,-1.94,0.0,OBSERVED WEEK (IMD/ERA5),-2253.1,SIMULATED
SIM_2025-01-17_BLAST_DELAY,SYN_MINE_01,2025-01-17,7,BLAST_DELAY,16.79,blasting / excavators,0.0,0.0,2.633,0.0,0.0,0.0,OBSERVED WEEK (IMD/ERA5),-1776.8,SIMULATED
SIM_2025-01-17_DRILL_DELAY,SYN_MINE_01,2025-01-17,7,DRILL_DELAY,7.45,drills,-0.0395,0.0,0.252,1.211,0.11,0.0,OBSERVED WEEK (IMD/ERA5),-788.6,SIMULATED
SIM_2025-01-17_HAULAGE_DISRUPTION,SYN_MINE_01,2025-01-17,7,HAULAGE_DISRUPTION,4.64,dumpers / haul road,0.0222,0.55,0.133,0.322,-3.84,0.0,OBSERVED WEEK (IMD/ERA5),-490.8,SIMULATED
SIM_2025-01-17_COMBINED_DISRUPTION,SYN_MINE_01,2025-01-17,7,COMBINED_DISRUPTION,26.64,site-wide,-0.139,0.105,1.871,1.54,-3.96,148.0,HEAVY_RAIN (IMD p95 7-day),-2819.7,SIMULATED
SIM_2025-01-31_NORMAL,SYN_MINE_01,2025-01-31,7,NORMAL,0.0,none,0.0,0.0,0.0,0.0,0.0,0.0,OBSERVED WEEK (IMD/ERA5),0.0,SIMULATED
SIM_2025-01-31_HEAVY_RAIN,SYN_MINE_01,2025-01-31,7,HEAVY_RAIN,6.29,site / dumpers,-0.0472,-0.02,-0.016,1.551,-0.42,148.0,HEAVY_RAIN (IMD p95 7-day),-635.0,SIMULATED
SIM_2025-01-31_EQUIPMENT_DEGRADATION,SYN_MINE_01,2025-01-31,7,EQUIPMENT_DEGRADATION,9.26,"excavators, dumpers",-0.1079,-0.379,0.007,-0.188,-1.66,0.0,OBSERVED WEEK (IMD/ERA5),-934.7,SIMULATED
SIM_2025-01-31_BLAST_DELAY,SYN_MINE_01,2025-01-31,7,BLAST_DELAY,11.65,blasting / excavators,0.0,0.0,1.7,0.0,0.0,0.0,OBSERVED WEEK (IMD/ERA5),-1175.1,SIMULATED
SIM_2025-01-31_DRILL_DELAY,SYN_MINE_01,2025-01-31,7,DRILL_DELAY,2.14,drills,-0.0182,-0.379,0.024,0.666,0.26,0.0,OBSERVED WEEK (IMD/ERA5),-216.2,SIMULATED
SIM_2025-01-31_HAULAGE_DISRUPTION,SYN_MINE_01,2025-01-31,7,HAULAGE_DISRUPTION,1.27,dumpers / haul road,0.0537,0.634,0.03,0.595,-3.29,0.0,OBSERVED WEEK (IMD/ERA5),-128.1,SIMULATED
SIM_2025-01-31_COMBINED_DISRUPTION,SYN_MINE_01,2025-01-31,7,COMBINED_DISRUPTION,52.42,site-wide,-0.1484,-0.171,5.133,1.744,-3.36,148.0,HEAVY_RAIN (IMD p95 7-day),-5289.2,SIMULATED
SIM_2025-02-14_NORMAL,SYN_MINE_01,2025-02-14,7,NORMAL,0.0,none,0.0,0.0,0.0,0.0,0.0,0.0,OBSERVED WEEK (IMD/ERA5),0.0,SIMULATED
SIM_2025-02-14_HEAVY_RAIN,SYN_MINE_01,2025-02-14,7,HEAVY_RAIN,-81.39,site / dumpers,0.0325,0.0,-3.694,1.833,0.09,148.0,HEAVY_RAIN (IMD p95 7-day),2666.0,SIMULATED
SIM_2025-02-14_EQUIPMENT_DEGRADATION,SYN_MINE_01,2025-02-14,7,EQUIPMENT_DEGRADATION,-0.0,"excavators, dumpers",-0.001,0.172,-0.28,0.119,-2.27,0.0,OBSERVED WEEK (IMD/ERA5),0.0,SIMULATED
SIM_2025-02-14_BLAST_DELAY,SYN_MINE_01,2025-02-14,7,BLAST_DELAY,0.0,blasting / excavators,0.0,0.0,0.0,0.0,0.0,0.0,OBSERVED WEEK (IMD/ERA5),0.0,SIMULATED
SIM_2025-02-14_DRILL_DELAY,SYN_MINE_01,2025-02-14,7,DRILL_DELAY,-146.0,drills,-0.0573,0.0,-8.387,1.97,0.26,0.0,OBSERVED WEEK (IMD/ERA5),4782.3,SIMULATED
SIM_2025-02-14_HAULAGE_DISRUPTION,SYN_MINE_01,2025-02-14,7,HAULAGE_DISRUPTION,-202.59,dumpers / haul road,0.0789,0.427,-8.93,-0.455,-3.61,0.0,OBSERVED WEEK (IMD/ERA5),6636.2,SIMULATED
SIM_2025-02-14_COMBINED_DISRUPTION,SYN_MINE_01,2025-02-14,7,COMBINED_DISRUPTION,-14.85,site-wide,-0.0701,1.105,-3.065,2.216,-3.91,148.0,HEAVY_RAIN (IMD p95 7-day),486.3,SIMULATED
SIM_2025-02-28_NORMAL,SYN_MINE_01,2025-02-28,7,NORMAL,0.0,none,0.0,0.0,0.0,0.0,0.0,0.0,OBSERVED WEEK (IMD/ERA5),0.0,SIMULATED
SIM_2025-02-28_HEAVY_RAIN,SYN_MINE_01,2025-02-28,7,HEAVY_RAIN,29.92,site / dumpers,0.1016,0.0,4.064,2.084,-0.65,148.0,HEAVY_RAIN (IMD p95 7-day),-1438.9,SIMULATED
SIM_2025-02-28_EQUIPMENT_DEGRADATION,SYN_MINE_01,2025-02-28,7,EQUIPMENT_DEGRADATION,54.03,"excavators, dumpers",-0.1446,0.0,1.564,-0.076,-2.23,0.0,OBSERVED WEEK (IMD/ERA5),-2598.0,SIMULATED
SIM_2025-02-28_BLAST_DELAY,SYN_MINE_01,2025-02-28,7,BLAST_DELAY,0.0,blasting / excavators,0.0,0.0,0.0,0.0,0.0,0.0,OBSERVED WEEK (IMD/ERA5),0.0,SIMULATED
SIM_2025-02-28_DRILL_DELAY,SYN_MINE_01,2025-02-28,7,DRILL_DELAY,-0.08,drills,0.0172,0.0,0.569,1.838,-0.16,0.0,OBSERVED WEEK (IMD/ERA5),3.6,SIMULATED
SIM_2025-02-28_HAULAGE_DISRUPTION,SYN_MINE_01,2025-02-28,7,HAULAGE_DISRUPTION,1.83,dumpers / haul road,0.1162,0.335,1.612,0.267,-3.67,0.0,OBSERVED WEEK (IMD/ERA5),-87.8,SIMULATED
SIM_2025-02-28_COMBINED_DISRUPTION,SYN_MINE_01,2025-02-28,7,COMBINED_DISRUPTION,-0.08,site-wide,-0.1159,0.039,-1.805,1.637,-3.7,148.0,HEAVY_RAIN (IMD p95 7-day),3.6,SIMULATED
SIM_2025-03-14_NORMAL,SYN_MINE_01,2025-03-14,7,NORMAL,0.0,none,0.0,0.0,0.0,0.0,0.0,0.0,OBSERVED WEEK (IMD/ERA5),0.0,SIMULATED
SIM_2025-03-14_HEAVY_RAIN,SYN_MINE_01,2025-03-14,7,HEAVY_RAIN,-6.28,site / dumpers,0.0614,0.0,0.223,1.073,-0.94,148.0,HEAVY_RAIN (IMD p95 7-day),643.0,SIMULATED
SIM_2025-03-14_EQUIPMENT_DEGRADATION,SYN_MINE_01,2025-03-14,7,EQUIPMENT_DEGRADATION,33.96,"excavators, dumpers",-0.3409,0.0,-0.046,-0.659,-1.67,0.0,OBSERVED WEEK (IMD/ERA5),-3477.5,SIMULATED
SIM_2025-03-14_BLAST_DELAY,SYN_MINE_01,2025-03-14,7,BLAST_DELAY,0.0,blasting / excavators,0.0,0.0,0.0,0.0,0.0,0.0,OBSERVED WEEK (IMD/ERA5),0.0,SIMULATED
SIM_2025-03-14_DRILL_DELAY,SYN_MINE_01,2025-03-14,7,DRILL_DELAY,-3.14,drills,0.0449,0.0,0.093,1.031,-0.04,0.0,OBSERVED WEEK (IMD/ERA5),321.6,SIMULATED
SIM_2025-03-14_HAULAGE_DISRUPTION,SYN_MINE_01,2025-03-14,7,HAULAGE_DISRUPTION,6.81,dumpers / haul road,-0.043,0.304,0.06,-0.677,-3.63,0.0,OBSERVED WEEK (IMD/ERA5),-696.9,SIMULATED
SIM_2025-03-14_COMBINED_DISRUPTION,SYN_MINE_01,2025-03-14,7,COMBINED_DISRUPTION,53.12,site-wide,-0.1883,0.033,5.096,1.837,-3.71,148.0,HEAVY_RAIN (IMD p95 7-day),-5438.8,SIMULATED
SIM_2025-03-28_NORMAL,SYN_MINE_01,2025-03-28,7,NORMAL,0.0,none,0.0,0.0,0.0,0.0,0.0,0.0,OBSERVED WEEK (IMD/ERA5),0.0,SIMULATED
SIM_2025-03-28_HEAVY_RAIN,SYN_MINE_01,2025-03-28,7,HEAVY_RAIN,4.76,site / dumpers,-0.1106,-0.75,-0.013,1.967,-0.65,148.0,HEAVY_RAIN (IMD p95 7-day),-461.9,SIMULATED
SIM_2025-03-28_EQUIPMENT_DEGRADATION,SYN_MINE_01,2025-03-28,7,EQUIPMENT_DEGRADATION,12.6,"excavators, dumpers",-0.1851,-0.75,-0.048,0.188,-1.95,0.0,OBSERVED WEEK (IMD/ERA5),-1222.8,SIMULATED
SIM_2025-03-28_BLAST_DELAY,SYN_MINE_01,2025-03-28,7,BLAST_DELAY,0.0,blasting / excavators,0.0,0.0,0.0,0.0,0.0,0.0,OBSERVED WEEK (IMD/ERA5),0.0,SIMULATED
SIM_2025-03-28_DRILL_DELAY,SYN_MINE_01,2025-03-28,7,DRILL_DELAY,-0.83,drills,-0.0706,-0.587,-0.111,1.448,-0.02,0.0,OBSERVED WEEK (IMD/ERA5),80.5,SIMULATED
SIM_2025-03-28_HAULAGE_DISRUPTION,SYN_MINE_01,2025-03-28,7,HAULAGE_DISRUPTION,9.73,dumpers / haul road,-0.1431,-0.187,-0.022,-0.133,-3.47,0.0,OBSERVED WEEK (IMD/ERA5),-944.5,SIMULATED
SIM_2025-03-28_COMBINED_DISRUPTION,SYN_MINE_01,2025-03-28,7,COMBINED_DISRUPTION,34.46,site-wide,-0.042,-0.505,5.479,1.151,-4.04,148.0,HEAVY_RAIN (IMD p95 7-day),-3344.8,SIMULATED
SIM_2025-04-11_NORMAL,SYN_MINE_01,2025-04-11,7,NORMAL,0.0,none,0.0,0.0,0.0,0.0,0.0,0.7,OBSERVED WEEK (IMD/ERA5),0.0,SIMULATED
SIM_2025-04-11_HEAVY_RAIN,SYN_MINE_01,2025-04-11,7,HEAVY_RAIN,-16.05,site / dumpers,0.1312,0.0,0.151,1.391,-1.02,148.0,HEAVY_RAIN (IMD p95 7-day),1334.1,SIMULATED
SIM_2025-04-11_EQUIPMENT_DEGRADATION,SYN_MINE_01,2025-04-11,7,EQUIPMENT_DEGRADATION,21.55,"excavators, dumpers",-0.1612,0.0,-0.058,-0.727,-2.3,0.7,OBSERVED WEEK (IMD/ERA5),-1791.1,SIMULATED
SIM_2025-04-11_BLAST_DELAY,SYN_MINE_01,2025-04-11,7,BLAST_DELAY,0.62,blasting / excavators,0.0,0.0,0.068,0.0,0.0,0.7,OBSERVED WEEK (IMD/ERA5),-51.9,SIMULATED
SIM_2025-04-11_DRILL_DELAY,SYN_MINE_01,2025-04-11,7,DRILL_DELAY,-9.07,drills,0.0806,0.0,0.017,0.113,-0.28,0.7,OBSERVED WEEK (IMD/ERA5),754.3,SIMULATED
SIM_2025-04-11_HAULAGE_DISRUPTION,SYN_MINE_01,2025-04-11,7,HAULAGE_DISRUPTION,0.86,dumpers / haul road,0.0207,0.425,-0.081,-0.636,-3.94,0.7,OBSERVED WEEK (IMD/ERA5),-71.2,SIMULATED
SIM_2025-04-11_COMBINED_DISRUPTION,SYN_MINE_01,2025-04-11,7,COMBINED_DISRUPTION,-7.22,site-wide,0.0882,0.999,-0.158,1.458,-4.35,148.0,HEAVY_RAIN (IMD p95 7-day),599.9,SIMULATED
SIM_2025-04-25_NORMAL,SYN_MINE_01,2025-04-25,7,NORMAL,0.0,none,0.0,0.0,0.0,0.0,0.0,3.6,OBSERVED WEEK (IMD/ERA5),0.0,SIMULATED
SIM_2025-04-25_HEAVY_RAIN,SYN_MINE_01,2025-04-25,7,HEAVY_RAIN,-35.6,site / dumpers,0.0639,0.0,-3.964,1.425,-0.81,148.0,HEAVY_RAIN (IMD p95 7-day),2779.8,SIMULATED
SIM_2025-04-25_EQUIPMENT_DEGRADATION,SYN_MINE_01,2025-04-25,7,EQUIPMENT_DEGRADATION,60.02,"excavators, dumpers",-0.2214,0.595,2.484,-0.05,-2.37,3.6,OBSERVED WEEK (IMD/ERA5),-4686.7,SIMULATED
SIM_2025-04-25_BLAST_DELAY,SYN_MINE_01,2025-04-25,7,BLAST_DELAY,0.0,blasting / excavators,0.0,0.0,0.0,0.0,0.0,3.6,OBSERVED WEEK (IMD/ERA5),0.0,SIMULATED
SIM_2025-04-25_DRILL_DELAY,SYN_MINE_01,2025-04-25,7,DRILL_DELAY,-1.45,drills,0.0633,0.0,0.464,0.829,-0.27,3.6,OBSERVED WEEK (IMD/ERA5),113.3,SIMULATED
SIM_2025-04-25_HAULAGE_DISRUPTION,SYN_MINE_01,2025-04-25,7,HAULAGE_DISRUPTION,60.02,dumpers / haul road,-0.0462,0.233,5.195,-0.048,-3.56,3.6,OBSERVED WEEK (IMD/ERA5),-4686.7,SIMULATED
SIM_2025-04-25_COMBINED_DISRUPTION,SYN_MINE_01,2025-04-25,7,COMBINED_DISRUPTION,60.02,site-wide,-0.1889,0.244,2.885,1.771,-4.54,148.0,HEAVY_RAIN (IMD p95 7-day),-4686.7,SIMULATED
SIM_2025-05-09_NORMAL,SYN_MINE_01,2025-05-09,7,NORMAL,0.0,none,0.0,0.0,0.0,0.0,0.0,0.0,OBSERVED WEEK (IMD/ERA5),0.0,SIMULATED
SIM_2025-05-09_HEAVY_RAIN,SYN_MINE_01,2025-05-09,7,HEAVY_RAIN,-50.82,site / dumpers,-0.0926,0.0,-6.061,1.776,-0.33,148.0,HEAVY_RAIN (IMD p95 7-day),3304.3,SIMULATED
SIM_2025-05-09_EQUIPMENT_DEGRADATION,SYN_MINE_01,2025-05-09,7,EQUIPMENT_DEGRADATION,-12.74,"excavators, dumpers",-0.1638,0.0,-3.699,-0.216,-2.33,0.0,OBSERVED WEEK (IMD/ERA5),828.6,SIMULATED
SIM_2025-05-09_BLAST_DELAY,SYN_MINE_01,2025-05-09,7,BLAST_DELAY,0.0,blasting / excavators,0.0,0.0,0.0,0.0,0.0,0.0,OBSERVED WEEK (IMD/ERA5),0.0,SIMULATED
SIM_2025-05-09_DRILL_DELAY,SYN_MINE_01,2025-05-09,7,DRILL_DELAY,73.83,drills,-0.1654,0.0,4.636,1.151,0.22,0.0,OBSERVED WEEK (IMD/ERA5),-4800.0,SIMULATED
SIM_2025-05-09_HAULAGE_DISRUPTION,SYN_MINE_01,2025-05-09,7,HAULAGE_DISRUPTION,11.86,dumpers / haul road,-0.0794,0.271,-0.236,-0.806,-3.4,0.0,OBSERVED WEEK (IMD/ERA5),-771.1,SIMULATED
SIM_2025-05-09_COMBINED_DISRUPTION,SYN_MINE_01,2025-05-09,7,COMBINED_DISRUPTION,-13.15,site-wide,-0.0658,0.172,-2.466,1.962,-3.93,148.0,HEAVY_RAIN (IMD p95 7-day),854.7,SIMULATED
SIM_2025-05-23_NORMAL,SYN_MINE_01,2025-05-23,7,NORMAL,0.0,none,0.0,0.0,0.0,0.0,0.0,4.8,OBSERVED WEEK (IMD/ERA5),0.0,SIMULATED
SIM_2025-05-23_HEAVY_RAIN,SYN_MINE_01,2025-05-23,7,HEAVY_RAIN,-5.44,site / dumpers,0.0432,0.0,0.037,1.733,0.05,148.0,HEAVY_RAIN (IMD p95 7-day),538.7,SIMULATED
SIM_2025-05-23_EQUIPMENT_DEGRADATION,SYN_MINE_01,2025-05-23,7,EQUIPMENT_DEGRADATION,5.5,"excavators, dumpers",-0.0179,0.0,-0.032,0.258,-1.85,4.8,OBSERVED WEEK (IMD/ERA5),-544.0,SIMULATED
SIM_2025-05-23_BLAST_DELAY,SYN_MINE_01,2025-05-23,7,BLAST_DELAY,5.26,blasting / excavators,0.0,0.0,0.784,0.0,0.0,4.8,OBSERVED WEEK (IMD/ERA5),-520.6,SIMULATED
SIM_2025-05-23_DRILL_DELAY,SYN_MINE_01,2025-05-23,7,DRILL_DELAY,-8.15,drills,0.103,0.181,0.086,1.441,-0.02,4.8,OBSERVED WEEK (IMD/ERA5),806.4,SIMULATED
SIM_2025-05-23_HAULAGE_DISRUPTION,SYN_MINE_01,2025-05-23,7,HAULAGE_DISRUPTION,4.84,dumpers / haul road,0.0047,1.333,-0.078,0.732,-3.2,4.8,OBSERVED WEEK (IMD/ERA5),-479.5,SIMULATED
SIM_2025-05-23_COMBINED_DISRUPTION,SYN_MINE_01,2025-05-23,7,COMBINED_DISRUPTION,51.51,site-wide,-0.0119,0.441,6.578,2.122,-2.59,148.0,HEAVY_RAIN (IMD p95 7-day),-5099.6,SIMULATED
SIM_2025-06-06_NORMAL,SYN_MINE_01,2025-06-06,7,NORMAL,0.0,none,0.0,0.0,0.0,0.0,0.0,7.8,OBSERVED WEEK (IMD/ERA5),0.0,SIMULATED
SIM_2025-06-06_HEAVY_RAIN,SYN_MINE_01,2025-06-06,7,HEAVY_RAIN,-7.32,site / dumpers,0.0031,-0.454,-0.158,1.229,-0.7,148.0,HEAVY_RAIN (IMD p95 7-day),726.1,SIMULATED
SIM_2025-06-06_EQUIPMENT_DEGRADATION,SYN_MINE_01,2025-06-06,7,EQUIPMENT_DEGRADATION,11.32,"excavators, dumpers",-0.1428,-0.454,-0.006,-0.033,-2.02,7.8,OBSERVED WEEK (IMD/ERA5),-1123.4,SIMULATED
SIM_2025-06-06_BLAST_DELAY,SYN_MINE_01,2025-06-06,7,BLAST_DELAY,0.0,blasting / excavators,0.0,0.0,0.0,0.0,0.0,7.8,OBSERVED WEEK (IMD/ERA5),0.0,SIMULATED
SIM_2025-06-06_DRILL_DELAY,SYN_MINE_01,2025-06-06,7,DRILL_DELAY,3.38,drills,-0.0948,-0.454,-0.105,0.858,0.08,7.8,OBSERVED WEEK (IMD/ERA5),-335.5,SIMULATED
SIM_2025-06-06_HAULAGE_DISRUPTION,SYN_MINE_01,2025-06-06,7,HAULAGE_DISRUPTION,-3.91,dumpers / haul road,0.0,0.189,-0.022,-0.193,-3.58,7.8,OBSERVED WEEK (IMD/ERA5),387.9,SIMULATED
SIM_2025-06-06_COMBINED_DISRUPTION,SYN_MINE_01,2025-06-06,7,COMBINED_DISRUPTION,34.12,site-wide,-0.3649,-0.427,-0.185,1.096,-3.46,148.0,HEAVY_RAIN (IMD p95 7-day),-3386.5,SIMULATED
SIM_2025-06-20_NORMAL,SYN_MINE_01,2025-06-20,7,NORMAL,0.0,none,0.0,0.0,0.0,0.0,0.0,77.6,OBSERVED WEEK (IMD/ERA5),0.0,SIMULATED
SIM_2025-06-20_HEAVY_RAIN,SYN_MINE_01,2025-06-20,7,HEAVY_RAIN,0.0,site / dumpers,0.0,0.0,0.0,1.397,0.0,172.1,HEAVY_RAIN (IMD p95 7-day),0.0,SIMULATED
SIM_2025-06-20_EQUIPMENT_DEGRADATION,SYN_MINE_01,2025-06-20,7,EQUIPMENT_DEGRADATION,4.67,"excavators, dumpers",-0.0419,0.481,-0.116,0.239,-3.58,77.6,OBSERVED WEEK (IMD/ERA5),-472.0,SIMULATED
SIM_2025-06-20_BLAST_DELAY,SYN_MINE_01,2025-06-20,7,BLAST_DELAY,11.59,blasting / excavators,0.0,0.0,1.757,0.0,0.0,77.6,OBSERVED WEEK (IMD/ERA5),-1170.8,SIMULATED
SIM_2025-06-20_DRILL_DELAY,SYN_MINE_01,2025-06-20,7,DRILL_DELAY,-0.02,drills,0.02,0.704,-0.058,2.506,-0.28,77.6,OBSERVED WEEK (IMD/ERA5),1.8,SIMULATED
SIM_2025-06-20_HAULAGE_DISRUPTION,SYN_MINE_01,2025-06-20,7,HAULAGE_DISRUPTION,19.93,dumpers / haul road,0.0193,3.809,-0.179,0.491,-3.66,77.6,OBSERVED WEEK (IMD/ERA5),-2014.1,SIMULATED
SIM_2025-06-20_COMBINED_DISRUPTION,SYN_MINE_01,2025-06-20,7,COMBINED_DISRUPTION,5.23,site-wide,-0.0419,0.566,-0.117,1.604,-3.58,172.1,HEAVY_RAIN (IMD p95 7-day),-528.0,SIMULATED
SIM_2025-07-04_NORMAL,SYN_MINE_01,2025-07-04,7,NORMAL,0.0,none,0.0,0.0,0.0,0.0,0.0,466.2,OBSERVED WEEK (IMD/ERA5),0.0,SIMULATED
SIM_2025-07-04_HEAVY_RAIN,SYN_MINE_01,2025-07-04,7,HEAVY_RAIN,0.0,site / dumpers,0.0,0.0,0.0,0.523,0.0,513.8,HEAVY_RAIN (IMD p95 7-day),0.0,SIMULATED
SIM_2025-07-04_EQUIPMENT_DEGRADATION,SYN_MINE_01,2025-07-04,7,EQUIPMENT_DEGRADATION,2.03,"excavators, dumpers",-0.0522,-0.143,0.022,-1.191,-2.7,466.2,OBSERVED WEEK (IMD/ERA5),-151.0,SIMULATED
SIM_2025-07-04_BLAST_DELAY,SYN_MINE_01,2025-07-04,7,BLAST_DELAY,19.39,blasting / excavators,0.0,0.0,2.172,0.0,0.0,466.2,OBSERVED WEEK (IMD/ERA5),-1439.9,SIMULATED
SIM_2025-07-04_DRILL_DELAY,SYN_MINE_01,2025-07-04,7,DRILL_DELAY,-19.31,drills,0.0212,-0.948,-0.069,0.3,0.04,466.2,OBSERVED WEEK (IMD/ERA5),1433.7,SIMULATED
SIM_2025-07-04_HAULAGE_DISRUPTION,SYN_MINE_01,2025-07-04,7,HAULAGE_DISRUPTION,21.24,dumpers / haul road,0.0958,3.569,-0.085,-0.452,-3.76,466.2,OBSERVED WEEK (IMD/ERA5),-1577.4,SIMULATED
SIM_2025-07-04_COMBINED_DISRUPTION,SYN_MINE_01,2025-07-04,7,COMBINED_DISRUPTION,2.29,site-wide,-0.0522,-0.114,0.022,-0.589,-2.7,513.8,HEAVY_RAIN (IMD p95 7-day),-170.2,SIMULATED
SIM_2025-07-18_NORMAL,SYN_MINE_01,2025-07-18,7,NORMAL,0.0,none,0.0,0.0,0.0,0.0,0.0,84.0,OBSERVED WEEK (IMD/ERA5),0.0,SIMULATED
SIM_2025-07-18_HEAVY_RAIN,SYN_MINE_01,2025-07-18,7,HEAVY_RAIN,0.0,site / dumpers,0.0,0.0,0.0,1.09,0.0,170.3,HEAVY_RAIN (IMD p95 7-day),0.0,SIMULATED
SIM_2025-07-18_EQUIPMENT_DEGRADATION,SYN_MINE_01,2025-07-18,7,EQUIPMENT_DEGRADATION,-221.07,"excavators, dumpers",0.0045,0.111,-6.372,-0.225,-2.93,84.0,OBSERVED WEEK (IMD/ERA5),4138.9,SIMULATED
SIM_2025-07-18_BLAST_DELAY,SYN_MINE_01,2025-07-18,7,BLAST_DELAY,0.0,blasting / excavators,0.0,0.0,0.0,0.0,0.0,84.0,OBSERVED WEEK (IMD/ERA5),0.0,SIMULATED
SIM_2025-07-18_DRILL_DELAY,SYN_MINE_01,2025-07-18,7,DRILL_DELAY,0.0,drills,0.0286,0.0,0.574,1.189,-0.22,84.0,OBSERVED WEEK (IMD/ERA5),0.0,SIMULATED
SIM_2025-07-18_HAULAGE_DISRUPTION,SYN_MINE_01,2025-07-18,7,HAULAGE_DISRUPTION,-333.28,dumpers / haul road,0.0421,3.371,-12.0,-0.486,-3.42,84.0,OBSERVED WEEK (IMD/ERA5),6239.8,SIMULATED
SIM_2025-07-18_COMBINED_DISRUPTION,SYN_MINE_01,2025-07-18,7,COMBINED_DISRUPTION,-221.07,site-wide,0.0045,0.872,-7.453,1.274,-2.96,170.3,HEAVY_RAIN (IMD p95 7-day),4138.9,SIMULATED
SIM_2025-08-01_NORMAL,SYN_MINE_01,2025-08-01,7,NORMAL,0.0,none,0.0,0.0,0.0,0.0,0.0,20.5,OBSERVED WEEK (IMD/ERA5),0.0,SIMULATED
SIM_2025-08-01_HEAVY_RAIN,SYN_MINE_01,2025-08-01,7,HEAVY_RAIN,0.0,site / dumpers,0.0,0.0,0.0,1.455,0.0,148.0,HEAVY_RAIN (IMD p95 7-day),0.0,SIMULATED
SIM_2025-08-01_EQUIPMENT_DEGRADATION,SYN_MINE_01,2025-08-01,7,EQUIPMENT_DEGRADATION,4.65,"excavators, dumpers",0.0304,0.441,-0.084,-0.147,-2.08,20.5,OBSERVED WEEK (IMD/ERA5),-441.9,SIMULATED
SIM_2025-08-01_BLAST_DELAY,SYN_MINE_01,2025-08-01,7,BLAST_DELAY,14.59,blasting / excavators,0.0,0.0,2.023,0.0,0.0,20.5,OBSERVED WEEK (IMD/ERA5),-1385.5,SIMULATED
SIM_2025-08-01_DRILL_DELAY,SYN_MINE_01,2025-08-01,7,DRILL_DELAY,-4.26,drills,0.0406,0.0,0.073,1.384,0.37,20.5,OBSERVED WEEK (IMD/ERA5),404.3,SIMULATED
SIM_2025-08-01_HAULAGE_DISRUPTION,SYN_MINE_01,2025-08-01,7,HAULAGE_DISRUPTION,4.14,dumpers / haul road,0.0618,1.433,-0.063,0.6,-3.28,20.5,OBSERVED WEEK (IMD/ERA5),-393.4,SIMULATED
SIM_2025-08-01_COMBINED_DISRUPTION,SYN_MINE_01,2025-08-01,7,COMBINED_DISRUPTION,10.75,site-wide,-0.0111,0.441,0.285,1.345,-2.71,148.0,HEAVY_RAIN (IMD p95 7-day),-1020.7,SIMULATED
SIM_2025-08-15_NORMAL,SYN_MINE_01,2025-08-15,7,NORMAL,0.0,none,0.0,0.0,0.0,0.0,0.0,81.0,OBSERVED WEEK (IMD/ERA5),0.0,SIMULATED
SIM_2025-08-15_HEAVY_RAIN,SYN_MINE_01,2025-08-15,7,HEAVY_RAIN,0.26,site / dumpers,0.0,0.037,0.0,1.357,0.0,174.3,HEAVY_RAIN (IMD p95 7-day),-24.9,SIMULATED
SIM_2025-08-15_EQUIPMENT_DEGRADATION,SYN_MINE_01,2025-08-15,7,EQUIPMENT_DEGRADATION,18.39,"excavators, dumpers",-0.1526,0.456,-0.114,0.954,-1.8,81.0,OBSERVED WEEK (IMD/ERA5),-1793.0,SIMULATED
SIM_2025-08-15_BLAST_DELAY,SYN_MINE_01,2025-08-15,7,BLAST_DELAY,50.77,blasting / excavators,0.0,0.0,7.227,0.0,0.0,81.0,OBSERVED WEEK (IMD/ERA5),-4949.7,SIMULATED
SIM_2025-08-15_DRILL_DELAY,SYN_MINE_01,2025-08-15,7,DRILL_DELAY,10.57,drills,-0.0764,0.373,-0.074,2.615,0.89,81.0,OBSERVED WEEK (IMD/ERA5),-1031.0,SIMULATED
SIM_2025-08-15_HAULAGE_DISRUPTION,SYN_MINE_01,2025-08-15,7,HAULAGE_DISRUPTION,22.9,dumpers / haul road,0.0183,4.026,-0.094,0.618,-3.05,81.0,OBSERVED WEEK (IMD/ERA5),-2232.4,SIMULATED
SIM_2025-08-15_COMBINED_DISRUPTION,SYN_MINE_01,2025-08-15,7,COMBINED_DISRUPTION,32.55,site-wide,-0.1526,0.502,1.86,2.146,-1.8,174.3,HEAVY_RAIN (IMD p95 7-day),-3173.3,SIMULATED
SIM_2025-08-29_NORMAL,SYN_MINE_01,2025-08-29,7,NORMAL,0.0,none,0.0,0.0,0.0,0.0,0.0,78.6,OBSERVED WEEK (IMD/ERA5),0.0,SIMULATED
SIM_2025-08-29_HEAVY_RAIN,SYN_MINE_01,2025-08-29,7,HEAVY_RAIN,0.0,site / dumpers,0.0,0.0,0.0,1.042,0.0,162.5,HEAVY_RAIN (IMD p95 7-day),0.0,SIMULATED
SIM_2025-08-29_EQUIPMENT_DEGRADATION,SYN_MINE_01,2025-08-29,7,EQUIPMENT_DEGRADATION,22.63,"excavators, dumpers",-0.2103,0.0,-0.063,-0.133,-2.39,78.6,OBSERVED WEEK (IMD/ERA5),-2353.4,SIMULATED
SIM_2025-08-29_BLAST_DELAY,SYN_MINE_01,2025-08-29,7,BLAST_DELAY,10.53,blasting / excavators,0.0,0.0,1.656,0.0,0.0,78.6,OBSERVED WEEK (IMD/ERA5),-1095.5,SIMULATED
SIM_2025-08-29_DRILL_DELAY,SYN_MINE_01,2025-08-29,7,DRILL_DELAY,8.65,drills,-0.0584,0.0,0.063,1.927,0.24,78.6,OBSERVED WEEK (IMD/ERA5),-899.4,SIMULATED
SIM_2025-08-29_HAULAGE_DISRUPTION,SYN_MINE_01,2025-08-29,7,HAULAGE_DISRUPTION,27.53,dumpers / haul road,-0.0736,2.857,0.105,0.146,-3.76,78.6,OBSERVED WEEK (IMD/ERA5),-2863.5,SIMULATED
SIM_2025-08-29_COMBINED_DISRUPTION,SYN_MINE_01,2025-08-29,7,COMBINED_DISRUPTION,45.65,site-wide,-0.2103,0.0,3.527,0.97,-2.39,162.5,HEAVY_RAIN (IMD p95 7-day),-4748.0,SIMULATED
SIM_2025-09-12_NORMAL,SYN_MINE_01,2025-09-12,7,NORMAL,0.0,none,0.0,0.0,0.0,0.0,0.0,55.8,OBSERVED WEEK (IMD/ERA5),0.0,SIMULATED
SIM_2025-09-12_HEAVY_RAIN,SYN_MINE_01,2025-09-12,7,HEAVY_RAIN,0.0,site / dumpers,0.0,0.0,0.0,1.365,0.0,150.7,HEAVY_RAIN (IMD p95 7-day),0.0,SIMULATED
SIM_2025-09-12_EQUIPMENT_DEGRADATION,SYN_MINE_01,2025-09-12,7,EQUIPMENT_DEGRADATION,45.62,"excavators, dumpers",-0.3874,0.0,-0.113,0.637,-2.64,55.8,OBSERVED WEEK (IMD/ERA5),-4165.8,SIMULATED
SIM_2025-09-12_BLAST_DELAY,SYN_MINE_01,2025-09-12,7,BLAST_DELAY,3.94,blasting / excavators,0.0,0.0,0.544,0.0,0.0,55.8,OBSERVED WEEK (IMD/ERA5),-359.8,SIMULATED
SIM_2025-09-12_DRILL_DELAY,SYN_MINE_01,2025-09-12,7,DRILL_DELAY,-6.11,drills,0.0403,0.0,0.055,1.558,0.13,55.8,OBSERVED WEEK (IMD/ERA5),557.9,SIMULATED
SIM_2025-09-12_HAULAGE_DISRUPTION,SYN_MINE_01,2025-09-12,7,HAULAGE_DISRUPTION,14.78,dumpers / haul road,0.0278,3.002,-0.128,-0.0,-3.46,55.8,OBSERVED WEEK (IMD/ERA5),-1349.6,SIMULATED
SIM_2025-09-12_COMBINED_DISRUPTION,SYN_MINE_01,2025-09-12,7,COMBINED_DISRUPTION,45.62,site-wide,-0.3874,0.0,-0.113,1.862,-2.64,150.7,HEAVY_RAIN (IMD p95 7-day),-4165.8,SIMULATED
SIM_2025-09-26_NORMAL,SYN_MINE_01,2025-09-26,7,NORMAL,0.0,none,0.0,0.0,0.0,0.0,0.0,44.4,OBSERVED WEEK (IMD/ERA5),0.0,SIMULATED
SIM_2025-09-26_HEAVY_RAIN,SYN_MINE_01,2025-09-26,7,HEAVY_RAIN,0.0,site / dumpers,0.0,0.0,0.0,1.581,0.0,148.0,HEAVY_RAIN (IMD p95 7-day),0.0,SIMULATED
SIM_2025-09-26_EQUIPMENT_DEGRADATION,SYN_MINE_01,2025-09-26,7,EQUIPMENT_DEGRADATION,8.51,"excavators, dumpers",-0.1,0.055,-0.17,0.278,-2.74,44.4,OBSERVED WEEK (IMD/ERA5),-795.9,SIMULATED
SIM_2025-09-26_BLAST_DELAY,SYN_MINE_01,2025-09-26,7,BLAST_DELAY,0.0,blasting / excavators,0.0,0.0,0.0,0.0,0.0,44.4,OBSERVED WEEK (IMD/ERA5),0.0,SIMULATED
SIM_2025-09-26_DRILL_DELAY,SYN_MINE_01,2025-09-26,7,DRILL_DELAY,-15.74,drills,0.1117,0.0,-0.111,1.397,0.13,44.4,OBSERVED WEEK (IMD/ERA5),1473.0,SIMULATED
SIM_2025-09-26_HAULAGE_DISRUPTION,SYN_MINE_01,2025-09-26,7,HAULAGE_DISRUPTION,20.13,dumpers / haul road,-0.0667,2.109,-0.094,0.798,-3.43,44.4,OBSERVED WEEK (IMD/ERA5),-1883.0,SIMULATED
SIM_2025-09-26_COMBINED_DISRUPTION,SYN_MINE_01,2025-09-26,7,COMBINED_DISRUPTION,8.88,site-wide,-0.1,0.107,-0.17,1.789,-2.74,148.0,HEAVY_RAIN (IMD p95 7-day),-830.9,SIMULATED
SIM_2025-10-10_NORMAL,SYN_MINE_01,2025-10-10,7,NORMAL,0.0,none,0.0,0.0,0.0,0.0,0.0,4.6,OBSERVED WEEK (IMD/ERA5),0.0,SIMULATED
SIM_2025-10-10_HEAVY_RAIN,SYN_MINE_01,2025-10-10,7,HEAVY_RAIN,10.58,site / dumpers,-0.0975,-0.156,-0.002,1.452,-0.37,148.0,HEAVY_RAIN (IMD p95 7-day),-1045.0,SIMULATED
SIM_2025-10-10_EQUIPMENT_DEGRADATION,SYN_MINE_01,2025-10-10,7,EQUIPMENT_DEGRADATION,-3.38,"excavators, dumpers",-0.0187,-0.463,0.115,-0.216,-3.02,4.6,OBSERVED WEEK (IMD/ERA5),334.5,SIMULATED
SIM_2025-10-10_BLAST_DELAY,SYN_MINE_01,2025-10-10,7,BLAST_DELAY,51.42,blasting / excavators,0.0,0.0,7.558,0.0,0.0,4.6,OBSERVED WEEK (IMD/ERA5),-5081.5,SIMULATED
SIM_2025-10-10_DRILL_DELAY,SYN_MINE_01,2025-10-10,7,DRILL_DELAY,-1.97,drills,0.0122,-0.167,0.228,1.316,-0.19,4.6,OBSERVED WEEK (IMD/ERA5),195.0,SIMULATED
SIM_2025-10-10_HAULAGE_DISRUPTION,SYN_MINE_01,2025-10-10,7,HAULAGE_DISRUPTION,9.53,dumpers / haul road,-0.1011,-0.229,0.063,0.942,-3.64,4.6,OBSERVED WEEK (IMD/ERA5),-941.4,SIMULATED
SIM_2025-10-10_COMBINED_DISRUPTION,SYN_MINE_01,2025-10-10,7,COMBINED_DISRUPTION,27.03,site-wide,-0.2921,-0.373,-0.048,1.309,-3.96,148.0,HEAVY_RAIN (IMD p95 7-day),-2671.2,SIMULATED
SIM_2025-10-24_NORMAL,SYN_MINE_01,2025-10-24,7,NORMAL,0.0,none,0.0,0.0,0.0,0.0,0.0,15.0,OBSERVED WEEK (IMD/ERA5),0.0,SIMULATED
SIM_2025-10-24_HEAVY_RAIN,SYN_MINE_01,2025-10-24,7,HEAVY_RAIN,1.38,site / dumpers,0.0346,0.43,0.052,1.269,-0.55,148.0,HEAVY_RAIN (IMD p95 7-day),-122.5,SIMULATED
SIM_2025-10-24_EQUIPMENT_DEGRADATION,SYN_MINE_01,2025-10-24,7,EQUIPMENT_DEGRADATION,-6.07,"excavators, dumpers",0.0672,0.0,-0.02,-0.483,-3.07,15.0,OBSERVED WEEK (IMD/ERA5),540.2,SIMULATED
SIM_2025-10-24_BLAST_DELAY,SYN_MINE_01,2025-10-24,7,BLAST_DELAY,0.77,blasting / excavators,0.0,0.0,0.076,0.0,0.0,15.0,OBSERVED WEEK (IMD/ERA5),-68.9,SIMULATED
SIM_2025-10-24_DRILL_DELAY,SYN_MINE_01,2025-10-24,7,DRILL_DELAY,-5.06,drills,0.0463,0.0,0.026,0.722,-0.52,15.0,OBSERVED WEEK (IMD/ERA5),449.9,SIMULATED
SIM_2025-10-24_HAULAGE_DISRUPTION,SYN_MINE_01,2025-10-24,7,HAULAGE_DISRUPTION,-9.43,dumpers / haul road,0.1814,1.446,0.027,-0.507,-3.67,15.0,OBSERVED WEEK (IMD/ERA5),839.0,SIMULATED
SIM_2025-10-24_COMBINED_DISRUPTION,SYN_MINE_01,2025-10-24,7,COMBINED_DISRUPTION,13.31,site-wide,0.0441,0.001,2.292,0.975,-3.56,148.0,HEAVY_RAIN (IMD p95 7-day),-1184.0,SIMULATED
SIM_2025-11-07_NORMAL,SYN_MINE_01,2025-11-07,7,NORMAL,0.0,none,0.0,0.0,0.0,0.0,0.0,0.0,OBSERVED WEEK (IMD/ERA5),0.0,SIMULATED
SIM_2025-11-07_HEAVY_RAIN,SYN_MINE_01,2025-11-07,7,HEAVY_RAIN,1.13,site / dumpers,0.0,0.0,0.042,1.76,-0.17,148.0,HEAVY_RAIN (IMD p95 7-day),-93.2,SIMULATED
SIM_2025-11-07_EQUIPMENT_DEGRADATION,SYN_MINE_01,2025-11-07,7,EQUIPMENT_DEGRADATION,-11.92,"excavators, dumpers",0.1136,0.423,0.148,0.187,-2.17,0.0,OBSERVED WEEK (IMD/ERA5),984.3,SIMULATED
SIM_2025-11-07_BLAST_DELAY,SYN_MINE_01,2025-11-07,7,BLAST_DELAY,14.05,blasting / excavators,0.0,0.0,1.681,0.0,0.0,0.0,OBSERVED WEEK (IMD/ERA5),-1159.6,SIMULATED
SIM_2025-11-07_DRILL_DELAY,SYN_MINE_01,2025-11-07,7,DRILL_DELAY,-33.98,drills,0.235,0.0,0.049,0.92,0.38,0.0,OBSERVED WEEK (IMD/ERA5),2805.0,SIMULATED
SIM_2025-11-07_HAULAGE_DISRUPTION,SYN_MINE_01,2025-11-07,7,HAULAGE_DISRUPTION,-7.6,dumpers / haul road,0.0738,0.46,0.044,-0.172,-3.63,0.0,OBSERVED WEEK (IMD/ERA5),627.0,SIMULATED
SIM_2025-11-07_COMBINED_DISRUPTION,SYN_MINE_01,2025-11-07,7,COMBINED_DISRUPTION,41.86,site-wide,0.079,0.595,5.424,2.131,-2.79,148.0,HEAVY_RAIN (IMD p95 7-day),-3455.4,SIMULATED
SIM_2025-11-21_NORMAL,SYN_MINE_01,2025-11-21,7,NORMAL,0.0,none,0.0,0.0,0.0,0.0,0.0,0.0,OBSERVED WEEK (IMD/ERA5),0.0,SIMULATED
SIM_2025-11-21_HEAVY_RAIN,SYN_MINE_01,2025-11-21,7,HEAVY_RAIN,-1.82,site / dumpers,0.057,0.0,0.123,1.834,-0.73,148.0,HEAVY_RAIN (IMD p95 7-day),176.0,SIMULATED
SIM_2025-11-21_EQUIPMENT_DEGRADATION,SYN_MINE_01,2025-11-21,7,EQUIPMENT_DEGRADATION,23.23,"excavators, dumpers",-0.1805,0.0,0.028,-0.25,-2.05,0.0,OBSERVED WEEK (IMD/ERA5),-2246.2,SIMULATED
SIM_2025-11-21_BLAST_DELAY,SYN_MINE_01,2025-11-21,7,BLAST_DELAY,18.46,blasting / excavators,0.0,0.0,2.696,0.0,0.0,0.0,OBSERVED WEEK (IMD/ERA5),-1785.7,SIMULATED
SIM_2025-11-21_DRILL_DELAY,SYN_MINE_01,2025-11-21,7,DRILL_DELAY,-5.22,drills,0.0781,0.0,0.127,1.889,-0.01,0.0,OBSERVED WEEK (IMD/ERA5),505.0,SIMULATED
SIM_2025-11-21_HAULAGE_DISRUPTION,SYN_MINE_01,2025-11-21,7,HAULAGE_DISRUPTION,6.66,dumpers / haul road,-0.0112,0.297,-0.016,0.105,-3.36,0.0,OBSERVED WEEK (IMD/ERA5),-643.9,SIMULATED
SIM_2025-11-21_COMBINED_DISRUPTION,SYN_MINE_01,2025-11-21,7,COMBINED_DISRUPTION,50.37,site-wide,-0.1822,1.631,1.697,2.384,-3.41,148.0,HEAVY_RAIN (IMD p95 7-day),-4871.5,SIMULATED
SIM_2025-12-05_NORMAL,SYN_MINE_01,2025-12-05,7,NORMAL,0.0,none,0.0,0.0,0.0,0.0,0.0,0.0,OBSERVED WEEK (IMD/ERA5),0.0,SIMULATED
SIM_2025-12-05_HEAVY_RAIN,SYN_MINE_01,2025-12-05,7,HEAVY_RAIN,-3.4,site / dumpers,0.005,0.0,0.108,1.532,-0.9,148.0,HEAVY_RAIN (IMD p95 7-day),355.7,SIMULATED
SIM_2025-12-05_EQUIPMENT_DEGRADATION,SYN_MINE_01,2025-12-05,7,EQUIPMENT_DEGRADATION,33.28,"excavators, dumpers",-0.3327,0.0,-0.056,-0.506,-2.09,0.0,OBSERVED WEEK (IMD/ERA5),-3479.7,SIMULATED
SIM_2025-12-05_BLAST_DELAY,SYN_MINE_01,2025-12-05,7,BLAST_DELAY,24.37,blasting / excavators,0.0,0.0,3.718,0.0,0.0,0.0,OBSERVED WEEK (IMD/ERA5),-2547.9,SIMULATED
SIM_2025-12-05_DRILL_DELAY,SYN_MINE_01,2025-12-05,7,DRILL_DELAY,2.39,drills,-0.0324,0.0,0.012,0.289,0.07,0.0,OBSERVED WEEK (IMD/ERA5),-250.1,SIMULATED
SIM_2025-12-05_HAULAGE_DISRUPTION,SYN_MINE_01,2025-12-05,7,HAULAGE_DISRUPTION,0.57,dumpers / haul road,0.023,0.37,0.314,-0.142,-3.86,0.0,OBSERVED WEEK (IMD/ERA5),-59.2,SIMULATED
SIM_2025-12-05_COMBINED_DISRUPTION,SYN_MINE_01,2025-12-05,7,COMBINED_DISRUPTION,14.02,site-wide,-0.1352,0.034,0.072,1.525,-3.02,148.0,HEAVY_RAIN (IMD p95 7-day),-1466.4,SIMULATED
SIM_2025-12-19_NORMAL,SYN_MINE_01,2025-12-19,7,NORMAL,0.0,none,0.0,0.0,0.0,0.0,0.0,0.0,OBSERVED WEEK (IMD/ERA5),0.0,SIMULATED
SIM_2025-12-19_HEAVY_RAIN,SYN_MINE_01,2025-12-19,7,HEAVY_RAIN,11.61,site / dumpers,-0.0762,0.0,0.072,2.588,-0.96,148.0,HEAVY_RAIN (IMD p95 7-day),-1251.3,SIMULATED
SIM_2025-12-19_EQUIPMENT_DEGRADATION,SYN_MINE_01,2025-12-19,7,EQUIPMENT_DEGRADATION,13.23,"excavators, dumpers",-0.1086,0.0,0.093,-0.15,-3.16,0.0,OBSERVED WEEK (IMD/ERA5),-1426.0,SIMULATED
SIM_2025-12-19_BLAST_DELAY,SYN_MINE_01,2025-12-19,7,BLAST_DELAY,55.47,blasting / excavators,0.0,0.0,8.908,0.0,0.0,0.0,OBSERVED WEEK (IMD/ERA5),-5979.0,SIMULATED
SIM_2025-12-19_DRILL_DELAY,SYN_MINE_01,2025-12-19,7,DRILL_DELAY,16.08,drills,-0.1126,0.341,0.062,0.783,0.01,0.0,OBSERVED WEEK (IMD/ERA5),-1733.3,SIMULATED
SIM_2025-12-19_HAULAGE_DISRUPTION,SYN_MINE_01,2025-12-19,7,HAULAGE_DISRUPTION,6.08,dumpers / haul road,0.0043,0.507,0.077,-0.434,-3.78,0.0,OBSERVED WEEK (IMD/ERA5),-655.4,SIMULATED
SIM_2025-12-19_COMBINED_DISRUPTION,SYN_MINE_01,2025-12-19,7,COMBINED_DISRUPTION,55.47,site-wide,-0.5046,0.237,-0.037,1.637,-3.44,148.0,HEAVY_RAIN (IMD p95 7-day),-5979.0,SIMULATED
SIM_2026-01-02_NORMAL,SYN_MINE_01,2026-01-02,7,NORMAL,0.0,none,0.0,0.0,0.0,0.0,0.0,0.0,OBSERVED WEEK (IMD/ERA5),0.0,SIMULATED
SIM_2026-01-02_HEAVY_RAIN,SYN_MINE_01,2026-01-02,7,HEAVY_RAIN,13.61,site / dumpers,-0.1423,0.0,0.027,1.616,-0.82,148.0,HEAVY_RAIN (IMD p95 7-day),-1445.3,SIMULATED
SIM_2026-01-02_EQUIPMENT_DEGRADATION,SYN_MINE_01,2026-01-02,7,EQUIPMENT_DEGRADATION,16.36,"excavators, dumpers",-0.1476,0.0,0.023,-0.362,-2.66,0.0,OBSERVED WEEK (IMD/ERA5),-1737.8,SIMULATED
SIM_2026-01-02_BLAST_DELAY,SYN_MINE_01,2026-01-02,7,BLAST_DELAY,0.0,blasting / excavators,0.0,0.0,0.0,0.0,0.0,0.0,OBSERVED WEEK (IMD/ERA5),0.0,SIMULATED
SIM_2026-01-02_DRILL_DELAY,SYN_MINE_01,2026-01-02,7,DRILL_DELAY,-1.16,drills,-0.017,0.0,-0.113,0.693,-0.33,0.0,OBSERVED WEEK (IMD/ERA5),123.5,SIMULATED
SIM_2026-01-02_HAULAGE_DISRUPTION,SYN_MINE_01,2026-01-02,7,HAULAGE_DISRUPTION,9.63,dumpers / haul road,-0.0549,0.329,0.056,0.106,-4.02,0.0,OBSERVED WEEK (IMD/ERA5),-1022.4,SIMULATED
SIM_2026-01-02_COMBINED_DISRUPTION,SYN_MINE_01,2026-01-02,7,COMBINED_DISRUPTION,46.97,site-wide,-0.115,0.256,5.486,1.328,-4.53,148.0,HEAVY_RAIN (IMD p95 7-day),-4988.3,SIMULATED
SIM_2026-01-16_NORMAL,SYN_MINE_01,2026-01-16,7,NORMAL,0.0,none,0.0,0.0,0.0,0.0,0.0,0.0,OBSERVED WEEK (IMD/ERA5),0.0,SIMULATED
SIM_2026-01-16_HEAVY_RAIN,SYN_MINE_01,2026-01-16,7,HEAVY_RAIN,12.55,site / dumpers,-0.1184,0.0,-0.273,1.23,-0.45,148.0,HEAVY_RAIN (IMD p95 7-day),-1106.6,SIMULATED
SIM_2026-01-16_EQUIPMENT_DEGRADATION,SYN_MINE_01,2026-01-16,7,EQUIPMENT_DEGRADATION,9.11,"excavators, dumpers",-0.0903,0.0,-0.106,-0.165,-2.24,0.0,OBSERVED WEEK (IMD/ERA5),-802.9,SIMULATED
SIM_2026-01-16_BLAST_DELAY,SYN_MINE_01,2026-01-16,7,BLAST_DELAY,12.75,blasting / excavators,0.0,0.0,1.697,0.0,0.0,0.0,OBSERVED WEEK (IMD/ERA5),-1124.1,SIMULATED
SIM_2026-01-16_DRILL_DELAY,SYN_MINE_01,2026-01-16,7,DRILL_DELAY,-0.48,drills,-0.0011,0.0,-0.103,0.79,-0.04,0.0,OBSERVED WEEK (IMD/ERA5),42.2,SIMULATED
SIM_2026-01-16_HAULAGE_DISRUPTION,SYN_MINE_01,2026-01-16,7,HAULAGE_DISRUPTION,19.23,dumpers / haul road,-0.1714,0.168,-0.108,-0.493,-3.76,0.0,OBSERVED WEEK (IMD/ERA5),-1695.0,SIMULATED
SIM_2026-01-16_COMBINED_DISRUPTION,SYN_MINE_01,2026-01-16,7,COMBINED_DISRUPTION,28.04,site-wide,-0.1393,1.103,0.216,1.681,-3.13,148.0,HEAVY_RAIN (IMD p95 7-day),-2471.7,SIMULATED
SIM_2026-01-30_NORMAL,SYN_MINE_01,2026-01-30,7,NORMAL,0.0,none,0.0,0.0,0.0,0.0,0.0,0.0,OBSERVED WEEK (IMD/ERA5),0.0,SIMULATED
SIM_2026-01-30_HEAVY_RAIN,SYN_MINE_01,2026-01-30,7,HEAVY_RAIN,-59.21,site / dumpers,-0.0444,0.0,-6.058,1.915,-0.95,148.0,HEAVY_RAIN (IMD p95 7-day),3378.8,SIMULATED
SIM_2026-01-30_EQUIPMENT_DEGRADATION,SYN_MINE_01,2026-01-30,7,EQUIPMENT_DEGRADATION,-55.65,"excavators, dumpers",0.0097,0.0,-4.378,0.799,-1.93,0.0,OBSERVED WEEK (IMD/ERA5),3175.3,SIMULATED
SIM_2026-01-30_BLAST_DELAY,SYN_MINE_01,2026-01-30,7,BLAST_DELAY,0.0,blasting / excavators,0.0,0.0,0.0,0.0,0.0,0.0,OBSERVED WEEK (IMD/ERA5),0.0,SIMULATED
SIM_2026-01-30_DRILL_DELAY,SYN_MINE_01,2026-01-30,7,DRILL_DELAY,-90.99,drills,0.0802,0.0,-6.172,0.906,0.13,0.0,OBSERVED WEEK (IMD/ERA5),5192.5,SIMULATED
SIM_2026-01-30_HAULAGE_DISRUPTION,SYN_MINE_01,2026-01-30,7,HAULAGE_DISRUPTION,15.88,dumpers / haul road,-0.0706,0.032,-0.248,0.324,-3.33,0.0,OBSERVED WEEK (IMD/ERA5),-906.4,SIMULATED
SIM_2026-01-30_COMBINED_DISRUPTION,SYN_MINE_01,2026-01-30,7,COMBINED_DISRUPTION,-42.4,site-wide,-0.1203,0.414,-6.082,1.701,-3.77,148.0,HEAVY_RAIN (IMD p95 7-day),2419.4,SIMULATED
SIM_2026-02-13_NORMAL,SYN_MINE_01,2026-02-13,7,NORMAL,0.0,none,0.0,0.0,0.0,0.0,0.0,0.0,OBSERVED WEEK (IMD/ERA5),0.0,SIMULATED
SIM_2026-02-13_HEAVY_RAIN,SYN_MINE_01,2026-02-13,7,HEAVY_RAIN,4.76,site / dumpers,-0.0185,0.0,0.062,1.945,-1.39,148.0,HEAVY_RAIN (IMD p95 7-day),-503.0,SIMULATED
SIM_2026-02-13_EQUIPMENT_DEGRADATION,SYN_MINE_01,2026-02-13,7,EQUIPMENT_DEGRADATION,19.06,"excavators, dumpers",-0.1595,0.0,-0.037,0.026,-3.11,0.0,OBSERVED WEEK (IMD/ERA5),-2013.2,SIMULATED
SIM_2026-02-13_BLAST_DELAY,SYN_MINE_01,2026-02-13,7,BLAST_DELAY,0.0,blasting / excavators,0.0,0.0,0.0,0.0,0.0,0.0,OBSERVED WEEK (IMD/ERA5),0.0,SIMULATED
SIM_2026-02-13_DRILL_DELAY,SYN_MINE_01,2026-02-13,7,DRILL_DELAY,2.5,drills,0.0,0.0,0.066,0.763,0.16,0.0,OBSERVED WEEK (IMD/ERA5),-264.3,SIMULATED
SIM_2026-02-13_HAULAGE_DISRUPTION,SYN_MINE_01,2026-02-13,7,HAULAGE_DISRUPTION,8.63,dumpers / haul road,-0.0559,0.172,0.027,-0.362,-3.56,0.0,OBSERVED WEEK (IMD/ERA5),-911.2,SIMULATED
SIM_2026-02-13_COMBINED_DISRUPTION,SYN_MINE_01,2026-02-13,7,COMBINED_DISRUPTION,54.56,site-wide,-0.4472,0.219,0.915,1.626,-3.94,148.0,HEAVY_RAIN (IMD p95 7-day),-5762.8,SIMULATED
SIM_2026-02-27_NORMAL,SYN_MINE_01,2026-02-27,7,NORMAL,0.0,none,0.0,0.0,0.0,0.0,0.0,0.0,OBSERVED WEEK (IMD/ERA5),0.0,SIMULATED
SIM_2026-02-27_HEAVY_RAIN,SYN_MINE_01,2026-02-27,7,HEAVY_RAIN,-1.05,site / dumpers,0.0225,0.0,0.07,1.119,-0.79,148.0,HEAVY_RAIN (IMD p95 7-day),113.7,SIMULATED
SIM_2026-02-27_EQUIPMENT_DEGRADATION,SYN_MINE_01,2026-02-27,7,EQUIPMENT_DEGRADATION,20.4,"excavators, dumpers",-0.1742,0.0,0.127,-0.378,-2.12,0.0,OBSERVED WEEK (IMD/ERA5),-2220.0,SIMULATED
SIM_2026-02-27_BLAST_DELAY,SYN_MINE_01,2026-02-27,7,BLAST_DELAY,13.71,blasting / excavators,0.0,0.0,2.225,0.0,0.0,0.0,OBSERVED WEEK (IMD/ERA5),-1492.2,SIMULATED
SIM_2026-02-27_DRILL_DELAY,SYN_MINE_01,2026-02-27,7,DRILL_DELAY,13.46,drills,-0.0681,0.669,0.093,0.569,0.09,0.0,OBSERVED WEEK (IMD/ERA5),-1464.4,SIMULATED
SIM_2026-02-27_HAULAGE_DISRUPTION,SYN_MINE_01,2026-02-27,7,HAULAGE_DISRUPTION,32.14,dumpers / haul road,-0.2663,0.686,0.002,-0.716,-3.32,0.0,OBSERVED WEEK (IMD/ERA5),-3497.6,SIMULATED
SIM_2026-02-27_COMBINED_DISRUPTION,SYN_MINE_01,2026-02-27,7,COMBINED_DISRUPTION,21.48,site-wide,-0.2179,0.0,-0.004,1.403,-3.57,148.0,HEAVY_RAIN (IMD p95 7-day),-2336.7,SIMULATED
SIM_2026-03-13_NORMAL,SYN_MINE_01,2026-03-13,7,NORMAL,0.0,none,0.0,0.0,0.0,0.0,0.0,0.0,OBSERVED WEEK (IMD/ERA5),0.0,SIMULATED
SIM_2026-03-13_HEAVY_RAIN,SYN_MINE_01,2026-03-13,7,HEAVY_RAIN,-0.92,site / dumpers,-0.0113,0.0,-0.091,2.082,-0.5,148.0,HEAVY_RAIN (IMD p95 7-day),100.3,SIMULATED
SIM_2026-03-13_EQUIPMENT_DEGRADATION,SYN_MINE_01,2026-03-13,7,EQUIPMENT_DEGRADATION,16.01,"excavators, dumpers",-0.17,0.0,-0.04,-0.1,-1.94,0.0,OBSERVED WEEK (IMD/ERA5),-1754.6,SIMULATED
SIM_2026-03-13_BLAST_DELAY,SYN_MINE_01,2026-03-13,7,BLAST_DELAY,13.3,blasting / excavators,0.0,0.0,2.218,0.0,0.0,0.0,OBSERVED WEEK (IMD/ERA5),-1457.9,SIMULATED
SIM_2026-03-13_DRILL_DELAY,SYN_MINE_01,2026-03-13,7,DRILL_DELAY,-0.04,drills,-0.0419,0.0,-0.141,1.36,0.34,0.0,OBSERVED WEEK (IMD/ERA5),4.6,SIMULATED
SIM_2026-03-13_HAULAGE_DISRUPTION,SYN_MINE_01,2026-03-13,7,HAULAGE_DISRUPTION,6.45,dumpers / haul road,-0.0685,0.23,-0.044,0.37,-3.37,0.0,OBSERVED WEEK (IMD/ERA5),-707.3,SIMULATED
SIM_2026-03-13_COMBINED_DISRUPTION,SYN_MINE_01,2026-03-13,7,COMBINED_DISRUPTION,24.8,site-wide,-0.2353,0.006,-0.056,2.068,-3.57,148.0,HEAVY_RAIN (IMD p95 7-day),-2717.7,SIMULATED
SIM_2026-03-27_NORMAL,SYN_MINE_01,2026-03-27,7,NORMAL,0.0,none,0.0,0.0,0.0,0.0,0.0,4.0,OBSERVED WEEK (IMD/ERA5),0.0,SIMULATED
SIM_2026-03-27_HEAVY_RAIN,SYN_MINE_01,2026-03-27,7,HEAVY_RAIN,-4.36,site / dumpers,0.0508,0.0,0.215,1.915,-0.79,148.0,HEAVY_RAIN (IMD p95 7-day),433.2,SIMULATED
SIM_2026-03-27_EQUIPMENT_DEGRADATION,SYN_MINE_01,2026-03-27,7,EQUIPMENT_DEGRADATION,25.15,"excavators, dumpers",-0.2351,0.0,0.003,0.634,-1.72,4.0,OBSERVED WEEK (IMD/ERA5),-2498.5,SIMULATED
SIM_2026-03-27_BLAST_DELAY,SYN_MINE_01,2026-03-27,7,BLAST_DELAY,51.68,blasting / excavators,0.0,0.0,7.652,0.0,0.0,4.0,OBSERVED WEEK (IMD/ERA5),-5134.0,SIMULATED
SIM_2026-03-27_DRILL_DELAY,SYN_MINE_01,2026-03-27,7,DRILL_DELAY,20.53,drills,-0.1682,0.0,0.094,1.352,0.28,4.0,OBSERVED WEEK (IMD/ERA5),-2039.7,SIMULATED
SIM_2026-03-27_HAULAGE_DISRUPTION,SYN_MINE_01,2026-03-27,7,HAULAGE_DISRUPTION,3.02,dumpers / haul road,-0.0136,0.063,-0.039,0.449,-3.23,4.0,OBSERVED WEEK (IMD/ERA5),-300.2,SIMULATED
SIM_2026-03-27_COMBINED_DISRUPTION,SYN_MINE_01,2026-03-27,7,COMBINED_DISRUPTION,51.68,site-wide,-0.0132,0.446,6.889,1.457,-4.39,148.0,HEAVY_RAIN (IMD p95 7-day),-5134.0,SIMULATED
SIM_2026-04-10_NORMAL,SYN_MINE_01,2026-04-10,7,NORMAL,0.0,none,0.0,0.0,0.0,0.0,0.0,0.0,OBSERVED WEEK (IMD/ERA5),0.0,SIMULATED
SIM_2026-04-10_HEAVY_RAIN,SYN_MINE_01,2026-04-10,7,HEAVY_RAIN,6.33,site / dumpers,-0.0613,0.0,0.072,1.414,-0.48,148.0,HEAVY_RAIN (IMD p95 7-day),-658.2,SIMULATED
SIM_2026-04-10_EQUIPMENT_DEGRADATION,SYN_MINE_01,2026-04-10,7,EQUIPMENT_DEGRADATION,20.48,"excavators, dumpers",-0.2064,0.0,-0.023,-0.301,-1.72,0.0,OBSERVED WEEK (IMD/ERA5),-2130.0,SIMULATED
SIM_2026-04-10_BLAST_DELAY,SYN_MINE_01,2026-04-10,7,BLAST_DELAY,0.0,blasting / excavators,0.0,0.0,0.0,0.0,0.0,0.0,OBSERVED WEEK (IMD/ERA5),0.0,SIMULATED
SIM_2026-04-10_DRILL_DELAY,SYN_MINE_01,2026-04-10,7,DRILL_DELAY,0.17,drills,-0.001,0.0,0.118,0.817,0.01,0.0,OBSERVED WEEK (IMD/ERA5),-17.5,SIMULATED
SIM_2026-04-10_HAULAGE_DISRUPTION,SYN_MINE_01,2026-04-10,7,HAULAGE_DISRUPTION,3.92,dumpers / haul road,-0.0193,0.346,0.256,-0.327,-3.79,0.0,OBSERVED WEEK (IMD/ERA5),-407.2,SIMULATED
SIM_2026-04-10_COMBINED_DISRUPTION,SYN_MINE_01,2026-04-10,7,COMBINED_DISRUPTION,40.61,site-wide,-0.3143,0.792,-0.007,1.765,-3.06,148.0,HEAVY_RAIN (IMD p95 7-day),-4222.6,SIMULATED
SIM_2026-04-24_NORMAL,SYN_MINE_01,2026-04-24,7,NORMAL,0.0,none,0.0,0.0,0.0,0.0,0.0,0.0,OBSERVED WEEK (IMD/ERA5),0.0,SIMULATED
SIM_2026-04-24_HEAVY_RAIN,SYN_MINE_01,2026-04-24,7,HEAVY_RAIN,7.57,site / dumpers,-0.1118,-0.254,-0.062,1.385,-0.33,148.0,HEAVY_RAIN (IMD p95 7-day),-802.7,SIMULATED
SIM_2026-04-24_EQUIPMENT_DEGRADATION,SYN_MINE_01,2026-04-24,7,EQUIPMENT_DEGRADATION,13.46,"excavators, dumpers",-0.1709,-0.254,-0.218,-0.509,-1.9,0.0,OBSERVED WEEK (IMD/ERA5),-1427.2,SIMULATED
SIM_2026-04-24_BLAST_DELAY,SYN_MINE_01,2026-04-24,7,BLAST_DELAY,39.97,blasting / excavators,0.0,0.0,6.399,0.0,0.0,0.0,OBSERVED WEEK (IMD/ERA5),-4238.5,SIMULATED
SIM_2026-04-24_DRILL_DELAY,SYN_MINE_01,2026-04-24,7,DRILL_DELAY,32.17,drills,-0.3323,-0.254,-0.207,1.249,0.56,0.0,OBSERVED WEEK (IMD/ERA5),-3411.0,SIMULATED
SIM_2026-04-24_HAULAGE_DISRUPTION,SYN_MINE_01,2026-04-24,7,HAULAGE_DISRUPTION,0.27,dumpers / haul road,-0.0142,0.023,-0.025,0.014,-3.76,0.0,OBSERVED WEEK (IMD/ERA5),-29.0,SIMULATED
SIM_2026-04-24_COMBINED_DISRUPTION,SYN_MINE_01,2026-04-24,7,COMBINED_DISRUPTION,28.66,site-wide,-0.2711,0.072,0.05,1.827,-3.07,148.0,HEAVY_RAIN (IMD p95 7-day),-3039.1,SIMULATED
SIM_2026-05-08_NORMAL,SYN_MINE_01,2026-05-08,7,NORMAL,0.0,none,0.0,0.0,0.0,0.0,0.0,2.1,OBSERVED WEEK (IMD/ERA5),0.0,SIMULATED
SIM_2026-05-08_HEAVY_RAIN,SYN_MINE_01,2026-05-08,7,HEAVY_RAIN,-7.91,site / dumpers,0.0464,-0.568,0.072,1.257,-0.94,148.0,HEAVY_RAIN (IMD p95 7-day),775.7,SIMULATED
SIM_2026-05-08_EQUIPMENT_DEGRADATION,SYN_MINE_01,2026-05-08,7,EQUIPMENT_DEGRADATION,28.76,"excavators, dumpers",-0.3071,-0.568,-0.039,0.002,-1.84,2.1,OBSERVED WEEK (IMD/ERA5),-2821.9,SIMULATED
SIM_2026-05-08_BLAST_DELAY,SYN_MINE_01,2026-05-08,7,BLAST_DELAY,51.08,blasting / excavators,0.0,0.0,7.51,0.0,0.0,2.1,OBSERVED WEEK (IMD/ERA5),-5012.1,SIMULATED
SIM_2026-05-08_DRILL_DELAY,SYN_MINE_01,2026-05-08,7,DRILL_DELAY,-9.63,drills,0.0793,-0.358,0.026,0.762,-0.23,2.1,OBSERVED WEEK (IMD/ERA5),945.3,SIMULATED
SIM_2026-05-08_HAULAGE_DISRUPTION,SYN_MINE_01,2026-05-08,7,HAULAGE_DISRUPTION,-1.62,dumpers / haul road,0.0208,0.21,-0.063,0.271,-3.59,2.1,OBSERVED WEEK (IMD/ERA5),159.2,SIMULATED
SIM_2026-05-08_COMBINED_DISRUPTION,SYN_MINE_01,2026-05-08,7,COMBINED_DISRUPTION,13.53,site-wide,-0.0157,0.095,1.286,1.315,-3.16,148.0,HEAVY_RAIN (IMD p95 7-day),-1327.5,SIMULATED
SIM_2026-05-22_NORMAL,SYN_MINE_01,2026-05-22,7,NORMAL,0.0,none,0.0,0.0,0.0,0.0,0.0,0.0,OBSERVED WEEK (IMD/ERA5),0.0,SIMULATED
SIM_2026-05-22_HEAVY_RAIN,SYN_MINE_01,2026-05-22,7,HEAVY_RAIN,-4.34,site / dumpers,0.0396,0.0,0.04,1.657,-1.22,148.0,HEAVY_RAIN (IMD p95 7-day),429.1,SIMULATED
SIM_2026-05-22_EQUIPMENT_DEGRADATION,SYN_MINE_01,2026-05-22,7,EQUIPMENT_DEGRADATION,18.3,"excavators, dumpers",-0.1385,0.0,0.099,0.537,-3.07,0.0,OBSERVED WEEK (IMD/ERA5),-1810.3,SIMULATED
SIM_2026-05-22_BLAST_DELAY,SYN_MINE_01,2026-05-22,7,BLAST_DELAY,5.93,blasting / excavators,0.0,0.0,0.894,0.0,0.0,0.0,OBSERVED WEEK (IMD/ERA5),-586.2,SIMULATED
SIM_2026-05-22_DRILL_DELAY,SYN_MINE_01,2026-05-22,7,DRILL_DELAY,-1.4,drills,0.0097,0.0,-0.018,2.513,-0.2,0.0,OBSERVED WEEK (IMD/ERA5),138.6,SIMULATED
SIM_2026-05-22_HAULAGE_DISRUPTION,SYN_MINE_01,2026-05-22,7,HAULAGE_DISRUPTION,9.21,dumpers / haul road,0.0127,1.179,-0.011,0.124,-3.74,0.0,OBSERVED WEEK (IMD/ERA5),-910.7,SIMULATED
SIM_2026-05-22_COMBINED_DISRUPTION,SYN_MINE_01,2026-05-22,7,COMBINED_DISRUPTION,38.56,site-wide,-0.3434,0.126,-0.064,1.897,-4.33,148.0,HEAVY_RAIN (IMD p95 7-day),-3813.8,SIMULATED
SIM_2026-06-05_NORMAL,SYN_MINE_01,2026-06-05,7,NORMAL,0.0,none,0.0,0.0,0.0,0.0,0.0,8.7,OBSERVED WEEK (IMD/ERA5),0.0,SIMULATED
SIM_2026-06-05_HEAVY_RAIN,SYN_MINE_01,2026-06-05,7,HEAVY_RAIN,1.0,site / dumpers,-0.0585,0.0,-0.069,1.502,-0.57,148.0,HEAVY_RAIN (IMD p95 7-day),-103.1,SIMULATED
SIM_2026-06-05_EQUIPMENT_DEGRADATION,SYN_MINE_01,2026-06-05,7,EQUIPMENT_DEGRADATION,39.13,"excavators, dumpers",-0.3839,0.0,-0.139,-0.306,-1.84,8.7,OBSERVED WEEK (IMD/ERA5),-4021.0,SIMULATED
SIM_2026-06-05_BLAST_DELAY,SYN_MINE_01,2026-06-05,7,BLAST_DELAY,53.29,blasting / excavators,0.0,0.0,8.271,0.0,0.0,8.7,OBSERVED WEEK (IMD/ERA5),-5476.8,SIMULATED
SIM_2026-06-05_DRILL_DELAY,SYN_MINE_01,2026-06-05,7,DRILL_DELAY,20.32,drills,-0.1939,0.175,0.063,0.239,0.08,8.7,OBSERVED WEEK (IMD/ERA5),-2088.7,SIMULATED
SIM_2026-06-05_HAULAGE_DISRUPTION,SYN_MINE_01,2026-06-05,7,HAULAGE_DISRUPTION,11.8,dumpers / haul road,0.0,2.068,-0.052,-0.175,-3.78,8.7,OBSERVED WEEK (IMD/ERA5),-1213.1,SIMULATED
SIM_2026-06-05_COMBINED_DISRUPTION,SYN_MINE_01,2026-06-05,7,COMBINED_DISRUPTION,16.08,site-wide,-0.1669,0.283,-0.104,1.063,-3.27,148.0,HEAVY_RAIN (IMD p95 7-day),-1652.4,SIMULATED
SIM_2026-06-19_NORMAL,SYN_MINE_01,2026-06-19,7,NORMAL,0.0,none,0.0,0.0,0.0,0.0,0.0,17.7,OBSERVED WEEK (IMD/ERA5),0.0,SIMULATED
SIM_2026-06-19_HEAVY_RAIN,SYN_MINE_01,2026-06-19,7,HEAVY_RAIN,17.21,site / dumpers,0.0064,0.587,1.752,1.567,-0.63,148.0,HEAVY_RAIN (IMD p95 7-day),-1612.4,SIMULATED
SIM_2026-06-19_EQUIPMENT_DEGRADATION,SYN_MINE_01,2026-06-19,7,EQUIPMENT_DEGRADATION,34.87,"excavators, dumpers",-0.2408,0.143,0.9,-0.22,-2.88,17.7,OBSERVED WEEK (IMD/ERA5),-3267.5,SIMULATED
SIM_2026-06-19_BLAST_DELAY,SYN_MINE_01,2026-06-19,7,BLAST_DELAY,0.0,blasting / excavators,0.0,0.0,0.0,0.0,0.0,17.7,OBSERVED WEEK (IMD/ERA5),0.0,SIMULATED
SIM_2026-06-19_DRILL_DELAY,SYN_MINE_01,2026-06-19,7,DRILL_DELAY,5.32,drills,-0.0242,0.0,0.519,1.552,-0.14,17.7,OBSERVED WEEK (IMD/ERA5),-498.9,SIMULATED
SIM_2026-06-19_HAULAGE_DISRUPTION,SYN_MINE_01,2026-06-19,7,HAULAGE_DISRUPTION,5.18,dumpers / haul road,-0.007,1.342,-0.365,-0.602,-3.66,17.7,OBSERVED WEEK (IMD/ERA5),-485.6,SIMULATED
SIM_2026-06-19_COMBINED_DISRUPTION,SYN_MINE_01,2026-06-19,7,COMBINED_DISRUPTION,34.9,site-wide,-0.3117,0.277,-0.413,1.412,-2.93,148.0,HEAVY_RAIN (IMD p95 7-day),-3269.9,SIMULATED
SIM_2026-07-03_NORMAL,SYN_MINE_01,2026-07-03,7,NORMAL,0.0,none,0.0,0.0,0.0,0.0,0.0,98.3,OBSERVED WEEK (IMD/ERA5),0.0,SIMULATED
SIM_2026-07-03_HEAVY_RAIN,SYN_MINE_01,2026-07-03,7,HEAVY_RAIN,25.74,site / dumpers,-0.0035,1.104,0.095,1.837,-0.03,171.1,HEAVY_RAIN (IMD p95 7-day),-1193.2,SIMULATED
SIM_2026-07-03_EQUIPMENT_DEGRADATION,SYN_MINE_01,2026-07-03,7,EQUIPMENT_DEGRADATION,100.0,"excavators, dumpers",-0.3551,0.373,0.597,0.025,-3.44,98.3,OBSERVED WEEK (IMD/ERA5),-4635.7,SIMULATED
SIM_2026-07-03_BLAST_DELAY,SYN_MINE_01,2026-07-03,7,BLAST_DELAY,0.0,blasting / excavators,0.0,0.0,0.0,0.0,0.0,98.3,OBSERVED WEEK (IMD/ERA5),0.0,SIMULATED
SIM_2026-07-03_DRILL_DELAY,SYN_MINE_01,2026-07-03,7,DRILL_DELAY,2.0,drills,-0.0213,-0.013,-0.278,1.942,-0.01,98.3,OBSERVED WEEK (IMD/ERA5),-92.9,SIMULATED
SIM_2026-07-03_HAULAGE_DISRUPTION,SYN_MINE_01,2026-07-03,7,HAULAGE_DISRUPTION,23.24,dumpers / haul road,-0.1423,4.321,-5.211,0.245,-3.45,98.3,OBSERVED WEEK (IMD/ERA5),-1077.4,SIMULATED
SIM_2026-07-03_COMBINED_DISRUPTION,SYN_MINE_01,2026-07-03,7,COMBINED_DISRUPTION,100.0,site-wide,-0.3551,0.408,0.562,1.37,-3.44,171.1,HEAVY_RAIN (IMD p95 7-day),-4635.7,SIMULATED
SIM_2026-07-17_NORMAL,SYN_MINE_01,2026-07-17,7,NORMAL,0.0,none,0.0,0.0,0.0,0.0,0.0,149.8,OBSERVED WEEK (IMD/ERA5),0.0,SIMULATED
SIM_2026-07-17_HEAVY_RAIN,SYN_MINE_01,2026-07-17,7,HEAVY_RAIN,0.0,site / dumpers,0.0,0.0,0.0,0.595,0.0,184.8,HEAVY_RAIN (IMD p95 7-day),0.0,SIMULATED
SIM_2026-07-17_EQUIPMENT_DEGRADATION,SYN_MINE_01,2026-07-17,7,EQUIPMENT_DEGRADATION,21.42,"excavators, dumpers",-0.1908,0.326,-0.054,-0.316,-2.29,149.8,OBSERVED WEEK (IMD/ERA5),-2330.3,SIMULATED
SIM_2026-07-17_BLAST_DELAY,SYN_MINE_01,2026-07-17,7,BLAST_DELAY,55.87,blasting / excavators,0.0,0.0,9.205,0.0,0.0,149.8,OBSERVED WEEK (IMD/ERA5),-6077.7,SIMULATED
SIM_2026-07-17_DRILL_DELAY,SYN_MINE_01,2026-07-17,7,DRILL_DELAY,2.99,drills,-0.0535,0.03,0.058,1.789,0.16,149.8,OBSERVED WEEK (IMD/ERA5),-324.8,SIMULATED
SIM_2026-07-17_HAULAGE_DISRUPTION,SYN_MINE_01,2026-07-17,7,HAULAGE_DISRUPTION,42.06,dumpers / haul road,-0.0612,5.674,-0.07,0.198,-3.85,149.8,OBSERVED WEEK (IMD/ERA5),-4574.7,SIMULATED
SIM_2026-07-17_COMBINED_DISRUPTION,SYN_MINE_01,2026-07-17,7,COMBINED_DISRUPTION,21.85,site-wide,-0.1908,0.398,-0.055,0.399,-2.29,184.8,HEAVY_RAIN (IMD p95 7-day),-2376.5,SIMULATED
SIM_2026-07-31_NORMAL,SYN_MINE_01,2026-07-31,7,NORMAL,0.0,none,0.0,0.0,0.0,0.0,0.0,16.4,OBSERVED WEEK (IMD/ERA5),0.0,SIMULATED
SIM_2026-07-31_HEAVY_RAIN,SYN_MINE_01,2026-07-31,7,HEAVY_RAIN,3.07,site / dumpers,0.0238,0.603,-0.102,1.557,-0.15,148.0,HEAVY_RAIN (IMD p95 7-day),-209.8,SIMULATED
SIM_2026-07-31_EQUIPMENT_DEGRADATION,SYN_MINE_01,2026-07-31,7,EQUIPMENT_DEGRADATION,-22.15,"excavators, dumpers",0.1535,0.196,-0.068,0.026,-2.16,16.4,OBSERVED WEEK (IMD/ERA5),1513.0,SIMULATED
SIM_2026-07-31_BLAST_DELAY,SYN_MINE_01,2026-07-31,7,BLAST_DELAY,0.0,blasting / excavators,0.0,0.0,0.0,0.0,0.0,16.4,OBSERVED WEEK (IMD/ERA5),0.0,SIMULATED
SIM_2026-07-31_DRILL_DELAY,SYN_MINE_01,2026-07-31,7,DRILL_DELAY,-28.47,drills,0.2399,0.527,-0.128,1.905,-0.35,16.4,OBSERVED WEEK (IMD/ERA5),1944.2,SIMULATED
SIM_2026-07-31_HAULAGE_DISRUPTION,SYN_MINE_01,2026-07-31,7,HAULAGE_DISRUPTION,-4.3,dumpers / haul road,0.3083,4.108,-0.072,0.032,-3.6,16.4,OBSERVED WEEK (IMD/ERA5),293.7,SIMULATED
SIM_2026-07-31_COMBINED_DISRUPTION,SYN_MINE_01,2026-07-31,7,COMBINED_DISRUPTION,-20.08,site-wide,0.1535,0.411,-0.071,1.41,-2.16,148.0,HEAVY_RAIN (IMD p95 7-day),1371.1,SIMULATED
SIM_2026-08-14_NORMAL,SYN_MINE_01,2026-08-14,7,NORMAL,0.0,none,0.0,0.0,0.0,0.0,0.0,70.5,OBSERVED WEEK (IMD/ERA5),0.0,SIMULATED
SIM_2026-08-14_HEAVY_RAIN,SYN_MINE_01,2026-08-14,7,HEAVY_RAIN,0.16,site / dumpers,0.0,0.025,0.0,0.993,0.0,149.6,HEAVY_RAIN (IMD p95 7-day),-16.3,SIMULATED
SIM_2026-08-14_EQUIPMENT_DEGRADATION,SYN_MINE_01,2026-08-14,7,EQUIPMENT_DEGRADATION,31.63,"excavators, dumpers",-0.3024,0.097,-0.018,-0.012,-2.89,70.5,OBSERVED WEEK (IMD/ERA5),-3239.1,SIMULATED
SIM_2026-08-14_BLAST_DELAY,SYN_MINE_01,2026-08-14,7,BLAST_DELAY,22.1,blasting / excavators,0.0,0.0,3.403,0.0,0.0,70.5,OBSERVED WEEK (IMD/ERA5),-2263.4,SIMULATED
SIM_2026-08-14_DRILL_DELAY,SYN_MINE_01,2026-08-14,7,DRILL_DELAY,-3.31,drills,0.0171,0.058,0.078,2.373,0.25,70.5,OBSERVED WEEK (IMD/ERA5),338.6,SIMULATED
SIM_2026-08-14_HAULAGE_DISRUPTION,SYN_MINE_01,2026-08-14,7,HAULAGE_DISRUPTION,34.68,dumpers / haul road,-0.0755,4.024,0.137,-0.453,-3.5,70.5,OBSERVED WEEK (IMD/ERA5),-3551.2,SIMULATED
SIM_2026-08-14_COMBINED_DISRUPTION,SYN_MINE_01,2026-08-14,7,COMBINED_DISRUPTION,37.86,site-wide,-0.3024,0.142,0.878,0.987,-2.89,149.6,HEAVY_RAIN (IMD p95 7-day),-3876.5,SIMULATED
SIM_2026-08-28_NORMAL,SYN_MINE_01,2026-08-28,7,NORMAL,0.0,none,0.0,0.0,0.0,0.0,0.0,89.5,OBSERVED WEEK (IMD/ERA5),0.0,SIMULATED
SIM_2026-08-28_HEAVY_RAIN,SYN_MINE_01,2026-08-28,7,HEAVY_RAIN,0.0,site / dumpers,0.0,0.0,0.0,0.974,0.0,174.9,HEAVY_RAIN (IMD p95 7-day),0.0,SIMULATED
SIM_2026-08-28_EQUIPMENT_DEGRADATION,SYN_MINE_01,2026-08-28,7,EQUIPMENT_DEGRADATION,17.09,"excavators, dumpers",-0.1541,0.082,-0.075,-0.163,-3.14,89.5,OBSERVED WEEK (IMD/ERA5),-1504.2,SIMULATED
SIM_2026-08-28_BLAST_DELAY,SYN_MINE_01,2026-08-28,7,BLAST_DELAY,6.39,blasting / excavators,0.0,0.0,0.843,0.0,0.0,89.5,OBSERVED WEEK (IMD/ERA5),-562.5,SIMULATED
SIM_2026-08-28_DRILL_DELAY,SYN_MINE_01,2026-08-28,7,DRILL_DELAY,-1.44,drills,0.0138,-0.227,-0.038,1.254,0.32,89.5,OBSERVED WEEK (IMD/ERA5),127.1,SIMULATED
SIM_2026-08-28_HAULAGE_DISRUPTION,SYN_MINE_01,2026-08-28,7,HAULAGE_DISRUPTION,20.59,dumpers / haul road,0.0956,4.959,-0.15,-0.375,-3.74,89.5,OBSERVED WEEK (IMD/ERA5),-1812.3,SIMULATED
SIM_2026-08-28_COMBINED_DISRUPTION,SYN_MINE_01,2026-08-28,7,COMBINED_DISRUPTION,17.65,site-wide,-0.1541,0.16,-0.078,0.841,-3.14,174.9,HEAVY_RAIN (IMD p95 7-day),-1553.7,SIMULATED
SIM_2026-09-11_NORMAL,SYN_MINE_01,2026-09-11,7,NORMAL,0.0,none,0.0,0.0,0.0,0.0,0.0,66.1,OBSERVED WEEK (IMD/ERA5),0.0,SIMULATED
SIM_2026-09-11_HEAVY_RAIN,SYN_MINE_01,2026-09-11,7,HEAVY_RAIN,0.0,site / dumpers,0.0,0.0,0.0,1.271,0.0,150.4,HEAVY_RAIN (IMD p95 7-day),0.0,SIMULATED
SIM_2026-09-11_EQUIPMENT_DEGRADATION,SYN_MINE_01,2026-09-11,7,EQUIPMENT_DEGRADATION,35.96,"excavators, dumpers",-0.3431,0.343,-0.32,0.638,-3.5,66.1,OBSERVED WEEK (IMD/ERA5),-3813.3,SIMULATED
SIM_2026-09-11_BLAST_DELAY,SYN_MINE_01,2026-09-11,7,BLAST_DELAY,24.46,blasting / excavators,0.0,0.0,3.941,0.0,0.0,66.1,OBSERVED WEEK (IMD/ERA5),-2594.1,SIMULATED
SIM_2026-09-11_DRILL_DELAY,SYN_MINE_01,2026-09-11,7,DRILL_DELAY,-0.91,drills,0.0,0.0,-0.18,1.966,-0.21,66.1,OBSERVED WEEK (IMD/ERA5),96.6,SIMULATED
SIM_2026-09-11_HAULAGE_DISRUPTION,SYN_MINE_01,2026-09-11,7,HAULAGE_DISRUPTION,36.94,dumpers / haul road,-0.0768,4.516,-0.296,0.341,-3.85,66.1,OBSERVED WEEK (IMD/ERA5),-3917.2,SIMULATED
SIM_2026-09-11_COMBINED_DISRUPTION,SYN_MINE_01,2026-09-11,7,COMBINED_DISRUPTION,54.74,site-wide,-0.3431,0.429,2.584,1.721,-3.5,150.4,HEAVY_RAIN (IMD p95 7-day),-5804.6,SIMULATED
